size,clauses,kappa,time_iteration,memory (MB),formula
5,14,1,0.05894780158996582,1.0515756607055664,[(x_1 v -x_2) ^ (-x_1 v x_2 v -x_3) ^ (x_0 v x_4 v x_2) ^ (x_0 v -x_1 v x_2) ^ (x_0 v -x_1 v x_4) ^ (-x_1 v -x_4 v -x_2) ^ (-x_4 v -x_2) ^ (-x_0 v x_2 v -x_3) ^ (-x_2 v -x_3 v -x_0) ^ (x_1 v -x_4) ^ (x_3 v x_1 v -x_0) ^ (x_4 v -x_3) ^ (-x_2 v -x_3) ^ (x_3 v x_4 v -x_0)]
5,12,6,0.3508918285369873,0.7245283126831055,[(x_3 v -x_2) ^ (x_3 v x_1 v -x_2) ^ (x_1 v -x_2 v -x_3) ^ (x_1 v -x_3) ^ (x_3 v -x_4 v x_2) ^ (-x_1 v -x_4 v -x_2) ^ (-x_4 v -x_2) ^ (x_0 v -x_2 v -x_3) ^ (-x_1 v -x_2 v -x_3) ^ (x_0 v -x_4 v x_2) ^ (x_1 v x_4) ^ (-x_1 v x_4 v -x_0)]
6,15,1,0.03503012657165527,0.15795326232910156,[(x_3 v x_4 v x_2) ^ (-x_1 v -x_5 v -x_2) ^ (-x_5 v x_4) ^ (-x_1 v x_2 v -x_3) ^ (x_0 v x_4 v -x_3) ^ (-x_5 v -x_3 v -x_0) ^ (x_3 v -x_5 v -x_2) ^ (x_1 v -x_4 v -x_3) ^ (x_3 v -x_2 v x_5) ^ (-x_1 v -x_5 v x_2) ^ (x_3 v x_1 v -x_0) ^ (-x_1 v -x_2 v -x_0) ^ (x_3 v -x_5 v x_2) ^ (-x_4 v x_5 v -x_0) ^ (x_0 v x_1 v x_5)]
6,14,8,0.1210176944732666,0.5845117568969727,[(-x_1 v x_5 v x_0) ^ (-x_0 v -x_3) ^ (x_3 v -x_2 v x_4) ^ (x_0 v x_4 v x_2) ^ (-x_1 v -x_2 v x_0) ^ (x_3 v -x_4 v x_2) ^ (-x_1 v -x_5 v x_4) ^ (-x_1 v x_4 v x_2) ^ (-x_1 v x_4 v x_0) ^ (x_4 v x_5) ^ (x_4 v x_2 v -x_0) ^ (x_3 v x_1 v -x_0) ^ (x_3 v -x_1 v -x_4) ^ (x_0 v x_1 v -x_2)]
7,12,1,0.0791468620300293,0.27556419372558594,[(x_3 v -x_1) ^ (-x_0 v -x_3) ^ (-x_4 v -x_3 v -x_6) ^ (-x_0 v -x_5 v -x_6) ^ (-x_1 v x_5) ^ (x_1 v -x_5 v x_2) ^ (x_3 v -x_5 v -x_2) ^ (-x_1 v -x_4 v x_5) ^ (x_0 v x_2) ^ (-x_1 v x_6 v -x_2) ^ (-x_1 v x_4 v -x_6) ^ (-x_4 v -x_2 v x_5)]
7,18,12,0.10413956642150879,0.7472801208496094,[(x_6 v -x_2 v -x_0) ^ (x_3 v -x_2) ^ (-x_0 v -x_3) ^ (-x_1 v -x_4 v -x_0) ^ (-x_6 v -x_2 v -x_0) ^ (x_4 v x_5 v -x_3) ^ (x_0 v -x_5 v -x_2) ^ (x_0 v x_1 v -x_5) ^ (x_0 v -x_4 v -x_2) ^ (x_3 v -x_4) ^ (x_3 v -x_4 v -x_6) ^ (-x_6 v -x_5 v -x_0) ^ (-x_4 v -x_5 v x_2) ^ (x_6 v x_4 v -x_3) ^ (x_0 v -x_1 v -x_3) ^ (x_3 v -x_5) ^ (-x_0 v -x_5 v x_4) ^ (-x_1 v -x_6 v -x_3)]
8,9,1,0.03655433654785156,0.13320350646972656,[(x_1 v x_2 v x_5) ^ (x_6 v -x_4 v x_7) ^ (-x_1 v -x_7 v x_3) ^ (x_0 v -x_2 v x_7) ^ (x_3 v -x_2 v x_4) ^ (-x_4 v x_7 v -x_0) ^ (x_3 v x_6 v x_2) ^ (x_1 v -x_4 v x_7) ^ (-x_4 v -x_3)]
8,23,16,0.19938325881958008,1.277242660522461,[(-x_1 v -x_3 v -x_0) ^ (x_0 v x_1 v x_3) ^ (-x_5 v x_7 v x_4) ^ (x_6 v -x_4 v -x_0) ^ (x_5 v x_2 v -x_3) ^ (-x_7 v -x_5 v x_2) ^ (x_6 v -x_2) ^ (-x_6 v x_7 v -x_3) ^ (x_1 v -x_4 v -x_3) ^ (x_4 v -x_6) ^ (x_3 v -x_7 v x_4) ^ (x_6 v -x_4) ^ (x_0 v x_1 v -x_7) ^ (x_7 v x_5) ^ (x_4 v x_5 v -x_3) ^ (-x_1 v x_2 v x_0) ^ (x_3 v x_1 v -x_6) ^ (x_1 v x_4 v x_5) ^ (x_3 v x_1 v -x_2) ^ (x_6 v x_7 v x_5) ^ (x_4 v x_2 v -x_6) ^ (-x_0 v x_1 v -x_3) ^ (-x_7 v -x_2 v -x_6)]
9,24,1,0.037639617919921875,0.186370849609375,[(-x_7 v x_5 v x_8) ^ (x_0 v x_7 v x_4) ^ (x_6 v -x_7 v -x_5) ^ (x_6 v x_4 v -x_3) ^ (x_4 v x_5 v -x_8) ^ (-x_4 v x_7 v -x_3) ^ (-x_7 v x_4 v -x_8) ^ (x_0 v x_6 v -x_7) ^ (x_6 v -x_4 v -x_8) ^ (x_6 v -x_4) ^ (x_2 v -x_8 v -x_0) ^ (x_0 v -x_7 v x_4) ^ (x_0 v x_5) ^ (-x_2 v -x_5) ^ (-x_5 v -x_8 v -x_6) ^ (x_8 v -x_3 v -x_0) ^ (x_7 v x_2 v -x_6) ^ (x_2 v -x_8 v -x_3) ^ (-x_1 v -x_7 v x_3) ^ (-x_5 v -x_3 v -x_6) ^ (x_0 v -x_4 v -x_3) ^ (x_6 v x_8) ^ (x_3 v -x_7 v -x_8) ^ (x_7 v x_5 v -x_8)]
9,25,23,0.40358567237854004,1.796565055847168,[(x_1 v x_2 v x_8) ^ (x_1 v -x_2 v -x_5) ^ (-x_0 v x_6 v x_8) ^ (-x_1 v x_7) ^ (x_0 v -x_4) ^ (x_6 v x_4 v -x_3) ^ (x_4 v x_5 v -x_8) ^ (x_0 v x_6 v -x_4) ^ (x_0 v x_6 v x_8) ^ (x_2 v x_5 v -x_6) ^ (x_1 v -x_2) ^ (-x_5 v x_4) ^ (-x_4 v x_7) ^ (-x_7 v -x_2 v -x_0) ^ (x_2 v x_5) ^ (x_6 v -x_4 v x_7) ^ (x_0 v -x_1) ^ (x_5 v -x_8 v -x_3) ^ (-x_5 v -x_7 v -x_2) ^ (x_3 v x_7 v x_8) ^ (-x_2 v x_7) ^ (x_6 v -x_7 v -x_3) ^ (x_5 v x_2 v -x_6) ^ (x_7 v -x_8 v -x_3) ^ (-x_4 v x_7 v -x_8)]
10,28,1,0.04880261421203613,0.18938922882080078,[(x_6 v x_2 v -x_8) ^ (x_4 v x_2 v -x_8) ^ (-x_0 v -x_8 v -x_3) ^ (-x_4 v -x_7) ^ (x_9 v x_8) ^ (x_3 v x_5) ^ (x_1 v -x_2) ^ (x_9 v -x_5 v x_2) ^ (-x_4 v x_5 v -x_7) ^ (-x_1 v x_6 v x_3) ^ (x_0 v x_6 v x_4) ^ (-x_5 v -x_2 v x_7) ^ (-x_5 v -x_2) ^ (x_6 v x_2) ^ (-x_9 v -x_5 v -x_8) ^ (x_0 v x_4 v -x_2) ^ (-x_5 v -x_8) ^ (x_0 v x_9 v x_4) ^ (x_1 v x_9) ^ (-x_9 v -x_8 v -x_3) ^ (x_3 v -x_1 v -x_8) ^ (x_3 v -x_9) ^ (-x_0 v -x_5 v -x_6) ^ (x_5 v -x_8 v -x_6) ^ (x_0 v -x_3) ^ (-x_4 v x_9 v x_7) ^ (x_1 v x_5 v -x_3) ^ (x_3 v x_4)]
10,19,32,0.9718992710113525,1.9449195861816406,[(-x_1 v -x_2 v x_8) ^ (-x_9 v -x_7) ^ (x_6 v -x_7) ^ (x_0 v -x_2 v -x_8) ^ (x_3 v x_6 v -x_8) ^ (x_1 v x_9 v x_7) ^ (x_0 v x_9 v -x_8) ^ (x_1 v x_8 v -x_0) ^ (x_0 v -x_7 v -x_3) ^ (x_8 v x_4 v -x_3) ^ (-x_7 v x_4) ^ (x_3 v x_9 v -x_0) ^ (-x_1 v x_6) ^ (-x_1 v x_7 v x_3) ^ (x_5 v -x_8 v -x_3) ^ (x_1 v -x_3 v -x_6) ^ (x_8 v -x_3 v -x_0) ^ (x_3 v -x_9 v x_4) ^ (-x_7 v -x_2 v -x_6)]
11,24,1,0.041733503341674805,0.19913196563720703,[(-x_4 v -x_5 v -x_0) ^ (x_9 v x_4 v -x_3) ^ (-x_7 v x_5 v x_8) ^ (-x_4 v -x_2 v -x_0) ^ (-x_1 v -x_5 v x_2) ^ (x_7 v x_5 v x_8) ^ (x_0 v -x_2 v -x_8) ^ (-x_4 v x_9 v -x_0) ^ (-x_1 v x_7 v x_0) ^ (x_3 v -x_9 v -x_8) ^ (x_3 v x_1) ^ (x_8 v -x_2 v -x_3) ^ (x_6 v -x_2 v -x_8) ^ (x_2 v x_5) ^ (-x_1 v -x_9 v x_2) ^ (-x_9 v -x_4 v -x_8) ^ (x_6 v x_10 v x_4) ^ (x_8 v -x_5 v x_4) ^ (x_0 v -x_5 v x_7) ^ (x_3 v -x_10 v -x_6) ^ (x_1 v -x_7 v -x_3) ^ (-x_9 v -x_10 v -x_3) ^ (x_1 v x_10 v -x_3) ^ (-x_8 v -x_3)]
11,29,46,inf,4.253833770751953,[(x_0 v -x_4 v x_10) ^ (-x_0 v x_10 v -x_6) ^ (x_3 v x_10 v x_5) ^ (x_0 v x_10 v -x_5) ^ (x_9 v -x_10 v x_7) ^ (x_0 v x_1 v x_3) ^ (-x_1 v -x_10 v -x_5) ^ (x_0 v x_9 v -x_8) ^ (-x_7 v -x_5 v x_8) ^ (-x_9 v -x_3) ^ (x_3 v -x_9 v -x_8) ^ (-x_10 v -x_6 v -x_3) ^ (-x_9 v x_8) ^ (-x_1 v x_9 v x_10) ^ (x_3 v x_1 v x_10) ^ (x_6 v -x_4 v x_8) ^ (x_0 v x_4 v x_7) ^ (x_0 v -x_6 v x_8) ^ (x_0 v -x_1 v x_10) ^ (x_0 v -x_9 v -x_8) ^ (x_0 v -x_10 v -x_8) ^ (x_0 v x_7 v -x_6) ^ (-x_10 v -x_2 v -x_7) ^ (-x_9 v -x_4 v -x_0) ^ (-x_4 v x_2 v x_5) ^ (-x_1 v -x_2 v x_5) ^ (x_9 v -x_2 v -x_6) ^ (-x_1 v -x_4 v -x_8) ^ (x_3 v x_4 v -x_0)]
12,31,1,0.1467134952545166,0.2082052230834961,[(x_1 v -x_7 v -x_6) ^ (x_11 v -x_9 v -x_2) ^ (-x_2 v x_8) ^ (x_11 v x_2 v -x_0) ^ (-x_9 v -x_4 v -x_7) ^ (x_6 v x_5 v x_2) ^ (x_0 v -x_7 v -x_8) ^ (x_11 v x_2 v x_0) ^ (-x_3 v -x_6) ^ (x_6 v -x_2) ^ (x_1 v -x_5 v x_2) ^ (x_3 v x_9 v x_4) ^ (-x_4 v -x_8) ^ (x_3 v x_10 v -x_6) ^ (x_6 v -x_4 v x_7) ^ (x_1 v -x_10 v x_4) ^ (x_3 v -x_2 v x_8) ^ (x_9 v x_2 v -x_8) ^ (-x_10 v -x_5 v x_2) ^ (x_10 v x_2) ^ (-x_1 v -x_2 v x_4) ^ (x_1 v x_9 v x_5) ^ (-x_10 v -x_2 v x_7) ^ (x_6 v x_9 v x_5) ^ (x_0 v -x_4 v -x_7) ^ (-x_2 v x_7) ^ (x_1 v x_2 v -x_8) ^ (x_0 v -x_7 v x_10) ^ (x_3 v x_1 v x_0) ^ (x_9 v -x_2 v -x_0) ^ (x_0 v -x_4 v x_2)]
12,23,64,inf,4.714405059814453,[(-x_5 v x_2 v x_8) ^ (x_0 v -x_9) ^ (x_3 v -x_5 v x_8) ^ (x_1 v x_8 v -x_11) ^ (-x_9 v -x_8 v -x_11) ^ (-x_11 v -x_7 v -x_6) ^ (x_3 v -x_4 v x_10) ^ (-x_4 v x_9 v -x_8) ^ (x_4 v x_8) ^ (x_10 v x_2 v -x_3) ^ (-x_1 v x_10 v -x_6) ^ (-x_1 v x_11 v -x_0) ^ (-x_1 v x_9 v x_10) ^ (-x_1 v -x_8 v -x_0) ^ (x_0 v x_1 v -x_8) ^ (x_5 v -x_10 v x_2) ^ (x_6 v -x_11 v -x_0) ^ (x_0 v x_6 v -x_10) ^ (x_0 v x_1) ^ (x_3 v -x_2 v -x_11) ^ (x_10 v x_5 v x_8) ^ (x_4 v -x_0) ^ (x_6 v -x_9 v -x_3)]
13,38,1,0.16257143020629883,0.224273681640625,[(-x_4 v x_5 v -x_11) ^ (x_1 v -x_4 v x_5) ^ (x_1 v x_12 v -x_5) ^ (x_3 v x_6 v -x_8) ^ (-x_1 v -x_7 v x_2) ^ (x_11 v -x_7 v x_10) ^ (-x_1 v -x_12 v -x_8) ^ (x_12 v -x_8 v -x_3) ^ (-x_9 v -x_7 v -x_0) ^ (x_1 v -x_10 v x_7) ^ (-x_11 v x_8) ^ (x_4 v -x_11) ^ (x_3 v -x_7 v x_4) ^ (x_9 v x_10 v -x_0) ^ (x_3 v x_10 v -x_6) ^ (x_8 v -x_11 v -x_0) ^ (x_6 v x_5 v -x_0) ^ (-x_2 v x_7 v -x_0) ^ (x_6 v -x_12 v -x_3) ^ (x_3 v x_9 v -x_0) ^ (x_11 v -x_12 v -x_10) ^ (-x_7 v -x_6 v -x_11) ^ (-x_0 v x_4 v x_8) ^ (-x_7 v x_2 v -x_11) ^ (x_12 v x_4 v x_2) ^ (-x_1 v x_12 v x_7) ^ (x_6 v x_9 v -x_5) ^ (-x_1 v x_9 v -x_8) ^ (x_6 v x_4 v -x_11) ^ (-x_4 v -x_5 v -x_3) ^ (x_9 v -x_10 v x_4) ^ (-x_1 v x_4) ^ (-x_1 v -x_9 v -x_0) ^ (-x_1 v -x_11) ^ (-x_12 v -x_4 v x_8) ^ (x_6 v -x_10 v x_5) ^ (-x_7 v x_5 v -x_3) ^ (-x_1 v -x_12)]
13,35,91,inf,9.736907958984375,[(x_9 v x_4 v x_7) ^ (-x_10 v x_7 v -x_8) ^ (x_3 v x_6 v x_10) ^ (-x_9 v -x_5) ^ (-x_2 v -x_10 v -x_5) ^ (x_3 v -x_10 v -x_2) ^ (x_11 v -x_7 v -x_10) ^ (x_12 v x_7 v x_2) ^ (-x_2 v -x_8 v x_4) ^ (-x_1 v -x_4 v -x_3) ^ (-x_7 v -x_5 v -x_3) ^ (-x_0 v x_8 v -x_11) ^ (-x_3 v -x_8 v -x_6) ^ (-x_9 v -x_3 v x_8) ^ (-x_2 v -x_5 v -x_6) ^ (-x_1 v -x_4 v x_7) ^ (-x_4 v x_9 v x_8) ^ (x_3 v x_9 v -x_7) ^ (x_2 v x_5 v -x_0) ^ (-x_12 v x_4 v -x_3) ^ (x_6 v -x_5 v -x_3) ^ (-x_12 v -x_9 v -x_2) ^ (x_2) ^ (x_0 v -x_1 v x_5) ^ (x_3 v x_9 v -x_2) ^ (x_11 v x_9 v -x_3) ^ (-x_1 v -x_10 v -x_11) ^ (x_11 v -x_5 v -x_6) ^ (x_1 v x_5 v x_8) ^ (-x_1 v x_10 v x_7) ^ (x_9 v -x_5 v -x_11) ^ (-x_4 v x_2 v x_5) ^ (x_9 v -x_2 v x_5) ^ (x_12 v -x_10 v x_2) ^ (-x_1 v -x_7 v x_8)]
5,11,1,0.1472320556640625,1.337259292602539,[(-x_1 v x_2 v -x_3) ^ (x_3 v x_2 v -x_0) ^ (x_3 v x_4 v -x_2) ^ (x_3 v x_1 v -x_4) ^ (-x_2) ^ (-x_1 v x_2 v -x_0) ^ (x_4 v -x_3) ^ (x_3 v x_1 v x_2) ^ (x_0 v -x_1 v -x_4) ^ (-x_4 v -x_3) ^ (x_1 v x_4 v -x_3)]
5,13,6,0.06819748878479004,0.3604879379272461,[(x_2 v -x_0) ^ (x_2 v -x_3) ^ (x_0 v -x_1) ^ (x_0 v -x_4 v -x_2) ^ (-x_4 v -x_2) ^ (x_1 v -x_4) ^ (x_1 v -x_4 v -x_3) ^ (x_1 v x_2) ^ (x_0 v x_1 v x_2) ^ (x_1 v -x_2 v -x_0) ^ (x_0 v x_3 v x_2) ^ (x_3 v -x_4 v -x_2) ^ (x_3 v x_4 v -x_0)]
6,9,1,0.041504621505737305,0.13120079040527344,[(x_3 v -x_0) ^ (-x_1 v -x_5 v -x_2) ^ (x_2 v -x_0) ^ (x_0 v -x_5 v -x_2) ^ (x_3 v x_5 v -x_0) ^ (-x_1 v -x_5 v x_2) ^ (-x_1 v -x_5 v -x_0) ^ (x_3 v x_4) ^ (-x_2 v x_5)]
6,15,8,0.08909893035888672,0.4572792053222656,[(x_3 v x_4 v -x_0) ^ (-x_5 v x_4) ^ (x_0 v -x_2) ^ (x_1 v -x_5 v -x_3) ^ (-x_1 v -x_5) ^ (x_3 v -x_5 v x_0) ^ (x_4 v -x_0) ^ (-x_1 v x_4 v x_2) ^ (x_0 v x_1 v x_2) ^ (x_0 v x_2 v -x_3) ^ (x_1 v -x_0) ^ (-x_4 v -x_2 v x_5) ^ (-x_4 v x_2) ^ (-x_1 v -x_2 v -x_0) ^ (x_1 v x_5 v -x_0)]
7,12,1,0.03612709045410156,0.13933563232421875,[(x_5 v -x_6) ^ (-x_5 v x_4) ^ (-x_1 v x_2 v -x_3) ^ (x_3 v x_6 v x_4) ^ (x_3 v x_4 v x_5) ^ (x_0 v -x_3) ^ (x_0 v x_6 v -x_5) ^ (x_6 v x_5 v x_2) ^ (x_6 v x_5 v -x_3) ^ (x_5 v -x_3) ^ (x_3 v x_4 v -x_6) ^ (x_1 v -x_6 v -x_0)]
7,19,12,2.038574457168579,0.9291324615478516,[(x_3 v x_2 v x_5) ^ (x_3 v x_4 v x_5) ^ (x_6 v -x_2 v x_4) ^ (-x_4 v x_2 v -x_3) ^ (-x_1 v x_6 v -x_3) ^ (-x_1 v -x_2 v x_3) ^ (-x_2 v -x_5 v x_4) ^ (x_0 v -x_4 v -x_6) ^ (x_6 v -x_4) ^ (x_6 v x_5 v -x_0) ^ (x_6 v -x_3) ^ (-x_1 v -x_2) ^ (x_0 v x_4 v x_2) ^ (x_3 v x_4 v -x_2) ^ (x_0 v -x_2 v -x_6) ^ (-x_1 v -x_4 v -x_5) ^ (x_1 v x_5) ^ (x_3 v -x_4) ^ (x_3 v x_2)]
8,20,1,0.05100274085998535,0.17783451080322266,[(-x_4 v -x_3 v -x_6) ^ (-x_1 v x_5 v -x_0) ^ (-x_0 v -x_7 v -x_3) ^ (-x_4 v x_5) ^ (x_1 v -x_4 v x_7) ^ (x_6 v -x_4 v -x_0) ^ (x_3 v -x_6 v x_0) ^ (x_5 v x_2 v -x_3) ^ (x_7 v x_5 v x_4) ^ (x_0 v -x_1 v x_3) ^ (x_1 v -x_7 v x_4) ^ (x_6 v -x_4 v x_7) ^ (x_2 v -x_0) ^ (-x_1 v x_4 v x_5) ^ (-x_7 v x_5 v -x_0) ^ (-x_0 v x_7 v -x_3) ^ (x_3 v x_6 v x_0) ^ (x_0 v -x_4 v x_7) ^ (x_5 v x_1 v x_2) ^ (-x_1 v x_5 v x_3)]
8,19,16,0.1704413890838623,0.8538494110107422,[(x_4 v x_7) ^ (-x_1 v x_6 v -x_7) ^ (x_3 v x_7 v x_2) ^ (x_1 v -x_7 v -x_2) ^ (x_3 v x_6 v x_1) ^ (x_4 v -x_6) ^ (x_7 v x_5) ^ (x_2 v -x_0) ^ (-x_5 v x_2) ^ (-x_1) ^ (x_0 v x_1) ^ (-x_0 v -x_4 v -x_3) ^ (-x_0 v x_4 v -x_6) ^ (-x_1 v -x_7 v -x_6) ^ (x_1 v -x_4 v -x_2) ^ (x_0 v x_6 v -x_1) ^ (x_1 v x_7) ^ (x_4 v x_5 v -x_6) ^ (-x_7 v -x_3)]
9,17,1,0.05177760124206543,0.17115306854248047,[(-x_7 v -x_2 v x_8) ^ (x_0 v -x_4 v -x_7) ^ (x_1 v -x_3 v -x_0) ^ (-x_1 v -x_5 v -x_2) ^ (x_0 v -x_7 v x_2) ^ (x_0 v x_4 v x_2) ^ (x_6 v x_4 v -x_0) ^ (-x_2 v x_6 v -x_5) ^ (x_6 v x_5 v -x_0) ^ (x_6 v -x_7 v -x_5) ^ (x_1 v x_2 v -x_3) ^ (x_0 v -x_7 v x_4) ^ (x_3 v -x_4 v -x_8) ^ (-x_8 v -x_0) ^ (-x_1 v x_7 v x_2) ^ (x_8 v x_7 v x_4) ^ (-x_1 v x_4 v x_3)]
9,18,23,0.43961620330810547,1.293701171875,[(x_0 v x_4 v x_5) ^ (-x_1 v x_3 v x_8) ^ (x_1 v -x_7 v -x_5) ^ (-x_4 v x_2 v -x_6) ^ (-x_1 v -x_3) ^ (x_3 v -x_2) ^ (x_1 v x_4 v -x_8) ^ (x_6 v x_8 v -x_3) ^ (x_0 v x_7 v x_3) ^ (-x_5 v x_2 v x_8) ^ (-x_2 v x_7 v -x_0) ^ (-x_4 v -x_2 v x_8) ^ (x_3 v x_6 v -x_8) ^ (x_1 v -x_2 v x_4) ^ (-x_1 v -x_8) ^ (x_3 v -x_4 v -x_8) ^ (-x_2 v -x_3) ^ (-x_2 v x_5)]
10,17,1,0.049283504486083984,0.16492080688476562,[(x_6 v -x_4 v x_7) ^ (x_0 v -x_3 v -x_6) ^ (x_0 v -x_9 v x_2) ^ (-x_7 v -x_5 v -x_0) ^ (x_0 v -x_7 v -x_6) ^ (x_0 v x_2 v x_3) ^ (-x_9 v -x_7 v -x_6) ^ (-x_9 v x_5 v -x_8) ^ (-x_2 v x_5 v -x_0) ^ (x_0 v x_3 v x_8) ^ (x_5 v -x_8 v -x_0) ^ (x_1 v -x_2 v x_5) ^ (-x_1 v -x_9 v -x_2) ^ (-x_1 v -x_8 v -x_0) ^ (x_0 v x_7 v -x_3) ^ (x_0 v x_3 v x_2) ^ (-x_7 v -x_2)]
10,26,32,3.7536673545837402,2.902073860168457,[(x_3 v x_7 v -x_0) ^ (x_0 v -x_4 v x_2) ^ (x_5 v -x_4 v x_2) ^ (x_9 v -x_2 v x_7) ^ (x_3 v -x_9 v x_2) ^ (x_3 v -x_4 v -x_8) ^ (x_1 v -x_3 v -x_0) ^ (x_9 v x_4 v x_5) ^ (-x_0 v -x_5 v x_4) ^ (x_3 v -x_0 v -x_6) ^ (-x_4 v x_5 v -x_3) ^ (x_0 v x_1 v -x_8) ^ (x_0 v -x_5) ^ (-x_1 v -x_8 v -x_0) ^ (-x_1 v x_9 v -x_0) ^ (x_3 v x_6 v x_9) ^ (x_9 v x_2) ^ (x_0 v x_6 v -x_3) ^ (-x_9 v -x_2 v -x_5) ^ (-x_4 v x_2 v -x_6) ^ (x_0 v x_6 v x_5) ^ (-x_1 v x_4 v x_8) ^ (x_6 v -x_5 v -x_0) ^ (-x_1 v -x_5) ^ (-x_1 v x_9 v -x_7) ^ (x_6 v x_8)]
11,19,1,0.05142402648925781,0.18199443817138672,[(x_0 v x_1 v -x_5) ^ (x_0 v -x_10 v x_4) ^ (x_6 v -x_7 v x_4) ^ (x_1 v x_7 v x_4) ^ (x_3 v -x_10 v -x_2) ^ (-x_1 v -x_2 v -x_6) ^ (x_0 v -x_1 v x_9) ^ (x_3 v -x_10 v -x_5) ^ (-x_1 v -x_10 v x_5) ^ (-x_7 v -x_2 v -x_0) ^ (x_6 v -x_5 v -x_3) ^ (x_6 v -x_3 v x_8) ^ (x_0 v x_1 v -x_4) ^ (x_5 v x_7 v x_2) ^ (x_4 v x_5 v -x_0) ^ (x_0 v -x_9 v x_4) ^ (x_0 v x_7 v x_8) ^ (-x_7 v x_5 v -x_3) ^ (x_9 v -x_2 v -x_6)]
11,29,46,inf,3.927370071411133,[(x_4 v x_7) ^ (-x_9 v x_4 v -x_5) ^ (x_3 v x_9 v x_5) ^ (x_3 v -x_1 v -x_0) ^ (x_3 v x_10 v x_0) ^ (-x_10 v x_4) ^ (-x_10 v -x_5) ^ (-x_1 v -x_10 v -x_5) ^ (x_3 v x_6 v x_8) ^ (-x_1 v x_9 v -x_3) ^ (x_0 v -x_9 v x_10) ^ (x_9 v -x_5 v x_4) ^ (x_8 v x_4 v -x_3) ^ (x_6 v -x_3) ^ (-x_1 v x_9 v -x_5) ^ (-x_1 v x_4 v -x_0) ^ (x_6 v x_10 v x_5) ^ (-x_6 v -x_3) ^ (-x_5 v -x_3) ^ (x_1 v x_9 v x_5) ^ (-x_1 v -x_4 v -x_5) ^ (-x_7 v -x_10 v x_5) ^ (-x_2 v -x_5 v -x_8) ^ (-x_7 v -x_2 v x_5) ^ (x_1 v -x_2 v x_4) ^ (x_0 v x_8 v -x_3) ^ (x_3 v -x_10) ^ (x_1 v -x_4 v -x_5) ^ (x_0 v -x_5 v -x_6)]
12,21,1,0.10959482192993164,0.18810272216796875,[(x_9 v x_4 v -x_3) ^ (x_3 v x_9 v x_8) ^ (-x_10 v x_4 v -x_0) ^ (-x_1 v -x_10 v x_5) ^ (x_0 v x_6 v x_4) ^ (-x_2 v -x_3 v -x_0) ^ (x_4 v -x_11) ^ (x_4 v x_7 v -x_6) ^ (x_6 v x_1 v -x_8) ^ (x_0 v x_10 v x_8) ^ (x_3 v -x_4 v x_5) ^ (x_3 v x_9 v -x_0) ^ (x_0 v -x_9 v -x_3) ^ (-x_7 v x_4 v x_5) ^ (x_3 v -x_5 v x_2) ^ (x_11 v -x_1 v -x_3) ^ (x_0 v x_7) ^ (x_1 v x_9 v -x_8) ^ (x_0 v -x_4 v -x_8) ^ (-x_1 v -x_7 v x_8) ^ (-x_4 v x_7 v -x_8)]
12,33,64,inf,6.6261091232299805,[(-x_4 v -x_8 v -x_6) ^ (x_7 v x_5 v -x_3) ^ (x_7 v -x_3 v x_8) ^ (x_9 v x_7) ^ (-x_4 v x_10 v x_8) ^ (-x_10 v x_5 v -x_6) ^ (-x_9 v -x_7 v -x_5) ^ (-x_4 v -x_5 v -x_6) ^ (x_10 v -x_8 v -x_6) ^ (x_3 v x_8) ^ (x_0 v x_6 v -x_2) ^ (-x_9 v x_5 v -x_11) ^ (x_11 v -x_10 v x_4) ^ (x_1 v -x_2 v -x_6) ^ (-x_2 v x_10 v -x_6) ^ (-x_0 v x_6 v -x_3) ^ (x_1 v -x_5 v x_4) ^ (x_5 v -x_8 v -x_3) ^ (x_10 v x_9 v -x_2) ^ (x_1 v -x_8 v -x_11) ^ (x_3 v x_5 v -x_8) ^ (x_3 v x_1 v -x_6) ^ (-x_1 v -x_7 v x_11) ^ (-x_10 v x_5 v -x_3) ^ (x_0 v x_5 v x_8) ^ (-x_1 v -x_2 v x_0) ^ (x_11 v x_10) ^ (x_6 v x_5 v x_8) ^ (x_3 v x_9 v x_10) ^ (-x_1 v -x_10 v -x_2) ^ (x_1 v x_9 v -x_11) ^ (x_1 v -x_4 v x_2) ^ (x_3 v x_10 v -x_0)]
13,37,1,0.15537333488464355,0.23617935180664062,[(x_3 v x_12 v -x_0) ^ (-x_2 v -x_5 v -x_3) ^ (x_5 v -x_4 v x_2) ^ (x_9 v -x_4 v -x_0) ^ (x_6 v -x_9 v x_5) ^ (x_9 v x_8) ^ (x_1 v x_9 v x_7) ^ (-x_12 v x_2 v -x_0) ^ (x_0 v -x_7 v x_2) ^ (x_11 v x_5 v -x_3) ^ (x_0 v -x_12 v -x_4) ^ (-x_1 v -x_6) ^ (x_3 v -x_9 v -x_5) ^ (x_11 v x_4 v -x_0) ^ (-x_7 v -x_5 v -x_11) ^ (x_3 v x_4 v -x_6) ^ (-x_0 v -x_2 v -x_6) ^ (-x_1 v x_3 v x_8) ^ (x_1 v x_10 v -x_6) ^ (-x_2 v x_5 v x_7) ^ (-x_5 v -x_8 v -x_11) ^ (x_0 v x_4 v x_2) ^ (x_6 v x_1 v -x_10) ^ (x_0 v -x_1) ^ (x_6 v x_7 v x_2) ^ (x_2 v x_5 v -x_8) ^ (x_6 v x_1 v x_10) ^ (x_11 v x_5 v x_8) ^ (-x_10 v x_5 v -x_3) ^ (x_6 v x_9 v x_5) ^ (x_3 v x_5 v -x_11) ^ (-x_1 v x_12 v -x_10) ^ (-x_7 v -x_3 v x_8) ^ (x_9 v -x_7 v -x_3) ^ (x_0 v -x_4 v x_7) ^ (x_6 v -x_9 v x_7) ^ (x_3 v x_10 v x_4)]
13,31,91,inf,9.128473281860352,[(x_9 v x_10 v x_5) ^ (x_5 v -x_6) ^ (-x_1 v -x_2 v -x_8) ^ (x_11 v x_4 v x_5) ^ (x_3 v -x_4 v x_8) ^ (x_0 v -x_7 v -x_8) ^ (x_0 v x_6 v -x_4) ^ (-x_5 v x_2 v -x_11) ^ (x_12 v -x_0) ^ (x_7 v -x_3 v -x_6) ^ (x_3 v -x_12 v -x_4) ^ (x_0 v x_9 v -x_2) ^ (x_1 v -x_7 v -x_2) ^ (x_11 v x_5 v -x_3) ^ (x_6 v -x_10 v x_7) ^ (-x_12 v x_9 v -x_8) ^ (x_9 v -x_4 v x_2) ^ (x_0 v -x_9 v x_12) ^ (x_3 v x_2 v -x_0) ^ (x_9 v x_4 v -x_11) ^ (x_12 v x_4 v x_2) ^ (x_3 v -x_7 v x_2) ^ (-x_9 v -x_2 v -x_0) ^ (-x_2 v x_7) ^ (x_3 v x_10 v x_2) ^ (x_9 v -x_8 v -x_3) ^ (-x_0 v -x_12 v -x_6) ^ (x_11 v x_1 v x_12) ^ (-x_1 v x_2 v x_8) ^ (x_4 v x_2 v -x_0) ^ (x_3 v -x_9 v -x_12)]
5,8,1,0.08045458793640137,1.038839340209961,[(x_3 v -x_1 v x_2) ^ (x_0 v x_4) ^ (x_0 v -x_2 v x_4) ^ (x_3 v -x_1 v -x_0) ^ (x_1 v -x_2 v x_4) ^ (x_1 v -x_2 v -x_0) ^ (x_4 v -x_3 v -x_0) ^ (x_3 v x_1 v x_4)]
5,9,6,0.05368757247924805,0.27005863189697266,[(x_1 v -x_4 v -x_0) ^ (x_1 v x_4 v x_2) ^ (x_0 v -x_2) ^ (x_0 v -x_1) ^ (x_3 v -x_4 v -x_0) ^ (-x_4 v x_2 v -x_3) ^ (x_0 v x_1) ^ (x_1 v -x_0) ^ (-x_1 v -x_2 v -x_0)]
6,16,1,0.04277443885803223,0.15483856201171875,[(x_3 v x_4 v x_2) ^ (-x_1 v -x_3) ^ (x_3 v -x_0) ^ (-x_5 v x_2) ^ (-x_4 v x_2 v -x_0) ^ (x_0 v x_1 v -x_5) ^ (x_1 v -x_5 v -x_3) ^ (x_1 v -x_4) ^ (-x_1 v -x_5 v -x_3) ^ (-x_1 v x_2) ^ (x_0 v x_1 v x_3) ^ (-x_1 v x_3 v x_0) ^ (-x_1 v -x_4 v x_2) ^ (x_3 v x_4) ^ (x_3 v -x_5 v x_2) ^ (x_3 v x_4 v -x_0)]
6,7,8,0.05220746994018555,0.29079627990722656,[(x_1 v -x_4 v -x_0) ^ (x_0 v x_4 v -x_3) ^ (x_3 v -x_4 v x_2) ^ (x_5 v -x_0) ^ (-x_1 v -x_4) ^ (x_0 v x_1 v x_5) ^ (-x_5 v x_2 v -x_0)]
7,18,1,0.059590816497802734,0.16539573669433594,[(-x_2 v -x_0) ^ (x_3 v -x_1 v x_2) ^ (x_3 v -x_5 v -x_6) ^ (x_0 v x_4 v x_2) ^ (x_3 v -x_6) ^ (-x_1 v x_6 v x_3) ^ (x_3 v x_1 v -x_4) ^ (-x_1 v x_4 v x_5) ^ (-x_2 v -x_3 v -x_0) ^ (x_3 v x_6 v x_1) ^ (x_1 v -x_3 v -x_6) ^ (x_1 v -x_2 v x_5) ^ (-x_6 v -x_3 v -x_0) ^ (-x_1 v -x_4 v -x_3) ^ (x_4 v x_5 v -x_6) ^ (-x_1 v x_6 v -x_2) ^ (-x_2 v -x_3) ^ (x_6 v x_1 v -x_5)]
7,7,12,0.0774681568145752,0.4216899871826172,[(-x_4 v x_2 v -x_6) ^ (x_3 v -x_4 v -x_6) ^ (x_1 v -x_5 v -x_0) ^ (x_1 v -x_3 v -x_6) ^ (x_1 v -x_2 v -x_0) ^ (-x_1 v x_3 v x_0) ^ (x_3 v x_2 v x_0)]
8,12,1,0.0396733283996582,0.14175987243652344,[(x_0 v x_6 v x_1) ^ (x_3 v x_5) ^ (x_3 v -x_7 v -x_5) ^ (-x_1 v -x_4 v -x_5) ^ (x_0 v x_2 v -x_6) ^ (-x_5 v -x_2 v x_7) ^ (x_0 v x_5 v -x_6) ^ (x_0 v -x_7 v -x_3) ^ (x_3 v -x_1 v -x_7) ^ (-x_5) ^ (-x_1 v x_6 v x_5) ^ (-x_7 v -x_2 v -x_0)]
8,21,16,0.2656688690185547,1.2791862487792969,[(x_0 v x_6 v x_1) ^ (x_1 v x_2 v -x_6) ^ (x_6 v -x_7 v x_4) ^ (-x_1 v x_5 v -x_0) ^ (-x_1 v -x_5 v x_2) ^ (-x_4 v -x_7) ^ (x_1 v -x_2 v x_5) ^ (x_1 v -x_2) ^ (-x_5 v -x_0) ^ (x_0 v x_6 v -x_7) ^ (x_3 v x_6 v x_2) ^ (-x_4 v -x_2) ^ (x_6 v -x_5 v x_7) ^ (x_0 v -x_2 v -x_3) ^ (x_6 v x_1 v -x_3) ^ (x_1 v x_4 v x_2) ^ (-x_1 v -x_4 v -x_2) ^ (-x_7 v x_5 v -x_0) ^ (-x_4 v x_2 v -x_0) ^ (-x_2 v x_7 v -x_3) ^ (x_0 v x_2 v -x_3)]
9,20,1,0.04888486862182617,0.18497467041015625,[(x_3 v -x_4 v x_7) ^ (x_6 v x_4 v x_8) ^ (-x_5 v -x_3 v x_4) ^ (x_3 v -x_7 v -x_6) ^ (x_1 v -x_2 v -x_6) ^ (x_6 v -x_4 v -x_7) ^ (x_0 v x_4 v -x_8) ^ (x_0 v x_6 v x_2) ^ (x_3 v -x_8 v -x_6) ^ (-x_5 v x_8) ^ (x_3 v x_4 v x_8) ^ (x_1 v x_7 v -x_8) ^ (x_3 v x_7 v x_8) ^ (x_3 v x_5 v x_8) ^ (-x_4 v x_5 v -x_6) ^ (x_0 v -x_4 v x_7) ^ (x_5 v x_1 v x_2) ^ (x_0 v -x_4 v x_2) ^ (x_3 v -x_1 v -x_4) ^ (x_1 v -x_4 v -x_5)]
9,20,23,0.46147751808166504,1.5812807083129883,[(x_3 v -x_0) ^ (-x_7 v x_5 v x_8) ^ (-x_4 v -x_5) ^ (x_0 v -x_7 v -x_6) ^ (-x_4 v -x_0) ^ (x_6 v x_4 v -x_3) ^ (-x_7 v -x_5 v x_2) ^ (x_0 v x_6 v x_7) ^ (x_6 v x_1 v x_2) ^ (x_0 v x_6 v x_2) ^ (x_7 v x_4 v x_8) ^ (x_3 v x_2 v -x_0) ^ (-x_1 v x_7 v -x_8) ^ (x_8 v x_4 v -x_6) ^ (x_1 v x_4 v -x_0) ^ (x_3 v -x_5 v -x_2) ^ (x_1 v x_7 v -x_8) ^ (x_6 v x_5 v x_8) ^ (-x_5 v -x_3 v -x_6) ^ (-x_1 v x_6 v x_5)]
10,13,1,0.04853534698486328,0.14740467071533203,[(x_1 v -x_9 v -x_3) ^ (x_3 v -x_2 v -x_6) ^ (-x_9 v x_7 v -x_6) ^ (x_5 v x_9 v x_2) ^ (x_6 v x_2 v -x_3) ^ (-x_4 v x_7 v -x_3) ^ (x_3 v x_2 v -x_0) ^ (x_1 v x_9 v -x_5) ^ (x_9 v -x_5 v x_4) ^ (x_8 v -x_7 v -x_0) ^ (x_3 v -x_9 v x_7) ^ (-x_8 v -x_0) ^ (-x_9 v -x_7 v -x_8)]
10,14,32,11.351755380630493,1.4934406280517578,[(x_6 v x_9 v x_4) ^ (-x_0 v -x_9 v -x_3) ^ (x_1 v x_9 v -x_7) ^ (-x_7 v -x_5) ^ (x_3 v -x_5 v -x_8) ^ (-x_0 v x_2 v -x_3) ^ (-x_1 v x_4 v -x_3) ^ (x_3 v x_2 v x_8) ^ (x_1 v x_7 v -x_8) ^ (-x_9 v -x_7 v x_5) ^ (x_9 v x_5 v -x_8) ^ (x_8 v x_2 v -x_6) ^ (-x_5 v x_7 v -x_0) ^ (x_7 v x_5)]
11,11,1,0.037464141845703125,0.13461875915527344,[(x_7 v -x_8 v -x_0) ^ (-x_4 v -x_10) ^ (x_9 v x_5 v -x_0) ^ (-x_1 v -x_5 v x_4) ^ (-x_5 v -x_2) ^ (-x_9 v -x_8 v -x_3) ^ (x_1 v -x_2 v -x_6) ^ (-x_9 v -x_8 v -x_6) ^ (x_6 v x_9 v -x_5) ^ (x_10 v x_2) ^ (x_3 v -x_4 v -x_7)]
11,30,46,inf,4.473814964294434,[(-x_9 v -x_7 v x_2) ^ (x_0 v x_9 v x_5) ^ (-x_7 v -x_5 v -x_0) ^ (x_0 v x_1 v -x_10) ^ (-x_5 v x_2 v x_8) ^ (-x_9 v -x_4 v -x_7) ^ (x_0 v x_9 v -x_3) ^ (-x_4 v x_9 v x_10) ^ (x_10 v x_5 v -x_6) ^ (-x_4 v -x_10 v -x_7) ^ (-x_5 v -x_6) ^ (-x_1 v -x_6 v -x_3) ^ (x_6 v x_8 v -x_0) ^ (x_3 v -x_7 v -x_0) ^ (-x_9 v x_10 v -x_8) ^ (x_6 v x_1 v -x_3) ^ (x_1 v -x_6 v -x_0) ^ (x_2 v -x_0) ^ (-x_10 v x_2 v -x_6) ^ (-x_1 v x_7 v -x_8) ^ (x_3 v -x_5 v x_7) ^ (-x_4 v -x_5 v -x_3) ^ (x_0 v x_9 v x_7) ^ (-x_0 v -x_7 v -x_6) ^ (x_3 v x_2) ^ (x_1 v -x_7 v -x_3) ^ (-x_2 v -x_5 v x_8) ^ (x_9 v -x_8 v -x_0) ^ (x_0 v x_9 v x_10) ^ (x_0 v x_10 v x_3)]
12,33,1,0.1388413906097412,0.21604347229003906,[(x_5 v -x_6) ^ (x_8 v -x_4 v -x_6) ^ (x_0 v -x_4 v -x_11) ^ (x_10 v x_5 v -x_0) ^ (x_6 v -x_9 v -x_0) ^ (-x_9 v x_5) ^ (-x_9 v -x_5 v -x_0) ^ (x_6 v x_1 v -x_5) ^ (x_11 v x_6 v -x_2) ^ (-x_10 v -x_7 v -x_8) ^ (x_6 v -x_5 v x_7) ^ (-x_9 v -x_4 v x_5) ^ (x_11 v x_6 v x_9) ^ (x_1 v -x_7 v x_2) ^ (x_1 v x_7 v -x_11) ^ (x_0 v x_11 v -x_3) ^ (x_0 v x_9 v -x_11) ^ (x_11 v -x_1 v -x_6) ^ (x_0 v -x_7 v -x_11) ^ (x_7 v -x_8 v -x_11) ^ (-x_11 v x_7 v -x_3) ^ (x_0 v -x_1 v -x_11) ^ (x_3 v x_6 v x_4) ^ (-x_2 v -x_7 v -x_5) ^ (-x_4 v -x_10 v -x_0) ^ (x_9 v x_10 v -x_7) ^ (x_6 v x_1 v x_10) ^ (x_9 v -x_7 v -x_8) ^ (x_8 v x_7 v -x_0) ^ (x_0 v x_6 v x_5) ^ (-x_9 v x_2) ^ (x_3 v x_10 v -x_0) ^ (x_11 v -x_1 v x_4)]
12,19,64,69.60493874549866,3.9516191482543945,[(x_9 v x_10 v x_5) ^ (-x_9 v -x_11 v -x_3) ^ (x_3 v -x_7 v x_10) ^ (-x_7 v x_4 v x_8) ^ (x_3 v -x_9 v x_5) ^ (-x_4 v x_10 v x_5) ^ (-x_2 v x_5 v x_7) ^ (x_4 v x_5 v -x_3) ^ (x_1 v -x_11) ^ (x_6 v -x_7 v -x_11) ^ (-x_5 v -x_8 v -x_6) ^ (x_9 v -x_10) ^ (-x_4 v -x_10 v x_5) ^ (x_6 v -x_4 v -x_2) ^ (x_3 v x_2) ^ (-x_9 v -x_10 v -x_3) ^ (x_3 v -x_9 v x_7) ^ (x_11 v -x_5 v -x_8) ^ (-x_0 v x_7 v -x_11)]
13,27,1,0.07789921760559082,0.1974630355834961,[(x_1 v -x_5 v -x_11) ^ (x_6 v x_9 v x_8) ^ (x_3 v x_8 v -x_6) ^ (x_10 v x_7 v -x_8) ^ (x_11 v -x_7 v -x_5) ^ (-x_9 v x_7 v x_8) ^ (x_0 v -x_2 v x_7) ^ (-x_1 v -x_5 v -x_0) ^ (-x_10 v x_7 v -x_6) ^ (-x_1 v -x_8 v x_11) ^ (-x_7 v -x_2 v -x_0) ^ (x_9 v x_4 v x_8) ^ (x_0 v x_5 v -x_11) ^ (x_0 v -x_12 v x_7) ^ (-x_1 v x_9 v x_5) ^ (-x_1 v x_5 v x_8) ^ (x_0 v x_4 v -x_11) ^ (x_1 v x_10 v -x_8) ^ (x_11 v x_10 v -x_5) ^ (x_3 v x_9) ^ (-x_2 v x_7 v -x_3) ^ (-x_3 v -x_8 v -x_0) ^ (-x_1 v -x_10 v -x_2) ^ (-x_4 v x_10 v -x_7) ^ (x_11 v x_12) ^ (-x_10 v -x_3 v -x_6) ^ (x_9 v -x_2 v x_5)]
13,34,91,inf,9.664388656616211,[(x_10 v x_2 v x_4) ^ (-x_7 v -x_3 v -x_6) ^ (-x_9 v -x_12 v x_4) ^ (x_3 v x_10 v x_0) ^ (-x_10 v -x_5) ^ (-x_2 v -x_8 v x_4) ^ (-x_7 v -x_5 v -x_8) ^ (x_10 v -x_8 v -x_6) ^ (-x_1 v -x_2 v x_3) ^ (x_6 v -x_9 v x_10) ^ (x_3 v -x_7 v -x_11) ^ (x_6 v x_1 v -x_2) ^ (x_9 v -x_8 v -x_6) ^ (x_1 v x_9 v x_4) ^ (x_6 v x_1 v x_7) ^ (-x_12 v -x_2 v -x_0) ^ (x_6 v -x_10 v x_2) ^ (x_5 v -x_10 v x_2) ^ (-x_9 v -x_7 v -x_6) ^ (x_9 v x_4 v -x_11) ^ (-x_2 v -x_12 v x_10) ^ (-x_11 v -x_4 v -x_3) ^ (x_12 v -x_8 v -x_11) ^ (x_0 v x_6 v x_3) ^ (-x_10 v x_5 v -x_3) ^ (-x_1 v -x_12 v -x_7) ^ (-x_1 v x_6 v -x_5) ^ (x_12 v x_10 v -x_7) ^ (-x_12 v -x_4 v -x_3) ^ (x_7 v x_5 v -x_0) ^ (x_9 v -x_10 v -x_0) ^ (x_6 v -x_8 v -x_0) ^ (x_12 v x_2 v -x_6) ^ (-x_9 v -x_2 v x_8)]
5,13,1,0.07530736923217773,1.0524816513061523,[(x_1 v -x_4 v -x_0) ^ (x_0 v -x_2) ^ (x_1 v -x_4 v -x_2) ^ (x_0 v -x_1 v x_4) ^ (x_0 v -x_3) ^ (-x_4 v -x_2) ^ (-x_1 v -x_2 v x_4) ^ (x_3 v x_1) ^ (-x_1 v x_4 v x_2) ^ (-x_1 v -x_4 v x_0) ^ (-x_1 v -x_3 v x_0) ^ (x_0 v -x_4 v x_2) ^ (x_3 v x_1 v x_2)]
5,13,6,0.06448984146118164,0.406280517578125,[(-x_1 v x_3 v -x_0) ^ (-x_1 v -x_4 v x_3) ^ (x_1 v -x_4 v -x_2) ^ (-x_1 v x_2 v x_0) ^ (x_3 v x_4 v -x_2) ^ (x_0 v x_2 v -x_3) ^ (-x_1 v x_2 v -x_0) ^ (x_4 v x_2 v -x_0) ^ (x_4 v -x_3 v -x_0) ^ (x_0 v -x_4) ^ (x_3 v x_1 v -x_0) ^ (x_3 v x_4) ^ (x_1 v x_4)]
6,7,1,0.037660837173461914,0.12956905364990234,[(x_0 v -x_2) ^ (-x_1 v x_2 v x_0) ^ (x_3 v x_5 v x_2) ^ (x_2 v x_4 v x_5) ^ (-x_4 v -x_5 v x_2) ^ (x_0 v x_1 v x_3) ^ (x_0 v x_2)]
6,18,8,0.09376692771911621,0.5897960662841797,[(x_5 v -x_3 v -x_0) ^ (x_1 v x_2 v -x_0) ^ (-x_2 v x_5 v x_4) ^ (x_0 v -x_1 v x_2) ^ (x_3 v x_2 v -x_0) ^ (x_0 v x_1 v -x_4) ^ (-x_1 v x_2 v x_0) ^ (x_0 v -x_3) ^ (x_1 v -x_4) ^ (x_1 v -x_2 v x_4) ^ (x_4 v x_2 v -x_0) ^ (x_1 v -x_0) ^ (-x_5 v -x_2 v -x_3) ^ (x_1 v x_5 v -x_3) ^ (-x_4 v -x_3) ^ (x_3 v -x_4 v x_5) ^ (x_3 v -x_1 v -x_4) ^ (x_0 v x_1 v -x_3)]
7,15,1,0.03754377365112305,0.15413475036621094,[(x_1 v -x_4 v -x_0) ^ (-x_1 v x_5) ^ (x_6 v x_5) ^ (x_3 v -x_5 v -x_0) ^ (-x_1 v x_6 v x_2) ^ (x_3 v -x_5 v x_4) ^ (x_6 v -x_2 v x_4) ^ (x_6 v x_1 v x_5) ^ (x_4 v -x_6) ^ (x_1 v -x_2 v -x_0) ^ (x_3 v x_1 v -x_6) ^ (-x_4 v x_5 v -x_3) ^ (x_0 v x_1) ^ (-x_4 v -x_5 v -x_3) ^ (-x_1 v -x_0 v -x_3)]
7,16,12,0.2128286361694336,0.7676677703857422,[(x_0 v x_6 v x_2) ^ (x_0 v x_4 v x_5) ^ (x_3 v -x_2) ^ (x_1 v x_2 v -x_0) ^ (-x_1 v x_5 v -x_3) ^ (x_6 v -x_5 v x_4) ^ (x_3 v -x_5 v x_0) ^ (-x_1 v -x_2 v -x_6) ^ (x_0 v x_4 v -x_2) ^ (x_5 v x_1 v x_2) ^ (x_0 v x_6 v -x_4) ^ (x_4 v x_5 v -x_6) ^ (x_3 v -x_1 v -x_5) ^ (x_3 v -x_5 v x_2) ^ (x_1 v -x_4 v -x_5) ^ (-x_1 v x_4 v -x_0)]
8,20,1,0.10468339920043945,0.4402942657470703,[(-x_1 v -x_2 v x_7) ^ (x_0 v x_7 v x_4) ^ (x_6 v -x_2 v x_4) ^ (x_6 v x_5 v -x_3) ^ (-x_1 v -x_2 v -x_6) ^ (x_1 v -x_3 v -x_0) ^ (-x_4 v -x_2 v x_7) ^ (-x_1 v -x_7 v -x_5) ^ (x_6 v x_1 v -x_0) ^ (-x_1 v x_7 v -x_6) ^ (x_7 v -x_0) ^ (x_0 v -x_1) ^ (x_1 v x_4 v -x_0) ^ (x_0 v -x_5 v x_7) ^ (x_4 v x_2 v -x_6) ^ (-x_7 v -x_2 v x_4) ^ (x_4 v -x_0) ^ (-x_1 v -x_4 v x_0) ^ (x_3 v -x_4 v -x_2) ^ (x_3 v x_7 v x_5)]
8,15,16,0.161515474319458,0.8078718185424805,[(x_6 v x_4) ^ (x_2 v -x_3) ^ (x_3 v -x_2 v -x_6) ^ (-x_6 v -x_2 v -x_0) ^ (-x_1 v x_6 v x_4) ^ (x_1 v -x_7 v x_5) ^ (x_6 v x_4 v x_7) ^ (x_6 v -x_5 v x_4) ^ (x_3 v -x_5 v x_7) ^ (x_3 v -x_7 v x_2) ^ (x_4 v x_2 v -x_0) ^ (x_5 v -x_3) ^ (-x_1 v -x_0) ^ (x_1 v x_5 v -x_3) ^ (-x_7 v -x_2 v -x_0)]
9,27,1,0.05210590362548828,0.19455623626708984,[(x_5 v -x_6) ^ (-x_1 v -x_2 v -x_8) ^ (-x_0 v -x_4 v -x_6) ^ (-x_5 v x_7 v x_8) ^ (-x_1 v x_5 v -x_0) ^ (x_1 v -x_6) ^ (x_0 v -x_6) ^ (x_3 v -x_8) ^ (-x_1 v -x_0 v x_8) ^ (x_3 v x_2 v x_8) ^ (x_3 v x_6 v x_8) ^ (x_6 v x_1 v x_4) ^ (-x_2 v x_7 v x_4) ^ (-x_5 v -x_2 v x_8) ^ (x_3 v -x_7 v -x_2) ^ (x_8 v -x_3 v -x_6) ^ (x_7 v -x_6) ^ (x_3 v x_6 v -x_0) ^ (-x_4 v -x_5 v -x_3) ^ (-x_1 v x_4) ^ (-x_1 v -x_2 v x_0) ^ (x_6 v x_7 v x_5) ^ (x_3 v -x_4) ^ (x_0 v x_2 v x_8) ^ (x_1 v -x_7 v -x_3) ^ (-x_2 v x_4 v -x_0) ^ (-x_1 v x_4 v -x_6)]
9,9,23,0.16750478744506836,0.686396598815918,[(x_2 v -x_3) ^ (-x_2 v -x_5 v -x_3) ^ (-x_1 v -x_5 v -x_8) ^ (-x_1 v x_7 v -x_0) ^ (x_1 v -x_7 v -x_0) ^ (-x_4 v -x_5 v -x_7) ^ (x_1 v -x_5 v -x_0) ^ (x_0 v x_1 v x_5) ^ (x_6 v x_1 v x_2)]
10,23,1,0.048126220703125,0.17348384857177734,[(x_5 v -x_7 v x_2) ^ (-x_9 v -x_2 v -x_3) ^ (x_0 v -x_5 v -x_8) ^ (x_0 v x_6 v -x_4) ^ (-x_6 v x_8) ^ (-x_9 v -x_8) ^ (-x_5 v -x_0) ^ (-x_1 v x_8 v x_0) ^ (-x_4 v -x_2) ^ (-x_9 v x_2 v -x_6) ^ (-x_0 v -x_9 v x_8) ^ (x_0 v -x_9 v -x_6) ^ (x_1 v -x_7 v -x_0) ^ (x_0 v x_1 v -x_4) ^ (x_3 v x_6 v -x_7) ^ (x_3 v x_4 v x_8) ^ (-x_1 v -x_7 v -x_3) ^ (-x_1 v x_2 v -x_8) ^ (-x_4 v x_5 v -x_0) ^ (x_6 v x_7 v -x_0) ^ (-x_9 v x_2 v -x_3) ^ (x_9 v -x_6) ^ (x_6 v x_8)]
10,18,32,2.9258952140808105,1.8969364166259766,[(-x_9 v -x_2 v x_4) ^ (x_3 v -x_1 v x_8) ^ (-x_2 v -x_5 v -x_3) ^ (x_4 v -x_3 v -x_0) ^ (x_1 v -x_2 v -x_3) ^ (-x_2 v x_5 v -x_6) ^ (x_3 v x_0 v x_8) ^ (x_7 v x_8) ^ (-x_5 v -x_8 v x_4) ^ (-x_6 v x_7 v -x_0) ^ (-x_4 v -x_5 v -x_6) ^ (x_4 v -x_0) ^ (-x_1 v -x_4 v x_0) ^ (x_6 v -x_7 v x_9) ^ (x_8 v -x_5 v x_4) ^ (x_4 v x_5 v -x_6) ^ (x_1 v -x_9 v -x_5) ^ (x_3 v x_5 v x_0)]
11,14,1,0.04228949546813965,0.15221881866455078,[(-x_7 v -x_5 v -x_10) ^ (x_9 v -x_10 v -x_6) ^ (x_9 v -x_10 v -x_0) ^ (-x_1 v x_10 v x_5) ^ (x_10 v x_7 v -x_0) ^ (x_6 v -x_10 v x_7) ^ (-x_10 v -x_5 v -x_8) ^ (x_0 v x_10 v -x_3) ^ (x_3 v x_5 v -x_0) ^ (x_0 v -x_6) ^ (x_4 v x_2 v -x_0) ^ (-x_10 v -x_2 v x_7) ^ (-x_4 v -x_3 v x_8) ^ (x_1 v -x_2 v -x_8)]
11,14,46,160.7577953338623,2.0838088989257812,[(x_3 v x_8) ^ (x_10 v -x_4 v -x_2) ^ (x_0 v -x_2 v x_7) ^ (x_6 v -x_3 v x_8) ^ (-x_1 v x_7 v -x_2) ^ (x_6 v -x_7 v x_8) ^ (x_0 v -x_7 v -x_5) ^ (x_6 v -x_7 v -x_0) ^ (x_9 v x_5 v -x_3) ^ (x_3 v -x_5) ^ (-x_1 v -x_8) ^ (x_1 v x_10 v x_7) ^ (-x_1 v -x_7 v x_2) ^ (x_0 v x_1 v x_5)]
12,22,1,0.05653834342956543,0.1877269744873047,[(-x_10 v x_7 v -x_8) ^ (x_7 v x_5 v -x_3) ^ (x_6 v x_1 v x_9) ^ (-x_10 v x_5 v -x_6) ^ (-x_1 v -x_2 v -x_11) ^ (-x_8 v -x_0) ^ (-x_1 v -x_4 v -x_6) ^ (x_0 v x_10 v -x_8) ^ (x_8 v x_10 v -x_0) ^ (x_11 v x_9 v x_5) ^ (x_3 v x_1 v -x_5) ^ (-x_1 v -x_2) ^ (-x_7 v x_10 v -x_0) ^ (x_9 v -x_4 v -x_5) ^ (x_0 v -x_7 v x_11) ^ (-x_9 v x_10 v x_8) ^ (-x_7 v x_2 v -x_6) ^ (x_11 v -x_5 v -x_8) ^ (-x_1 v -x_4 v x_5) ^ (x_6 v x_2 v x_5) ^ (x_4 v -x_8 v -x_0) ^ (-x_4 v -x_3 v x_8)]
12,35,64,inf,6.65631103515625,[(-x_7 v -x_10 v -x_8) ^ (-x_10 v x_5 v -x_0) ^ (x_9 v -x_2 v x_7) ^ (x_8 v -x_6 v -x_11) ^ (-x_7 v -x_10 v x_8) ^ (x_6 v x_1) ^ (x_1 v -x_2 v x_5) ^ (x_4 v -x_8) ^ (-x_5 v x_2 v -x_11) ^ (-x_4 v x_7) ^ (-x_7 v x_10 v x_2) ^ (x_1 v -x_5 v x_2) ^ (x_11 v x_3 v x_8) ^ (x_0 v -x_7 v -x_11) ^ (-x_1 v x_6) ^ (-x_10 v x_4 v x_5) ^ (-x_11 v -x_5 v -x_3) ^ (x_7 v x_2 v x_8) ^ (-x_2 v -x_7 v -x_5) ^ (x_7 v -x_6) ^ (x_2 v x_5 v -x_8) ^ (x_11 v -x_1 v x_8) ^ (x_11 v -x_5 v x_7) ^ (x_8 v -x_10 v -x_0) ^ (-x_4 v x_2 v -x_6) ^ (-x_5 v -x_3 v -x_0) ^ (x_10 v x_7) ^ (-x_2 v x_7 v -x_3) ^ (x_11 v -x_4 v -x_0) ^ (x_3 v -x_1 v -x_11) ^ (-x_4 v x_9 v x_2) ^ (-x_6 v x_10 v -x_3) ^ (x_1 v -x_2 v -x_0) ^ (x_0 v -x_1 v x_7) ^ (x_2 v -x_3 v x_8)]
13,21,1,0.09545040130615234,0.18016910552978516,[(-x_12 v -x_9 v x_4) ^ (-x_5 v x_10 v -x_0) ^ (x_1 v -x_7 v -x_8) ^ (x_6 v -x_12 v x_4) ^ (x_6 v -x_9 v -x_0) ^ (-x_1 v -x_8) ^ (x_1 v -x_11 v -x_3) ^ (-x_1 v x_9 v x_4) ^ (x_12 v -x_10 v x_5) ^ (x_3 v -x_4 v x_0) ^ (-x_12 v x_7 v x_8) ^ (x_0 v x_12 v x_10) ^ (x_3 v -x_10 v x_7) ^ (-x_12 v -x_2 v x_7) ^ (x_8 v -x_10 v -x_0) ^ (-x_4 v -x_5 v x_7) ^ (-x_9 v -x_2 v x_5) ^ (x_11 v x_4) ^ (x_0 v x_6 v -x_11) ^ (-x_10 v -x_2 v -x_6) ^ (x_1 v x_5 v -x_3)]
13,23,91,441.9661078453064,6.431453704833984,[(x_11 v -x_12 v x_1) ^ (-x_12 v -x_7 v x_2) ^ (x_1 v -x_10 v -x_3) ^ (-x_10 v -x_5 v -x_0) ^ (x_0 v -x_2 v -x_3) ^ (-x_0 v -x_2 v x_4) ^ (-x_1 v -x_4 v x_7) ^ (-x_9 v -x_6 v -x_0) ^ (x_10 v x_8) ^ (-x_1 v x_12 v -x_7) ^ (x_8 v x_7 v x_4) ^ (-x_0 v x_10 v x_4) ^ (-x_7 v x_10 v -x_6) ^ (x_0 v x_12 v -x_8) ^ (-x_2 v -x_0) ^ (x_0 v x_11 v -x_6) ^ (-x_12 v x_10 v -x_11) ^ (-x_4 v x_2 v -x_7) ^ (x_12 v -x_4 v -x_7) ^ (x_11 v -x_8 v -x_0) ^ (x_12 v -x_2 v -x_8) ^ (-x_10 v -x_3 v -x_6) ^ (x_0 v x_7 v -x_3)]
5,13,1,0.08893322944641113,1.0547304153442383,[(x_1 v -x_4 v -x_0) ^ (x_0 v x_4 v x_2) ^ (-x_1 v -x_2 v x_0) ^ (x_1 v -x_4) ^ (-x_1 v x_4 v -x_3) ^ (-x_4 v x_2 v -x_3) ^ (x_1 v -x_4 v x_2) ^ (x_1 v -x_2 v x_4) ^ (-x_1 v -x_4 v -x_3) ^ (-x_3) ^ (x_3 v -x_1 v -x_4) ^ (x_0 v x_1 v -x_3) ^ (x_1 v x_4 v -x_3)]
5,10,6,0.4087810516357422,0.7096033096313477,[(-x_1 v -x_3) ^ (x_4 v x_2 v -x_3) ^ (x_3 v -x_1) ^ (x_3 v -x_2) ^ (x_3 v x_1 v -x_2) ^ (-x_4 v x_2 v -x_0) ^ (x_3 v -x_4 v x_2) ^ (-x_4 v x_2 v -x_3) ^ (x_1 v x_2) ^ (-x_2 v -x_3)]
6,8,1,0.03998231887817383,0.12736892700195312,[(-x_2 v x_5) ^ (-x_2 v x_4) ^ (-x_4 v -x_2) ^ (-x_1 v -x_5 v x_4) ^ (-x_0 v -x_2 v x_4) ^ (x_0 v x_3) ^ (x_3 v -x_4 v -x_2) ^ (-x_4 v -x_2 v x_5)]
6,9,8,0.5692331790924072,0.6407861709594727,[(x_1 v -x_4 v -x_0) ^ (-x_2 v -x_5 v x_4) ^ (x_0 v -x_1 v x_5) ^ (x_3 v -x_5 v x_4) ^ (-x_2 v x_5 v -x_0) ^ (x_1 v x_4 v -x_0) ^ (x_3 v x_2) ^ (x_3 v -x_2 v x_5) ^ (-x_1 v -x_2 v x_5)]
7,17,1,0.09564971923828125,0.2852468490600586,[(x_3 v x_1 v -x_5) ^ (-x_5 v -x_6) ^ (x_3 v x_5) ^ (x_6 v x_5) ^ (-x_1 v -x_5 v x_0) ^ (-x_1 v -x_4 v -x_0) ^ (-x_6 v -x_2 v -x_3) ^ (x_0 v x_1 v -x_5) ^ (-x_1 v -x_5 v x_4) ^ (x_6 v x_1 v x_5) ^ (x_3 v -x_5) ^ (-x_4 v x_2 v x_5) ^ (x_0 v x_2 v -x_3) ^ (x_4 v x_5) ^ (x_3 v x_1 v -x_6) ^ (x_3 v x_6) ^ (-x_0 v x_5 v -x_6)]
7,8,12,0.08593940734863281,0.43056678771972656,[(-x_1 v x_4 v x_5) ^ (x_0 v -x_4 v -x_2) ^ (x_0 v -x_3) ^ (-x_4 v x_2 v -x_3) ^ (x_1 v -x_2 v -x_6) ^ (x_3 v x_6) ^ (x_0 v x_1 v x_5) ^ (x_1 v -x_4 v -x_6)]
8,18,1,0.046211957931518555,0.16011714935302734,[(x_6) ^ (-x_2 v x_7 v -x_6) ^ (-x_4 v x_2 v -x_6) ^ (-x_7 v -x_0) ^ (x_3 v -x_5 v -x_0) ^ (x_1 v x_2 v -x_0) ^ (x_3 v x_6 v -x_5) ^ (x_0 v -x_2 v x_4) ^ (-x_1 v -x_5 v -x_6) ^ (x_2 v x_5 v -x_3) ^ (x_1 v -x_7 v x_5) ^ (x_1 v x_7 v -x_0) ^ (-x_0 v -x_5 v x_4) ^ (-x_1 v -x_7) ^ (x_7 v x_4) ^ (-x_4 v x_2) ^ (x_3 v -x_7 v -x_0) ^ (-x_1 v x_7 v x_2)]
8,13,16,0.16223955154418945,0.6680831909179688,[(-x_1 v -x_3) ^ (x_5 v -x_6) ^ (-x_1 v x_7 v -x_6) ^ (x_0 v -x_2 v x_7) ^ (x_6 v -x_7) ^ (x_4 v x_5 v -x_6) ^ (-x_5 v -x_3) ^ (x_3 v -x_1 v -x_2) ^ (x_3 v -x_1 v -x_7) ^ (x_0 v -x_4 v x_2) ^ (x_1 v -x_2 v -x_0) ^ (x_0 v -x_1 v x_2) ^ (x_0 v -x_5 v -x_6)]
9,24,1,0.06175351142883301,0.1852397918701172,[(x_0 v -x_4 v x_3) ^ (-x_2 v x_8) ^ (-x_6 v x_8) ^ (-x_7 v -x_2) ^ (-x_1 v -x_3) ^ (x_4 v x_5 v x_8) ^ (x_3 v x_1 v -x_8) ^ (x_0 v x_2 v -x_6) ^ (-x_3 v -x_6) ^ (x_0 v -x_7 v -x_3) ^ (x_1 v x_2) ^ (-x_0 v x_1 v x_8) ^ (x_3 v -x_2 v -x_8) ^ (-x_4 v -x_5 v -x_7) ^ (x_6 v -x_5 v x_4) ^ (x_0 v x_4 v x_8) ^ (x_8 v x_2 v -x_6) ^ (x_2 v -x_8 v -x_3) ^ (x_7 v -x_8 v -x_0) ^ (x_1 v x_5 v x_8) ^ (-x_1 v -x_7 v -x_6) ^ (x_4 v x_2 v -x_6) ^ (-x_7 v -x_2 v x_5) ^ (-x_2 v -x_3)]
9,14,23,0.21627306938171387,0.9772377014160156,[(-x_8 v -x_6) ^ (x_0 v -x_4 v x_3) ^ (x_0 v -x_1) ^ (x_6 v x_1 v x_8) ^ (-x_0 v -x_7 v -x_6) ^ (x_6 v -x_7 v -x_5) ^ (-x_0 v -x_5 v x_8) ^ (x_1 v x_2) ^ (x_4 v -x_6) ^ (x_6 v x_2) ^ (x_0 v -x_5 v x_3) ^ (-x_1 v x_6 v -x_3) ^ (x_6 v x_1 v x_7) ^ (-x_6 v x_2 v -x_3)]
10,22,1,0.04459977149963379,0.17856597900390625,[(x_3 v -x_9 v x_0) ^ (-x_4 v x_9) ^ (x_0 v -x_5 v -x_8) ^ (-x_1 v -x_9 v x_8) ^ (x_6 v -x_7 v x_4) ^ (x_0 v x_9 v -x_3) ^ (x_9 v -x_5 v x_7) ^ (-x_1 v -x_0 v x_8) ^ (x_3 v x_2 v x_8) ^ (x_3 v x_5) ^ (-x_4 v x_9 v -x_8) ^ (x_9 v x_7 v -x_8) ^ (-x_1 v -x_6) ^ (-x_2 v -x_6) ^ (x_6 v -x_9 v -x_8) ^ (-x_9 v x_8) ^ (x_1 v -x_8 v -x_3) ^ (x_6 v -x_2 v -x_3) ^ (-x_4 v -x_5 v -x_7) ^ (x_9 v -x_4 v -x_8) ^ (-x_7 v -x_2 v x_5) ^ (-x_9 v x_4 v x_2)]
10,15,32,0.28173208236694336,1.5072088241577148,[(-x_7 v x_5 v x_8) ^ (x_3 v x_1 v -x_2) ^ (x_7 v -x_8 v x_4) ^ (x_9 v x_2) ^ (-x_9 v -x_4 v -x_5) ^ (x_0 v -x_4) ^ (-x_4 v -x_7 v -x_0) ^ (x_6 v x_4 v -x_3) ^ (x_1 v -x_4 v -x_3) ^ (-x_7 v -x_2 v -x_6) ^ (-x_9 v -x_4 v x_5) ^ (x_4 v x_5) ^ (x_3 v -x_1 v x_6) ^ (x_1 v x_5 v -x_3) ^ (x_0 v x_9)]
11,17,1,0.05078530311584473,0.16945266723632812,[(-x_9 v x_4 v x_2) ^ (x_4 v x_5 v x_8) ^ (-x_1 v -x_7 v -x_6) ^ (-x_9 v -x_7 v -x_0) ^ (x_6 v x_9 v -x_0) ^ (-x_1 v x_7 v -x_0) ^ (x_1 v x_9 v -x_8) ^ (x_6 v x_7 v x_5) ^ (x_6 v -x_2) ^ (-x_7 v x_10 v x_2) ^ (-x_9 v -x_4 v -x_6) ^ (x_0 v x_1 v x_7) ^ (x_3 v x_6 v -x_7) ^ (x_3 v x_5 v -x_6) ^ (-x_10 v x_2 v x_5) ^ (x_6 v x_1 v x_7) ^ (-x_6 v -x_8 v -x_3)]
11,30,46,inf,4.647765159606934,[(x_6 v -x_7 v x_2) ^ (-x_2 v x_5 v -x_6) ^ (x_9 v x_7 v x_5) ^ (-x_4 v -x_2 v -x_0) ^ (-x_1 v x_3 v -x_6) ^ (-x_9 v -x_7) ^ (x_3 v x_6 v -x_2) ^ (-x_4 v x_9 v -x_6) ^ (x_1 v x_10 v x_5) ^ (x_1 v -x_10 v -x_8) ^ (x_3 v x_9 v x_4) ^ (x_0 v -x_5 v x_2) ^ (x_10 v x_7 v x_4) ^ (-x_0 v -x_2 v -x_6) ^ (x_6 v x_1 v -x_3) ^ (x_6 v x_1 v x_7) ^ (-x_2 v x_6 v x_10) ^ (x_1 v -x_7 v -x_0) ^ (x_1 v x_9) ^ (x_1 v x_9 v -x_0) ^ (-x_1 v -x_2 v x_4) ^ (x_9 v -x_4 v -x_8) ^ (x_3 v -x_9 v -x_7) ^ (x_1 v x_2 v -x_8) ^ (-x_7 v -x_6) ^ (-x_1 v x_2 v x_8) ^ (x_6 v -x_9 v x_7) ^ (-x_4 v x_10 v -x_7) ^ (x_8 v x_5 v -x_3) ^ (-x_1 v -x_4 v x_7)]
12,33,1,0.10162687301635742,0.2139139175415039,[(-x_4 v x_9 v -x_3) ^ (-x_1 v x_0 v -x_11) ^ (x_0 v -x_4 v -x_5) ^ (x_0 v x_7 v x_3) ^ (x_3 v x_8 v -x_6) ^ (x_6 v -x_7 v x_10) ^ (-x_6 v -x_11) ^ (-x_6 v -x_8 v -x_3) ^ (x_0 v x_10 v -x_8) ^ (x_7 v -x_11) ^ (-x_9 v x_10 v x_4) ^ (x_3 v -x_5 v -x_6) ^ (x_11 v x_1 v x_2) ^ (x_10 v -x_11) ^ (x_0 v x_4 v -x_2) ^ (x_9 v x_4) ^ (x_11 v x_6 v x_4) ^ (-x_0 v x_1 v x_8) ^ (x_0 v x_1 v -x_8) ^ (-x_7 v -x_5 v x_4) ^ (x_1 v -x_8 v -x_6) ^ (-x_1 v x_10 v -x_0) ^ (x_9 v x_4 v x_8) ^ (x_11 v x_10 v x_2) ^ (x_9 v x_2) ^ (x_3 v x_7 v x_8) ^ (-x_1 v x_6 v -x_10) ^ (-x_1 v x_10 v x_8) ^ (-x_1 v -x_7 v x_3) ^ (-x_10 v -x_7) ^ (x_1 v -x_4 v -x_10) ^ (-x_1 v -x_5 v x_11) ^ (x_11 v x_10 v x_4)]
12,36,64,inf,6.920438766479492,[(-x_0 v -x_3) ^ (-x_1 v -x_5 v -x_2) ^ (x_11 v -x_2 v -x_8) ^ (-x_1 v x_7 v -x_0) ^ (x_0 v -x_4 v -x_11) ^ (x_10 v x_2 v -x_0) ^ (x_0 v -x_7 v -x_6) ^ (x_3 v -x_1 v -x_0) ^ (-x_9 v -x_7 v -x_5) ^ (-x_2) ^ (x_6 v -x_4 v -x_5) ^ (x_1 v -x_10 v -x_8) ^ (-x_9 v -x_4 v -x_3) ^ (x_11 v x_1 v x_8) ^ (x_3 v -x_10 v x_4) ^ (x_5 v x_8) ^ (-x_9 v -x_4 v x_5) ^ (x_0 v -x_5 v x_2) ^ (-x_1 v -x_0 v x_11) ^ (x_0 v x_3 v -x_8) ^ (x_11 v -x_8 v -x_3) ^ (-x_2 v x_6 v -x_5) ^ (x_11 v x_5 v -x_8) ^ (-x_7 v x_2 v -x_6) ^ (-x_1 v -x_4 v -x_11) ^ (x_8 v x_2 v -x_6) ^ (-x_7 v -x_8 v -x_3) ^ (x_0 v x_7) ^ (-x_1 v -x_4 v -x_5) ^ (x_3 v -x_2 v x_4) ^ (x_0 v x_1 v x_9) ^ (x_9 v -x_7 v -x_6) ^ (x_0 v x_6 v x_5) ^ (x_3 v -x_9 v -x_7) ^ (-x_4 v -x_8 v -x_11) ^ (x_0 v -x_4 v x_7)]
13,38,1,0.164902925491333,0.24089336395263672,[(x_1 v -x_10 v -x_0) ^ (x_9 v x_4 v x_7) ^ (x_3 v -x_4 v x_8) ^ (-x_9 v -x_7 v -x_11) ^ (-x_4 v -x_0) ^ (x_3 v -x_4 v x_7) ^ (x_0 v x_8 v -x_6) ^ (x_0 v x_1 v -x_12) ^ (x_3 v -x_0 v x_8) ^ (-x_2 v x_9 v -x_10) ^ (x_0 v -x_10 v x_7) ^ (-x_9 v -x_5 v -x_0) ^ (x_9 v -x_2 v -x_3) ^ (-x_0 v x_1 v -x_6) ^ (-x_9 v x_1 v -x_7) ^ (-x_4 v x_10 v -x_0) ^ (-x_6 v -x_2 v x_8) ^ (x_1 v -x_12 v x_9) ^ (x_9 v x_10 v x_4) ^ (x_9 v x_4 v -x_8) ^ (x_11 v x_6 v x_4) ^ (-x_4 v x_9 v x_8) ^ (x_3 v x_7 v -x_6) ^ (-x_11 v -x_10 v -x_6) ^ (x_0 v -x_2) ^ (x_0 v -x_1 v x_5) ^ (x_3 v x_9 v -x_2) ^ (x_8 v x_7 v -x_6) ^ (x_10 v -x_3 v x_4) ^ (x_11 v -x_5) ^ (-x_12 v -x_9 v x_2) ^ (x_11 v x_6 v x_5) ^ (x_11 v -x_5 v -x_6) ^ (x_0 v x_5 v x_8) ^ (x_0 v x_2 v x_8) ^ (x_4 v x_2 v -x_0) ^ (-x_2 v x_5 v x_4) ^ (x_6 v x_9 v -x_8)]
13,26,91,inf,7.352829933166504,[(-x_11 v -x_0) ^ (x_1 v x_8 v -x_6) ^ (-x_5 v x_2 v x_8) ^ (x_10 v -x_8 v -x_6) ^ (-x_1 v x_12 v x_0) ^ (x_0 v x_1 v x_10) ^ (-x_1 v -x_9 v -x_6) ^ (-x_1 v -x_8 v -x_6) ^ (-x_10 v -x_0) ^ (x_9 v -x_5 v -x_3) ^ (x_7 v x_2 v -x_3) ^ (x_0 v -x_2 v -x_3) ^ (x_3 v x_6 v -x_4) ^ (x_0 v x_1 v -x_8) ^ (x_8 v x_9 v -x_6) ^ (x_3 v x_2 v -x_0) ^ (x_12 v -x_3 v x_8) ^ (x_1 v x_9 v -x_0) ^ (x_1 v -x_8 v -x_0) ^ (-x_12 v x_1 v x_7) ^ (-x_1 v -x_12 v -x_6) ^ (-x_10 v -x_3 v -x_11) ^ (x_3 v -x_9 v -x_0) ^ (x_9 v -x_2 v -x_0) ^ (-x_9 v -x_2 v x_8) ^ (-x_10 v -x_5 v x_8)]
5,11,1,0.17343449592590332,1.327488899230957,[(-x_2 v x_4) ^ (-x_1 v x_4) ^ (-x_2 v -x_0) ^ (x_3 v -x_4 v x_2) ^ (-x_2) ^ (-x_1 v x_4 v -x_3) ^ (x_3 v x_2) ^ (x_1 v x_2) ^ (x_1 v -x_2 v x_4) ^ (x_3 v -x_1 v -x_2) ^ (x_3 v x_4 v -x_0)]
5,6,6,0.11224365234375,0.22012710571289062,[(-x_2 v x_4) ^ (-x_1 v x_3 v -x_0) ^ (x_1 v -x_4 v x_2) ^ (x_0 v x_1) ^ (x_3 v -x_1 v x_0) ^ (-x_4 v -x_3)]
6,14,1,0.07976627349853516,0.146331787109375,[(x_0 v x_5 v x_2) ^ (x_4 v x_5 v -x_0) ^ (x_1 v -x_5 v x_2) ^ (-x_1 v -x_4) ^ (x_3 v x_0) ^ (x_1 v x_2) ^ (x_0 v x_1 v x_2) ^ (-x_1 v -x_5 v -x_0) ^ (x_3) ^ (x_1 v -x_0) ^ (x_5 v x_1 v x_2) ^ (x_0 v -x_5) ^ (x_0 v x_2 v -x_3) ^ (x_1 v x_5 v -x_3)]
6,10,8,0.08283662796020508,0.35312843322753906,[(x_1 v x_4 v x_2) ^ (-x_1 v -x_5 v -x_2) ^ (-x_0 v x_5 v -x_3) ^ (-x_5 v -x_3 v -x_0) ^ (x_0 v -x_3) ^ (-x_5 v x_2 v x_4) ^ (x_3 v x_2) ^ (x_3 v x_0) ^ (x_3 v -x_4 v -x_2) ^ (x_0 v x_1 v -x_2)]
7,12,1,0.15511107444763184,0.26908206939697266,[(x_0 v -x_1 v -x_6) ^ (x_3 v -x_1 v x_5) ^ (x_4 v x_5 v -x_0) ^ (x_3 v x_1) ^ (x_6 v x_1 v -x_2) ^ (x_1 v x_2) ^ (x_0 v x_1 v x_2) ^ (x_1 v x_2 v -x_3) ^ (x_3 v x_6 v x_5) ^ (x_1 v -x_2 v -x_0) ^ (x_1 v x_5 v -x_3) ^ (x_3 v x_4 v -x_0)]
7,21,12,0.2243492603302002,0.7950057983398438,[(x_0 v x_5 v x_3) ^ (x_3 v -x_0) ^ (-x_4 v -x_2 v -x_0) ^ (-x_1 v x_6 v -x_3) ^ (x_3 v x_5) ^ (-x_3 v -x_6) ^ (-x_1 v x_5 v -x_6) ^ (-x_4 v x_5 v -x_3) ^ (x_0 v x_1 v -x_2) ^ (-x_5 v x_2) ^ (-x_1 v x_4 v x_5) ^ (x_1 v -x_5 v -x_0) ^ (-x_2 v -x_4 v -x_5) ^ (x_0 v x_2) ^ (-x_1 v -x_2 v x_4) ^ (-x_4 v x_5 v -x_0) ^ (-x_2 v -x_0) ^ (x_2 v -x_3) ^ (x_0 v x_5 v -x_3) ^ (x_1 v -x_4 v -x_5) ^ (x_0 v -x_5 v -x_6)]
8,16,1,0.06602621078491211,0.16792583465576172,[(x_1 v x_2 v x_5) ^ (x_6 v x_5) ^ (x_3 v x_7 v x_0) ^ (x_0 v -x_2 v x_7) ^ (x_3 v -x_4 v x_2) ^ (x_5 v x_2 v -x_0) ^ (-x_2 v x_4 v -x_3) ^ (-x_1 v -x_5 v x_7) ^ (-x_4 v x_2 v -x_3) ^ (x_6 v -x_4 v x_2) ^ (x_1 v -x_5 v -x_6) ^ (x_1 v -x_4 v x_7) ^ (-x_7 v -x_5 v -x_6) ^ (-x_6 v -x_5 v x_4) ^ (x_3 v -x_5 v x_2) ^ (-x_7 v x_4)]
8,19,16,2.119750738143921,1.1685142517089844,[(-x_1 v x_7 v x_4) ^ (x_1 v -x_3) ^ (-x_0 v x_2 v -x_6) ^ (-x_4 v -x_2 v x_5) ^ (x_3 v -x_7) ^ (x_3 v x_7 v x_2) ^ (x_7 v -x_3 v -x_6) ^ (-x_2 v x_5 v -x_0) ^ (x_0 v x_6 v x_7) ^ (-x_1 v x_6) ^ (x_2 v -x_0) ^ (x_3 v -x_7 v -x_2) ^ (-x_1 v x_2) ^ (-x_5 v -x_2 v x_4) ^ (x_0 v -x_3 v -x_6) ^ (-x_1 v x_6 v -x_5) ^ (x_0 v -x_4 v x_2) ^ (x_3 v x_1 v x_2) ^ (x_3 v -x_4 v -x_2)]
9,26,1,0.04699349403381348,0.1850433349609375,[(-x_7 v -x_5 v -x_0) ^ (-x_7 v x_8) ^ (-x_5 v -x_3 v x_8) ^ (x_5 v -x_0) ^ (-x_4 v -x_2 v -x_0) ^ (x_0 v -x_4 v x_5) ^ (-x_1 v -x_3 v x_0) ^ (-x_6 v x_8) ^ (-x_1 v -x_3) ^ (x_3 v -x_4 v -x_0) ^ (-x_4 v -x_8) ^ (x_8 v x_7 v x_4) ^ (x_0 v x_5) ^ (-x_7 v x_4 v x_5) ^ (x_6 v x_1 v x_8) ^ (x_0 v x_2) ^ (x_2 v -x_8) ^ (-x_5 v x_2 v -x_0) ^ (-x_2 v x_7) ^ (x_0 v -x_3) ^ (-x_0 v x_2 v -x_3) ^ (-x_1 v -x_7 v -x_8) ^ (x_4 v x_5) ^ (x_0 v -x_4 v x_2) ^ (x_1 v -x_3 v x_8) ^ (x_0 v x_1 v -x_3)]
9,15,23,0.28638124465942383,1.1108331680297852,[(x_1 v -x_7) ^ (-x_5 v -x_0) ^ (-x_0 v -x_8 v -x_6) ^ (x_4 v x_5 v -x_3) ^ (x_3 v -x_2 v x_0) ^ (x_6 v x_7 v x_5) ^ (-x_1 v x_4 v x_5) ^ (x_4 v x_2 v -x_6) ^ (-x_5 v x_2 v x_4) ^ (x_3 v -x_4 v x_7) ^ (x_0 v -x_3) ^ (x_6 v x_4 v -x_3) ^ (-x_4 v -x_7) ^ (-x_1 v -x_2 v x_5) ^ (x_3 v x_1 v x_2)]
10,23,1,0.05239439010620117,0.18755435943603516,[(x_0 v -x_9 v -x_7) ^ (-x_1 v x_6 v -x_8) ^ (x_6 v x_1 v -x_5) ^ (-x_1 v x_6 v x_8) ^ (-x_4 v x_7 v -x_6) ^ (-x_3 v -x_6) ^ (-x_6 v -x_3 v x_8) ^ (x_1 v -x_5 v x_2) ^ (x_1 v -x_8 v -x_3) ^ (x_3 v -x_7 v -x_0) ^ (x_6 v -x_4 v x_8) ^ (-x_1 v -x_2) ^ (-x_1 v x_9 v -x_6) ^ (x_0 v -x_5 v x_4) ^ (x_1 v -x_0) ^ (x_3 v -x_2 v x_4) ^ (x_3 v x_9) ^ (x_8 v x_7 v -x_3) ^ (x_3 v x_1 v x_7) ^ (x_0 v -x_7 v x_5) ^ (x_6 v -x_7 v -x_8) ^ (x_3 v -x_9 v -x_2) ^ (x_6 v -x_4 v x_9)]
10,10,32,0.248276948928833,0.9893283843994141,[(-x_2 v -x_0) ^ (-x_2 v -x_8 v -x_3) ^ (-x_3 v -x_8 v -x_6) ^ (x_9 v x_7 v x_5) ^ (-x_1 v x_9 v x_8) ^ (-x_1 v x_9) ^ (-x_9 v x_1 v -x_4) ^ (x_0 v x_1 v x_3) ^ (-x_2 v -x_8 v x_4) ^ (-x_9 v -x_4 v x_2)]
11,11,1,0.0613710880279541,0.1454935073852539,[(x_0 v -x_7 v -x_10) ^ (x_1 v x_10 v -x_6) ^ (-x_1 v -x_9 v x_2) ^ (x_6 v -x_7 v x_8) ^ (x_0 v x_7 v x_3) ^ (x_10 v -x_5 v -x_6) ^ (-x_1 v -x_4 v x_5) ^ (x_9 v -x_2 v x_8) ^ (-x_1 v x_7 v x_0) ^ (x_3 v x_9 v -x_7) ^ (-x_9 v -x_2)]
11,24,46,404.5236852169037,3.586833953857422,[(x_2 v x_10 v x_5) ^ (x_9 v x_7 v x_5) ^ (-x_1 v x_7) ^ (x_6 v x_1 v -x_4) ^ (x_0 v -x_9) ^ (x_0 v -x_7 v -x_8) ^ (x_4 v -x_8 v -x_6) ^ (-x_10 v x_7 v x_5) ^ (x_9 v -x_4 v -x_2) ^ (x_0 v x_6 v -x_7) ^ (x_3 v x_5 v x_2) ^ (-x_5 v -x_8 v -x_3) ^ (-x_9 v -x_4 v -x_10) ^ (-x_0 v x_4 v -x_3) ^ (-x_7 v -x_2 v -x_0) ^ (-x_0 v x_4 v x_8) ^ (x_9 v x_5 v -x_7) ^ (-x_1 v -x_10 v -x_0) ^ (x_3 v x_9) ^ (x_10 v x_5 v -x_3) ^ (-x_9 v -x_5 v x_7) ^ (-x_9 v -x_0) ^ (x_0 v -x_7 v x_5) ^ (-x_1 v -x_4 v -x_8)]
12,31,1,0.16816973686218262,0.29897308349609375,[(-x_6 v -x_5 v x_8) ^ (x_11 v -x_9 v -x_2) ^ (x_3 v -x_7 v x_8) ^ (-x_1 v -x_5 v x_7) ^ (x_11 v -x_9 v x_3) ^ (x_11 v -x_1 v x_0) ^ (x_6 v -x_3 v -x_11) ^ (-x_2 v x_7 v -x_11) ^ (-x_1 v -x_9 v -x_7) ^ (x_9 v -x_7 v -x_11) ^ (x_9 v x_5 v x_8) ^ (x_3 v x_1 v -x_10) ^ (-x_1 v -x_7 v -x_0) ^ (x_3 v x_6 v -x_9) ^ (x_3 v -x_7 v -x_0) ^ (-x_1 v x_10 v -x_0) ^ (x_9 v x_2) ^ (-x_1 v -x_4) ^ (x_3 v -x_5 v x_7) ^ (-x_1 v -x_9 v x_10) ^ (-x_1 v x_5 v x_11) ^ (x_6 v x_4 v -x_11) ^ (x_1 v x_5) ^ (-x_1 v -x_9 v -x_0) ^ (-x_5 v -x_3 v -x_0) ^ (x_1 v x_2 v -x_8) ^ (x_3 v -x_6 v -x_11) ^ (x_0 v x_4 v -x_6) ^ (-x_5 v x_2 v -x_8) ^ (-x_5 v -x_7 v x_10) ^ (x_0 v -x_4)]
12,16,64,238.37225341796875,3.7663583755493164,[(-x_5 v x_9 v -x_10) ^ (x_3 v x_7 v x_8) ^ (-x_4 v x_2) ^ (x_11 v x_1 v x_10) ^ (x_10 v -x_8 v -x_3) ^ (x_3 v -x_9) ^ (x_1 v x_10 v x_2) ^ (x_6 v -x_2 v x_4) ^ (x_0 v x_10 v x_2) ^ (x_6 v -x_7 v -x_2) ^ (x_6 v -x_9 v x_2) ^ (x_3 v x_10 v x_4) ^ (x_0 v x_9 v x_2) ^ (x_11 v x_9 v -x_6) ^ (-x_2 v x_5 v -x_3) ^ (-x_1 v x_10 v x_4)]
13,38,1,0.15286755561828613,0.22013282775878906,[(x_9 v x_10 v x_5) ^ (-x_10 v -x_5 v -x_3) ^ (-x_6 v x_10 v x_8) ^ (x_6 v -x_5 v -x_8) ^ (-x_2 v -x_5 v x_10) ^ (x_0 v -x_4 v x_11) ^ (x_4 v x_2) ^ (-x_8 v -x_0) ^ (x_4 v x_2 v -x_3) ^ (x_12 v x_10) ^ (-x_4 v -x_5 v -x_11) ^ (x_9 v -x_5 v -x_10) ^ (-x_2 v -x_5 v -x_6) ^ (-x_1 v -x_6 v x_0) ^ (-x_7 v x_4 v x_8) ^ (x_9 v x_12 v -x_11) ^ (x_1 v x_7 v -x_11) ^ (-x_10 v x_2 v x_5) ^ (-x_12 v -x_8 v -x_11) ^ (-x_7 v x_10) ^ (x_10 v x_7 v -x_6) ^ (-x_7 v -x_8 v -x_0) ^ (x_3 v x_6 v x_4) ^ (x_3 v -x_5 v x_0) ^ (-x_4 v -x_11) ^ (x_9 v x_10 v -x_7) ^ (x_3 v -x_2 v -x_11) ^ (x_0 v x_1 v x_4) ^ (x_1 v x_9 v -x_8) ^ (-x_4 v x_2 v -x_0) ^ (x_8 v -x_4 v -x_3) ^ (-x_9 v -x_10 v -x_2) ^ (x_6 v x_12) ^ (x_12 v -x_4 v -x_7) ^ (x_1 v -x_2 v x_4) ^ (x_11 v -x_1 v x_4) ^ (x_11 v -x_10 v x_2) ^ (-x_1 v -x_7 v x_8)]
13,37,91,inf,10.537243843078613,[(x_0 v x_5 v x_3) ^ (-x_9 v x_4 v -x_5) ^ (x_0 v x_7 v x_3) ^ (-x_10 v -x_6 v -x_11) ^ (-x_9 v -x_10 v x_5) ^ (-x_1 v -x_2 v x_8) ^ (x_10 v -x_3 v -x_6) ^ (x_7 v x_5 v -x_11) ^ (-x_4 v -x_2 v -x_7) ^ (x_3 v -x_7) ^ (-x_4 v -x_6 v -x_0) ^ (x_11 v -x_7 v x_10) ^ (x_6 v x_1 v x_4) ^ (-x_7 v x_4 v -x_8) ^ (-x_9 v x_1 v -x_4) ^ (x_3 v -x_5 v x_11) ^ (x_3 v -x_12 v x_4) ^ (-x_12 v -x_7 v x_10) ^ (x_0 v x_6 v x_7) ^ (-x_5 v x_10 v -x_3) ^ (-x_7 v -x_2 v -x_0) ^ (-x_11 v x_9 v -x_3) ^ (-x_9 v -x_10 v -x_11) ^ (-x_0 v x_6 v -x_3) ^ (x_10 v x_1 v -x_5) ^ (x_1 v -x_12 v x_5) ^ (-x_7 v -x_10 v x_2) ^ (x_8 v -x_5 v x_4) ^ (x_12 v x_9 v x_10) ^ (x_9 v -x_7 v -x_8) ^ (x_0 v x_4 v x_5) ^ (-x_1 v x_9) ^ (-x_7 v x_10 v -x_3) ^ (x_9 v -x_7) ^ (-x_11 v x_7 v -x_0) ^ (x_0 v x_1 v -x_3) ^ (x_1 v x_4 v -x_3)]
5,11,1,0.1328449249267578,1.0504255294799805,[(x_3 v -x_1 v x_2) ^ (x_3 v x_1 v -x_2) ^ (x_3 v x_2 v -x_0) ^ (-x_1 v x_4 v -x_3) ^ (x_3 v x_0) ^ (x_0 v -x_1 v -x_2) ^ (x_0 v x_1 v x_3) ^ (x_0 v x_1 v x_2) ^ (x_0 v x_2 v -x_3) ^ (x_0 v x_1) ^ (-x_4 v x_2)]
5,9,6,0.07736611366271973,0.3161325454711914,[(x_0 v -x_2) ^ (-x_1 v x_2 v -x_3) ^ (x_0 v x_4 v x_2) ^ (-x_1 v x_3 v x_2) ^ (x_3 v x_1 v -x_4) ^ (-x_1 v -x_4) ^ (-x_1 v x_4 v x_2) ^ (x_1 v -x_2 v x_4) ^ (x_0 v x_1 v -x_3)]
6,16,1,0.0419011116027832,0.15625858306884766,[(x_3 v x_5) ^ (x_3 v -x_5 v -x_0) ^ (x_1 v x_2 v -x_0) ^ (-x_1 v x_4) ^ (-x_1 v -x_5 v -x_2) ^ (-x_1 v -x_2) ^ (x_0 v x_4 v -x_3) ^ (-x_5 v -x_3 v -x_0) ^ (x_3 v -x_4) ^ (x_3 v -x_5 v x_0) ^ (-x_4 v x_2 v -x_3) ^ (x_1 v x_5 v -x_0) ^ (x_0 v -x_5 v x_2) ^ (-x_1 v -x_2 v x_5) ^ (x_1 v x_4 v x_5) ^ (-x_4 v -x_5 v -x_3)]
6,12,8,0.07051348686218262,0.3875131607055664,[(-x_1 v x_3 v -x_0) ^ (-x_5 v x_4) ^ (x_0 v -x_2) ^ (-x_5 v -x_0) ^ (x_1 v -x_3) ^ (x_0 v -x_2 v x_5) ^ (x_3 v -x_4 v x_2) ^ (-x_4 v -x_2 v -x_0) ^ (-x_1 v -x_4 v x_5) ^ (x_3 v x_1 v x_5) ^ (-x_1 v x_5 v x_0) ^ (-x_1 v -x_0 v -x_3)]
7,10,1,0.044945478439331055,0.13582611083984375,[(x_3 v x_4 v x_5) ^ (x_3 v x_6 v x_1) ^ (x_6 v x_1) ^ (x_1 v -x_2 v x_4) ^ (x_3 v x_1 v x_5) ^ (x_0 v x_1 v x_5) ^ (x_0 v -x_2 v -x_6) ^ (-x_1 v -x_4 v x_2) ^ (-x_1 v x_4 v x_3) ^ (-x_4 v -x_6 v -x_0)]
7,7,12,0.0738379955291748,0.3803672790527344,[(x_6 v -x_2 v -x_3) ^ (x_6 v -x_5 v -x_0) ^ (-x_4 v -x_2 v -x_0) ^ (x_0 v x_2) ^ (-x_1 v x_2 v -x_0) ^ (-x_1 v x_6 v x_5) ^ (-x_1 v x_4 v -x_6)]
8,23,1,0.10344243049621582,0.45661258697509766,[(x_1 v -x_4 v -x_0) ^ (x_3 v -x_0) ^ (-x_1 v -x_2 v x_7) ^ (x_6 v x_2 v -x_3) ^ (-x_1 v -x_7 v -x_2) ^ (x_6 v x_5 v x_2) ^ (x_6 v x_1 v -x_5) ^ (-x_5 v -x_6) ^ (x_6 v x_1 v x_4) ^ (x_1 v -x_2) ^ (x_0 v -x_7 v x_2) ^ (x_1 v -x_2 v -x_3) ^ (-x_1 v x_4 v -x_2) ^ (-x_4 v x_5 v -x_7) ^ (x_3 v -x_4 v -x_0) ^ (x_3 v -x_2 v x_5) ^ (-x_0 v -x_6) ^ (-x_1 v x_7 v -x_6) ^ (-x_1 v -x_5 v x_0) ^ (x_1 v x_2 v -x_0) ^ (x_1 v -x_0) ^ (-x_7 v -x_2 v x_4) ^ (-x_4 v x_2 v x_5)]
8,22,16,0.2935192584991455,1.3193130493164062,[(x_1 v -x_4 v x_5) ^ (x_3 v x_6) ^ (x_6 v x_1 v -x_5) ^ (x_7 v x_5 v -x_6) ^ (x_0 v x_6 v x_4) ^ (-x_2 v x_5 v -x_0) ^ (x_6 v -x_2 v x_5) ^ (x_3 v x_6 v x_1) ^ (-x_0 v -x_2 v x_4) ^ (-x_4 v -x_6 v -x_3) ^ (-x_7 v -x_6 v -x_0) ^ (x_0 v x_4 v x_2) ^ (-x_6 v -x_5 v -x_0) ^ (x_0 v -x_5 v x_4) ^ (x_0 v x_2) ^ (-x_6 v x_4 v -x_0) ^ (-x_1 v -x_4 v -x_0) ^ (-x_1 v -x_4 v -x_7) ^ (x_4 v -x_0) ^ (-x_7 v x_5 v -x_3) ^ (x_0 v -x_7 v x_5) ^ (-x_7 v -x_3)]
9,25,1,0.04928755760192871,0.1876974105834961,[(x_1 v -x_7 v -x_6) ^ (-x_0 v -x_7 v x_8) ^ (x_6 v -x_7 v -x_0) ^ (x_3 v x_6 v -x_8) ^ (-x_0 v -x_2 v -x_3) ^ (-x_5 v x_4) ^ (-x_1 v -x_7 v -x_5) ^ (x_0 v x_2 v -x_6) ^ (x_1 v -x_5 v -x_3) ^ (-x_1 v x_8) ^ (x_3 v -x_2 v -x_0) ^ (x_0 v -x_5 v x_2) ^ (x_1 v -x_7 v x_2) ^ (x_5 v -x_3) ^ (x_6 v x_1 v -x_8) ^ (-x_0 v -x_5 v x_4) ^ (-x_1 v x_6 v -x_2) ^ (-x_2 v -x_8 v -x_3) ^ (-x_2 v x_6 v -x_5) ^ (-x_1 v -x_6 v x_8) ^ (-x_2 v x_7 v -x_8) ^ (x_7 v -x_8) ^ (x_6 v -x_8) ^ (x_4 v -x_8 v -x_0) ^ (-x_2 v -x_8)]
9,21,23,0.4123811721801758,1.4956541061401367,[(x_3 v x_4 v x_0) ^ (-x_4 v -x_2 v -x_0) ^ (-x_1 v -x_5 v x_2) ^ (x_1 v -x_6) ^ (x_6 v -x_4 v -x_5) ^ (-x_7 v -x_5 v -x_3) ^ (x_0 v -x_5 v -x_2) ^ (x_0 v x_6 v -x_2) ^ (x_1 v x_2) ^ (x_3 v -x_2 v x_5) ^ (-x_1 v -x_5 v -x_0) ^ (x_6 v -x_4) ^ (x_8 v x_7 v x_4) ^ (-x_4 v -x_7 v -x_3) ^ (x_0 v x_3 v -x_8) ^ (x_3 v x_1 v -x_4) ^ (-x_7 v -x_2 v -x_8) ^ (x_3 v x_1 v -x_6) ^ (-x_5 v x_2 v -x_6) ^ (-x_1 v -x_4 v x_0) ^ (-x_1 v -x_0)]
10,12,1,0.045285701751708984,0.14206314086914062,[(x_1 v -x_7 v x_8) ^ (-x_4 v x_5 v -x_8) ^ (x_3 v -x_7 v -x_2) ^ (-x_4 v x_2 v -x_0) ^ (x_0 v -x_7 v -x_5) ^ (x_9 v -x_5 v -x_3) ^ (x_9 v -x_4 v -x_0) ^ (-x_0 v -x_7 v -x_6) ^ (-x_6 v -x_3 v -x_0) ^ (x_1 v -x_4 v -x_8) ^ (x_3 v x_9 v -x_8) ^ (x_0 v -x_4 v -x_3)]
10,25,32,6.515117168426514,2.522038459777832,[(-x_4 v -x_0) ^ (x_3 v x_9 v x_5) ^ (x_1 v x_7 v -x_5) ^ (x_6 v x_1 v -x_5) ^ (x_7 v x_2 v -x_0) ^ (x_3 v x_7) ^ (x_1 v -x_4) ^ (-x_9 v -x_6 v -x_0) ^ (-x_7 v x_4 v x_8) ^ (x_0 v -x_5 v x_2) ^ (-x_1 v -x_5 v -x_0) ^ (x_6 v -x_5 v -x_2) ^ (x_6 v x_9) ^ (x_2 v x_5 v -x_0) ^ (x_0 v -x_2) ^ (x_9 v x_2 v -x_6) ^ (x_6 v x_7 v -x_8) ^ (x_7 v x_2 v x_8) ^ (x_1 v -x_7 v -x_0) ^ (x_0 v -x_9 v -x_4) ^ (-x_0 v x_4 v -x_6) ^ (x_3 v -x_1 v -x_9) ^ (-x_1 v x_2 v -x_3) ^ (-x_9 v -x_2 v x_8) ^ (x_3 v -x_4 v -x_7)]
11,13,1,0.04153180122375488,0.14508724212646484,[(x_0 v -x_7 v x_8) ^ (-x_1 v -x_2 v x_7) ^ (-x_7 v x_4 v x_2) ^ (-x_3 v -x_8 v -x_0) ^ (-x_9 v -x_7 v -x_6) ^ (-x_9 v -x_4 v -x_6) ^ (-x_9 v x_5 v -x_8) ^ (x_10 v -x_3 v x_4) ^ (-x_7 v x_10 v -x_6) ^ (x_1 v -x_4 v x_2) ^ (x_4 v x_2) ^ (-x_5 v -x_8) ^ (-x_1 v x_10 v x_4)]
11,29,46,inf,4.325374603271484,[(x_6 v x_2 v -x_3) ^ (x_10 v -x_0) ^ (-x_6 v x_10 v x_8) ^ (x_9 v x_10 v -x_6) ^ (-x_7 v x_5 v -x_6) ^ (-x_1 v x_6 v -x_3) ^ (-x_9 v x_5) ^ (-x_9 v -x_8) ^ (x_6 v x_1 v x_4) ^ (x_0 v -x_5 v x_2) ^ (x_0 v x_6 v x_7) ^ (-x_4 v x_5 v -x_3) ^ (x_0 v x_1 v -x_7) ^ (x_1 v x_7 v -x_3) ^ (-x_7 v -x_2 v -x_3) ^ (x_3 v -x_2 v -x_8) ^ (-x_10 v -x_2 v -x_3) ^ (x_3 v x_6 v -x_7) ^ (-x_1 v -x_10 v -x_6) ^ (x_3 v -x_1 v -x_10) ^ (x_6 v -x_4 v -x_2) ^ (-x_2 v x_7 v -x_3) ^ (x_0 v -x_10) ^ (-x_1 v -x_4 v x_5) ^ (x_6 v -x_9 v x_2) ^ (x_1 v x_2 v -x_3) ^ (x_4 v -x_8 v -x_0) ^ (x_6 v -x_4 v x_9) ^ (-x_1 v x_10 v x_3)]
12,26,1,0.11888456344604492,0.19212913513183594,[(-x_9 v x_5 v -x_6) ^ (x_8 v -x_6 v -x_11) ^ (-x_5 v x_9 v x_10) ^ (x_0 v x_8 v x_11) ^ (x_1 v -x_2 v -x_8) ^ (-x_10 v -x_2 v -x_0) ^ (x_11 v -x_4 v x_7) ^ (-x_11 v -x_2 v -x_0) ^ (-x_0 v -x_9 v -x_3) ^ (x_0 v x_1 v -x_7) ^ (x_0 v -x_8 v -x_11) ^ (-x_2 v -x_11) ^ (x_9 v x_2 v -x_6) ^ (x_3 v -x_5 v -x_2) ^ (x_11 v x_7 v x_8) ^ (x_3 v x_4 v x_8) ^ (-x_1 v -x_10 v x_4) ^ (x_4 v x_2 v -x_11) ^ (-x_4 v -x_10 v -x_11) ^ (-x_7 v -x_2 v -x_6) ^ (-x_1 v x_6 v x_5) ^ (x_0 v -x_4 v x_2) ^ (x_6 v -x_7 v -x_8) ^ (x_0 v x_9 v x_10) ^ (-x_7 v x_4 v -x_0) ^ (x_11 v x_7 v -x_6)]
12,13,64,82.92397689819336,2.89023494720459,[(x_0 v -x_4 v -x_7) ^ (x_6 v -x_0) ^ (x_6 v -x_4 v x_5) ^ (x_1 v -x_4 v -x_2) ^ (x_8 v -x_5 v -x_3) ^ (x_0 v -x_10 v -x_6) ^ (-x_4 v -x_5 v -x_7) ^ (-x_1 v -x_2 v x_8) ^ (x_3 v x_10 v -x_5) ^ (x_0 v x_4 v -x_11) ^ (x_7 v -x_8 v -x_3) ^ (x_3 v -x_4 v x_5) ^ (x_11 v -x_9 v x_1)]
13,28,1,0.11721301078796387,0.19327354431152344,[(-x_2 v x_8) ^ (x_6 v -x_9 v -x_4) ^ (-x_12 v x_7 v x_2) ^ (x_0 v x_2 v -x_11) ^ (x_5 v x_2 v x_8) ^ (-x_12 v -x_9 v -x_6) ^ (x_1 v x_9 v -x_2) ^ (x_11 v -x_4 v -x_10) ^ (-x_9 v -x_8) ^ (-x_7 v x_4 v -x_8) ^ (-x_9 v x_10 v -x_0) ^ (x_3 v -x_5 v x_4) ^ (x_3 v -x_9 v -x_8) ^ (-x_1 v x_3 v -x_8) ^ (x_12 v x_2 v -x_0) ^ (x_1 v x_9 v -x_10) ^ (-x_9 v x_8 v -x_0) ^ (x_6 v -x_4 v x_8) ^ (x_11 v -x_12 v x_7) ^ (x_3 v -x_9) ^ (-x_7 v x_10 v -x_8) ^ (x_1 v x_10 v -x_8) ^ (-x_7 v -x_8 v -x_3) ^ (x_8 v x_10 v -x_3) ^ (x_11 v -x_9 v x_12) ^ (-x_9 v x_5 v -x_3) ^ (x_3 v -x_9 v -x_7) ^ (-x_1 v x_6 v -x_0)]
13,28,91,inf,8.122724533081055,[(x_9 v -x_2 v x_7) ^ (x_3 v -x_12 v x_1) ^ (-x_4 v x_9 v -x_10) ^ (x_11 v -x_4 v -x_10) ^ (x_3 v -x_7) ^ (-x_1 v -x_5 v x_3) ^ (x_12 v x_7 v -x_6) ^ (-x_1 v -x_9 v -x_6) ^ (x_6 v x_1 v -x_0) ^ (x_2 v -x_11) ^ (x_6 v x_1 v -x_2) ^ (-x_1 v x_4 v x_2) ^ (x_12 v x_5 v -x_6) ^ (x_3 v x_11 v -x_0) ^ (-x_10 v x_5 v -x_7) ^ (x_3 v -x_12 v -x_7) ^ (x_3 v -x_10 v x_0) ^ (x_8 v -x_3 v -x_11) ^ (x_9 v x_2 v -x_6) ^ (x_8 v x_7 v -x_6) ^ (-x_5 v x_8) ^ (-x_4 v x_2 v -x_11) ^ (-x_9 v -x_2 v -x_6) ^ (x_3 v x_8 v x_0) ^ (x_6 v -x_12 v x_10) ^ (x_11 v -x_5 v x_3) ^ (-x_7 v x_10 v -x_3) ^ (x_0 v -x_12 v x_5)]
5,9,1,0.0747823715209961,1.0463752746582031,[(x_2 v -x_0) ^ (x_3 v x_2 v -x_0) ^ (x_0 v x_1 v -x_4) ^ (x_0 v -x_1 v x_4) ^ (x_3 v -x_1 v -x_0) ^ (-x_1 v x_4 v x_0) ^ (x_4 v x_2 v -x_0) ^ (x_3 v x_1 v -x_0) ^ (x_3 v x_2 v x_0)]
5,5,6,0.04740166664123535,0.21855926513671875,[(x_3 v x_4 v x_2) ^ (-x_1 v -x_4 v -x_0) ^ (x_3 v -x_1 v -x_0) ^ (x_0 v x_4 v x_3) ^ (-x_1 v x_3)]
6,9,1,0.0389094352722168,0.12731170654296875,[(x_1 v -x_2) ^ (x_0 v -x_2) ^ (-x_4 v -x_5) ^ (x_1 v -x_5 v -x_0) ^ (-x_5 v -x_2 v x_4) ^ (-x_2 v -x_3 v x_4) ^ (-x_1 v -x_5 v -x_0) ^ (-x_1 v -x_2 v x_3) ^ (-x_4 v -x_3)]
6,14,8,0.591771125793457,0.7603912353515625,[(x_1 v x_5) ^ (-x_5 v x_4) ^ (x_3 v -x_1 v x_2) ^ (x_0 v x_4 v -x_3) ^ (x_0 v -x_5 v -x_2) ^ (x_3 v x_5 v x_2) ^ (x_3 v x_4 v -x_2) ^ (x_3 v -x_4 v x_2) ^ (-x_1 v -x_4) ^ (x_2 v x_4 v x_5) ^ (x_3 v x_5 v -x_0) ^ (x_1 v x_2) ^ (x_1 v -x_2 v x_4) ^ (x_1 v -x_2 v -x_0)]
7,8,1,0.03991580009460449,0.1322021484375,[(-x_1 v -x_3) ^ (x_3 v -x_5 v -x_2) ^ (x_0 v -x_4 v x_5) ^ (-x_1 v -x_4 v x_0) ^ (x_3 v x_1 v x_5) ^ (x_3 v -x_5 v x_2) ^ (-x_2 v x_5) ^ (x_0 v x_6 v x_3)]
7,20,12,0.1719820499420166,0.9503879547119141,[(x_6 v x_2 v -x_3) ^ (x_6 v -x_4 v -x_5) ^ (x_1 v -x_2 v -x_3) ^ (x_1 v -x_5 v x_2) ^ (x_0 v -x_4 v -x_3) ^ (x_0 v -x_1 v -x_5) ^ (x_6 v x_1 v x_2) ^ (x_0 v -x_2) ^ (x_6 v -x_0) ^ (x_1 v -x_5 v x_4) ^ (x_1 v x_4 v -x_0) ^ (x_5 v x_4 v x_2) ^ (x_3 v -x_2) ^ (x_6 v -x_4 v -x_2) ^ (-x_5 v -x_3 v -x_6) ^ (-x_1 v -x_2 v x_5) ^ (x_4 v x_2 v -x_0) ^ (-x_1 v -x_0) ^ (x_5 v x_2 v -x_6) ^ (-x_1 v x_6 v -x_0)]
8,16,1,0.05235433578491211,0.1619577407836914,[(-x_5 v x_7 v -x_3) ^ (x_2 v x_7 v x_5) ^ (-x_1 v x_5) ^ (x_3 v x_7 v -x_0) ^ (x_3 v x_7 v x_4) ^ (x_3 v x_2 v -x_0) ^ (x_3 v -x_4 v x_2) ^ (x_3 v x_6 v x_1) ^ (x_0 v x_6 v -x_4) ^ (x_7 v x_4 v -x_3) ^ (x_3 v -x_1 v x_6) ^ (-x_4 v -x_2 v x_5) ^ (x_3 v x_4 v -x_6) ^ (x_3 v -x_4 v -x_7) ^ (-x_1 v x_4 v -x_6) ^ (-x_7 v x_4)]
8,24,16,0.3608989715576172,1.3640022277832031,[(-x_1 v x_7 v x_4) ^ (x_3 v x_7 v -x_2) ^ (x_5 v -x_3 v -x_6) ^ (x_3 v -x_2 v x_7) ^ (x_3 v x_5) ^ (-x_2 v x_7 v x_4) ^ (-x_1 v -x_6) ^ (x_3 v -x_7 v x_5) ^ (-x_1 v -x_7 v x_5) ^ (x_1 v -x_2 v -x_6) ^ (x_0 v -x_4 v -x_3) ^ (-x_7 v -x_5 v x_4) ^ (x_0 v x_6 v -x_5) ^ (x_0 v x_1 v x_4) ^ (-x_7 v -x_0) ^ (-x_1 v x_6 v x_4) ^ (x_4 v x_5 v -x_0) ^ (x_4 v -x_0) ^ (x_3 v x_1 v x_7) ^ (x_3 v x_5 v -x_6) ^ (x_0 v x_2 v -x_3) ^ (x_1 v x_5 v -x_3) ^ (x_3 v x_7 v x_5) ^ (x_1 v x_4 v -x_3)]
9,25,1,0.053566932678222656,0.19380950927734375,[(x_6 v -x_7 v x_2) ^ (x_0 v x_4) ^ (-x_0 v -x_4 v -x_6) ^ (x_4 v x_2 v -x_8) ^ (-x_4 v -x_7 v -x_0) ^ (-x_7 v -x_5 v -x_3) ^ (x_1 v -x_2 v -x_8) ^ (x_4 v x_2 v -x_3) ^ (x_6 v -x_5 v x_8) ^ (x_4 v x_8) ^ (x_3 v -x_7 v x_5) ^ (x_1 v x_4 v x_2) ^ (x_0 v x_4 v -x_3) ^ (x_1 v -x_7 v -x_0) ^ (x_0 v x_5 v -x_6) ^ (-x_1 v x_2) ^ (-x_7 v x_4 v -x_6) ^ (x_2 v -x_8) ^ (x_0 v x_7) ^ (-x_2 v -x_3 v x_8) ^ (x_0 v -x_4 v -x_8) ^ (-x_4 v -x_5 v x_2) ^ (x_3 v x_1 v x_2) ^ (-x_1 v x_7 v x_2) ^ (x_3 v -x_4 v -x_2)]
9,10,23,0.16519570350646973,0.7645673751831055,[(-x_5 v x_7 v -x_3) ^ (x_1 v x_5) ^ (x_6 v x_4) ^ (-x_8 v -x_6) ^ (x_3 v x_6 v x_4) ^ (-x_1 v x_7 v x_4) ^ (x_6 v -x_4 v -x_3) ^ (x_0 v x_2 v -x_3) ^ (-x_1 v x_4 v -x_8) ^ (x_3 v -x_5 v x_2)]
10,12,1,0.05044817924499512,0.14577293395996094,[(-x_9 v x_7 v -x_0) ^ (x_0 v -x_4 v -x_5) ^ (-x_7 v -x_8 v -x_0) ^ (x_6 v x_9 v x_2) ^ (-x_9 v x_4 v -x_0) ^ (-x_5 v -x_2 v x_7) ^ (x_0 v -x_9 v x_4) ^ (x_3 v x_5 v -x_0) ^ (-x_1 v x_6 v -x_3) ^ (x_9 v -x_4 v x_2) ^ (-x_9 v x_8 v -x_0) ^ (x_6 v -x_9 v x_8)]
10,19,32,1.7289345264434814,1.961172103881836,[(x_1 v x_2 v x_8) ^ (-x_4 v -x_3 v -x_6) ^ (-x_2 v x_8) ^ (-x_4 v -x_5 v -x_6) ^ (x_0 v x_6 v -x_4) ^ (x_6 v -x_9 v -x_0) ^ (-x_1 v x_5 v x_0) ^ (x_3 v -x_1 v x_7) ^ (-x_4 v x_7) ^ (x_8 v -x_2 v -x_3) ^ (x_8 v x_9 v -x_6) ^ (-x_7 v -x_6 v -x_0) ^ (x_3 v -x_5 v -x_2) ^ (x_0 v -x_5 v x_4) ^ (x_7 v x_5 v -x_0) ^ (x_0 v -x_7 v -x_5) ^ (-x_7 v -x_2 v x_5) ^ (-x_9 v x_1 v -x_8) ^ (x_9 v -x_2 v -x_7)]
11,32,1,0.06390213966369629,0.21371936798095703,[(-x_9 v x_5 v -x_6) ^ (x_3 v -x_0) ^ (-x_1 v -x_5 v -x_2) ^ (-x_0 v -x_7 v x_8) ^ (x_9 v x_7 v x_5) ^ (x_3 v x_4 v x_5) ^ (-x_1 v -x_7 v -x_2) ^ (x_0 v -x_9) ^ (-x_7 v x_2 v -x_0) ^ (x_3 v -x_10 v -x_5) ^ (-x_1 v -x_7 v x_10) ^ (-x_1 v -x_8 v -x_0) ^ (-x_5 v x_7 v -x_3) ^ (x_3 v -x_2 v -x_8) ^ (x_7 v -x_0) ^ (x_3 v x_9 v -x_2) ^ (-x_9 v x_10 v x_8) ^ (-x_4 v -x_5 v -x_7) ^ (x_6 v -x_10 v x_8) ^ (-x_4 v -x_6) ^ (-x_1 v -x_4 v x_9) ^ (x_8 v x_2 v -x_0) ^ (-x_9 v x_10 v -x_5) ^ (x_3 v x_1 v -x_7) ^ (-x_4 v x_5 v -x_6) ^ (-x_1 v x_9) ^ (x_0 v -x_7 v x_10) ^ (x_9 v x_5 v -x_3) ^ (x_6 v -x_9 v x_7) ^ (-x_5 v x_2 v -x_8) ^ (-x_1 v x_8 v -x_3) ^ (-x_10 v -x_2 v -x_8)]
11,32,46,inf,4.719751358032227,[(x_5 v -x_3 v -x_0) ^ (-x_9 v x_5 v -x_6) ^ (x_10 v x_2 v x_4) ^ (-x_9 v -x_5) ^ (x_0 v -x_1 v x_4) ^ (x_3 v x_6 v -x_8) ^ (x_3 v -x_9 v -x_10) ^ (x_0 v x_6 v -x_4) ^ (-x_10 v -x_2 v x_4) ^ (-x_3) ^ (-x_1 v -x_8 v -x_3) ^ (-x_1 v -x_8) ^ (-x_4 v x_5 v -x_7) ^ (x_0 v x_1 v -x_6) ^ (-x_9 v -x_4 v x_5) ^ (x_10 v x_7 v x_4) ^ (-x_10 v x_2 v x_5) ^ (-x_2 v x_10 v x_3) ^ (-x_4 v -x_10) ^ (x_1 v -x_10 v x_5) ^ (x_0 v x_9 v x_4) ^ (x_0 v x_6 v -x_10) ^ (x_3 v x_10 v x_8) ^ (-x_10 v -x_5 v x_4) ^ (x_3 v -x_2) ^ (x_0 v x_7 v -x_8) ^ (x_2 v x_8) ^ (x_6 v x_2 v -x_0) ^ (-x_1 v x_2 v -x_6) ^ (x_1 v -x_10 v x_4) ^ (x_6 v x_10 v -x_0) ^ (-x_1 v x_5 v x_3)]
12,22,1,0.11082720756530762,0.17649364471435547,[(x_11 v -x_8) ^ (x_9 v x_2 v -x_11) ^ (-x_7 v -x_5 v -x_0) ^ (x_0 v x_9 v -x_3) ^ (x_11 v x_1 v -x_2) ^ (-x_1 v x_7 v -x_11) ^ (x_6 v -x_2 v -x_8) ^ (x_1 v -x_8 v -x_3) ^ (x_11 v x_9 v x_5) ^ (-x_9 v -x_5 v x_8) ^ (-x_9 v x_1 v x_4) ^ (x_1 v x_9 v -x_0) ^ (x_1 v -x_8 v -x_0) ^ (x_11 v x_5 v x_8) ^ (-x_10 v -x_5 v x_4) ^ (-x_10 v -x_6 v -x_0) ^ (x_9 v -x_10 v -x_0) ^ (x_3 v x_9) ^ (-x_9 v -x_10) ^ (-x_1 v x_6 v x_10) ^ (x_11 v -x_3 v -x_6) ^ (x_0 v -x_5 v x_10)]
12,14,64,273.91772174835205,2.999579429626465,[(x_9 v -x_8 v -x_0) ^ (x_3 v -x_1 v x_8) ^ (x_3 v -x_8 v -x_0) ^ (x_0 v x_7 v x_4) ^ (x_9 v x_5 v -x_0) ^ (x_11 v -x_5 v x_2) ^ (x_1 v -x_4) ^ (-x_0 v x_1 v -x_3) ^ (x_6 v x_4 v -x_3) ^ (-x_10 v -x_5) ^ (x_3 v x_10 v -x_0) ^ (x_0 v -x_4 v x_2) ^ (-x_4 v -x_10 v -x_7) ^ (-x_9 v x_4)]
13,15,1,0.05349302291870117,0.15027809143066406,[(x_11 v -x_12 v -x_10) ^ (-x_1 v x_3 v -x_0) ^ (x_12 v x_10 v -x_3) ^ (x_8 v -x_4 v -x_6) ^ (x_3 v -x_5 v -x_8) ^ (-x_2 v x_5 v -x_0) ^ (-x_6 v x_7 v x_8) ^ (-x_4 v -x_5 v -x_7) ^ (x_12 v x_5 v -x_0) ^ (-x_9 v x_10 v x_7) ^ (x_1 v -x_12 v -x_4) ^ (x_6 v -x_9 v -x_10) ^ (-x_9 v x_12 v x_7) ^ (x_11 v -x_10 v x_3) ^ (x_12)]
13,36,91,inf,10.048672676086426,[(-x_9 v x_10 v -x_6) ^ (x_0 v x_12 v x_4) ^ (x_9 v x_7 v -x_0) ^ (x_11 v -x_12 v x_4) ^ (x_8 v x_9 v -x_3) ^ (x_7 v -x_11) ^ (-x_4 v x_10 v -x_0) ^ (x_3 v -x_5 v x_4) ^ (x_1 v -x_2 v x_8) ^ (-x_0 v -x_10 v -x_11) ^ (x_11 v x_4 v -x_0) ^ (x_8 v x_7 v -x_11) ^ (-x_12 v -x_5 v -x_3) ^ (x_0 v x_12 v -x_5) ^ (x_11 v -x_9 v x_8) ^ (-x_12 v -x_5 v x_2) ^ (x_3 v -x_12 v -x_7) ^ (x_9 v -x_10 v -x_6) ^ (x_0 v -x_1 v -x_11) ^ (-x_12 v -x_5) ^ (x_12 v x_9 v x_8) ^ (x_8 v x_4 v -x_11) ^ (x_3 v -x_9 v -x_11) ^ (x_11 v -x_7 v x_2) ^ (x_0 v -x_7) ^ (x_12 v x_10 v -x_0) ^ (-x_4 v x_5 v -x_0) ^ (-x_10 v -x_2 v x_5) ^ (x_1 v x_5) ^ (x_7 v -x_3) ^ (x_11 v x_5 v x_2) ^ (-x_12 v -x_8 v -x_6) ^ (x_9 v -x_5 v -x_11) ^ (-x_9 v x_5 v -x_0) ^ (-x_1 v x_4 v -x_6) ^ (x_1 v -x_4 v -x_5)]
5,14,1,0.07520532608032227,1.0559492111206055,[(x_3 v -x_2) ^ (-x_1 v -x_4 v x_3) ^ (x_2 v -x_3) ^ (x_0 v x_4) ^ (-x_1 v -x_2 v x_0) ^ (x_0 v -x_2 v x_4) ^ (x_0 v -x_2 v -x_3) ^ (-x_4 v x_2 v -x_3) ^ (x_0 v x_1 v x_2) ^ (x_1 v -x_4 v x_2) ^ (x_1 v x_2 v -x_3) ^ (x_1 v -x_0) ^ (-x_1 v -x_4 v x_2) ^ (-x_0 v -x_4 v -x_3)]
5,5,6,0.05258965492248535,0.21230506896972656,[(x_3 v -x_1 v x_2) ^ (x_0 v x_4 v x_2) ^ (-x_1 v -x_2 v -x_3) ^ (x_0 v -x_1 v -x_3) ^ (-x_2 v -x_3)]
6,6,1,0.04774045944213867,0.12197208404541016,[(x_3 v x_2 v -x_0) ^ (-x_4 v -x_0) ^ (x_0 v -x_3) ^ (-x_1 v -x_5 v x_2) ^ (x_1 v x_4) ^ (-x_2 v x_5 v -x_3)]
6,13,8,0.08280825614929199,0.46013927459716797,[(x_1 v x_2 v x_5) ^ (-x_2 v -x_0) ^ (-x_1 v x_4) ^ (x_3 v -x_1 v x_2) ^ (x_5 v -x_4 v x_2) ^ (x_3 v -x_1 v x_5) ^ (-x_1 v x_4 v x_5) ^ (x_1 v x_4 v -x_5) ^ (-x_0 v -x_2 v x_4) ^ (-x_4 v -x_2 v -x_3) ^ (x_0 v -x_4 v x_2) ^ (-x_1 v -x_2 v -x_0) ^ (-x_4 v x_5 v -x_0)]
7,7,1,0.04291033744812012,0.12154769897460938,[(x_0 v -x_4 v -x_6) ^ (x_2 v -x_3) ^ (x_6 v x_2 v -x_3) ^ (x_0 v x_6 v x_5) ^ (x_4 v x_2 v -x_6) ^ (x_1 v -x_2 v -x_6) ^ (-x_4 v x_2)]
7,10,12,0.08436417579650879,0.4999361038208008,[(-x_2 v x_4) ^ (x_6 v -x_0) ^ (x_6 v -x_5 v x_2) ^ (x_1 v x_4 v -x_6) ^ (x_3 v -x_4 v -x_6) ^ (-x_4 v -x_5 v x_2) ^ (x_6 v x_5 v -x_3) ^ (-x_5 v -x_3 v x_4) ^ (x_2 v x_5 v -x_0) ^ (-x_4 v -x_5 v -x_3)]
8,15,1,0.06200289726257324,0.15371036529541016,[(x_5 v -x_6) ^ (x_0 v -x_6 v -x_3) ^ (-x_2 v x_4) ^ (x_3 v x_1 v -x_2) ^ (x_6 v -x_5 v x_2) ^ (x_0 v x_4) ^ (-x_7 v x_4 v -x_3) ^ (-x_1 v x_7 v x_3) ^ (x_3 v x_1 v -x_7) ^ (x_1 v -x_4 v -x_7) ^ (-x_2 v -x_5 v -x_3) ^ (-x_1 v -x_4 v -x_7) ^ (-x_1 v -x_5 v x_2) ^ (x_6 v -x_7 v -x_2) ^ (x_3 v -x_4 v x_5)]
8,14,16,2.5147640705108643,1.4519720077514648,[(x_0 v x_4 v x_5) ^ (-x_5 v -x_6) ^ (x_7 v x_5 v -x_3) ^ (x_0 v x_4 v -x_3) ^ (x_3 v x_2 v -x_0) ^ (-x_1 v -x_5 v x_4) ^ (x_2 v -x_6) ^ (x_3 v -x_5 v -x_2) ^ (x_3 v -x_4 v -x_0) ^ (-x_1 v x_7 v x_5) ^ (-x_1 v -x_7) ^ (-x_1 v x_4 v x_7) ^ (-x_5 v -x_7 v -x_2) ^ (x_3 v -x_7)]
9,10,1,0.04944658279418945,0.13885211944580078,[(x_6 v x_5 v -x_8) ^ (x_6) ^ (-x_6 v x_5 v -x_3) ^ (-x_6 v x_7 v -x_0) ^ (x_6 v -x_7) ^ (x_0 v x_4 v -x_2) ^ (x_3 v -x_7 v x_4) ^ (-x_1 v -x_5 v -x_0) ^ (x_1 v -x_4 v x_7) ^ (x_7 v x_5 v -x_6)]
9,10,23,0.1595606803894043,0.7205829620361328,[(-x_5 v -x_6) ^ (-x_2 v -x_8 v -x_6) ^ (-x_1 v x_6 v -x_7) ^ (-x_1 v x_7 v -x_8) ^ (x_3 v x_7 v -x_8) ^ (x_1 v x_7 v x_8) ^ (-x_5 v x_2 v -x_8) ^ (-x_5 v -x_8 v -x_0) ^ (x_4 v -x_3 v -x_0) ^ (x_3 v -x_7)]
10,30,1,0.06443476676940918,0.21170902252197266,[(x_1 v -x_7 v -x_6) ^ (x_1 v -x_9 v x_5) ^ (x_1 v x_9 v -x_6) ^ (x_7 v x_2) ^ (x_0 v -x_9 v -x_7) ^ (-x_0 v x_2 v -x_6) ^ (-x_4 v x_5 v x_8) ^ (-x_9 v x_5 v x_8) ^ (-x_9 v x_5) ^ (x_0 v -x_2 v x_7) ^ (x_0 v -x_8 v -x_3) ^ (x_3 v x_9 v -x_6) ^ (x_1 v x_4) ^ (x_1 v -x_9 v -x_6) ^ (-x_1 v x_6 v -x_9) ^ (-x_2 v x_5 v -x_8) ^ (x_6 v -x_0) ^ (x_8 v x_9 v -x_0) ^ (-x_2 v -x_4 v -x_5) ^ (x_0 v -x_5 v x_4) ^ (-x_7 v -x_8 v -x_3) ^ (x_1 v x_2 v x_5) ^ (x_7 v -x_3 v -x_0) ^ (-x_1 v -x_9 v -x_5) ^ (x_9 v -x_7 v -x_3) ^ (-x_4 v x_9 v x_2) ^ (x_0 v x_2 v -x_3) ^ (x_6 v -x_7 v -x_2) ^ (x_4 v -x_3 v -x_0) ^ (x_3 v -x_4 v -x_7)]
10,30,32,1.3362605571746826,3.19735050201416,[(x_3 v -x_4 v x_8) ^ (x_8 v -x_4 v -x_6) ^ (-x_1 v -x_9 v x_8) ^ (x_5 v -x_3 v -x_6) ^ (x_7 v x_2) ^ (x_6 v -x_7 v -x_5) ^ (x_3 v x_6 v -x_2) ^ (-x_7 v -x_5 v -x_3) ^ (-x_9 v -x_7 v x_4) ^ (x_5 v x_8) ^ (-x_9 v -x_4 v -x_5) ^ (x_3 v -x_9 v -x_5) ^ (x_9 v -x_5 v x_4) ^ (-x_2 v -x_3 v -x_0) ^ (x_1 v -x_4 v -x_3) ^ (x_6 v -x_4 v -x_7) ^ (x_3 v x_4 v -x_6) ^ (x_3 v x_9 v -x_6) ^ (x_6 v x_9 v x_7) ^ (x_3 v x_9 v x_7) ^ (-x_9 v x_4 v -x_6) ^ (x_0 v x_1 v x_7) ^ (-x_1 v x_2) ^ (x_0 v x_8) ^ (x_1 v -x_7) ^ (x_0 v -x_9 v x_8) ^ (x_3 v -x_2) ^ (-x_4 v x_2 v x_5) ^ (-x_5 v x_7 v -x_8) ^ (-x_7 v x_5 v -x_3)]
11,24,1,0.06182050704956055,0.19707775115966797,[(-x_10 v x_5 v -x_0) ^ (x_3 v -x_4 v x_7) ^ (-x_1 v x_6 v x_0) ^ (x_9 v -x_4 v -x_0) ^ (x_9 v -x_10 v x_2) ^ (x_0 v x_9) ^ (x_0 v x_3 v -x_6) ^ (x_0 v x_2 v -x_6) ^ (x_8 v x_10 v -x_0) ^ (-x_9 v x_7 v -x_3) ^ (-x_0 v -x_2 v x_4) ^ (-x_4 v -x_10 v -x_3) ^ (x_1 v -x_2 v -x_6) ^ (x_6 v x_8 v -x_0) ^ (x_0 v x_1 v -x_7) ^ (x_0 v x_6 v x_9) ^ (x_0 v -x_1 v x_10) ^ (-x_1 v -x_9 v -x_10) ^ (x_5 v -x_8 v -x_3) ^ (x_3 v x_1 v x_4) ^ (-x_10 v x_4 v x_8) ^ (x_3 v -x_2) ^ (-x_0 v x_7 v -x_3) ^ (-x_1 v -x_0)]
11,19,46,364.314373254776,2.867940902709961,[(-x_5 v x_9 v -x_10) ^ (-x_2 v x_8) ^ (x_6 v -x_9 v -x_4) ^ (x_10 v x_5 v -x_0) ^ (x_6 v x_1 v -x_5) ^ (x_0 v -x_9 v x_7) ^ (-x_7 v -x_5 v x_8) ^ (x_0 v -x_8 v -x_3) ^ (x_9 v -x_8 v -x_6) ^ (x_6 v -x_9 v x_8) ^ (x_10 v x_9 v -x_2) ^ (x_6 v x_10 v x_4) ^ (x_1 v -x_9 v -x_2) ^ (x_1 v -x_9 v -x_10) ^ (-x_1 v -x_9 v -x_0) ^ (x_10 v x_5 v -x_3) ^ (x_0 v -x_4 v x_7) ^ (x_10 v x_4) ^ (x_0 v -x_1 v x_7)]
12,29,1,0.07414031028747559,0.1969137191772461,[(-x_1 v -x_2 v -x_8) ^ (-x_1 v x_0 v -x_11) ^ (x_11 v -x_4 v -x_2) ^ (-x_7 v x_5 v -x_11) ^ (x_3 v x_6) ^ (-x_4 v -x_2 v x_5) ^ (-x_7 v -x_5 v -x_3) ^ (x_10 v -x_8) ^ (x_0 v x_9 v -x_2) ^ (-x_4 v -x_10 v x_8) ^ (x_3 v -x_5 v -x_11) ^ (-x_9 v x_7 v x_8) ^ (-x_4 v -x_2 v x_8) ^ (x_6 v -x_10 v -x_3) ^ (-x_10 v -x_6 v -x_3) ^ (-x_5 v -x_8 v -x_11) ^ (-x_1 v x_6 v x_2) ^ (x_8 v x_4 v -x_6) ^ (-x_5 v x_7 v -x_11) ^ (x_3 v -x_2 v x_8) ^ (x_11 v x_5 v x_8) ^ (-x_1 v x_10 v x_2) ^ (x_6 v x_10 v -x_11) ^ (x_11 v -x_9 v -x_0) ^ (-x_1 v -x_5 v -x_11) ^ (-x_1 v x_2 v -x_11) ^ (-x_9 v x_4 v x_7) ^ (x_6 v -x_4 v x_2) ^ (-x_1 v -x_7)]
12,23,64,405.01624155044556,4.717416763305664,[(-x_2 v x_7 v -x_6) ^ (x_11 v -x_4 v x_9) ^ (x_6 v x_2 v -x_3) ^ (-x_9 v -x_7 v -x_5) ^ (-x_4 v -x_5 v -x_6) ^ (x_11 v -x_9 v x_2) ^ (-x_1 v -x_9 v x_11) ^ (-x_10 v -x_5 v -x_11) ^ (x_9 v -x_11) ^ (x_3 v -x_9 v x_10) ^ (-x_9 v x_10 v x_4) ^ (x_9 v -x_5 v -x_3) ^ (-x_5 v x_10) ^ (x_6 v x_2) ^ (x_9 v -x_2 v x_4) ^ (x_11 v -x_2 v -x_0) ^ (-x_1 v x_6 v x_2) ^ (x_8 v x_9 v -x_0) ^ (x_11 v x_5 v -x_8) ^ (x_3 v -x_9 v -x_4) ^ (x_11 v -x_2 v x_7) ^ (-x_6 v -x_3 v -x_0) ^ (x_1 v -x_2 v x_4)]
13,19,1,0.0957343578338623,0.1621837615966797,[(x_11 v x_12 v x_0) ^ (x_9 v x_4 v x_2) ^ (x_11 v -x_10 v x_7) ^ (x_1 v -x_4 v x_5) ^ (-x_4 v x_9 v -x_0) ^ (x_8 v -x_7 v -x_0) ^ (x_12 v x_10) ^ (x_1 v -x_5 v -x_3) ^ (x_11 v x_1 v -x_3) ^ (-x_1 v -x_8 v -x_11) ^ (-x_9 v -x_2 v -x_5) ^ (x_12 v -x_7 v -x_6) ^ (-x_12 v -x_5 v x_4) ^ (x_8 v -x_3) ^ (x_11 v x_9 v x_2) ^ (-x_1 v -x_12 v -x_6) ^ (x_0 v x_9 v -x_5) ^ (-x_1 v -x_12 v -x_2) ^ (x_0 v -x_1 v x_2)]
13,30,91,inf,8.448324203491211,[(x_6 v -x_12 v x_4) ^ (x_6 v -x_7 v -x_5) ^ (-x_1 v x_12 v x_8) ^ (x_10 v x_7 v -x_8) ^ (x_10 v -x_8 v -x_6) ^ (x_3 v x_9 v -x_11) ^ (x_10 v -x_8) ^ (x_12 v -x_10 v x_5) ^ (x_11 v -x_7 v -x_6) ^ (-x_9 v -x_11) ^ (x_11 v -x_12 v x_0) ^ (x_6 v -x_12 v -x_3) ^ (-x_1 v x_9 v -x_5) ^ (x_0 v x_9 v x_4) ^ (x_11 v x_9 v x_0) ^ (x_9 v -x_3 v x_8) ^ (x_3 v x_4 v -x_2) ^ (x_1 v -x_8 v -x_11) ^ (x_7 v -x_6) ^ (-x_9 v x_12 v x_2) ^ (x_5 v -x_8 v -x_11) ^ (x_3 v -x_4 v x_11) ^ (-x_4 v x_10 v -x_6) ^ (-x_0 v x_2 v -x_3) ^ (x_3 v -x_4) ^ (x_0 v x_10 v -x_3) ^ (-x_1 v x_10 v -x_5) ^ (-x_9 v -x_10 v x_7) ^ (x_9 v -x_2 v -x_7) ^ (x_9 v -x_7)]
5,10,1,0.07149195671081543,1.037428855895996,[(-x_0 v -x_3) ^ (x_1 v -x_2) ^ (x_2 v -x_0) ^ (-x_4 v -x_0) ^ (-x_1 v -x_4) ^ (x_1 v x_4 v -x_0) ^ (-x_4 v x_2 v -x_3) ^ (-x_2 v x_4 v -x_0) ^ (x_3 v -x_2 v -x_0) ^ (x_0 v x_1 v x_4)]
5,8,6,0.7281980514526367,0.7961978912353516,[(x_3 v -x_2) ^ (x_2 v -x_3) ^ (x_3 v x_1 v -x_4) ^ (-x_3 v -x_0) ^ (-x_1 v x_2 v -x_0) ^ (x_4 v x_2) ^ (x_0 v -x_2 v x_3) ^ (x_1 v x_4)]
6,15,1,0.042838096618652344,0.1541128158569336,[(-x_1 v x_4 v -x_2) ^ (x_0 v x_4 v -x_3) ^ (x_4 v x_5 v -x_3) ^ (x_4 v x_2) ^ (x_3 v x_2) ^ (-x_1 v x_2) ^ (-x_4 v -x_5 v x_2) ^ (x_1 v -x_4 v x_2) ^ (x_3 v x_1 v x_5) ^ (-x_4 v x_5) ^ (x_0 v -x_4 v -x_3) ^ (-x_1 v -x_2 v x_5) ^ (x_5 v x_4 v x_2) ^ (-x_4 v -x_5 v -x_3) ^ (-x_1 v x_5 v x_3)]
6,10,8,0.07048416137695312,0.4036712646484375,[(x_3 v x_1 v -x_2) ^ (x_3 v x_2 v -x_0) ^ (-x_1 v -x_4 v -x_2) ^ (x_1 v -x_5 v x_2) ^ (x_3 v -x_1 v x_4) ^ (-x_5 v -x_2) ^ (-x_1 v -x_4 v x_5) ^ (-x_1 v -x_4 v -x_3) ^ (x_0 v -x_2 v x_3) ^ (x_0 v x_1 v x_4)]
7,7,1,0.04719114303588867,0.1193084716796875,[(-x_0 v x_6 v -x_3) ^ (x_3 v -x_2 v -x_6) ^ (x_1 v -x_2 v -x_3) ^ (-x_4 v -x_2 v -x_3) ^ (-x_1 v -x_5 v -x_3) ^ (-x_5) ^ (-x_5 v -x_4 v -x_2)]
7,13,12,0.11645650863647461,0.6176738739013672,[(x_0 v x_5 v x_3) ^ (-x_1 v -x_2) ^ (x_0 v x_6) ^ (x_1 v x_4 v x_5) ^ (x_0 v -x_2 v x_5) ^ (x_3 v x_4 v x_0) ^ (-x_2 v x_5 v -x_3) ^ (x_2 v x_4 v x_5) ^ (x_1 v x_4 v -x_0) ^ (-x_1 v -x_2 v -x_6) ^ (-x_4 v x_2) ^ (-x_2 v -x_3) ^ (-x_4 v -x_5 v -x_3)]
8,21,1,0.10666775703430176,0.2996692657470703,[(x_3 v -x_5) ^ (-x_1 v -x_4 v -x_3) ^ (x_1 v -x_4 v x_7) ^ (-x_7 v x_2 v -x_3) ^ (-x_5 v -x_6) ^ (x_0 v x_6 v -x_7) ^ (x_6 v x_1 v -x_2) ^ (x_6 v x_2) ^ (x_0 v -x_7 v x_4) ^ (x_3 v -x_7 v -x_0) ^ (x_0 v x_5 v -x_6) ^ (x_1 v x_7 v -x_6) ^ (x_0 v x_2 v x_5) ^ (-x_1 v -x_4 v x_2) ^ (x_3 v x_1 v -x_0) ^ (x_0 v x_6 v x_3) ^ (-x_1 v -x_4 v -x_5) ^ (x_3 v x_1 v -x_2) ^ (-x_1 v -x_2 v x_5) ^ (-x_2 v x_5 v x_4) ^ (x_0 v x_1 v -x_3)]
8,18,16,0.25171709060668945,0.996495246887207,[(-x_6 v x_2 v -x_0) ^ (x_6 v -x_2 v -x_3) ^ (x_0 v -x_4 v -x_7) ^ (x_1 v -x_2) ^ (x_1 v x_4) ^ (x_1 v -x_7 v -x_2) ^ (x_0 v x_6 v -x_2) ^ (-x_6 v x_7 v -x_0) ^ (-x_5 v -x_2) ^ (x_6 v -x_5 v x_4) ^ (-x_5 v -x_3 v -x_6) ^ (-x_1 v x_7 v -x_3) ^ (-x_1 v x_7 v x_5) ^ (x_3 v x_1 v x_5) ^ (x_6 v -x_5 v -x_2) ^ (x_3 v -x_4 v x_5) ^ (x_0 v x_1 v -x_7) ^ (x_0 v x_6 v x_3)]
9,27,1,0.12710952758789062,0.3207263946533203,[(x_0 v x_5 v x_2) ^ (-x_1 v x_6 v -x_7) ^ (-x_4 v -x_5) ^ (x_0 v -x_5 v -x_8) ^ (x_3 v -x_7 v x_8) ^ (x_6 v x_4 v x_7) ^ (x_3 v -x_5) ^ (-x_1 v x_6 v -x_3) ^ (x_0 v -x_4 v -x_6) ^ (-x_7 v x_4 v -x_3) ^ (x_0 v x_1 v -x_6) ^ (x_6 v -x_4 v x_7) ^ (x_0 v x_3 v -x_8) ^ (-x_5 v x_2) ^ (x_6 v x_4) ^ (-x_1 v -x_6 v x_8) ^ (x_1 v -x_7 v -x_0) ^ (x_3 v -x_2 v x_8) ^ (x_3 v x_1 v -x_6) ^ (x_3 v x_1 v x_4) ^ (x_7 v -x_8 v -x_0) ^ (-x_0 v -x_5 v -x_6) ^ (x_3 v -x_2 v -x_6) ^ (-x_1 v -x_4 v -x_7) ^ (-x_1 v -x_4 v x_5) ^ (-x_1 v x_5 v x_2) ^ (x_0 v -x_1 v x_2)]
9,20,23,0.3075714111328125,1.338240623474121,[(-x_4 v -x_2 v -x_0) ^ (-x_2 v -x_3) ^ (-x_1 v -x_4 v -x_3) ^ (-x_1 v -x_2 v -x_6) ^ (x_3 v x_6 v x_8) ^ (-x_5 v x_4) ^ (x_6 v -x_4 v -x_7) ^ (x_6 v -x_3) ^ (-x_1 v -x_8 v -x_0) ^ (x_1 v x_7 v -x_3) ^ (x_7 v -x_0) ^ (x_3 v -x_6 v x_8) ^ (x_1 v -x_7) ^ (x_3 v x_6 v x_7) ^ (-x_1 v -x_4 v -x_0) ^ (-x_1 v x_2 v x_3) ^ (-x_1 v -x_0) ^ (-x_7 v x_5 v -x_3) ^ (x_4 v -x_8 v -x_0) ^ (-x_1 v x_7 v x_2)]
10,30,1,0.05880284309387207,0.2158823013305664,[(x_5 v -x_7 v x_2) ^ (x_1 v x_8 v -x_3) ^ (x_0 v x_6 v -x_8) ^ (-x_5 v x_7 v x_8) ^ (-x_1 v x_8 v -x_0) ^ (-x_1 v x_6 v -x_8) ^ (x_1 v x_9 v x_7) ^ (x_0 v -x_7 v -x_8) ^ (-x_1 v x_6 v -x_3) ^ (x_1 v -x_7 v x_8) ^ (-x_1 v -x_9 v -x_6) ^ (x_3 v x_5 v x_2) ^ (-x_4 v -x_8) ^ (x_9 v x_4 v -x_8) ^ (x_1 v -x_7 v -x_5) ^ (-x_1 v -x_5 v x_0) ^ (x_3 v x_2 v -x_0) ^ (-x_7 v -x_5) ^ (x_8 v -x_4 v -x_0) ^ (x_1 v x_4 v -x_0) ^ (-x_9 v -x_7 v -x_3) ^ (x_1 v -x_6 v -x_3) ^ (-x_9 v -x_4 v x_8) ^ (x_2 v -x_3) ^ (x_1 v x_9 v -x_8) ^ (x_9 v x_2 v x_8) ^ (x_6 v x_4 v x_5) ^ (x_4 v x_2 v -x_0) ^ (x_8 v x_2 v -x_3) ^ (-x_7 v -x_3)]
10,25,32,63.069514989852905,2.6812095642089844,[(x_3 v x_7 v x_4) ^ (x_0 v -x_4) ^ (x_6 v -x_7 v x_5) ^ (-x_7 v x_2 v -x_3) ^ (-x_5 v -x_0) ^ (-x_9 v x_1 v -x_2) ^ (x_0 v x_1 v -x_6) ^ (-x_4 v x_5 v -x_3) ^ (x_3 v -x_4 v x_0) ^ (x_3 v x_9 v -x_0) ^ (-x_2 v -x_8 v -x_3) ^ (x_0 v x_5) ^ (x_0 v -x_2 v -x_6) ^ (x_3 v -x_9) ^ (x_9 v -x_5 v x_8) ^ (x_6 v x_7 v -x_0) ^ (-x_9 v x_5 v -x_3) ^ (x_3 v -x_4) ^ (x_6 v -x_8 v -x_0) ^ (-x_1 v -x_9 v x_5) ^ (x_0 v -x_4 v x_7) ^ (-x_9 v x_8 v -x_6) ^ (x_0 v -x_4 v x_2) ^ (-x_7 v -x_3) ^ (x_3 v x_4 v -x_0)]
11,28,1,0.07326030731201172,0.2156696319580078,[(x_0 v -x_4 v x_10) ^ (x_3 v -x_9 v x_2) ^ (x_3 v x_10 v x_5) ^ (x_6 v -x_7 v -x_0) ^ (-x_2 v -x_3 v x_4) ^ (-x_5 v -x_3 v x_4) ^ (x_3 v x_7 v x_2) ^ (x_6 v -x_4 v x_5) ^ (x_3 v x_6 v x_1) ^ (x_0 v x_6 v -x_9) ^ (x_1 v -x_7 v x_2) ^ (x_9 v x_4) ^ (x_9 v -x_5 v -x_0) ^ (-x_1 v x_10 v -x_0) ^ (x_0 v x_9 v x_4) ^ (-x_2 v -x_8 v -x_3) ^ (x_3 v -x_7 v -x_2) ^ (x_3 v x_4 v -x_2) ^ (-x_10 v x_2 v -x_8) ^ (x_3 v x_10 v x_8) ^ (-x_1 v -x_5 v -x_6) ^ (-x_1 v -x_9) ^ (-x_9 v -x_2 v x_5) ^ (x_0 v x_10 v -x_2) ^ (x_10 v -x_2 v -x_3) ^ (x_6 v x_4 v -x_0) ^ (x_1 v -x_7 v -x_3) ^ (-x_1 v x_8 v -x_3)]
11,29,46,inf,4.10755729675293,[(-x_4 v x_9 v -x_3) ^ (x_0 v x_1 v -x_10) ^ (x_0 v -x_2 v x_5) ^ (x_6 v -x_9 v -x_4) ^ (-x_4 v x_9 v -x_5) ^ (x_0 v -x_10 v -x_2) ^ (-x_1 v x_7 v x_5) ^ (x_6 v x_10 v x_2) ^ (-x_9 v x_7 v -x_8) ^ (x_4 v x_2 v x_8) ^ (-x_2 v x_10 v x_8) ^ (x_4 v x_8) ^ (-x_1 v x_7 v -x_3) ^ (x_1 v x_9 v -x_10) ^ (-x_1 v x_2 v -x_0) ^ (x_3 v -x_7 v -x_2) ^ (x_10 v -x_2) ^ (-x_1 v x_10 v -x_2) ^ (-x_10 v -x_6) ^ (-x_4 v -x_5 v -x_3) ^ (x_9 v -x_4 v x_10) ^ (x_1 v -x_7) ^ (x_0 v -x_9 v x_2) ^ (-x_4 v x_5 v -x_6) ^ (x_0 v x_9 v -x_5) ^ (x_0 v x_9 v x_10) ^ (x_3 v -x_1 v -x_5) ^ (-x_2 v -x_8) ^ (x_1 v -x_3 v x_8)]
12,30,1,0.11262917518615723,0.20633697509765625,[(-x_1 v -x_3 v -x_0) ^ (-x_4 v -x_2 v -x_6) ^ (-x_5 v x_2 v x_7) ^ (x_9 v x_7 v -x_0) ^ (x_0 v -x_3 v -x_11) ^ (x_6 v -x_7 v -x_5) ^ (-x_10 v x_7 v x_8) ^ (x_10 v -x_2 v x_7) ^ (x_6 v -x_9 v -x_0) ^ (-x_1 v -x_2 v x_3) ^ (x_0 v -x_2 v x_8) ^ (x_1 v -x_2 v -x_3) ^ (x_11 v -x_9 v -x_8) ^ (-x_9 v -x_4 v -x_5) ^ (-x_1 v x_3) ^ (-x_5 v x_7) ^ (x_1 v -x_8 v -x_6) ^ (-x_9 v -x_4) ^ (-x_1 v x_9 v x_5) ^ (x_3 v -x_5 v x_0) ^ (-x_1 v x_9 v -x_8) ^ (-x_1 v -x_4 v x_2) ^ (x_11 v -x_5 v x_7) ^ (x_11 v -x_9 v -x_5) ^ (-x_1 v -x_3 v x_8) ^ (x_11 v -x_9 v -x_7) ^ (x_0 v -x_9 v x_4) ^ (x_4 v x_5 v -x_6) ^ (x_8 v x_2 v -x_3) ^ (x_8 v -x_7 v -x_6)]
12,35,64,inf,6.484917640686035,[(x_3 v x_5 v x_11) ^ (-x_4 v x_5 v -x_11) ^ (-x_0 v x_9 v -x_3) ^ (-x_1 v x_0 v -x_11) ^ (x_1 v x_10 v -x_5) ^ (x_6 v -x_4 v -x_11) ^ (-x_1 v -x_7 v -x_2) ^ (-x_5 v x_2 v x_7) ^ (-x_9 v x_7 v -x_8) ^ (-x_9 v -x_7 v x_5) ^ (x_11 v -x_4 v -x_10) ^ (x_6 v x_7) ^ (x_6 v -x_2 v -x_0) ^ (x_11 v x_9 v x_10) ^ (x_11 v x_9 v -x_0) ^ (-x_5 v -x_4 v x_10) ^ (-x_1 v -x_7) ^ (x_3 v x_10 v -x_6) ^ (x_8 v x_9 v -x_11) ^ (-x_8 v -x_11) ^ (-x_1 v -x_11 v x_8) ^ (-x_9 v x_4 v -x_6) ^ (x_1 v -x_7 v x_5) ^ (-x_1 v x_10 v -x_8) ^ (-x_1 v -x_10 v -x_11) ^ (-x_7 v x_10 v -x_8) ^ (x_3 v x_6 v x_7) ^ (x_9 v x_10) ^ (-x_1 v -x_7 v -x_6) ^ (-x_11 v -x_5 v x_8) ^ (x_9 v -x_5) ^ (-x_7 v -x_10 v -x_6) ^ (-x_1 v -x_2 v x_5) ^ (-x_1 v x_4 v -x_6) ^ (x_1 v -x_8)]
13,25,1,0.10895657539367676,0.20156478881835938,[(x_11 v -x_8) ^ (x_3 v x_7 v -x_0) ^ (x_1 v x_2 v -x_6) ^ (x_12 v -x_2 v x_8) ^ (x_5 v -x_4 v x_2) ^ (-x_4 v x_10 v x_7) ^ (-x_1 v -x_2 v -x_3) ^ (x_9 v x_7 v x_4) ^ (x_3 v -x_5 v x_8) ^ (x_11 v x_6 v -x_8) ^ (x_0 v -x_9 v x_7) ^ (x_11 v x_6 v x_8) ^ (x_6 v x_1 v x_12) ^ (x_3 v -x_10 v x_5) ^ (-x_1 v -x_8 v x_0) ^ (x_11 v x_9 v x_3) ^ (-x_9 v -x_8 v -x_0) ^ (-x_9 v -x_2) ^ (x_3 v x_9 v -x_10) ^ (x_9 v -x_6) ^ (x_3 v x_1 v -x_7) ^ (-x_12 v -x_4 v -x_3) ^ (-x_5 v x_2 v -x_6) ^ (x_0 v -x_4 v x_2) ^ (x_3 v x_4 v -x_0)]
13,39,91,inf,10.936279296875,[(x_5 v -x_7 v x_2) ^ (x_11 v -x_4 v x_9) ^ (x_1 v x_10 v -x_5) ^ (x_3 v -x_9 v x_7) ^ (x_7 v -x_3 v x_8) ^ (x_3 v -x_12) ^ (x_6 v x_1 v -x_4) ^ (-x_1 v x_9 v -x_2) ^ (x_8 v x_4 v -x_0) ^ (x_1 v x_12 v -x_0) ^ (x_11 v -x_3 v x_0) ^ (x_1 v -x_2 v x_7) ^ (x_12 v x_10) ^ (-x_5 v -x_4 v -x_10) ^ (x_11 v x_10 v -x_6) ^ (-x_4 v x_5 v -x_7) ^ (-x_6 v -x_5 v -x_3) ^ (x_12 v -x_10 v -x_11) ^ (x_6 v -x_9 v -x_11) ^ (x_6 v x_10 v x_5) ^ (-x_2 v -x_11) ^ (x_2 v -x_0) ^ (x_3 v -x_12 v -x_2) ^ (x_9 v -x_3 v -x_6) ^ (-x_10 v x_4 v -x_3) ^ (x_3 v -x_1 v -x_8) ^ (x_3 v x_1 v -x_6) ^ (x_3 v x_6 v -x_0) ^ (-x_10 v x_5 v x_8) ^ (-x_5 v x_10 v -x_11) ^ (-x_12 v -x_5 v -x_11) ^ (-x_4 v x_2 v -x_0) ^ (x_1 v -x_7 v -x_3) ^ (-x_1 v -x_5 v x_8) ^ (x_1 v -x_2 v -x_0) ^ (-x_10 v x_4 v -x_11) ^ (x_0 v -x_7 v x_5) ^ (x_12 v -x_10 v x_2) ^ (x_9 v -x_10 v -x_8)]
5,14,1,0.13260984420776367,1.352437973022461,[(-x_2 v -x_0) ^ (x_2 v -x_0) ^ (-x_1 v -x_4 v -x_0) ^ (x_3 v x_1 v -x_2) ^ (x_1) ^ (x_3 v -x_1 v x_4) ^ (x_0 v -x_4 v -x_2) ^ (-x_2 v -x_3 v -x_0) ^ (x_4 v -x_0) ^ (x_4 v x_2 v -x_0) ^ (x_3 v -x_1 v -x_2) ^ (-x_4 v -x_3) ^ (x_3 v x_2 v x_0) ^ (x_1 v x_4 v -x_3)]
5,5,6,0.048538923263549805,0.21467971801757812,[(-x_1 v -x_3 v -x_0) ^ (-x_4 v x_2 v -x_3) ^ (x_0 v x_2) ^ (-x_1 v x_3 v x_0) ^ (x_0 v x_1 v -x_2)]
6,6,1,0.041657209396362305,0.12530040740966797,[(-x_5 v x_4) ^ (-x_4 v x_2 v -x_0) ^ (x_3 v -x_4 v x_2) ^ (-x_1 v -x_5 v x_2) ^ (-x_2 v x_5 v -x_3) ^ (x_1 v x_4 v -x_3)]
6,9,8,0.05894327163696289,0.31189918518066406,[(-x_2 v x_4) ^ (x_3 v -x_5 v -x_0) ^ (x_1 v x_2 v -x_0) ^ (-x_1 v -x_5 v x_0) ^ (-x_4 v -x_2 v -x_0) ^ (x_1 v x_4 v -x_0) ^ (-x_0 v x_1 v -x_3) ^ (x_5 v -x_3) ^ (x_4 v x_2)]
7,9,1,0.04008889198303223,0.13306331634521484,[(-x_4 v x_2 v -x_6) ^ (x_1 v -x_3 v -x_0) ^ (-x_1 v -x_3 v -x_0) ^ (-x_4 v -x_5 v -x_6) ^ (-x_1 v -x_5 v -x_3) ^ (x_0 v x_1 v x_2) ^ (-x_0 v -x_2 v -x_3) ^ (x_3 v x_1 v x_4) ^ (-x_1 v -x_5 v -x_6)]
7,12,12,0.09541630744934082,0.5375661849975586,[(-x_0 v -x_5 v -x_6) ^ (x_0 v -x_5 v -x_3) ^ (x_4 v x_2 v -x_6) ^ (-x_4 v -x_2) ^ (-x_1 v -x_0 v -x_6) ^ (-x_2 v x_5 v -x_0) ^ (x_4 v -x_0) ^ (-x_4 v x_2 v -x_3) ^ (x_1 v -x_2 v -x_6) ^ (x_0 v -x_6) ^ (x_2 v x_5 v -x_0) ^ (x_0 v -x_5 v -x_6)]
8,23,1,0.10933589935302734,0.2993049621582031,[(-x_1 v x_7 v -x_0) ^ (-x_0 v -x_5 v -x_3) ^ (x_1 v -x_6) ^ (-x_7 v x_2 v -x_3) ^ (x_3 v -x_7) ^ (-x_7 v x_4 v x_2) ^ (x_3 v -x_7 v -x_6) ^ (-x_1 v x_6 v -x_2) ^ (-x_0 v -x_2 v -x_6) ^ (x_3 v -x_7 v x_0) ^ (-x_0 v x_6 v -x_3) ^ (x_0 v x_7 v x_5) ^ (-x_7 v x_4 v x_5) ^ (x_6 v -x_4 v -x_3) ^ (x_3 v -x_5 v -x_2) ^ (-x_1 v -x_5 v -x_6) ^ (-x_1 v -x_2 v -x_0) ^ (x_3 v -x_2 v -x_6) ^ (-x_1 v -x_4 v -x_0) ^ (x_1 v -x_4 v -x_2) ^ (-x_4 v -x_5 v x_2) ^ (x_0 v -x_4 v x_7) ^ (x_4 v -x_0)]
8,22,16,0.29141736030578613,1.3831214904785156,[(x_3 v x_2 v x_5) ^ (x_0 v x_6 v x_1) ^ (x_0 v -x_4 v x_3) ^ (x_1 v -x_4 v -x_7) ^ (x_1 v x_4 v -x_6) ^ (-x_4 v x_2 v -x_3) ^ (x_1 v -x_6) ^ (-x_5 v -x_3 v x_4) ^ (x_6 v -x_2 v -x_0) ^ (x_0 v x_6) ^ (-x_2 v x_4 v -x_6) ^ (x_3 v x_5 v x_2) ^ (-x_5 v x_2 v x_4) ^ (-x_5 v -x_2 v x_7) ^ (x_3 v x_2 v -x_6) ^ (-x_1 v -x_3 v -x_6) ^ (x_6 v x_7 v -x_3) ^ (x_0 v x_1 v x_7) ^ (-x_1 v -x_7 v -x_6) ^ (-x_4 v x_2 v -x_0) ^ (x_4 v x_7 v -x_0) ^ (-x_1 v -x_7)]
9,16,1,0.04655337333679199,0.15863609313964844,[(x_7 v -x_3) ^ (x_1 v -x_4 v x_8) ^ (x_0 v x_7 v -x_2) ^ (x_1 v -x_3 v -x_0) ^ (x_3 v x_6 v x_2) ^ (-x_6 v -x_3 v x_8) ^ (-x_7 v x_2 v -x_6) ^ (-x_5 v x_2 v -x_3) ^ (-x_8 v -x_3) ^ (x_0 v -x_5 v x_4) ^ (-x_1 v -x_4 v -x_3) ^ (x_6 v x_5 v -x_0) ^ (x_3 v x_1 v x_4) ^ (x_7 v x_2 v -x_8) ^ (x_3 v -x_4 v -x_2) ^ (-x_6 v x_5 v x_8)]
9,11,23,0.15562939643859863,0.8168058395385742,[(x_0 v x_6) ^ (-x_0 v -x_5 v -x_6) ^ (x_0 v x_7) ^ (-x_4 v x_2 v -x_6) ^ (-x_2 v -x_5 v x_7) ^ (-x_5 v x_7 v x_8) ^ (x_0 v x_1 v x_7) ^ (-x_4 v -x_2 v -x_0) ^ (x_6 v x_1) ^ (x_0 v -x_7 v -x_8) ^ (x_3 v -x_7 v x_4)]
10,19,1,0.05209994316101074,0.16785335540771484,[(-x_4 v -x_2 v -x_0) ^ (x_7 v x_5 v x_8) ^ (x_6 v x_2 v x_8) ^ (-x_5 v -x_2 v x_7) ^ (-x_4 v -x_6 v -x_3) ^ (x_6 v x_1 v x_5) ^ (-x_9 v -x_5 v -x_8) ^ (-x_4 v -x_7 v -x_3) ^ (x_8 v x_9 v -x_0) ^ (x_6 v x_4 v x_2) ^ (x_9 v x_2 v -x_8) ^ (-x_5 v -x_7 v -x_2) ^ (-x_7 v x_5 v -x_0) ^ (-x_2 v -x_3 v x_8) ^ (-x_1 v -x_7 v -x_6) ^ (x_1 v x_4 v -x_8) ^ (x_6 v -x_9 v -x_7) ^ (x_1 v -x_4 v -x_2) ^ (-x_1 v -x_5)]
10,22,32,177.04178762435913,2.367917060852051,[(-x_5 v -x_3 v x_8) ^ (x_6 v x_4 v -x_3) ^ (x_6 v -x_5 v -x_8) ^ (x_8 v -x_2 v -x_0) ^ (x_1 v x_9 v -x_2) ^ (-x_1 v -x_8 v -x_6) ^ (-x_7 v x_4 v x_2) ^ (-x_1 v x_5 v -x_8) ^ (x_1 v x_7 v -x_3) ^ (x_6 v x_9 v x_7) ^ (-x_2 v -x_8 v -x_3) ^ (x_9 v -x_5 v -x_8) ^ (x_6 v -x_5 v x_4) ^ (x_0 v -x_5 v x_7) ^ (-x_7 v x_4 v -x_6) ^ (-x_5 v x_2 v -x_0) ^ (x_3 v -x_1 v x_8) ^ (-x_4 v x_7 v -x_0) ^ (x_1 v x_7) ^ (x_4 v x_2 v -x_0) ^ (x_1 v -x_5 v -x_6) ^ (x_3 v x_4 v -x_0)]
11,26,1,0.07166290283203125,0.20078372955322266,[(-x_0 v x_9 v -x_3) ^ (-x_1 v -x_10 v x_8) ^ (x_6 v -x_7) ^ (x_0 v -x_9) ^ (x_1 v -x_2 v x_5) ^ (-x_9 v x_4 v x_5) ^ (x_0 v x_10 v -x_6) ^ (x_1 v x_5 v -x_0) ^ (x_3 v x_2 v x_8) ^ (x_0 v -x_9 v x_7) ^ (x_0 v -x_2 v x_8) ^ (-x_2 v x_7 v x_4) ^ (x_4 v x_8) ^ (x_3 v x_4 v -x_6) ^ (-x_7 v x_4 v x_5) ^ (-x_1 v -x_4 v -x_2) ^ (x_10 v x_7 v -x_0) ^ (-x_4 v -x_5 v -x_7) ^ (-x_2 v -x_4 v -x_5) ^ (-x_6 v -x_8 v -x_0) ^ (-x_10 v -x_3) ^ (x_9 v x_10 v x_8) ^ (x_9 v -x_5 v x_8) ^ (-x_1 v -x_7 v -x_6) ^ (x_6 v x_2 v -x_0) ^ (x_9 v x_7 v x_2)]
11,21,46,386.6364097595215,3.252556800842285,[(x_3 v x_7 v -x_0) ^ (-x_0 v x_8) ^ (x_3 v -x_6) ^ (-x_2 v -x_7 v x_10) ^ (x_8 v x_4 v -x_0) ^ (x_3 v -x_1 v x_7) ^ (-x_9 v x_10 v -x_0) ^ (x_10 v x_9 v -x_5) ^ (x_6 v -x_8 v -x_3) ^ (-x_9 v x_1 v -x_6) ^ (x_3 v x_1 v x_9) ^ (x_0 v -x_9 v -x_3) ^ (x_3 v -x_7 v -x_2) ^ (x_6 v x_10) ^ (-x_4 v -x_7 v -x_6) ^ (x_3 v -x_10 v -x_6) ^ (x_3 v -x_9 v x_1) ^ (-x_1 v -x_5 v x_8) ^ (x_1 v -x_5 v -x_6) ^ (x_3 v x_10 v -x_5) ^ (-x_4 v x_7 v -x_8)]
12,24,1,0.10962867736816406,0.18497276306152344,[(-x_9 v x_7 v -x_0) ^ (x_9 v x_2 v -x_11) ^ (x_6 v x_9 v x_8) ^ (x_6 v x_10 v x_2) ^ (-x_1 v -x_2 v x_3) ^ (x_11 v -x_10 v -x_5) ^ (x_3 v -x_9 v -x_5) ^ (-x_0 v -x_10 v -x_6) ^ (-x_5 v -x_4 v x_10) ^ (-x_9 v x_2 v -x_0) ^ (x_6 v x_7 v -x_3) ^ (x_0 v x_9 v -x_11) ^ (-x_2 v x_10 v x_3) ^ (-x_7 v -x_6 v -x_11) ^ (-x_4 v x_9 v -x_11) ^ (x_9 v x_10 v -x_7) ^ (-x_10 v -x_3) ^ (x_9 v x_10 v -x_3) ^ (-x_4 v x_9 v -x_2) ^ (x_3 v x_1 v -x_7) ^ (x_0 v -x_7 v -x_5) ^ (x_9 v -x_7) ^ (x_10 v -x_5 v x_4) ^ (x_0 v -x_4 v x_8)]
12,22,64,inf,4.597160339355469,[(-x_1 v -x_2 v -x_8) ^ (-x_9 v x_5 v -x_8) ^ (x_3 v x_6 v -x_1) ^ (-x_5 v x_4) ^ (-x_1 v -x_7 v x_4) ^ (-x_1 v x_6 v x_3) ^ (-x_1 v x_8) ^ (x_11 v x_6 v x_9) ^ (-x_4 v -x_7 v -x_3) ^ (x_6 v x_1 v -x_3) ^ (x_11 v -x_9 v -x_4) ^ (-x_7 v x_2 v -x_11) ^ (-x_2 v -x_7 v -x_5) ^ (x_9 v x_5 v -x_7) ^ (-x_9 v x_10 v -x_3) ^ (x_0 v -x_2 v -x_6) ^ (x_0 v x_8) ^ (x_11 v x_1 v x_7) ^ (x_5 v x_2 v -x_0) ^ (x_0 v x_8 v -x_3) ^ (x_0 v -x_11 v x_8) ^ (x_1 v -x_10 v x_4)]
13,33,1,0.11627459526062012,0.21656513214111328,[(x_9 v -x_5 v -x_7) ^ (x_9 v x_4 v -x_3) ^ (x_3 v -x_12 v -x_10) ^ (-x_5 v x_2 v x_8) ^ (x_4 v x_2 v -x_8) ^ (-x_2 v x_4 v -x_3) ^ (-x_2 v x_1 v x_10) ^ (x_12 v -x_10 v -x_6) ^ (x_0 v x_6) ^ (-x_1 v -x_8 v -x_6) ^ (-x_2 v x_10 v x_8) ^ (x_6 v -x_10 v x_7) ^ (x_6 v -x_10 v -x_0) ^ (x_6 v -x_10 v -x_2) ^ (x_1 v x_12 v -x_11) ^ (x_6 v -x_12 v -x_3) ^ (-x_4 v -x_7 v -x_3) ^ (-x_1 v x_5 v -x_8) ^ (-x_7 v x_2 v -x_11) ^ (x_10 v x_7 v -x_6) ^ (x_10 v -x_5 v -x_0) ^ (x_11 v x_12 v x_8) ^ (x_11 v x_1 v -x_7) ^ (x_7 v x_8) ^ (-x_10 v x_7 v x_2) ^ (x_3 v -x_9 v -x_6) ^ (x_0 v -x_9 v x_4) ^ (x_6 v -x_3 v -x_0) ^ (-x_11 v x_10 v -x_0) ^ (-x_1 v x_2 v -x_6) ^ (-x_12 v -x_11) ^ (-x_12 v x_10 v x_7) ^ (-x_9 v -x_10 v x_7)]
13,37,91,inf,10.810590744018555,[(x_3 v x_2 v x_5) ^ (x_1 v -x_10 v -x_0) ^ (-x_10 v x_7 v -x_8) ^ (x_3 v -x_8 v -x_0) ^ (-x_12 v x_7 v x_2) ^ (x_3 v -x_12 v x_8) ^ (x_12 v -x_7 v -x_11) ^ (x_12 v -x_4 v x_3) ^ (-x_1 v -x_5 v -x_3) ^ (x_4 v x_5 v -x_8) ^ (x_3 v x_6 v -x_2) ^ (-x_7 v x_2 v -x_3) ^ (x_11 v x_6 v -x_9) ^ (x_11 v -x_2 v -x_6) ^ (x_3 v -x_12 v -x_0) ^ (x_6 v -x_9 v -x_11) ^ (x_0 v x_1 v -x_2) ^ (x_6 v -x_9 v x_8) ^ (-x_1 v x_12 v -x_6) ^ (-x_1 v x_5 v -x_8) ^ (x_3 v -x_12 v x_0) ^ (x_0 v -x_7 v x_11) ^ (x_1 v -x_7 v x_10) ^ (x_9 v x_10 v -x_7) ^ (x_3 v x_1 v x_5) ^ (x_11 v -x_9 v -x_12) ^ (x_7 v -x_8) ^ (-x_4 v -x_12 v x_9) ^ (x_12 v x_10 v -x_6) ^ (-x_9 v x_12 v -x_5) ^ (x_9 v -x_5 v -x_11) ^ (-x_0 v x_7 v -x_3) ^ (x_3 v -x_9 v -x_0) ^ (-x_9 v x_5 v -x_0) ^ (-x_12 v -x_7 v x_4) ^ (-x_0 v -x_5 v x_8) ^ (x_3 v x_7 v -x_6)]
5,12,1,0.06908655166625977,1.0463323593139648,[(-x_1 v x_4) ^ (x_3 v x_1 v -x_2) ^ (-x_4 v -x_0) ^ (-x_1 v x_4 v x_3) ^ (x_0 v -x_3) ^ (-x_4 v -x_2 v -x_0) ^ (-x_2 v x_4 v -x_3) ^ (x_0 v x_4 v -x_2) ^ (x_1 v -x_0) ^ (-x_2 v -x_3) ^ (x_3 v -x_4 v -x_2) ^ (x_3 v x_4 v -x_0)]
5,8,6,0.045545101165771484,0.25575733184814453,[(-x_1 v x_3 v -x_0) ^ (x_1 v -x_2) ^ (-x_4 v x_2 v -x_0) ^ (-x_1 v x_4 v -x_3) ^ (-x_0 v -x_2 v -x_3) ^ (-x_1 v -x_4 v x_0) ^ (x_0 v x_3) ^ (-x_4 v -x_3)]
6,13,1,0.03475809097290039,0.14467906951904297,[(x_0 v -x_1 v x_3) ^ (x_3 v x_4 v -x_0) ^ (-x_5 v -x_0) ^ (-x_4 v -x_2 v -x_0) ^ (-x_2 v -x_3 v -x_0) ^ (-x_4 v x_2 v -x_3) ^ (-x_1 v -x_2 v x_5) ^ (x_4 v -x_0) ^ (-x_1 v x_4 v x_0) ^ (x_1 v -x_2 v -x_0) ^ (x_4) ^ (-x_1 v -x_4 v x_2) ^ (x_0 v x_1 v -x_2)]
6,6,8,0.04549670219421387,0.26725292205810547,[(-x_1 v -x_2) ^ (x_3 v x_1 v -x_4) ^ (-x_4 v x_2 v -x_3) ^ (-x_2 v -x_3 v x_4) ^ (-x_4 v x_5 v -x_3) ^ (x_0 v x_1 v -x_3)]
7,15,1,0.03440999984741211,0.15044116973876953,[(x_0 v -x_6 v -x_3) ^ (x_1 v x_5 v -x_6) ^ (-x_1 v -x_5 v -x_2) ^ (x_3 v -x_0 v -x_6) ^ (-x_6 v x_5 v -x_0) ^ (x_0 v -x_1 v -x_3) ^ (x_0 v x_6 v -x_3) ^ (x_0 v x_4 v -x_6) ^ (-x_4 v x_5) ^ (x_0 v x_1) ^ (x_3 v -x_1 v -x_2) ^ (-x_1 v x_6 v x_5) ^ (-x_4 v x_2) ^ (-x_1 v -x_2 v -x_0) ^ (x_5 v x_2 v -x_3)]
7,13,12,0.09622979164123535,0.5546770095825195,[(x_0 v x_4 v x_5) ^ (x_6 v -x_2 v -x_0) ^ (x_3 v -x_0) ^ (x_6 v -x_0) ^ (-x_2 v -x_5) ^ (-x_1 v x_4 v -x_3) ^ (-x_1 v -x_2 v x_5) ^ (x_1 v x_2 v -x_3) ^ (x_1 v -x_2 v -x_0) ^ (-x_5 v -x_3) ^ (-x_1 v -x_2 v -x_6) ^ (-x_1 v -x_5 v -x_6) ^ (-x_1 v x_4 v -x_0)]
8,20,1,0.037071943283081055,0.17543506622314453,[(x_1 v -x_2 v -x_5) ^ (x_7 v x_5 v -x_3) ^ (-x_4 v -x_0) ^ (x_1 v -x_2 v x_5) ^ (-x_4 v -x_2 v x_5) ^ (-x_5 v -x_3 v x_4) ^ (-x_4 v -x_2 v x_7) ^ (-x_7 v -x_5 v -x_6) ^ (x_0 v -x_5) ^ (x_1 v -x_6 v -x_0) ^ (x_7 v -x_3 v x_4) ^ (x_6 v x_7 v x_2) ^ (-x_1 v x_6 v -x_4) ^ (-x_5 v -x_7 v -x_2) ^ (x_3 v x_1 v -x_0) ^ (-x_1 v x_6 v x_4) ^ (x_4 v x_2 v -x_6) ^ (x_1 v x_2 v -x_3) ^ (x_0 v x_7 v x_2) ^ (-x_1 v x_6 v -x_0)]
8,24,16,0.26406288146972656,1.3597078323364258,[(-x_0 v -x_3) ^ (x_3 v -x_1 v -x_6) ^ (-x_0 v -x_5 v -x_3) ^ (-x_4 v -x_2 v -x_6) ^ (-x_7 v x_2 v -x_0) ^ (-x_5 v x_4) ^ (x_6 v -x_4 v x_5) ^ (-x_1 v -x_5 v -x_0) ^ (-x_2 v x_7 v -x_0) ^ (x_2 v x_5) ^ (x_6 v -x_0) ^ (x_0 v x_1 v x_7) ^ (x_0 v x_5 v -x_6) ^ (x_5 v x_7 v x_2) ^ (x_1 v -x_5 v -x_0) ^ (x_0 v x_6 v -x_3) ^ (x_3 v -x_5 v x_0) ^ (-x_5 v -x_4 v -x_2) ^ (x_0 v -x_7 v -x_5) ^ (x_0 v -x_3) ^ (-x_7 v -x_2 v x_5) ^ (x_5 v x_2 v -x_0) ^ (x_0 v -x_4 v x_7) ^ (-x_1 v -x_7)]
9,16,1,0.03760051727294922,0.15670013427734375,[(x_6) ^ (x_0 v x_2 v -x_8) ^ (x_1 v x_7 v x_2) ^ (x_3 v -x_4 v x_8) ^ (-x_1 v x_6 v x_3) ^ (-x_0 v -x_4 v -x_3) ^ (x_3 v x_6 v x_0) ^ (x_0 v x_7 v x_8) ^ (-x_0 v -x_2 v x_4) ^ (x_0 v -x_8) ^ (x_1 v -x_5) ^ (x_0 v x_1 v -x_2) ^ (-x_4 v -x_2 v x_5) ^ (x_6 v x_1 v -x_5) ^ (x_1 v -x_4 v -x_6) ^ (x_4 v -x_8 v -x_6)]
9,10,23,0.0802452564239502,0.5956354141235352,[(x_0 v -x_4 v x_8) ^ (x_1 v -x_7 v -x_2) ^ (-x_5 v -x_8 v x_4) ^ (-x_2) ^ (-x_2 v -x_6) ^ (x_2 v -x_6) ^ (x_3 v x_2) ^ (x_1 v -x_0) ^ (-x_5 v x_7 v -x_0) ^ (-x_2 v x_5)]
10,15,1,0.037267208099365234,0.15120220184326172,[(x_1 v x_5) ^ (-x_1 v -x_5 v x_0) ^ (x_7 v x_8) ^ (x_0 v -x_2 v x_5) ^ (x_3 v -x_9 v x_2) ^ (-x_9 v -x_2 v -x_8) ^ (-x_6 v x_7 v -x_0) ^ (x_1 v -x_4 v -x_3) ^ (x_6 v -x_5) ^ (x_9 v x_7 v -x_6) ^ (x_3 v x_1 v x_9) ^ (-x_9 v -x_7 v x_5) ^ (x_7 v -x_8) ^ (x_0 v -x_7 v x_3) ^ (x_0 v x_8)]
10,25,32,316.3708801269531,2.5567026138305664,[(x_0 v x_6 v x_1) ^ (x_3 v x_9 v x_8) ^ (-x_0 v -x_7 v -x_3) ^ (x_0 v -x_2 v -x_8) ^ (x_6 v -x_7 v x_5) ^ (-x_7 v -x_5 v x_2) ^ (x_6 v -x_2 v -x_0) ^ (x_1 v -x_7 v -x_2) ^ (-x_4 v x_5 v -x_7) ^ (x_3 v -x_4 v -x_5) ^ (-x_2 v -x_3 v -x_0) ^ (-x_1 v -x_7 v x_0) ^ (x_3 v -x_7 v -x_2) ^ (x_1 v -x_9 v x_7) ^ (x_3 v x_9 v -x_2) ^ (x_1 v x_9) ^ (-x_6 v x_7 v -x_0) ^ (x_3 v -x_2 v x_8) ^ (x_6 v x_9 v -x_0) ^ (x_5) ^ (x_1 v -x_2 v x_4) ^ (x_0 v x_3) ^ (x_0 v x_7 v -x_3) ^ (-x_1 v x_6 v -x_0) ^ (-x_1 v -x_7 v x_8)]
11,16,1,0.05310678482055664,0.1563711166381836,[(-x_6 v x_5 v -x_3) ^ (x_1 v x_4 v -x_8) ^ (x_3 v -x_7 v -x_2) ^ (-x_6 v -x_2 v -x_3) ^ (x_9 v -x_2 v x_4) ^ (-x_9 v -x_10 v -x_2) ^ (x_5 v x_8) ^ (-x_1 v -x_2 v -x_3) ^ (-x_7 v x_2 v -x_8) ^ (x_6 v x_1 v x_8) ^ (x_6 v -x_7 v -x_0) ^ (-x_0 v -x_10 v -x_6) ^ (-x_5 v -x_2 v -x_8) ^ (-x_9 v -x_5 v -x_8) ^ (x_0 v x_9 v -x_6) ^ (x_6 v x_8)]
11,26,46,inf,3.8534364700317383,[(-x_1 v -x_5 v -x_2) ^ (-x_5 v x_10 v -x_0) ^ (-x_4 v x_2 v x_8) ^ (x_9 v x_5 v -x_6) ^ (-x_5 v x_7 v x_4) ^ (x_4 v -x_3) ^ (-x_7 v -x_5 v -x_10) ^ (-x_1 v x_6 v x_8) ^ (x_5 v -x_8) ^ (-x_5 v -x_0) ^ (-x_10 v x_7 v x_5) ^ (x_5 v x_2) ^ (x_3 v x_6 v -x_9) ^ (-x_1 v -x_9 v -x_2) ^ (x_0 v x_1 v -x_8) ^ (x_0 v x_10 v x_8) ^ (-x_7 v x_2 v x_5) ^ (x_1 v x_10 v -x_0) ^ (x_9 v -x_10) ^ (-x_2 v x_5 v x_8) ^ (-x_7 v -x_8 v -x_3) ^ (x_5 v -x_8 v -x_6) ^ (-x_7 v -x_2 v x_4) ^ (x_1 v -x_7 v -x_3) ^ (x_4 v x_2 v -x_0) ^ (x_7 v x_5 v -x_8)]
12,34,1,0.08219385147094727,0.2119598388671875,[(x_1 v -x_5 v -x_8) ^ (x_0 v x_5 v x_2) ^ (x_0 v -x_2 v x_5) ^ (-x_9 v -x_7 v -x_5) ^ (-x_9 v -x_4 v -x_2) ^ (x_11 v -x_5 v x_2) ^ (-x_11 v -x_8 v -x_6) ^ (x_3 v x_9 v -x_11) ^ (x_5 v -x_3) ^ (x_9 v x_7 v -x_3) ^ (x_11 v x_3 v -x_6) ^ (-x_7 v x_4) ^ (x_9 v -x_2) ^ (x_3 v x_10 v -x_8) ^ (x_9 v x_4 v x_8) ^ (-x_7 v -x_8 v -x_0) ^ (x_1 v x_10 v -x_0) ^ (x_3 v -x_2 v x_8) ^ (x_0 v -x_7) ^ (x_9 v -x_7 v -x_8) ^ (-x_9 v -x_6 v -x_3) ^ (-x_4 v -x_10 v x_5) ^ (x_3 v -x_1 v -x_10) ^ (x_3 v -x_4 v x_11) ^ (x_6 v x_8) ^ (x_7 v x_5 v -x_0) ^ (-x_2 v -x_5 v -x_8) ^ (-x_9 v -x_4 v -x_6) ^ (-x_10 v x_7 v x_2) ^ (-x_0 v -x_4 v -x_11) ^ (x_3 v x_9 v -x_8) ^ (-x_9 v x_7 v x_5) ^ (x_11 v -x_10 v x_2) ^ (-x_1 v x_4 v -x_6)]
12,14,64,33.0519814491272,2.69942569732666,[(-x_7 v -x_2 v x_8) ^ (x_3 v -x_5 v -x_0) ^ (-x_1 v -x_8 v -x_6) ^ (-x_5 v x_2) ^ (x_10 v x_7 v -x_6) ^ (x_11 v x_9 v x_10) ^ (x_4 v x_5 v -x_11) ^ (-x_9 v -x_5 v -x_11) ^ (x_6 v x_4 v x_5) ^ (x_4 v x_7 v -x_6) ^ (-x_4 v -x_8 v -x_3) ^ (x_3 v x_1 v x_2) ^ (-x_9 v -x_11 v -x_0) ^ (-x_1 v -x_8)]
13,17,1,0.05926370620727539,0.1626138687133789,[(x_11 v x_8 v -x_6) ^ (x_0 v -x_5 v -x_11) ^ (-x_4 v x_5 v -x_11) ^ (-x_9 v -x_10 v -x_8) ^ (x_3 v -x_12 v x_0) ^ (x_10 v -x_2 v -x_6) ^ (x_11 v -x_7) ^ (-x_10 v x_4 v x_2) ^ (x_7 v x_2 v x_8) ^ (x_6 v -x_12 v -x_8) ^ (-x_1 v -x_2 v -x_3) ^ (x_3 v x_6 v -x_9) ^ (x_3 v -x_10 v x_7) ^ (x_6 v x_9 v -x_5) ^ (x_3 v x_7 v x_0) ^ (-x_1 v -x_2 v -x_6) ^ (-x_7 v x_10 v -x_8)]
13,20,91,74.90456342697144,5.322257995605469,[(x_6 v -x_7 v x_8) ^ (x_3 v -x_1 v -x_0) ^ (x_6 v -x_7 v x_4) ^ (-x_9 v -x_7) ^ (x_9 v -x_10 v -x_3) ^ (-x_10 v -x_2 v x_4) ^ (-x_11 v -x_2 v -x_6) ^ (x_10 v -x_6) ^ (x_0 v -x_4 v -x_10) ^ (-x_12 v x_6 v x_1) ^ (-x_9 v x_10 v x_7) ^ (x_10 v x_2 v -x_6) ^ (x_11 v x_5) ^ (-x_9 v -x_11 v -x_6) ^ (x_1 v -x_7) ^ (-x_0 v -x_5 v -x_11) ^ (x_10 v x_5 v x_8) ^ (-x_9 v -x_10 v x_8) ^ (x_11 v x_10 v x_5) ^ (-x_7 v x_4 v -x_0)]
5,14,1,0.07262420654296875,1.0564422607421875,[(-x_2 v -x_0) ^ (x_2 v -x_3) ^ (x_1 v x_2 v -x_0) ^ (x_3 v x_2 v -x_0) ^ (x_2 v -x_3 v -x_0) ^ (x_1 v -x_3) ^ (-x_1 v -x_2 v -x_3) ^ (-x_4 v -x_2 v -x_3) ^ (-x_4 v -x_2 v -x_0) ^ (x_0 v x_1 v x_3) ^ (-x_2 v x_4 v -x_0) ^ (x_1 v -x_0) ^ (x_3 v x_1 v x_2) ^ (x_0 v x_1 v x_4)]
5,7,6,0.06521153450012207,0.2633647918701172,[(x_1 v x_4 v x_2) ^ (x_0 v -x_4 v -x_2) ^ (-x_1 v x_4 v -x_3) ^ (x_1 v x_2) ^ (x_1 v -x_4 v x_2) ^ (-x_1 v -x_4 v x_2) ^ (x_4 v x_2)]
6,11,1,0.04306483268737793,0.13849639892578125,[(x_1 v x_2 v x_5) ^ (x_2 v -x_3) ^ (-x_1 v -x_4 v -x_0) ^ (x_5 v -x_4 v x_2) ^ (x_1 v -x_5 v x_4) ^ (x_0 v -x_4 v -x_2) ^ (x_3 v -x_4 v x_2) ^ (x_3 v -x_4) ^ (-x_0 v x_4 v -x_3) ^ (-x_1 v -x_2 v x_5) ^ (-x_4 v x_5 v -x_0)]
6,14,8,0.07670307159423828,0.47212886810302734,[(x_3 v -x_2) ^ (-x_0 v -x_3) ^ (-x_2 v x_5 v x_4) ^ (x_2 v -x_3 v -x_0) ^ (-x_4 v -x_2 v -x_3) ^ (-x_4 v -x_5 v x_2) ^ (x_3 v -x_2 v -x_0) ^ (x_1 v -x_2 v -x_0) ^ (x_5 v -x_3) ^ (-x_0 v -x_5 v x_4) ^ (x_3 v -x_1 v -x_5) ^ (x_1 v x_4 v x_5) ^ (x_3 v -x_5 v x_2) ^ (x_1 v x_5 v -x_0)]
7,14,1,0.04088783264160156,0.14234161376953125,[(-x_0 v x_1 v -x_6) ^ (x_3 v -x_1) ^ (x_6 v x_5) ^ (-x_1 v x_4 v -x_2) ^ (x_5 v -x_4 v x_2) ^ (x_1 v -x_4 v -x_2) ^ (x_6 v -x_4 v -x_2) ^ (x_6 v -x_5 v -x_0) ^ (x_5 v -x_3 v -x_6) ^ (x_1 v -x_5 v -x_0) ^ (x_5) ^ (x_0 v x_2) ^ (x_6 v -x_4 v x_2) ^ (-x_1 v -x_2 v -x_0)]
7,20,12,0.23468351364135742,0.9592161178588867,[(x_3 v -x_4 v x_2) ^ (x_6 v x_1 v -x_4) ^ (-x_1 v x_5 v -x_0) ^ (-x_4 v -x_6 v -x_3) ^ (x_6 v x_1 v -x_2) ^ (x_3 v -x_4 v -x_0) ^ (-x_0 v -x_6) ^ (-x_0 v -x_5 v x_4) ^ (x_0 v -x_1 v x_3) ^ (x_0 v x_6 v x_2) ^ (x_6 v -x_2 v -x_3) ^ (x_3 v x_2 v -x_0) ^ (-x_2 v -x_5) ^ (x_0 v x_6 v -x_3) ^ (-x_1 v -x_4 v x_2) ^ (x_0 v x_4 v x_5) ^ (x_2 v -x_3) ^ (-x_0 v x_2 v -x_3) ^ (x_3 v x_1 v x_0) ^ (x_3 v x_4 v -x_0)]
8,12,1,0.04393649101257324,0.1534748077392578,[(x_0 v x_5 v x_3) ^ (x_7 v -x_3 v -x_0) ^ (x_0 v -x_4 v -x_5) ^ (x_5 v -x_4 v x_2) ^ (x_6 v -x_4 v -x_2) ^ (x_6 v -x_2) ^ (-x_1 v x_4 v x_2) ^ (x_3 v -x_7 v x_4) ^ (x_0 v -x_5 v x_2) ^ (x_6 v -x_3) ^ (x_0 v x_1 v x_4) ^ (x_1 v x_4 v -x_3)]
8,23,16,0.32855749130249023,1.3236370086669922,[(x_3 v -x_4 v x_2) ^ (x_0 v x_6 v -x_4) ^ (-x_5 v -x_6) ^ (x_6 v x_1 v -x_0) ^ (x_1 v -x_5 v x_7) ^ (-x_5 v -x_2 v x_7) ^ (x_6 v -x_2 v x_5) ^ (x_3 v x_6 v x_1) ^ (x_4 v -x_6) ^ (x_3 v x_4 v -x_6) ^ (x_0 v x_1 v -x_2) ^ (x_3 v -x_7 v x_0) ^ (x_0 v -x_2) ^ (x_3 v x_6 v -x_5) ^ (-x_1 v x_6 v x_2) ^ (-x_1 v x_4 v x_5) ^ (x_6 v -x_5) ^ (-x_4 v x_7 v x_5) ^ (-x_1 v x_7 v -x_2) ^ (x_0 v -x_1 v -x_7) ^ (x_0 v -x_1 v -x_2) ^ (x_0 v x_7 v x_2) ^ (x_3 v x_4 v -x_0)]
9,14,1,0.04196929931640625,0.15216445922851562,[(x_1 v -x_7 v -x_6) ^ (x_0 v x_5 v x_2) ^ (-x_4 v x_5 v -x_8) ^ (-x_1 v -x_7 v x_4) ^ (x_3 v -x_7 v -x_2) ^ (x_1 v -x_4 v -x_2) ^ (-x_4 v -x_2 v -x_6) ^ (x_6 v x_1 v x_8) ^ (x_5 v -x_0) ^ (-x_6 v x_7 v x_4) ^ (x_3 v x_1 v -x_6) ^ (x_0 v x_6 v x_7) ^ (x_0 v x_4 v -x_8) ^ (-x_6 v x_5 v x_8)]
9,11,23,0.2883939743041992,0.9049863815307617,[(-x_1 v -x_4 v -x_5) ^ (x_3 v x_4 v x_5) ^ (x_4 v x_2 v -x_6) ^ (x_3 v x_7 v -x_8) ^ (-x_1 v x_6 v x_3) ^ (x_0 v x_2 v -x_3) ^ (x_3 v x_1 v x_5) ^ (x_8 v x_4 v -x_0) ^ (-x_1 v -x_5 v -x_6) ^ (-x_7 v x_2 v x_8) ^ (-x_5 v -x_8)]
10,15,1,0.04514431953430176,0.14512157440185547,[(x_3 v x_4 v x_2) ^ (-x_2 v -x_8 v -x_6) ^ (-x_9 v -x_5 v x_8) ^ (x_0 v x_7 v x_2) ^ (-x_8 v -x_6) ^ (x_1) ^ (x_6 v x_9 v x_8) ^ (-x_4 v -x_2) ^ (-x_4 v -x_8) ^ (x_9 v x_5 v -x_3) ^ (x_3 v x_5 v -x_8) ^ (x_7 v x_4) ^ (-x_7 v -x_8) ^ (x_0 v -x_4 v x_9) ^ (-x_4 v -x_5 v x_7)]
10,14,32,0.42664241790771484,1.4088621139526367,[(x_6 v x_9 v x_7) ^ (x_6 v -x_0) ^ (-x_3 v -x_6) ^ (x_9 v x_2 v -x_6) ^ (x_3 v x_4 v -x_8) ^ (x_6 v -x_9 v -x_4) ^ (-x_4 v -x_7 v -x_0) ^ (-x_5 v x_2 v -x_3) ^ (x_3 v x_2 v -x_8) ^ (-x_0 v -x_2 v -x_3) ^ (x_0 v x_9 v -x_6) ^ (-x_1 v -x_0) ^ (-x_9 v x_7 v x_5) ^ (x_3 v -x_4 v x_0)]
11,17,1,0.057234764099121094,0.1710653305053711,[(x_10 v -x_2 v -x_3) ^ (x_4 v x_2 v -x_3) ^ (-x_1 v -x_7 v x_4) ^ (-x_5 v -x_3 v -x_0) ^ (x_3 v x_5 v x_8) ^ (x_0 v x_7 v x_4) ^ (x_3 v x_9 v x_5) ^ (x_9 v x_4 v x_2) ^ (-x_4 v -x_10 v -x_6) ^ (x_0 v x_10 v x_7) ^ (x_0 v x_7 v x_8) ^ (x_6 v x_2) ^ (-x_1 v x_4 v x_0) ^ (x_0 v x_1) ^ (-x_1 v x_10 v -x_8) ^ (x_4 v x_2 v -x_0) ^ (-x_5 v x_7 v x_4)]
11,24,46,inf,3.8601741790771484,[(x_9 v -x_2 v -x_8) ^ (x_0 v -x_5 v -x_8) ^ (x_1 v -x_10 v -x_2) ^ (x_2 v -x_6) ^ (x_1 v -x_5 v x_8) ^ (x_10 v -x_3 v -x_6) ^ (x_3 v -x_1 v x_0) ^ (x_3 v x_7 v x_2) ^ (x_1 v x_7 v x_5) ^ (x_0 v x_9 v -x_2) ^ (-x_4 v -x_2 v x_7) ^ (x_6 v -x_2 v x_5) ^ (x_0 v x_9 v x_8) ^ (x_3 v x_10 v -x_6) ^ (x_1 v -x_4 v -x_6) ^ (x_3 v x_9 v -x_2) ^ (x_1 v x_4 v -x_0) ^ (-x_5 v -x_2 v x_4) ^ (-x_6 v -x_3 v -x_0) ^ (x_9 v -x_7 v -x_8) ^ (x_0 v x_9 v -x_7) ^ (-x_4 v x_2 v -x_6) ^ (-x_10 v x_2) ^ (x_0 v x_7 v x_2)]
12,32,1,0.14137697219848633,0.2030353546142578,[(x_10 v x_5 v -x_0) ^ (-x_6 v x_10 v x_8) ^ (x_4 v x_2) ^ (-x_4 v -x_6 v -x_0) ^ (-x_7 v -x_2) ^ (x_5 v -x_3 v x_8) ^ (-x_6 v x_5 v -x_0) ^ (x_6 v -x_2) ^ (-x_1 v x_7 v -x_11) ^ (-x_9 v -x_4 v -x_5) ^ (x_11 v -x_0 v -x_6) ^ (x_3 v x_1) ^ (-x_4 v -x_7 v x_8) ^ (x_0 v -x_1 v -x_5) ^ (x_1 v x_4) ^ (-x_7 v -x_6 v -x_0) ^ (x_3 v -x_8 v -x_6) ^ (x_0 v x_9 v x_4) ^ (x_6 v x_10 v x_5) ^ (x_0 v -x_1) ^ (-x_9 v x_4 v -x_0) ^ (x_3 v -x_9 v -x_4) ^ (x_0 v x_1 v x_2) ^ (x_1 v x_7 v -x_8) ^ (x_3 v x_1 v -x_0) ^ (x_0 v -x_3 v -x_6) ^ (x_1 v -x_9 v x_2) ^ (-x_1 v x_10) ^ (-x_7 v -x_6) ^ (x_6 v -x_7 v -x_2) ^ (-x_9 v -x_2 v x_8) ^ (x_11 v x_7 v -x_6)]
12,18,64,228.56666159629822,3.54486083984375,[(x_11 v -x_9) ^ (x_10 v x_5) ^ (x_6 v x_10 v -x_3) ^ (x_1 v x_7 v x_5) ^ (-x_9 v x_2 v -x_8) ^ (-x_4 v x_5 v -x_8) ^ (x_3 v -x_7 v -x_2) ^ (-x_2 v x_7 v -x_3) ^ (-x_10 v x_4 v -x_6) ^ (x_0 v x_6 v x_5) ^ (-x_2 v -x_5) ^ (-x_10 v x_7 v x_2) ^ (x_0 v x_1 v -x_6) ^ (x_11 v -x_10 v x_4) ^ (-x_1 v -x_8 v -x_11) ^ (x_1 v -x_10 v -x_8) ^ (x_11 v -x_7 v -x_0) ^ (-x_5 v x_2 v -x_11)]
13,38,1,0.10697460174560547,0.22275257110595703,[(x_9 v x_4 v -x_3) ^ (x_3 v x_4 v x_5) ^ (-x_10 v -x_5) ^ (x_11 v -x_9 v x_2) ^ (x_0 v x_6 v x_8) ^ (-x_1 v -x_8) ^ (x_11 v -x_4 v -x_5) ^ (x_1 v x_5 v -x_0) ^ (-x_4 v -x_2 v -x_8) ^ (x_1 v -x_9 v -x_11) ^ (-x_1 v -x_7 v x_4) ^ (x_0 v -x_9 v x_10) ^ (x_0 v x_12 v -x_10) ^ (x_8 v x_2 v -x_3) ^ (-x_7 v x_10 v -x_11) ^ (-x_1 v -x_8 v x_11) ^ (-x_12 v -x_9 v -x_0) ^ (-x_12 v -x_0) ^ (x_8 v x_9 v -x_0) ^ (-x_2 v -x_9 v x_10) ^ (-x_12 v x_7 v -x_11) ^ (x_12 v -x_7 v -x_6) ^ (x_11 v x_4 v -x_2) ^ (x_6 v x_12 v -x_11) ^ (x_3 v x_6 v -x_7) ^ (-x_5 v x_12 v x_10) ^ (x_6 v x_7 v x_4) ^ (-x_5 v x_10 v -x_6) ^ (x_6 v x_5) ^ (-x_1 v -x_4 v -x_5) ^ (-x_12 v -x_4 v -x_3) ^ (-x_12 v x_8) ^ (x_3 v -x_4 v -x_8) ^ (x_11 v x_4 v x_5) ^ (x_10 v -x_5 v x_4) ^ (-x_1 v x_7 v x_2) ^ (-x_8 v -x_3) ^ (x_1 v -x_4 v -x_5)]
13,31,91,inf,8.806197166442871,[(x_8 v x_5 v -x_11) ^ (x_0 v -x_2 v x_5) ^ (x_9 v x_7 v -x_0) ^ (x_11 v -x_4 v x_2) ^ (-x_2 v -x_5 v x_10) ^ (-x_9 v x_10 v -x_11) ^ (x_12 v x_7 v -x_0) ^ (x_1 v -x_10 v x_8) ^ (x_9 v -x_4 v -x_2) ^ (-x_12 v -x_11 v -x_6) ^ (-x_10 v -x_5 v -x_0) ^ (-x_5 v -x_8 v -x_3) ^ (x_3 v -x_7 v x_5) ^ (x_11 v -x_7 v -x_6) ^ (-x_11 v -x_5 v -x_3) ^ (x_6 v -x_10 v x_8) ^ (-x_4 v -x_6) ^ (x_3 v -x_9 v -x_4) ^ (x_1 v -x_5) ^ (x_12 v -x_5 v x_8) ^ (x_6 v x_5 v -x_11) ^ (x_7 v -x_8 v -x_0) ^ (-x_12 v -x_4 v x_7) ^ (x_9 v x_12 v x_7) ^ (-x_1 v x_5 v -x_3) ^ (x_3 v x_5 v -x_11) ^ (x_3 v x_6 v x_0) ^ (x_0 v -x_12 v x_10) ^ (x_11 v -x_10 v -x_8) ^ (-x_1 v -x_4 v x_7) ^ (-x_1 v -x_10 v -x_8)]
5,6,1,0.06855106353759766,1.029245376586914,[(x_1 v -x_4 v -x_2) ^ (-x_4 v -x_0) ^ (x_1 v -x_4) ^ (x_0 v x_3) ^ (x_3 v -x_4 v -x_2) ^ (-x_1 v x_4 v -x_0)]
5,11,6,0.06661319732666016,0.28603458404541016,[(-x_1 v -x_3) ^ (x_3 v -x_0) ^ (-x_1 v x_2 v -x_3) ^ (-x_1 v -x_2 v x_0) ^ (x_3 v -x_1 v -x_0) ^ (-x_1 v -x_4) ^ (-x_1 v -x_2 v -x_0) ^ (-x_4 v x_2) ^ (x_4 v x_2) ^ (-x_4 v -x_3 v -x_0) ^ (-x_0 v -x_4 v -x_3)]
6,14,1,0.0472259521484375,0.14775753021240234,[(x_4 v x_2 v -x_3) ^ (x_3 v -x_5 v -x_0) ^ (x_2 v -x_0) ^ (-x_1 v x_2 v -x_3) ^ (x_0 v -x_5 v -x_2) ^ (x_2 v -x_3 v -x_0) ^ (x_0 v -x_4 v -x_2) ^ (-x_5 v x_2 v x_4) ^ (-x_1 v x_4 v x_5) ^ (x_0 v x_1 v x_2) ^ (-x_5 v -x_2 v -x_3) ^ (-x_4 v -x_3) ^ (-x_2 v -x_3) ^ (-x_1 v -x_0 v -x_3)]
6,13,8,1.0237634181976318,0.9315156936645508,[(x_3 v -x_2) ^ (-x_1 v -x_4 v -x_0) ^ (x_0 v x_4 v -x_3) ^ (x_3 v x_2 v -x_0) ^ (-x_1 v x_4 v x_5) ^ (-x_4 v -x_2) ^ (x_1 v x_4 v -x_0) ^ (-x_1 v x_5 v -x_0) ^ (-x_0 v -x_2 v x_4) ^ (-x_1 v -x_5 v -x_3) ^ (x_0 v -x_2 v -x_3) ^ (-x_4 v -x_3) ^ (x_3 v x_4)]
7,11,1,0.04307365417480469,0.14457988739013672,[(-x_2 v x_4) ^ (-x_1 v x_6 v x_2) ^ (-x_6 v x_5 v -x_0) ^ (-x_1 v x_6 v x_4) ^ (x_3 v x_1 v -x_4) ^ (x_3 v -x_5 v -x_2) ^ (x_0 v x_4 v -x_6) ^ (-x_1 v -x_4 v x_5) ^ (-x_2 v -x_3 v x_4) ^ (x_1 v -x_2 v -x_0) ^ (x_1 v x_4 v -x_3)]
7,17,12,1.0676043033599854,0.9991779327392578,[(-x_6 v x_5 v -x_3) ^ (-x_6 v x_5 v -x_0) ^ (x_3 v -x_4 v -x_2) ^ (x_0 v -x_4 v -x_2) ^ (x_6 v x_1 v x_2) ^ (-x_1 v -x_4) ^ (x_0 v -x_5 v x_3) ^ (x_1 v -x_4 v x_2) ^ (-x_1 v x_2 v x_3) ^ (x_4 v x_2 v -x_0) ^ (-x_6 v -x_5 v x_4) ^ (-x_0 v -x_5 v x_4) ^ (-x_1 v -x_2 v -x_6) ^ (-x_5 v -x_3) ^ (x_0 v x_3 v x_2) ^ (-x_1 v x_4 v x_3) ^ (-x_6 v x_2 v -x_3)]
8,11,1,0.042038917541503906,0.14104270935058594,[(x_3 v x_1 v -x_7) ^ (-x_1 v -x_7 v -x_6) ^ (x_0 v x_4 v -x_3) ^ (x_1 v -x_5 v x_4) ^ (-x_4 v x_2 v -x_0) ^ (x_1 v -x_5 v -x_3) ^ (-x_4 v x_2 v -x_7) ^ (-x_1 v -x_7 v x_5) ^ (-x_1 v x_4 v x_2) ^ (-x_6 v -x_5 v x_4) ^ (-x_7 v x_4)]
8,8,16,0.10793375968933105,0.4810018539428711,[(x_3 v x_2 v x_5) ^ (x_1 v x_2 v -x_6) ^ (-x_7 v x_4 v x_5) ^ (x_6 v -x_2) ^ (x_1 v x_7) ^ (x_0 v x_2 v -x_3) ^ (-x_4 v -x_2 v -x_7) ^ (-x_1 v x_4 v -x_6)]
9,17,1,0.050811052322387695,0.16042232513427734,[(-x_6 v -x_5 v x_8) ^ (-x_4 v x_8) ^ (x_3 v x_4 v -x_8) ^ (x_3 v -x_6) ^ (-x_4 v x_7 v x_2) ^ (x_6 v -x_4 v x_5) ^ (x_1 v -x_2 v x_8) ^ (-x_1 v -x_5 v x_4) ^ (x_0 v -x_7 v -x_3) ^ (x_0 v x_8 v -x_6) ^ (x_3 v -x_7 v -x_6) ^ (-x_1 v -x_5 v x_2) ^ (-x_4 v -x_7) ^ (-x_6 v -x_2 v x_4) ^ (x_6 v x_1 v -x_5) ^ (-x_4 v -x_5 v -x_3) ^ (x_7 v x_5)]
9,20,23,0.3130605220794678,1.3639354705810547,[(-x_2 v -x_5 v -x_3) ^ (x_1 v x_8 v -x_3) ^ (-x_4 v -x_2 v -x_6) ^ (-x_1 v -x_5 v -x_3) ^ (x_0 v -x_6) ^ (-x_4 v -x_2 v -x_7) ^ (x_3 v -x_1 v x_0) ^ (x_6 v x_1 v -x_5) ^ (-x_1 v -x_3) ^ (x_0 v -x_5 v -x_2) ^ (x_6 v -x_5 v x_7) ^ (-x_1 v x_0 v -x_3) ^ (-x_4 v -x_7 v -x_3) ^ (x_4 v x_5 v -x_3) ^ (x_0 v x_1 v -x_4) ^ (-x_2 v x_5) ^ (-x_4 v x_2 v -x_0) ^ (x_3 v -x_4 v -x_6) ^ (-x_7 v x_5 v -x_8) ^ (-x_2 v -x_3)]
10,28,1,0.06503057479858398,0.2113637924194336,[(-x_9 v x_5 v -x_6) ^ (x_0 v x_9 v x_5) ^ (x_0 v -x_7 v -x_6) ^ (x_3 v x_4 v x_5) ^ (x_4 v x_7 v -x_8) ^ (x_7 v x_5 v x_8) ^ (x_0 v -x_2 v -x_8) ^ (-x_7 v -x_2) ^ (x_1 v x_7 v x_5) ^ (-x_5 v x_4) ^ (x_9 v x_5 v x_8) ^ (x_3 v -x_4 v -x_0) ^ (x_5 v -x_3) ^ (-x_6 v x_4 v x_8) ^ (x_6 v x_1 v -x_3) ^ (-x_1 v x_3 v x_2) ^ (x_0 v x_7 v x_5) ^ (x_3 v x_6 v -x_5) ^ (-x_1 v x_9 v x_5) ^ (-x_9 v x_1 v x_5) ^ (-x_4 v x_5 v -x_0) ^ (x_3 v -x_1 v -x_4) ^ (x_3 v -x_1 v -x_9) ^ (x_6 v x_9 v x_4) ^ (x_7 v x_8) ^ (-x_1 v -x_4 v -x_7) ^ (x_9 v -x_2 v -x_0) ^ (-x_9 v x_4 v x_2)]
10,26,32,1.3533639907836914,2.865163803100586,[(x_5 v -x_6) ^ (x_1 v -x_4 v -x_7) ^ (-x_9 v x_5 v -x_8) ^ (x_4 v x_5 v -x_8) ^ (-x_4 v x_7 v -x_3) ^ (x_6 v -x_4 v -x_0) ^ (-x_9 v -x_7 v x_5) ^ (-x_9 v -x_5 v -x_0) ^ (x_8 v x_5 v -x_6) ^ (x_6 v -x_4 v x_5) ^ (-x_9 v x_7 v -x_6) ^ (-x_9 v -x_7 v -x_0) ^ (x_9 v x_7 v x_8) ^ (x_1 v -x_8 v -x_3) ^ (-x_0 v -x_2 v -x_6) ^ (x_0 v x_1 v -x_2) ^ (x_7 v -x_0) ^ (-x_1 v x_2 v x_0) ^ (x_5 v x_7 v x_2) ^ (x_9 v x_2 v -x_8) ^ (x_0 v -x_9 v -x_2) ^ (-x_9 v -x_2 v -x_0) ^ (x_0 v x_7 v -x_8) ^ (-x_6 v -x_2 v x_4) ^ (-x_9 v -x_7 v -x_2) ^ (x_3 v x_9 v -x_8)]
11,33,1,0.07900166511535645,0.2277050018310547,[(-x_9 v -x_7 v x_2) ^ (x_0 v -x_2 v x_5) ^ (-x_10 v x_5 v -x_6) ^ (-x_5 v x_7 v x_8) ^ (x_3 v -x_6 v -x_0) ^ (-x_1 v -x_7 v -x_2) ^ (-x_1 v -x_5 v x_7) ^ (x_3 v -x_10 v -x_2) ^ (-x_4 v x_2 v x_8) ^ (x_1 v -x_6) ^ (x_3 v x_6 v -x_2) ^ (x_6 v -x_9 v -x_10) ^ (-x_4 v -x_10 v -x_8) ^ (-x_9 v -x_4 v -x_3) ^ (x_6 v -x_10 v -x_7) ^ (x_3 v x_5 v x_0) ^ (-x_4 v -x_6 v -x_3) ^ (x_1 v x_9 v -x_10) ^ (x_6 v x_1 v x_2) ^ (-x_0 v -x_3 v -x_6) ^ (x_7 v -x_0) ^ (x_1 v x_9 v x_10) ^ (x_6 v x_1 v -x_10) ^ (x_0 v x_4 v x_2) ^ (-x_1 v x_9 v x_5) ^ (-x_5 v -x_8 v -x_6) ^ (x_1 v -x_3 v -x_6) ^ (x_0 v -x_7 v x_5) ^ (x_4 v x_5 v -x_0) ^ (-x_5 v -x_3 v -x_6) ^ (x_1 v -x_7 v -x_3) ^ (-x_7 v x_10 v -x_3) ^ (x_4 v -x_8 v -x_0)]
11,24,46,424.0718050003052,3.4232168197631836,[(x_3 v -x_10 v x_8) ^ (x_5 v -x_6) ^ (x_9 v -x_10 v -x_7) ^ (-x_1 v -x_5 v -x_2) ^ (x_2 v x_10 v x_5) ^ (x_1 v x_8 v -x_3) ^ (x_10 v x_2 v -x_0) ^ (-x_10 v x_5 v -x_6) ^ (-x_9 v x_5 v -x_8) ^ (x_6 v x_10 v x_2) ^ (x_9 v -x_10 v x_2) ^ (-x_5 v -x_2 v -x_8) ^ (-x_0 v x_1 v -x_6) ^ (x_0 v x_10 v -x_8) ^ (-x_1 v -x_6) ^ (x_2 v -x_8 v -x_0) ^ (-x_0 v x_1 v x_8) ^ (x_6 v x_9) ^ (-x_5 v x_7 v -x_3) ^ (-x_9 v -x_4 v x_10) ^ (x_1 v -x_7 v x_10) ^ (-x_10 v x_4 v -x_3) ^ (-x_9 v -x_8 v -x_3) ^ (x_9 v -x_8 v -x_0)]
12,15,1,0.062160491943359375,0.15938854217529297,[(-x_0 v x_6 v -x_3) ^ (x_3 v -x_11 v -x_0) ^ (x_2 v -x_8 v -x_0) ^ (x_0 v x_9 v x_8) ^ (x_7 v x_2) ^ (-x_1 v x_6 v x_9) ^ (x_6 v -x_8 v -x_0) ^ (x_5 v -x_8 v -x_0) ^ (x_0 v x_4 v x_8) ^ (-x_9 v -x_7 v -x_2) ^ (-x_1 v x_7 v x_0) ^ (x_11 v x_1) ^ (-x_10 v -x_2 v x_7) ^ (-x_3 v -x_0) ^ (x_0 v x_1 v x_4)]
12,14,64,154.61887431144714,2.8566970825195312,[(x_3 v x_1 v -x_7) ^ (-x_1 v x_10 v x_8) ^ (x_3 v x_1 v -x_2) ^ (-x_9 v -x_4) ^ (x_11 v -x_7 v -x_3) ^ (x_0 v -x_2 v x_4) ^ (-x_4 v x_9 v -x_5) ^ (x_3 v -x_9 v x_1) ^ (x_0 v -x_8) ^ (-x_1 v x_7 v -x_3) ^ (-x_10 v -x_2 v x_5) ^ (-x_9 v -x_2 v x_8) ^ (x_11 v x_9 v x_3) ^ (x_1 v -x_4 v -x_6)]
13,35,1,0.13153386116027832,0.2147045135498047,[(-x_4 v -x_3 v -x_6) ^ (-x_5 v x_10 v -x_0) ^ (x_3 v -x_1 v x_4) ^ (x_11 v -x_4 v -x_3) ^ (x_9 v x_8) ^ (x_2 v x_5 v -x_6) ^ (x_11 v -x_10 v x_3) ^ (x_1 v x_12 v x_8) ^ (-x_10 v x_5) ^ (x_3 v x_7 v x_2) ^ (x_5 v -x_3 v x_8) ^ (x_3 v -x_4 v x_9) ^ (-x_9 v -x_5 v -x_6) ^ (-x_1 v x_7 v -x_11) ^ (-x_12 v -x_10 v -x_8) ^ (-x_4 v -x_7 v x_8) ^ (x_3 v x_10 v -x_6) ^ (x_11 v x_6 v x_4) ^ (x_0 v -x_12 v x_4) ^ (x_1 v -x_12 v x_10) ^ (-x_9 v -x_7 v -x_8) ^ (x_0 v -x_9 v -x_3) ^ (x_6 v -x_4 v -x_3) ^ (x_1 v -x_8 v -x_11) ^ (-x_1 v x_6 v x_9) ^ (x_3 v -x_2 v x_8) ^ (-x_9 v -x_11 v x_8) ^ (-x_5 v x_7 v -x_0) ^ (-x_4 v x_12 v x_5) ^ (-x_9 v x_2) ^ (x_6 v -x_8) ^ (x_12 v -x_3 v -x_11) ^ (x_1 v x_12 v -x_3) ^ (x_4 v x_7 v -x_0) ^ (-x_0 v x_8)]
13,36,91,inf,9.90130615234375,[(-x_12 v -x_6 v -x_3) ^ (x_3 v -x_10 v x_8) ^ (x_3 v x_7 v -x_0) ^ (-x_4 v -x_3 v -x_6) ^ (x_11 v -x_2 v -x_3) ^ (x_3 v -x_0 v x_8) ^ (x_9 v x_8) ^ (-x_4 v -x_2 v -x_7) ^ (-x_9 v -x_7 v x_5) ^ (-x_1 v x_8 v x_11) ^ (x_4 v -x_8 v -x_6) ^ (-x_0 v -x_2 v -x_11) ^ (-x_9 v -x_12 v -x_0) ^ (-x_2 v x_10 v -x_3) ^ (x_1 v -x_5 v -x_3) ^ (x_2 v -x_8 v -x_11) ^ (-x_6 v -x_2 v -x_11) ^ (x_0 v x_10 v x_8) ^ (x_10 v -x_8 v -x_0) ^ (-x_9 v x_1 v x_4) ^ (-x_1 v x_7 v -x_8) ^ (-x_4 v x_10 v -x_11) ^ (-x_4 v -x_11) ^ (x_6 v x_7 v x_2) ^ (-x_12 v -x_4 v -x_7) ^ (x_11 v x_8 v x_0) ^ (-x_9 v -x_4 v x_8) ^ (x_12 v -x_2 v -x_0) ^ (x_0 v x_9 v -x_7) ^ (x_9 v -x_10 v -x_0) ^ (-x_1 v -x_12 v x_4) ^ (-x_10 v -x_8 v -x_11) ^ (x_6 v x_9 v -x_8) ^ (-x_10 v x_2 v -x_0) ^ (x_3 v -x_4 v -x_7) ^ (x_3 v x_4 v -x_0)]
5,6,1,0.07172107696533203,1.0291061401367188,[(-x_1 v x_2 v -x_3) ^ (x_0 v x_4) ^ (x_3 v x_1) ^ (x_1 v -x_4 v -x_3) ^ (-x_1 v -x_0) ^ (x_1 v -x_0)]
5,8,6,0.05404496192932129,0.3146524429321289,[(x_3 v x_1 v -x_2) ^ (x_2 v -x_3 v -x_0) ^ (x_3 v -x_1 v x_4) ^ (x_3 v -x_1 v -x_0) ^ (x_1 v x_2 v -x_3) ^ (-x_1 v x_0 v -x_3) ^ (x_3 v x_1 v -x_0) ^ (-x_1 v -x_0 v -x_3)]
6,13,1,0.05067753791809082,0.1470661163330078,[(-x_1 v x_4) ^ (-x_1 v -x_5 v -x_2) ^ (x_0 v -x_4 v -x_5) ^ (x_4 v x_5 v -x_3) ^ (x_1 v -x_5 v x_2) ^ (-x_0 v -x_2 v x_4) ^ (x_3 v x_1 v x_0) ^ (x_0 v -x_5 v x_4) ^ (-x_1 v x_2) ^ (x_1 v x_2 v -x_3) ^ (-x_1 v x_2 v -x_0) ^ (x_0 v -x_5) ^ (x_0 v -x_2 v x_3)]
6,14,8,0.0878303050994873,0.48555660247802734,[(x_4 v x_2 v -x_3) ^ (-x_4 v -x_5 v -x_0) ^ (x_1 v -x_3 v -x_0) ^ (x_1 v -x_4 v -x_5) ^ (x_0 v x_5) ^ (x_3 v -x_2 v x_0) ^ (x_0 v x_1 v -x_5) ^ (x_3 v x_4 v x_5) ^ (-x_1 v x_4 v x_5) ^ (x_4 v x_5 v -x_0) ^ (-x_5 v -x_2) ^ (x_5 v -x_3) ^ (x_4 v x_2) ^ (x_0 v -x_1 v x_2)]
7,21,1,0.04362344741821289,0.16416358947753906,[(-x_5 v -x_2 v -x_0) ^ (-x_4 v -x_0) ^ (-x_4 v -x_2 v -x_0) ^ (x_2 v -x_6) ^ (x_3 v -x_1 v -x_2) ^ (x_6 v x_2) ^ (x_0 v -x_5) ^ (x_0 v x_1 v -x_2) ^ (x_1 v -x_4 v -x_6) ^ (-x_1 v x_6) ^ (x_3 v x_6 v -x_5) ^ (x_6 v -x_4 v -x_3) ^ (-x_1 v -x_4) ^ (x_1 v x_4 v -x_0) ^ (-x_1 v -x_4 v x_2) ^ (x_3 v x_1 v -x_0) ^ (-x_0 v -x_4 v -x_3) ^ (-x_1 v -x_4 v -x_5) ^ (-x_4 v x_2 v -x_6) ^ (x_3 v -x_2 v x_4) ^ (-x_1 v -x_0 v -x_6)]
7,16,12,0.22227716445922852,0.7686700820922852,[(x_3 v x_4 v x_2) ^ (x_1 v x_4 v x_2) ^ (-x_1 v -x_5 v -x_2) ^ (x_1 v -x_3 v -x_0) ^ (x_6 v x_1 v x_4) ^ (x_6 v -x_5 v -x_3) ^ (x_3 v x_6 v x_4) ^ (x_0 v x_4 v x_2) ^ (-x_1 v x_5) ^ (-x_1 v -x_2 v x_3) ^ (x_0 v -x_2 v -x_3) ^ (-x_0 v -x_6) ^ (-x_1 v -x_4 v x_2) ^ (x_3 v x_1 v x_2) ^ (-x_1 v x_4 v -x_6) ^ (x_0 v -x_1 v x_3)]
8,21,1,0.05240750312805176,0.19298553466796875,[(x_5 v -x_0) ^ (x_1 v x_7 v -x_5) ^ (x_4 v x_2 v -x_3) ^ (x_6 v -x_5 v x_7) ^ (-x_5 v x_2 v x_4) ^ (-x_2 v x_5 v -x_0) ^ (x_3 v x_1) ^ (x_0 v -x_5 v x_3) ^ (x_6 v x_1 v x_2) ^ (x_0 v x_4 v -x_3) ^ (-x_5 v -x_3) ^ (x_0 v x_7 v -x_6) ^ (-x_6 v x_4 v -x_0) ^ (-x_4 v x_5 v -x_0) ^ (x_3 v -x_2 v -x_6) ^ (-x_1 v x_2 v -x_3) ^ (x_6 v -x_4 v -x_2) ^ (x_0 v x_6 v x_5) ^ (x_0 v x_5 v -x_3) ^ (-x_6 v -x_2 v x_4) ^ (-x_1 v -x_0)]
8,22,16,0.34327030181884766,1.2734432220458984,[(-x_1 v x_5) ^ (x_3 v -x_0) ^ (x_1 v x_7 v x_2) ^ (-x_1 v -x_2 v x_7) ^ (x_0 v x_5 v x_2) ^ (x_0 v -x_1 v x_4) ^ (x_0 v -x_7 v -x_6) ^ (-x_1 v x_6 v x_0) ^ (x_3 v -x_4 v x_2) ^ (x_6 v -x_2 v x_4) ^ (x_3 v x_6) ^ (-x_5 v -x_6) ^ (x_7 v x_2 v -x_0) ^ (x_1 v -x_7 v -x_2) ^ (x_0 v -x_1 v x_3) ^ (x_3 v x_1 v -x_5) ^ (x_1 v x_4 v x_2) ^ (-x_4 v x_7 v x_2) ^ (x_2 v x_4 v x_5) ^ (x_4 v x_2 v -x_6) ^ (-x_7 v -x_2 v -x_6) ^ (x_5 v x_2 v -x_6)]
9,13,1,0.04781293869018555,0.1457843780517578,[(x_4 v x_5 v x_8) ^ (-x_0 v x_5 v -x_3) ^ (-x_1 v x_6 v -x_5) ^ (x_1 v -x_4 v -x_2) ^ (x_3 v -x_4) ^ (x_1 v x_7) ^ (x_6 v x_1 v -x_4) ^ (x_6 v -x_8 v -x_0) ^ (x_3 v x_1 v x_7) ^ (-x_2 v x_7 v -x_0) ^ (x_1 v x_4) ^ (-x_2 v x_5 v -x_3) ^ (x_0 v x_1 v -x_7)]
9,22,23,0.5870592594146729,1.5511283874511719,[(x_3 v x_7 v x_5) ^ (x_3 v -x_5) ^ (-x_7 v -x_5 v -x_8) ^ (-x_7 v -x_2) ^ (-x_5 v -x_6) ^ (x_0 v x_2 v -x_6) ^ (x_0 v x_6 v x_4) ^ (x_1 v -x_2 v -x_6) ^ (-x_0 v -x_6) ^ (x_1 v -x_8 v -x_6) ^ (-x_4 v -x_7 v -x_6) ^ (x_1 v x_4 v -x_0) ^ (x_0 v -x_5 v x_4) ^ (x_0 v -x_7) ^ (x_8 v -x_5 v -x_0) ^ (x_1 v x_5) ^ (-x_2 v -x_3 v x_8) ^ (x_4 v x_5 v -x_0) ^ (-x_7 v -x_2 v -x_6) ^ (x_5 v x_2 v -x_6) ^ (x_0 v -x_1 v x_8) ^ (x_0 v x_1 v -x_3)]
10,12,1,0.04218435287475586,0.14259815216064453,[(-x_1 v -x_4 v -x_6) ^ (x_1 v -x_2) ^ (x_9 v -x_3) ^ (-x_5 v -x_2 v x_8) ^ (x_8 v x_5 v -x_0) ^ (x_2 v x_5 v -x_3) ^ (x_6 v x_5 v x_8) ^ (x_6 v x_4 v -x_3) ^ (-x_4 v -x_2 v x_8) ^ (x_3 v -x_5 v x_7) ^ (x_3 v -x_1 v -x_8) ^ (x_9 v -x_5 v x_8)]
10,28,32,8.541819334030151,2.895371437072754,[(-x_6 v x_8) ^ (x_0 v -x_7 v x_8) ^ (x_1 v x_7 v x_5) ^ (x_9 v x_4 v x_5) ^ (-x_4 v x_7 v -x_6) ^ (x_0 v x_6 v x_4) ^ (-x_9 v -x_3 v -x_6) ^ (x_0 v -x_7 v -x_3) ^ (-x_1 v x_7 v -x_3) ^ (-x_9 v x_2 v -x_6) ^ (x_1 v x_4) ^ (x_0 v x_4 v -x_8) ^ (x_7 v -x_0) ^ (-x_7 v x_4 v x_5) ^ (x_7 v -x_8 v x_4) ^ (x_1 v -x_5 v -x_0) ^ (-x_2 v -x_5 v -x_0) ^ (x_3 v -x_7 v x_2) ^ (x_3 v x_5 v -x_8) ^ (x_2 v -x_3) ^ (x_3 v x_5 v x_8) ^ (x_6 v x_4 v -x_8) ^ (-x_0 v x_7 v -x_3) ^ (x_4 v -x_8 v -x_0) ^ (x_1 v x_5 v -x_3) ^ (x_9 v -x_2 v -x_6) ^ (x_6 v x_8) ^ (x_0 v x_1 v -x_3)]
11,30,1,0.19408798217773438,0.4904613494873047,[(-x_5 v -x_3 v x_8) ^ (x_3 v -x_2 v x_7) ^ (x_3 v x_6) ^ (-x_9 v -x_7 v x_5) ^ (-x_9 v -x_8) ^ (x_10 v -x_5 v -x_3) ^ (-x_0 v -x_8 v -x_6) ^ (x_0 v -x_8 v -x_3) ^ (x_6 v -x_10 v -x_3) ^ (x_6 v x_9 v -x_2) ^ (x_9 v x_4) ^ (x_9 v -x_5 v -x_0) ^ (x_6 v x_9) ^ (x_6 v -x_9 v x_8) ^ (x_1 v -x_10 v x_5) ^ (-x_10 v -x_2 v -x_3) ^ (-x_2 v -x_8 v -x_3) ^ (x_1 v x_5 v -x_6) ^ (-x_10 v -x_8 v -x_3) ^ (x_2 v x_5 v -x_8) ^ (-x_1 v -x_4 v x_9) ^ (-x_10 v -x_7 v -x_6) ^ (-x_7 v -x_0) ^ (-x_4 v x_7 v -x_0) ^ (x_6 v x_5 v x_8) ^ (x_9 v x_5) ^ (-x_5 v -x_3 v -x_6) ^ (-x_1 v -x_4 v x_5) ^ (-x_9 v -x_7 v -x_2) ^ (-x_1 v -x_10 v -x_8)]
11,19,46,77.71586537361145,2.673969268798828,[(x_1 v -x_7 v -x_6) ^ (x_8 v -x_2 v x_4) ^ (-x_2 v x_5 v -x_6) ^ (x_4 v x_2) ^ (x_0 v x_6) ^ (x_6 v -x_4 v x_5) ^ (-x_1 v -x_10 v x_5) ^ (x_0 v -x_5 v x_3) ^ (-x_4 v -x_7 v x_8) ^ (-x_9 v -x_4 v x_5) ^ (-x_6 v -x_5 v x_4) ^ (x_2 v -x_8 v -x_6) ^ (x_0 v -x_10 v -x_6) ^ (-x_1 v -x_9) ^ (x_3 v -x_1 v -x_9) ^ (-x_4 v x_2 v -x_6) ^ (x_2 v -x_3) ^ (x_10 v x_2 v x_8) ^ (x_3 v -x_2 v -x_0)]
12,31,1,0.16446542739868164,0.3018331527709961,[(-x_1 v x_6 v -x_7) ^ (-x_2 v x_8) ^ (x_6 v -x_7 v -x_5) ^ (x_3 v -x_10 v -x_2) ^ (-x_10 v x_4) ^ (x_3 v -x_8 v x_0) ^ (x_11 v x_1 v -x_8) ^ (x_1 v -x_6) ^ (-x_2 v x_7 v x_4) ^ (-x_9 v x_10 v -x_0) ^ (x_6 v x_8 v -x_11) ^ (x_0 v -x_5 v x_3) ^ (-x_4 v -x_2 v -x_3) ^ (x_11 v -x_9 v x_1) ^ (-x_9 v -x_11) ^ (x_11 v -x_7 v -x_0) ^ (x_9 v x_2 v -x_0) ^ (x_0 v -x_1 v x_3) ^ (x_2 v -x_0) ^ (x_0 v -x_10 v -x_6) ^ (x_9 v x_4 v -x_6) ^ (-x_5 v x_7 v -x_11) ^ (x_11 v x_2 v -x_3) ^ (x_7 v -x_8) ^ (-x_1 v -x_3 v x_8) ^ (x_0 v -x_9 v -x_4) ^ (x_3 v -x_1 v -x_9) ^ (x_9 v -x_10 v -x_0) ^ (-x_7 v -x_2 v x_5) ^ (x_3 v -x_9 v -x_0) ^ (-x_6 v -x_3 v -x_11)]
12,30,64,277.85986590385437,6.406597137451172,[(x_6 v x_10 v x_7) ^ (x_11 v x_10 v -x_0) ^ (x_5 v x_2 v -x_8) ^ (x_8 v -x_6 v -x_11) ^ (x_8 v -x_4 v -x_6) ^ (x_11 v x_9 v x_8) ^ (-x_4 v -x_5 v -x_6) ^ (-x_1 v x_7 v x_0) ^ (x_6 v x_1 v -x_5) ^ (x_11 v x_1 v -x_2) ^ (x_3 v -x_4 v x_10) ^ (x_5 v -x_8) ^ (-x_9 v x_1) ^ (x_3 v -x_7 v x_4) ^ (x_9 v -x_8 v -x_11) ^ (-x_11 v -x_6 v x_8) ^ (x_7 v x_2 v -x_8) ^ (-x_10 v x_7 v -x_0) ^ (x_1 v -x_3 v -x_6) ^ (x_3 v -x_7 v x_2) ^ (x_6 v x_7 v x_4) ^ (x_3 v -x_9 v x_11) ^ (x_3 v -x_10 v -x_6) ^ (x_6 v -x_5 v -x_0) ^ (x_11 v x_6 v x_3) ^ (x_1 v -x_4 v x_2) ^ (x_9 v -x_2 v -x_0) ^ (-x_10 v x_2) ^ (x_3 v -x_9 v x_7) ^ (x_11 v x_9 v -x_8)]
13,24,1,0.08060908317565918,0.1822977066040039,[(x_0 v x_6 v x_1) ^ (-x_4 v x_9 v -x_3) ^ (-x_1 v x_0) ^ (x_12 v -x_2 v x_8) ^ (x_0 v -x_4 v -x_11) ^ (x_3 v x_12) ^ (-x_5 v -x_10 v -x_2) ^ (x_11 v -x_12 v x_9) ^ (-x_4 v -x_10 v x_8) ^ (x_11 v x_5 v -x_6) ^ (x_0 v -x_9 v x_10) ^ (x_0 v -x_9 v x_5) ^ (-x_9 v -x_5 v -x_8) ^ (-x_1 v x_5 v -x_6) ^ (x_11 v -x_7 v -x_6) ^ (-x_4 v -x_8 v -x_3) ^ (x_9 v x_7 v -x_3) ^ (x_3 v -x_7 v -x_0) ^ (x_0 v -x_2) ^ (x_3 v x_10 v -x_0) ^ (-x_11 v x_10 v x_4) ^ (-x_1 v x_12 v x_3) ^ (x_10 v -x_5 v x_4) ^ (x_1 v x_4 v -x_3)]
13,37,91,inf,10.402256965637207,[(x_10 v x_5 v -x_11) ^ (x_9 v -x_8) ^ (x_0 v -x_1 v -x_9) ^ (-x_11 v x_9 v -x_6) ^ (-x_4 v -x_7 v -x_0) ^ (-x_1 v -x_5 v -x_3) ^ (x_3 v -x_8 v x_0) ^ (x_4 v x_5 v -x_8) ^ (x_4 v x_2) ^ (x_0 v -x_9 v x_7) ^ (x_3 v -x_7 v -x_10) ^ (x_1 v -x_4 v x_8) ^ (x_9 v -x_5 v -x_10) ^ (x_11 v x_6 v -x_10) ^ (-x_1 v -x_9 v x_7) ^ (x_9 v x_12 v -x_6) ^ (x_0 v x_9 v x_2) ^ (-x_1 v x_7 v x_11) ^ (-x_11 v x_9 v -x_3) ^ (-x_6 v -x_3) ^ (x_12 v -x_5 v -x_3) ^ (x_0 v -x_9 v -x_8) ^ (x_11 v x_12 v -x_3) ^ (x_10 v x_2 v -x_6) ^ (x_1 v x_7 v -x_8) ^ (x_11 v x_6 v -x_3) ^ (x_0 v x_8) ^ (x_3 v x_6 v x_12) ^ (-x_1 v -x_4 v -x_5) ^ (-x_1 v x_2 v -x_3) ^ (x_11 v -x_0) ^ (-x_1 v -x_5 v -x_11) ^ (x_0 v x_10 v x_7) ^ (x_0 v x_10 v x_2) ^ (x_10 v -x_12 v -x_2) ^ (x_0 v -x_1 v -x_4) ^ (x_8 v -x_4 v -x_11)]
5,6,1,0.06830596923828125,1.025467872619629,[(-x_1 v -x_3) ^ (-x_2 v -x_0) ^ (x_3 v -x_4 v -x_0) ^ (-x_1 v x_2 v x_3) ^ (-x_4 v -x_3) ^ (x_1 v x_4)]
5,12,6,0.060846567153930664,0.3494529724121094,[(x_4 v x_2 v -x_3) ^ (x_1 v x_4 v x_2) ^ (x_2 v -x_3) ^ (x_1 v -x_3) ^ (x_0 v -x_1 v x_4) ^ (x_3 v -x_4 v x_2) ^ (x_4 v -x_0) ^ (-x_1 v x_3) ^ (-x_0 v x_4 v -x_3) ^ (-x_4 v -x_3) ^ (-x_2 v -x_3) ^ (x_3 v x_4 v -x_0)]
6,18,1,0.03985404968261719,0.1633291244506836,[(x_1 v x_2 v x_5) ^ (-x_2 v -x_0) ^ (x_0 v -x_4 v -x_5) ^ (x_1 v x_2 v -x_0) ^ (-x_4 v -x_5) ^ (-x_1 v x_4 v x_5) ^ (-x_0 v x_2 v -x_3) ^ (x_3 v -x_4 v -x_5) ^ (x_1 v -x_4) ^ (x_1 v -x_4 v -x_3) ^ (x_0 v -x_4 v x_5) ^ (x_3 v -x_5) ^ (-x_1 v x_4 v x_0) ^ (x_0 v x_5 v -x_3) ^ (-x_4 v -x_2 v -x_3) ^ (x_3 v -x_2 v -x_0) ^ (x_4 v -x_3) ^ (x_0 v x_1 v -x_2)]
6,13,8,0.07112741470336914,0.37191104888916016,[(-x_1 v -x_3) ^ (-x_1 v -x_4 v x_3) ^ (x_0 v x_4) ^ (-x_1 v x_5 v -x_3) ^ (x_3 v -x_4 v x_2) ^ (-x_4 v -x_5 v -x_3) ^ (-x_1 v -x_4) ^ (-x_1 v x_2) ^ (x_1 v x_5 v -x_0) ^ (x_1 v -x_0) ^ (-x_2 v -x_3) ^ (x_1 v x_4) ^ (x_0 v x_1 v -x_2)]
7,10,1,0.03855085372924805,0.13483047485351562,[(x_6 v -x_4 v x_5) ^ (-x_5 v -x_3 v x_4) ^ (x_0 v -x_4 v -x_3) ^ (x_1 v -x_2 v -x_0) ^ (x_0 v x_1 v x_5) ^ (-x_5 v -x_2 v -x_3) ^ (x_6 v -x_3) ^ (-x_1 v -x_2 v x_4) ^ (-x_2 v x_5 v -x_3) ^ (-x_1 v x_6 v -x_2)]
7,11,12,0.1036374568939209,0.5418834686279297,[(-x_1 v x_6 v -x_0) ^ (x_3 v x_2 v -x_0) ^ (x_3 v -x_4 v -x_2) ^ (x_6 v -x_4 v -x_3) ^ (x_3 v -x_6) ^ (-x_0 v -x_2 v x_4) ^ (x_0 v -x_6) ^ (x_3 v x_6 v -x_1) ^ (x_3 v -x_5 v x_2) ^ (-x_4 v x_5 v -x_0) ^ (-x_5 v x_2 v -x_0)]
8,9,1,0.04549360275268555,0.13107776641845703,[(-x_4 v x_2 v -x_6) ^ (x_7 v -x_3) ^ (x_6 v x_1 v -x_7) ^ (-x_2 v -x_5) ^ (x_7 v x_2 v -x_3) ^ (x_6 v -x_3 v -x_0) ^ (x_0 v -x_5 v x_3) ^ (x_3 v -x_4 v -x_7) ^ (x_5 v x_2 v -x_3)]
8,18,16,0.21674036979675293,1.1402931213378906,[(x_0 v -x_1 v -x_6) ^ (x_1 v -x_7 v x_4) ^ (x_2 v -x_3) ^ (x_7 v x_2 v -x_0) ^ (x_3 v -x_6) ^ (-x_2 v x_7 v -x_3) ^ (x_6 v -x_5 v -x_0) ^ (-x_1 v x_4 v x_5) ^ (-x_1 v x_6 v x_4) ^ (x_3 v -x_4 v x_7) ^ (x_1 v x_7 v -x_6) ^ (x_3 v x_2) ^ (x_3 v -x_5 v x_7) ^ (-x_0 v -x_7 v -x_3) ^ (-x_7 v x_5 v -x_3) ^ (x_5 v x_2 v -x_6) ^ (-x_5 v x_2 v -x_0) ^ (x_7 v x_5 v -x_6)]
9,15,1,0.04213118553161621,0.15626907348632812,[(-x_4 v x_2 v -x_6) ^ (-x_4 v -x_2 v x_7) ^ (x_6 v -x_3 v x_8) ^ (-x_1 v x_5 v -x_3) ^ (-x_6 v x_7 v x_8) ^ (x_0 v -x_1 v -x_2) ^ (x_0 v x_3 v x_8) ^ (x_6 v x_5 v x_2) ^ (-x_1 v -x_4 v -x_3) ^ (x_0 v x_7 v -x_6) ^ (-x_7 v -x_5 v -x_6) ^ (-x_1 v -x_2 v x_5) ^ (-x_2 v -x_8) ^ (-x_1 v -x_5 v -x_6) ^ (-x_4 v -x_5 v -x_3)]
9,26,23,0.5284919738769531,1.883101463317871,[(x_3 v -x_0) ^ (x_0 v x_4) ^ (-x_4 v x_2 v x_8) ^ (-x_4 v -x_5 v -x_6) ^ (-x_7 v x_5 v -x_6) ^ (x_0 v -x_6) ^ (-x_8 v -x_0) ^ (x_7 v x_2 v -x_0) ^ (-x_5 v -x_0) ^ (-x_2 v x_5 v -x_8) ^ (-x_0 v x_7 v -x_6) ^ (x_8 v x_4 v -x_6) ^ (x_3 v -x_2 v x_8) ^ (x_0 v x_1 v x_2) ^ (-x_1 v x_4 v x_0) ^ (x_1 v x_7 v -x_8) ^ (x_7 v -x_8) ^ (-x_4 v -x_8 v -x_0) ^ (x_2 v -x_8 v -x_3) ^ (-x_4 v x_7 v x_5) ^ (x_0 v -x_4 v -x_2) ^ (-x_1 v x_2 v x_8) ^ (x_6 v x_4 v x_5) ^ (x_0 v x_7 v x_2) ^ (-x_1 v x_7 v x_2) ^ (-x_8 v -x_3)]
10,19,1,0.051810264587402344,0.1656017303466797,[(-x_1 v -x_5 v -x_2) ^ (-x_5 v -x_2 v -x_0) ^ (x_6 v x_4 v x_8) ^ (-x_9 v -x_8 v -x_6) ^ (-x_9 v -x_5 v -x_0) ^ (-x_6 v -x_8 v -x_3) ^ (x_6 v x_7) ^ (-x_9 v -x_3) ^ (x_3 v -x_7 v x_5) ^ (x_0 v -x_5 v x_2) ^ (-x_4 v -x_3) ^ (x_6 v -x_4 v -x_3) ^ (x_6 v x_7 v x_2) ^ (-x_1 v x_9 v x_0) ^ (x_0 v -x_4 v -x_7) ^ (x_0 v -x_9 v x_2) ^ (-x_1 v -x_9 v -x_0) ^ (-x_1 v x_4 v -x_3) ^ (-x_1 v x_3 v x_0)]
10,14,32,2.0831072330474854,1.5495309829711914,[(x_3 v x_7 v x_8) ^ (x_1 v x_5) ^ (x_0 v -x_4 v -x_5) ^ (-x_9 v x_7 v x_8) ^ (x_3 v x_9 v x_7) ^ (-x_7 v x_5 v -x_3) ^ (-x_0 v -x_9 v -x_6) ^ (x_3 v x_2 v -x_8) ^ (x_0 v -x_2 v -x_8) ^ (x_0 v x_9 v -x_6) ^ (x_1 v -x_4 v x_7) ^ (x_6 v -x_9 v -x_0) ^ (-x_9 v -x_4 v -x_3) ^ (x_3 v x_9 v -x_6)]
11,29,1,0.06180834770202637,0.21358871459960938,[(-x_1 v x_5) ^ (x_6 v x_9 v x_8) ^ (-x_4 v -x_7 v -x_0) ^ (x_9 v x_4 v x_2) ^ (x_6 v -x_9 v -x_10) ^ (-x_1 v -x_7 v x_2) ^ (x_1 v x_5 v -x_0) ^ (x_3 v x_6 v x_8) ^ (-x_1 v x_4 v x_2) ^ (-x_7 v -x_5 v -x_6) ^ (-x_1 v x_9 v x_10) ^ (x_1 v x_4 v x_2) ^ (x_3 v -x_8 v -x_6) ^ (x_7 v -x_0) ^ (x_3 v x_9 v x_7) ^ (x_4 v x_5 v -x_3) ^ (x_6 v -x_2 v x_8) ^ (-x_7 v x_4 v x_5) ^ (-x_1 v x_7 v -x_8) ^ (-x_1 v -x_4 v -x_2) ^ (x_0 v x_6 v -x_3) ^ (-x_4 v x_5 v -x_0) ^ (x_3 v x_7 v x_8) ^ (-x_9 v x_5 v -x_3) ^ (x_6 v -x_9 v -x_2) ^ (x_3 v x_2) ^ (x_10 v x_4) ^ (x_6 v -x_9 v -x_3) ^ (-x_9 v x_1 v x_8)]
11,12,46,66.56400465965271,1.9677858352661133,[(x_10 v x_7 v x_8) ^ (x_6 v x_4) ^ (x_1 v x_5 v -x_6) ^ (x_1 v -x_4 v -x_2) ^ (x_7 v x_8) ^ (-x_9 v x_5 v -x_3) ^ (x_10 v -x_0) ^ (-x_5 v -x_3 v -x_6) ^ (-x_1 v x_8 v -x_3) ^ (-x_9 v x_2 v -x_6) ^ (x_0 v x_1 v -x_2) ^ (-x_1 v x_7 v x_8)]
12,27,1,0.07152748107910156,0.183319091796875,[(x_11 v -x_5 v -x_2) ^ (x_11 v -x_9 v -x_2) ^ (-x_1 v -x_5 v -x_3) ^ (-x_4 v x_5) ^ (-x_4 v -x_2 v x_5) ^ (-x_10 v x_7 v -x_11) ^ (x_5 v -x_8) ^ (x_0 v -x_9 v x_5) ^ (-x_10 v -x_6 v -x_3) ^ (x_11 v x_9 v -x_7) ^ (x_3 v x_9 v -x_6) ^ (x_1 v x_10 v -x_6) ^ (x_8 v -x_4 v -x_0) ^ (x_6 v -x_2 v -x_11) ^ (-x_4 v -x_11) ^ (x_11 v -x_0 v -x_3) ^ (x_3 v x_9 v x_2) ^ (-x_1 v x_4) ^ (-x_1 v -x_9 v -x_0) ^ (-x_1 v -x_7 v -x_6) ^ (x_11 v -x_9 v -x_0) ^ (x_4 v x_2 v -x_6) ^ (-x_1 v x_5 v x_2) ^ (x_1 v x_2 v -x_3) ^ (-x_9 v -x_0) ^ (x_3 v x_9 v -x_8) ^ (-x_10 v -x_3 v -x_6)]
12,16,64,309.055499792099,3.086977958679199,[(-x_1 v -x_2 v x_7) ^ (-x_1 v x_9 v x_7) ^ (x_11 v x_6 v -x_5) ^ (x_3 v -x_1 v -x_6) ^ (-x_9 v x_1) ^ (x_1 v -x_5 v x_2) ^ (-x_9 v -x_4 v -x_5) ^ (-x_5 v x_2 v x_7) ^ (x_3 v -x_4 v -x_0) ^ (-x_9 v -x_10 v x_8) ^ (x_3 v -x_10 v x_7) ^ (-x_9 v -x_0) ^ (-x_9 v -x_2 v -x_11) ^ (-x_9 v -x_4 v x_2) ^ (-x_5 v x_2 v -x_0) ^ (x_1 v -x_9 v -x_4)]
13,30,1,0.06859302520751953,0.1939840316772461,[(x_0 v -x_6 v -x_3) ^ (-x_12 v -x_5 v -x_0) ^ (x_12 v -x_8 v -x_6) ^ (x_0 v -x_4 v -x_11) ^ (x_0 v -x_5 v -x_8) ^ (x_9 v -x_4 v -x_0) ^ (-x_4 v -x_5 v -x_6) ^ (x_6 v -x_7) ^ (x_6 v x_7 v -x_11) ^ (-x_10 v x_5) ^ (x_12 v x_7 v -x_6) ^ (-x_10 v x_7 v x_5) ^ (-x_9 v x_1 v -x_2) ^ (x_11 v x_1 v -x_3) ^ (x_6 v -x_4 v -x_8) ^ (-x_10 v -x_8) ^ (x_11 v x_10 v -x_8) ^ (-x_12 v -x_7 v -x_3) ^ (x_11 v x_6 v x_5) ^ (x_9 v -x_4 v x_10) ^ (x_3 v x_9 v -x_10) ^ (x_6 v x_5) ^ (x_1 v x_12) ^ (-x_1 v x_6 v x_4) ^ (-x_9 v -x_10 v -x_2) ^ (x_3 v x_2) ^ (x_6 v -x_7 v -x_3) ^ (x_9 v x_5 v -x_3) ^ (-x_1 v x_2 v x_8) ^ (x_9 v -x_7)]
13,34,91,inf,9.922809600830078,[(x_6 v -x_7 v x_8) ^ (x_9 v x_4 v x_2) ^ (x_3 v x_8 v -x_6) ^ (x_6 v -x_5 v -x_8) ^ (x_11 v -x_1 v x_4) ^ (x_3 v -x_10 v x_2) ^ (x_3 v x_5 v x_0) ^ (-x_1 v x_9 v -x_4) ^ (x_10 v x_7 v x_8) ^ (x_3 v -x_10 v -x_5) ^ (-x_10 v x_4 v -x_6) ^ (x_9 v -x_5 v -x_3) ^ (-x_1 v -x_6) ^ (x_11 v x_9 v -x_5) ^ (x_11 v x_6 v x_4) ^ (x_3 v -x_12 v -x_0) ^ (x_6 v x_1 v -x_3) ^ (x_0 v -x_8 v -x_11) ^ (x_3 v -x_4 v x_0) ^ (-x_11 v -x_3 v x_8) ^ (x_3 v x_2 v -x_0) ^ (-x_12 v -x_5) ^ (-x_2 v -x_4 v x_10) ^ (x_8 v x_7 v -x_6) ^ (x_11 v x_12 v -x_4) ^ (x_7 v x_2 v -x_6) ^ (x_6 v -x_8 v -x_11) ^ (x_11 v -x_5 v -x_3) ^ (-x_9 v -x_10 v -x_8) ^ (x_3 v x_10 v -x_11) ^ (-x_1 v x_2 v -x_6) ^ (x_9 v -x_2 v -x_7) ^ (x_3 v x_4) ^ (x_1 v x_4 v -x_3)]
5,14,1,0.14264726638793945,1.3453292846679688,[(x_3 v x_4 v x_2) ^ (x_0 v -x_1 v x_3) ^ (-x_2 v x_4) ^ (x_3 v x_1 v -x_2) ^ (x_0 v -x_4 v x_3) ^ (x_0 v -x_4 v -x_2) ^ (-x_1 v x_2) ^ (-x_1 v x_4 v x_2) ^ (x_0 v x_1 v x_2) ^ (x_1 v -x_0) ^ (x_4 v -x_3 v -x_0) ^ (x_3 v x_1 v x_4) ^ (x_3 v -x_1 v x_0) ^ (x_3 v x_4 v -x_0)]
5,5,6,0.047250986099243164,0.2128009796142578,[(x_3 v -x_2) ^ (-x_4 v x_2 v -x_0) ^ (x_1 v -x_2 v -x_3) ^ (x_1 v -x_2 v x_4) ^ (x_4 v -x_3 v -x_0)]
6,16,1,0.0415952205657959,0.1572132110595703,[(-x_1 v x_3 v -x_0) ^ (x_0 v -x_5 v -x_3) ^ (x_3 v -x_1 v x_2) ^ (-x_5 v x_4 v -x_3) ^ (x_4 v x_5 v -x_3) ^ (x_0 v x_4 v -x_3) ^ (-x_1 v x_0) ^ (x_0 v -x_2 v x_5) ^ (x_0 v -x_4) ^ (x_3 v -x_4 v -x_0) ^ (x_3 v x_1 v x_2) ^ (x_0 v -x_5) ^ (-x_1 v -x_2 v x_4) ^ (x_0 v -x_2 v x_3) ^ (x_1 v x_4) ^ (-x_2 v x_5)]
6,11,8,0.0689396858215332,0.39007091522216797,[(x_4 v x_2 v -x_3) ^ (x_3 v x_4 v x_2) ^ (-x_1 v x_3 v -x_0) ^ (x_0 v -x_3) ^ (x_3 v -x_4 v -x_5) ^ (-x_1 v x_5 v -x_0) ^ (-x_1 v x_4 v -x_3) ^ (x_4 v -x_0) ^ (-x_2 v x_5 v x_4) ^ (-x_4) ^ (x_3 v x_4 v -x_0)]
7,14,1,0.0431821346282959,0.1465015411376953,[(-x_0 v x_6 v -x_3) ^ (x_3 v -x_2 v -x_6) ^ (x_0 v x_4 v -x_3) ^ (-x_4 v -x_2 v -x_6) ^ (x_3 v x_4 v x_0) ^ (-x_5 v -x_3 v x_4) ^ (x_6 v x_5 v -x_3) ^ (-x_1 v -x_4 v x_0) ^ (x_1 v -x_0) ^ (x_1 v x_5 v -x_3) ^ (x_1 v x_4 v x_5) ^ (-x_3) ^ (-x_5 v x_4 v -x_0) ^ (-x_4 v -x_3)]
7,7,12,0.07427811622619629,0.3970928192138672,[(-x_2 v x_4) ^ (-x_1 v x_3 v -x_0) ^ (x_3 v x_1 v -x_2) ^ (x_0 v x_5 v -x_6) ^ (-x_1 v -x_5 v x_4) ^ (x_0 v x_1 v x_2) ^ (-x_1 v -x_2 v -x_6)]
8,21,1,0.04996156692504883,0.1725006103515625,[(x_5 v -x_7 v x_2) ^ (x_6 v -x_7 v x_2) ^ (x_2 v -x_6) ^ (x_7 v x_5 v x_4) ^ (x_0 v -x_5 v -x_3) ^ (x_5 v x_2) ^ (x_0 v -x_5 v -x_2) ^ (x_3 v x_6 v x_1) ^ (x_3 v -x_2 v x_5) ^ (-x_1 v x_7 v -x_3) ^ (-x_4 v x_2) ^ (-x_7 v x_4) ^ (x_6 v -x_4 v x_7) ^ (-x_1 v -x_2) ^ (x_0 v x_1 v -x_4) ^ (x_0 v x_7 v -x_6) ^ (x_7 v -x_3) ^ (-x_4 v x_2 v -x_0) ^ (-x_1 v -x_5) ^ (x_0 v -x_7 v x_5) ^ (x_6 v x_2 v x_5)]
8,14,16,0.20699191093444824,0.8974161148071289,[(x_1 v -x_7 v -x_5) ^ (-x_1 v x_5) ^ (x_0 v -x_4 v -x_7) ^ (-x_1 v x_6) ^ (-x_4 v x_2 v -x_0) ^ (x_3 v x_2 v -x_0) ^ (x_3 v x_4 v x_5) ^ (x_6 v -x_5 v -x_0) ^ (x_3 v -x_5 v -x_2) ^ (x_0 v x_1 v -x_6) ^ (-x_7 v x_5 v -x_6) ^ (x_6 v -x_7 v -x_3) ^ (-x_1 v -x_2 v x_3) ^ (x_3 v x_4 v -x_0)]
9,21,1,0.048571109771728516,0.18570709228515625,[(x_5 v -x_3 v -x_0) ^ (-x_1 v -x_5 v -x_2) ^ (x_6 v -x_7 v x_2) ^ (x_7 v x_5 v -x_3) ^ (-x_5 v x_7 v x_8) ^ (-x_1 v x_5 v -x_0) ^ (-x_1 v -x_5 v x_2) ^ (x_7 v x_5 v x_8) ^ (x_0 v x_6 v -x_4) ^ (-x_0 v -x_8 v -x_6) ^ (x_6 v -x_4 v x_5) ^ (-x_7 v x_4 v -x_3) ^ (-x_6 v -x_3 v x_8) ^ (x_1 v x_2 v -x_0) ^ (x_1 v x_5 v -x_6) ^ (x_0 v x_4 v x_2) ^ (-x_4 v -x_6) ^ (x_0 v x_4 v x_8) ^ (x_3 v x_1 v x_4) ^ (-x_1 v x_4) ^ (-x_0 v x_7 v x_8)]
9,9,23,0.15288448333740234,0.6585025787353516,[(x_5 v -x_3 v -x_0) ^ (-x_0 v x_6 v -x_3) ^ (-x_4 v -x_2 v x_7) ^ (-x_5 v -x_0) ^ (x_0 v -x_5 v x_4) ^ (x_1 v -x_4 v x_2) ^ (x_1 v -x_6) ^ (-x_1 v -x_8 v -x_3) ^ (x_4 v -x_8 v -x_6)]
10,26,1,0.05477142333984375,0.20186901092529297,[(-x_1 v x_0) ^ (x_3 v x_9 v x_8) ^ (x_6 v -x_7 v x_8) ^ (x_1 v x_9 v -x_6) ^ (x_1 v -x_5 v x_8) ^ (-x_9 v -x_5 v x_4) ^ (-x_9 v x_4 v x_5) ^ (x_1 v x_9 v -x_2) ^ (-x_4 v x_9 v -x_8) ^ (-x_6 v -x_5 v -x_3) ^ (x_3 v x_7) ^ (x_6 v -x_2 v x_5) ^ (-x_9 v x_2 v -x_0) ^ (x_6 v x_5 v -x_0) ^ (-x_1 v x_6 v -x_2) ^ (x_3 v x_6 v -x_5) ^ (-x_2 v x_6 v -x_5) ^ (x_0 v -x_9 v -x_8) ^ (x_3 v -x_5 v x_7) ^ (x_6 v -x_5) ^ (-x_9 v x_1 v -x_0) ^ (x_3 v x_6 v x_7) ^ (x_1 v x_9 v -x_8) ^ (x_6 v x_9 v x_4) ^ (-x_1 v x_6 v x_5) ^ (-x_7 v -x_3)]
10,10,32,0.4071683883666992,1.157912254333496,[(x_5 v -x_3 v -x_0) ^ (-x_1 v -x_2 v -x_8) ^ (x_9 v -x_2 v -x_8) ^ (x_9 v x_7 v -x_8) ^ (-x_7 v x_4 v x_5) ^ (x_3 v -x_9 v x_1) ^ (x_6 v -x_3 v -x_0) ^ (-x_9 v x_8 v -x_6) ^ (x_1 v x_7 v -x_8) ^ (x_0 v x_1 v -x_3)]
11,24,1,0.058060646057128906,0.19873619079589844,[(-x_9 v x_5 v -x_6) ^ (x_6 v x_2 v -x_8) ^ (x_3 v x_10) ^ (x_0 v -x_2 v x_5) ^ (x_1 v x_4 v -x_6) ^ (-x_1 v -x_10 v x_7) ^ (x_0 v -x_10 v x_7) ^ (-x_1 v -x_8 v -x_3) ^ (x_3 v -x_4 v x_10) ^ (x_9 v -x_5 v x_2) ^ (-x_6 v -x_2 v -x_3) ^ (x_1 v -x_10 v x_8) ^ (x_3 v x_1 v -x_10) ^ (-x_2 v x_7 v -x_0) ^ (x_1 v x_4 v x_2) ^ (x_0 v x_3 v -x_8) ^ (x_0 v -x_10 v -x_6) ^ (x_1 v x_7 v -x_6) ^ (x_1 v -x_8 v -x_0) ^ (-x_4 v -x_5 v -x_3) ^ (x_1 v x_5 v x_8) ^ (x_0 v -x_4 v -x_8) ^ (-x_9 v x_10 v x_5) ^ (x_6 v -x_7 v -x_8)]
11,26,46,107.60472130775452,3.6367597579956055,[(x_1 v -x_5 v -x_8) ^ (x_9 v -x_10 v -x_7) ^ (x_3 v -x_2 v x_0) ^ (x_1 v -x_4 v x_5) ^ (x_1 v -x_5 v x_8) ^ (-x_7 v x_10 v x_4) ^ (-x_1 v x_7 v x_5) ^ (-x_7 v -x_5 v -x_8) ^ (-x_9 v -x_7 v x_5) ^ (x_0 v -x_9 v x_7) ^ (-x_1 v -x_9 v -x_6) ^ (x_8 v x_9 v -x_3) ^ (x_6 v -x_9) ^ (x_9 v -x_4) ^ (-x_4 v x_8) ^ (-x_5 v -x_8 v -x_6) ^ (x_1 v x_5 v -x_8) ^ (-x_0 v x_10 v x_4) ^ (x_3 v x_1 v -x_0) ^ (-x_10 v -x_2) ^ (x_3 v -x_2 v -x_6) ^ (x_0 v x_10 v x_7) ^ (x_0 v -x_7 v x_5) ^ (-x_1 v -x_9 v -x_8) ^ (x_3 v -x_7 v -x_8) ^ (-x_1 v x_8 v -x_6)]
12,22,1,0.06376481056213379,0.17724132537841797,[(x_3 v x_11) ^ (x_0 v -x_5 v x_11) ^ (x_0 v x_2 v -x_11) ^ (-x_1 v -x_7 v -x_2) ^ (-x_1 v -x_5 v -x_3) ^ (x_0 v -x_5 v -x_3) ^ (-x_5 v -x_0) ^ (x_9 v x_7 v -x_8) ^ (x_6 v -x_10 v -x_3) ^ (-x_5 v -x_8) ^ (x_0 v x_11 v x_8) ^ (x_0 v x_4 v x_8) ^ (x_6 v x_7 v -x_0) ^ (-x_2 v x_5) ^ (-x_1 v -x_7 v -x_6) ^ (-x_1 v -x_7 v x_3) ^ (x_3 v -x_9 v -x_7) ^ (-x_1 v x_9) ^ (x_1 v -x_7 v -x_3) ^ (x_6 v -x_9 v x_2) ^ (x_0 v x_2 v -x_3) ^ (-x_4 v -x_3 v x_8)]
12,36,64,inf,7.151987075805664,[(-x_1 v -x_5 v -x_2) ^ (-x_0 v x_9 v -x_6) ^ (-x_0 v -x_4 v -x_6) ^ (x_5 v -x_3 v -x_6) ^ (x_6 v -x_7) ^ (x_3 v -x_9 v -x_10) ^ (x_3 v x_6) ^ (x_3 v x_7 v x_0) ^ (-x_9 v -x_2 v -x_11) ^ (-x_5 v -x_2 v -x_8) ^ (x_11 v -x_4 v x_3) ^ (x_0 v -x_10 v x_2) ^ (x_3 v -x_4 v x_10) ^ (x_8 v x_9 v -x_3) ^ (x_6 v -x_9) ^ (-x_1 v x_4 v x_2) ^ (x_5 v -x_3) ^ (x_1 v x_9 v x_4) ^ (x_11 v x_4 v -x_6) ^ (x_1 v -x_4 v -x_6) ^ (-x_9 v -x_5 v x_8) ^ (x_0 v -x_9 v x_1) ^ (x_0 v x_4 v x_2) ^ (x_11 v x_9) ^ (-x_0 v x_5 v x_8) ^ (x_3 v x_9 v x_2) ^ (-x_9 v x_7 v x_2) ^ (x_11 v -x_0) ^ (x_11 v -x_5 v x_3) ^ (x_3 v x_5 v -x_11) ^ (-x_11 v -x_10 v x_8) ^ (-x_7 v x_10 v x_8) ^ (-x_7 v -x_6 v x_8) ^ (-x_9 v -x_0) ^ (x_1 v x_10 v -x_3) ^ (x_7 v -x_8 v -x_3)]
13,35,1,0.14930272102355957,0.2219076156616211,[(-x_1 v x_6 v x_12) ^ (x_6 v x_12 v x_7) ^ (-x_4 v x_1 v x_9) ^ (x_1 v x_8 v -x_11) ^ (x_1 v x_10 v x_5) ^ (x_3 v -x_7) ^ (x_6 v -x_2 v -x_0) ^ (-x_1 v -x_9 v -x_6) ^ (x_1 v -x_10 v x_8) ^ (-x_4 v -x_5 v -x_11) ^ (x_1 v -x_7 v -x_2) ^ (x_6 v -x_10 v x_7) ^ (-x_9 v x_12 v -x_6) ^ (x_11 v x_9 v -x_0) ^ (x_9 v x_10 v x_4) ^ (-x_7 v -x_5 v -x_6) ^ (-x_4 v -x_7 v -x_3) ^ (x_9 v x_2 v -x_7) ^ (x_3 v x_2 v -x_0) ^ (x_1 v x_12 v -x_7) ^ (x_12 v x_4 v x_2) ^ (x_6 v -x_5) ^ (x_3 v x_1 v -x_6) ^ (x_7 v -x_3 v -x_11) ^ (x_12 v x_4 v x_8) ^ (-x_7 v x_10 v -x_8) ^ (x_3 v x_12 v x_8) ^ (x_1 v -x_4 v -x_5) ^ (x_4 v x_2 v -x_11) ^ (-x_1 v x_5 v -x_3) ^ (x_0 v -x_12 v -x_11) ^ (x_0 v -x_4 v -x_8) ^ (-x_10 v x_5 v -x_11) ^ (x_12 v -x_4 v x_7) ^ (x_3 v x_12 v -x_6)]
13,24,91,236.55680751800537,7.063190460205078,[(x_3 v -x_12 v x_8) ^ (x_3 v x_7 v x_2) ^ (-x_12 v x_9 v x_5) ^ (x_3 v -x_4 v x_10) ^ (-x_1 v -x_12 v -x_5) ^ (x_3 v x_12 v x_2) ^ (x_10 v -x_8) ^ (x_0 v -x_8 v -x_3) ^ (x_12 v -x_3 v -x_0) ^ (-x_1 v -x_7 v -x_0) ^ (-x_9 v -x_4 v x_5) ^ (-x_0 v -x_5 v x_4) ^ (-x_7 v -x_2 v -x_3) ^ (x_11 v x_1 v x_10) ^ (x_6 v -x_12 v x_9) ^ (x_0 v -x_9 v -x_6) ^ (-x_4 v x_10) ^ (x_0 v x_7 v -x_6) ^ (-x_5 v -x_3 v -x_11) ^ (x_11 v x_1 v x_5) ^ (x_11 v -x_5 v -x_3) ^ (x_1 v -x_9 v -x_10) ^ (x_3 v x_5 v x_8) ^ (x_11 v -x_9 v x_7)]
5,8,1,0.07325053215026855,1.0312433242797852,[(-x_1 v x_2 v -x_3) ^ (x_0 v -x_1) ^ (-x_1 v -x_3 v -x_0) ^ (x_0 v -x_3) ^ (x_0 v -x_4 v -x_2) ^ (x_0 v x_2) ^ (x_0 v x_1 v x_4) ^ (x_1 v x_4 v -x_3)]
5,9,6,0.373366117477417,0.6744756698608398,[(x_3 v -x_2) ^ (-x_4 v x_2 v -x_0) ^ (x_1 v -x_3) ^ (x_0 v x_1 v -x_4) ^ (x_3 v -x_1 v -x_0) ^ (x_3 v -x_4) ^ (-x_1 v x_4 v x_2) ^ (-x_2 v -x_3) ^ (x_1 v x_4)]
6,10,1,0.040369272232055664,0.13415908813476562,[(x_0 v -x_2) ^ (x_1 v -x_2 v -x_3) ^ (x_1 v -x_3) ^ (x_0 v x_1 v -x_5) ^ (x_3 v -x_4 v -x_5) ^ (-x_5 v -x_2) ^ (x_4 v x_5) ^ (-x_4 v -x_3) ^ (-x_2 v -x_3) ^ (x_3 v -x_4 v x_5)]
6,17,8,0.15486884117126465,0.5129013061523438,[(x_1 v -x_4 v -x_0) ^ (x_3 v x_5) ^ (x_0 v x_4 v x_5) ^ (-x_1 v -x_4 v -x_5) ^ (x_1 v -x_2) ^ (x_1 v x_5) ^ (x_1 v x_2 v -x_0) ^ (x_1 v -x_2 v -x_3) ^ (x_0 v x_1 v -x_4) ^ (x_3 v x_4 v x_0) ^ (x_1 v -x_4) ^ (-x_2 v -x_5 v -x_0) ^ (x_5 v x_1 v x_2) ^ (x_0 v -x_4 v -x_3) ^ (x_0 v x_1 v x_5) ^ (x_0 v -x_5) ^ (x_3 v x_4 v -x_0)]
7,15,1,0.04370856285095215,0.1602458953857422,[(x_6 v -x_4 v -x_2) ^ (x_1 v -x_5 v x_4) ^ (x_0 v x_1 v -x_4) ^ (x_1 v -x_5 v -x_3) ^ (x_0 v -x_4 v -x_2) ^ (x_5 v x_2 v -x_3) ^ (x_3 v -x_4 v -x_6) ^ (x_1 v x_2) ^ (x_6 v x_5 v -x_3) ^ (x_4 v -x_6) ^ (x_0 v x_2 v -x_3) ^ (-x_2 v -x_3) ^ (x_0 v -x_1 v -x_4) ^ (x_0 v -x_2 v x_3) ^ (x_1 v -x_4 v -x_6)]
7,21,12,2.7440521717071533,1.2460451126098633,[(x_1 v -x_4 v -x_0) ^ (-x_2 v x_5 v -x_6) ^ (x_1 v x_4 v -x_6) ^ (x_6 v -x_2 v x_4) ^ (-x_1 v x_6 v -x_3) ^ (-x_4 v -x_6 v -x_0) ^ (x_1 v -x_2 v -x_3) ^ (x_0 v x_6 v x_4) ^ (x_6 v -x_2) ^ (x_6 v x_1 v -x_2) ^ (-x_0 v x_6 v -x_3) ^ (-x_5 v x_2) ^ (x_6 v -x_5) ^ (-x_5 v -x_3) ^ (x_1 v -x_5) ^ (x_0 v x_1 v x_4) ^ (-x_1 v -x_4 v -x_0) ^ (x_5 v x_2 v -x_0) ^ (x_3 v x_6 v x_0) ^ (-x_1 v x_6 v -x_0) ^ (x_3 v x_4 v -x_0)]
8,24,1,0.04793214797973633,0.18557453155517578,[(x_3 v -x_6) ^ (-x_4 v -x_2 v -x_6) ^ (x_3 v -x_2 v x_5) ^ (-x_1 v x_2 v -x_0) ^ (-x_1 v x_5 v -x_6) ^ (-x_2 v x_7 v -x_0) ^ (-x_5) ^ (-x_7 v -x_2 v -x_0) ^ (x_6 v x_1 v -x_3) ^ (x_0 v x_4 v x_2) ^ (x_6 v -x_5 v x_4) ^ (x_3 v -x_7 v x_2) ^ (x_3 v -x_5 v x_2) ^ (-x_1 v x_3 v x_5) ^ (-x_5 v x_7 v -x_0) ^ (x_0 v x_7) ^ (x_6 v x_5) ^ (-x_1 v x_7 v -x_2) ^ (-x_4 v x_2 v -x_0) ^ (-x_5 v -x_3 v -x_6) ^ (-x_7) ^ (x_6 v x_4 v x_5) ^ (x_1 v -x_2 v -x_0) ^ (x_0 v x_1 v -x_3)]
8,21,16,0.23113679885864258,1.1095504760742188,[(x_6 v -x_7 v x_2) ^ (-x_1 v x_7 v x_2) ^ (x_0 v -x_2 v x_5) ^ (x_7 v x_2) ^ (-x_1 v -x_2 v x_3) ^ (x_3 v x_5) ^ (x_0 v x_6 v -x_7) ^ (-x_5 v x_2 v x_4) ^ (-x_1 v -x_7 v -x_0) ^ (x_1 v -x_4) ^ (x_1 v -x_2 v -x_6) ^ (x_6 v -x_4 v -x_7) ^ (-x_4 v -x_7 v -x_3) ^ (-x_7 v x_4 v x_5) ^ (x_0 v x_7 v -x_3) ^ (x_0 v x_6 v -x_3) ^ (x_2 v -x_3) ^ (x_3 v x_1 v -x_7) ^ (x_6 v x_4 v x_5) ^ (x_1 v x_2 v -x_3) ^ (-x_7 v -x_3)]
9,20,1,0.04953575134277344,0.16730499267578125,[(x_3 v -x_4 v x_2) ^ (-x_1 v -x_2 v x_8) ^ (-x_7 v -x_5 v -x_8) ^ (x_5 v x_2 v -x_3) ^ (x_4 v -x_3 v -x_6) ^ (-x_1 v -x_0 v x_8) ^ (x_1 v -x_2) ^ (-x_6 v -x_2 v x_8) ^ (x_1 v -x_7 v x_2) ^ (-x_5 v -x_8) ^ (-x_4 v x_8) ^ (x_0 v x_4 v x_2) ^ (x_1 v x_4 v -x_0) ^ (x_0 v -x_5 v x_4) ^ (x_0 v -x_2 v -x_6) ^ (-x_4 v -x_5 v -x_3) ^ (x_6 v x_5) ^ (-x_1 v -x_5 v -x_8) ^ (x_0 v x_2 v -x_3) ^ (x_0 v x_7 v -x_3)]
9,23,23,0.4592592716217041,1.650400161743164,[(x_0 v x_1 v -x_5) ^ (x_3 v -x_5 v x_8) ^ (-x_1 v x_6 v x_7) ^ (-x_1 v x_6 v -x_3) ^ (-x_7 v -x_5 v x_8) ^ (-x_4 v -x_2 v -x_8) ^ (x_0 v -x_8 v -x_3) ^ (-x_1 v -x_7 v -x_0) ^ (x_3 v -x_4 v -x_0) ^ (-x_0 v -x_6) ^ (x_6 v -x_4) ^ (-x_5 v x_7 v -x_3) ^ (x_2 v -x_0) ^ (x_3 v x_6 v -x_5) ^ (x_7 v -x_8 v -x_6) ^ (x_7 v x_2 v -x_6) ^ (x_0 v -x_7 v -x_5) ^ (x_1 v x_7) ^ (-x_7 v -x_2 v x_4) ^ (x_3 v x_1 v x_7) ^ (-x_2 v -x_8) ^ (-x_1 v x_7 v x_2) ^ (x_0 v -x_4 v x_8)]
10,12,1,0.042563438415527344,0.14631080627441406,[(-x_1 v x_2 v -x_8) ^ (-x_1 v -x_7 v -x_5) ^ (x_0 v -x_8 v -x_3) ^ (x_1 v -x_4 v -x_7) ^ (-x_2 v x_6 v -x_5) ^ (x_0 v x_9 v x_7) ^ (x_7 v x_4 v -x_3) ^ (x_1 v x_9 v x_7) ^ (-x_1 v x_6 v x_5) ^ (x_7 v -x_8) ^ (x_8 v x_9 v -x_6) ^ (-x_9 v -x_2)]
10,19,32,4.122806787490845,2.284881591796875,[(x_9 v x_4 v -x_3) ^ (x_1 v x_7 v x_2) ^ (-x_7 v x_8) ^ (x_0 v x_7 v x_3) ^ (x_0 v -x_1 v x_9) ^ (-x_9 v x_5) ^ (-x_1 v x_9 v -x_3) ^ (x_7 v x_2 v -x_0) ^ (-x_4 v x_5 v -x_7) ^ (x_6 v x_9) ^ (x_9 v x_2 v -x_0) ^ (-x_9 v -x_5 v x_8) ^ (x_2 v -x_0) ^ (x_3 v x_9 v x_7) ^ (x_6 v x_9 v x_4) ^ (-x_1 v x_2 v -x_6) ^ (x_6 v -x_7 v -x_8) ^ (-x_9 v x_7 v x_5) ^ (x_6 v x_1 v -x_9)]
11,14,1,0.045435190200805664,0.15062332153320312,[(-x_5 v -x_6) ^ (x_0 v -x_4 v -x_6) ^ (x_0 v -x_5 v -x_3) ^ (-x_2 v x_10 v x_8) ^ (x_6 v x_1 v -x_7) ^ (-x_1 v x_9 v x_5) ^ (x_6 v x_1 v x_5) ^ (x_0 v -x_7 v -x_8) ^ (-x_1 v x_9 v x_0) ^ (x_3 v x_6 v -x_2) ^ (x_0 v -x_3 v -x_6) ^ (x_2 v -x_8) ^ (-x_0 v -x_2 v -x_6) ^ (-x_10 v -x_2 v -x_8)]
11,25,46,413.9648289680481,3.598236083984375,[(x_9 v x_4 v -x_3) ^ (x_3 v x_6 v -x_8) ^ (-x_4 v x_5 v x_8) ^ (x_6 v -x_7 v x_5) ^ (-x_1 v -x_9 v -x_6) ^ (-x_5 v -x_0) ^ (-x_1 v -x_5 v -x_0) ^ (x_10 v x_7 v x_4) ^ (-x_1 v x_9 v -x_5) ^ (-x_10 v -x_2 v -x_3) ^ (-x_1 v x_2 v x_0) ^ (x_8 v x_7 v -x_6) ^ (-x_7 v x_2 v -x_6) ^ (x_1 v x_4 v -x_0) ^ (x_0 v x_6 v -x_10) ^ (-x_10 v x_2 v -x_8) ^ (x_10 v x_2 v -x_6) ^ (x_3 v x_1 v x_4) ^ (-x_7 v -x_8 v -x_3) ^ (x_1 v -x_9 v -x_3) ^ (-x_1 v -x_4 v -x_0) ^ (x_9 v -x_2 v -x_10) ^ (-x_2 v -x_3 v -x_6) ^ (x_3 v x_4) ^ (x_0 v -x_4 v x_8)]
12,20,1,0.1037750244140625,0.17076396942138672,[(-x_0 v x_10 v -x_6) ^ (-x_5 v -x_3 v x_8) ^ (x_4 v x_2 v -x_8) ^ (x_6 v x_4 v x_7) ^ (-x_7 v -x_5 v -x_3) ^ (x_11 v x_6 v -x_2) ^ (-x_10 v -x_2 v -x_0) ^ (x_1 v -x_2 v -x_3) ^ (-x_1 v -x_10 v x_5) ^ (-x_9 v -x_5 v -x_8) ^ (x_6 v x_7 v -x_3) ^ (x_7 v x_5) ^ (-x_9 v -x_4 v x_10) ^ (x_6 v -x_3 v x_8) ^ (x_1 v -x_3 v -x_11) ^ (x_11 v x_5) ^ (-x_1 v x_6 v x_10) ^ (x_6 v x_9 v x_10) ^ (-x_9 v -x_2 v x_8) ^ (x_6 v -x_11)]
12,33,64,inf,6.099515914916992,[(x_11 v x_8 v -x_6) ^ (-x_0 v -x_3) ^ (-x_1 v x_9 v x_7) ^ (x_0 v x_7 v x_3) ^ (x_0 v x_8 v -x_6) ^ (-x_7 v -x_6 v -x_3) ^ (-x_4 v -x_7 v -x_8) ^ (x_6 v -x_4 v x_5) ^ (-x_1 v -x_5 v x_4) ^ (x_3 v -x_7 v x_4) ^ (x_6 v x_5 v -x_0) ^ (x_0 v -x_7 v x_3) ^ (x_6 v -x_7 v -x_11) ^ (x_11 v -x_9 v -x_10) ^ (x_9 v -x_5 v -x_8) ^ (-x_1 v x_10 v x_0) ^ (-x_1 v -x_7 v -x_11) ^ (-x_5 v -x_7 v -x_2) ^ (-x_1 v -x_10 v -x_6) ^ (-x_2 v x_4) ^ (-x_1 v -x_4 v -x_5) ^ (-x_1 v x_11 v -x_6) ^ (x_3 v -x_1 v -x_9) ^ (x_0 v -x_7 v x_10) ^ (-x_11 v x_10 v x_4) ^ (x_11 v -x_3 v -x_6) ^ (-x_9 v -x_10 v x_8) ^ (-x_1 v -x_0) ^ (-x_9 v -x_10 v -x_3) ^ (x_1 v -x_10 v -x_6) ^ (-x_9 v -x_0) ^ (-x_1 v -x_9 v -x_8) ^ (x_11 v x_2 v -x_6)]
13,20,1,0.1027989387512207,0.1763744354248047,[(-x_7 v -x_5 v -x_0) ^ (-x_10 v x_7 v -x_3) ^ (x_11 v -x_2 v x_3) ^ (-x_2 v -x_8 v -x_0) ^ (x_12 v -x_4 v -x_10) ^ (-x_7 v -x_2) ^ (x_6 v -x_5 v x_8) ^ (x_0 v x_9) ^ (-x_1 v -x_4 v -x_6) ^ (x_0 v -x_5 v -x_3) ^ (x_3 v -x_9 v -x_5) ^ (-x_7 v -x_2 v -x_0) ^ (-x_11 v x_2 v -x_3) ^ (x_7 v -x_6) ^ (-x_1 v x_12 v -x_3) ^ (x_0 v -x_4 v x_7) ^ (x_3 v x_1 v x_7) ^ (x_9 v x_7 v -x_11) ^ (-x_7 v x_5 v -x_3) ^ (x_0 v x_12 v x_2)]
13,31,91,inf,9.131487846374512,[(x_3 v x_7 v x_4) ^ (x_0 v -x_4 v x_10) ^ (x_3 v x_4 v x_0) ^ (-x_7 v x_5 v -x_6) ^ (x_11 v -x_9 v x_2) ^ (-x_9 v -x_8 v -x_11) ^ (-x_11 v x_5 v -x_6) ^ (x_11 v -x_12 v x_9) ^ (x_11 v x_5 v -x_6) ^ (-x_9 v x_4 v -x_8) ^ (x_11 v x_6 v -x_10) ^ (x_11 v -x_12 v x_5) ^ (-x_4 v x_5 v -x_3) ^ (-x_0 v x_1 v x_8) ^ (-x_1 v -x_7 v x_0) ^ (-x_10 v x_7 v -x_0) ^ (x_11 v x_1 v x_10) ^ (x_6 v -x_2 v x_8) ^ (x_1 v -x_5 v -x_0) ^ (-x_1 v -x_9 v -x_12) ^ (-x_4 v -x_10 v x_5) ^ (x_12 v -x_2 v -x_0) ^ (x_11 v x_9 v x_2) ^ (-x_12 v -x_9 v -x_3) ^ (-x_11 v x_10 v x_4) ^ (x_9 v x_5) ^ (-x_9 v x_8 v -x_6) ^ (-x_10 v -x_2 v -x_8) ^ (x_11 v x_6) ^ (-x_9 v x_4 v x_2) ^ (x_11 v -x_2 v x_5)]
5,7,1,0.0678718090057373,1.0320396423339844,[(x_3 v -x_2) ^ (x_0 v -x_2) ^ (x_3 v x_1 v x_0) ^ (x_3 v x_2) ^ (-x_2 v -x_3 v x_4) ^ (x_3 v -x_2 v -x_0) ^ (x_0 v -x_1 v -x_4)]
5,8,6,0.052570343017578125,0.2597818374633789,[(x_2 v -x_3 v -x_0) ^ (x_0 v -x_3) ^ (-x_1 v -x_4) ^ (-x_1 v -x_4 v -x_3) ^ (x_4) ^ (x_3 v x_1 v x_2) ^ (x_3 v x_2 v x_0) ^ (-x_1 v -x_0 v -x_3)]
6,17,1,0.0434877872467041,0.1598052978515625,[(x_1 v x_4 v x_2) ^ (-x_1 v -x_5 v x_0) ^ (-x_0 v -x_3) ^ (-x_5 v -x_0) ^ (x_1 v -x_2 v -x_5) ^ (x_0 v x_4) ^ (x_1 v -x_2 v -x_3) ^ (x_1 v x_5) ^ (x_0 v -x_2 v -x_3) ^ (-x_1 v x_4 v -x_3) ^ (x_3 v x_2) ^ (x_0 v x_5 v -x_3) ^ (x_3 v -x_5) ^ (x_1 v x_5 v -x_3) ^ (x_0 v -x_2 v x_3) ^ (-x_4 v -x_3 v -x_0) ^ (-x_2 v x_5 v -x_3)]
6,15,8,0.09557485580444336,0.568913459777832,[(x_1 v -x_4 v -x_0) ^ (x_5 v -x_3 v -x_0) ^ (-x_4 v -x_5 v -x_0) ^ (x_3 v -x_5 v -x_0) ^ (x_0 v x_4 v x_2) ^ (x_3 v x_2 v -x_0) ^ (x_4 v x_5 v -x_3) ^ (-x_1 v x_2 v x_0) ^ (x_0 v -x_4 v -x_2) ^ (x_3 v -x_2 v x_0) ^ (x_1 v -x_5 v x_4) ^ (x_1 v -x_5 v -x_0) ^ (x_1 v -x_4 v x_2) ^ (x_1 v x_2 v -x_3) ^ (x_2 v x_5)]
7,14,1,0.10707354545593262,0.4655876159667969,[(-x_1 v -x_3) ^ (x_0 v x_4 v -x_3) ^ (x_4 v x_5 v -x_3) ^ (x_3 v -x_5 v x_4) ^ (-x_0 v -x_5 v -x_3) ^ (x_3 v x_4 v x_5) ^ (x_3 v -x_4) ^ (x_6 v -x_2 v x_4) ^ (x_0 v -x_1 v x_6) ^ (x_3 v x_2) ^ (x_0 v x_1 v x_2) ^ (-x_1 v -x_4 v -x_3) ^ (-x_1 v -x_2 v x_5) ^ (x_0 v -x_2 v x_3)]
7,18,12,0.22341132164001465,1.0921335220336914,[(x_0 v x_4 v x_5) ^ (x_3 v x_2 v x_5) ^ (x_6 v -x_4 v -x_2) ^ (x_3 v x_6 v x_4) ^ (x_3 v -x_2 v x_4) ^ (x_6 v x_4 v x_2) ^ (-x_1 v x_6 v x_2) ^ (x_6 v -x_2 v x_4) ^ (-x_4 v x_2 v -x_3) ^ (-x_5 v x_2 v -x_0) ^ (-x_1 v -x_5 v x_2) ^ (x_6 v x_1 v x_5) ^ (x_0 v x_1 v x_4) ^ (-x_2 v -x_3 v x_4) ^ (x_6 v -x_5 v -x_2) ^ (-x_6 v x_4 v -x_0) ^ (x_3 v -x_4 v -x_2) ^ (-x_0 v x_5 v -x_6)]
8,23,1,0.05639338493347168,0.18891620635986328,[(-x_1 v -x_2 v x_7) ^ (x_3 v x_4 v x_5) ^ (-x_1 v -x_2 v -x_3) ^ (-x_3 v -x_0) ^ (-x_5 v x_4 v -x_0) ^ (-x_1 v x_5 v x_0) ^ (x_6 v x_1 v -x_7) ^ (x_1 v -x_7 v -x_2) ^ (x_3 v x_6 v x_2) ^ (x_3 v -x_4 v -x_0) ^ (x_6 v x_7 v -x_3) ^ (-x_7 v -x_2 v -x_3) ^ (x_0 v -x_2) ^ (-x_2 v -x_5) ^ (-x_1 v -x_4) ^ (x_7 v x_2 v -x_6) ^ (-x_1 v -x_5 v -x_6) ^ (-x_4 v -x_5 v -x_3) ^ (x_3 v x_1 v -x_7) ^ (-x_5 v x_2 v -x_6) ^ (-x_1 v x_5 v x_2) ^ (x_3 v x_5 v -x_6) ^ (x_4 v x_2 v -x_0)]
8,15,16,0.14591264724731445,0.7143669128417969,[(-x_6 v x_2 v -x_0) ^ (-x_1 v x_6 v -x_5) ^ (x_2 v -x_0) ^ (-x_1 v x_2 v -x_3) ^ (x_6 v x_4 v -x_0) ^ (-x_1 v -x_2 v x_0) ^ (x_0 v -x_3) ^ (x_1 v -x_4 v x_5) ^ (x_3 v -x_4) ^ (x_6 v -x_7 v -x_5) ^ (-x_2) ^ (x_3 v x_0) ^ (x_4 v -x_6) ^ (-x_1 v -x_2 v x_4) ^ (x_6 v x_7 v x_4)]
9,25,1,0.061250925064086914,0.1933135986328125,[(x_5 v -x_6) ^ (-x_1 v x_7 v -x_0) ^ (x_1 v -x_5 v x_8) ^ (-x_1 v x_8 v -x_0) ^ (x_0 v -x_5 v x_8) ^ (-x_2 v -x_8 v -x_0) ^ (-x_1 v -x_8 v -x_3) ^ (-x_1 v x_6 v x_8) ^ (x_1 v x_8 v -x_0) ^ (-x_2 v x_7 v x_4) ^ (x_0 v x_6 v -x_7) ^ (x_6 v -x_5 v x_7) ^ (-x_2 v -x_5 v -x_6) ^ (-x_1 v x_3) ^ (x_0 v x_1 v -x_8) ^ (x_1 v -x_7 v -x_5) ^ (-x_2 v x_5 v -x_8) ^ (x_6 v -x_5 v -x_3) ^ (-x_5 v x_8) ^ (-x_2 v -x_3 v x_8) ^ (x_1 v x_4 v x_7) ^ (-x_1 v -x_4 v -x_7) ^ (-x_0 v x_1 v -x_3) ^ (-x_7 v -x_6) ^ (x_0 v -x_1 v -x_2)]
9,15,23,0.33895087242126465,1.0523653030395508,[(x_1 v -x_7 v -x_6) ^ (-x_1 v x_6 v -x_5) ^ (-x_2 v -x_5 v -x_3) ^ (x_8 v -x_4 v -x_0) ^ (x_8 v x_5 v -x_0) ^ (-x_4 v -x_5 v -x_8) ^ (x_0 v -x_3) ^ (x_4 v x_5 v -x_0) ^ (-x_1 v -x_4 v -x_2) ^ (x_1 v -x_5 v x_8) ^ (x_0 v -x_1 v -x_7) ^ (x_1 v x_7 v x_4) ^ (-x_5 v -x_3 v x_4) ^ (-x_2 v -x_3) ^ (-x_5 v -x_4 v -x_2)]
10,10,1,0.03853559494018555,0.13263320922851562,[(x_6 v x_5) ^ (x_5 v -x_8) ^ (x_9 v -x_5 v -x_6) ^ (x_0 v -x_9 v -x_6) ^ (-x_1 v x_2 v -x_6) ^ (x_0 v -x_7 v x_4) ^ (-x_1 v -x_5 v -x_6) ^ (x_2 v -x_8) ^ (x_6 v x_1 v x_7) ^ (x_0 v -x_1 v x_3)]
10,28,32,187.4172546863556,2.7519044876098633,[(x_5 v -x_9 v x_2) ^ (x_7 v x_5 v -x_3) ^ (x_1 v -x_3) ^ (-x_9 v -x_5) ^ (x_3 v -x_9 v x_2) ^ (x_8 v -x_6 v -x_0) ^ (x_4 v x_2 v -x_3) ^ (x_1 v -x_4 v x_8) ^ (-x_7 v x_4 v -x_8) ^ (x_8 v -x_5 v -x_3) ^ (x_9 v -x_4 v -x_7) ^ (x_9 v -x_5 v -x_3) ^ (-x_1 v -x_5 v x_4) ^ (x_0 v x_6 v -x_9) ^ (-x_9 v x_8 v -x_0) ^ (-x_1 v x_5 v -x_8) ^ (-x_5 v x_7 v -x_3) ^ (x_1 v -x_5 v -x_0) ^ (-x_1 v x_9 v -x_8) ^ (-x_2 v x_5 v x_8) ^ (-x_1 v -x_4 v -x_8) ^ (x_0 v -x_4 v -x_7) ^ (x_9 v -x_7 v -x_6) ^ (x_3 v x_6 v x_0) ^ (x_1 v -x_2 v -x_0) ^ (-x_2 v -x_3) ^ (-x_7 v x_4 v -x_0) ^ (x_1 v -x_8)]
11,12,1,0.0455319881439209,0.1440563201904297,[(-x_1 v x_10 v x_8) ^ (x_0 v -x_9 v x_1) ^ (-x_5 v x_4 v -x_6) ^ (x_1 v -x_10 v -x_2) ^ (-x_6 v x_7 v -x_0) ^ (x_6 v -x_7 v -x_0) ^ (x_3 v x_1) ^ (x_9 v -x_4 v -x_10) ^ (x_6 v -x_5) ^ (-x_4 v x_7 v -x_3) ^ (-x_7 v x_2 v x_8) ^ (x_3 v x_9 v -x_5)]
11,20,46,34.16307020187378,3.192140579223633,[(-x_1 v x_7) ^ (-x_5 v x_2 v -x_3) ^ (x_3 v x_7 v x_0) ^ (x_9 v x_5 v -x_8) ^ (-x_9 v x_1 v -x_7) ^ (x_9 v x_4 v x_5) ^ (x_9 v -x_10 v x_5) ^ (x_6 v -x_4 v x_8) ^ (x_1 v -x_4 v -x_6) ^ (x_3 v x_1 v -x_4) ^ (-x_2 v x_7 v -x_8) ^ (x_6 v -x_10 v x_8) ^ (x_9 v x_5 v -x_7) ^ (-x_1 v x_10 v -x_8) ^ (-x_1 v -x_2 v -x_0) ^ (-x_9 v -x_2) ^ (-x_4 v x_5 v -x_0) ^ (x_1 v x_4 v -x_8) ^ (-x_7 v x_5 v -x_3) ^ (x_3 v -x_7 v -x_8)]
12,31,1,0.09461736679077148,0.2065582275390625,[(-x_1 v x_2 v x_11) ^ (x_1 v -x_4 v x_10) ^ (x_9 v -x_3) ^ (x_3 v -x_4 v x_2) ^ (x_3 v -x_5 v -x_8) ^ (x_6 v x_2 v -x_11) ^ (-x_2 v x_7 v -x_11) ^ (x_8 v x_5 v -x_6) ^ (-x_5 v -x_0) ^ (x_11 v x_1 v x_8) ^ (x_1 v -x_2 v x_8) ^ (x_3 v x_1 v x_8) ^ (-x_1 v -x_7 v x_5) ^ (-x_7 v x_4 v x_8) ^ (-x_1 v -x_0 v x_11) ^ (x_6 v -x_3) ^ (x_0 v -x_5) ^ (x_9 v x_2 v -x_6) ^ (x_1 v -x_11) ^ (-x_10 v x_4 v -x_3) ^ (x_9 v -x_4 v x_5) ^ (-x_1 v x_4) ^ (x_3 v -x_1 v x_8) ^ (x_1 v x_4 v x_7) ^ (x_11 v -x_4 v -x_7) ^ (x_10 v x_2 v x_8) ^ (-x_1 v -x_9 v x_5) ^ (-x_1 v x_2 v -x_6) ^ (x_1 v x_10 v x_8) ^ (x_0 v -x_11 v x_8) ^ (-x_1 v -x_10 v x_2)]
12,33,64,inf,6.723895072937012,[(x_1 v -x_4 v -x_0) ^ (x_6 v x_10 v x_7) ^ (x_11 v x_7 v -x_0) ^ (x_11 v x_6 v x_1) ^ (x_11 v -x_5 v x_2) ^ (-x_5 v x_2 v -x_3) ^ (-x_4 v -x_7) ^ (x_11 v -x_2 v x_8) ^ (-x_4 v -x_10 v -x_8) ^ (-x_8 v -x_0) ^ (-x_1 v -x_7 v x_2) ^ (x_1 v x_9 v -x_2) ^ (-x_5 v x_2 v -x_11) ^ (-x_5 v -x_6) ^ (x_0 v x_9 v -x_2) ^ (-x_9 v x_10 v x_4) ^ (x_3 v -x_10 v -x_0) ^ (x_11 v -x_8 v -x_6) ^ (-x_1 v x_4 v -x_11) ^ (x_0 v -x_5 v x_2) ^ (x_6 v -x_8 v -x_3) ^ (-x_2 v x_5 v -x_8) ^ (-x_7 v x_2 v -x_11) ^ (-x_1 v x_6 v -x_4) ^ (x_1 v x_10 v -x_8) ^ (x_0 v -x_9 v x_2) ^ (x_9 v -x_10 v -x_0) ^ (-x_1 v -x_2 v x_0) ^ (x_0 v x_9 v -x_10) ^ (x_6 v x_2 v -x_0) ^ (x_0 v x_2 v x_8) ^ (-x_11 v -x_10 v -x_3) ^ (-x_1 v x_10 v x_3)]
13,29,1,0.12912774085998535,0.19544410705566406,[(x_11 v x_2) ^ (-x_1 v x_12) ^ (x_11 v x_9 v x_8) ^ (-x_4 v -x_5 v -x_6) ^ (-x_1 v x_3 v -x_6) ^ (x_6 v -x_4 v -x_10) ^ (x_12 v -x_4) ^ (x_9 v -x_10 v x_7) ^ (x_0 v -x_7 v -x_8) ^ (x_3 v x_2 v x_8) ^ (-x_1 v x_9 v x_2) ^ (x_12 v x_2 v x_5) ^ (x_5 v x_8) ^ (-x_1 v -x_6) ^ (x_0 v -x_2 v -x_3) ^ (x_6 v x_9) ^ (x_7 v x_2 v -x_8) ^ (x_0 v -x_2 v -x_11) ^ (x_11 v -x_7 v x_0) ^ (-x_1 v x_10 v x_2) ^ (x_6 v x_5 v -x_8) ^ (x_0 v x_5 v x_8) ^ (-x_2 v x_7) ^ (-x_1 v -x_10 v -x_2) ^ (-x_4 v x_2 v x_5) ^ (x_1 v -x_10 v -x_6) ^ (-x_9 v -x_10 v -x_3) ^ (-x_12 v -x_7 v x_4) ^ (x_3 v -x_11 v x_0)]
13,39,91,inf,10.867269515991211,[(-x_9 v -x_6) ^ (x_0 v -x_4 v -x_5) ^ (-x_9 v x_12) ^ (x_4 v x_5 v -x_11) ^ (x_0 v -x_7 v -x_8) ^ (-x_1 v x_7 v x_0) ^ (x_0 v -x_5 v x_8) ^ (x_11 v -x_10 v x_3) ^ (-x_1 v -x_6 v -x_0) ^ (-x_4 v -x_2 v -x_8) ^ (-x_1 v -x_7 v -x_10) ^ (-x_9 v x_7 v -x_3) ^ (x_11 v -x_4 v -x_8) ^ (x_12 v x_9 v x_5) ^ (-x_0 v -x_5 v x_4) ^ (-x_11 v -x_6 v x_8) ^ (-x_10 v x_5 v -x_7) ^ (-x_9 v -x_11) ^ (-x_4 v x_12 v -x_3) ^ (-x_0 v x_6 v -x_3) ^ (-x_0 v x_4 v -x_11) ^ (x_10 v -x_3 v x_4) ^ (x_11 v x_7 v x_8) ^ (-x_4 v -x_6) ^ (-x_9 v x_1 v x_5) ^ (-x_9 v -x_8 v -x_3) ^ (x_3 v x_1 v x_5) ^ (x_10 v x_5 v -x_8) ^ (-x_12 v -x_4 v -x_2) ^ (x_11 v -x_5 v x_7) ^ (-x_5 v x_7 v -x_0) ^ (-x_2 v x_7 v x_8) ^ (x_1 v x_10 v x_2) ^ (x_10 v x_5 v x_8) ^ (-x_1 v -x_5 v -x_11) ^ (x_0 v x_4 v x_11) ^ (x_3 v x_1 v x_7) ^ (-x_6 v -x_2 v x_4) ^ (x_11 v -x_12 v -x_2)]
5,15,1,0.07842874526977539,1.0644426345825195,[(x_1 v -x_4 v -x_0) ^ (x_3 v x_2 v -x_0) ^ (x_0 v -x_4 v -x_2) ^ (x_3 v x_1 v -x_4) ^ (x_0 v -x_4) ^ (x_3 v x_2) ^ (-x_1 v -x_4 v x_0) ^ (x_0 v x_1) ^ (x_1 v -x_0) ^ (x_0 v -x_4 v -x_3) ^ (-x_1 v -x_2 v x_3) ^ (-x_4 v -x_3) ^ (x_3 v x_2 v x_0) ^ (-x_1 v x_4 v x_3) ^ (x_1 v x_4 v -x_3)]
5,14,6,0.06376457214355469,0.3811616897583008,[(-x_1 v -x_2) ^ (x_0 v -x_4 v x_3) ^ (-x_1 v -x_3 v -x_0) ^ (x_0 v -x_3) ^ (-x_4 v -x_2) ^ (x_3 v x_4 v x_0) ^ (x_3 v -x_4 v -x_0) ^ (-x_1 v x_2) ^ (x_1 v -x_4 v -x_3) ^ (-x_1 v x_4 v x_0) ^ (x_1 v -x_0) ^ (x_3 v -x_1 v x_0) ^ (x_3 v x_4) ^ (x_1 v x_4 v -x_3)]
6,11,1,0.040081024169921875,0.13358211517333984,[(x_1 v -x_4 v -x_0) ^ (-x_2 v x_4) ^ (x_1 v x_5) ^ (x_0 v x_1 v -x_5) ^ (x_0 v -x_1 v x_5) ^ (x_0 v -x_4) ^ (x_0 v -x_5 v x_2) ^ (x_0 v -x_5) ^ (x_4 v x_2) ^ (x_3 v x_4 v -x_0) ^ (x_2 v x_5)]
6,16,8,0.0954289436340332,0.5177679061889648,[(x_3 v -x_5 v -x_0) ^ (x_1 v -x_2) ^ (x_1 v -x_2 v -x_3) ^ (-x_0 v x_4 v -x_3) ^ (x_1 v -x_5 v -x_3) ^ (x_4 v -x_3) ^ (-x_5 v x_2 v x_4) ^ (x_3 v -x_1 v -x_0) ^ (-x_1 v -x_4 v x_2) ^ (-x_0 v -x_5 v x_4) ^ (x_0 v x_1 v x_5) ^ (x_0 v x_2 v x_5) ^ (x_0 v x_3) ^ (x_3 v x_4) ^ (x_3 v -x_4 v -x_2) ^ (-x_5 v x_2 v -x_0)]
7,17,1,0.039179086685180664,0.15131092071533203,[(-x_1 v x_4 v -x_2) ^ (x_6 v -x_4 v -x_2) ^ (x_1) ^ (-x_2 v x_5 v -x_6) ^ (x_6 v -x_4 v -x_3) ^ (-x_3 v -x_6) ^ (x_1 v -x_4 v x_5) ^ (x_5 v -x_0) ^ (x_3 v -x_4 v -x_6) ^ (x_0 v x_1 v x_5) ^ (x_3 v x_5 v -x_6) ^ (-x_4 v x_5) ^ (x_3 v x_1 v x_5) ^ (-x_0 v -x_5 v x_4) ^ (x_6 v -x_4) ^ (x_3 v -x_1 v -x_4) ^ (-x_4 v -x_5 v -x_3)]
7,19,12,0.23788905143737793,0.7860202789306641,[(x_6 v -x_2 v x_4) ^ (-x_1 v x_3 v -x_6) ^ (x_3 v -x_1 v x_0) ^ (-x_5 v -x_0) ^ (x_0 v x_6 v x_4) ^ (-x_1 v x_5 v -x_6) ^ (-x_0 v -x_3 v -x_6) ^ (x_0 v x_4 v x_2) ^ (-x_1 v -x_4) ^ (x_0 v x_6 v -x_3) ^ (x_0 v x_2) ^ (x_0 v x_6 v x_3) ^ (-x_0 v x_4 v -x_6) ^ (x_6 v -x_4 v -x_2) ^ (x_4 v x_5 v -x_0) ^ (x_0 v x_5 v -x_3) ^ (x_0 v x_2 v -x_3) ^ (-x_1 v -x_0) ^ (x_3 v -x_1 v -x_5)]
8,12,1,0.04370617866516113,0.1460418701171875,[(-x_5 v x_2) ^ (x_0 v x_4 v x_2) ^ (x_0 v x_7 v x_3) ^ (-x_5 v x_2 v -x_6) ^ (-x_1 v x_5 v -x_3) ^ (x_3 v -x_4 v x_7) ^ (x_3 v -x_5 v -x_2) ^ (x_6 v -x_2) ^ (x_6 v x_7) ^ (-x_1 v -x_4) ^ (-x_1 v -x_4 v x_7) ^ (-x_4 v -x_6 v -x_0)]
8,9,16,0.10759997367858887,0.5024051666259766,[(x_6 v -x_2 v -x_3) ^ (-x_1 v x_4) ^ (-x_4 v x_7) ^ (-x_1 v -x_6) ^ (x_3 v x_6) ^ (x_0 v -x_7 v x_4) ^ (-x_2 v x_5 v x_4) ^ (x_0 v x_7 v x_2) ^ (x_0 v x_4 v x_7)]
9,24,1,0.05220150947570801,0.1861248016357422,[(-x_1 v -x_2 v x_7) ^ (-x_1 v x_6 v -x_8) ^ (x_6 v -x_4 v -x_5) ^ (-x_8) ^ (x_3 v x_6 v x_8) ^ (x_1 v x_7 v x_5) ^ (-x_5 v -x_0) ^ (x_3 v x_6 v x_1) ^ (-x_1 v x_2 v -x_0) ^ (-x_4 v -x_3) ^ (-x_1 v -x_7 v x_0) ^ (x_1 v x_4) ^ (x_2 v -x_0) ^ (x_3 v -x_7 v -x_2) ^ (x_7 v x_2 v x_8) ^ (x_0 v x_4 v x_3) ^ (x_0 v x_1) ^ (x_1 v -x_0) ^ (x_0 v -x_2 v -x_6) ^ (x_1 v x_4 v x_5) ^ (x_2 v -x_8) ^ (-x_1 v -x_2 v -x_0) ^ (x_3 v x_6 v x_7) ^ (-x_1 v -x_2 v x_5)]
9,26,23,0.5364246368408203,1.7743053436279297,[(x_0 v -x_4 v -x_5) ^ (-x_4 v -x_7) ^ (-x_4 v -x_2 v -x_7) ^ (-x_7 v -x_5 v -x_3) ^ (-x_1 v -x_3) ^ (-x_5 v -x_0) ^ (x_0 v x_2 v -x_6) ^ (-x_4 v x_7) ^ (x_6 v -x_4 v -x_7) ^ (-x_4 v -x_2 v -x_3) ^ (x_6 v x_8 v -x_0) ^ (x_6 v x_1 v x_2) ^ (-x_5 v x_4 v -x_3) ^ (x_3 v x_7 v -x_8) ^ (-x_1 v -x_4) ^ (x_1 v -x_5 v -x_0) ^ (x_0 v -x_5 v x_7) ^ (x_2 v -x_8) ^ (-x_5 v x_2 v -x_0) ^ (x_3 v x_7 v x_8) ^ (x_7 v x_2 v x_4) ^ (x_0 v x_7 v -x_8) ^ (x_0 v -x_3) ^ (x_1 v x_7 v x_8) ^ (-x_1 v -x_7) ^ (-x_1 v -x_2 v x_5)]
10,14,1,0.04589557647705078,0.14847278594970703,[(x_0 v x_5 v x_8) ^ (-x_7 v x_4 v -x_3) ^ (x_9 v x_2 v x_8) ^ (x_7 v x_5 v -x_0) ^ (-x_1 v x_9) ^ (x_9 v x_2 v -x_3) ^ (-x_1 v -x_9 v x_7) ^ (x_0 v -x_1 v -x_8) ^ (-x_9 v -x_4 v -x_5) ^ (-x_2 v x_5 v -x_0) ^ (-x_9 v -x_5 v -x_8) ^ (-x_1 v x_7 v x_5) ^ (-x_1 v -x_5 v -x_6) ^ (x_6 v x_7)]
10,10,32,1.0716586112976074,1.1552629470825195,[(x_9 v x_4 v -x_3) ^ (x_0 v -x_4 v -x_5) ^ (-x_1 v x_4 v x_8) ^ (x_4 v x_2 v -x_8) ^ (x_1 v x_7 v -x_6) ^ (x_1 v x_9 v x_2) ^ (x_9 v x_5 v -x_7) ^ (-x_7 v x_4 v -x_6) ^ (x_0 v -x_4 v x_9) ^ (-x_7 v x_4)]
11,25,1,0.06101226806640625,0.1911764144897461,[(-x_2 v x_4 v -x_3) ^ (x_9 v -x_5 v x_7) ^ (x_10 v x_7 v -x_3) ^ (-x_4 v -x_7 v -x_8) ^ (x_9 v x_7 v -x_8) ^ (x_3 v x_1) ^ (x_3 v -x_10 v -x_0) ^ (x_1 v x_2) ^ (x_6 v x_7 v -x_3) ^ (-x_1 v x_6) ^ (-x_9 v -x_4 v x_10) ^ (-x_10 v -x_6) ^ (x_6 v x_1 v x_10) ^ (-x_1 v -x_4 v -x_5) ^ (x_1 v -x_9 v -x_10) ^ (x_3 v x_9) ^ (x_9 v x_10 v x_2) ^ (-x_1 v x_10 v x_7) ^ (-x_1 v -x_0 v -x_6) ^ (-x_7 v -x_2 v x_4) ^ (x_4 v -x_0) ^ (x_6 v x_9 v -x_8) ^ (x_6 v -x_9 v x_7) ^ (-x_5 v x_7 v -x_8) ^ (x_1 v -x_4 v -x_5)]
11,33,46,inf,4.820098876953125,[(x_1 v -x_5 v -x_8) ^ (-x_9 v -x_5 v x_2) ^ (-x_1 v -x_2 v -x_3) ^ (x_10 v -x_0) ^ (-x_9 v -x_4 v -x_2) ^ (x_4 v -x_3) ^ (x_0 v x_6) ^ (x_3 v -x_10 v x_4) ^ (-x_10 v -x_7 v -x_3) ^ (-x_2 v x_7 v -x_0) ^ (x_3 v -x_9 v x_8) ^ (x_1 v x_2 v -x_0) ^ (-x_1 v -x_9 v x_2) ^ (-x_4 v x_10) ^ (x_0 v -x_9 v -x_8) ^ (x_3 v x_1 v -x_6) ^ (x_3 v x_1 v x_4) ^ (x_3 v -x_9) ^ (-x_1 v -x_4 v x_2) ^ (x_9 v -x_10 v x_4) ^ (x_8 v x_2 v -x_0) ^ (-x_1 v -x_5 v -x_8) ^ (-x_5 v x_7 v -x_6) ^ (-x_9 v x_2) ^ (x_9 v x_2 v -x_3) ^ (x_0 v x_10 v x_7) ^ (x_0 v -x_9 v x_4) ^ (-x_7 v -x_2 v x_5) ^ (x_6 v x_9 v x_10) ^ (x_1 v -x_2 v x_4) ^ (x_1 v -x_2 v -x_0) ^ (-x_10 v x_4 v x_2) ^ (x_6 v x_10 v -x_0)]
12,32,1,0.13295269012451172,0.20475482940673828,[(x_5 v -x_11) ^ (x_11 v -x_5 v -x_2) ^ (x_1 v -x_4 v x_10) ^ (-x_4 v x_5 v -x_8) ^ (x_9 v -x_2 v x_7) ^ (-x_10 v x_7) ^ (-x_1 v -x_3 v -x_0) ^ (-x_1 v x_10 v x_5) ^ (x_11 v -x_3 v x_0) ^ (-x_1 v -x_8) ^ (x_6 v x_10 v x_8) ^ (x_6 v x_1 v x_4) ^ (x_6 v -x_2) ^ (-x_9 v x_8 v -x_3) ^ (x_6 v x_9 v -x_7) ^ (x_11 v x_6 v x_4) ^ (x_9 v x_2 v -x_0) ^ (-x_7 v x_4 v x_5) ^ (-x_9 v -x_10 v -x_0) ^ (-x_4 v -x_5 v -x_7) ^ (x_3 v x_6 v x_5) ^ (x_0 v x_1) ^ (-x_1 v -x_7 v -x_3) ^ (-x_9 v -x_4 v x_8) ^ (x_8 v x_2 v -x_6) ^ (x_0 v x_6 v x_3) ^ (-x_1 v -x_5 v -x_8) ^ (x_6 v x_5 v x_8) ^ (x_0 v -x_9 v x_4) ^ (-x_4 v -x_8 v -x_11) ^ (x_0 v x_10) ^ (-x_0 v x_8)]
12,32,64,inf,6.265046119689941,[(-x_1 v -x_5 v -x_2) ^ (x_0 v -x_5 v -x_8) ^ (-x_11 v x_9 v -x_6) ^ (x_3 v -x_7 v x_8) ^ (x_9 v -x_3 v -x_0) ^ (-x_5 v x_7 v x_4) ^ (x_3 v -x_1 v x_0) ^ (-x_9 v -x_5 v -x_0) ^ (-x_10 v -x_5 v -x_11) ^ (-x_6 v -x_2 v x_8) ^ (x_1 v -x_4 v -x_3) ^ (x_3 v x_1 v -x_11) ^ (x_10 v x_2 v -x_11) ^ (-x_9 v -x_2 v x_8) ^ (-x_2 v x_7 v -x_8) ^ (-x_9 v -x_7 v -x_3) ^ (x_0 v x_6 v -x_10) ^ (x_9 v -x_7 v -x_8) ^ (-x_4 v -x_8 v -x_0) ^ (-x_0 v -x_4 v -x_3) ^ (-x_5 v x_7 v -x_0) ^ (-x_10 v x_5 v -x_11) ^ (-x_2 v x_7 v -x_3) ^ (x_3 v x_5 v -x_11) ^ (x_3 v -x_4) ^ (-x_10 v -x_2 v -x_6) ^ (x_0 v x_2 v x_8) ^ (-x_9 v -x_10 v -x_3) ^ (-x_9 v -x_10 v x_2) ^ (x_11 v -x_10 v -x_8) ^ (-x_0 v x_7 v -x_11) ^ (x_1 v -x_4 v -x_5)]
13,26,1,0.11849570274353027,0.18565654754638672,[(x_5 v x_2 v -x_8) ^ (-x_4 v x_5 v -x_8) ^ (x_12 v x_10 v x_7) ^ (x_10 v x_5 v -x_11) ^ (x_9 v x_4 v x_2) ^ (-x_12 v x_9 v -x_5) ^ (x_6 v -x_7 v -x_5) ^ (-x_9 v x_12 v -x_8) ^ (-x_5 v -x_11) ^ (-x_12 v -x_10 v x_7) ^ (-x_9 v -x_8) ^ (-x_1 v -x_10 v x_5) ^ (x_6 v -x_9) ^ (x_1 v -x_12 v -x_10) ^ (x_8 v x_4 v -x_3) ^ (x_6 v -x_4) ^ (x_0 v x_9 v x_11) ^ (x_6 v -x_11 v -x_0) ^ (x_0 v x_12 v x_5) ^ (-x_9 v -x_7 v x_8) ^ (-x_2 v -x_4 v -x_5) ^ (x_11 v -x_10 v -x_6) ^ (-x_12 v x_4 v x_5) ^ (-x_1 v -x_9 v x_0) ^ (x_1 v -x_4 v x_2) ^ (x_4 v -x_3 v -x_0)]
13,25,91,176.61191082000732,6.94374942779541,[(-x_1 v x_12 v x_8) ^ (x_3 v x_0) ^ (x_0 v -x_10 v -x_2) ^ (x_3 v x_6 v -x_2) ^ (x_0 v x_10 v -x_6) ^ (x_1 v -x_10 v x_2) ^ (x_11 v x_6 v x_7) ^ (x_1 v -x_10 v -x_7) ^ (x_6 v -x_9 v x_10) ^ (-x_1 v -x_9 v -x_7) ^ (x_12 v -x_2 v -x_6) ^ (-x_1 v -x_7 v x_4) ^ (x_3 v -x_12 v -x_6) ^ (x_0 v x_4 v -x_2) ^ (x_1 v -x_10) ^ (-x_12 v -x_8 v -x_11) ^ (x_6 v -x_10 v x_2) ^ (-x_12 v x_6 v x_1) ^ (x_1 v -x_8 v -x_11) ^ (-x_10 v -x_2 v -x_11) ^ (x_1 v -x_8 v -x_0) ^ (x_12 v -x_11) ^ (x_6 v x_5 v -x_11) ^ (-x_12 v -x_9 v x_10) ^ (-x_7 v -x_8)]
5,11,1,0.07365274429321289,1.0453710556030273,[(x_1 v -x_4 v -x_0) ^ (x_3 v x_4 v x_2) ^ (x_1 v -x_4 v -x_2) ^ (-x_2) ^ (x_3 v -x_2 v -x_0) ^ (x_3 v x_1 v -x_0) ^ (x_3 v x_1 v x_2) ^ (x_0 v -x_4) ^ (-x_4 v -x_3) ^ (x_3 v -x_4 v -x_2) ^ (-x_1 v -x_0 v -x_3)]
5,13,6,0.06255149841308594,0.4171876907348633,[(x_1 v -x_4 v -x_2) ^ (-x_1 v -x_2 v x_0) ^ (x_0 v -x_2 v x_4) ^ (x_3 v x_4 v -x_2) ^ (-x_2 v -x_3 v -x_0) ^ (x_3 v -x_4 v -x_0) ^ (x_1 v -x_4 v -x_3) ^ (-x_1 v x_4 v x_2) ^ (x_0 v x_2) ^ (-x_2 v -x_3 v x_4) ^ (x_3 v x_1 v x_4) ^ (x_3 v -x_2 v -x_0) ^ (-x_3 v -x_0)]
6,12,1,0.04300737380981445,0.1454315185546875,[(x_0 v x_5 v x_3) ^ (x_3 v -x_1) ^ (x_1 v x_2 v x_5) ^ (-x_5 v x_4) ^ (-x_1 v x_2 v -x_3) ^ (-x_2 v -x_3 v x_4) ^ (x_0 v x_2 v -x_3) ^ (x_4 v x_5) ^ (x_1 v x_2 v -x_3) ^ (x_0 v x_1 v -x_2) ^ (x_4 v -x_3) ^ (x_0 v x_1 v x_4)]
6,14,8,0.09105587005615234,0.5262622833251953,[(x_3 v x_1 v -x_5) ^ (x_4 v x_2 v -x_3) ^ (x_1 v x_4 v x_2) ^ (-x_1 v -x_2) ^ (x_0 v -x_5 v -x_3) ^ (x_0 v x_4 v x_5) ^ (-x_5 v x_4 v -x_3) ^ (x_0 v x_5 v x_2) ^ (x_3 v -x_5 v x_4) ^ (x_3 v x_4 v -x_2) ^ (x_3 v x_1 v x_0) ^ (-x_1 v x_4 v x_2) ^ (-x_0 v -x_5 v x_4) ^ (-x_1 v -x_0)]
7,15,1,0.04524707794189453,0.14295578002929688,[(-x_4 v x_2) ^ (x_0 v x_5 v x_3) ^ (x_3 v -x_1) ^ (x_0 v -x_4 v -x_6) ^ (-x_4 v -x_3 v -x_6) ^ (-x_1 v -x_4 v -x_0) ^ (x_6 v -x_0) ^ (-x_1 v x_2 v -x_3) ^ (x_1 v -x_3) ^ (x_0 v -x_2 v x_5) ^ (x_3 v -x_5) ^ (-x_1 v -x_3 v x_0) ^ (x_3 v -x_2 v -x_0) ^ (-x_5 v -x_4 v -x_2) ^ (x_0 v -x_1 v x_3)]
7,13,12,0.11034297943115234,0.5659151077270508,[(x_3 v x_5) ^ (-x_6 v -x_0) ^ (-x_1 v -x_4 v x_3) ^ (x_0 v x_2 v -x_6) ^ (x_0 v x_4 v x_2) ^ (x_0 v x_5) ^ (-x_1 v -x_4 v -x_2) ^ (-x_1 v -x_5) ^ (x_6 v x_2 v -x_0) ^ (x_0 v x_2) ^ (x_0 v -x_5 v x_2) ^ (x_3 v -x_0 v -x_6) ^ (x_0 v -x_4 v -x_3)]
8,17,1,0.05205535888671875,0.1556262969970703,[(-x_6 v x_2 v -x_0) ^ (x_0 v -x_4 v -x_5) ^ (-x_5 v -x_0) ^ (x_0 v x_2 v -x_6) ^ (x_6 v -x_2 v x_7) ^ (x_6 v -x_5 v -x_0) ^ (x_4 v x_5 v -x_0) ^ (-x_2) ^ (-x_5 v x_2 v -x_3) ^ (x_0 v -x_1 v -x_3) ^ (x_6 v x_7 v x_2) ^ (-x_1 v -x_7 v x_5) ^ (-x_0 v -x_6) ^ (-x_1 v -x_5 v -x_0) ^ (x_6 v x_7 v -x_3) ^ (-x_1 v -x_4 v x_7) ^ (-x_1 v x_5 v x_0)]
8,22,16,0.27715206146240234,1.3325176239013672,[(x_1 v -x_7 v -x_6) ^ (-x_1 v x_7 v -x_0) ^ (-x_1 v -x_2 v -x_3) ^ (x_6 v -x_7 v -x_5) ^ (x_6 v x_4 v x_7) ^ (-x_2 v -x_3 v x_4) ^ (x_4 v x_2) ^ (x_3 v -x_1) ^ (x_6 v x_1 v x_4) ^ (x_3 v x_7) ^ (-x_4 v -x_6 v -x_3) ^ (x_6 v x_1 v -x_2) ^ (x_1 v -x_7 v x_2) ^ (x_3 v -x_4 v x_0) ^ (x_6 v x_1 v -x_3) ^ (x_3 v x_6 v x_4) ^ (x_1 v -x_5) ^ (x_1 v -x_0) ^ (x_3 v x_6 v -x_0) ^ (x_6 v x_7 v -x_0) ^ (x_2 v -x_3) ^ (x_1 v x_2 v -x_3)]
9,22,1,0.051560163497924805,0.18530941009521484,[(-x_2 v x_7 v -x_6) ^ (x_6 v x_2 v -x_8) ^ (x_6 v x_2 v -x_3) ^ (-x_1 v x_7 v -x_0) ^ (x_6 v -x_5 v -x_8) ^ (-x_5 v -x_2 v -x_8) ^ (x_6 v x_1 v -x_5) ^ (x_3 v -x_7) ^ (-x_7 v -x_2) ^ (x_0 v x_6 v -x_7) ^ (-x_1 v x_3 v -x_8) ^ (-x_4 v x_2) ^ (-x_5 v x_7 v -x_3) ^ (x_1 v -x_7 v -x_5) ^ (x_2 v -x_3 v -x_0) ^ (-x_1 v x_7 v -x_8) ^ (x_0 v x_1 v x_2) ^ (-x_4 v -x_5 v -x_3) ^ (-x_7 v -x_2 v x_5) ^ (x_0 v x_2 v x_8) ^ (x_1 v x_4 v x_8) ^ (-x_1 v -x_5 v x_8)]
9,25,23,0.8728470802307129,1.8623600006103516,[(x_3 v -x_1 v x_4) ^ (-x_4 v -x_2 v -x_7) ^ (-x_1 v -x_2 v -x_6) ^ (-x_4 v x_5 v x_8) ^ (x_6 v x_2 v x_8) ^ (x_0 v -x_2 v x_8) ^ (x_5 v x_8) ^ (x_7 v x_2 v -x_3) ^ (-x_4 v -x_6 v -x_3) ^ (x_5 v -x_8 v -x_0) ^ (-x_6 v -x_5 v x_4) ^ (-x_7 v -x_2 v -x_0) ^ (x_0 v -x_8 v -x_6) ^ (x_0 v x_1 v x_8) ^ (x_1 v -x_5 v -x_0) ^ (-x_6 v -x_3) ^ (x_6 v x_7 v -x_0) ^ (-x_4 v -x_8 v -x_0) ^ (-x_5 v x_2 v -x_0) ^ (-x_0 v -x_5 v -x_6) ^ (x_0 v x_6 v x_5) ^ (x_0 v -x_1 v -x_7) ^ (-x_1 v -x_4 v x_5) ^ (x_0 v x_4 v -x_6) ^ (x_1 v -x_7 v -x_3)]
10,25,1,0.05570197105407715,0.20290374755859375,[(-x_9 v -x_2 v -x_3) ^ (x_5 v x_2 v -x_8) ^ (x_9 v x_7) ^ (x_6 v x_1 v x_9) ^ (x_2 v -x_3 v -x_6) ^ (-x_4 v x_2 v -x_3) ^ (x_4 v -x_3) ^ (-x_1 v -x_8 v -x_6) ^ (x_6 v x_1 v x_4) ^ (x_0 v -x_5 v -x_2) ^ (x_9 v x_7 v x_8) ^ (x_0 v -x_7 v x_4) ^ (x_6 v -x_4 v x_8) ^ (x_1 v -x_7 v -x_5) ^ (x_0 v x_6 v x_9) ^ (x_9 v x_2 v -x_6) ^ (x_6 v x_9 v x_2) ^ (x_1 v x_9 v -x_0) ^ (-x_9 v -x_2 v -x_0) ^ (-x_6 v x_5 v x_8) ^ (x_6 v -x_9 v -x_7) ^ (-x_5 v x_7 v -x_6) ^ (-x_7 v -x_6 v x_8) ^ (x_1 v -x_5 v -x_6) ^ (x_7 v -x_8 v -x_3)]
10,16,32,0.7769222259521484,1.6081523895263672,[(x_3 v x_1 v -x_5) ^ (-x_7 v x_5) ^ (-x_1 v x_6 v x_3) ^ (-x_9 v -x_7 v -x_5) ^ (x_1 v x_4 v -x_0) ^ (-x_1 v -x_5 v x_2) ^ (x_3 v -x_9 v -x_0) ^ (x_0 v x_1 v x_3) ^ (-x_3 v -x_0) ^ (x_6 v -x_4 v x_2) ^ (x_6 v -x_4) ^ (x_6 v -x_7 v -x_8) ^ (x_6 v x_8) ^ (-x_1 v -x_4 v -x_8) ^ (-x_1 v x_8 v -x_6) ^ (x_0 v x_6 v x_3)]
11,24,1,0.055878639221191406,0.19052410125732422,[(x_1 v -x_4 v -x_0) ^ (x_1 v x_10 v -x_5) ^ (x_3 v x_6 v -x_8) ^ (x_0 v -x_2 v -x_8) ^ (-x_10 v -x_2 v x_4) ^ (-x_4 v x_7 v -x_3) ^ (-x_1 v -x_3) ^ (x_0 v -x_7 v x_8) ^ (-x_7 v -x_5 v x_8) ^ (x_3 v -x_10 v x_4) ^ (-x_1 v x_6 v -x_2) ^ (-x_10 v -x_8) ^ (x_8 v x_9 v -x_6) ^ (-x_9 v x_1 v -x_5) ^ (-x_5 v x_2) ^ (x_0 v x_4 v x_2) ^ (-x_1 v -x_9 v x_4) ^ (-x_9 v x_10 v x_2) ^ (x_1 v -x_9 v -x_10) ^ (x_3 v -x_2 v -x_6) ^ (x_3 v -x_10 v -x_8) ^ (-x_7 v -x_2 v -x_6) ^ (x_4 v -x_8 v -x_0) ^ (x_9 v x_5)]
11,18,46,271.99731731414795,2.8581275939941406,[(x_3 v x_9 v -x_10) ^ (x_6 v -x_10 v -x_8) ^ (-x_1 v -x_8 v -x_6) ^ (-x_10 v x_7) ^ (x_8 v -x_5 v -x_3) ^ (x_7 v x_5 v -x_0) ^ (x_0 v -x_4 v x_10) ^ (-x_5 v x_10 v x_4) ^ (x_0 v x_6 v -x_2) ^ (-x_0 v -x_2 v x_4) ^ (x_9 v x_5) ^ (-x_7 v x_10 v -x_6) ^ (x_3 v x_6 v -x_7) ^ (-x_1 v -x_10 v x_0) ^ (-x_1 v x_6 v -x_4) ^ (-x_1 v x_8 v -x_3) ^ (-x_9 v -x_4 v x_7) ^ (x_9 v -x_8 v -x_6)]
12,35,1,0.08141350746154785,0.21486949920654297,[(x_4 v x_7) ^ (-x_4 v x_9 v -x_5) ^ (-x_4 v -x_7 v -x_0) ^ (x_11 v x_9 v -x_10) ^ (-x_1 v x_7 v x_5) ^ (x_10 v -x_3 v -x_6) ^ (-x_1 v -x_9 v -x_6) ^ (-x_7 v x_4 v -x_8) ^ (x_11 v x_9 v x_10) ^ (x_0 v x_6 v -x_2) ^ (-x_7 v x_2 v -x_8) ^ (x_3 v -x_9 v -x_5) ^ (-x_1 v -x_5 v x_4) ^ (x_3 v x_9 v x_11) ^ (x_11 v x_9 v -x_0) ^ (x_3 v x_8 v -x_11) ^ (x_11 v -x_5 v x_10) ^ (x_1 v -x_10) ^ (x_3 v x_4 v -x_6) ^ (-x_1 v -x_9 v -x_3) ^ (x_10 v -x_5 v -x_0) ^ (x_1 v -x_7 v x_10) ^ (-x_10 v -x_6) ^ (-x_9 v x_10 v x_2) ^ (-x_2 v x_5) ^ (-x_0 v x_5 v x_8) ^ (-x_7 v -x_10 v -x_11) ^ (x_11 v x_4 v x_2) ^ (x_6 v x_5) ^ (x_11 v x_7 v x_3) ^ (-x_9 v x_1 v -x_11) ^ (x_6 v -x_9 v x_7) ^ (-x_5 v x_7 v -x_8) ^ (-x_1 v -x_0) ^ (-x_1 v x_9 v -x_7)]
12,27,64,inf,5.649099349975586,[(x_0 v -x_11) ^ (x_11 v x_9 v x_8) ^ (x_6 v -x_4 v -x_0) ^ (x_0 v x_2 v x_11) ^ (-x_9 v -x_3) ^ (x_3 v x_2 v -x_11) ^ (x_0 v x_9 v x_8) ^ (-x_9 v x_1 v -x_4) ^ (x_1 v -x_10 v -x_5) ^ (x_9 v -x_2 v -x_11) ^ (x_6 v x_9 v -x_3) ^ (x_3 v x_8 v x_11) ^ (-x_1 v x_5 v -x_11) ^ (-x_10 v x_2 v -x_6) ^ (x_1 v -x_7 v x_10) ^ (-x_4 v -x_10 v -x_0) ^ (x_6 v -x_10 v x_8) ^ (-x_1 v x_6 v -x_4) ^ (-x_9 v x_2 v x_8) ^ (-x_1 v -x_0 v -x_3) ^ (x_6 v x_5) ^ (x_3 v -x_2 v x_11) ^ (x_9 v x_2 v -x_3) ^ (x_1 v -x_9 v x_4) ^ (-x_6 v -x_2 v x_4) ^ (-x_5 v x_2 v -x_8) ^ (-x_9 v x_4 v -x_3)]
13,28,1,0.1469433307647705,0.20058917999267578,[(x_3 v x_10) ^ (x_7 v x_5 v x_8) ^ (x_4 v x_2 v x_8) ^ (x_11 v x_9 v x_4) ^ (x_7 v x_5 v -x_6) ^ (x_11 v x_3) ^ (-x_1 v -x_2 v x_11) ^ (x_11 v -x_10 v x_5) ^ (-x_9 v x_1 v -x_3) ^ (-x_9 v x_2 v -x_0) ^ (x_9 v x_7 v -x_6) ^ (x_3 v -x_7 v x_4) ^ (-x_5 v x_9 v -x_2) ^ (x_10 v -x_5 v -x_0) ^ (-x_4 v x_9 v -x_11) ^ (-x_12 v x_10 v -x_0) ^ (x_1 v x_12 v -x_6) ^ (x_11 v -x_2 v x_7) ^ (x_3 v x_6 v x_7) ^ (x_0 v x_7 v -x_8) ^ (-x_9 v x_10 v -x_5) ^ (x_7 v x_5 v -x_0) ^ (-x_1 v -x_4 v x_10) ^ (x_3 v x_5 v -x_11) ^ (-x_1 v x_6 v -x_12) ^ (-x_1 v -x_5) ^ (x_3 v x_5 v -x_6) ^ (x_3 v x_7 v -x_11)]
13,17,91,120.05979466438293,5.099271774291992,[(x_12 v -x_10 v -x_3) ^ (x_4 v x_7) ^ (x_6 v -x_5 v x_8) ^ (x_3 v x_6 v x_10) ^ (x_3 v x_9) ^ (-x_5 v -x_2 v x_8) ^ (-x_4 v -x_10 v x_7) ^ (x_11 v -x_4 v -x_8) ^ (x_0 v x_5 v -x_3) ^ (x_0 v x_1 v x_3) ^ (x_0 v -x_2 v -x_8) ^ (-x_1 v -x_9 v x_3) ^ (-x_7 v x_10 v x_4) ^ (x_11 v x_3 v -x_8) ^ (x_11 v -x_9 v x_10) ^ (-x_12 v -x_9 v -x_11) ^ (-x_9 v -x_2 v -x_6)]
5,8,1,0.07541823387145996,1.0275325775146484,[(x_3 v -x_2) ^ (-x_2 v -x_0) ^ (x_0 v x_4) ^ (x_1 v -x_2 v -x_3) ^ (-x_4 v -x_2) ^ (-x_2 v x_4 v -x_3) ^ (x_1 v -x_4) ^ (-x_1 v -x_2 v x_4)]
5,8,6,0.05311083793640137,0.27357959747314453,[(-x_2 v -x_0) ^ (x_3 v -x_0) ^ (-x_1 v -x_4 v -x_2) ^ (-x_4 v -x_2 v -x_0) ^ (-x_1 v x_3 v x_0) ^ (x_0 v -x_4 v -x_3) ^ (x_3 v -x_2 v -x_0) ^ (x_3 v x_2 v x_0)]
6,17,1,0.04721999168395996,0.1515369415283203,[(x_1 v x_4 v x_2) ^ (-x_2 v -x_0) ^ (x_1 v -x_2) ^ (-x_1 v -x_4 v x_3) ^ (x_0 v -x_1) ^ (x_0 v -x_2 v x_5) ^ (x_0 v -x_4 v -x_2) ^ (-x_1 v -x_4) ^ (-x_4 v x_5 v -x_0) ^ (x_0 v -x_5 v x_4) ^ (-x_4 v -x_5 v x_2) ^ (x_0 v x_2) ^ (-x_4 v -x_2 v -x_3) ^ (-x_4 v x_2) ^ (-x_4 v -x_3 v -x_0) ^ (-x_2 v x_5 v -x_3) ^ (x_1 v x_4 v -x_3)]
6,6,8,0.052365779876708984,0.2186298370361328,[(x_0 v -x_3) ^ (-x_1 v x_4 v x_5) ^ (-x_1 v -x_5 v -x_3) ^ (-x_1 v x_2) ^ (-x_5 v -x_2 v -x_3) ^ (x_0 v x_1)]
7,16,1,0.04392218589782715,0.1543121337890625,[(x_0 v x_4 v x_5) ^ (-x_0 v x_4 v -x_6) ^ (x_2 v -x_0) ^ (x_6 v x_4) ^ (-x_4 v x_2 v -x_0) ^ (x_0 v x_4) ^ (x_6 v -x_4 v -x_3) ^ (x_3 v x_5 v -x_0) ^ (x_0 v -x_4 v x_5) ^ (x_0 v x_2) ^ (-x_1 v x_4 v x_2) ^ (-x_1 v x_4 v x_0) ^ (x_0 v x_1) ^ (x_0 v -x_2 v x_3) ^ (-x_1 v x_4 v -x_6) ^ (x_0 v x_6 v x_3)]
7,20,12,0.7937288284301758,1.1904878616333008,[(-x_1 v -x_4 v -x_3) ^ (-x_4 v -x_2 v x_5) ^ (-x_0 v x_1 v -x_6) ^ (-x_1 v -x_6 v -x_0) ^ (-x_6 v -x_2 v -x_3) ^ (x_0 v x_6 v x_4) ^ (x_6 v x_1 v x_5) ^ (x_4 v -x_6) ^ (x_6 v -x_4) ^ (x_3 v x_4 v -x_6) ^ (x_1 v -x_4 v -x_6) ^ (x_6 v -x_2 v -x_3) ^ (x_0 v x_1 v -x_4) ^ (-x_1 v x_2) ^ (x_0 v -x_2 v -x_6) ^ (-x_1 v -x_4 v x_2) ^ (x_1 v x_5) ^ (-x_4 v x_5 v -x_6) ^ (x_1 v x_2 v -x_3) ^ (x_3 v x_4)]
8,24,1,0.054326772689819336,0.18035411834716797,[(-x_7 v -x_3 v -x_6) ^ (-x_4 v -x_2 v -x_0) ^ (x_6 v x_5 v -x_3) ^ (-x_1 v -x_3 v x_0) ^ (-x_4 v x_7 v -x_3) ^ (-x_3) ^ (-x_7 v -x_5 v x_2) ^ (x_6 v x_1 v -x_7) ^ (x_1 v -x_4) ^ (x_3 v -x_7 v -x_6) ^ (x_3 v -x_7 v x_4) ^ (-x_2 v x_7 v -x_0) ^ (x_7 v -x_0) ^ (x_0 v -x_2) ^ (x_4 v x_5 v -x_3) ^ (-x_1 v x_6 v x_2) ^ (-x_1 v x_6 v -x_4) ^ (x_3 v x_2 v x_0) ^ (-x_5 v -x_4 v -x_2) ^ (x_0 v x_1 v x_4) ^ (x_4 v -x_0) ^ (-x_1 v -x_0) ^ (x_1 v -x_2 v -x_0) ^ (-x_7 v -x_3)]
8,16,16,0.18073320388793945,0.8141031265258789,[(-x_0 v x_4 v -x_6) ^ (x_3 v -x_2) ^ (-x_1 v -x_5 v -x_2) ^ (-x_7 v -x_2 v -x_3) ^ (x_0 v -x_7 v x_2) ^ (-x_1 v x_6 v x_2) ^ (-x_4 v x_5 v -x_6) ^ (-x_5 v x_2 v -x_6) ^ (-x_4 v -x_7 v -x_0) ^ (-x_5 v x_2 v x_7) ^ (x_0 v x_4 v -x_6) ^ (-x_4 v -x_6) ^ (-x_1 v -x_4 v x_5) ^ (x_6 v -x_4 v -x_7) ^ (x_0 v x_4 v x_3) ^ (-x_4 v -x_2 v -x_7)]
9,13,1,0.0538792610168457,0.1450939178466797,[(x_0 v -x_6 v -x_3) ^ (-x_1 v -x_5 v -x_8) ^ (-x_2 v x_5 v -x_3) ^ (x_5 v -x_8 v -x_0) ^ (-x_5 v x_2 v -x_8) ^ (x_1 v -x_6) ^ (-x_1 v -x_0) ^ (x_1 v x_5 v -x_3) ^ (-x_2 v x_5 v x_4) ^ (x_0 v -x_1 v -x_4) ^ (-x_0 v x_5 v -x_6) ^ (-x_7 v x_4 v -x_0) ^ (x_3 v x_7 v x_5)]
9,23,23,0.7712397575378418,1.910639762878418,[(x_0 v x_6 v x_1) ^ (x_0 v x_6 v -x_8) ^ (x_1 v -x_4 v -x_7) ^ (x_0 v -x_7 v -x_6) ^ (x_1 v -x_4 v x_5) ^ (-x_1 v -x_8 v -x_3) ^ (-x_4 v -x_2 v x_7) ^ (-x_5 v -x_2 v x_8) ^ (x_0 v -x_5 v x_2) ^ (x_6 v x_4 v x_2) ^ (x_3 v x_4 v x_8) ^ (x_0 v x_1) ^ (-x_2 v x_5 v x_8) ^ (x_3 v x_2 v x_0) ^ (x_6 v x_5 v -x_8) ^ (x_3 v x_7 v x_8) ^ (x_0 v x_4 v x_5) ^ (x_6 v x_4 v -x_0) ^ (x_4 v x_5 v -x_0) ^ (x_3 v -x_4) ^ (-x_6 v -x_2 v x_4) ^ (x_1 v -x_2 v x_4) ^ (x_4 v -x_8 v -x_0)]
10,23,1,0.04970359802246094,0.18410873413085938,[(x_1 v -x_2 v -x_5) ^ (-x_1 v -x_4 v x_8) ^ (x_1 v -x_4 v -x_8) ^ (-x_0 v x_2 v -x_6) ^ (-x_4 v -x_2 v x_5) ^ (-x_2 v -x_8 v -x_0) ^ (x_0 v -x_5 v -x_3) ^ (-x_5 v x_4) ^ (x_0 v -x_8 v -x_3) ^ (-x_2 v x_5 v -x_0) ^ (x_3 v x_6 v x_1) ^ (x_3 v x_2 v -x_6) ^ (x_7 v x_5) ^ (x_7 v -x_8 v x_4) ^ (x_7 v x_2 v x_8) ^ (-x_2 v -x_4 v -x_5) ^ (x_0 v -x_9 v -x_2) ^ (-x_1 v -x_4 v x_9) ^ (-x_7 v x_5) ^ (x_6 v -x_9 v -x_7) ^ (x_6 v x_5 v x_8) ^ (-x_9 v x_4 v -x_3) ^ (-x_7 v -x_8)]
10,19,32,27.433684587478638,1.8366947174072266,[(-x_9 v -x_5 v x_2) ^ (-x_9 v x_5 v -x_8) ^ (x_0 v -x_9 v -x_7) ^ (x_8 v -x_6 v -x_0) ^ (x_3 v -x_8) ^ (x_5 v -x_8) ^ (x_3 v x_1 v x_8) ^ (-x_5 v -x_2 v -x_3) ^ (-x_5 v x_9 v -x_2) ^ (-x_4 v x_5 v -x_3) ^ (x_3 v -x_7 v -x_0) ^ (x_6 v x_1 v x_7) ^ (x_1 v -x_7 v -x_5) ^ (x_0 v -x_9 v -x_3) ^ (x_7 v -x_0) ^ (-x_6 v -x_3 v -x_0) ^ (x_9 v -x_5) ^ (-x_9 v -x_7 v -x_2) ^ (-x_9 v x_8 v -x_6)]
11,17,1,0.0508878231048584,0.17302608489990234,[(-x_10 v -x_8 v -x_0) ^ (-x_10 v x_5 v -x_3) ^ (-x_4 v x_2) ^ (x_1 v x_7 v x_5) ^ (x_3 v -x_4 v x_8) ^ (-x_4 v x_10 v -x_6) ^ (-x_1 v x_10 v -x_2) ^ (-x_2 v x_7 v -x_8) ^ (x_9 v x_7 v -x_0) ^ (x_0 v -x_5 v x_4) ^ (x_1 v x_9 v -x_10) ^ (-x_1 v -x_9 v x_4) ^ (-x_4 v -x_2 v x_5) ^ (-x_10 v -x_8 v -x_6) ^ (-x_1 v -x_7 v x_0) ^ (-x_1 v -x_9) ^ (x_9 v -x_4 v x_10)]
11,33,46,inf,4.7508440017700195,[(x_3 v x_9 v x_8) ^ (x_2 v -x_6) ^ (-x_1 v -x_5 v -x_3) ^ (x_9 v x_10 v -x_6) ^ (x_9 v -x_10 v -x_3) ^ (x_0 v x_1 v x_3) ^ (x_9 v -x_10 v x_7) ^ (-x_4 v -x_2 v -x_8) ^ (x_0 v x_6 v -x_7) ^ (-x_1 v x_8) ^ (-x_9 v -x_4 v -x_5) ^ (x_6 v -x_4 v -x_8) ^ (x_1 v x_9 v x_2) ^ (x_6 v x_9 v -x_2) ^ (-x_6 v -x_5 v x_4) ^ (-x_2 v x_7 v -x_0) ^ (-x_4 v x_7 v x_2) ^ (-x_4 v -x_7 v -x_6) ^ (x_9 v -x_4 v x_5) ^ (x_0 v -x_9 v -x_8) ^ (x_6 v x_9 v -x_5) ^ (x_0 v x_6 v -x_5) ^ (-x_5 v -x_4 v -x_2) ^ (-x_10 v -x_5 v x_4) ^ (x_0 v x_4 v x_5) ^ (x_1 v -x_9 v -x_3) ^ (x_0 v x_5 v x_8) ^ (-x_7 v -x_10 v x_5) ^ (-x_1 v -x_7 v -x_8) ^ (x_1 v -x_4 v -x_10) ^ (-x_10 v x_2) ^ (-x_1 v x_6 v x_5) ^ (x_0 v x_7 v -x_3)]
12,22,1,0.09930706024169922,0.18907928466796875,[(x_5 v -x_9 v x_2) ^ (x_3 v -x_5 v x_8) ^ (x_3 v -x_4 v -x_10) ^ (-x_10 v -x_2 v x_4) ^ (x_1 v x_9 v -x_2) ^ (x_3 v -x_10 v -x_11) ^ (x_3 v x_5 v x_2) ^ (x_6 v -x_10 v -x_2) ^ (-x_11 v -x_3 v x_8) ^ (-x_10 v -x_7 v -x_11) ^ (-x_0 v -x_9 v x_8) ^ (x_4 v x_5 v -x_3) ^ (-x_7 v x_10 v -x_6) ^ (x_0 v x_6 v -x_10) ^ (-x_1 v -x_9 v x_3) ^ (-x_9 v -x_4 v x_8) ^ (-x_4 v -x_5 v -x_3) ^ (-x_11 v -x_7 v x_8) ^ (x_0 v x_6 v x_5) ^ (-x_10 v x_2 v -x_0) ^ (x_0 v -x_1 v x_8) ^ (-x_0 v x_7 v -x_11)]
12,13,64,103.24035501480103,2.5260677337646484,[(x_11 v x_4) ^ (x_9 v -x_8) ^ (x_6 v x_1 v -x_7) ^ (x_9 v x_7) ^ (x_0 v -x_4 v x_3) ^ (x_0 v x_7 v -x_11) ^ (x_4 v -x_11) ^ (-x_1 v x_2 v -x_0) ^ (x_1 v -x_2 v -x_0) ^ (x_1 v x_10 v x_7) ^ (-x_4 v x_10 v x_5) ^ (-x_4 v -x_5 v x_7) ^ (x_1 v -x_8)]
13,28,1,0.10190463066101074,0.20005226135253906,[(x_12 v -x_7 v x_8) ^ (x_9 v -x_5 v x_7) ^ (x_6 v -x_9 v x_4) ^ (-x_12 v -x_9) ^ (x_3 v -x_10 v -x_5) ^ (x_0 v -x_9 v -x_12) ^ (x_3 v x_1 v -x_10) ^ (x_1 v x_7 v -x_11) ^ (-x_10 v x_2 v x_5) ^ (x_12 v x_2 v -x_8) ^ (-x_5 v x_7 v -x_3) ^ (x_1 v x_2 v -x_0) ^ (x_1 v x_10 v -x_3) ^ (x_0 v x_1 v x_8) ^ (x_11 v -x_7 v x_0) ^ (x_6 v -x_2 v -x_11) ^ (-x_4 v x_12 v -x_0) ^ (x_12 v x_2 v -x_3) ^ (x_1 v x_12 v x_7) ^ (-x_12 v -x_5 v -x_11) ^ (x_3 v -x_12 v x_5) ^ (-x_11 v -x_6 v -x_0) ^ (x_3 v -x_11 v -x_0) ^ (-x_4 v -x_8 v -x_11) ^ (-x_7 v x_10 v -x_3) ^ (x_1 v -x_10 v x_4) ^ (x_3 v -x_4 v -x_2) ^ (x_1 v x_4 v -x_3)]
13,31,91,inf,8.499754905700684,[(-x_9 v x_7 v -x_0) ^ (x_11 v x_12 v x_5) ^ (-x_0 v -x_12 v x_8) ^ (-x_2 v x_8) ^ (x_1 v x_12 v x_10) ^ (x_6 v x_12 v x_7) ^ (x_1 v -x_7 v -x_8) ^ (x_6 v -x_7 v -x_5) ^ (-x_10 v x_7 v -x_11) ^ (x_6 v -x_2 v -x_0) ^ (-x_1 v -x_4 v -x_6) ^ (x_7 v -x_3 v -x_6) ^ (-x_0 v -x_6 v x_8) ^ (x_1 v x_2) ^ (-x_7 v x_4 v x_8) ^ (-x_0 v -x_5 v x_4) ^ (x_3 v x_11 v -x_0) ^ (-x_9 v x_2 v -x_8) ^ (x_9 v x_2 v -x_6) ^ (x_1 v -x_11) ^ (x_0 v x_6 v x_3) ^ (x_3 v -x_2) ^ (-x_11) ^ (x_11 v x_10 v -x_5) ^ (x_0 v x_1 v x_9) ^ (x_0 v -x_7 v -x_5) ^ (-x_7 v -x_10 v -x_0) ^ (-x_9 v -x_4 v -x_0) ^ (-x_5 v -x_7 v x_10) ^ (-x_1 v -x_4 v x_12) ^ (x_0 v x_7 v -x_3)]
5,8,1,0.06985306739807129,1.041656494140625,[(x_0 v -x_1 v x_3) ^ (x_1 v x_4 v x_2) ^ (x_3 v x_4 v -x_0) ^ (-x_1 v x_2 v -x_3) ^ (x_3 v -x_4 v x_2) ^ (x_3 v x_1 v x_0) ^ (-x_4 v -x_2 v -x_3) ^ (x_0 v -x_1 v x_2)]
5,12,6,0.8299427032470703,0.7902364730834961,[(-x_1 v x_0) ^ (x_1 v x_2 v -x_0) ^ (x_3 v -x_2 v x_4) ^ (x_0 v x_4) ^ (x_0 v x_1 v -x_4) ^ (x_1 v -x_2 v -x_3) ^ (-x_4 v -x_2) ^ (x_1 v -x_4 v -x_3) ^ (-x_1 v -x_4 v x_0) ^ (x_0 v -x_4) ^ (x_3 v -x_1 v x_0) ^ (x_1 v x_4 v -x_3)]
6,10,1,0.15193605422973633,0.3458089828491211,[(x_3 v x_1 v -x_5) ^ (x_3 v x_5) ^ (x_0 v -x_4 v -x_2) ^ (-x_4 v -x_2) ^ (-x_1 v -x_4) ^ (-x_1 v x_5 v -x_0) ^ (x_0 v -x_1 v -x_2) ^ (x_3 v x_5 v -x_0) ^ (-x_3 v -x_0) ^ (-x_1 v x_4 v -x_0)]
6,12,8,0.700244665145874,0.7770633697509766,[(-x_0 v -x_3) ^ (x_1 v x_5) ^ (x_3 v x_1 v -x_2) ^ (-x_5 v x_2 v x_4) ^ (x_3 v -x_4 v -x_0) ^ (x_3 v x_0) ^ (-x_1 v -x_0 v -x_3) ^ (x_1 v -x_2 v x_5) ^ (-x_2 v -x_3 v x_4) ^ (-x_1 v x_2 v x_5) ^ (-x_3 v -x_0) ^ (x_2 v x_5)]
7,10,1,0.04525113105773926,0.13574695587158203,[(x_6 v -x_4 v x_5) ^ (x_3 v x_6 v x_4) ^ (x_0 v x_1 v -x_5) ^ (-x_1 v x_6 v x_4) ^ (-x_4 v -x_5 v x_2) ^ (x_3 v x_2) ^ (x_6 v -x_5 v x_4) ^ (x_1 v -x_0) ^ (x_1 v x_4) ^ (-x_1 v x_4 v -x_0)]
7,11,12,0.10114812850952148,0.5529718399047852,[(x_5 v -x_6) ^ (x_6 v x_1 v x_4) ^ (x_1 v x_2 v -x_0) ^ (-x_1 v -x_3 v -x_0) ^ (x_6 v x_1) ^ (-x_1 v x_5 v -x_6) ^ (-x_1 v -x_4 v -x_3) ^ (x_2 v x_5 v -x_6) ^ (x_6 v x_5 v -x_0) ^ (x_0 v -x_4 v -x_3) ^ (-x_2 v x_5 v x_4)]
8,17,1,0.1120915412902832,0.27985477447509766,[(-x_6 v x_2 v -x_0) ^ (x_0 v -x_1 v -x_6) ^ (x_3 v -x_1) ^ (-x_1 v x_6 v -x_5) ^ (x_3 v x_1 v -x_7) ^ (x_7 v -x_3) ^ (x_3 v x_5) ^ (x_3 v x_4 v x_0) ^ (-x_5 v x_2 v x_7) ^ (x_6 v x_7 v x_2) ^ (x_3 v -x_7 v x_2) ^ (x_3 v x_1 v -x_6) ^ (x_3 v x_6 v -x_2) ^ (-x_1 v -x_7 v -x_3) ^ (x_3 v x_1 v x_4) ^ (-x_1 v -x_7 v x_0) ^ (x_1 v -x_6 v -x_0)]
8,12,16,0.17658257484436035,0.7446126937866211,[(-x_6 v x_5 v -x_3) ^ (-x_1 v -x_7 v x_4) ^ (x_0 v -x_1 v x_2) ^ (x_0 v x_1 v -x_5) ^ (x_0 v x_6 v x_5) ^ (x_6 v x_4 v x_2) ^ (x_6 v x_1 v x_2) ^ (-x_4 v x_5 v -x_7) ^ (x_3 v -x_5 v -x_2) ^ (x_6 v x_1 v -x_4) ^ (-x_1 v x_6 v -x_0) ^ (-x_7 v -x_5 v x_2)]
9,15,1,0.04274916648864746,0.16038227081298828,[(x_6 v -x_4 v x_7) ^ (-x_2 v x_7 v x_8) ^ (x_1 v -x_4 v x_8) ^ (-x_1 v -x_7 v x_4) ^ (x_1 v -x_7 v -x_2) ^ (x_3 v -x_2 v x_0) ^ (-x_2 v -x_5 v -x_8) ^ (x_3 v x_7 v -x_8) ^ (-x_2 v -x_5 v x_7) ^ (x_6 v x_4 v x_5) ^ (-x_1 v x_8 v -x_0) ^ (x_4 v x_2 v -x_0) ^ (-x_1 v -x_7 v x_2) ^ (-x_4 v x_5 v -x_0) ^ (-x_7 v x_5)]
9,13,23,0.2853090763092041,1.0171213150024414,[(-x_1 v x_6 v -x_5) ^ (-x_7 v x_4 v -x_8) ^ (x_3 v -x_5 v -x_6) ^ (-x_2 v x_7) ^ (x_2 v x_8) ^ (x_0 v x_1 v x_2) ^ (-x_1 v x_4 v x_0) ^ (x_3 v -x_5 v x_7) ^ (x_3 v x_6 v -x_2) ^ (-x_2 v x_7 v -x_0) ^ (-x_1 v x_6 v x_5) ^ (x_8 v x_2 v -x_6) ^ (-x_5 v x_2 v -x_0)]
10,11,1,0.03893709182739258,0.13360595703125,[(-x_1 v x_6) ^ (-x_4 v -x_8 v -x_6) ^ (x_9 v -x_7 v -x_6) ^ (x_3 v x_7) ^ (-x_0 v x_7 v -x_3) ^ (-x_7 v x_2) ^ (x_0 v x_9 v -x_5) ^ (-x_1 v -x_9 v x_5) ^ (-x_6 v -x_2 v x_4) ^ (-x_9 v x_1 v -x_3) ^ (x_6 v -x_2 v -x_8)]
10,17,32,0.5692059993743896,1.8944549560546875,[(x_7 v x_4 v x_8) ^ (x_0 v x_3 v x_2) ^ (-x_1 v x_6 v -x_7) ^ (x_1 v -x_3) ^ (x_4 v -x_8 v -x_0) ^ (x_6 v -x_8) ^ (-x_7 v x_2) ^ (-x_1 v -x_5 v -x_3) ^ (x_0 v -x_1 v -x_2) ^ (x_3 v -x_7 v x_4) ^ (x_1 v -x_4 v -x_8) ^ (x_3 v x_9 v -x_8) ^ (-x_1 v x_2 v x_5) ^ (-x_5 v x_7) ^ (-x_1 v x_2 v -x_8) ^ (x_1 v -x_9 v -x_5) ^ (x_0 v x_9)]
11,29,1,0.06061530113220215,0.20775890350341797,[(x_3 v x_10) ^ (x_3 v -x_6) ^ (-x_4 v x_2 v -x_3) ^ (x_3 v x_5 v -x_0) ^ (x_0 v -x_7 v -x_8) ^ (-x_7 v -x_6 v -x_3) ^ (x_5 v x_2 v -x_3) ^ (-x_4 v -x_6 v -x_0) ^ (x_3 v x_6 v x_8) ^ (-x_2 v -x_6) ^ (x_3 v x_9 v x_4) ^ (-x_1 v -x_9 v x_7) ^ (x_3 v x_9 v -x_6) ^ (x_0 v -x_7 v x_3) ^ (x_9 v -x_2) ^ (x_3 v -x_4 v x_5) ^ (x_6 v -x_2 v -x_3) ^ (-x_9 v -x_5 v x_8) ^ (x_9 v x_2) ^ (-x_9 v x_10 v -x_3) ^ (x_3 v -x_6 v x_8) ^ (x_6 v x_7 v -x_0) ^ (-x_9 v x_2 v -x_3) ^ (x_3 v x_4 v x_2) ^ (-x_1 v -x_4 v -x_5) ^ (x_9 v -x_6) ^ (x_1 v x_9 v -x_8) ^ (-x_9 v x_1 v -x_8) ^ (x_1 v -x_4 v x_2)]
11,28,46,83.36769533157349,3.953627586364746,[(-x_9 v x_10 v -x_6) ^ (-x_4 v -x_0) ^ (x_6 v -x_4 v -x_10) ^ (x_3 v -x_4 v -x_10) ^ (x_6 v -x_9 v x_4) ^ (-x_1 v -x_8 v -x_3) ^ (x_1 v x_7 v x_5) ^ (x_8 v x_9 v -x_3) ^ (-x_4 v -x_7 v -x_8) ^ (x_5 v x_2) ^ (-x_7 v -x_5 v x_8) ^ (x_5 v -x_8 v -x_0) ^ (x_6 v x_1 v -x_8) ^ (-x_0 v -x_5 v x_4) ^ (-x_10 v x_4 v x_5) ^ (x_3 v -x_5 v -x_0) ^ (x_10 v -x_5 v -x_6) ^ (x_8 v -x_5 v x_4) ^ (x_0 v -x_7) ^ (-x_4 v -x_8 v -x_0) ^ (-x_10 v -x_2 v x_5) ^ (-x_7 v -x_8 v -x_3) ^ (-x_7 v -x_2 v x_8) ^ (x_9 v -x_8 v -x_3) ^ (x_0 v x_10 v x_7) ^ (x_0 v -x_7 v x_5) ^ (x_9 v -x_2 v x_5) ^ (-x_6 v x_4 v x_8)]
12,27,1,0.08157682418823242,0.19861793518066406,[(-x_0 v -x_10 v -x_3) ^ (x_11 v -x_10 v x_7) ^ (x_3 v -x_10 v -x_2) ^ (-x_1 v -x_2 v x_8) ^ (x_1 v x_9 v x_7) ^ (x_11 v x_6 v -x_2) ^ (-x_9 v -x_3 v x_8) ^ (x_0 v x_9 v x_8) ^ (x_11 v -x_2 v x_4) ^ (-x_1 v x_2 v -x_0) ^ (-x_7 v -x_3 v -x_11) ^ (-x_1 v x_9 v -x_5) ^ (x_0 v x_4 v -x_8) ^ (x_1 v -x_9) ^ (x_3 v x_6 v -x_7) ^ (-x_1 v -x_9 v x_3) ^ (x_6 v -x_5) ^ (x_0 v x_5 v x_11) ^ (x_6 v x_10 v -x_11) ^ (-x_2 v x_5) ^ (x_0 v -x_4 v -x_7) ^ (x_11 v -x_10 v -x_2) ^ (x_6 v -x_9 v x_7) ^ (x_1 v -x_4 v -x_11) ^ (-x_9 v x_8 v -x_11) ^ (x_3 v -x_1 v -x_4) ^ (x_11 v x_10 v x_4)]
12,26,64,inf,5.052309989929199,[(x_11 v x_5 v -x_0) ^ (-x_4 v -x_5 v -x_0) ^ (x_1 v -x_4 v x_10) ^ (-x_1 v x_7 v -x_0) ^ (-x_1 v -x_4 v x_8) ^ (-x_2 v -x_8 v x_4) ^ (-x_4 v x_7 v -x_3) ^ (x_4 v x_5 v x_8) ^ (-x_0 v x_9 v -x_11) ^ (x_5 v x_8) ^ (x_9 v -x_10 v x_5) ^ (-x_1 v -x_9 v -x_2) ^ (x_11 v -x_7 v x_0) ^ (x_11 v -x_9 v -x_10) ^ (-x_10 v -x_6) ^ (-x_9 v -x_11 v x_8) ^ (x_3 v -x_9 v -x_11) ^ (x_0 v x_6 v -x_5) ^ (x_0 v -x_4 v -x_7) ^ (x_11 v -x_1 v -x_10) ^ (x_1 v x_10 v x_2) ^ (-x_9 v -x_10 v x_8) ^ (-x_9 v -x_7 v -x_2) ^ (-x_4 v x_10 v -x_7) ^ (x_1 v -x_4 v -x_10) ^ (x_3 v -x_4 v -x_8)]
13,25,1,0.09529280662536621,0.19028091430664062,[(x_3 v -x_12 v -x_10) ^ (x_3 v -x_4 v x_2) ^ (-x_0 v x_2 v -x_6) ^ (x_6 v x_1 v -x_9) ^ (-x_4 v -x_2 v x_7) ^ (x_0 v -x_7 v x_2) ^ (x_11 v -x_9 v -x_8) ^ (-x_1 v -x_7 v -x_0) ^ (x_1 v -x_2 v -x_6) ^ (x_10 v x_2 v -x_11) ^ (-x_12 v -x_7 v -x_5) ^ (-x_1 v -x_9 v -x_3) ^ (-x_1 v -x_4 v -x_2) ^ (-x_12 v x_7 v -x_11) ^ (-x_2 v -x_4 v -x_5) ^ (-x_1 v -x_7 v -x_11) ^ (x_3 v -x_9 v -x_4) ^ (x_11 v -x_5 v x_7) ^ (-x_12 v x_2 v -x_11) ^ (-x_9 v x_12 v x_10) ^ (-x_12 v -x_4 v -x_3) ^ (x_3 v -x_1 v x_10) ^ (x_3 v -x_9 v x_7) ^ (x_6 v -x_11) ^ (-x_1 v -x_4 v x_7)]
13,23,91,219.0019886493683,6.7722673416137695,[(-x_4 v -x_5 v -x_0) ^ (x_1 v -x_2 v -x_5) ^ (-x_4 v -x_7) ^ (x_12 v x_7 v x_2) ^ (x_3 v x_12 v -x_2) ^ (x_12 v -x_4 v -x_10) ^ (x_10 v -x_8) ^ (-x_7 v x_4 v x_2) ^ (-x_12 v -x_11 v -x_6) ^ (x_7 v x_2 v -x_3) ^ (x_3 v x_1 v x_8) ^ (-x_12 v x_5 v -x_11) ^ (x_11 v x_10 v x_2) ^ (x_12 v x_9 v x_7) ^ (x_12 v x_10 v x_2) ^ (x_9 v -x_5 v x_8) ^ (x_11 v x_4 v x_2) ^ (x_10 v -x_5 v -x_2) ^ (x_11 v x_2 v x_8) ^ (-x_9 v -x_10 v -x_8) ^ (x_6 v x_9 v -x_0) ^ (x_5 v -x_3 v -x_11) ^ (x_11 v -x_9 v x_7)]
5,14,1,0.0777592658996582,1.045675277709961,[(-x_1 v -x_3) ^ (-x_2 v x_4) ^ (-x_1 v -x_2) ^ (-x_1 v x_4 v -x_2) ^ (x_3 v x_1 v -x_2) ^ (x_0 v x_4) ^ (-x_1 v x_2 v x_0) ^ (-x_1 v -x_4 v -x_2) ^ (-x_1 v x_4 v x_2) ^ (-x_1 v x_3) ^ (-x_4 v -x_2 v -x_3) ^ (x_0 v -x_4) ^ (-x_4 v -x_3 v -x_0) ^ (x_0 v x_3)]
5,14,6,0.42289280891418457,0.7768774032592773,[(x_3 v -x_0) ^ (-x_0 v -x_3) ^ (x_3 v -x_1 v x_2) ^ (x_0 v -x_4 v x_2) ^ (x_1 v -x_3) ^ (-x_4 v -x_2 v -x_0) ^ (-x_4 v -x_2 v -x_3) ^ (-x_0 v -x_2 v x_4) ^ (x_0 v x_2) ^ (x_1 v x_2 v -x_3) ^ (x_0 v x_2 v -x_3) ^ (-x_1 v -x_3 v x_0) ^ (-x_1 v -x_4 v -x_3) ^ (x_3 v x_1 v x_4)]
6,12,1,0.04248499870300293,0.14171981811523438,[(x_0 v x_5 v x_2) ^ (x_1 v -x_2) ^ (x_1 v -x_2 v -x_3) ^ (x_0 v x_1 v -x_5) ^ (-x_1 v x_2) ^ (x_3 v -x_2 v x_5) ^ (x_1 v x_2) ^ (x_0 v x_1 v x_2) ^ (x_5 v -x_3) ^ (x_0 v -x_4 v -x_3) ^ (-x_1 v x_5 v x_0) ^ (-x_2 v x_5)]
6,6,8,0.06448912620544434,0.2653236389160156,[(-x_1 v -x_4 v x_3) ^ (x_0 v x_4 v x_2) ^ (x_1 v -x_3) ^ (x_0 v -x_4 v -x_2) ^ (x_1 v -x_4 v -x_3) ^ (-x_5 v -x_3 v x_4)]
7,17,1,0.17203688621520996,0.31131744384765625,[(x_0 v x_6) ^ (-x_5 v x_4) ^ (x_6 v x_1 v -x_0) ^ (x_1 v -x_2 v -x_3) ^ (-x_0 v -x_5 v -x_3) ^ (x_3 v -x_4 v x_2) ^ (-x_4 v -x_5 v -x_6) ^ (x_6 v x_4 v -x_3) ^ (x_0 v x_5 v -x_3) ^ (x_6 v x_5 v -x_3) ^ (-x_1 v x_6 v -x_4) ^ (x_3 v -x_1 v x_6) ^ (x_3 v -x_1 v -x_2) ^ (x_0 v x_6 v -x_4) ^ (-x_4 v -x_2 v x_5) ^ (x_0 v x_2 v -x_3) ^ (x_3 v -x_5 v x_2)]
7,18,12,0.906505823135376,1.1208810806274414,[(x_0 v x_5 v x_3) ^ (-x_6 v x_2 v -x_0) ^ (x_6 v -x_0) ^ (x_6 v x_4 v -x_0) ^ (-x_2 v x_5 v -x_6) ^ (x_6 v -x_4 v -x_2) ^ (-x_6 v -x_5 v -x_3) ^ (-x_1 v -x_2 v x_0) ^ (-x_4 v -x_0) ^ (x_3 v -x_1 v x_4) ^ (x_0 v -x_1 v x_4) ^ (x_3 v x_6 v x_0) ^ (x_3 v -x_2 v x_5) ^ (x_0 v x_1 v x_3) ^ (-x_6 v -x_5 v x_4) ^ (x_1 v x_2 v -x_3) ^ (-x_4 v x_5 v -x_3) ^ (x_3 v x_1 v -x_0)]
8,23,1,0.05031251907348633,0.18584251403808594,[(x_6 v x_2 v -x_3) ^ (x_3 v -x_1 v x_4) ^ (-x_1 v -x_7 v -x_2) ^ (x_6 v x_1 v -x_4) ^ (x_3 v x_5) ^ (x_1 v x_7 v x_5) ^ (x_1 v -x_5 v x_2) ^ (x_3 v x_1) ^ (x_6 v -x_4 v x_7) ^ (-x_7 v -x_2 v -x_3) ^ (x_1 v x_2 v -x_0) ^ (x_0 v x_4 v x_2) ^ (-x_0 v x_7 v -x_6) ^ (x_0 v -x_1) ^ (x_6 v -x_5) ^ (-x_7 v x_5) ^ (x_1 v x_5) ^ (x_7 v -x_3) ^ (-x_4 v x_2 v -x_6) ^ (-x_1 v x_5 v -x_3) ^ (-x_6 v -x_2 v x_4) ^ (x_1 v -x_4 v x_2) ^ (x_1 v x_2 v -x_3)]
8,13,16,0.1650707721710205,0.7388200759887695,[(x_6 v -x_2 v -x_3) ^ (x_6 v -x_2 v -x_0) ^ (x_5 v -x_6) ^ (x_0 v -x_7 v x_2) ^ (-x_4 v x_5 v -x_7) ^ (-x_1 v -x_7 v -x_0) ^ (-x_2 v -x_3 v -x_6) ^ (x_1 v x_7 v -x_0) ^ (x_3 v x_2 v -x_6) ^ (x_0 v x_2 v -x_3) ^ (x_1 v -x_4 v x_7) ^ (-x_4 v -x_5 v x_7) ^ (x_0 v x_1 v x_4)]
9,17,1,0.04485511779785156,0.15033340454101562,[(x_0 v -x_7 v x_8) ^ (x_3 v -x_5 v -x_0) ^ (x_3 v -x_7 v -x_5) ^ (x_6 v x_1 v -x_0) ^ (-x_1 v x_2 v -x_3) ^ (-x_2 v x_5 v -x_6) ^ (-x_4 v -x_0) ^ (x_1 v -x_5 v -x_3) ^ (-x_4 v -x_7 v -x_6) ^ (-x_0 v x_2 v -x_3) ^ (-x_1) ^ (x_3 v x_2) ^ (-x_4 v -x_8) ^ (x_3 v -x_7 v x_4) ^ (x_4 v -x_6) ^ (x_7 v x_5 v x_8) ^ (x_5 v -x_3)]
9,23,23,0.4710104465484619,1.6532344818115234,[(-x_4 v -x_5 v -x_0) ^ (-x_1 v x_5 v -x_0) ^ (x_3 v x_8 v -x_6) ^ (x_3 v -x_0 v x_8) ^ (-x_7 v -x_5 v -x_3) ^ (x_6 v x_7) ^ (x_3 v -x_1) ^ (x_3 v x_7 v x_2) ^ (-x_4 v -x_2 v x_7) ^ (x_6 v x_1 v -x_0) ^ (x_1 v -x_7 v -x_2) ^ (x_1 v -x_5 v x_7) ^ (-x_2 v -x_6) ^ (x_3 v -x_4 v x_5) ^ (x_1 v -x_4 v -x_6) ^ (x_7 v x_5) ^ (x_1 v x_4 v x_2) ^ (-x_1 v -x_4 v -x_2) ^ (x_0 v -x_2 v -x_6) ^ (-x_5 v x_2 v -x_0) ^ (-x_5 v -x_3 v -x_6) ^ (x_5 v x_2 v -x_6) ^ (-x_2 v -x_3)]
10,26,1,0.05479788780212402,0.19815826416015625,[(x_3 v -x_9 v x_0) ^ (-x_0 v x_9 v -x_3) ^ (-x_5 v x_2 v x_8) ^ (-x_9 v -x_4 v -x_2) ^ (-x_1 v -x_5 v x_2) ^ (x_7 v x_5 v x_8) ^ (-x_1 v x_3 v -x_8) ^ (-x_1 v -x_7 v -x_0) ^ (x_9 v -x_5 v x_4) ^ (-x_9 v x_1 v -x_3) ^ (x_1 v -x_8 v -x_3) ^ (x_0 v -x_5) ^ (x_0 v x_4 v -x_8) ^ (-x_9 v -x_5 v x_8) ^ (x_3 v -x_7 v x_0) ^ (x_6 v -x_4 v -x_3) ^ (x_6 v -x_5) ^ (-x_4 v x_7 v x_5) ^ (x_0 v -x_4 v -x_7) ^ (-x_0 v -x_5 v -x_6) ^ (x_1 v x_4 v -x_8) ^ (x_6 v x_4 v -x_0) ^ (x_9 v -x_5) ^ (-x_1 v x_2 v -x_6) ^ (x_3 v -x_9 v x_7) ^ (-x_6 v x_2 v -x_3)]
10,27,32,267.5420653820038,2.814997673034668,[(x_0 v x_6 v x_1) ^ (x_0 v x_5 v x_2) ^ (x_7 v x_5 v -x_3) ^ (x_6 v x_1) ^ (x_1 v x_9 v x_7) ^ (x_1 v -x_7 v x_8) ^ (-x_8 v -x_0) ^ (-x_9 v x_1 v -x_7) ^ (-x_1 v -x_9 v x_7) ^ (x_3 v -x_4 v -x_5) ^ (x_6 v -x_4) ^ (x_0 v -x_5) ^ (-x_1 v x_7 v -x_6) ^ (-x_5 v x_7 v -x_3) ^ (-x_1 v x_9 v -x_6) ^ (-x_3 v x_8) ^ (-x_7 v -x_8 v -x_0) ^ (x_0 v x_5 v -x_6) ^ (-x_7 v x_5) ^ (-x_1 v -x_9 v -x_0) ^ (-x_9 v -x_2 v -x_8) ^ (x_3 v x_1 v x_0) ^ (-x_9 v -x_7 v -x_2) ^ (x_0 v -x_4) ^ (x_0 v x_7 v -x_3) ^ (x_3 v -x_7 v -x_8) ^ (x_3 v x_4 v -x_0)]
11,13,1,0.10659575462341309,0.27356910705566406,[(x_6 v x_10 v x_7) ^ (x_0 v x_6 v -x_8) ^ (-x_4 v x_10 v -x_6) ^ (x_3 v x_6 v x_4) ^ (-x_1 v -x_9 v -x_10) ^ (-x_7 v -x_2 v x_5) ^ (x_9 v -x_5) ^ (-x_1 v -x_7 v -x_8) ^ (-x_10 v -x_5 v -x_6) ^ (-x_7 v x_10 v x_4) ^ (x_1 v x_9 v x_7) ^ (x_0 v x_10 v x_8) ^ (-x_1 v -x_9)]
11,18,46,245.0486545562744,2.7091188430786133,[(x_1 v x_10 v x_5) ^ (-x_4 v -x_8 v -x_6) ^ (x_9 v -x_5 v -x_7) ^ (x_9 v x_5 v -x_0) ^ (-x_1 v x_9 v -x_6) ^ (x_6 v x_9 v x_2) ^ (x_1 v -x_4 v x_5) ^ (-x_6 v x_7 v x_4) ^ (x_0 v x_5 v -x_6) ^ (x_3 v -x_7 v x_10) ^ (-x_10 v x_4 v -x_8) ^ (-x_7 v -x_6 v -x_0) ^ (-x_5 v x_7 v -x_8) ^ (x_4 v x_2 v -x_0) ^ (-x_1 v -x_2 v x_5) ^ (-x_1 v -x_10 v -x_6) ^ (-x_1 v x_6 v -x_0) ^ (x_3 v -x_7)]
12,22,1,0.0759439468383789,0.1856985092163086,[(-x_9 v x_10 v -x_6) ^ (x_0 v x_6 v x_8) ^ (x_0 v x_1 v -x_11) ^ (-x_1 v -x_7 v x_2) ^ (-x_0 v x_10 v x_8) ^ (-x_1 v -x_7 v -x_0) ^ (x_6 v -x_4 v -x_8) ^ (x_6 v x_1 v -x_2) ^ (x_3 v x_9 v -x_7) ^ (x_9 v -x_7 v -x_0) ^ (x_6 v -x_5) ^ (-x_1 v x_10 v -x_8) ^ (x_9 v x_10 v -x_3) ^ (-x_7 v -x_2 v -x_11) ^ (x_3 v x_10 v x_2) ^ (-x_1 v x_6 v x_10) ^ (x_3 v x_1 v x_7) ^ (-x_1 v x_2 v x_3) ^ (-x_5 v x_2 v -x_8) ^ (x_9 v -x_2 v -x_6) ^ (x_0 v x_9 v x_10) ^ (x_6 v -x_4 v x_9)]
12,36,64,inf,6.830666542053223,[(x_1 v -x_7 v -x_6) ^ (-x_4 v -x_2 v -x_11) ^ (x_5 v -x_11) ^ (-x_4 v -x_5) ^ (x_11 v x_7 v -x_0) ^ (x_3 v -x_9 v x_2) ^ (-x_5 v -x_2 v -x_6) ^ (-x_1 v -x_2 v -x_11) ^ (x_11 v x_1 v -x_2) ^ (x_9 v -x_2 v -x_3) ^ (-x_11 v -x_7 v -x_0) ^ (-x_1 v x_6 v x_8) ^ (x_1 v x_7 v x_5) ^ (x_9 v -x_7 v -x_11) ^ (-x_9 v x_7 v -x_6) ^ (-x_7 v x_4 v x_2) ^ (x_1 v -x_6 v -x_11) ^ (-x_4 v x_5 v -x_3) ^ (x_1 v x_4) ^ (-x_11 v -x_4 v -x_0) ^ (x_1 v -x_7 v x_5) ^ (x_11 v x_6 v -x_0) ^ (x_9 v x_10 v -x_7) ^ (-x_10 v -x_6) ^ (x_11 v x_10 v x_7) ^ (x_5 v x_4 v x_2) ^ (-x_1 v x_2 v -x_8) ^ (-x_1 v -x_9) ^ (-x_1 v -x_10 v x_4) ^ (x_11 v x_1 v x_5) ^ (-x_9 v x_7 v x_2) ^ (x_9 v -x_10 v -x_0) ^ (x_3 v x_5 v -x_6) ^ (x_4 v x_5) ^ (x_3 v x_10 v -x_0) ^ (x_3 v -x_4 v -x_2)]
13,35,1,0.1509561538696289,0.2149953842163086,[(x_3 v -x_12) ^ (x_0 v x_6 v -x_8) ^ (-x_4 v x_7 v x_8) ^ (-x_1 v -x_7 v -x_2) ^ (-x_5 v x_2 v -x_3) ^ (x_9 v x_10 v -x_6) ^ (-x_9 v x_7 v -x_8) ^ (x_1 v -x_10 v x_2) ^ (x_9 v -x_5 v x_2) ^ (x_6 v x_1 v -x_0) ^ (x_6 v -x_4 v x_5) ^ (x_3 v x_7) ^ (-x_1 v x_7 v -x_11) ^ (x_12 v -x_6) ^ (x_0 v -x_7 v -x_3) ^ (x_12 v -x_5) ^ (-x_9 v x_8) ^ (x_11 v -x_7 v -x_6) ^ (-x_12 v x_9 v x_7) ^ (x_9 v -x_10 v -x_6) ^ (-x_0 v -x_12 v -x_3) ^ (x_6 v -x_10 v x_2) ^ (x_1 v x_9 v -x_0) ^ (-x_10 v -x_5 v x_2) ^ (-x_1 v -x_10 v -x_11) ^ (-x_9 v x_2 v -x_3) ^ (-x_0 v -x_4 v x_8) ^ (x_3 v -x_1 v -x_9) ^ (-x_1 v -x_5 v -x_8) ^ (-x_1 v -x_11) ^ (-x_1 v x_6 v -x_12) ^ (x_1 v -x_4 v -x_10) ^ (-x_12 v x_10 v x_7) ^ (x_11 v -x_10 v -x_8) ^ (-x_0 v -x_5 v x_8)]
13,29,91,inf,8.56760311126709,[(x_3 v -x_4 v x_7) ^ (-x_4 v x_7 v x_8) ^ (x_9 v x_7 v -x_0) ^ (x_0 v -x_6 v -x_11) ^ (x_1 v -x_2 v x_5) ^ (x_0 v -x_5 v x_8) ^ (x_0 v -x_10 v -x_3) ^ (x_1 v -x_2) ^ (-x_6 v -x_3 v x_8) ^ (x_0 v -x_10 v x_3) ^ (x_10 v -x_2 v x_4) ^ (x_1 v x_9 v -x_10) ^ (x_12 v -x_5 v x_7) ^ (x_12 v x_10 v x_4) ^ (x_9 v -x_10 v -x_6) ^ (-x_7 v -x_11) ^ (x_5 v x_7 v x_2) ^ (-x_1 v x_12 v x_7) ^ (x_0 v x_1 v x_2) ^ (x_0 v -x_7) ^ (x_3 v x_6 v -x_0) ^ (-x_1 v x_4) ^ (-x_12 v x_1 v -x_4) ^ (x_5 v x_2 v -x_0) ^ (x_0 v x_10 v x_2) ^ (x_6 v -x_7 v -x_3) ^ (-x_1 v -x_4 v x_5) ^ (x_3 v -x_10 v -x_8) ^ (x_11 v -x_4 v x_7)]
5,13,1,0.0753476619720459,1.0579452514648438,[(x_0 v -x_1 v x_3) ^ (x_3 v -x_4 v x_0) ^ (x_3 v x_1 v -x_2) ^ (x_3 v -x_4 v -x_2) ^ (-x_1 v -x_2 v x_3) ^ (x_3 v x_4 v x_0) ^ (x_1 v -x_4 v -x_3) ^ (x_4 v -x_0) ^ (x_0 v x_1) ^ (x_0 v -x_4) ^ (x_3 v x_1 v x_2) ^ (x_3 v x_2 v x_0) ^ (x_0 v -x_1 v x_2)]
5,11,6,0.05326700210571289,0.2669048309326172,[(x_0 v -x_4 v x_2) ^ (x_3 v -x_4) ^ (-x_1) ^ (-x_1 v -x_4) ^ (-x_2 v -x_3 v -x_0) ^ (-x_1 v x_2) ^ (x_4 v -x_0) ^ (x_0 v x_2 v -x_3) ^ (-x_1 v x_3) ^ (x_1 v -x_0) ^ (-x_1 v -x_4 v x_2)]
6,9,1,0.03950810432434082,0.1262216567993164,[(-x_1 v x_3 v -x_0) ^ (x_3 v -x_1 v x_4) ^ (-x_5 v -x_2) ^ (x_3 v -x_5) ^ (x_0 v x_2 v -x_3) ^ (-x_4 v x_5) ^ (x_3 v x_1 v x_5) ^ (-x_5) ^ (x_4 v -x_3)]
6,6,8,0.05153012275695801,0.25347137451171875,[(-x_1 v -x_3) ^ (-x_1 v x_4) ^ (x_3 v x_2 v -x_0) ^ (-x_5 v x_2 v x_4) ^ (-x_0 v x_1 v -x_3) ^ (x_0 v x_4 v -x_2)]
7,15,1,0.046427249908447266,0.15165328979492188,[(-x_5 v x_4) ^ (x_6 v -x_0) ^ (x_3 v x_1 v -x_2) ^ (x_4 v x_2) ^ (x_4 v x_5 v -x_0) ^ (x_6 v -x_5 v x_4) ^ (x_0 v x_4 v -x_6) ^ (x_4 v -x_6) ^ (-x_2 v -x_3 v x_4) ^ (x_1 v -x_2 v x_4) ^ (-x_4 v -x_2 v x_5) ^ (x_4 v -x_3) ^ (-x_1 v x_6 v -x_0) ^ (x_6 v x_1 v x_2) ^ (-x_1 v x_6 v -x_2)]
7,10,12,0.09129166603088379,0.46802616119384766,[(x_1 v -x_2) ^ (-x_5 v x_2) ^ (x_1 v -x_2 v -x_3) ^ (-x_1 v -x_4) ^ (-x_6 v -x_5 v -x_0) ^ (-x_1 v x_6 v -x_3) ^ (x_5 v x_1 v x_2) ^ (-x_1 v -x_3 v x_0) ^ (-x_1 v x_6 v -x_2) ^ (-x_1 v x_5 v x_0)]
8,24,1,0.05383586883544922,0.19367218017578125,[(-x_1 v x_7 v -x_0) ^ (x_6 v x_4 v -x_3) ^ (x_3 v -x_1 v x_0) ^ (x_0 v -x_7 v x_2) ^ (x_0 v -x_5 v -x_2) ^ (-x_1 v -x_5 v x_4) ^ (-x_6 v -x_5 v x_4) ^ (-x_5 v -x_2 v -x_3) ^ (-x_2 v x_7 v -x_0) ^ (-x_1 v -x_7 v x_0) ^ (x_7 v x_5) ^ (x_0 v x_7 v x_5) ^ (-x_7 v -x_3 v -x_0) ^ (x_0 v x_4 v x_2) ^ (-x_6 v -x_5 v -x_0) ^ (x_3 v x_1 v x_4) ^ (-x_5 v x_2 v -x_0) ^ (x_0 v x_1 v x_4) ^ (x_1 v x_5) ^ (x_1 v x_4 v x_7) ^ (-x_4 v x_7 v -x_0) ^ (x_2 v x_5 v -x_3) ^ (x_5 v x_2 v -x_6) ^ (-x_1 v x_6 v -x_0)]
8,10,16,0.17099857330322266,0.5481357574462891,[(x_1 v -x_4 v -x_0) ^ (-x_1 v x_4) ^ (x_2 v -x_0) ^ (-x_1 v x_6 v x_2) ^ (x_3 v -x_1 v -x_0) ^ (x_6 v x_1 v -x_4) ^ (-x_0 v x_7 v x_4) ^ (-x_7 v -x_6 v -x_3) ^ (-x_1 v x_4 v -x_6) ^ (-x_7 v -x_5 v x_2)]
9,17,1,0.0520474910736084,0.16228294372558594,[(x_6 v -x_5 v x_8) ^ (x_0 v x_3 v -x_6) ^ (-x_1 v x_5) ^ (x_3 v -x_5 v -x_0) ^ (-x_2 v x_5 v -x_8) ^ (-x_4 v -x_2 v x_7) ^ (-x_1 v -x_4 v -x_6) ^ (x_1 v x_4 v -x_0) ^ (-x_7 v -x_6) ^ (-x_1 v -x_2 v x_8) ^ (-x_4 v x_2 v x_5) ^ (-x_1 v -x_5 v x_8) ^ (-x_1 v x_4 v -x_8) ^ (-x_4 v -x_2 v -x_3) ^ (x_4 v x_5) ^ (-x_2 v -x_8 v -x_0) ^ (x_0 v x_1 v x_5)]
9,17,23,0.26670193672180176,1.2652873992919922,[(-x_2 v x_7 v -x_6) ^ (x_3 v x_5) ^ (x_3 v x_1 v -x_2) ^ (x_1 v -x_0) ^ (x_6 v x_4 v -x_0) ^ (-x_7 v x_4 v -x_3) ^ (-x_4 v x_7 v x_2) ^ (x_8 v x_7 v -x_3) ^ (x_3 v -x_5 v x_0) ^ (x_1 v -x_8 v -x_0) ^ (x_6 v -x_4 v x_2) ^ (x_3 v x_6) ^ (x_1 v -x_8 v -x_3) ^ (x_3 v -x_1 v x_0) ^ (x_2 v -x_8) ^ (-x_2 v -x_3) ^ (-x_5 v -x_8)]
10,29,1,0.06574749946594238,0.20061397552490234,[(x_9 v -x_5 v -x_7) ^ (x_9 v x_4 v x_2) ^ (-x_1 v x_7) ^ (x_9 v -x_3 v -x_0) ^ (x_3 v -x_5) ^ (x_0 v x_6 v x_7) ^ (x_6 v x_7 v -x_3) ^ (x_6 v -x_4 v x_8) ^ (x_9 v -x_5 v -x_6) ^ (-x_9 v x_2 v -x_8) ^ (-x_0 v x_4 v x_8) ^ (x_0 v -x_9 v -x_6) ^ (x_8 v x_4 v -x_6) ^ (x_3 v -x_5 v x_7) ^ (x_3 v x_1 v x_5) ^ (x_0 v -x_2 v -x_6) ^ (-x_1 v -x_4 v x_9) ^ (x_9 v -x_0) ^ (x_3 v x_7 v x_8) ^ (x_1 v -x_9 v x_2) ^ (-x_4 v x_5 v -x_6) ^ (x_0 v -x_4 v -x_2) ^ (-x_1 v -x_4 v -x_7) ^ (x_9 v -x_5) ^ (x_9 v x_5 v -x_3) ^ (x_1 v -x_5 v -x_6) ^ (-x_1 v -x_2 v x_5) ^ (x_0 v x_7 v -x_3) ^ (x_3 v x_4 v -x_0)]
10,29,32,4.246264457702637,2.8827829360961914,[(-x_4 v x_5 v -x_8) ^ (x_0 v -x_4 v x_3) ^ (-x_9 v -x_7 v -x_5) ^ (x_4 v x_2 v x_7) ^ (x_1 v x_7 v x_4) ^ (x_3 v x_0) ^ (x_1 v -x_2 v x_5) ^ (-x_1 v x_6 v x_8) ^ (x_1 v -x_2) ^ (x_0 v x_6 v x_4) ^ (-x_7 v x_4 v x_8) ^ (x_6 v -x_4 v -x_7) ^ (-x_4 v -x_2 v -x_3) ^ (-x_7 v -x_5 v x_4) ^ (-x_1 v x_7 v -x_6) ^ (x_6 v -x_4 v x_7) ^ (-x_9 v x_1 v x_4) ^ (-x_5 v x_8) ^ (x_0 v -x_5 v x_4) ^ (x_3 v x_5 v -x_8) ^ (-x_6 v -x_3 v -x_0) ^ (-x_9 v -x_2) ^ (-x_7 v x_5) ^ (-x_1 v x_6 v -x_5) ^ (-x_7 v -x_6) ^ (x_0 v x_7 v x_8) ^ (x_9 v -x_4 v x_8) ^ (x_6 v -x_7 v -x_8) ^ (x_3 v -x_1 v -x_4)]
11,16,1,0.0509648323059082,0.15596961975097656,[(x_0 v -x_9 v x_8) ^ (-x_1 v -x_5 v -x_2) ^ (x_5 v -x_8) ^ (-x_4 v x_7 v -x_0) ^ (-x_2 v x_7) ^ (-x_1 v x_9) ^ (x_9 v x_4 v -x_6) ^ (x_9 v -x_5 v x_4) ^ (x_6 v -x_7 v x_5) ^ (x_6 v x_9 v -x_2) ^ (-x_10 v x_4 v x_2) ^ (x_1 v -x_4 v x_7) ^ (-x_1 v -x_5 v x_10) ^ (x_6 v x_2 v x_8) ^ (-x_1 v -x_4 v x_7) ^ (-x_6 v -x_8 v -x_3)]
11,26,46,inf,3.8972291946411133,[(-x_0 v -x_3) ^ (-x_1 v -x_2 v -x_3) ^ (x_1 v x_8) ^ (x_6 v x_4 v -x_3) ^ (x_0 v -x_7 v -x_8) ^ (-x_7 v -x_5 v x_2) ^ (-x_1 v -x_8 v -x_6) ^ (-x_4 v -x_7 v -x_8) ^ (-x_7 v x_10 v x_2) ^ (x_0 v x_6 v x_4) ^ (-x_1 v -x_7 v x_5) ^ (x_0 v x_1 v -x_7) ^ (x_0 v x_4 v -x_3) ^ (-x_1 v -x_4 v -x_2) ^ (x_1 v x_4 v -x_5) ^ (-x_9 v x_10 v x_8) ^ (x_0 v x_1) ^ (x_0 v x_7 v -x_6) ^ (-x_5 v x_7 v -x_0) ^ (x_10 v -x_5 v -x_2) ^ (x_6 v x_9 v x_4) ^ (-x_0 v x_2 v -x_3) ^ (x_1 v x_4 v x_8) ^ (-x_1 v -x_5 v x_8) ^ (x_9 v -x_4 v x_8) ^ (-x_8 v -x_3)]
12,26,1,0.05258607864379883,0.18750572204589844,[(x_11 v x_4 v x_8) ^ (x_6 v -x_7 v x_4) ^ (-x_9 v x_7 v -x_8) ^ (x_11 v -x_4 v -x_5) ^ (-x_7 v -x_2) ^ (-x_0 v -x_8 v -x_6) ^ (x_11 v x_1 v x_8) ^ (-x_0 v x_9 v -x_11) ^ (-x_1 v x_7 v -x_11) ^ (-x_6 v -x_3 v x_8) ^ (-x_1 v x_8) ^ (x_5 v x_2 v -x_11) ^ (-x_7 v -x_5 v x_4) ^ (x_3 v -x_7 v -x_0) ^ (x_7 v -x_8 v -x_11) ^ (x_0 v -x_2) ^ (-x_0 v x_4 v -x_11) ^ (-x_2 v -x_7 v -x_5) ^ (x_3 v x_6 v x_11) ^ (x_7 v x_2 v -x_11) ^ (x_11 v -x_9 v x_10) ^ (x_10 v -x_8 v -x_3) ^ (-x_1 v x_10 v -x_5) ^ (-x_10 v x_2 v -x_0) ^ (x_6 v x_8) ^ (x_6 v x_1 v -x_9)]
12,23,64,inf,5.017622947692871,[(-x_4 v x_9 v -x_3) ^ (x_6 v -x_7 v x_2) ^ (x_6 v x_10 v x_2) ^ (x_0 v -x_7 v -x_8) ^ (x_6 v -x_3 v -x_11) ^ (x_0 v -x_1 v x_9) ^ (-x_5 v -x_2 v -x_8) ^ (x_1 v -x_4 v x_8) ^ (x_11 v x_9 v -x_0) ^ (x_5 v -x_3) ^ (-x_10 v x_2 v x_5) ^ (x_0 v x_1 v -x_8) ^ (-x_3 v -x_8 v -x_11) ^ (x_6 v -x_2 v -x_11) ^ (x_1 v x_5 v -x_8) ^ (-x_1 v x_6 v x_9) ^ (x_6 v x_10 v x_4) ^ (x_10 v -x_9 v -x_5) ^ (-x_0 v -x_11 v x_8) ^ (x_1 v x_5 v x_8) ^ (x_3 v x_6 v x_0) ^ (x_9 v x_4 v -x_7) ^ (x_1 v -x_8)]
13,24,1,0.10076045989990234,0.18402767181396484,[(x_9 v x_7 v -x_10) ^ (x_10 v x_2 v -x_0) ^ (-x_4 v x_9 v -x_5) ^ (-x_2 v -x_8 v -x_11) ^ (x_6 v x_10 v -x_8) ^ (-x_10 v x_7 v x_8) ^ (-x_11 v -x_5 v x_4) ^ (-x_0 v x_2 v -x_6) ^ (x_3 v -x_6 v x_0) ^ (x_3 v -x_4 v -x_8) ^ (-x_12 v x_1 v -x_10) ^ (x_0 v -x_9 v -x_12) ^ (x_7 v x_2 v -x_3) ^ (-x_1 v x_12 v -x_7) ^ (-x_5 v x_12 v -x_10) ^ (-x_2 v -x_11) ^ (-x_11 v x_12 v -x_3) ^ (x_3 v x_6 v -x_5) ^ (x_1 v x_10) ^ (x_6 v x_12 v -x_11) ^ (-x_6 v x_4 v -x_0) ^ (x_6 v x_4 v x_5) ^ (-x_9 v x_5 v -x_0) ^ (x_5 v x_2 v -x_6)]
13,38,91,inf,11.189364433288574,[(x_11 v -x_2 v -x_8) ^ (x_9 v -x_8) ^ (x_4 v -x_8 v -x_11) ^ (-x_11 v -x_6) ^ (x_0 v x_11) ^ (x_11 v -x_12 v x_4) ^ (x_12 v x_7 v x_2) ^ (x_6 v -x_4 v -x_5) ^ (-x_7 v x_2 v -x_3) ^ (-x_10 v -x_2 v -x_0) ^ (x_3 v x_6 v x_8) ^ (x_0 v -x_9 v x_7) ^ (x_10 v x_7 v x_8) ^ (x_3 v x_12 v x_2) ^ (x_9 v -x_7 v -x_11) ^ (-x_12 v x_9 v x_5) ^ (x_0 v -x_5 v -x_2) ^ (x_3 v -x_10 v -x_5) ^ (-x_12 v x_7 v x_5) ^ (x_11 v -x_12 v -x_0) ^ (x_3 v -x_5 v x_11) ^ (x_3 v x_8 v -x_11) ^ (-x_12 v -x_7 v x_10) ^ (-x_2 v x_7 v -x_0) ^ (x_6 v -x_9 v -x_11) ^ (-x_10 v x_4 v x_5) ^ (-x_12 v -x_2 v -x_0) ^ (x_10 v x_5 v x_4) ^ (x_0 v -x_5 v x_4) ^ (-x_9 v x_12 v -x_10) ^ (-x_12 v x_1 v -x_3) ^ (x_3 v x_6 v -x_0) ^ (x_3 v x_7 v x_8) ^ (x_3 v x_1 v x_0) ^ (-x_9 v x_2 v -x_11) ^ (x_1 v x_10 v -x_3) ^ (x_6 v x_10 v -x_0) ^ (x_0 v -x_1 v x_2)]
5,15,1,0.13839364051818848,1.337632179260254,[(-x_2 v x_4) ^ (x_3 v x_1 v -x_2) ^ (x_3 v -x_1 v x_2) ^ (x_1 v -x_3) ^ (-x_1 v -x_4) ^ (x_1 v -x_4) ^ (-x_4 v x_2 v -x_3) ^ (-x_1 v -x_4 v x_0) ^ (x_1 v -x_4 v x_2) ^ (x_1 v -x_2 v x_4) ^ (-x_1 v x_2 v -x_0) ^ (x_0 v x_1 v x_4) ^ (x_3 v x_1 v x_4) ^ (-x_1 v -x_2 v -x_0) ^ (x_0 v x_1 v -x_3)]
5,15,6,0.0733795166015625,0.4312448501586914,[(-x_1 v x_3 v x_2) ^ (x_3 v x_1 v -x_2) ^ (x_1 v -x_4 v -x_2) ^ (x_3 v x_4 v -x_2) ^ (x_0 v -x_3) ^ (-x_4 v -x_2) ^ (x_0 v -x_1 v -x_3) ^ (-x_1 v x_4 v x_2) ^ (x_1 v -x_4 v x_2) ^ (x_0 v x_2 v -x_3) ^ (x_4) ^ (-x_1 v -x_4 v -x_3) ^ (-x_1 v -x_2 v x_4) ^ (x_3 v -x_1 v -x_4) ^ (x_1 v x_4 v -x_3)]
6,12,1,0.039025068283081055,0.13963794708251953,[(x_3 v x_5) ^ (x_3 v -x_2) ^ (-x_1 v -x_4 v -x_0) ^ (x_0 v x_4) ^ (-x_4 v x_2 v -x_0) ^ (x_3 v x_4 v x_5) ^ (x_3 v -x_5 v -x_2) ^ (x_3 v x_0) ^ (x_3 v x_1 v x_2) ^ (-x_1 v -x_0) ^ (x_3 v x_1 v -x_0) ^ (x_0 v x_1 v -x_3)]
6,16,8,0.08508920669555664,0.44526195526123047,[(-x_1 v -x_4 v -x_0) ^ (x_1 v -x_4 v -x_2) ^ (x_0 v x_1 v -x_5) ^ (-x_2 v -x_5) ^ (x_5 v x_2 v -x_0) ^ (x_3 v -x_4) ^ (x_0 v -x_2 v x_3) ^ (-x_2 v -x_4 v -x_5) ^ (x_3 v x_0) ^ (-x_2 v -x_5 v -x_0) ^ (-x_2 v -x_3 v x_4) ^ (-x_4 v x_5) ^ (x_5 v -x_3) ^ (x_0 v -x_4) ^ (x_3 v -x_4 v x_5) ^ (-x_2 v x_5)]
7,8,1,0.10236120223999023,0.26560497283935547,[(x_6) ^ (x_3 v -x_5 v -x_0) ^ (x_6 v -x_4 v x_5) ^ (-x_1 v -x_4) ^ (x_6 v x_2 v -x_0) ^ (-x_4 v -x_6) ^ (x_6 v x_4 v x_5) ^ (x_6 v -x_4 v -x_0)]
7,21,12,1.0043292045593262,1.2120323181152344,[(x_1 v x_2 v -x_6) ^ (x_3 v -x_6) ^ (x_1 v x_4 v -x_6) ^ (x_1 v -x_6) ^ (x_0 v x_1 v x_5) ^ (-x_5 v -x_0) ^ (x_0 v -x_5 v -x_2) ^ (x_0 v x_1 v -x_6) ^ (x_1 v x_2 v -x_0) ^ (x_6 v -x_0) ^ (x_6 v x_4 v x_2) ^ (x_1 v -x_5 v -x_0) ^ (-x_5 v -x_3) ^ (x_0 v x_6 v -x_5) ^ (-x_5 v -x_4 v -x_2) ^ (x_3 v -x_2) ^ (x_3 v x_1 v -x_2) ^ (-x_5 v x_2 v -x_6) ^ (x_6 v -x_4 v x_2) ^ (x_0 v x_2 v -x_3) ^ (-x_1 v x_4 v x_3)]
8,14,1,0.05136442184448242,0.15850830078125,[(x_1 v -x_7 v -x_5) ^ (-x_4 v x_7 v x_5) ^ (x_3 v -x_5 v -x_0) ^ (x_1 v x_7 v x_5) ^ (x_6 v -x_4 v x_7) ^ (x_0 v x_4 v x_2) ^ (x_3 v -x_2 v x_4) ^ (-x_0 v -x_4 v -x_6) ^ (x_0 v -x_1 v -x_2) ^ (x_6 v x_7 v x_2) ^ (-x_1 v -x_4 v x_0) ^ (-x_7 v -x_2 v -x_6) ^ (x_3 v x_4 v x_7) ^ (-x_1 v x_6 v -x_2)]
8,9,16,0.09993720054626465,0.49437522888183594,[(x_4 v x_7 v -x_3) ^ (-x_1 v x_6 v -x_7) ^ (x_1 v -x_5 v x_4) ^ (-x_7 v x_2) ^ (x_6 v -x_7 v -x_5) ^ (x_1 v -x_5 v -x_6) ^ (-x_1 v -x_0) ^ (x_4 v x_2) ^ (-x_4 v x_5 v -x_0)]
9,20,1,0.05012202262878418,0.1832275390625,[(-x_4 v -x_2 v -x_0) ^ (x_6 v -x_7 v x_4) ^ (x_6 v -x_7 v -x_0) ^ (x_3 v -x_8 v x_0) ^ (x_4 v x_2 v x_8) ^ (x_3 v x_6 v x_8) ^ (x_1 v x_7 v x_5) ^ (x_0 v x_6 v -x_7) ^ (x_1 v -x_4 v -x_3) ^ (-x_7 v x_2 v x_8) ^ (-x_1 v x_7 v x_3) ^ (x_2 v -x_3 v -x_0) ^ (-x_1 v x_4 v -x_8) ^ (-x_5 v -x_7 v -x_2) ^ (x_0 v -x_3 v -x_6) ^ (x_0 v x_6 v -x_5) ^ (-x_7 v -x_2 v x_8) ^ (x_2 v x_8) ^ (x_0 v -x_4 v x_7) ^ (-x_1 v -x_2 v x_5)]
9,16,23,0.3924388885498047,1.113825798034668,[(x_0 v x_7 v -x_8) ^ (-x_0 v x_4 v -x_6) ^ (x_0 v x_7 v x_4) ^ (-x_1 v -x_5 v -x_8) ^ (-x_0 v -x_4 v -x_6) ^ (x_0 v -x_7 v -x_6) ^ (x_0 v -x_2 v x_5) ^ (x_3 v x_4 v x_5) ^ (-x_4 v -x_5) ^ (-x_7 v x_2) ^ (x_7) ^ (-x_5 v -x_8 v -x_6) ^ (x_6 v -x_7 v -x_0) ^ (x_0 v x_1 v x_2) ^ (x_5 v -x_3) ^ (x_3 v x_4 v -x_0)]
10,20,1,0.04765963554382324,0.17502498626708984,[(-x_7 v -x_3) ^ (x_1 v -x_3) ^ (-x_4 v x_7 v x_8) ^ (x_1 v -x_4 v x_5) ^ (x_4 v x_2 v x_7) ^ (x_6 v x_1 v -x_4) ^ (x_3 v -x_5 v x_8) ^ (x_6 v -x_9 v x_4) ^ (x_1 v x_5 v -x_0) ^ (x_3 v x_2 v x_8) ^ (x_6 v x_1 v -x_2) ^ (x_3 v x_6 v -x_5) ^ (-x_7 v -x_8 v -x_0) ^ (-x_4 v x_7 v x_2) ^ (-x_9 v x_2 v x_8) ^ (x_6 v x_5 v -x_8) ^ (-x_2 v -x_5 v -x_8) ^ (x_6 v -x_9 v x_2) ^ (-x_7 v -x_8) ^ (x_3 v -x_4 v -x_7)]
10,12,32,5.778841257095337,1.272080421447754,[(x_0 v -x_2 v x_8) ^ (x_9 v x_5 v -x_0) ^ (x_9 v -x_7 v -x_6) ^ (-x_0 v -x_4 v -x_6) ^ (-x_4 v -x_6 v x_8) ^ (-x_7 v x_5 v -x_6) ^ (-x_9 v x_1 v -x_4) ^ (x_6 v x_5 v -x_3) ^ (x_5 v -x_3) ^ (x_6 v -x_8 v -x_3) ^ (x_3 v -x_4 v -x_7) ^ (x_0 v x_1 v x_4)]
11,12,1,0.047161102294921875,0.1462116241455078,[(x_0 v x_4 v x_5) ^ (-x_4 v x_9 v -x_2) ^ (x_1 v -x_7 v x_4) ^ (x_6 v x_5) ^ (x_8 v -x_2 v x_4) ^ (-x_9 v -x_10 v x_8) ^ (x_3 v -x_7 v x_4) ^ (x_1 v x_2 v -x_3) ^ (-x_9 v x_4 v -x_3) ^ (x_1 v x_10 v -x_3) ^ (x_0 v x_7 v -x_3) ^ (-x_9 v -x_8)]
11,30,46,inf,4.8038835525512695,[(-x_9 v x_10 v -x_6) ^ (-x_1 v x_7 v -x_0) ^ (x_3 v -x_9 v x_2) ^ (x_4 v x_2 v x_7) ^ (-x_6 v x_10 v x_8) ^ (x_9 v -x_5 v x_7) ^ (x_3 v -x_1 v -x_2) ^ (x_2 v x_5 v -x_6) ^ (-x_7 v x_2 v -x_3) ^ (-x_2 v x_7 v x_4) ^ (-x_7 v x_4 v x_2) ^ (-x_9 v x_7 v -x_3) ^ (-x_0 v -x_9 v -x_6) ^ (x_6 v -x_2 v x_5) ^ (x_6 v -x_2 v x_7) ^ (x_10 v -x_3 v x_8) ^ (x_6 v -x_5 v -x_3) ^ (x_3 v x_6 v x_4) ^ (x_1 v x_6 v -x_9) ^ (-x_5 v -x_8 v -x_6) ^ (-x_10 v x_8) ^ (x_1 v x_7 v -x_8) ^ (-x_5 v x_10 v x_4) ^ (x_3 v x_1 v x_0) ^ (-x_9 v x_10 v x_5) ^ (x_10 v -x_8 v x_4) ^ (x_1 v -x_10 v -x_6) ^ (-x_9 v -x_5 v x_7) ^ (x_0 v x_8 v -x_3) ^ (-x_1 v -x_10 v x_2)]
12,18,1,0.057451725006103516,0.16364192962646484,[(x_3 v -x_2) ^ (x_1 v x_5) ^ (-x_2 v x_7 v x_8) ^ (x_10 v x_2 v -x_3) ^ (x_11 v x_1 v x_7) ^ (-x_1 v -x_2 v x_0) ^ (x_3 v x_7 v x_11) ^ (x_10 v -x_5 v -x_0) ^ (x_6 v x_4 v x_8) ^ (-x_9 v x_7 v -x_8) ^ (x_3 v -x_4 v -x_6) ^ (x_3 v x_9 v -x_2) ^ (-x_9 v -x_11 v -x_3) ^ (-x_9 v x_1 v x_7) ^ (x_2 v -x_8 v -x_0) ^ (x_3 v x_9 v -x_8) ^ (-x_1 v x_2 v x_5) ^ (-x_9 v x_5)]
12,18,64,inf,3.771002769470215,[(-x_1 v -x_3) ^ (-x_11 v -x_2 v -x_0) ^ (x_7 v x_5 v x_4) ^ (x_11 v x_6 v -x_9) ^ (-x_0 v x_10 v -x_3) ^ (-x_6 v -x_5 v x_8) ^ (x_11 v -x_9 v -x_0) ^ (x_6 v -x_4 v -x_3) ^ (x_3 v x_2 v -x_11) ^ (-x_1 v -x_9 v x_5) ^ (x_3 v -x_9 v -x_0) ^ (-x_1 v -x_9 v x_0) ^ (-x_5 v -x_7 v x_10) ^ (x_3 v x_6 v -x_2) ^ (-x_2 v x_7 v -x_11) ^ (-x_1 v -x_8 v x_11) ^ (x_7 v x_2 v -x_8) ^ (x_0 v x_9)]
13,28,1,0.10848164558410645,0.1976337432861328,[(-x_11 v -x_0) ^ (x_1 v x_2 v -x_6) ^ (x_6 v -x_10 v -x_11) ^ (x_8 v -x_2 v -x_6) ^ (x_3 v -x_1 v x_7) ^ (x_6 v x_12 v -x_10) ^ (-x_10 v x_7 v x_5) ^ (-x_5 v -x_4 v -x_10) ^ (x_11 v x_6 v x_2) ^ (x_3 v -x_10 v -x_0) ^ (x_3 v x_10 v -x_8) ^ (-x_1 v x_6 v -x_9) ^ (x_11 v x_12 v -x_7) ^ (x_11 v x_10 v -x_8) ^ (x_0 v -x_9 v -x_8) ^ (x_0 v x_1) ^ (x_12 v x_8) ^ (x_11 v x_6 v x_12) ^ (-x_1 v x_7 v x_8) ^ (x_1 v -x_12 v -x_11) ^ (-x_9 v -x_4 v -x_0) ^ (x_1 v -x_4 v x_2) ^ (x_3 v -x_8 v x_11) ^ (-x_9 v -x_10 v x_7) ^ (x_4 v x_5 v -x_6) ^ (-x_1 v -x_12 v -x_2) ^ (-x_1 v -x_4 v x_7) ^ (-x_9 v x_1 v x_8)]
13,37,91,inf,10.54356861114502,[(x_6 v x_10 v -x_3) ^ (x_12 v x_10 v -x_3) ^ (x_6 v x_4 v x_8) ^ (x_1 v x_12 v -x_5) ^ (x_6 v -x_7) ^ (-x_9 v x_7 v -x_8) ^ (-x_12 v -x_4 v x_5) ^ (x_0 v -x_3 v x_11) ^ (-x_11 v -x_2 v -x_6) ^ (-x_4 v x_12 v -x_7) ^ (x_10 v x_2 v -x_3) ^ (x_5 v x_2 v -x_11) ^ (-x_10 v x_2 v -x_11) ^ (x_6 v x_1 v x_5) ^ (-x_7 v -x_10) ^ (x_6 v -x_5 v -x_2) ^ (x_1 v -x_12 v x_10) ^ (x_11 v -x_7 v -x_0) ^ (-x_2 v -x_4 v -x_10) ^ (x_8 v -x_5 v -x_11) ^ (x_0 v x_1 v -x_7) ^ (x_0 v -x_12) ^ (x_11 v x_6 v x_10) ^ (-x_12 v x_10) ^ (-x_12 v -x_2 v -x_0) ^ (x_4 v x_5 v -x_3) ^ (-x_4 v x_9 v -x_11) ^ (x_6 v x_12 v x_8) ^ (x_0 v x_2) ^ (x_6 v -x_12 v -x_10) ^ (x_3 v -x_5 v x_2) ^ (x_0 v x_6 v -x_11) ^ (-x_9 v x_7 v x_2) ^ (x_1 v x_7 v x_8) ^ (-x_1 v x_10 v -x_5) ^ (-x_9 v x_5 v -x_0) ^ (-x_1 v x_10 v x_3)]
5,11,1,0.08153510093688965,1.0414762496948242,[(x_1 v x_4 v x_2) ^ (x_3 v -x_2) ^ (-x_0 v -x_3) ^ (x_0 v -x_3) ^ (-x_1 v -x_2 v -x_3) ^ (x_3 v -x_4 v -x_0) ^ (-x_1 v x_2) ^ (x_1 v x_2) ^ (x_0 v -x_4 v x_2) ^ (x_0 v -x_1 v -x_4) ^ (x_3 v -x_4 v -x_2)]
5,5,6,0.04488372802734375,0.18798446655273438,[(x_1 v -x_3 v -x_0) ^ (x_1 v -x_2 v -x_3) ^ (x_1 v -x_4) ^ (x_3 v x_0) ^ (x_4 v -x_3)]
6,16,1,0.04224419593811035,0.15439510345458984,[(-x_0 v -x_3) ^ (-x_5 v x_4) ^ (x_1 v -x_2) ^ (x_0 v -x_4 v x_2) ^ (x_3 v -x_0) ^ (-x_2 v x_1 v -x_5) ^ (x_0 v x_4 v x_2) ^ (x_3 v x_5 v x_2) ^ (x_1 v -x_5 v -x_3) ^ (-x_2 v x_5 v -x_3) ^ (-x_4 v -x_5 v x_2) ^ (-x_1 v -x_5 v -x_0) ^ (x_3 v x_1 v x_4) ^ (-x_5 v -x_4 v -x_2) ^ (x_0 v x_1 v x_4) ^ (-x_1 v x_4 v -x_0)]
6,8,8,0.06214547157287598,0.31329345703125,[(x_0 v -x_4 v -x_5) ^ (x_3 v x_1 v -x_4) ^ (x_1 v -x_4) ^ (-x_5 v -x_3 v x_4) ^ (-x_4 v x_2 v -x_3) ^ (-x_0 v x_1 v -x_3) ^ (x_3 v -x_2 v -x_0) ^ (x_3 v -x_1 v -x_4)]
7,7,1,0.04021453857421875,0.1298847198486328,[(x_6 v x_4 v x_2) ^ (x_0 v x_6 v -x_1) ^ (x_3 v -x_5 v -x_2) ^ (x_6 v -x_5 v x_4) ^ (x_3 v x_5 v -x_0) ^ (x_3 v x_1 v -x_0) ^ (x_6 v x_1 v -x_3)]
7,19,12,0.9539105892181396,1.2435493469238281,[(x_1 v x_2 v -x_6) ^ (x_3 v -x_6) ^ (x_6 v x_5 v -x_3) ^ (x_3 v -x_5) ^ (-x_3 v -x_0) ^ (x_6 v x_1 v -x_0) ^ (x_1 v -x_5 v -x_3) ^ (x_0 v -x_1 v -x_3) ^ (x_0 v -x_5 v x_3) ^ (x_1 v x_4) ^ (x_6 v x_1 v -x_3) ^ (x_0 v x_4 v x_2) ^ (-x_2 v -x_5) ^ (x_0 v -x_5 v x_4) ^ (-x_0 v x_4 v -x_6) ^ (x_1 v -x_4 v -x_2) ^ (-x_1 v -x_0 v -x_6) ^ (-x_0 v x_1 v -x_3) ^ (x_5 v x_2 v -x_6)]
8,12,1,0.03845572471618652,0.13933467864990234,[(x_1 v -x_7) ^ (x_1 v -x_7 v -x_5) ^ (x_3 v -x_1) ^ (-x_7 v -x_2 v -x_3) ^ (-x_1 v x_2 v -x_3) ^ (-x_4 v x_7) ^ (x_0 v x_6 v x_5) ^ (-x_4 v x_2 v x_5) ^ (x_6 v -x_4 v x_2) ^ (-x_4 v x_5) ^ (x_6 v -x_5) ^ (-x_1 v x_5 v x_0)]
8,19,16,0.24173378944396973,1.0665884017944336,[(-x_1 v -x_2 v -x_3) ^ (-x_4 v -x_2 v -x_0) ^ (-x_1 v x_7 v x_5) ^ (-x_7 v x_4 v -x_3) ^ (-x_0 v -x_2 v x_4) ^ (x_6 v x_1 v x_5) ^ (-x_2 v x_7 v -x_0) ^ (x_0 v x_4 v -x_3) ^ (x_1 v -x_5 v x_4) ^ (-x_6 v -x_5 v -x_0) ^ (-x_1 v -x_5 v -x_6) ^ (x_3 v -x_5 v x_2) ^ (-x_2 v x_5 v -x_3) ^ (-x_5 v x_2 v -x_0) ^ (-x_1 v -x_7 v -x_6) ^ (-x_4 v x_5 v -x_6) ^ (-x_1 v x_2 v -x_6) ^ (x_4 v x_5 v -x_6) ^ (x_0 v x_1 v -x_3)]
9,10,1,0.048601627349853516,0.13353538513183594,[(-x_5 v -x_3 v -x_0) ^ (-x_0 v x_7 v -x_6) ^ (x_0 v x_1 v -x_5) ^ (-x_4 v x_2 v -x_3) ^ (-x_4 v -x_7 v x_8) ^ (-x_1 v x_2 v x_8) ^ (x_3 v x_6) ^ (-x_1 v -x_7) ^ (-x_5 v x_7 v -x_0) ^ (x_0 v -x_4 v x_8)]
9,25,23,0.7095639705657959,1.9215269088745117,[(x_1 v -x_2 v -x_5) ^ (-x_4 v -x_2 v -x_6) ^ (x_3 v -x_4 v x_2) ^ (x_1 v x_7 v -x_5) ^ (-x_5 v -x_2 v -x_6) ^ (x_6 v x_4 v -x_3) ^ (x_3 v x_6 v -x_8) ^ (x_0 v -x_5 v x_8) ^ (-x_5 v x_2 v x_4) ^ (x_3 v x_6 v x_2) ^ (x_3 v -x_4 v -x_5) ^ (x_6 v -x_4) ^ (-x_1 v x_6 v -x_2) ^ (-x_1 v x_7 v -x_8) ^ (x_3 v x_5 v -x_8) ^ (-x_1 v -x_2 v x_4) ^ (x_3 v x_4 v x_2) ^ (-x_1 v -x_4 v -x_0) ^ (-x_0 v x_7 v x_8) ^ (x_6 v -x_3 v -x_0) ^ (x_4 v x_5 v -x_6) ^ (-x_1 v -x_2 v x_5) ^ (-x_2 v -x_8) ^ (-x_1 v x_6 v -x_0) ^ (x_0 v -x_4 v x_8)]
10,11,1,0.0902872085571289,0.24382972717285156,[(-x_4 v x_9 v -x_2) ^ (x_5 v -x_3 v -x_0) ^ (x_1 v x_7 v x_5) ^ (-x_4 v x_5 v -x_8) ^ (x_3 v -x_9 v x_2) ^ (-x_1 v x_7) ^ (x_1 v x_7 v x_8) ^ (-x_4 v -x_5 v -x_6) ^ (x_0 v x_6 v x_7) ^ (-x_1 v -x_7) ^ (-x_7 v x_2 v -x_3)]
10,26,32,12.908089637756348,2.8668956756591797,[(x_9 v x_4 v x_7) ^ (x_0 v x_7 v x_4) ^ (-x_4 v -x_5 v -x_6) ^ (x_3 v x_5 v -x_0) ^ (x_0 v -x_7 v -x_2) ^ (-x_0 v x_1 v -x_6) ^ (-x_1 v -x_7 v x_4) ^ (x_6 v -x_5 v x_7) ^ (x_0 v x_6 v x_7) ^ (-x_9 v x_2 v -x_8) ^ (-x_2 v x_5 v x_7) ^ (-x_4 v x_7 v x_2) ^ (-x_4 v -x_7 v -x_6) ^ (x_9 v x_5 v -x_7) ^ (-x_1 v x_5 v x_8) ^ (-x_4) ^ (x_6 v x_7 v x_8) ^ (x_9 v -x_0) ^ (x_3 v x_9 v x_2) ^ (x_1 v -x_7) ^ (-x_2 v x_7 v -x_3) ^ (-x_3 v -x_8 v -x_0) ^ (x_4 v -x_0) ^ (-x_9 v -x_5 v x_7) ^ (x_3 v -x_7 v -x_8) ^ (x_3 v x_7 v -x_6)]
11,12,1,0.10668420791625977,0.2812767028808594,[(x_1 v x_2 v -x_6) ^ (x_2 v -x_3) ^ (x_3 v x_5 v x_8) ^ (x_0 v -x_1 v x_5) ^ (x_3 v x_7) ^ (-x_9 v x_1 v -x_8) ^ (x_3 v x_6 v -x_7) ^ (x_0 v -x_7 v -x_8) ^ (x_0 v x_9 v -x_6) ^ (-x_0 v -x_5 v x_4) ^ (x_0 v x_2 v x_5) ^ (-x_1 v -x_10 v x_3)]
11,24,46,303.82408809661865,3.2313613891601562,[(x_3 v -x_9 v x_0) ^ (x_1 v x_2 v x_8) ^ (x_5 v -x_6) ^ (x_9 v x_4 v -x_3) ^ (-x_10 v x_7 v -x_3) ^ (x_0 v -x_5 v -x_8) ^ (x_3 v x_2 v -x_8) ^ (-x_4 v x_1 v x_9) ^ (x_3 v x_8 v -x_6) ^ (x_1 v -x_6) ^ (-x_9 v x_4 v x_5) ^ (x_1 v x_5 v -x_0) ^ (x_1 v -x_2 v -x_8) ^ (-x_1 v -x_9 v x_7) ^ (x_0 v -x_5) ^ (-x_9 v x_1 v -x_10) ^ (x_1 v -x_7 v x_10) ^ (-x_4 v -x_6) ^ (-x_7 v -x_0) ^ (-x_0 v -x_4 v x_8) ^ (-x_1 v -x_4 v -x_5) ^ (-x_1 v x_5 v -x_3) ^ (-x_4 v -x_5 v x_2) ^ (-x_7 v -x_3)]
12,22,1,0.0661919116973877,0.19257831573486328,[(x_9 v x_4 v x_7) ^ (x_1 v x_7 v x_2) ^ (-x_1 v -x_10 v x_7) ^ (x_3 v x_6) ^ (x_6 v x_1 v -x_0) ^ (-x_4 v x_5 v -x_3) ^ (x_0 v x_6 v x_2) ^ (x_11 v x_9 v x_0) ^ (x_1 v -x_7 v -x_0) ^ (-x_6 v x_4 v -x_11) ^ (x_6 v -x_5 v x_4) ^ (-x_0 v x_10 v x_4) ^ (x_6 v -x_5 v x_10) ^ (x_9 v -x_4 v x_10) ^ (x_1 v x_2 v x_5) ^ (-x_1 v x_10) ^ (x_0 v -x_1 v -x_2) ^ (x_0 v x_7 v x_8) ^ (x_3 v x_1 v x_7) ^ (x_1 v -x_4 v -x_11) ^ (x_3 v x_5 v -x_6) ^ (x_3 v -x_11 v x_0)]
12,23,64,inf,4.534404754638672,[(x_11 v -x_5 v -x_2) ^ (x_6 v -x_7 v x_2) ^ (-x_5 v -x_2 v -x_0) ^ (-x_10 v x_7 v -x_8) ^ (x_0 v x_9 v x_5) ^ (x_1 v x_9 v -x_7) ^ (x_11 v -x_1 v x_0) ^ (x_1 v -x_4 v x_7) ^ (-x_9 v x_5) ^ (-x_0 v -x_2 v -x_11) ^ (-x_4 v -x_2 v -x_8) ^ (x_11 v x_1 v x_8) ^ (x_3 v -x_7 v x_10) ^ (x_10 v -x_8 v -x_0) ^ (x_1 v -x_6 v -x_0) ^ (x_0 v -x_10 v -x_6) ^ (-x_4 v -x_11) ^ (-x_10 v -x_2 v x_5) ^ (-x_7 v -x_8 v -x_3) ^ (x_11 v x_4 v -x_3) ^ (x_0 v x_7 v -x_8) ^ (x_10 v x_2 v -x_8) ^ (x_8 v -x_4 v -x_11)]
13,22,1,0.12472724914550781,0.21199321746826172,[(x_9 v -x_4 v -x_6) ^ (x_11 v x_5 v x_0) ^ (x_1 v x_7 v -x_0) ^ (x_0 v -x_9) ^ (-x_4 v x_9 v -x_6) ^ (x_10 v x_5 v -x_6) ^ (x_0 v -x_10 v x_2) ^ (-x_10 v -x_6 v x_8) ^ (x_12 v -x_6) ^ (x_6 v x_2) ^ (x_0 v x_9 v x_2) ^ (x_3 v x_1 v -x_11) ^ (x_2 v -x_0) ^ (x_6 v x_7 v -x_8) ^ (x_12 v -x_7 v -x_0) ^ (x_0 v -x_4 v -x_7) ^ (-x_1 v x_10 v x_7) ^ (x_6 v -x_5 v -x_0) ^ (-x_5 v x_10 v x_4) ^ (-x_12 v -x_9 v x_10) ^ (x_0 v x_4 v -x_6) ^ (x_4 v x_2 v -x_0)]
13,15,91,109.95997643470764,4.788362503051758,[(x_12 v x_7 v -x_6) ^ (-x_1 v -x_10 v -x_8) ^ (x_0 v x_6) ^ (-x_4 v x_10 v x_8) ^ (-x_1 v x_2 v x_0) ^ (x_3 v -x_12 v x_8) ^ (x_0 v x_6 v -x_1) ^ (x_1 v x_9 v x_5) ^ (x_12 v x_10 v -x_11) ^ (x_3 v x_8 v -x_11) ^ (x_3 v -x_10 v x_5) ^ (x_1 v x_4 v x_5) ^ (x_3 v -x_9 v -x_2) ^ (-x_9 v x_10 v -x_8) ^ (x_11 v -x_10 v -x_6)]
5,12,1,0.07674455642700195,1.0489177703857422,[(x_1 v x_4 v x_2) ^ (x_1 v -x_2) ^ (x_2 v -x_3) ^ (x_2 v -x_0) ^ (x_1 v -x_2 v -x_3) ^ (x_3 v x_2 v -x_0) ^ (x_0 v -x_4 v x_3) ^ (-x_1 v x_2 v x_0) ^ (-x_0 v -x_2 v x_4) ^ (x_1 v -x_4 v -x_3) ^ (-x_1 v -x_4 v -x_3) ^ (x_3 v -x_2 v -x_0)]
5,7,6,0.05082345008850098,0.2054767608642578,[(-x_1 v -x_3) ^ (x_1 v -x_2 v -x_3) ^ (x_1 v -x_3) ^ (-x_4 v -x_2) ^ (x_3 v -x_4) ^ (x_0 v x_1) ^ (-x_0 v x_4 v -x_3)]
6,14,1,0.038365840911865234,0.14443111419677734,[(x_5 v -x_3 v -x_0) ^ (-x_1 v x_3 v -x_0) ^ (x_0 v -x_5 v -x_2) ^ (x_1 v -x_2 v -x_3) ^ (x_2 v -x_3 v -x_0) ^ (x_1 v -x_4 v x_5) ^ (x_3 v -x_4) ^ (x_1 v x_2) ^ (x_0 v x_2) ^ (-x_1 v x_2 v -x_0) ^ (x_5 v x_1 v x_2) ^ (-x_1 v -x_4 v -x_3) ^ (x_3 v x_4) ^ (x_1 v -x_4 v -x_5)]
6,14,8,0.07802343368530273,0.4840879440307617,[(x_3 v x_4 v x_2) ^ (-x_2 v x_5) ^ (x_2 v -x_3) ^ (x_1 v -x_3 v -x_0) ^ (-x_5 v x_4 v -x_3) ^ (x_4 v x_5 v -x_3) ^ (x_0 v x_4 v x_2) ^ (-x_1 v x_3 v x_5) ^ (x_0 v -x_4 v -x_2) ^ (-x_2 v -x_4 v -x_5) ^ (x_3 v x_5 v -x_0) ^ (x_0 v -x_4 v -x_3) ^ (-x_3 v -x_0) ^ (-x_4 v -x_5 v -x_3)]
7,21,1,0.26552295684814453,0.5858726501464844,[(x_1 v -x_4 v -x_0) ^ (-x_1 v -x_5 v -x_3) ^ (-x_4 v x_5) ^ (x_3 v -x_6 v x_0) ^ (-x_5 v x_4) ^ (x_5 v x_2) ^ (x_3 v -x_0 v -x_6) ^ (x_6 v -x_3) ^ (x_1 v x_4) ^ (x_1 v x_5 v -x_6) ^ (-x_1 v x_6 v x_2) ^ (-x_1 v x_4 v x_5) ^ (-x_6 v -x_3) ^ (-x_1 v x_2) ^ (-x_2 v -x_5 v -x_0) ^ (x_3 v x_6 v x_5) ^ (-x_1 v -x_2 v -x_0) ^ (-x_0 v -x_4 v -x_3) ^ (x_4 v x_5 v -x_0) ^ (x_0 v -x_4) ^ (x_3 v -x_4 v -x_2)]
7,9,12,0.09090733528137207,0.5610246658325195,[(x_6 v -x_2 v -x_0) ^ (x_3 v -x_2 v -x_6) ^ (-x_6 v x_5 v -x_3) ^ (x_2 v -x_3 v -x_0) ^ (-x_2 v x_5 v -x_0) ^ (-x_2 v -x_3 v x_4) ^ (x_0 v -x_2 v -x_6) ^ (-x_0 v x_4 v -x_3) ^ (-x_1 v x_6 v -x_0)]
8,16,1,0.05109429359436035,0.1555776596069336,[(-x_4 v x_2 v -x_6) ^ (x_0 v -x_4 v -x_6) ^ (-x_4 v -x_5 v -x_0) ^ (x_4 v x_5 v x_7) ^ (x_1 v -x_4 v -x_2) ^ (-x_1 v x_6 v x_3) ^ (-x_1 v -x_5 v x_4) ^ (x_6 v x_2 v -x_0) ^ (x_3 v x_6 v x_1) ^ (x_3 v x_5 v -x_0) ^ (x_3 v -x_2 v x_7) ^ (x_0 v x_2) ^ (x_6 v x_1 v -x_2) ^ (-x_1 v x_3) ^ (-x_1 v -x_4 v -x_3) ^ (x_1 v -x_0)]
8,24,16,0.3131730556488037,1.2027711868286133,[(x_1 v -x_4 v -x_7) ^ (x_5 v -x_0) ^ (-x_1 v x_5 v -x_0) ^ (-x_1 v -x_7 v x_2) ^ (-x_5 v -x_6) ^ (-x_1 v -x_6 v -x_0) ^ (-x_1 v x_4 v -x_2) ^ (x_0 v -x_2 v -x_3) ^ (x_3 v x_1) ^ (-x_1 v -x_5 v -x_0) ^ (x_0 v -x_7 v x_4) ^ (x_3) ^ (-x_1 v -x_2 v -x_0) ^ (-x_4 v x_5 v -x_0) ^ (-x_4 v -x_5 v x_7) ^ (x_3 v x_4 v x_2) ^ (x_0 v x_4 v x_5) ^ (-x_1 v x_4) ^ (x_6 v -x_7 v -x_3) ^ (-x_1 v x_2 v x_3) ^ (x_6 v -x_4 v x_2) ^ (x_4 v x_5 v -x_6) ^ (x_3 v x_4) ^ (-x_1 v x_4 v x_3)]
9,21,1,0.04683947563171387,0.17917251586914062,[(x_3 v -x_4 v x_7) ^ (-x_1 v x_5 v -x_0) ^ (x_6 v -x_7 v -x_0) ^ (x_3 v x_6 v -x_8) ^ (x_6 v -x_4 v -x_5) ^ (x_6 v x_1 v -x_5) ^ (-x_7 v x_4 v -x_8) ^ (-x_4 v -x_5 v -x_8) ^ (-x_5 v -x_2) ^ (-x_1 v x_6 v -x_2) ^ (-x_1 v x_7 v -x_8) ^ (-x_4 v -x_7 v -x_6) ^ (x_3 v -x_6 v x_8) ^ (x_0 v x_4 v x_5) ^ (x_3 v x_8 v x_0) ^ (x_7 v -x_3 v -x_0) ^ (-x_1 v -x_4 v -x_0) ^ (x_2 v x_8) ^ (-x_5 v x_2 v -x_8) ^ (x_3 v -x_1 v -x_5) ^ (x_3 v -x_4 v -x_2)]
9,22,23,0.46211791038513184,1.5870037078857422,[(x_0 v -x_6 v -x_3) ^ (x_0 v -x_4 v -x_5) ^ (-x_1 v -x_5 v -x_2) ^ (-x_2 v x_8) ^ (x_3 v -x_4 v x_2) ^ (x_3 v x_5 v -x_0) ^ (-x_7 v x_2 v -x_0) ^ (-x_1 v -x_2 v -x_6) ^ (x_5 v x_2 v -x_3) ^ (x_3 v x_6 v x_8) ^ (-x_1 v x_6 v x_8) ^ (x_6 v -x_5 v x_7) ^ (-x_6 v x_7 v -x_3) ^ (-x_5 v x_7) ^ (-x_5 v -x_8) ^ (-x_2 v -x_7 v -x_5) ^ (x_3 v -x_5 v x_7) ^ (x_1 v -x_6 v -x_3) ^ (x_7 v -x_3) ^ (x_6 v -x_5 v -x_0) ^ (x_7 v -x_8 v -x_3) ^ (x_0 v -x_1 v x_2)]
10,24,1,0.05365324020385742,0.18888473510742188,[(-x_0 v -x_2 v x_8) ^ (-x_1 v -x_2 v -x_3) ^ (x_4 v x_2 v -x_8) ^ (x_4 v -x_8) ^ (x_0 v -x_1 v x_9) ^ (x_0 v -x_9 v x_7) ^ (x_3 v x_5) ^ (x_0 v x_4 v -x_2) ^ (x_9 v -x_5 v -x_0) ^ (-x_4 v -x_8 v -x_3) ^ (-x_1 v -x_6 v -x_3) ^ (x_3 v -x_7 v x_0) ^ (-x_1 v x_2) ^ (x_3 v x_4 v x_8) ^ (x_3 v x_6 v x_5) ^ (x_0 v x_7 v -x_6) ^ (x_8 v x_2 v -x_0) ^ (-x_1 v -x_9 v -x_0) ^ (x_6 v -x_4 v -x_2) ^ (x_7 v x_5 v -x_0) ^ (-x_4 v x_5 v -x_6) ^ (-x_1 v -x_4 v -x_7) ^ (x_0 v -x_4 v -x_3) ^ (x_6 v x_1 v -x_9)]
10,12,32,0.5496625900268555,1.3073902130126953,[(x_0 v -x_9 v -x_3) ^ (-x_1 v -x_7 v x_4) ^ (-x_9 v x_7 v -x_3) ^ (-x_4 v -x_7 v -x_0) ^ (-x_1 v x_9 v -x_2) ^ (x_6 v x_2 v x_5) ^ (-x_9 v x_2 v x_8) ^ (x_3 v x_1 v -x_0) ^ (x_3 v x_4) ^ (x_9 v x_5 v -x_8) ^ (-x_1 v x_5 v x_0) ^ (-x_6 v x_2 v -x_3)]
11,29,1,0.06278014183044434,0.21538257598876953,[(x_6 v -x_7 v x_2) ^ (-x_1 v x_7) ^ (x_10 v -x_0) ^ (x_3 v -x_5) ^ (x_1 v x_9 v x_7) ^ (-x_1 v -x_10 v -x_5) ^ (-x_9 v -x_8) ^ (-x_9 v x_1 v -x_2) ^ (-x_9 v x_10 v -x_0) ^ (-x_7 v -x_5 v -x_6) ^ (x_7 v x_2 v -x_8) ^ (x_3 v x_1 v x_9) ^ (x_3 v x_9 v x_7) ^ (x_7 v x_2 v x_8) ^ (x_10 v -x_3 v x_4) ^ (x_9 v x_4 v -x_6) ^ (x_1 v x_4 v x_5) ^ (x_2 v -x_8) ^ (x_0 v x_10 v -x_2) ^ (x_1 v -x_4 v -x_2) ^ (x_6 v x_9 v x_4) ^ (x_9 v -x_10 v -x_0) ^ (x_3 v x_10 v x_2) ^ (x_0 v -x_4 v x_7) ^ (-x_9 v -x_10 v x_8) ^ (-x_5 v x_7 v -x_8) ^ (x_9 v x_4 v -x_7) ^ (-x_2 v x_5 v x_4) ^ (x_9 v -x_10 v -x_8)]
11,19,46,193.84389281272888,2.886469841003418,[(x_8 v -x_4 v -x_6) ^ (x_10 v -x_2 v -x_6) ^ (-x_6 v -x_2 v -x_3) ^ (-x_5 v -x_8) ^ (x_3 v x_9 v -x_6) ^ (x_1 v -x_6 v -x_0) ^ (-x_1 v x_10 v x_4) ^ (x_3 v x_9 v x_7) ^ (-x_10 v x_5 v -x_8) ^ (-x_1 v x_7 v x_8) ^ (-x_10 v -x_2) ^ (-x_0 v x_4 v -x_6) ^ (x_2 v -x_8 v -x_3) ^ (-x_10 v x_5 v -x_3) ^ (x_0 v x_1 v x_9) ^ (-x_9 v x_2) ^ (-x_1 v -x_7 v -x_8) ^ (x_7 v -x_8 v -x_3) ^ (-x_9 v x_4 v x_2)]
12,28,1,0.0755155086517334,0.1984853744506836,[(-x_4 v x_9 v -x_3) ^ (-x_6 v -x_5 v x_8) ^ (x_6 v x_1 v -x_11) ^ (x_1 v -x_3) ^ (x_9 v x_4 v x_2) ^ (x_6 v x_9 v x_8) ^ (-x_1 v -x_10 v -x_3) ^ (x_4 v -x_3 v x_8) ^ (x_0 v x_1 v x_5) ^ (-x_1 v -x_7 v -x_10) ^ (x_8 v x_9 v -x_3) ^ (x_1 v x_9 v -x_3) ^ (x_3 v x_4 v x_11) ^ (x_1 v x_2) ^ (-x_5 v x_9 v -x_2) ^ (x_9 v -x_8 v -x_6) ^ (x_1 v x_10 v -x_11) ^ (x_11 v x_6 v -x_5) ^ (x_6 v x_9 v x_2) ^ (x_10 v -x_5 v -x_6) ^ (x_3 v x_4 v x_8) ^ (-x_1 v -x_10 v -x_11) ^ (x_0 v x_7 v -x_8) ^ (-x_1 v -x_4 v -x_0) ^ (x_11 v -x_1 v -x_9) ^ (-x_7 v -x_2 v x_4) ^ (-x_1 v -x_7 v x_8) ^ (x_3 v x_7 v -x_6)]
12,24,64,inf,4.547080993652344,[(x_10 v x_5) ^ (-x_9 v x_10 v -x_6) ^ (-x_0 v -x_3) ^ (-x_9 v -x_6) ^ (-x_4 v -x_5) ^ (-x_4 v -x_2 v -x_6) ^ (x_4 v x_2 v -x_8) ^ (x_6 v -x_4 v -x_10) ^ (x_0 v x_6) ^ (x_0 v x_10 v x_11) ^ (x_1 v -x_7 v -x_5) ^ (x_6 v -x_2 v x_8) ^ (x_6 v x_1 v x_8) ^ (x_0 v -x_9 v -x_8) ^ (-x_9 v -x_11 v x_8) ^ (x_0 v -x_10 v x_11) ^ (-x_9 v -x_10 v -x_8) ^ (-x_1 v x_2 v -x_3) ^ (-x_4 v x_7 v -x_0) ^ (-x_7 v -x_10 v -x_0) ^ (-x_1 v -x_9 v x_5) ^ (-x_9 v -x_7 v -x_2) ^ (x_1 v x_10 v x_8) ^ (x_3 v x_10 v -x_0)]
13,28,1,0.14472270011901855,0.2020883560180664,[(x_12 v -x_4 v -x_5) ^ (-x_1 v x_7) ^ (-x_1 v -x_10 v x_7) ^ (x_9 v x_12 v -x_0) ^ (x_6 v -x_9 v -x_10) ^ (x_6 v x_10 v x_8) ^ (-x_1 v -x_7 v -x_5) ^ (x_0 v -x_12 v x_2) ^ (-x_9 v -x_3 v -x_6) ^ (x_6 v x_12 v x_10) ^ (x_9 v -x_8 v -x_6) ^ (x_9 v -x_2 v x_4) ^ (x_1 v -x_7 v -x_5) ^ (-x_5 v x_10 v x_8) ^ (-x_11 v -x_5 v -x_6) ^ (x_0 v -x_12 v x_7) ^ (-x_2 v x_6 v -x_5) ^ (x_0 v x_12 v x_11) ^ (-x_12 v x_5) ^ (-x_12 v -x_8 v -x_0) ^ (-x_0 v x_4 v -x_6) ^ (-x_1 v x_2 v -x_3) ^ (x_5 v -x_8 v -x_6) ^ (x_0 v x_10 v -x_3) ^ (x_0 v x_12 v x_8) ^ (x_6 v -x_7 v x_9) ^ (-x_1 v x_8 v -x_3) ^ (x_1 v x_4 v -x_3)]
13,31,91,inf,8.602296829223633,[(x_0 v -x_4 v x_10) ^ (x_6 v -x_7 v -x_5) ^ (-x_12 v x_9 v -x_5) ^ (-x_1 v x_12 v x_8) ^ (x_2 v -x_6) ^ (-x_12 v x_5 v -x_3) ^ (x_5 v x_10 v x_2) ^ (x_9 v -x_2 v -x_3) ^ (x_0 v -x_9 v -x_5) ^ (x_4 v x_5 v x_8) ^ (-x_4 v -x_2 v x_7) ^ (x_3 v -x_5 v x_4) ^ (x_9 v x_10 v -x_11) ^ (x_6 v -x_9) ^ (x_3 v -x_7 v x_4) ^ (x_6 v x_12 v -x_8) ^ (-x_12 v -x_0) ^ (x_0 v -x_9 v -x_3) ^ (-x_7 v x_4 v x_5) ^ (x_0 v x_5 v -x_6) ^ (x_1 v x_9 v -x_0) ^ (-x_1 v -x_9 v -x_12) ^ (x_0 v -x_4 v x_9) ^ (x_11 v -x_5 v -x_6) ^ (x_3 v x_12 v -x_11) ^ (-x_9 v -x_2 v -x_8) ^ (-x_1 v -x_0 v -x_6) ^ (x_3 v -x_4) ^ (-x_1 v -x_12) ^ (x_0 v -x_1 v x_7) ^ (x_1 v x_4 v -x_3)]
5,12,1,0.07726097106933594,1.051924705505371,[(-x_2 v -x_0) ^ (x_1 v x_2 v -x_0) ^ (x_1 v -x_2 v -x_3) ^ (x_0 v -x_4 v x_3) ^ (x_0 v x_1 v -x_4) ^ (-x_1 v x_2 v x_0) ^ (x_3 v x_1 v -x_4) ^ (-x_4 v -x_2) ^ (-x_4 v -x_2 v -x_0) ^ (x_4 v x_2 v -x_0) ^ (-x_1 v -x_2 v -x_0) ^ (x_3 v x_4 v -x_0)]
5,5,6,0.04685640335083008,0.184661865234375,[(x_1 v -x_0) ^ (-x_4 v -x_2) ^ (x_1 v -x_4) ^ (-x_4 v -x_2 v -x_3) ^ (x_0 v x_1 v -x_3)]
6,13,1,0.04154086112976074,0.14518260955810547,[(-x_1 v x_5 v x_3) ^ (-x_1 v x_0) ^ (x_0 v x_4) ^ (x_0 v -x_1 v x_4) ^ (x_0 v -x_3) ^ (-x_1 v x_4 v x_5) ^ (x_3 v x_2) ^ (x_3 v -x_1 v -x_2) ^ (-x_4 v x_5 v -x_3) ^ (-x_2 v x_5 v x_4) ^ (x_3 v -x_4 v x_5) ^ (x_3 v -x_1 v -x_4) ^ (-x_1 v x_4 v -x_0)]
6,10,8,0.6451804637908936,0.7130012512207031,[(x_3 v -x_0) ^ (x_0 v -x_4 v x_3) ^ (x_3 v -x_5 v x_4) ^ (x_0 v x_1 v -x_4) ^ (x_3 v -x_1 v x_4) ^ (x_1 v -x_4 v x_2) ^ (-x_1 v -x_0) ^ (-x_4 v -x_3) ^ (x_3 v -x_5 v x_2) ^ (x_0 v x_1 v x_4)]
7,8,1,0.03734612464904785,0.13013935089111328,[(x_0 v -x_4 v -x_5) ^ (x_0) ^ (x_1 v -x_3 v -x_0) ^ (-x_6 v x_5 v -x_0) ^ (x_0 v x_1 v -x_5) ^ (-x_0 v -x_2 v x_4) ^ (x_1 v -x_2 v -x_0) ^ (-x_0 v -x_3 v -x_6)]
7,17,12,0.13661527633666992,0.8622446060180664,[(x_1 v -x_4 v -x_0) ^ (x_0 v x_6 v x_1) ^ (x_6 v -x_4 v x_5) ^ (x_1 v -x_4 v -x_2) ^ (x_1 v -x_2 v -x_3) ^ (x_0 v x_1 v -x_4) ^ (x_0 v x_2 v x_3) ^ (x_1 v -x_3) ^ (-x_6 v -x_5 v -x_0) ^ (x_0 v -x_1 v -x_3) ^ (-x_1 v x_3 v -x_6) ^ (-x_4 v x_5) ^ (-x_1 v x_5 v -x_6) ^ (-x_1 v -x_2 v -x_6) ^ (-x_1 v -x_2 v x_4) ^ (x_3 v x_4 v -x_6) ^ (x_6 v x_1 v -x_3)]
8,24,1,0.051993370056152344,0.1896228790283203,[(-x_0 v -x_3) ^ (x_3 v x_6) ^ (-x_7 v x_2 v -x_3) ^ (-x_7 v -x_5 v -x_3) ^ (x_6 v -x_2 v -x_0) ^ (-x_4 v x_5 v -x_7) ^ (x_0 v -x_5 v x_2) ^ (-x_5 v -x_2 v -x_3) ^ (-x_6 v -x_5 v x_4) ^ (x_6 v x_1 v -x_3) ^ (x_1 v x_7 v -x_3) ^ (x_0 v -x_2 v x_4) ^ (x_1 v x_4 v -x_0) ^ (x_6 v x_7 v -x_0) ^ (-x_7 v x_5) ^ (x_1 v x_4 v x_7) ^ (x_6 v x_4 v -x_0) ^ (x_4 v x_2 v -x_6) ^ (x_4 v x_5 v -x_6) ^ (x_3 v -x_2 v -x_0) ^ (x_0 v -x_1 v -x_4) ^ (-x_7 v -x_3) ^ (-x_1 v x_4 v -x_6) ^ (x_3 v x_4 v -x_0)]
8,23,16,0.28053832054138184,1.327702522277832,[(x_0 v x_6 v x_1) ^ (-x_1 v x_6 v -x_7) ^ (x_5 v -x_4 v x_2) ^ (-x_2 v x_5 v -x_6) ^ (x_0 v x_1 v -x_5) ^ (-x_5 v x_2 v x_7) ^ (x_6 v -x_7 v x_5) ^ (-x_2 v x_5 v -x_0) ^ (x_6 v -x_2 v x_5) ^ (x_1 v -x_4 v -x_3) ^ (x_6 v x_1 v x_5) ^ (x_0 v -x_5 v x_2) ^ (x_1 v -x_7 v x_2) ^ (x_1 v -x_6 v -x_0) ^ (-x_1 v x_7 v -x_6) ^ (x_2 v -x_0) ^ (-x_1 v x_4 v x_5) ^ (x_7 v -x_6) ^ (x_3 v -x_5 v x_2) ^ (x_0 v -x_7 v -x_5) ^ (x_6 v -x_7 v -x_3) ^ (x_4 v x_5 v -x_6) ^ (x_0 v -x_4 v -x_3)]
9,13,1,0.041228532791137695,0.14588451385498047,[(-x_4 v -x_8 v -x_6) ^ (-x_2 v -x_8 v -x_0) ^ (-x_3 v -x_8 v -x_6) ^ (x_2 v x_8) ^ (x_0 v x_6 v -x_7) ^ (x_3 v x_6 v x_2) ^ (x_3 v x_1 v x_7) ^ (-x_1 v -x_4 v x_0) ^ (x_0 v x_6 v -x_4) ^ (-x_1 v -x_5 v -x_0) ^ (x_0 v -x_5 v x_7) ^ (x_0 v -x_5 v x_8) ^ (x_3 v -x_4 v x_5)]
9,17,23,0.3907339572906494,1.2482414245605469,[(x_8 v x_7 v -x_0) ^ (x_3 v x_7 v -x_0) ^ (x_3 v -x_0) ^ (-x_5 v x_4) ^ (x_6 v x_1 v x_4) ^ (x_3 v x_0 v -x_6) ^ (x_7 v -x_3 v x_8) ^ (x_6 v x_4 v x_2) ^ (x_5 v x_8) ^ (x_1 v -x_2 v x_8) ^ (-x_0 v -x_2 v x_4) ^ (x_0 v -x_8) ^ (-x_4 v -x_7) ^ (x_1 v -x_3 v -x_6) ^ (-x_1 v x_6 v -x_4) ^ (-x_1 v -x_5 v -x_6) ^ (x_7 v x_2 v -x_8)]
10,17,1,0.051050662994384766,0.15500259399414062,[(-x_9 v -x_5 v x_8) ^ (x_3 v x_8) ^ (x_9 v x_4 v -x_3) ^ (-x_1 v -x_8 v x_0) ^ (-x_9 v x_5) ^ (-x_1 v x_6 v x_4) ^ (-x_2 v x_6 v -x_5) ^ (-x_7 v -x_2 v x_5) ^ (-x_9 v -x_2 v -x_5) ^ (x_9 v x_8) ^ (-x_7 v x_5 v -x_3) ^ (-x_7 v -x_6 v -x_3) ^ (x_7 v x_4) ^ (-x_1 v -x_4 v x_7) ^ (x_9 v -x_8 v -x_6) ^ (-x_4 v -x_7 v -x_3) ^ (x_9 v -x_5 v x_8)]
10,29,32,9.592072010040283,3.136423110961914,[(-x_7 v x_5 v x_8) ^ (x_7 v x_5 v -x_3) ^ (-x_1 v x_9 v x_7) ^ (-x_4 v x_9 v -x_5) ^ (x_1 v x_8) ^ (x_0 v x_9 v -x_6) ^ (x_1 v x_9 v -x_2) ^ (x_6 v -x_2 v -x_0) ^ (-x_9 v x_1 v -x_7) ^ (x_1 v -x_2) ^ (-x_7 v x_2) ^ (-x_4 v -x_6 v -x_3) ^ (x_1 v x_9 v x_2) ^ (-x_9 v x_1 v -x_4) ^ (x_0 v -x_5 v x_2) ^ (x_6 v x_9 v -x_2) ^ (-x_1 v x_7 v -x_8) ^ (x_7 v x_2 v x_8) ^ (x_8 v -x_5 v x_4) ^ (x_6 v -x_9 v -x_7) ^ (x_0 v x_7 v -x_2) ^ (x_0 v x_1 v x_9) ^ (x_3 v x_5 v x_8) ^ (-x_4 v x_2 v -x_0) ^ (x_0 v x_5 v -x_3) ^ (x_1 v x_2 v -x_3) ^ (x_9 v -x_2 v -x_7) ^ (-x_7 v -x_8) ^ (-x_4 v x_2 v -x_8)]
11,27,1,0.06583976745605469,0.2090597152709961,[(-x_7 v x_5 v x_8) ^ (x_9 v x_4 v -x_3) ^ (x_3 v x_10 v x_5) ^ (x_0 v -x_5 v x_8) ^ (-x_0 v x_1 v -x_6) ^ (x_3 v -x_1) ^ (-x_5 v -x_0) ^ (-x_9 v x_7 v x_8) ^ (-x_4 v x_10 v -x_0) ^ (x_6 v -x_2) ^ (-x_7 v x_10 v -x_3) ^ (x_0 v -x_1 v -x_10) ^ (-x_7 v -x_8 v -x_6) ^ (-x_0 v -x_2 v -x_6) ^ (-x_9 v x_1 v x_4) ^ (x_3 v x_7 v -x_8) ^ (x_10 v x_9 v -x_2) ^ (x_9 v x_4 v -x_6) ^ (x_9 v -x_7 v -x_8) ^ (x_3 v x_8 v x_0) ^ (x_10 v x_7) ^ (x_0 v x_10 v x_7) ^ (x_0 v -x_9 v x_4) ^ (x_6 v -x_7 v -x_2) ^ (-x_9 v x_5 v -x_0) ^ (-x_9 v -x_3 v -x_0) ^ (x_4 v -x_3 v -x_0)]
11,31,46,inf,4.513897895812988,[(x_0 v x_6 v -x_8) ^ (-x_5 v x_2 v x_8) ^ (x_3 v -x_1 v x_4) ^ (-x_1 v -x_2 v -x_3) ^ (x_10 v x_6 v -x_2) ^ (x_1 v x_4 v -x_6) ^ (x_0 v -x_10 v x_7) ^ (-x_1 v -x_3) ^ (-x_4 v x_9 v -x_8) ^ (x_10 v x_8) ^ (x_9 v x_2 v -x_0) ^ (x_0 v x_1 v -x_7) ^ (-x_0 v -x_2 v -x_6) ^ (x_1 v -x_9) ^ (x_6 v x_9 v x_2) ^ (-x_10 v x_8) ^ (x_3 v -x_5 v x_7) ^ (x_1 v x_10 v -x_8) ^ (-x_7 v x_5 v -x_0) ^ (-x_4 v x_9 v -x_2) ^ (x_0 v x_2 v -x_8) ^ (x_9 v x_10 v -x_3) ^ (x_0 v x_6 v -x_1) ^ (x_3 v x_2) ^ (x_3 v x_9 v x_10) ^ (x_10 v x_5 v -x_3) ^ (x_6 v x_4 v x_5) ^ (x_6 v -x_4 v x_2) ^ (x_1 v x_5 v -x_3) ^ (x_3 v -x_1 v -x_4) ^ (x_1 v -x_8)]
12,33,1,0.17584657669067383,0.2228860855102539,[(-x_7 v -x_10 v -x_8) ^ (x_6 v -x_7 v x_2) ^ (x_1 v -x_2 v -x_5) ^ (x_3 v -x_10 v -x_2) ^ (x_3 v x_6 v -x_8) ^ (x_6 v x_7 v -x_11) ^ (x_0 v x_1 v -x_11) ^ (-x_9 v -x_4 v x_7) ^ (-x_7 v -x_5 v x_2) ^ (x_0 v x_9) ^ (-x_1 v -x_4 v -x_6) ^ (x_1 v -x_4 v x_8) ^ (-x_11 v x_9 v -x_0) ^ (x_0 v x_6 v x_4) ^ (x_3 v x_4 v x_11) ^ (x_3 v x_1 v x_8) ^ (x_6 v x_2) ^ (-x_2 v x_7 v -x_0) ^ (x_5 v -x_3) ^ (x_7 v x_2 v -x_8) ^ (x_2 v x_5 v -x_0) ^ (-x_1 v x_6 v -x_9) ^ (x_11 v -x_2 v x_0) ^ (x_11 v x_9) ^ (x_9 v -x_4 v -x_10) ^ (x_3 v -x_10 v x_7) ^ (x_0 v x_5 v -x_8) ^ (-x_4 v -x_5 v -x_3) ^ (-x_2 v x_7) ^ (x_0 v -x_1 v x_6) ^ (x_3 v x_5 v -x_6) ^ (x_1 v -x_4 v -x_5) ^ (x_11 v x_7 v -x_6)]
12,22,64,inf,4.352741241455078,[(-x_1 v -x_9 v -x_11) ^ (x_10 v x_6 v -x_2) ^ (x_4 v x_2 v -x_8) ^ (x_0 v x_1 v -x_11) ^ (-x_9 v -x_8) ^ (x_0) ^ (x_9 v x_10 v -x_11) ^ (x_0 v -x_9 v x_5) ^ (x_11 v -x_7 v x_5) ^ (x_2 v -x_8 v -x_0) ^ (x_1 v -x_8 v -x_3) ^ (-x_4 v -x_5 v x_8) ^ (x_11 v -x_2 v -x_0) ^ (x_9 v x_4 v -x_11) ^ (x_0 v x_6 v -x_3) ^ (-x_9 v -x_8 v -x_3) ^ (-x_9 v -x_4 v -x_11) ^ (x_11 v x_1 v x_7) ^ (x_11 v x_0 v x_8) ^ (x_4 v x_2 v -x_6) ^ (-x_9 v -x_5 v x_7) ^ (-x_1 v x_9 v -x_6)]
13,33,1,0.15538406372070312,0.2566804885864258,[(x_0 v x_6 v -x_8) ^ (x_11 v -x_12 v -x_3) ^ (-x_2 v x_10) ^ (x_0 v -x_10 v -x_2) ^ (x_6 v x_10 v x_8) ^ (x_12 v x_7 v -x_6) ^ (-x_1 v -x_12 v -x_8) ^ (x_0 v -x_12 v -x_4) ^ (x_2 v -x_3 v -x_11) ^ (x_6 v x_2) ^ (x_11 v -x_5 v -x_0) ^ (x_3 v -x_12 v -x_0) ^ (-x_12 v -x_10 v x_8) ^ (-x_11 v -x_3 v x_8) ^ (x_0 v x_6 v x_9) ^ (x_7 v -x_8 v x_4) ^ (x_0 v x_1 v -x_4) ^ (x_0 v -x_10 v x_5) ^ (-x_9 v x_10 v x_8) ^ (x_7 v -x_8 v -x_6) ^ (-x_4 v x_5 v -x_0) ^ (-x_12 v x_2 v -x_11) ^ (x_6 v -x_12 v x_10) ^ (-x_11 v -x_7 v x_8) ^ (x_12 v x_4 v x_5) ^ (-x_2 v x_5 v x_4) ^ (x_0 v x_4 v -x_6) ^ (x_10 v -x_5) ^ (x_1 v x_4 v x_8) ^ (x_12 v -x_2 v x_7) ^ (-x_9 v -x_10 v x_2) ^ (x_1 v -x_10 v x_4) ^ (x_3 v -x_9 v -x_12)]
13,16,91,24.083736658096313,4.837008476257324,[(x_11 v -x_4 v -x_5) ^ (x_11 v x_1 v -x_5) ^ (x_3 v -x_2 v x_0) ^ (x_3 v x_7) ^ (-x_1 v x_3 v -x_6) ^ (-x_12 v -x_7 v x_5) ^ (-x_9 v -x_5 v -x_11) ^ (x_7 v x_5 v x_8) ^ (x_3 v x_12 v -x_2) ^ (x_5 v x_1 v x_2) ^ (-x_1 v -x_3 v -x_6) ^ (x_12 v x_10 v -x_11) ^ (-x_12 v -x_7 v x_4) ^ (-x_1 v x_10 v x_2) ^ (x_3 v -x_12 v -x_7) ^ (-x_12 v x_10 v -x_5)]
5,11,1,0.08109569549560547,1.0408935546875,[(-x_2 v x_4) ^ (x_2 v -x_0) ^ (x_1 v -x_4 v -x_2) ^ (x_0 v x_4 v x_2) ^ (x_3 v -x_1 v -x_0) ^ (-x_4 v -x_2 v -x_0) ^ (x_1 v x_2) ^ (x_0 v x_4 v x_3) ^ (-x_4 v -x_2 v -x_3) ^ (x_4 v x_2) ^ (x_1 v x_4)]
5,15,6,0.07214236259460449,0.4242229461669922,[(x_1 v -x_4 v -x_0) ^ (x_1 v x_4 v x_2) ^ (x_1 v -x_3 v -x_0) ^ (-x_4 v x_2 v -x_0) ^ (x_0 v x_4) ^ (x_0 v -x_2 v x_4) ^ (x_0 v -x_3) ^ (x_3 v -x_4) ^ (x_1 v -x_4 v x_2) ^ (-x_1 v x_2 v -x_0) ^ (-x_1 v -x_0) ^ (x_4 v -x_3 v -x_0) ^ (x_0 v -x_4) ^ (-x_2 v -x_3) ^ (x_0 v x_1 v x_4)]
6,13,1,0.10133647918701172,0.45865821838378906,[(x_1 v -x_4 v -x_0) ^ (x_0 v -x_4 v x_2) ^ (-x_4 v -x_5) ^ (-x_1 v x_4 v x_5) ^ (-x_5 v x_2 v -x_3) ^ (x_1 v -x_4 v -x_3) ^ (-x_1 v x_5 v x_2) ^ (x_1 v x_2) ^ (x_1 v -x_2 v x_4) ^ (x_4 v x_5) ^ (-x_1 v -x_4 v x_2) ^ (x_3 v x_4) ^ (-x_2 v x_5)]
6,9,8,0.07339954376220703,0.35422611236572266,[(x_4 v x_2 v -x_3) ^ (-x_1 v -x_5) ^ (x_3 v x_2) ^ (x_3 v x_5 v -x_0) ^ (-x_1 v x_2 v -x_0) ^ (x_4 v -x_3 v -x_0) ^ (-x_1 v -x_2 v x_4) ^ (x_3 v -x_4 v x_5) ^ (x_0 v x_1 v -x_3)]
7,14,1,0.040049076080322266,0.14699935913085938,[(x_3 v x_4 v x_2) ^ (x_1 v -x_4 v -x_2) ^ (x_1 v -x_4 v -x_5) ^ (-x_2 v x_5 v -x_6) ^ (x_2 v -x_3 v -x_0) ^ (-x_0 v x_5 v -x_6) ^ (-x_2 v x_5 v -x_0) ^ (x_1 v -x_3 v -x_6) ^ (-x_5 v -x_2 v x_4) ^ (x_1 v -x_6) ^ (-x_4 v -x_2 v -x_3) ^ (-x_1 v x_0 v -x_3) ^ (x_2 v x_5 v -x_0) ^ (-x_2 v x_5 v -x_3)]
7,21,12,0.2318739891052246,1.0809450149536133,[(x_3 v -x_4 v x_2) ^ (-x_4 v -x_5 v -x_6) ^ (-x_5 v x_2 v -x_3) ^ (x_0 v x_6 v -x_4) ^ (-x_5 v -x_0) ^ (x_6 v -x_4 v x_5) ^ (x_6 v -x_2) ^ (-x_0 v -x_5 v x_4) ^ (x_6 v -x_5 v x_2) ^ (-x_5 v x_4 v -x_3) ^ (x_6 v -x_4 v -x_3) ^ (x_3 v -x_5 v -x_2) ^ (x_0 v x_6 v -x_3) ^ (x_3 v x_1 v x_5) ^ (-x_1 v -x_0 v -x_3) ^ (x_0 v x_4 v x_5) ^ (-x_2 v x_4) ^ (-x_2 v -x_0) ^ (x_4 v x_5 v -x_0) ^ (-x_1 v x_4 v -x_3) ^ (x_0 v x_5 v -x_3)]
8,21,1,0.04658365249633789,0.17962265014648438,[(x_7 v x_5 v -x_3) ^ (-x_1 v x_7 v -x_0) ^ (-x_4 v -x_7 v -x_0) ^ (x_0 v x_1 v x_3) ^ (-x_2 v -x_3 v x_4) ^ (x_0 v -x_6) ^ (-x_4 v -x_2 v x_5) ^ (-x_7 v -x_5 v x_2) ^ (x_0 v x_6 v -x_2) ^ (x_3 v -x_7 v x_4) ^ (x_5 v -x_3) ^ (x_3 v -x_0 v -x_6) ^ (x_6 v x_1 v x_7) ^ (x_6 v -x_4 v -x_3) ^ (x_1 v x_4 v -x_0) ^ (x_0 v -x_7) ^ (-x_5 v -x_3) ^ (x_6 v -x_4 v -x_2) ^ (x_1 v -x_2 v x_4) ^ (x_0 v -x_4 v x_2) ^ (x_0 v -x_5 v -x_6)]
8,9,16,0.10303497314453125,0.5235967636108398,[(-x_5 v -x_6) ^ (-x_0 v -x_5 v -x_6) ^ (x_3 v -x_1 v -x_6) ^ (x_0 v x_1 v -x_4) ^ (-x_2 v -x_7 v -x_5) ^ (x_3 v x_6 v -x_4) ^ (x_6 v x_1) ^ (x_6 v x_4 v x_5) ^ (x_3 v x_1 v x_4)]
9,10,1,0.04548192024230957,0.13738632202148438,[(x_5 v -x_3 v -x_0) ^ (x_3 v x_1 v -x_7) ^ (-x_4 v -x_2) ^ (x_1 v x_5 v -x_8) ^ (x_1 v x_7 v -x_0) ^ (x_0 v -x_4 v x_7) ^ (x_1 v -x_7 v x_2) ^ (x_6 v x_7 v -x_3) ^ (x_0 v x_1 v -x_8) ^ (-x_4 v -x_5 v x_7)]
9,26,23,0.7585840225219727,1.9683313369750977,[(x_1 v -x_7 v -x_6) ^ (x_3 v -x_0) ^ (-x_7 v x_5 v x_8) ^ (-x_1 v -x_4 v x_8) ^ (x_6 v x_4 v x_8) ^ (-x_5 v x_2 v x_7) ^ (x_7 v x_2) ^ (x_0 v x_8 v -x_6) ^ (x_3 v -x_7 v -x_5) ^ (-x_1 v x_6 v x_8) ^ (x_6 v -x_2) ^ (-x_7 v x_2 v -x_8) ^ (x_0 v x_1 v -x_6) ^ (x_5 v -x_3) ^ (-x_7 v x_4 v x_5) ^ (x_0 v -x_1 v -x_4) ^ (-x_6 v x_7 v -x_0) ^ (x_2 v x_4 v x_5) ^ (-x_7 v x_5 v -x_0) ^ (-x_1 v x_2 v -x_3) ^ (x_0 v x_5 v x_8) ^ (x_0 v -x_4 v -x_8) ^ (x_4 v x_5) ^ (x_1 v -x_2 v -x_0) ^ (-x_1 v x_6 v x_5) ^ (x_3 v x_4)]
10,17,1,0.04829740524291992,0.16191768646240234,[(-x_1 v x_5 v -x_8) ^ (-x_1 v -x_4 v -x_6) ^ (-x_2 v -x_3 v x_8) ^ (x_9 v -x_8) ^ (-x_2 v -x_7 v -x_5) ^ (x_3 v -x_9 v x_2) ^ (-x_1 v -x_9 v x_7) ^ (x_6 v -x_8 v -x_0) ^ (-x_0 v x_7 v -x_3) ^ (x_1 v -x_5 v -x_0) ^ (-x_9 v -x_2 v -x_5) ^ (x_9 v x_7 v x_2) ^ (x_6 v x_5 v x_2) ^ (x_6 v x_9 v -x_2) ^ (-x_1 v x_6 v -x_3) ^ (x_2 v -x_8 v -x_0) ^ (-x_5 v -x_8)]
10,22,32,175.61855673789978,2.405691146850586,[(x_1 v -x_7 v -x_6) ^ (x_0 v -x_6 v -x_3) ^ (-x_1 v x_9 v x_7) ^ (-x_9 v -x_5 v -x_0) ^ (x_3 v -x_5 v -x_6) ^ (-x_4 v -x_2) ^ (x_3 v x_6 v -x_9) ^ (x_9 v x_7 v -x_6) ^ (-x_2 v x_7 v -x_0) ^ (x_0 v -x_1 v -x_5) ^ (-x_1 v -x_7 v x_0) ^ (x_6 v x_9 v -x_3) ^ (x_3 v -x_2 v -x_8) ^ (x_0 v x_6 v x_9) ^ (x_4 v x_5 v -x_3) ^ (x_3 v -x_5 v x_0) ^ (x_3 v x_6 v -x_7) ^ (x_1 v x_4 v x_7) ^ (x_6 v x_4 v -x_0) ^ (x_9 v x_2 v x_8) ^ (-x_4 v -x_5 v x_2) ^ (-x_7 v x_5 v -x_3)]
11,25,1,0.05899834632873535,0.20596027374267578,[(x_6 v x_10 v x_7) ^ (x_6 v x_2 v -x_3) ^ (-x_6 v x_4 v -x_3) ^ (x_0 v -x_7 v -x_6) ^ (x_0 v -x_2 v x_5) ^ (x_0 v -x_4 v x_10) ^ (x_6 v x_4 v x_8) ^ (x_1 v -x_4 v -x_7) ^ (-x_7 v -x_10 v x_8) ^ (-x_1 v x_7 v x_0) ^ (x_0 v -x_5 v x_8) ^ (-x_6 v x_8) ^ (x_1 v -x_10 v x_2) ^ (x_0 v -x_7 v x_8) ^ (-x_1 v -x_8 v -x_6) ^ (-x_4 v -x_10 v x_2) ^ (x_9 v x_10 v x_4) ^ (x_6 v x_1 v x_2) ^ (x_6 v -x_5 v x_2) ^ (-x_1 v x_6 v x_9) ^ (-x_6 v -x_8 v -x_0) ^ (-x_1 v x_10) ^ (x_9 v -x_5) ^ (x_1 v -x_4 v x_2) ^ (x_6 v x_9 v -x_8)]
11,25,46,309.21250438690186,3.5607519149780273,[(x_6 v x_10 v x_7) ^ (x_6 v -x_9 v x_5) ^ (-x_9 v x_4 v x_5) ^ (-x_5 v x_9 v x_10) ^ (-x_4 v -x_2) ^ (-x_1 v x_8) ^ (x_5 v -x_8 v -x_0) ^ (x_6 v x_1 v -x_8) ^ (x_6 v -x_10 v -x_2) ^ (x_0 v -x_7 v x_4) ^ (-x_4 v -x_5 v x_8) ^ (x_1 v -x_9 v -x_6) ^ (x_7 v -x_8 v x_4) ^ (-x_1 v x_7 v -x_8) ^ (x_6 v -x_4 v -x_3) ^ (x_9 v x_2) ^ (x_0 v -x_10 v x_5) ^ (-x_9 v x_10 v -x_3) ^ (x_0 v x_6 v -x_5) ^ (-x_1 v -x_3 v x_8) ^ (x_6 v -x_8 v -x_0) ^ (x_0 v x_9 v -x_5) ^ (x_0 v x_4 v -x_6) ^ (x_0 v -x_4) ^ (x_1 v -x_8)]
12,28,1,0.10930919647216797,0.19312667846679688,[(x_0 v x_5 v x_2) ^ (-x_9 v -x_2 v -x_3) ^ (x_6 v -x_7 v x_2) ^ (x_11 v -x_2 v -x_8) ^ (x_6 v x_1 v -x_11) ^ (-x_9 v -x_4 v -x_7) ^ (x_1 v x_9 v -x_6) ^ (x_11 v x_7 v -x_2) ^ (-x_11 v -x_2 v -x_6) ^ (x_11 v x_5 v -x_6) ^ (-x_9 v x_1 v -x_4) ^ (x_10 v -x_2 v x_4) ^ (x_11 v -x_9 v x_1) ^ (x_11 v -x_9 v x_8) ^ (x_11 v -x_7 v -x_0) ^ (-x_2 v -x_4 v -x_10) ^ (x_11 v x_1 v -x_5) ^ (-x_9 v x_10 v x_8) ^ (x_2 v -x_8) ^ (-x_2 v -x_0) ^ (x_3 v -x_2 v -x_6) ^ (x_8 v -x_4 v -x_3) ^ (x_4 v x_2 v -x_6) ^ (x_1 v x_7) ^ (x_1 v x_9 v -x_11) ^ (-x_10 v x_5 v -x_11) ^ (-x_10 v x_2 v -x_0) ^ (-x_7 v -x_8)]
12,18,64,353.62152767181396,3.9704465866088867,[(x_1 v -x_9 v -x_0) ^ (x_1 v -x_10 v -x_0) ^ (x_3 v -x_2 v -x_6) ^ (x_9 v -x_5 v x_2) ^ (x_7 v x_5 v -x_0) ^ (x_1 v x_4 v x_5) ^ (x_0 v -x_4 v x_10) ^ (-x_10 v x_5 v -x_6) ^ (-x_1 v -x_6) ^ (-x_5 v x_2 v -x_3) ^ (x_11 v -x_8 v -x_6) ^ (-x_1 v x_3) ^ (x_1 v x_9 v x_7) ^ (-x_1 v -x_9 v x_10) ^ (x_4 v x_7 v -x_11) ^ (x_7 v x_2 v -x_8) ^ (x_6 v -x_9 v x_8) ^ (x_3 v x_1 v x_9)]
13,25,1,0.0650336742401123,0.18410491943359375,[(x_3 v x_7 v -x_0) ^ (x_0 v x_12 v -x_7) ^ (-x_1 v -x_12 v x_2) ^ (-x_10 v x_4) ^ (-x_2 v -x_3 v x_4) ^ (x_8 v x_4 v -x_0) ^ (x_6 v -x_2 v -x_0) ^ (x_4 v x_8) ^ (-x_1 v -x_6) ^ (x_11 v x_9 v -x_5) ^ (-x_7 v x_4 v x_8) ^ (x_0 v x_5) ^ (x_9 v -x_4 v -x_5) ^ (-x_10 v x_4 v -x_8) ^ (x_12 v x_7 v x_8) ^ (-x_9 v -x_6 v x_8) ^ (-x_1 v x_4 v -x_8) ^ (x_12 v -x_10 v x_8) ^ (x_6 v -x_12 v -x_10) ^ (-x_12 v -x_9 v x_8) ^ (x_12 v x_10 v -x_0) ^ (-x_7 v -x_2 v -x_11) ^ (x_10 v x_5 v -x_3) ^ (-x_9 v -x_12 v x_2) ^ (x_11 v x_12 v -x_5)]
13,22,91,216.71182012557983,6.60106086730957,[(x_11 v -x_2 v -x_3) ^ (x_1 v x_9 v -x_7) ^ (x_11 v -x_1 v x_5) ^ (-x_1 v x_12) ^ (x_12 v -x_6 v -x_3) ^ (-x_7 v x_10 v x_2) ^ (x_9 v -x_10 v x_5) ^ (-x_1 v -x_12 v x_8) ^ (x_6 v -x_9 v x_12) ^ (x_6 v x_12 v x_10) ^ (x_5 v -x_3) ^ (x_11 v -x_1 v -x_8) ^ (-x_1 v x_5 v -x_11) ^ (-x_12 v -x_6 v -x_11) ^ (x_12 v -x_7 v -x_0) ^ (-x_9 v -x_8 v -x_3) ^ (x_0 v -x_10 v -x_8) ^ (x_0 v x_5 v x_8) ^ (x_11 v x_10 v x_3) ^ (x_1 v x_9 v x_8) ^ (x_11 v x_0 v -x_6) ^ (x_4 v x_5 v -x_6)]
5,11,1,0.07003235816955566,1.0416526794433594,[(x_3 v -x_2) ^ (-x_0 v -x_3) ^ (-x_1 v -x_4 v -x_0) ^ (x_0 v -x_4 v x_2) ^ (x_0 v -x_4 v -x_2) ^ (-x_4 v -x_2) ^ (-x_1 v -x_0) ^ (x_3 v x_1 v x_4) ^ (-x_1 v -x_2 v -x_0) ^ (x_3 v x_2 v x_0) ^ (-x_1 v x_4 v x_3)]
5,7,6,0.05340766906738281,0.2677927017211914,[(x_0 v -x_3) ^ (x_3 v -x_1 v -x_0) ^ (x_3 v -x_1 v x_4) ^ (-x_1 v x_4 v x_2) ^ (x_0 v x_4 v x_3) ^ (-x_1 v -x_4 v x_2) ^ (x_4 v x_2)]
6,11,1,0.042124032974243164,0.1396026611328125,[(x_4 v x_2 v -x_3) ^ (x_1 v x_5) ^ (x_0 v -x_2) ^ (x_1 v x_4) ^ (x_4 v x_5 v -x_3) ^ (-x_1 v x_5 v -x_3) ^ (x_1 v -x_2 v x_5) ^ (x_4 v x_5) ^ (x_0 v -x_4 v x_2) ^ (x_3 v -x_5 v x_2) ^ (-x_4 v x_5 v -x_0)]
6,13,8,0.0671989917755127,0.4184255599975586,[(x_1 v x_2 v x_5) ^ (-x_2 v x_4) ^ (-x_5 v -x_2 v -x_0) ^ (x_1 v -x_2 v -x_5) ^ (x_3 v x_4 v x_5) ^ (-x_1 v -x_2 v -x_3) ^ (-x_1 v -x_5) ^ (-x_5 v x_2 v -x_3) ^ (-x_1 v -x_5 v -x_0) ^ (-x_0 v -x_5 v x_4) ^ (-x_5 v -x_3 v x_4) ^ (x_3 v x_4) ^ (-x_4 v -x_5 v -x_3)]
7,8,1,0.04749917984008789,0.12470531463623047,[(-x_1 v -x_2) ^ (-x_4 v x_5 v -x_6) ^ (x_3 v -x_1 v -x_0) ^ (-x_2 v x_5 v -x_0) ^ (x_1 v -x_5 v x_2) ^ (x_4 v -x_6) ^ (-x_1 v -x_5 v -x_0) ^ (-x_5 v x_2 v -x_0)]
7,21,12,0.13320350646972656,0.8984041213989258,[(-x_1 v x_5) ^ (-x_4 v -x_2 v -x_6) ^ (-x_1 v -x_5 v x_2) ^ (x_0 v x_6) ^ (-x_2 v -x_5 v -x_6) ^ (x_1 v -x_4) ^ (x_6 v -x_5 v -x_2) ^ (x_6 v x_5 v -x_0) ^ (x_3 v x_4 v -x_6) ^ (x_0 v x_6 v x_2) ^ (-x_5 v x_2) ^ (-x_5 v x_4 v -x_3) ^ (x_0 v -x_1 v x_5) ^ (-x_2 v -x_5 v -x_0) ^ (x_1 v -x_5) ^ (-x_4 v x_2 v -x_0) ^ (-x_2 v -x_3 v -x_6) ^ (x_5) ^ (-x_4 v x_2 v x_5) ^ (x_3 v x_5 v -x_6) ^ (-x_1 v x_2 v -x_6)]
8,11,1,0.11358976364135742,0.172210693359375,[(x_3 v -x_5 v -x_6) ^ (x_5 v -x_4 v x_2) ^ (x_3 v -x_5 v x_4) ^ (x_0 v x_1 v -x_5) ^ (-x_5 v -x_2 v x_4) ^ (x_0 v x_4 v -x_2) ^ (x_6 v x_4 v x_5) ^ (-x_1 v x_6 v x_5) ^ (-x_7 v -x_5 v -x_3) ^ (x_5 v x_2 v -x_3) ^ (x_0 v x_4 v x_7)]
8,23,16,0.3166999816894531,1.3758516311645508,[(-x_1 v x_6 v -x_7) ^ (-x_4 v -x_2 v -x_6) ^ (x_0 v -x_7 v -x_6) ^ (x_0 v -x_6) ^ (x_0 v x_6 v -x_4) ^ (x_1 v -x_4 v x_7) ^ (-x_5 v x_7 v x_4) ^ (-x_1 v -x_5 v x_3) ^ (-x_7 v -x_5 v x_2) ^ (x_0 v -x_7 v -x_2) ^ (x_0 v -x_2 v x_7) ^ (-x_4 v x_7) ^ (x_3 v x_1) ^ (-x_0 v x_4 v -x_3) ^ (-x_4 v x_5 v -x_3) ^ (-x_1 v -x_7 v x_0) ^ (x_1 v x_2 v -x_0) ^ (x_3 v x_2 v -x_0) ^ (x_0 v x_1 v -x_4) ^ (x_0 v x_1 v x_7) ^ (-x_2 v -x_4 v -x_5) ^ (-x_4 v x_2 v -x_0) ^ (x_6 v -x_7 v -x_3)]
9,16,1,0.04354119300842285,0.1559457778930664,[(x_1 v -x_7 v -x_6) ^ (x_1 v x_7 v -x_3) ^ (-x_0 v x_4 v -x_6) ^ (x_3 v x_1 v -x_8) ^ (x_2 v -x_0) ^ (x_3 v x_0 v x_8) ^ (-x_6 v x_4 v -x_3) ^ (x_1 v x_2 v -x_8) ^ (-x_1 v -x_2 v x_8) ^ (x_0 v -x_2 v -x_8) ^ (x_3 v -x_1 v -x_8) ^ (x_1 v x_2 v -x_3) ^ (-x_7 v -x_5 v -x_6) ^ (-x_2 v -x_3) ^ (-x_7 v -x_6 v -x_0) ^ (-x_1 v -x_7 v x_8)]
9,18,23,0.4753570556640625,1.3343191146850586,[(x_0 v x_5 v x_3) ^ (-x_1 v x_6) ^ (x_3 v -x_5 v -x_0) ^ (-x_4 v -x_5 v -x_0) ^ (-x_7 v x_5 v x_8) ^ (-x_1 v x_2 v -x_3) ^ (x_3 v -x_1 v x_5) ^ (-x_0 v x_7 v x_8) ^ (x_0 v -x_1 v x_4) ^ (x_3 v x_1 v -x_7) ^ (x_4 v x_5 v x_8) ^ (-x_4) ^ (-x_5 v x_8) ^ (-x_1 v x_5 v -x_6) ^ (x_3 v x_6) ^ (-x_2 v x_5 v x_8) ^ (-x_7 v x_2 v x_8) ^ (-x_7 v -x_5 v x_2)]
10,18,1,0.10918474197387695,0.47179222106933594,[(x_4 v x_2 v x_8) ^ (x_0 v -x_6 v -x_3) ^ (-x_1 v x_0) ^ (x_9 v x_2 v -x_7) ^ (x_6 v x_9 v -x_0) ^ (-x_0 v -x_9 v -x_3) ^ (-x_7 v -x_5) ^ (x_1 v x_7 v -x_5) ^ (x_0 v x_1 v -x_6) ^ (-x_7 v -x_2 v x_4) ^ (x_3 v -x_9 v -x_4) ^ (-x_0 v -x_6) ^ (-x_1 v -x_5 v -x_0) ^ (-x_9 v x_8 v -x_6) ^ (x_3 v x_1 v -x_6) ^ (x_4 v -x_3) ^ (x_6 v x_8) ^ (x_1 v -x_8 v -x_6)]
10,17,32,36.40202593803406,1.6921005249023438,[(x_6 v -x_9 v -x_7) ^ (x_6 v -x_4 v -x_2) ^ (x_3 v x_2 v -x_0) ^ (x_0 v -x_7 v -x_6) ^ (-x_9 v -x_5 v -x_6) ^ (x_9 v -x_7 v -x_3) ^ (-x_5 v -x_8 v x_4) ^ (-x_1 v -x_5) ^ (-x_2 v x_5 v -x_0) ^ (-x_4 v -x_2 v -x_3) ^ (x_6 v -x_4 v -x_8) ^ (-x_4 v -x_5 v -x_6) ^ (x_0 v x_9 v -x_5) ^ (x_0 v x_9 v -x_6) ^ (x_2 v -x_8 v -x_0) ^ (x_0 v -x_5) ^ (x_4 v x_2 v x_8)]
11,15,1,0.04626321792602539,0.15670204162597656,[(x_6 v -x_5 v x_8) ^ (x_0 v x_6 v x_1) ^ (-x_7 v x_10 v x_5) ^ (x_6 v x_9 v -x_3) ^ (x_0 v -x_9 v -x_4) ^ (-x_4 v x_7 v -x_0) ^ (-x_10 v -x_8 v -x_3) ^ (x_10 v -x_0) ^ (-x_6 v x_7 v -x_0) ^ (-x_4 v x_5) ^ (x_1 v -x_8 v -x_0) ^ (x_1 v x_5 v -x_3) ^ (x_4 v x_2 v x_8) ^ (x_0 v -x_10 v -x_5) ^ (-x_4 v -x_7 v -x_3)]
11,27,46,inf,4.1287078857421875,[(x_8 v -x_0) ^ (-x_2 v -x_5 v -x_3) ^ (x_1 v -x_2 v -x_5) ^ (x_10 v x_2 v -x_0) ^ (-x_4 v -x_2 v -x_0) ^ (-x_1 v x_5 v -x_0) ^ (x_0 v -x_9) ^ (x_4 v x_5 v -x_8) ^ (x_6 v x_10 v x_8) ^ (-x_2 v x_10 v x_8) ^ (-x_5 v x_2 v x_4) ^ (-x_9 v -x_4 v -x_10) ^ (x_10 v -x_3) ^ (-x_9 v x_1 v -x_6) ^ (x_3 v -x_5 v x_7) ^ (x_3 v x_1 v x_5) ^ (x_3 v x_9 v x_2) ^ (-x_10 v x_5 v -x_3) ^ (x_0 v x_1 v x_9) ^ (-x_10 v -x_6 v -x_0) ^ (x_0 v x_6 v x_10) ^ (-x_1 v -x_9 v x_5) ^ (-x_1 v -x_2 v x_5) ^ (x_0 v -x_4 v x_2) ^ (x_3 v x_4) ^ (x_3 v -x_4 v -x_7) ^ (x_0 v -x_4 v x_8)]
12,25,1,0.08104920387268066,0.1821298599243164,[(x_1 v -x_3) ^ (x_1 v -x_10 v -x_2) ^ (x_3 v -x_10 v -x_2) ^ (x_3 v x_2 v -x_8) ^ (x_3 v x_4 v -x_11) ^ (x_3 v -x_7 v x_4) ^ (-x_7 v -x_5 v -x_11) ^ (-x_4 v -x_10) ^ (x_1 v x_2 v -x_0) ^ (-x_1 v x_7 v -x_8) ^ (x_10 v -x_5 v -x_6) ^ (-x_9 v x_10 v x_8) ^ (x_1 v -x_10 v x_4) ^ (x_11 v -x_5) ^ (-x_9 v -x_8 v -x_3) ^ (x_10 v x_5 v -x_8) ^ (-x_10 v -x_2 v x_5) ^ (-x_1 v -x_9) ^ (x_9 v -x_10 v x_4) ^ (-x_1 v x_6 v -x_10) ^ (x_2 v -x_3) ^ (x_11 v -x_2) ^ (-x_5 v x_7 v -x_8) ^ (x_11 v -x_9 v x_7) ^ (x_6 v -x_7 v -x_8)]
12,19,64,133.6216037273407,4.046402931213379,[(-x_5 v -x_2 v -x_0) ^ (x_3 v x_0 v -x_11) ^ (x_1 v -x_5 v -x_11) ^ (x_0 v x_4) ^ (-x_1 v -x_6 v -x_11) ^ (x_11 v x_5 v -x_3) ^ (x_3 v -x_9 v -x_8) ^ (x_3 v x_2 v x_11) ^ (x_6 v x_4) ^ (x_0 v x_6 v -x_10) ^ (x_1 v -x_9 v -x_2) ^ (x_2 v -x_8 v -x_3) ^ (x_10 v x_2 v x_7) ^ (x_3 v -x_2 v -x_6) ^ (x_9 v -x_6) ^ (x_0 v -x_9 v x_2) ^ (-x_1 v x_9 v -x_7) ^ (-x_9 v x_7 v x_5) ^ (x_10 v -x_8 v x_4)]
13,22,1,0.059099435806274414,0.1741495132446289,[(x_1 v -x_2 v -x_5) ^ (x_0 v -x_2 v x_5) ^ (x_4 v x_7 v -x_8) ^ (x_12 v -x_4) ^ (x_6 v x_2 v -x_11) ^ (x_1 v -x_9 v -x_11) ^ (-x_10 v -x_5 v -x_0) ^ (x_11 v x_9 v -x_0) ^ (x_0 v x_6 v -x_9) ^ (-x_10 v x_4 v x_5) ^ (x_11 v x_6 v x_10) ^ (x_3 v -x_7 v -x_2) ^ (x_9 v x_10) ^ (-x_1 v -x_4 v -x_5) ^ (-x_1 v -x_9 v -x_0) ^ (x_5 v -x_8 v -x_6) ^ (x_11 v -x_9 v -x_7) ^ (x_1 v -x_9 v x_4) ^ (-x_1 v -x_5) ^ (-x_10 v -x_8 v -x_11) ^ (x_9 v x_5 v -x_3) ^ (x_1 v -x_3 v x_8)]
13,28,91,inf,8.112743377685547,[(x_3 v x_10 v x_11) ^ (-x_1 v x_3 v -x_11) ^ (x_11 v x_1 v -x_6) ^ (x_0 v -x_7 v -x_6) ^ (-x_4 v x_10 v x_7) ^ (x_3 v -x_9 v x_2) ^ (x_0 v x_10 v -x_5) ^ (x_6 v -x_2 v x_4) ^ (-x_12 v -x_4 v -x_6) ^ (x_11 v -x_4 v x_3) ^ (x_0 v x_3 v x_5) ^ (x_1 v -x_10 v -x_3) ^ (-x_11 v x_8) ^ (-x_9 v x_12 v -x_6) ^ (-x_1 v x_2 v -x_0) ^ (-x_1 v x_12 v x_11) ^ (x_1 v -x_12 v -x_8) ^ (x_0 v -x_12) ^ (x_10 v x_5 v x_4) ^ (-x_9 v -x_10 v -x_0) ^ (x_1 v x_12 v x_7) ^ (-x_7 v -x_0) ^ (-x_1 v x_10 v x_8) ^ (x_6 v x_9 v -x_0) ^ (-x_10 v -x_5 v x_7) ^ (-x_4 v x_9 v x_2) ^ (-x_9 v -x_7 v -x_2) ^ (-x_4 v x_7 v -x_8)]
5,5,1,0.07059884071350098,1.0238761901855469,[(x_1 v -x_4 v -x_0) ^ (x_4 v x_2 v -x_3) ^ (x_3 v -x_1) ^ (-x_1 v -x_4 v -x_0) ^ (-x_1 v -x_4 v x_2)]
5,11,6,0.058130741119384766,0.3773460388183594,[(x_3 v x_4 v x_2) ^ (x_3 v x_1 v -x_2) ^ (x_3 v -x_2 v x_0) ^ (x_0 v x_1 v -x_4) ^ (x_3 v -x_1 v -x_0) ^ (x_3 v x_0) ^ (-x_1 v x_4 v x_0) ^ (-x_2 v -x_3 v x_4) ^ (-x_1 v x_3) ^ (x_0 v -x_1 v -x_4) ^ (-x_1 v x_4 v -x_0)]
6,11,1,0.038573265075683594,0.1447010040283203,[(x_0 v x_5 v x_2) ^ (x_3 v -x_1 v x_2) ^ (x_0 v x_4 v x_2) ^ (x_1 v -x_2 v -x_3) ^ (x_3 v -x_1 v x_4) ^ (x_3 v -x_1 v -x_0) ^ (-x_2 v x_5 v -x_0) ^ (x_1 v -x_5 v x_2) ^ (-x_1 v x_5 v -x_0) ^ (-x_1 v -x_3 v x_0) ^ (-x_1 v -x_2 v x_4)]
6,7,8,0.05113863945007324,0.27897167205810547,[(-x_2 v x_4) ^ (x_3 v -x_2) ^ (-x_5 v x_4) ^ (-x_1 v -x_4 v x_0) ^ (x_1 v -x_4 v x_2) ^ (x_3 v x_1 v x_5) ^ (x_1 v x_4 v -x_3)]
7,7,1,0.040154218673706055,0.12798023223876953,[(-x_1 v x_4) ^ (x_1 v -x_5 v -x_3) ^ (x_1 v -x_5 v x_2) ^ (x_6 v x_2 v -x_0) ^ (x_0 v -x_1 v -x_3) ^ (-x_0 v -x_2 v x_4) ^ (x_3 v x_1 v x_5)]
7,10,12,0.07715654373168945,0.41882991790771484,[(x_3 v x_5) ^ (x_1 v x_4 v x_2) ^ (-x_5 v -x_2 v -x_0) ^ (x_2 v -x_3) ^ (x_0 v -x_2) ^ (x_3 v -x_2 v x_4) ^ (x_3 v -x_6 v -x_0) ^ (x_6 v x_4 v -x_3) ^ (x_3 v x_0) ^ (x_3 v -x_5)]
8,8,1,0.04312705993652344,0.13287067413330078,[(x_7 v x_5 v x_4) ^ (x_7 v x_4 v -x_0) ^ (-x_2 v -x_5) ^ (x_6 v x_2) ^ (-x_7 v x_2 v -x_0) ^ (x_1 v -x_0) ^ (x_3 v x_6 v -x_0) ^ (-x_4 v -x_5 v x_7)]
8,14,16,0.24576544761657715,0.7275381088256836,[(x_0 v x_4 v x_5) ^ (-x_7 v -x_2) ^ (-x_2 v x_5 v x_7) ^ (x_1 v x_7 v x_2) ^ (x_7 v x_5 v -x_3) ^ (-x_1 v x_2 v -x_3) ^ (-x_2 v x_5 v -x_6) ^ (-x_7 v x_2) ^ (x_6 v -x_7 v x_4) ^ (-x_4 v -x_5 v -x_6) ^ (x_1 v x_7 v -x_0) ^ (x_6 v x_5 v -x_0) ^ (-x_7 v -x_5 v x_4) ^ (-x_7 v x_4)]
9,13,1,0.0450742244720459,0.14585590362548828,[(-x_6 v -x_0) ^ (-x_4 v -x_7 v -x_8) ^ (x_3 v -x_0 v -x_6) ^ (-x_6 v -x_2 v -x_0) ^ (x_5 v -x_8 v -x_6) ^ (x_7 v x_2 v -x_3) ^ (-x_1 v -x_4) ^ (-x_1 v -x_5 v -x_3) ^ (x_6 v -x_5) ^ (-x_1 v -x_7) ^ (x_6 v -x_7 v x_5) ^ (x_6 v x_1 v x_2) ^ (-x_1 v x_4 v -x_0)]
9,26,23,0.7845714092254639,1.9451208114624023,[(x_8 v -x_2 v x_4) ^ (x_1 v x_2 v -x_6) ^ (-x_4 v -x_5 v -x_0) ^ (x_7 v x_5 v -x_3) ^ (-x_6 v x_2 v x_8) ^ (x_1 v -x_2 v x_5) ^ (-x_4 v -x_2 v -x_8) ^ (x_1 v -x_3 v -x_0) ^ (-x_1 v -x_7 v -x_0) ^ (x_0 v x_1 v -x_6) ^ (-x_1 v -x_6 v x_0) ^ (-x_4 v -x_8 v -x_3) ^ (-x_4 v -x_3) ^ (-x_7 v x_2 v x_8) ^ (x_2 v x_5 v -x_0) ^ (-x_0 v x_4 v x_8) ^ (x_0 v x_5 v -x_6) ^ (x_0 v x_6 v -x_5) ^ (-x_1 v x_7 v x_8) ^ (x_2 v -x_8 v -x_3) ^ (x_0 v x_7) ^ (x_7 v -x_3) ^ (-x_1 v -x_4 v -x_0) ^ (x_1 v -x_5 v -x_6) ^ (-x_1 v x_6 v x_5) ^ (x_3 v -x_7 v -x_8)]
10,14,1,0.04853415489196777,0.15306949615478516,[(-x_1 v x_2 v -x_3) ^ (x_9 v -x_2 v x_7) ^ (x_3 v x_6 v x_4) ^ (x_2 v -x_3 v -x_0) ^ (-x_9 v -x_7 v x_8) ^ (x_3 v -x_4 v -x_5) ^ (-x_1 v -x_4) ^ (-x_4 v x_2 v -x_3) ^ (x_3 v -x_6 v x_8) ^ (x_3 v -x_7 v x_4) ^ (x_3 v -x_7 v x_2) ^ (x_3 v x_1 v x_5) ^ (-x_4 v x_7 v -x_3) ^ (x_3 v x_9 v -x_5)]
10,21,32,1.7475371360778809,2.213412284851074,[(x_9 v x_4 v -x_3) ^ (-x_4 v -x_2 v -x_6) ^ (-x_9 v x_4 v x_5) ^ (x_6 v x_7) ^ (x_0 v x_9) ^ (x_4 v x_5 v x_8) ^ (x_1 v -x_2) ^ (x_9 v x_5 v x_8) ^ (x_2 v x_7 v x_5) ^ (x_6 v -x_5 v x_2) ^ (-x_1 v x_6 v x_2) ^ (-x_9 v -x_4) ^ (x_1 v x_7 v -x_6) ^ (-x_4 v -x_5 v -x_7) ^ (x_4 v -x_8 v -x_3) ^ (x_7 v x_2 v -x_6) ^ (-x_1 v -x_4 v -x_5) ^ (x_7 v x_5 v -x_0) ^ (x_6 v x_5 v x_8) ^ (x_9 v x_5) ^ (x_0 v -x_4 v x_8)]
11,17,1,0.0438532829284668,0.1582469940185547,[(x_0 v -x_4 v -x_7) ^ (-x_1 v x_4) ^ (x_1 v -x_4 v -x_5) ^ (-x_4 v x_10 v -x_6) ^ (x_6 v x_9 v x_4) ^ (x_9 v x_7 v -x_8) ^ (x_3 v x_5 v x_2) ^ (x_5 v x_2) ^ (-x_7 v -x_10 v -x_0) ^ (-x_4 v -x_8) ^ (x_6 v -x_8 v -x_3) ^ (x_6 v -x_9 v x_5) ^ (-x_9 v -x_4 v -x_10) ^ (-x_1 v x_4 v -x_8) ^ (-x_8) ^ (x_5 v x_2 v -x_3) ^ (x_6 v x_10 v x_8)]
11,15,46,41.40715932846069,2.1289281845092773,[(-x_9 v x_10 v -x_6) ^ (-x_1 v -x_10 v -x_0) ^ (x_0 v -x_4 v x_10) ^ (-x_2 v -x_7 v -x_5) ^ (x_3 v -x_1 v x_4) ^ (x_3 v -x_9 v -x_5) ^ (x_3 v x_6 v -x_7) ^ (x_6 v -x_7 v -x_2) ^ (-x_4 v x_5) ^ (-x_1 v -x_2 v -x_6) ^ (-x_4 v x_2) ^ (x_0 v x_10) ^ (-x_7 v -x_3) ^ (-x_4 v -x_8 v -x_0) ^ (x_0 v x_8)]
12,32,1,0.0818018913269043,0.2080392837524414,[(-x_1 v -x_5 v -x_2) ^ (x_0 v -x_4 v x_2) ^ (x_1 v -x_3) ^ (-x_1 v x_10 v x_5) ^ (x_1 v -x_7 v -x_8) ^ (-x_9 v -x_7 v -x_5) ^ (-x_4 v -x_5 v -x_6) ^ (x_9 v -x_2 v x_8) ^ (x_11 v -x_10 v -x_3) ^ (x_6 v -x_4 v -x_5) ^ (-x_9 v -x_2 v -x_11) ^ (-x_1 v -x_7 v x_2) ^ (-x_7 v -x_5 v x_8) ^ (-x_4 v x_5 v -x_7) ^ (x_3 v x_6 v x_2) ^ (-x_1 v -x_3 v -x_6) ^ (x_1 v -x_10 v -x_5) ^ (-x_10 v -x_8) ^ (x_3 v x_2 v x_11) ^ (-x_7 v x_10 v -x_6) ^ (x_3 v -x_10 v x_7) ^ (x_8 v -x_5 v x_4) ^ (-x_0 v x_10 v -x_3) ^ (-x_11 v -x_6 v -x_0) ^ (-x_1 v x_6 v x_4) ^ (x_0 v x_2 v x_8) ^ (-x_1 v -x_4 v x_5) ^ (x_1 v -x_2 v x_4) ^ (-x_10 v x_5 v -x_11) ^ (x_0 v -x_4) ^ (x_6 v x_8) ^ (-x_4 v x_2 v -x_8)]
12,31,64,inf,6.452714920043945,[(-x_1 v x_6 v x_11) ^ (x_6 v x_2 v -x_8) ^ (-x_2 v x_5 v -x_6) ^ (x_9 v x_4 v x_2) ^ (x_1 v -x_4 v x_5) ^ (x_9 v -x_10 v x_8) ^ (x_9 v x_7 v -x_0) ^ (-x_9 v -x_4 v -x_2) ^ (x_3 v x_2 v -x_8) ^ (-x_9 v -x_8 v -x_6) ^ (x_9 v x_4 v x_5) ^ (x_3 v -x_10 v -x_5) ^ (x_0 v -x_7 v -x_3) ^ (x_0 v -x_9 v -x_3) ^ (-x_0 v x_4 v x_8) ^ (x_6 v -x_5 v x_2) ^ (x_0 v -x_7 v x_11) ^ (x_1 v x_4 v -x_0) ^ (-x_10 v x_2 v -x_8) ^ (-x_10 v -x_3) ^ (x_3 v -x_1 v -x_4) ^ (-x_1 v -x_9 v -x_0) ^ (x_1 v x_10 v x_2) ^ (x_0 v -x_9 v -x_11) ^ (x_11 v x_10) ^ (x_6 v -x_9 v -x_2) ^ (-x_11 v -x_3 v -x_0) ^ (x_3 v x_10 v -x_0) ^ (x_0 v -x_5 v -x_11) ^ (-x_9 v x_1 v -x_6) ^ (x_11 v -x_2 v x_5)]
13,21,1,0.0932004451751709,0.1764822006225586,[(-x_12 v -x_9 v x_4) ^ (x_5 v -x_3 v -x_6) ^ (x_12 v x_7 v -x_10) ^ (x_3 v x_8 v -x_6) ^ (x_12 v x_7 v x_2) ^ (x_6 v x_12 v -x_5) ^ (-x_9 v x_12 v -x_11) ^ (-x_12 v x_1 v -x_5) ^ (x_3 v x_2 v -x_11) ^ (x_11 v x_6 v -x_4) ^ (-x_4 v -x_2 v x_8) ^ (x_9 v -x_8 v -x_6) ^ (-x_4 v -x_5 v x_8) ^ (-x_1 v -x_8 v x_0) ^ (-x_7 v -x_5) ^ (x_12 v x_9 v x_8) ^ (x_11 v -x_4) ^ (x_6 v -x_12 v x_5) ^ (x_6 v -x_12 v -x_10) ^ (-x_12 v -x_2 v -x_8) ^ (x_9 v -x_2 v -x_7)]
13,22,91,122.08040761947632,6.302776336669922,[(x_1 v -x_7 v -x_6) ^ (x_11 v -x_7 v x_8) ^ (-x_10 v x_7) ^ (x_11 v x_12 v x_0) ^ (x_3 v -x_8) ^ (x_11 v x_9 v x_4) ^ (-x_1 v -x_12 v -x_8) ^ (x_11 v -x_4 v x_10) ^ (-x_0 v -x_9 v -x_6) ^ (x_11 v x_1 v -x_4) ^ (x_6 v x_1 v x_7) ^ (-x_0 v x_5 v -x_6) ^ (-x_6 v x_5 v -x_11) ^ (-x_10 v -x_3) ^ (x_9 v -x_10 v -x_11) ^ (-x_1 v -x_9) ^ (x_9 v -x_7 v x_8) ^ (-x_1 v x_10 v -x_3) ^ (x_3 v x_10 v x_2) ^ (-x_9 v x_10 v x_5) ^ (x_4 v -x_8 v -x_0) ^ (x_0 v x_10 v x_3)]
5,11,1,0.06977510452270508,1.042348861694336,[(-x_2 v x_4) ^ (-x_1 v x_4) ^ (x_3 v x_1 v -x_2) ^ (-x_4 v -x_2) ^ (x_3 v x_1 v x_0) ^ (x_0 v -x_1 v -x_2) ^ (x_4 v -x_0) ^ (-x_1 v -x_3 v x_0) ^ (x_0 v x_2 v -x_3) ^ (x_3 v -x_1 v -x_2) ^ (-x_1 v -x_2 v x_3)]
5,15,6,0.6891958713531494,0.8402557373046875,[(-x_2 v x_4) ^ (x_3 v -x_0) ^ (x_1 v x_4) ^ (x_3 v -x_2 v x_0) ^ (x_0 v -x_1) ^ (-x_1 v -x_2 v -x_3) ^ (-x_1 v -x_4) ^ (x_0 v x_3) ^ (x_3 v x_0) ^ (x_1 v -x_4 v -x_3) ^ (x_0 v x_1 v -x_2) ^ (x_0 v -x_4 v -x_3) ^ (x_0 v x_1 v -x_3) ^ (x_3 v x_2 v x_0) ^ (-x_1 v x_4 v x_3)]
6,8,1,0.09611868858337402,0.2654457092285156,[(-x_4 v -x_5 v -x_0) ^ (x_3 v -x_1 v x_5) ^ (x_1 v -x_3) ^ (-x_2 v -x_3 v -x_0) ^ (x_3 v x_1 v x_0) ^ (x_3 v -x_2 v x_5) ^ (x_3 v -x_1 v x_0) ^ (-x_5 v x_4 v -x_0)]
6,13,8,0.06960773468017578,0.4396982192993164,[(-x_2 v -x_0) ^ (x_0 v -x_5 v -x_3) ^ (x_4 v x_5 v -x_3) ^ (x_1 v -x_5 v x_4) ^ (-x_2) ^ (x_3 v -x_4 v -x_5) ^ (-x_1 v -x_5) ^ (x_0 v -x_5 v x_4) ^ (-x_4 v x_2 v -x_3) ^ (x_1 v x_5 v -x_0) ^ (-x_4 v -x_2 v -x_3) ^ (x_0 v x_1 v -x_3) ^ (x_3 v x_4 v -x_0)]
7,8,1,0.04261493682861328,0.12158012390136719,[(-x_5 v -x_6) ^ (-x_4 v x_2 v -x_6) ^ (-x_1 v x_4) ^ (x_6 v -x_2) ^ (x_3 v -x_4 v -x_6) ^ (-x_5 v -x_2) ^ (-x_2 v x_4 v -x_0) ^ (x_0 v -x_1 v -x_4)]
7,21,12,0.17245149612426758,0.9617528915405273,[(x_5 v -x_3 v -x_0) ^ (x_0 v x_4) ^ (x_6 v x_2 v -x_3) ^ (x_3 v x_4 v x_5) ^ (x_6 v -x_2 v x_4) ^ (-x_5 v -x_6) ^ (-x_1 v -x_4 v -x_6) ^ (x_6 v -x_2 v x_5) ^ (-x_0 v -x_2 v x_4) ^ (x_6 v x_1 v -x_3) ^ (x_2 v x_5) ^ (x_0 v -x_1) ^ (x_3 v x_1 v -x_6) ^ (-x_4 v -x_3 v -x_0) ^ (x_0 v x_1 v x_4) ^ (-x_1 v -x_4 v -x_5) ^ (x_4 v x_2 v -x_6) ^ (x_0 v -x_1 v -x_2) ^ (-x_2 v -x_3 v -x_6) ^ (-x_1 v x_6 v x_5) ^ (x_3 v -x_2 v -x_0)]
8,20,1,0.05577898025512695,0.16475963592529297,[(x_7 v x_2) ^ (-x_4 v x_2 v -x_3) ^ (x_3 v -x_5) ^ (-x_1 v -x_7 v x_2) ^ (-x_1 v -x_5 v x_3) ^ (x_6 v x_1 v -x_0) ^ (x_1 v -x_7 v -x_2) ^ (x_6 v -x_4 v -x_7) ^ (-x_1 v x_4 v -x_0) ^ (x_2 v -x_0) ^ (x_3 v -x_7 v -x_2) ^ (x_0 v x_2) ^ (-x_1 v x_6 v -x_4) ^ (x_0 v -x_2 v -x_6) ^ (-x_2 v -x_0) ^ (x_3 v -x_2 v -x_6) ^ (-x_5 v -x_3 v -x_0) ^ (x_0 v x_6 v x_5) ^ (-x_1 v -x_7) ^ (x_3 v x_4 v -x_0)]
8,8,16,0.1197664737701416,0.5123310089111328,[(x_0 v -x_1 v x_4) ^ (x_6 v -x_2) ^ (-x_6 v x_7 v -x_3) ^ (x_3 v -x_1 v -x_7) ^ (x_0 v x_7 v x_2) ^ (-x_1 v -x_7 v x_0) ^ (x_6 v x_1 v x_7) ^ (-x_5 v x_2 v -x_0)]
9,24,1,0.16248750686645508,0.3665885925292969,[(x_0 v x_7 v x_4) ^ (x_3 v -x_4 v x_2) ^ (-x_1 v -x_2 v -x_3) ^ (-x_4 v -x_7) ^ (x_3 v -x_1 v -x_2) ^ (x_4 v x_7 v x_8) ^ (-x_7 v x_2 v -x_3) ^ (x_4 v -x_8 v -x_6) ^ (x_0 v x_3 v -x_6) ^ (-x_2 v x_7 v x_4) ^ (-x_2 v -x_3 v -x_0) ^ (x_3 v -x_2 v x_5) ^ (x_6 v x_1 v -x_8) ^ (x_2 v -x_8 v -x_6) ^ (x_0 v x_4 v x_7) ^ (-x_1 v x_6) ^ (x_6 v x_1 v x_8) ^ (x_5 v x_7 v x_2) ^ (x_0 v -x_7) ^ (x_3 v x_4 v x_2) ^ (x_0 v -x_1 v -x_2) ^ (-x_1 v x_8 v -x_3) ^ (x_3 v x_4) ^ (-x_7 v x_4 v -x_0)]
9,24,23,0.7494490146636963,1.8297929763793945,[(-x_1 v -x_2 v -x_8) ^ (x_7 v x_5 v -x_3) ^ (x_3 v -x_4 v x_8) ^ (x_7 v x_5 v -x_8) ^ (-x_4 v -x_2 v -x_0) ^ (x_3 v x_6 v -x_2) ^ (x_0 v x_1 v x_5) ^ (x_1 v -x_2 v x_7) ^ (x_0 v -x_7 v x_2) ^ (x_0 v -x_5 v -x_2) ^ (x_4 v -x_6) ^ (x_5 v -x_3) ^ (-x_1 v -x_8 v -x_0) ^ (x_0 v x_6 v x_2) ^ (-x_1 v x_7 v -x_8) ^ (x_0 v -x_5 v x_4) ^ (x_6 v x_7 v x_2) ^ (x_3 v x_8 v -x_0) ^ (x_6 v -x_5) ^ (-x_0 v -x_4 v -x_3) ^ (x_3 v x_1 v -x_7) ^ (-x_7 v -x_2 v -x_6) ^ (x_6 v -x_7 v -x_8) ^ (-x_4 v x_7 v -x_8)]
10,29,1,0.12296319007873535,0.32962512969970703,[(-x_7 v x_5 v x_8) ^ (-x_7 v x_8) ^ (x_3 v x_4 v x_0) ^ (x_0 v x_9 v x_3) ^ (x_1 v -x_2 v -x_8) ^ (-x_2 v -x_5 v x_4) ^ (-x_1 v -x_8 v -x_6) ^ (-x_0 v -x_6 v x_8) ^ (x_3 v x_7) ^ (-x_2 v -x_6) ^ (-x_9 v -x_6 v -x_0) ^ (x_3 v x_4 v -x_6) ^ (-x_7 v x_4) ^ (x_6 v -x_2 v x_8) ^ (-x_1 v x_9 v x_5) ^ (x_1 v x_9) ^ (x_3 v x_1 v x_4) ^ (x_1 v x_4 v x_5) ^ (-x_9 v -x_4 v x_8) ^ (x_1 v x_9 v x_5) ^ (x_5 v x_4 v x_2) ^ (x_0 v x_1 v x_4) ^ (-x_6 v x_2 v -x_0) ^ (x_0 v x_7) ^ (-x_1 v -x_4 v -x_0) ^ (x_3 v x_9) ^ (x_3 v x_6 v x_0) ^ (-x_4 v x_2 v -x_7) ^ (-x_2 v -x_8)]
10,13,32,0.8159184455871582,1.5725860595703125,[(-x_5 v -x_6) ^ (x_1 v x_7 v x_5) ^ (-x_4 v -x_2 v -x_8) ^ (-x_1 v x_5 v x_3) ^ (x_3 v -x_5 v x_4) ^ (x_3 v -x_4 v x_7) ^ (-x_9 v x_5 v -x_8) ^ (-x_5 v -x_3 v -x_6) ^ (x_0 v x_2 v -x_3) ^ (x_3 v x_6) ^ (x_6 v x_5 v -x_0) ^ (x_0 v x_9 v x_2) ^ (-x_4 v -x_6 v -x_0)]
11,31,1,0.07395315170288086,0.20664596557617188,[(-x_4 v -x_5 v -x_0) ^ (x_3 v -x_6) ^ (x_3 v x_4 v x_5) ^ (x_3 v -x_9 v x_2) ^ (x_0 v x_8 v -x_6) ^ (x_3 v -x_1 v -x_2) ^ (x_0 v -x_7 v -x_2) ^ (x_0 v -x_2 v x_8) ^ (x_3 v x_7) ^ (-x_1 v x_9 v x_3) ^ (-x_9 v -x_5 v -x_8) ^ (-x_7 v -x_5 v -x_6) ^ (x_1 v x_9 v x_4) ^ (x_0 v x_1 v -x_2) ^ (x_6 v -x_4 v x_7) ^ (-x_4 v -x_10) ^ (-x_3 v x_8) ^ (x_9 v x_2 v -x_6) ^ (-x_1 v -x_9 v -x_10) ^ (-x_2 v x_6 v -x_5) ^ (x_0 v x_4 v x_8) ^ (x_3 v x_1 v -x_0) ^ (-x_9 v -x_2) ^ (-x_10 v x_2 v x_8) ^ (-x_4 v x_7 v x_5) ^ (x_0 v x_5 v x_8) ^ (x_6 v -x_8) ^ (x_1 v x_7) ^ (-x_9 v x_10 v x_5) ^ (x_10 v -x_4 v -x_5) ^ (-x_9 v x_7 v x_5)]
11,16,46,7.486003875732422,2.377413749694824,[(x_3 v x_7 v x_8) ^ (x_0 v x_2 v -x_8) ^ (x_9 v x_5 v -x_0) ^ (x_1 v -x_2 v -x_5) ^ (x_3 v -x_10 v -x_5) ^ (-x_9 v -x_5 v x_2) ^ (x_9 v -x_7 v -x_3) ^ (x_3 v -x_5 v -x_8) ^ (x_9 v x_2 v -x_3) ^ (-x_2 v -x_5 v -x_6) ^ (-x_6 v x_7 v x_8) ^ (x_9 v x_5 v -x_7) ^ (x_0 v x_1) ^ (-x_2 v -x_8) ^ (x_1 v -x_2 v -x_0) ^ (-x_1 v -x_2 v x_4)]
12,21,1,0.05445718765258789,0.17213726043701172,[(-x_0 v x_6 v x_8) ^ (-x_1 v x_5 v -x_0) ^ (x_9 v x_7 v -x_0) ^ (x_3 v -x_4 v -x_10) ^ (x_4 v -x_8 v -x_6) ^ (x_1 v -x_2 v x_7) ^ (x_6 v -x_5 v x_8) ^ (-x_1 v -x_7 v -x_10) ^ (-x_5 v x_10 v -x_8) ^ (-x_1 v x_7 v -x_3) ^ (-x_9 v x_8) ^ (-x_10 v x_2 v -x_7) ^ (-x_10 v x_2 v -x_6) ^ (x_11 v x_1 v -x_0) ^ (x_7 v -x_8) ^ (-x_10 v -x_5 v x_4) ^ (x_8 v x_10 v -x_3) ^ (x_11 v -x_0) ^ (x_3 v x_5 v -x_6) ^ (-x_9 v x_8 v -x_11) ^ (x_0 v x_3)]
12,12,64,85.39472532272339,2.4055862426757812,[(-x_4 v x_2 v -x_6) ^ (x_6 v x_4) ^ (-x_2 v x_9 v x_10) ^ (x_0 v -x_5 v -x_8) ^ (x_3 v x_4 v -x_2) ^ (-x_1 v x_6 v x_3) ^ (x_0 v -x_7 v x_10) ^ (x_6 v -x_10 v x_8) ^ (x_0 v -x_6) ^ (x_11 v x_1 v -x_4) ^ (x_3 v -x_1 v -x_2) ^ (x_1 v -x_10)]
13,31,1,0.14095115661621094,0.2156352996826172,[(-x_9 v -x_2 v -x_3) ^ (x_12 v -x_8 v -x_6) ^ (x_11 v -x_10 v x_8) ^ (-x_1 v -x_3 v -x_0) ^ (-x_10 v x_5 v -x_6) ^ (-x_1 v -x_5 v -x_3) ^ (x_1 v -x_12 v -x_2) ^ (x_1 v x_9 v -x_2) ^ (-x_12 v -x_10 v x_7) ^ (x_1 v x_5 v -x_0) ^ (-x_4 v -x_2 v x_7) ^ (-x_1 v -x_12 v -x_5) ^ (-x_6 v -x_2 v -x_3) ^ (-x_10 v x_4 v -x_0) ^ (-x_9 v -x_10 v -x_6) ^ (-x_2 v x_7 v x_4) ^ (x_1 v -x_2 v x_8) ^ (x_6 v x_12 v -x_8) ^ (-x_12 v x_7 v -x_3) ^ (-x_11 v -x_3 v x_8) ^ (x_9 v x_2 v -x_7) ^ (x_11 v -x_9 v x_4) ^ (x_1 v x_5 v -x_8) ^ (-x_0 v x_6 v -x_11) ^ (-x_9 v -x_2 v -x_5) ^ (x_9 v x_10 v x_8) ^ (-x_0 v x_10 v -x_3) ^ (-x_1 v x_4 v x_8) ^ (-x_9 v -x_4 v -x_6) ^ (x_5 v x_1 v x_2) ^ (x_4 v x_2 v -x_0)]
13,27,91,341.6304166316986,6.978998184204102,[(x_1 v -x_2 v -x_5) ^ (-x_0 v -x_2 v x_8) ^ (-x_10 v x_7) ^ (x_3 v -x_10 v -x_2) ^ (x_12 v x_7 v -x_0) ^ (-x_9 v -x_8) ^ (x_6 v -x_5 v x_8) ^ (x_3 v x_12 v -x_5) ^ (-x_9 v -x_10 v -x_6) ^ (x_1 v -x_10 v x_7) ^ (x_1 v -x_10 v -x_3) ^ (x_11 v -x_5 v -x_0) ^ (-x_9 v x_8) ^ (-x_1 v -x_5 v -x_0) ^ (-x_12 v x_2 v -x_8) ^ (-x_4 v -x_2 v -x_3) ^ (-x_4 v -x_7 v -x_3) ^ (x_0 v -x_8 v -x_11) ^ (-x_5 v -x_8 v -x_11) ^ (-x_9 v -x_6 v x_8) ^ (x_0 v -x_7) ^ (x_1 v -x_0) ^ (x_3 v x_7 v x_8) ^ (x_2 v -x_8 v -x_3) ^ (x_0 v -x_12 v -x_10) ^ (x_10 v x_7) ^ (x_0 v -x_9 v x_4)]
5,6,1,0.07934260368347168,1.0318632125854492,[(x_3 v x_1 v -x_2) ^ (x_0 v x_4 v x_3) ^ (-x_1 v -x_0) ^ (x_3 v -x_4 v -x_2) ^ (-x_1 v x_4 v x_3) ^ (-x_1 v x_4 v -x_0)]
5,14,6,0.0677027702331543,0.4082603454589844,[(-x_4 v x_2) ^ (x_3 v -x_0) ^ (x_0 v -x_2) ^ (x_1 v -x_4 v -x_2) ^ (-x_4 v x_2 v -x_0) ^ (x_0 v x_2 v x_3) ^ (x_3 v x_1 v x_0) ^ (x_3 v x_1) ^ (-x_1 v x_2 v x_3) ^ (-x_4 v -x_2 v -x_3) ^ (x_3 v -x_1 v x_0) ^ (x_3 v x_4) ^ (x_3 v -x_4 v -x_2) ^ (x_0 v x_1 v -x_2)]
6,7,1,0.041771650314331055,0.12755298614501953,[(x_3 v x_1 v -x_5) ^ (-x_4 v -x_5 v -x_0) ^ (-x_5 v x_2) ^ (x_1 v -x_5 v -x_3) ^ (-x_4 v -x_2 v -x_0) ^ (-x_1 v -x_5 v -x_3) ^ (x_1 v x_4 v x_5)]
6,8,8,0.05747556686401367,0.2712059020996094,[(x_1 v x_5) ^ (-x_5 v x_4) ^ (-x_5 v x_2) ^ (-x_1 v -x_4 v -x_0) ^ (x_0 v x_2 v -x_3) ^ (x_1 v -x_2 v x_4) ^ (-x_0 v -x_5 v x_4) ^ (x_0 v -x_5)]
7,9,1,0.09856319427490234,0.45954227447509766,[(-x_1 v x_2 v x_5) ^ (-x_1 v x_5) ^ (x_1 v x_5 v -x_6) ^ (-x_5 v -x_0) ^ (x_3 v x_1) ^ (x_4 v -x_0) ^ (x_1 v x_5 v -x_3) ^ (-x_5 v -x_3 v x_4) ^ (x_0 v x_1 v x_5)]
7,15,12,0.18561005592346191,0.7193002700805664,[(-x_1 v -x_4 v -x_5) ^ (x_1 v x_5) ^ (x_6 v -x_5 v -x_3) ^ (-x_5 v -x_0) ^ (x_0 v x_4 v -x_3) ^ (x_3 v -x_6) ^ (x_1 v -x_5 v x_4) ^ (x_0 v x_6 v x_5) ^ (x_6 v x_1 v -x_0) ^ (x_1 v x_4 v -x_6) ^ (x_3 v x_5 v -x_0) ^ (x_6 v x_4 v -x_3) ^ (x_0 v x_4 v x_3) ^ (x_3 v x_6 v -x_2) ^ (x_3 v -x_4 v x_5)]
8,20,1,0.0468592643737793,0.1650562286376953,[(x_6) ^ (x_3 v -x_0) ^ (x_7 v x_2) ^ (x_3 v -x_5) ^ (-x_4 v x_5) ^ (x_4 v -x_3) ^ (-x_5 v -x_0) ^ (-x_4 v x_7) ^ (-x_1 v x_5 v -x_6) ^ (x_2 v -x_0) ^ (x_3 v x_6 v x_4) ^ (x_6 v -x_5 v x_4) ^ (-x_6 v x_4 v -x_0) ^ (-x_5 v x_7 v -x_0) ^ (-x_4 v x_5 v -x_6) ^ (x_0 v -x_4 v x_7) ^ (x_6 v -x_4 v x_2) ^ (-x_7 v x_5 v -x_3) ^ (x_3 v -x_2 v -x_0) ^ (x_3 v -x_4 v -x_2)]
8,20,16,3.009732246398926,1.2723112106323242,[(-x_4 v -x_2 v -x_6) ^ (x_0 v -x_2 v x_5) ^ (x_1 v x_7 v x_4) ^ (-x_1 v x_3 v -x_6) ^ (x_6 v x_4 v -x_3) ^ (-x_0 v -x_7 v -x_3) ^ (x_1 v -x_2) ^ (x_1 v -x_4) ^ (x_0 v -x_5 v x_2) ^ (-x_0 v -x_2 v -x_6) ^ (-x_7 v -x_2 v -x_3) ^ (-x_7 v x_4 v x_5) ^ (x_0 v x_5) ^ (x_0 v -x_5 v x_7) ^ (x_3 v x_1 v x_4) ^ (-x_7 v x_5) ^ (-x_2 v x_5) ^ (x_3 v x_1 v x_7) ^ (-x_1 v -x_2 v x_5) ^ (-x_2 v x_5 v x_4)]
9,21,1,0.04935932159423828,0.1880054473876953,[(x_3 v x_7 v x_4) ^ (-x_4 v -x_3 v -x_6) ^ (x_3 v -x_4 v x_8) ^ (-x_4 v -x_6 v x_8) ^ (x_1 v -x_7 v x_8) ^ (x_1 v -x_2 v -x_8) ^ (-x_4 v x_7 v -x_6) ^ (x_0 v x_6 v -x_7) ^ (x_1 v -x_2 v x_8) ^ (-x_1 v x_4 v x_5) ^ (x_8 v x_7 v -x_6) ^ (x_1 v x_7 v -x_6) ^ (x_1 v -x_5 v -x_0) ^ (-x_4 v x_2 v -x_8) ^ (x_3 v x_6 v -x_7) ^ (x_1 v -x_0) ^ (-x_5 v -x_7 v -x_2) ^ (x_0 v -x_5 v x_7) ^ (-x_6 v x_2 v -x_0) ^ (-x_4 v x_2 v -x_0) ^ (x_0 v -x_4 v x_8)]
9,9,23,0.13575506210327148,0.7507238388061523,[(x_6 v -x_5 v -x_2) ^ (-x_1 v x_2 v x_0) ^ (x_4 v x_2 v -x_6) ^ (x_3 v x_2 v -x_8) ^ (x_3 v x_5 v -x_6) ^ (x_7 v -x_8 v -x_6) ^ (x_6 v -x_4) ^ (x_8 v x_7 v x_4) ^ (-x_1 v x_2 v -x_8)]
10,26,1,0.06861066818237305,0.20598316192626953,[(x_1 v -x_2 v -x_5) ^ (x_6 v x_8 v -x_3) ^ (-x_5 v -x_2 v -x_6) ^ (-x_7 v -x_6 v -x_3) ^ (-x_4 v -x_2 v x_5) ^ (x_3 v -x_6 v x_0) ^ (x_6 v -x_4 v -x_0) ^ (-x_9 v -x_4 v x_2) ^ (x_1 v x_7 v x_5) ^ (-x_7 v x_4 v -x_8) ^ (-x_1 v -x_7 v x_4) ^ (x_6 v x_1 v -x_0) ^ (x_3 v -x_4 v -x_5) ^ (x_3 v x_1 v x_8) ^ (x_8 v x_4 v -x_3) ^ (x_0 v x_9 v x_2) ^ (-x_1 v x_6 v -x_2) ^ (x_6 v x_9) ^ (-x_1 v x_4 v x_3) ^ (x_3 v x_1 v x_4) ^ (x_1 v x_9 v x_5) ^ (-x_7 v -x_2 v x_8) ^ (-x_9 v x_8 v -x_6) ^ (-x_1 v x_7 v x_2) ^ (x_3 v x_4 v -x_0) ^ (x_1 v -x_8)]
10,24,32,2.39349627494812,2.6270132064819336,[(-x_2 v x_8) ^ (-x_4 v -x_7) ^ (-x_7 v -x_5 v -x_3) ^ (x_6 v x_1 v x_4) ^ (-x_1 v x_6 v x_3) ^ (x_0 v -x_2 v -x_3) ^ (-x_1 v -x_3 v -x_6) ^ (x_6 v -x_2 v x_7) ^ (x_3 v x_9 v -x_7) ^ (-x_1 v -x_9 v -x_4) ^ (-x_0 v -x_9 v x_8) ^ (x_4 v x_5 v -x_3) ^ (-x_4 v -x_7 v -x_6) ^ (-x_9 v -x_8 v -x_3) ^ (x_4 v -x_8 v -x_3) ^ (x_3 v -x_5 v x_7) ^ (-x_1 v -x_2 v -x_0) ^ (x_5 v x_4 v x_2) ^ (x_0 v x_4 v x_5) ^ (-x_1 v -x_4 v -x_5) ^ (x_6 v -x_9 v -x_7) ^ (-x_1 v -x_4 v -x_7) ^ (x_6 v x_4 v x_5) ^ (x_3 v -x_2 v -x_0)]
11,20,1,0.05259227752685547,0.1778726577758789,[(x_6 v x_10 v x_7) ^ (x_3 v x_10 v x_5) ^ (x_4 v x_2 v -x_8) ^ (x_6 v -x_7 v -x_5) ^ (x_9 v -x_2 v x_8) ^ (x_4 v x_2) ^ (-x_9 v x_7 v -x_6) ^ (x_1 v -x_10 v -x_3) ^ (x_4 v -x_6) ^ (x_9 v -x_4 v x_2) ^ (x_6 v -x_2 v x_7) ^ (x_9 v -x_5 v -x_6) ^ (x_3 v x_2 v x_0) ^ (-x_10 v -x_2 v x_7) ^ (x_3 v x_9 v -x_10) ^ (x_6 v -x_9 v x_7) ^ (x_9 v x_4 v -x_7) ^ (-x_10 v x_4 v x_2) ^ (x_5 v x_2 v -x_6) ^ (-x_8 v -x_3)]
11,16,46,15.277910470962524,2.4464111328125,[(-x_4 v x_7 v x_5) ^ (x_0 v x_5 v x_2) ^ (-x_9 v x_1 v x_4) ^ (x_6 v x_2 v -x_3) ^ (-x_4 v -x_6 v x_8) ^ (-x_9 v -x_10 v -x_5) ^ (-x_1 v -x_10 v x_5) ^ (-x_7 v -x_3 v x_8) ^ (-x_4 v -x_10 v -x_6) ^ (x_0 v -x_2 v -x_3) ^ (-x_1 v -x_4 v -x_7) ^ (x_3 v -x_7 v -x_6) ^ (x_9 v x_5 v -x_3) ^ (x_0 v -x_9 v -x_7) ^ (x_0 v x_9 v x_2) ^ (-x_1 v x_7 v -x_6)]
12,19,1,0.058355093002319336,0.1709136962890625,[(x_3 v -x_9 v -x_10) ^ (x_3 v -x_10 v x_2) ^ (x_4 v x_7 v -x_3) ^ (-x_6 v x_5 v -x_0) ^ (-x_1 v -x_3 v -x_11) ^ (x_9 v -x_8 v -x_11) ^ (x_0 v x_4 v -x_8) ^ (x_11 v x_9 v x_0) ^ (-x_11 v x_2 v -x_3) ^ (-x_10 v -x_11) ^ (x_6 v x_7 v x_2) ^ (x_0 v -x_5 v x_7) ^ (-x_9 v x_7 v x_2) ^ (x_9 v x_10 v x_2) ^ (-x_10 v -x_2 v -x_6) ^ (-x_11 v x_7 v -x_0) ^ (x_1 v x_10 v -x_3) ^ (x_1 v -x_3 v x_8) ^ (x_9 v -x_4 v -x_11)]
12,24,64,inf,4.825905799865723,[(-x_1 v -x_2 v x_7) ^ (x_6 v x_1 v x_9) ^ (x_0 v x_7 v -x_11) ^ (x_10 v x_5 v -x_0) ^ (x_0 v -x_3 v -x_11) ^ (x_6 v x_10 v x_2) ^ (-x_2 v x_7 v -x_11) ^ (x_3 v -x_8) ^ (-x_5 v -x_6) ^ (-x_1 v -x_9 v -x_6) ^ (-x_0 v -x_10 v -x_6) ^ (-x_7 v x_4 v x_8) ^ (x_6 v -x_10 v -x_2) ^ (x_10 v x_5 v x_4) ^ (x_11 v x_6 v -x_0) ^ (-x_1 v x_2) ^ (-x_1 v -x_10 v -x_11) ^ (-x_2 v x_5) ^ (x_11 v -x_1 v -x_3) ^ (x_0 v -x_9 v -x_11) ^ (-x_7 v -x_2 v -x_11) ^ (x_0 v x_7 v x_8) ^ (x_6 v x_1 v -x_9) ^ (-x_1 v -x_7 v x_8)]
13,16,1,0.08980369567871094,0.15719890594482422,[(x_10 v -x_7 v -x_2) ^ (x_11 v -x_9 v -x_5) ^ (x_11 v x_7 v x_2) ^ (-x_12 v -x_4 v -x_3) ^ (-x_7 v x_4 v x_2) ^ (x_6 v -x_7 v -x_8) ^ (x_10 v x_7 v -x_6) ^ (-x_1 v x_9) ^ (x_11 v -x_4 v x_0) ^ (x_0 v -x_10 v -x_2) ^ (x_9 v -x_3 v -x_11) ^ (x_0 v x_11 v -x_3) ^ (x_11 v x_10 v x_7) ^ (x_11 v x_10 v -x_2) ^ (x_1 v -x_4 v -x_6) ^ (-x_9 v -x_2 v -x_6)]
13,29,91,inf,7.973627090454102,[(-x_7 v x_5 v -x_11) ^ (x_1 v x_12 v x_10) ^ (x_11 v x_2 v -x_0) ^ (x_0 v -x_7 v -x_6) ^ (x_0 v -x_12 v -x_6) ^ (-x_1 v -x_12 v x_9) ^ (-x_1 v -x_6 v -x_11) ^ (-x_1 v -x_7 v -x_5) ^ (x_3 v -x_12 v -x_4) ^ (-x_9 v -x_10 v -x_6) ^ (-x_12 v -x_7 v x_2) ^ (x_10 v x_7 v -x_11) ^ (x_9 v -x_5 v x_4) ^ (x_11 v x_3 v x_8) ^ (x_5 v -x_3) ^ (-x_12 v -x_5 v -x_3) ^ (x_1 v -x_8 v -x_3) ^ (-x_1 v x_9 v x_12) ^ (x_1 v x_5 v -x_6) ^ (-x_4 v -x_10 v -x_0) ^ (-x_1 v x_4 v -x_8) ^ (x_3 v x_1 v -x_0) ^ (-x_12 v -x_8 v -x_0) ^ (x_0 v x_6 v x_10) ^ (x_1 v x_9 v -x_11) ^ (-x_12 v -x_11) ^ (x_0 v x_3) ^ (-x_10 v -x_2 v -x_8) ^ (-x_1 v x_9 v -x_6)]
5,10,1,0.07302570343017578,1.0431032180786133,[(-x_1 v -x_4 v -x_0) ^ (x_0 v -x_4 v x_3) ^ (-x_0 v x_2 v -x_3) ^ (x_1 v -x_4 v -x_3) ^ (x_1 v x_2 v -x_3) ^ (-x_1 v -x_0) ^ (x_1 v -x_0) ^ (x_3 v x_4) ^ (x_1 v x_4) ^ (-x_1 v x_4 v -x_0)]
5,14,6,0.06255626678466797,0.3727912902832031,[(x_3 v x_4 v x_2) ^ (-x_1 v x_4) ^ (x_0 v -x_4 v x_2) ^ (x_1 v -x_2 v -x_3) ^ (x_3 v x_4) ^ (x_0 v -x_2 v -x_3) ^ (-x_2 v -x_3 v -x_0) ^ (x_0 v -x_1 v -x_2) ^ (-x_1 v x_2) ^ (x_3 v -x_4 v -x_0) ^ (-x_1 v x_3) ^ (x_4 v -x_3) ^ (-x_1 v x_0 v -x_3) ^ (-x_3 v -x_0)]
6,16,1,0.04099273681640625,0.15403270721435547,[(x_1 v -x_4 v -x_0) ^ (x_3 v -x_2) ^ (x_1 v -x_4 v -x_2) ^ (x_0 v x_1 v -x_4) ^ (x_3 v x_4 v x_5) ^ (-x_1 v x_4 v x_5) ^ (-x_5 v x_2 v x_4) ^ (-x_1 v -x_5) ^ (x_3 v -x_5 v -x_2) ^ (-x_4 v -x_2 v -x_0) ^ (x_0 v x_1 v x_2) ^ (-x_1 v x_2 v x_3) ^ (x_1 v -x_4 v x_2) ^ (-x_4 v x_5) ^ (-x_1 v -x_5 v x_3) ^ (x_2 v x_5)]
6,6,8,0.0616304874420166,0.269989013671875,[(-x_2 v -x_5 v x_4) ^ (-x_5 v -x_2 v -x_0) ^ (-x_1 v x_5 v x_2) ^ (x_0 v x_2) ^ (x_0 v x_4 v x_3) ^ (x_3 v -x_4 v -x_2)]
7,17,1,0.09857296943664551,0.44969844818115234,[(-x_1 v -x_4 v -x_0) ^ (x_0 v x_1 v -x_4) ^ (-x_5 v x_2 v x_4) ^ (-x_4 v -x_2) ^ (x_4 v x_2 v -x_6) ^ (x_0 v -x_5 v x_4) ^ (x_2 v x_5 v -x_0) ^ (-x_1 v x_5 v -x_6) ^ (-x_1 v -x_3 v -x_6) ^ (x_3 v x_6) ^ (x_6 v x_5 v -x_0) ^ (x_0 v -x_6) ^ (x_0 v x_1 v -x_3) ^ (-x_1 v -x_2 v -x_0) ^ (-x_4 v -x_3 v -x_0) ^ (x_3 v -x_4 v -x_2) ^ (-x_5 v x_2 v -x_0)]
7,7,12,0.07715797424316406,0.4260997772216797,[(x_3 v x_4 v x_2) ^ (x_3 v -x_1 v -x_6) ^ (x_0 v -x_1 v x_4) ^ (-x_5 v x_2 v -x_6) ^ (x_4 v x_5 v -x_0) ^ (-x_4 v x_2 v -x_3) ^ (-x_1 v -x_2 v -x_0)]
8,22,1,0.10233259201049805,0.3106365203857422,[(-x_2 v x_7 v -x_6) ^ (x_1 v -x_4 v -x_0) ^ (x_5 v -x_6) ^ (x_3 v -x_1 v x_5) ^ (-x_4 v -x_2 v -x_6) ^ (-x_5 v x_2 v -x_3) ^ (x_6 v x_1) ^ (-x_1 v -x_7 v x_2) ^ (x_1 v -x_2 v x_7) ^ (x_3 v -x_1 v x_2) ^ (-x_7 v x_4 v x_2) ^ (x_1 v -x_2 v -x_6) ^ (x_6 v -x_3) ^ (x_3 v x_4 v -x_6) ^ (-x_7 v -x_2 v -x_3) ^ (x_1 v x_5 v -x_6) ^ (x_6 v -x_5 v x_4) ^ (x_3 v x_4 v x_7) ^ (x_1 v -x_4 v -x_2) ^ (x_3 v -x_4) ^ (x_1 v -x_2 v -x_0) ^ (x_0 v -x_7 v x_5)]
8,18,16,0.23137974739074707,1.1677474975585938,[(x_0 v x_4 v x_5) ^ (-x_4 v x_7 v x_5) ^ (-x_7 v -x_0) ^ (x_3 v x_1 v -x_7) ^ (-x_7 v x_4 v -x_3) ^ (x_6 v x_1 v -x_7) ^ (x_6 v x_4 v x_2) ^ (-x_0 v -x_2 v x_4) ^ (-x_7 v -x_2 v x_4) ^ (-x_0 v x_1 v -x_3) ^ (x_3 v x_6 v -x_7) ^ (-x_2 v -x_3 v x_4) ^ (x_1 v -x_7 v x_2) ^ (x_0 v x_1) ^ (x_6 v -x_4 v -x_0) ^ (-x_1 v x_2 v x_5) ^ (-x_7 v -x_2 v -x_0) ^ (x_6 v x_1 v -x_5)]
9,19,1,0.05228400230407715,0.1627187728881836,[(-x_4 v -x_3 v -x_6) ^ (-x_2 v -x_5 v -x_3) ^ (x_1 v -x_5 v x_8) ^ (x_3 v -x_8 v x_0) ^ (x_1 v -x_6) ^ (x_1 v -x_5 v -x_3) ^ (-x_4 v -x_8) ^ (-x_1 v x_4 v x_2) ^ (-x_5) ^ (-x_7 v x_2 v x_8) ^ (x_0 v -x_1 v x_3) ^ (x_7 v x_5) ^ (x_0 v -x_1) ^ (x_8 v -x_4 v -x_0) ^ (-x_6 v x_7 v x_8) ^ (-x_1 v -x_7 v -x_3) ^ (x_0 v x_5 v x_8) ^ (-x_1 v -x_5) ^ (x_0 v -x_4 v x_7)]
9,24,23,0.5991477966308594,1.8371410369873047,[(x_3 v -x_6) ^ (x_3 v -x_4 v x_2) ^ (x_1 v x_4 v -x_6) ^ (x_6 v -x_7 v -x_5) ^ (x_6 v -x_7) ^ (x_8 v -x_6 v -x_0) ^ (-x_7 v -x_5 v -x_8) ^ (x_4 v x_2 v x_8) ^ (x_3 v x_2 v x_8) ^ (-x_4 v x_7 v -x_6) ^ (-x_7 v x_4 v x_8) ^ (x_6 v x_1 v x_7) ^ (x_0 v x_1 v -x_2) ^ (x_6 v -x_4 v x_8) ^ (x_6 v -x_4 v x_7) ^ (x_6 v -x_0) ^ (x_0 v -x_7 v x_5) ^ (x_7 v x_5 v -x_0) ^ (-x_2 v -x_3 v -x_6) ^ (x_6 v -x_3 v -x_0) ^ (-x_1 v -x_2 v x_5) ^ (-x_1 v -x_7) ^ (x_1 v x_5 v -x_3) ^ (x_3 v -x_2 v -x_0)]
10,21,1,0.052033424377441406,0.18044185638427734,[(-x_1 v -x_5 v -x_2) ^ (-x_4 v -x_0) ^ (x_6 v x_9 v x_8) ^ (-x_4 v x_7 v x_8) ^ (-x_9 v -x_4 v x_7) ^ (x_4 v -x_3) ^ (x_0 v -x_2 v x_8) ^ (x_4 v x_8) ^ (x_1 v -x_4 v -x_3) ^ (-x_1 v -x_3 v -x_6) ^ (x_0 v -x_2 v x_3) ^ (x_9 v -x_2) ^ (x_6 v -x_4 v x_7) ^ (x_9 v -x_5 v -x_8) ^ (x_5 v x_7 v x_2) ^ (x_3 v -x_7 v x_2) ^ (x_3 v x_1 v x_4) ^ (-x_4 v -x_5 v x_7) ^ (-x_0 v -x_4 v -x_3) ^ (-x_2 v x_7 v x_8) ^ (x_3 v -x_2 v -x_0)]
10,19,32,6.503966808319092,1.9554204940795898,[(x_0 v -x_4 v -x_5) ^ (x_3 v x_9 v x_8) ^ (x_9 v -x_2 v x_7) ^ (-x_1 v -x_4 v x_8) ^ (x_0 v -x_7 v -x_3) ^ (-x_7 v -x_5 v x_4) ^ (x_0 v x_4 v x_7) ^ (x_6 v -x_4 v -x_3) ^ (-x_9 v -x_7 v -x_3) ^ (-x_1 v x_6 v x_9) ^ (-x_9 v -x_2 v -x_5) ^ (x_3 v -x_9) ^ (-x_4 v x_9 v -x_2) ^ (-x_2 v x_7 v x_8) ^ (x_0 v x_5 v x_8) ^ (-x_7 v -x_6) ^ (x_1 v x_4 v x_8) ^ (-x_7 v -x_8) ^ (-x_4 v x_7 v -x_8)]
11,24,1,0.05009770393371582,0.18659496307373047,[(x_3 v x_10) ^ (x_1 v -x_3) ^ (x_3 v x_5 v -x_0) ^ (-x_1 v x_6 v x_7) ^ (x_0 v -x_9 v -x_10) ^ (x_7 v x_5 v -x_6) ^ (-x_5 v -x_6) ^ (x_0 v x_10 v -x_8) ^ (x_4 v x_8) ^ (x_3 v x_7) ^ (x_6 v x_7 v -x_3) ^ (-x_4 v -x_5 v x_8) ^ (-x_9 v -x_5 v x_8) ^ (x_2 v x_4 v x_5) ^ (-x_9 v -x_7 v -x_3) ^ (x_0 v x_1 v x_2) ^ (x_7 v x_4 v -x_6) ^ (-x_2 v x_7 v -x_3) ^ (x_3 v x_9) ^ (-x_9 v -x_4 v -x_6) ^ (-x_7 v -x_6) ^ (-x_1 v x_8 v -x_3) ^ (x_8 v -x_7 v -x_6) ^ (x_10 v -x_8 v x_4)]
11,27,46,inf,4.146553993225098,[(x_9 v x_7) ^ (x_3 v x_4 v x_5) ^ (x_6 v -x_9 v x_5) ^ (x_0 v -x_2 v -x_8) ^ (x_1 v x_9 v x_7) ^ (x_10 v x_7 v -x_8) ^ (-x_1 v x_9 v -x_4) ^ (-x_6 v -x_8 v -x_3) ^ (x_3 v x_2 v x_8) ^ (x_3 v x_8) ^ (x_6 v x_1 v -x_0) ^ (x_1 v -x_2 v -x_3) ^ (x_3 v x_9 v -x_7) ^ (-x_7 v -x_8 v -x_6) ^ (-x_4 v x_2) ^ (x_0 v x_1 v -x_7) ^ (x_3 v -x_8 v -x_6) ^ (x_10 v x_5 v x_4) ^ (-x_6 v -x_3) ^ (-x_9 v -x_8 v -x_3) ^ (-x_1 v -x_4 v x_2) ^ (-x_1 v x_4) ^ (x_0 v x_5 v x_8) ^ (x_0 v -x_4 v -x_8) ^ (-x_7 v x_10 v x_8) ^ (x_3 v x_10 v x_4) ^ (-x_2 v x_5 v x_4)]
12,17,1,0.0538942813873291,0.163726806640625,[(x_3 v x_5) ^ (x_5 v -x_3 v -x_0) ^ (x_6 v x_9 v -x_0) ^ (x_11 v -x_9 v -x_0) ^ (x_3 v x_6 v x_2) ^ (x_3 v -x_1 v x_4) ^ (x_3 v x_5 v -x_11) ^ (x_0 v x_7 v x_8) ^ (x_8 v x_10 v -x_6) ^ (x_9 v x_5 v -x_7) ^ (x_6 v x_5 v x_2) ^ (-x_1 v x_6 v x_7) ^ (-x_4 v -x_2 v x_5) ^ (x_9 v -x_7) ^ (x_0 v -x_11 v -x_6) ^ (x_10 v -x_2 v x_5) ^ (x_0 v -x_7 v -x_11)]
12,32,64,inf,6.566269874572754,[(x_11 v x_8 v -x_6) ^ (x_1 v -x_5 v -x_8) ^ (x_11 v x_2) ^ (x_6 v -x_7 v x_2) ^ (x_6 v x_10 v -x_8) ^ (x_6 v -x_7 v x_5) ^ (x_0 v -x_9 v x_7) ^ (x_3 v x_10 v x_7) ^ (-x_4 v x_5 v -x_7) ^ (x_6 v -x_5 v x_7) ^ (-x_4 v -x_2) ^ (x_5 v x_8) ^ (x_0 v x_1 v -x_6) ^ (x_6 v -x_4 v -x_8) ^ (x_11 v -x_2 v -x_6) ^ (-x_1 v -x_8 v -x_0) ^ (x_1 v -x_7 v -x_10) ^ (x_0 v -x_10 v -x_11) ^ (-x_1 v x_9 v x_5) ^ (-x_10 v -x_5 v x_2) ^ (-x_1 v -x_0 v -x_3) ^ (x_1 v -x_9 v -x_3) ^ (x_7 v -x_3 v -x_0) ^ (-x_2 v x_7 v x_8) ^ (-x_0 v x_2 v -x_3) ^ (-x_4 v x_9 v x_2) ^ (x_6 v -x_7 v -x_3) ^ (x_3 v x_1 v x_7) ^ (-x_5 v x_2 v -x_8) ^ (-x_9 v x_5 v -x_0) ^ (-x_10 v -x_2 v x_7) ^ (x_0 v -x_1 v x_2)]
13,26,1,0.1193385124206543,0.19799327850341797,[(x_3 v -x_12 v x_1) ^ (x_1 v -x_10 v -x_2) ^ (x_3 v x_12) ^ (x_12 v -x_2 v x_5) ^ (x_10 v -x_8) ^ (x_12 v x_10) ^ (-x_10 v -x_5 v -x_6) ^ (-x_7 v -x_5 v -x_11) ^ (x_11 v x_1 v -x_4) ^ (x_11 v -x_7 v -x_0) ^ (x_1 v x_7 v -x_3) ^ (-x_9 v -x_10 v -x_0) ^ (x_10 v -x_3 v x_4) ^ (-x_12 v x_1 v -x_2) ^ (-x_1 v -x_9 v x_3) ^ (x_3 v x_1 v -x_6) ^ (-x_10 v -x_3) ^ (x_3 v x_1 v x_4) ^ (x_1 v -x_11 v x_8) ^ (x_11 v x_2 v x_8) ^ (x_11 v -x_12 v -x_6) ^ (-x_9 v -x_10 v x_8) ^ (x_11 v -x_8 v -x_0) ^ (x_4 v x_5) ^ (-x_1 v x_12 v x_10) ^ (-x_1 v -x_4 v x_7)]
13,13,91,35.95949077606201,3.9878835678100586,[(x_11 v -x_9 v -x_3) ^ (x_7 v -x_3) ^ (x_12 v x_10 v x_7) ^ (-x_4 v -x_10 v x_7) ^ (x_0 v -x_7 v -x_6) ^ (-x_2 v -x_5 v -x_8) ^ (x_1 v -x_2 v x_8) ^ (x_2 v x_4 v x_5) ^ (x_3 v x_2 v -x_6) ^ (x_3 v -x_5 v x_7) ^ (x_6 v x_12 v -x_8) ^ (x_6 v -x_9 v x_4) ^ (x_12 v x_9 v x_2)]
5,9,1,0.06921887397766113,1.0429000854492188,[(-x_1 v x_4) ^ (x_0 v x_4 v x_2) ^ (x_0 v -x_1) ^ (x_0 v x_4 v -x_3) ^ (x_3 v x_4 v -x_2) ^ (x_3 v -x_4 v x_2) ^ (-x_1 v x_4 v x_0) ^ (x_1 v -x_2 v x_4) ^ (x_3 v x_1 v -x_0)]
5,12,6,0.36925339698791504,0.7069931030273438,[(-x_1 v -x_3) ^ (-x_0 v -x_3) ^ (x_3 v -x_0) ^ (x_0) ^ (-x_1 v x_2 v -x_3) ^ (x_1 v -x_3) ^ (-x_0 v x_1 v -x_3) ^ (x_3 v x_2) ^ (x_0 v -x_1 v -x_3) ^ (x_1 v -x_4) ^ (x_0 v x_1 v x_2) ^ (-x_1 v -x_0)]
6,12,1,0.04979133605957031,0.13411235809326172,[(-x_1 v -x_4 v -x_5) ^ (-x_4 v x_2 v -x_0) ^ (-x_1 v x_5 v -x_3) ^ (x_0 v -x_2 v -x_3) ^ (-x_1 v -x_4 v x_5) ^ (x_0 v x_4 v x_3) ^ (-x_5 v -x_3) ^ (-x_4 v -x_2 v x_5) ^ (-x_4 v x_2) ^ (-x_3) ^ (-x_2 v -x_3) ^ (-x_2 v x_5)]
6,17,8,0.1599729061126709,0.5469951629638672,[(-x_1 v x_5) ^ (-x_4 v -x_5 v -x_0) ^ (x_1 v -x_2) ^ (x_1 v -x_2 v -x_5) ^ (x_1 v -x_2 v -x_3) ^ (x_3 v -x_4 v x_2) ^ (-x_0 v x_2 v -x_3) ^ (-x_1 v x_4 v -x_3) ^ (-x_4 v x_2 v x_5) ^ (x_1 v -x_4 v x_2) ^ (-x_1 v -x_5 v -x_0) ^ (x_0 v x_1 v x_2) ^ (x_5 v x_1 v x_2) ^ (-x_1 v x_4 v x_2) ^ (x_4 v x_2) ^ (x_3 v -x_4 v x_5) ^ (x_1 v x_4 v -x_3)]
7,16,1,0.0458216667175293,0.1609783172607422,[(x_0 v x_4 v x_5) ^ (x_6 v -x_2 v -x_0) ^ (-x_2 v x_4) ^ (x_0 v x_6 v x_2) ^ (x_0 v x_6 v x_5) ^ (x_0 v x_5 v -x_6) ^ (-x_4 v -x_2 v -x_0) ^ (-x_1 v x_5 v -x_0) ^ (x_6 v x_1 v -x_2) ^ (x_4 v -x_0) ^ (x_0 v x_6 v -x_3) ^ (x_6 v x_4 v -x_3) ^ (-x_1 v x_6 v x_5) ^ (-x_2 v -x_3) ^ (-x_0 v -x_4 v -x_3) ^ (x_1 v x_4 v -x_3)]
7,13,12,0.11962294578552246,0.6036596298217773,[(x_6 v x_1 v -x_0) ^ (x_0 v -x_2) ^ (x_0 v -x_4 v x_3) ^ (x_1 v -x_5 v x_4) ^ (x_0 v -x_3) ^ (x_3 v x_4 v x_0) ^ (-x_4 v -x_5 v -x_6) ^ (x_0 v x_4 v -x_2) ^ (x_3 v x_1 v -x_0) ^ (x_0 v -x_6) ^ (x_0 v -x_5) ^ (-x_1 v x_2 v x_5) ^ (x_3 v -x_4 v -x_2)]
8,21,1,0.05156874656677246,0.17501163482666016,[(x_6 v x_2 v -x_3) ^ (x_0 v -x_7 v -x_6) ^ (-x_1 v x_5 v -x_0) ^ (x_3 v x_0) ^ (x_6 v -x_2 v -x_0) ^ (x_0 v -x_4 v -x_6) ^ (x_6 v x_1 v x_4) ^ (x_7 v x_2 v -x_0) ^ (x_1 v -x_2) ^ (-x_4 v x_7) ^ (-x_7 v x_2) ^ (x_6 v -x_2 v -x_3) ^ (x_1 v x_4 v x_2) ^ (-x_2 v x_5 v x_7) ^ (-x_4 v x_7 v x_2) ^ (x_1 v -x_7 v x_5) ^ (x_6 v x_5) ^ (x_3 v -x_2 v -x_6) ^ (x_3 v x_1 v -x_2) ^ (x_5 v x_1 v x_2) ^ (x_4 v x_2 v -x_0)]
8,10,16,2.5816385746002197,0.8448877334594727,[(x_1 v x_2 v -x_6) ^ (-x_7 v x_4 v x_2) ^ (-x_0 v x_7 v -x_6) ^ (-x_1 v -x_5 v x_4) ^ (x_0 v -x_1 v -x_2) ^ (x_4 v x_7 v -x_0) ^ (x_0 v x_1 v x_5) ^ (x_0 v -x_4 v -x_3) ^ (x_6 v x_1 v x_2) ^ (-x_7 v x_4)]
9,13,1,0.04336714744567871,0.1415863037109375,[(-x_0 v x_4 v -x_6) ^ (x_1 v -x_2) ^ (x_5 v x_2 v -x_8) ^ (-x_5 v -x_3 v -x_0) ^ (-x_7 v -x_5) ^ (-x_1 v x_5 v -x_3) ^ (x_8 v x_7 v -x_6) ^ (-x_4 v x_2 v x_8) ^ (x_3 v -x_2 v x_8) ^ (x_6 v -x_2 v -x_8) ^ (-x_7 v -x_8) ^ (-x_7 v -x_3) ^ (-x_4 v x_5 v -x_3)]
9,21,23,0.6890859603881836,1.6928472518920898,[(x_0 v -x_2 v x_5) ^ (x_6 v -x_7 v -x_0) ^ (x_7 v x_5 v -x_6) ^ (-x_3 v -x_6) ^ (x_8 v x_5 v -x_0) ^ (x_6 v x_1 v -x_8) ^ (x_2 v -x_8 v -x_6) ^ (x_6 v x_1 v x_2) ^ (x_6 v -x_4 v x_7) ^ (x_3 v -x_8 v -x_6) ^ (x_6 v -x_5 v x_2) ^ (x_0 v -x_6 v x_8) ^ (x_0 v x_1 v -x_4) ^ (x_0 v -x_2 v x_4) ^ (-x_1 v x_4 v x_3) ^ (x_0 v x_1 v x_7) ^ (x_0 v -x_7) ^ (x_2 v -x_8) ^ (x_1 v x_4 v x_8) ^ (x_0 v x_8 v -x_3) ^ (-x_1 v -x_7 v x_8)]
10,24,1,0.053498029708862305,0.1891460418701172,[(x_1 v -x_2 v -x_5) ^ (-x_4 v x_9) ^ (-x_0 v -x_4 v -x_6) ^ (-x_1 v -x_5 v x_2) ^ (-x_4 v x_2 v -x_3) ^ (-x_1 v x_9 v -x_2) ^ (x_3 v -x_8 v x_0) ^ (x_7 v x_4) ^ (-x_4 v -x_2 v x_5) ^ (-x_3 v -x_6) ^ (x_3 v -x_5 v x_4) ^ (x_1 v -x_5 v -x_3) ^ (-x_9 v -x_4 v -x_5) ^ (x_1 v -x_4 v -x_6) ^ (x_7 v -x_0) ^ (x_8 v x_7 v -x_6) ^ (-x_5 v -x_8 v x_4) ^ (x_7 v x_2 v -x_6) ^ (-x_4 v x_9 v -x_7) ^ (x_2 v x_5 v x_8) ^ (x_6 v x_9 v x_5) ^ (-x_1 v -x_4 v -x_5) ^ (x_0 v x_5 v -x_3) ^ (x_4 v x_7 v -x_0)]
10,22,32,13.637622833251953,2.5466928482055664,[(-x_5 v -x_2 v -x_0) ^ (x_3 v x_9 v x_5) ^ (x_0 v x_8 v -x_6) ^ (x_4 v x_2 v x_8) ^ (-x_9 v -x_4 v x_2) ^ (x_4 v -x_8 v -x_6) ^ (x_1 v -x_2 v -x_8) ^ (x_5 v -x_8) ^ (x_6 v x_1 v x_4) ^ (-x_7 v x_4 v -x_8) ^ (x_5 v x_2) ^ (-x_4 v -x_8) ^ (-x_4 v -x_7 v x_8) ^ (x_6 v x_1 v -x_8) ^ (x_7 v x_4 v -x_3) ^ (-x_1 v x_9 v -x_0) ^ (x_9 v x_2 v -x_8) ^ (x_3 v x_4 v x_8) ^ (-x_1 v -x_4 v x_2) ^ (x_9 v -x_0) ^ (x_9 v x_2 v x_8) ^ (x_3 v x_5 v -x_6)]
11,27,1,0.07590389251708984,0.21369361877441406,[(-x_1 v x_7 v x_4) ^ (-x_5 v -x_8 v -x_0) ^ (-x_4 v x_9 v -x_6) ^ (x_3 v -x_10 v x_2) ^ (x_1 v -x_3 v -x_0) ^ (x_6 v -x_10 v -x_0) ^ (x_3 v -x_7 v x_10) ^ (x_3 v -x_4 v -x_0) ^ (x_3 v x_1 v x_8) ^ (x_3 v x_2 v -x_6) ^ (-x_9 v x_1 v x_4) ^ (-x_1 v x_6 v x_2) ^ (x_2 v -x_3 v -x_0) ^ (x_6 v x_9 v x_2) ^ (x_1 v -x_7 v x_10) ^ (-x_4 v -x_10 v -x_0) ^ (x_3 v -x_5 v x_0) ^ (x_0 v x_5 v -x_8) ^ (-x_9 v x_2 v x_8) ^ (x_9 v x_10 v x_7) ^ (-x_2 v x_7) ^ (-x_10 v -x_2 v -x_7) ^ (x_0 v -x_4 v x_7) ^ (x_1 v -x_4 v -x_10) ^ (-x_1 v x_6 v x_5) ^ (x_0 v -x_1 v x_8) ^ (x_3 v x_4 v -x_0)]
11,30,46,inf,4.0764265060424805,[(x_10 v x_5) ^ (-x_1 v x_5) ^ (-x_1 v -x_2 v -x_8) ^ (-x_9 v -x_2 v -x_3) ^ (-x_1 v -x_3 v -x_0) ^ (x_9 v x_7 v x_5) ^ (x_0 v x_7 v x_3) ^ (x_3 v -x_7 v x_8) ^ (-x_1 v x_5 v -x_0) ^ (x_6 v -x_4 v -x_10) ^ (x_6 v x_10 v x_2) ^ (x_1 v -x_10 v -x_8) ^ (x_0 v -x_7 v x_8) ^ (x_7 v x_2 v -x_0) ^ (-x_3 v -x_6) ^ (x_3 v x_7) ^ (-x_10 v -x_5 v -x_0) ^ (x_3 v x_6 v x_1) ^ (-x_9 v -x_4 v -x_10) ^ (-x_1 v x_5 v -x_8) ^ (-x_7 v x_10 v -x_0) ^ (x_4 v x_5 v -x_3) ^ (x_0 v -x_1 v x_10) ^ (-x_5 v x_8) ^ (x_6 v -x_5) ^ (x_3 v -x_5 v x_2) ^ (-x_7 v x_10 v -x_8) ^ (-x_10 v x_5 v -x_3) ^ (x_3 v x_1 v x_2) ^ (-x_8 v -x_3)]
12,33,1,0.12071371078491211,0.22167205810546875,[(x_9 v x_10 v x_5) ^ (x_1 v -x_10 v -x_0) ^ (-x_4 v -x_5) ^ (x_11 v -x_7 v -x_3) ^ (x_3 v x_10 v x_5) ^ (-x_4 v -x_10 v -x_6) ^ (-x_9 v -x_7) ^ (-x_1 v x_8 v -x_0) ^ (-x_1 v x_8 v x_11) ^ (x_0 v x_1 v x_5) ^ (x_4 v -x_3 v -x_6) ^ (x_11 v -x_4 v x_3) ^ (x_11 v x_6 v -x_5) ^ (x_1 v x_5 v -x_8) ^ (x_8 v -x_5 v -x_6) ^ (x_3 v x_4 v x_8) ^ (x_3 v -x_5 v x_2) ^ (-x_7 v x_10 v -x_8) ^ (-x_1 v -x_11 v -x_0) ^ (x_0 v -x_9 v x_8) ^ (-x_9 v x_10 v -x_5) ^ (x_1 v -x_4 v -x_2) ^ (x_9 v -x_7 v -x_6) ^ (x_11 v x_10) ^ (x_9 v x_2 v -x_3) ^ (x_3 v x_1 v x_7) ^ (-x_1 v x_2 v x_8) ^ (-x_9 v -x_7 v -x_2) ^ (-x_5 v x_2 v -x_8) ^ (-x_9 v x_5 v -x_0) ^ (-x_1 v x_11) ^ (x_0 v x_8 v -x_3) ^ (-x_4 v x_7 v -x_8)]
12,23,64,189.00816535949707,4.21138858795166,[(x_3 v x_11) ^ (-x_9 v -x_5) ^ (-x_1 v -x_10 v x_7) ^ (-x_5 v -x_2 v -x_6) ^ (x_0 v x_1 v x_10) ^ (-x_4 v -x_10 v -x_8) ^ (x_1 v -x_10 v x_2) ^ (x_6 v x_7) ^ (x_3 v x_5) ^ (x_6 v x_1 v x_4) ^ (x_6 v x_1 v -x_7) ^ (x_6 v -x_10) ^ (-x_5 v x_7) ^ (x_9 v x_1 v -x_4) ^ (-x_5 v -x_8 v -x_11) ^ (x_6 v x_1 v x_8) ^ (x_11 v -x_9 v x_10) ^ (x_1 v -x_6 v x_8) ^ (-x_6 v -x_0) ^ (x_3 v -x_11 v -x_6) ^ (x_4 v x_5 v -x_0) ^ (x_0 v -x_11 v x_8) ^ (-x_9 v -x_0)]
13,30,1,0.15990900993347168,0.19009876251220703,[(x_11 v -x_5 v -x_2) ^ (x_12 v -x_4 v -x_3) ^ (-x_12 v x_10 v -x_8) ^ (-x_1 v -x_9 v x_8) ^ (x_1 v x_4 v -x_6) ^ (-x_1 v -x_5 v -x_3) ^ (x_6 v -x_5 v -x_8) ^ (x_6 v x_2 v -x_11) ^ (-x_9 v x_7 v -x_8) ^ (x_0 v x_10 v -x_6) ^ (x_9 v -x_7 v -x_11) ^ (-x_5 v x_4) ^ (-x_7 v x_4 v -x_8) ^ (x_12 v -x_3 v -x_0) ^ (-x_12 v x_9 v x_2) ^ (x_1 v -x_8 v -x_3) ^ (x_9 v -x_2 v x_4) ^ (x_3 v -x_12 v -x_0) ^ (x_6 v -x_9 v x_8) ^ (x_6 v -x_7 v -x_11) ^ (x_1 v x_4 v -x_0) ^ (-x_1 v -x_12 v -x_11) ^ (x_3 v -x_5 v x_2) ^ (-x_1 v -x_9) ^ (x_0 v x_6 v -x_12) ^ (x_11 v x_12 v x_4) ^ (x_12 v x_10 v -x_6) ^ (-x_1 v -x_0 v -x_6) ^ (-x_9 v x_10 v x_5) ^ (x_0 v x_2 v -x_3)]
13,34,91,inf,9.9432373046875,[(x_1 v -x_7 v -x_6) ^ (x_3 v -x_9 v x_12) ^ (-x_0 v -x_3) ^ (x_6 v x_12 v x_7) ^ (x_0 v x_6 v x_8) ^ (x_12 v -x_6 v x_8) ^ (-x_1 v -x_7 v x_2) ^ (-x_10 v x_7 v -x_11) ^ (-x_1 v -x_12 v x_10) ^ (-x_8 v -x_6) ^ (-x_2 v -x_5 v -x_6) ^ (x_0 v x_12 v -x_10) ^ (-x_1 v -x_7 v -x_0) ^ (x_3 v x_1 v x_8) ^ (x_9 v x_12 v x_8) ^ (x_11 v x_6 v x_9) ^ (-x_12 v x_2 v -x_8) ^ (x_1 v x_4 v -x_11) ^ (-x_4 v -x_10) ^ (-x_6 v x_10 v x_4) ^ (x_1 v x_4 v -x_5) ^ (x_12 v x_9 v x_7) ^ (x_6 v -x_5 v x_4) ^ (x_0 v x_1 v x_2) ^ (-x_12 v -x_2 v x_7) ^ (x_12 v x_4 v x_8) ^ (x_2 v x_5 v x_8) ^ (x_3 v -x_2) ^ (x_3 v x_1 v -x_2) ^ (x_7 v x_8) ^ (x_3 v -x_4 v -x_6) ^ (x_6 v -x_10 v x_5) ^ (x_3 v -x_1 v -x_4) ^ (x_2 v -x_3 v x_8)]
5,10,1,0.13570117950439453,1.340402603149414,[(x_4 v x_2 v -x_3) ^ (x_3 v -x_1) ^ (x_3 v -x_1 v x_4) ^ (-x_1 v -x_4) ^ (x_3 v -x_4 v -x_0) ^ (x_0 v -x_1 v -x_3) ^ (-x_1 v x_2) ^ (x_0 v x_1 v x_2) ^ (-x_1 v x_4 v x_2) ^ (x_0 v x_1 v x_4)]
5,7,6,0.052207231521606445,0.23204708099365234,[(-x_4 v x_2) ^ (x_3 v -x_2) ^ (x_0 v -x_4 v x_3) ^ (x_1 v -x_3) ^ (-x_4 v x_2 v -x_3) ^ (-x_1 v -x_2 v x_3) ^ (-x_1 v -x_0 v -x_3)]
6,12,1,0.10164403915405273,0.2759437561035156,[(x_1 v -x_4 v -x_0) ^ (-x_1 v -x_2) ^ (x_1 v -x_2) ^ (x_3 v -x_5 v -x_0) ^ (x_4 v x_5 v -x_3) ^ (-x_4 v x_2 v -x_0) ^ (x_4 v x_5 v -x_0) ^ (-x_1 v -x_4) ^ (x_3 v -x_5) ^ (-x_1 v x_2 v -x_0) ^ (x_3 v -x_5 v x_2) ^ (x_0 v x_1 v x_4)]
6,10,8,0.5891017913818359,0.5934019088745117,[(x_1 v -x_4 v -x_2) ^ (x_3 v -x_5 v x_4) ^ (x_0 v x_2 v x_3) ^ (-x_1 v -x_2 v x_0) ^ (x_2 v x_5 v -x_3) ^ (x_1 v x_4 v -x_0) ^ (x_3 v x_2) ^ (x_3 v -x_1 v -x_5) ^ (-x_3 v -x_0) ^ (-x_2 v x_5)]
7,14,1,0.043680667877197266,0.1510791778564453,[(x_6 v x_1 v x_4) ^ (x_3 v x_1 v -x_2) ^ (x_1 v -x_0) ^ (x_3 v -x_2 v x_4) ^ (-x_2 v x_5 v -x_6) ^ (x_6 v -x_2 v x_4) ^ (x_6 v x_1) ^ (x_0 v -x_6) ^ (x_3 v x_6) ^ (-x_5 v -x_3) ^ (x_1 v -x_2 v x_4) ^ (x_6 v -x_4 v x_2) ^ (x_3 v x_4 v -x_6) ^ (x_0 v -x_5 v -x_6)]
7,13,12,0.09706687927246094,0.6470012664794922,[(x_3 v x_1 v -x_5) ^ (-x_1 v x_4) ^ (x_6 v -x_5 v x_2) ^ (-x_4 v x_5 v -x_6) ^ (-x_1 v x_5 v -x_3) ^ (x_6 v -x_2) ^ (-x_1 v -x_5) ^ (x_3 v -x_5 v -x_2) ^ (x_6 v x_2 v -x_0) ^ (x_0 v x_1 v -x_6) ^ (x_1 v -x_2 v -x_0) ^ (x_4 v x_5 v -x_6) ^ (x_6 v -x_4 v -x_0)]
8,19,1,0.10073733329772949,0.2876777648925781,[(-x_4 v -x_2 v -x_6) ^ (x_6 v x_1) ^ (-x_4 v -x_2 v x_5) ^ (x_6 v x_7) ^ (x_7 v x_5 v -x_6) ^ (-x_7 v x_4 v x_2) ^ (x_6 v x_1 v -x_7) ^ (x_0 v x_6 v x_4) ^ (-x_1 v -x_5 v x_4) ^ (-x_2 v -x_3 v -x_0) ^ (-x_1 v -x_7 v -x_0) ^ (-x_1 v -x_6) ^ (x_3 v -x_4 v x_5) ^ (-x_2 v -x_4 v -x_5) ^ (-x_2 v x_4) ^ (x_1 v -x_4 v -x_2) ^ (x_6 v -x_4 v -x_2) ^ (-x_1 v -x_4 v x_5) ^ (x_1 v -x_7 v -x_3)]
8,19,16,9.103687047958374,1.3055219650268555,[(x_1 v x_2 v -x_6) ^ (x_1 v x_7 v x_2) ^ (x_0 v x_7 v x_3) ^ (x_1 v -x_4 v x_5) ^ (x_7 v x_2) ^ (-x_4 v -x_2 v x_5) ^ (x_0 v x_1 v x_5) ^ (-x_1 v -x_7 v x_4) ^ (-x_7 v x_4 v x_2) ^ (x_0 v -x_5 v -x_2) ^ (x_5 v x_2) ^ (x_5 v -x_3) ^ (x_1 v x_2 v -x_0) ^ (x_3 v -x_5 v x_0) ^ (x_1 v -x_6 v -x_3) ^ (-x_1 v -x_4 v x_2) ^ (-x_4 v x_5 v -x_0) ^ (-x_7 v x_5 v -x_3) ^ (x_0 v -x_7 v x_5)]
9,21,1,0.0508115291595459,0.18646812438964844,[(x_7 v x_5 v -x_8) ^ (-x_1 v x_7 v x_5) ^ (x_3 v x_6 v -x_2) ^ (-x_5 v -x_8 v -x_0) ^ (-x_1 v -x_2 v -x_6) ^ (x_3 v -x_7 v -x_5) ^ (-x_7 v -x_5 v x_8) ^ (x_6 v -x_8 v -x_3) ^ (-x_7 v -x_2 v -x_0) ^ (x_0 v x_4 v x_7) ^ (x_3 v -x_7 v x_0) ^ (x_7 v -x_0) ^ (x_3 v x_8 v -x_0) ^ (x_7 v -x_8 v -x_6) ^ (x_3 v x_4 v x_7) ^ (-x_2 v x_5 v -x_3) ^ (-x_1 v x_4) ^ (-x_0 v x_7 v x_4) ^ (-x_1 v x_0 v x_8) ^ (x_3 v -x_4 v -x_8) ^ (x_0 v -x_1 v x_2)]
9,21,23,0.5949921607971191,1.5747404098510742,[(-x_7 v x_5 v x_8) ^ (x_0 v x_4) ^ (-x_1 v x_7 v -x_0) ^ (x_0 v -x_7 v -x_6) ^ (-x_6 v x_2 v x_8) ^ (x_6 v x_1 v -x_4) ^ (x_3 v x_2 v -x_8) ^ (x_6 v x_1) ^ (x_1 v -x_6) ^ (x_0 v x_6 v -x_4) ^ (x_6 v -x_4 v -x_0) ^ (-x_1 v -x_5 v x_4) ^ (x_6 v -x_4 v -x_8) ^ (x_3 v x_1 v x_8) ^ (x_6 v -x_2 v x_7) ^ (x_6 v -x_4 v x_8) ^ (x_6 v -x_4 v -x_3) ^ (-x_5 v x_2 v -x_0) ^ (x_1 v x_4 v -x_8) ^ (x_5 v -x_8 v -x_6) ^ (-x_1 v x_5 v x_2)]
10,13,1,0.04264640808105469,0.1559438705444336,[(x_6 v -x_2 v -x_3) ^ (x_1 v -x_4 v -x_0) ^ (x_5 v x_2) ^ (-x_1 v x_8 v x_0) ^ (x_0 v x_6 v x_4) ^ (x_9 v -x_2 v x_5) ^ (x_0 v x_5 v -x_6) ^ (-x_4 v -x_5 v -x_7) ^ (x_6 v x_4 v -x_3) ^ (-x_1 v x_8 v -x_3) ^ (-x_9 v x_7 v -x_8) ^ (x_0 v -x_1 v -x_5) ^ (x_9 v x_5 v -x_8)]
10,15,32,13.589841842651367,1.625802993774414,[(-x_1 v x_9 v -x_7) ^ (x_0 v x_6 v -x_8) ^ (x_9 v -x_4 v -x_8) ^ (x_1 v -x_7 v -x_0) ^ (-x_9 v x_1) ^ (x_6 v x_2 v -x_0) ^ (-x_1 v x_9 v x_3) ^ (x_1 v x_9 v x_8) ^ (-x_9 v x_4 v x_8) ^ (x_8 v -x_6 v -x_0) ^ (-x_0 v x_2 v -x_6) ^ (x_6 v -x_4 v -x_0) ^ (x_9 v -x_7) ^ (x_6 v x_1 v -x_5) ^ (x_3 v x_4 v -x_0)]
11,32,1,0.07904577255249023,0.2204418182373047,[(x_1 v -x_2 v -x_5) ^ (x_6 v x_5 v -x_3) ^ (x_0 v -x_2 v -x_8) ^ (x_3 v -x_7) ^ (x_10 v x_7 v x_8) ^ (x_3 v -x_10 v -x_5) ^ (-x_4 v -x_6 v -x_3) ^ (-x_1 v -x_7 v x_10) ^ (-x_7 v x_4 v x_8) ^ (x_9 v x_7 v -x_6) ^ (-x_5 v x_10 v x_7) ^ (x_6 v -x_5 v -x_2) ^ (x_9 v -x_5 v -x_0) ^ (-x_10 v x_7 v -x_6) ^ (x_6 v -x_10) ^ (x_2 v x_5 v -x_0) ^ (x_0 v -x_7 v x_3) ^ (-x_9 v -x_7 v -x_8) ^ (-x_7 v x_10) ^ (-x_0 v x_4 v x_8) ^ (x_7 v -x_8 v x_4) ^ (x_3 v x_4 v -x_2) ^ (x_0 v -x_10 v x_5) ^ (-x_4 v -x_10 v -x_0) ^ (-x_1 v -x_9 v x_3) ^ (x_3 v x_1 v x_5) ^ (-x_1 v -x_4 v -x_0) ^ (-x_1 v -x_7 v -x_6) ^ (-x_2 v -x_8) ^ (x_0 v x_9 v x_10) ^ (x_0 v x_10 v x_3) ^ (-x_4 v x_7 v -x_8)]
11,29,46,inf,3.8796873092651367,[(x_3 v x_7 v -x_0) ^ (x_1 v x_8 v -x_6) ^ (x_10 v x_2 v -x_0) ^ (-x_1 v -x_9 v x_8) ^ (-x_2 v -x_3 v x_4) ^ (-x_2 v -x_5 v x_10) ^ (x_3 v -x_8) ^ (-x_2 v -x_8 v -x_0) ^ (x_1 v x_5 v -x_0) ^ (-x_1 v -x_8 v -x_6) ^ (-x_9 v x_10 v x_4) ^ (x_6 v -x_2) ^ (-x_9 v x_1) ^ (-x_1 v -x_9 v x_7) ^ (-x_1 v x_5 v -x_6) ^ (x_3 v -x_7 v -x_0) ^ (x_3 v x_9 v x_7) ^ (-x_1 v -x_4 v -x_2) ^ (x_0 v -x_9 v x_3) ^ (-x_10 v -x_3) ^ (-x_1 v x_6 v -x_5) ^ (x_2 v x_8) ^ (x_0 v x_6 v x_5) ^ (-x_9 v x_2) ^ (-x_5 v x_2 v -x_8) ^ (-x_10 v -x_3 v -x_6) ^ (-x_9 v -x_10 v -x_3) ^ (x_1 v -x_4 v -x_10) ^ (x_6 v x_10 v -x_0)]
12,24,1,0.10635066032409668,0.19084453582763672,[(-x_4 v -x_5) ^ (-x_4 v x_10 v x_2) ^ (x_1 v x_4 v -x_6) ^ (x_6 v -x_7 v x_10) ^ (x_10 v x_7 v -x_3) ^ (-x_11 v -x_7 v -x_6) ^ (-x_9 v -x_2 v x_4) ^ (x_3 v -x_4 v x_10) ^ (x_0 v x_6 v x_4) ^ (x_10 v x_8) ^ (-x_1 v x_4 v -x_11) ^ (x_6 v x_8 v -x_0) ^ (-x_10 v -x_7 v -x_11) ^ (-x_9 v -x_4) ^ (x_11 v -x_1 v -x_2) ^ (-x_9 v x_10 v -x_3) ^ (x_0 v -x_10 v -x_8) ^ (x_11 v x_4 v -x_3) ^ (-x_9 v -x_10 v -x_8) ^ (-x_6 v -x_0) ^ (x_6 v -x_9 v -x_2) ^ (x_0 v -x_7 v x_10) ^ (x_1 v x_9 v x_8) ^ (-x_1 v -x_5 v x_8)]
12,36,64,inf,7.250419616699219,[(x_11 v -x_5 v -x_2) ^ (-x_9 v x_10 v -x_6) ^ (x_3 v -x_0) ^ (x_0 v -x_7 v -x_6) ^ (-x_1 v -x_2 v x_8) ^ (x_11 v x_9 v -x_10) ^ (x_1 v -x_10 v x_2) ^ (x_4 v x_2) ^ (-x_8 v -x_6) ^ (x_11 v x_1 v x_8) ^ (x_11 v x_9 v x_10) ^ (x_1 v -x_5 v -x_3) ^ (x_6 v -x_4) ^ (x_11 v x_1 v x_3) ^ (x_3 v -x_7 v x_11) ^ (-x_9 v -x_5 v x_8) ^ (x_0 v x_6 v x_9) ^ (-x_10 v x_4 v x_5) ^ (x_1 v -x_10 v x_5) ^ (-x_9 v -x_4) ^ (x_11 v x_6 v -x_5) ^ (-x_4 v -x_7 v -x_6) ^ (-x_7 v x_10 v -x_6) ^ (x_3 v x_9 v x_0) ^ (x_0 v x_1) ^ (-x_1 v -x_4 v -x_11) ^ (-x_7 v -x_10 v -x_11) ^ (x_0 v -x_9 v x_8) ^ (x_1 v -x_6 v x_8) ^ (x_9 v x_2 v x_8) ^ (-x_7 v -x_3 v x_8) ^ (x_0 v x_9 v x_7) ^ (-x_10 v x_4 v x_2) ^ (-x_1 v -x_5 v x_11) ^ (-x_1 v -x_9 v -x_8) ^ (x_1 v -x_9 v -x_5)]
13,22,1,0.10276079177856445,0.1791534423828125,[(-x_9 v x_12 v -x_0) ^ (x_11 v -x_5 v -x_2) ^ (x_9 v -x_5 v -x_7) ^ (x_8 v x_10 v x_4) ^ (-x_1 v x_7 v x_0) ^ (x_3 v x_7 v x_0) ^ (-x_4 v -x_10 v -x_8) ^ (x_0 v -x_11 v -x_6) ^ (x_0 v -x_9 v x_10) ^ (x_1 v -x_4) ^ (-x_1 v x_6 v -x_2) ^ (-x_9 v -x_5 v x_8) ^ (-x_11 v x_2 v -x_3) ^ (-x_11 v x_5 v x_8) ^ (x_11 v x_1 v -x_7) ^ (x_11 v x_2 v x_5) ^ (x_9 v -x_2 v -x_10) ^ (x_3 v x_6 v -x_10) ^ (x_3 v -x_10 v -x_8) ^ (x_1 v -x_10 v -x_11) ^ (-x_7 v -x_3) ^ (x_0 v -x_4 v x_8)]
13,14,91,136.8046190738678,4.469867706298828,[(x_4 v x_7 v -x_3) ^ (x_6 v x_1 v x_8) ^ (-x_6 v x_4 v -x_11) ^ (x_8 v x_12 v -x_3) ^ (-x_9 v x_12 v -x_6) ^ (x_6 v -x_12 v -x_8) ^ (x_11 v -x_1 v -x_2) ^ (-x_1 v x_5 v x_2) ^ (x_6 v x_1 v x_5) ^ (-x_9 v x_2 v x_8) ^ (-x_1 v -x_10) ^ (x_8 v -x_10 v -x_0) ^ (x_6 v x_7 v -x_0) ^ (x_3 v x_6 v x_12)]
5,12,1,0.07404780387878418,1.0495166778564453,[(x_1 v -x_4 v -x_0) ^ (-x_1 v x_4) ^ (x_3 v -x_1 v x_4) ^ (-x_1 v -x_2 v -x_3) ^ (-x_0 v -x_2 v x_4) ^ (x_4 v -x_0) ^ (x_0 v x_2) ^ (x_1 v -x_4 v x_2) ^ (-x_0 v -x_2 v -x_3) ^ (x_3 v -x_2 v -x_0) ^ (x_3 v x_4 v -x_0) ^ (-x_1 v x_4 v -x_0)]
5,13,6,0.06299543380737305,0.39813899993896484,[(x_1 v x_4 v x_2) ^ (-x_0 v -x_3) ^ (x_1 v x_2 v -x_0) ^ (-x_4 v -x_0) ^ (-x_1 v -x_4) ^ (x_3 v x_1) ^ (x_1 v -x_4 v -x_3) ^ (x_0 v x_4 v -x_2) ^ (x_0 v x_1 v x_3) ^ (x_1 v -x_2 v x_4) ^ (-x_1 v -x_4 v x_2) ^ (x_0 v x_1 v -x_3) ^ (-x_1 v x_4 v -x_0)]
6,9,1,0.041237831115722656,0.1313915252685547,[(-x_4 v x_2) ^ (x_3 v x_4 v -x_0) ^ (x_3 v x_2 v -x_0) ^ (-x_4 v -x_0) ^ (-x_5 v -x_3 v x_4) ^ (-x_1 v x_2 v -x_0) ^ (-x_1 v -x_4 v x_2) ^ (x_3 v -x_2 v -x_0) ^ (-x_1 v x_4 v x_3)]
6,6,8,0.049875497817993164,0.2689485549926758,[(x_0 v -x_5 v -x_2) ^ (x_1 v -x_5 v -x_3) ^ (x_1 v x_2 v -x_3) ^ (-x_5 v -x_3) ^ (-x_4 v x_5 v -x_0) ^ (x_3 v x_4 v -x_0)]
7,9,1,0.0368502140045166,0.12899017333984375,[(-x_0 v x_6 v -x_3) ^ (x_3 v -x_2 v x_4) ^ (-x_1 v -x_4) ^ (x_1 v -x_5 v -x_0) ^ (x_3 v -x_2 v x_5) ^ (-x_2 v -x_5 v -x_0) ^ (x_0 v -x_2 v -x_6) ^ (x_0 v -x_5) ^ (x_3 v x_1 v -x_0)]
7,17,12,0.13390779495239258,0.7189788818359375,[(x_3 v x_5) ^ (-x_1 v x_6 v -x_5) ^ (x_3 v -x_4 v x_0) ^ (-x_5 v -x_0) ^ (x_0 v x_6) ^ (x_0 v x_4 v -x_3) ^ (-x_4 v -x_2 v -x_6) ^ (-x_5 v x_2 v -x_6) ^ (x_5 v -x_0) ^ (-x_1 v -x_6) ^ (-x_1 v x_3 v -x_6) ^ (x_3 v x_6 v -x_4) ^ (-x_1 v -x_2 v x_5) ^ (x_4 v x_2) ^ (-x_1 v x_6 v -x_0) ^ (x_6 v x_1 v -x_3) ^ (-x_1 v x_4 v -x_0)]
8,18,1,0.0481410026550293,0.15081501007080078,[(x_3 v x_7 v x_4) ^ (-x_4 v -x_5 v -x_0) ^ (x_1 v -x_3) ^ (-x_2 v -x_5) ^ (-x_1 v x_6 v x_4) ^ (-x_1 v -x_4 v -x_2) ^ (x_0 v -x_3) ^ (x_5 v -x_0) ^ (x_3 v -x_4 v -x_5) ^ (x_6 v -x_7 v -x_5) ^ (x_3 v x_2) ^ (x_3 v x_0) ^ (x_3 v x_1 v x_5) ^ (x_0 v -x_5) ^ (-x_1 v -x_5 v -x_6) ^ (x_3 v -x_5 v x_2) ^ (-x_4 v -x_5 v -x_3) ^ (x_1 v -x_2 v x_7)]
8,9,16,0.12244701385498047,0.6745710372924805,[(-x_1 v -x_2 v x_7) ^ (x_3 v x_6 v -x_5) ^ (x_0 v x_6 v x_5) ^ (-x_5 v x_2 v -x_3) ^ (-x_2 v -x_4 v -x_5) ^ (x_6 v -x_7 v -x_3) ^ (-x_1 v -x_7 v x_5) ^ (x_1 v x_5 v -x_3) ^ (x_6 v x_1 v x_7)]
9,18,1,0.05302572250366211,0.1632061004638672,[(x_8 v -x_2 v x_4) ^ (-x_1 v -x_4 v -x_6) ^ (x_5 v x_2) ^ (x_4 v x_8) ^ (-x_3 v -x_8 v -x_6) ^ (x_6 v x_1 v x_8) ^ (-x_1 v x_4 v x_8) ^ (x_1 v x_4 v -x_6) ^ (x_6 v -x_8) ^ (x_6 v -x_2 v x_4) ^ (x_3 v x_8 v -x_0) ^ (x_3 v x_6 v x_5) ^ (-x_7 v -x_8 v -x_3) ^ (-x_4 v -x_3) ^ (-x_1 v x_7 v x_2) ^ (x_0 v -x_1 v x_7) ^ (-x_5 v x_2 v -x_0) ^ (-x_1 v x_4 v -x_0)]
9,27,23,0.5627796649932861,1.9107666015625,[(x_3 v -x_7 v x_8) ^ (-x_4 v x_2 v -x_3) ^ (x_3 v x_5 v -x_0) ^ (x_6 v x_5 v -x_3) ^ (-x_4 v -x_2 v -x_7) ^ (-x_0 v x_2 v -x_6) ^ (x_4 v -x_8) ^ (-x_7 v -x_5 v x_8) ^ (x_5 v -x_8) ^ (x_0 v -x_8 v -x_3) ^ (x_6 v -x_2) ^ (-x_1 v -x_6) ^ (x_0 v -x_7 v -x_3) ^ (x_3 v -x_4 v -x_0) ^ (-x_4 v -x_2 v x_8) ^ (x_1 v -x_7 v x_2) ^ (x_2 v x_7 v x_5) ^ (x_7 v -x_0) ^ (-x_5 v x_4 v -x_3) ^ (-x_4 v -x_3 v -x_0) ^ (-x_7 v x_5) ^ (x_0 v x_4 v x_5) ^ (x_3 v x_7 v x_8) ^ (x_1 v x_4 v -x_8) ^ (x_0 v -x_7 v -x_5) ^ (x_4 v x_5) ^ (x_3 v x_4)]
10,14,1,0.046823740005493164,0.1474294662475586,[(-x_9 v x_2 v -x_8) ^ (-x_0 v -x_9 v x_8) ^ (x_3 v x_1 v -x_2) ^ (x_0 v x_2 v -x_6) ^ (-x_0 v -x_3 v x_8) ^ (x_0 v -x_5 v -x_8) ^ (-x_4 v -x_7 v -x_6) ^ (x_9 v x_4 v x_2) ^ (x_7 v -x_8 v -x_6) ^ (-x_4 v -x_2 v -x_7) ^ (-x_4 v x_5) ^ (x_4 v -x_3 v -x_0) ^ (-x_9 v x_2 v -x_6) ^ (x_3 v x_4)]
10,12,32,0.24235224723815918,1.2069473266601562,[(-x_2 v x_4 v x_8) ^ (-x_1 v -x_8 v -x_6) ^ (x_3 v -x_0) ^ (x_3 v -x_4 v x_7) ^ (x_3 v -x_7 v x_8) ^ (x_3 v -x_4 v x_2) ^ (-x_4 v -x_7 v -x_0) ^ (x_6 v x_5 v -x_3) ^ (x_1 v -x_4 v -x_8) ^ (x_6 v -x_4 v -x_5) ^ (x_9 v -x_7) ^ (-x_4 v -x_8 v -x_0)]
11,17,1,0.05062580108642578,0.16432476043701172,[(-x_9 v -x_2 v x_5) ^ (x_8 v x_10 v -x_3) ^ (-x_10 v -x_3 v x_8) ^ (-x_1 v x_6 v -x_7) ^ (x_6 v -x_2 v x_8) ^ (-x_6 v x_7 v -x_0) ^ (-x_9 v -x_6 v -x_0) ^ (x_0 v -x_4 v x_7) ^ (x_1 v x_2) ^ (x_0 v -x_2 v -x_8) ^ (-x_5 v x_9 v x_10) ^ (-x_5 v x_7 v -x_8) ^ (x_6 v -x_9 v x_5) ^ (x_6 v -x_9 v -x_10) ^ (x_4 v x_7 v x_8) ^ (x_1 v x_4) ^ (x_0 v x_9)]
11,31,46,inf,4.563885688781738,[(-x_2 v -x_5 v -x_3) ^ (-x_10 v x_7) ^ (x_10 v -x_3 v -x_0) ^ (-x_5 v x_7 v x_8) ^ (x_9 v x_7 v x_5) ^ (x_3 v -x_9 v x_2) ^ (-x_7 v -x_5 v -x_8) ^ (-x_4 v x_7 v -x_3) ^ (x_6 v -x_10 v -x_7) ^ (-x_10 v -x_8 v -x_0) ^ (-x_4 v x_7 v -x_6) ^ (-x_1 v -x_7 v -x_0) ^ (-x_4 v -x_10 v -x_3) ^ (x_0 v x_6 v x_7) ^ (x_9 v -x_5 v -x_0) ^ (-x_4 v -x_5 v x_8) ^ (-x_5 v -x_8) ^ (x_1 v -x_8 v -x_6) ^ (-x_5 v x_4 v x_8) ^ (x_3 v -x_8 v -x_6) ^ (x_0 v x_3 v -x_8) ^ (-x_9 v x_4 v -x_0) ^ (x_6 v -x_5 v x_4) ^ (-x_0 v x_10 v x_4) ^ (-x_2 v -x_5 v -x_0) ^ (x_6 v x_9 v -x_5) ^ (-x_10 v -x_5 v x_7) ^ (x_0 v x_9 v x_7) ^ (x_1 v -x_5 v -x_6) ^ (x_0 v -x_4 v x_2) ^ (-x_1 v -x_9 v -x_8)]
12,34,1,0.1388225555419922,0.21310997009277344,[(-x_2 v x_7 v -x_6) ^ (x_11 v x_1 v -x_6) ^ (x_3 v -x_7 v x_8) ^ (-x_2 v -x_10 v -x_5) ^ (x_0 v x_8 v -x_11) ^ (x_11 v -x_10 v -x_3) ^ (-x_1 v -x_2 v -x_11) ^ (x_0 v x_2 v -x_6) ^ (-x_9 v -x_10 v -x_6) ^ (x_3 v x_4 v x_11) ^ (-x_5 v x_10 v -x_3) ^ (x_11 v -x_2 v -x_6) ^ (-x_1 v x_10 v x_11) ^ (-x_4 v -x_10) ^ (x_6 v x_9 v x_2) ^ (-x_9 v -x_4 v -x_8) ^ (-x_9 v -x_8 v -x_3) ^ (x_11 v x_2 v -x_3) ^ (-x_1 v x_10 v -x_8) ^ (x_3 v x_1 v -x_7) ^ (-x_1 v x_10 v x_7) ^ (x_0 v x_6 v x_5) ^ (-x_9 v -x_10) ^ (x_11 v x_4 v x_3) ^ (x_11 v -x_4 v -x_6) ^ (x_0 v x_9 v x_10) ^ (-x_10 v -x_3 v -x_11) ^ (-x_1 v -x_9 v x_0) ^ (x_3 v x_7 v -x_11) ^ (-x_9 v x_5 v -x_0) ^ (-x_11 v -x_4 v -x_3) ^ (x_9 v -x_2 v -x_6) ^ (x_6 v x_8) ^ (-x_0 v x_8)]
12,28,64,inf,5.463996887207031,[(x_1 v -x_5 v -x_8) ^ (x_6 v -x_7 v x_8) ^ (x_3 v -x_1 v -x_0) ^ (x_3 v -x_10 v -x_2) ^ (x_9 v -x_2 v x_8) ^ (-x_2 v x_10) ^ (x_3 v x_9 v -x_4) ^ (x_6 v -x_9 v x_10) ^ (x_3 v -x_10 v x_2) ^ (x_4 v -x_8 v -x_6) ^ (x_2 v -x_11) ^ (x_8 v -x_11) ^ (x_0 v -x_7 v x_2) ^ (x_0 v -x_7 v -x_3) ^ (x_0 v -x_5 v x_2) ^ (x_0 v x_11 v -x_3) ^ (x_6 v x_7 v -x_3) ^ (x_9 v x_2 v -x_0) ^ (x_11 v -x_7 v -x_0) ^ (-x_0 v x_5 v -x_6) ^ (x_3 v x_6 v x_4) ^ (x_3 v -x_9 v -x_11) ^ (-x_4 v -x_6 v -x_11) ^ (-x_2 v -x_0) ^ (x_9 v -x_5) ^ (x_4 v -x_0) ^ (x_9 v -x_2 v -x_0) ^ (-x_10 v -x_3 v -x_6)]
13,38,1,0.1509253978729248,0.22630882263183594,[(x_10 v -x_9 v -x_2) ^ (-x_5 v x_10 v x_2) ^ (x_0 v -x_12 v -x_6) ^ (-x_4 v x_10 v x_2) ^ (x_12 v -x_9 v -x_4) ^ (-x_10 v x_4) ^ (x_0 v -x_12 v -x_8) ^ (-x_1 v -x_3 v x_0) ^ (-x_9 v -x_5 v -x_0) ^ (-x_12 v -x_10 v x_7) ^ (-x_4 v -x_6 v -x_0) ^ (x_6 v -x_2 v -x_0) ^ (x_3 v -x_4 v x_10) ^ (x_1 v -x_5 v -x_3) ^ (x_3 v -x_7 v x_10) ^ (x_1 v x_9 v -x_10) ^ (x_9 v x_12 v x_8) ^ (-x_12 v x_7 v -x_8) ^ (-x_4 v x_5 v -x_3) ^ (x_0 v x_10 v x_8) ^ (-x_5 v x_7) ^ (-x_12 v x_4 v -x_8) ^ (x_3 v x_4 v -x_8) ^ (x_3 v x_2 v -x_0) ^ (x_9 v x_12 v -x_2) ^ (-x_12 v x_6 v x_1) ^ (x_12 v x_7 v x_8) ^ (x_3 v x_4 v x_8) ^ (x_8 v -x_3) ^ (x_9 v x_10 v x_7) ^ (-x_1 v -x_9 v -x_0) ^ (x_11 v x_12 v x_4) ^ (x_6 v x_2 v -x_0) ^ (x_0 v -x_12 v x_10) ^ (x_3 v -x_9 v -x_0) ^ (x_0 v x_6 v x_12) ^ (-x_0 v x_7 v x_4) ^ (x_0 v -x_4 v -x_10)]
13,16,91,80.69068050384521,4.940323829650879,[(-x_10 v -x_3 v x_8) ^ (-x_2 v x_5 v -x_6) ^ (-x_2 v x_8) ^ (x_1 v x_12 v -x_7) ^ (x_3 v x_1 v -x_4) ^ (-x_12 v x_10 v -x_5) ^ (x_11 v x_9 v x_7) ^ (x_11 v -x_4 v x_0) ^ (-x_1 v -x_2 v x_8) ^ (x_12 v x_9 v x_4) ^ (x_1 v x_4 v x_8) ^ (x_11 v -x_2 v x_8) ^ (x_3 v x_9 v -x_7) ^ (x_11 v -x_10 v x_3) ^ (-x_9 v x_4) ^ (-x_12 v -x_9 v -x_10)]
5,14,1,0.28304004669189453,1.4572887420654297,[(x_4 v x_2 v -x_3) ^ (x_2 v -x_0) ^ (x_0 v -x_2) ^ (x_0 v -x_1) ^ (-x_1 v -x_3 v -x_0) ^ (-x_4 v -x_2 v -x_0) ^ (x_0 v -x_4) ^ (x_4 v -x_0) ^ (-x_1 v x_2) ^ (x_0 v x_2) ^ (-x_1 v -x_0) ^ (x_3 v x_1 v x_4) ^ (x_3 v x_1 v -x_0) ^ (x_0 v x_1 v -x_3)]
5,13,6,0.46074867248535156,0.5328407287597656,[(x_3 v x_4 v x_2) ^ (x_0 v x_4) ^ (x_0 v x_4 v -x_3) ^ (x_0 v x_1 v -x_4) ^ (x_3 v -x_4) ^ (x_3 v x_1 v x_0) ^ (-x_1 v x_4 v -x_3) ^ (-x_4 v x_2 v -x_3) ^ (x_1 v x_2) ^ (x_0 v x_2) ^ (-x_1 v x_4 v x_0) ^ (-x_1 v x_4 v x_2) ^ (-x_4 v -x_3)]
6,13,1,0.04462027549743652,0.14034271240234375,[(x_1 v x_4 v x_2) ^ (x_3 v x_4 v -x_0) ^ (-x_5 v x_4) ^ (-x_1 v -x_4 v -x_0) ^ (x_0 v x_5) ^ (x_0 v -x_1) ^ (x_3 v -x_1 v x_5) ^ (x_1 v -x_5 v -x_3) ^ (-x_2) ^ (-x_0 v -x_4 v -x_3) ^ (x_4 v -x_3) ^ (-x_2 v -x_3) ^ (x_1 v x_5 v -x_0)]
6,16,8,0.09025788307189941,0.5077705383300781,[(x_3 v -x_2) ^ (x_1 v -x_2 v -x_3) ^ (x_0 v x_5) ^ (-x_4 v x_2 v -x_0) ^ (x_3 v -x_2 v x_0) ^ (x_3 v -x_4) ^ (-x_1 v -x_5 v x_4) ^ (-x_4 v -x_2 v -x_0) ^ (x_3 v x_2) ^ (-x_2 v -x_5 v -x_0) ^ (-x_1 v x_4 v x_2) ^ (x_0 v x_1) ^ (x_3 v -x_1 v -x_2) ^ (-x_4 v x_5 v -x_3) ^ (x_4 v x_2 v -x_0) ^ (-x_1 v -x_2 v -x_0)]
7,13,1,0.10401105880737305,0.2750711441040039,[(-x_1 v -x_3) ^ (-x_1 v x_4) ^ (x_0 v x_6) ^ (-x_1 v -x_4 v -x_0) ^ (x_1 v x_2 v -x_0) ^ (x_3 v -x_4) ^ (x_6 v -x_2 v x_5) ^ (x_1 v -x_4 v -x_3) ^ (-x_1 v x_2) ^ (-x_1 v x_2 v x_3) ^ (x_1 v -x_2 v -x_6) ^ (-x_0 v -x_5 v x_4) ^ (x_1 v x_4 v -x_3)]
7,15,12,0.12878155708312988,0.6669731140136719,[(x_3 v x_1 v -x_5) ^ (x_3 v -x_0) ^ (-x_1 v x_4) ^ (-x_6 v -x_2 v -x_3) ^ (-x_6 v -x_2 v -x_0) ^ (x_0 v -x_2 v x_4) ^ (-x_1 v x_6 v x_0) ^ (x_3 v x_1) ^ (x_1 v -x_5 v -x_0) ^ (x_0 v x_5 v -x_3) ^ (-x_4 v -x_6) ^ (x_1 v -x_2 v -x_0) ^ (x_0 v -x_4 v x_2) ^ (x_1 v x_5 v -x_3) ^ (-x_1 v x_6 v -x_2)]
8,18,1,0.05033254623413086,0.16963481903076172,[(-x_2 v -x_5 v x_4) ^ (x_3 v x_1 v -x_5) ^ (-x_2 v x_7 v x_4) ^ (x_1 v -x_4 v -x_2) ^ (x_0 v x_4 v -x_3) ^ (-x_4 v x_7) ^ (-x_4 v x_5 v -x_6) ^ (x_3 v -x_4 v x_7) ^ (x_3 v -x_2 v x_4) ^ (-x_0 v x_7 v -x_3) ^ (x_2 v -x_6) ^ (-x_4 v -x_6 v -x_3) ^ (x_3 v -x_7 v x_5) ^ (-x_5 v x_2 v -x_0) ^ (-x_7 v x_2 v x_5) ^ (x_0 v x_1 v x_4) ^ (x_6 v -x_7 v x_5) ^ (-x_0 v x_5 v -x_6)]
8,24,16,0.29741811752319336,1.3086233139038086,[(x_0 v -x_4 v -x_5) ^ (x_3 v x_0 v -x_6) ^ (x_0 v x_4) ^ (x_6 v -x_7 v -x_5) ^ (x_6 v x_4 v -x_3) ^ (x_5 v x_2 v -x_3) ^ (-x_1 v -x_3) ^ (x_1 v x_7 v x_5) ^ (x_6 v x_1 v -x_7) ^ (x_0 v x_6 v -x_7) ^ (x_6 v -x_2 v x_5) ^ (x_6 v x_1 v -x_3) ^ (x_1 v -x_7 v x_4) ^ (-x_4 v x_7 v x_2) ^ (x_7 v -x_6) ^ (x_0 v x_6 v -x_3) ^ (x_3 v -x_5 v x_2) ^ (-x_4 v x_5 v -x_0) ^ (-x_1 v -x_4 v -x_0) ^ (-x_5 v -x_3 v -x_0) ^ (-x_4 v x_5 v -x_6) ^ (-x_1 v x_5 v -x_3) ^ (-x_1 v -x_2 v x_5) ^ (x_3 v x_4)]
9,18,1,0.04792618751525879,0.16904449462890625,[(x_3 v -x_1 v x_5) ^ (-x_2 v x_5 v -x_6) ^ (x_1 v -x_7 v -x_0) ^ (x_3 v x_5 v x_2) ^ (x_1 v -x_4 v x_5) ^ (-x_5 v -x_8 v -x_3) ^ (-x_1 v x_5 v -x_0) ^ (-x_6 v -x_3) ^ (x_3 v x_6 v -x_8) ^ (x_4 v x_5 v -x_8) ^ (x_0 v -x_7 v -x_8) ^ (x_3 v x_4 v x_8) ^ (x_0 v x_4 v x_3) ^ (-x_1 v x_5 v -x_6) ^ (x_1 v x_7 v -x_8) ^ (x_3 v x_6 v -x_0) ^ (x_2 v -x_8) ^ (x_0 v x_6 v -x_5)]
9,24,23,0.7889752388000488,1.914750099182129,[(x_3 v -x_8 v -x_0) ^ (-x_5 v x_2 v x_8) ^ (-x_2 v x_7 v x_4) ^ (x_0 v x_2 v -x_6) ^ (x_8 v -x_5 v -x_3) ^ (x_0 v x_6 v -x_7) ^ (-x_6 v -x_3 v x_8) ^ (x_0 v -x_5 v x_3) ^ (-x_4 v -x_7 v x_8) ^ (x_0 v x_6 v x_7) ^ (x_3 v -x_0 v -x_6) ^ (x_2 v -x_8 v -x_6) ^ (-x_2 v x_5 v -x_8) ^ (x_0 v x_1 v x_7) ^ (-x_5 v -x_8 v -x_6) ^ (x_2 v -x_8 v -x_3) ^ (x_1 v x_4 v -x_8) ^ (-x_2 v x_7) ^ (-x_7 v -x_2 v x_5) ^ (x_2 v x_5 v -x_3) ^ (x_3 v x_2) ^ (x_0 v x_4 v -x_6) ^ (x_0 v x_5 v -x_3) ^ (x_1 v x_4 v x_8)]
10,27,1,0.0614926815032959,0.19283008575439453,[(-x_0 v -x_3) ^ (-x_6 v x_4 v -x_3) ^ (x_4 v -x_8) ^ (-x_4 v x_9 v x_5) ^ (-x_9 v -x_5 v -x_6) ^ (x_5 v x_8) ^ (-x_1 v -x_6) ^ (x_6 v x_2) ^ (x_0 v x_9 v x_2) ^ (-x_1 v -x_8 v -x_0) ^ (x_3 v x_4 v -x_6) ^ (-x_0 v -x_2 v -x_6) ^ (x_0 v x_4 v -x_8) ^ (x_1 v x_4) ^ (x_1 v -x_7 v -x_5) ^ (x_2 v -x_0) ^ (x_9 v x_2) ^ (x_3 v x_6 v -x_0) ^ (x_0 v -x_4 v x_9) ^ (-x_4 v -x_5 v -x_3) ^ (-x_1 v x_2 v -x_3) ^ (-x_4 v x_2 v -x_0) ^ (-x_1 v x_5 v -x_3) ^ (x_0 v -x_4 v -x_8) ^ (x_0 v x_7 v x_8) ^ (x_9 v -x_2 v -x_7) ^ (-x_6 v x_2 v -x_3)]
10,29,32,4.2552149295806885,3.2728796005249023,[(-x_1 v -x_5 v -x_2) ^ (-x_4 v -x_0) ^ (x_0 v x_7 v x_3) ^ (x_3 v -x_2 v x_7) ^ (x_2 v x_5 v -x_6) ^ (x_9 v x_5 v -x_8) ^ (x_1 v -x_2 v -x_8) ^ (x_3 v x_5 v x_0) ^ (x_1 v -x_3 v -x_0) ^ (-x_7 v x_4 v x_2) ^ (-x_0 v -x_9 v -x_6) ^ (x_3 v -x_9 v -x_5) ^ (x_3 v x_9 v -x_6) ^ (-x_4 v -x_7 v -x_3) ^ (x_1 v x_4 v x_2) ^ (x_9 v x_2 v -x_7) ^ (-x_4 v x_7 v x_2) ^ (x_8 v x_7 v -x_6) ^ (x_1 v x_5 v -x_8) ^ (-x_1 v -x_5 v -x_6) ^ (-x_4 v -x_3 v -x_0) ^ (-x_5 v x_2 v -x_0) ^ (x_2 v -x_8 v -x_3) ^ (x_3 v x_1 v -x_2) ^ (-x_0 v x_7 v x_8) ^ (-x_9 v x_5 v -x_3) ^ (x_6 v x_4 v x_5) ^ (x_6 v -x_9 v x_2) ^ (-x_9 v -x_3 v -x_0)]
11,33,1,0.07064270973205566,0.23627090454101562,[(-x_9 v -x_6) ^ (x_1 v -x_2 v -x_5) ^ (x_3 v x_10) ^ (x_3 v -x_4 v x_7) ^ (x_9 v -x_10 v x_8) ^ (x_1 v -x_5 v x_8) ^ (x_6 v x_4 v -x_3) ^ (x_9 v -x_5 v x_7) ^ (x_3 v -x_0 v x_8) ^ (x_2 v x_5 v -x_6) ^ (x_4 v x_7 v x_8) ^ (-x_7 v -x_5 v x_2) ^ (x_6 v x_1 v -x_7) ^ (x_3 v x_10 v x_7) ^ (x_9 v -x_5 v x_4) ^ (-x_10 v -x_5 v -x_6) ^ (-x_9 v x_4 v x_8) ^ (-x_4 v -x_5 v x_8) ^ (x_0 v x_1 v -x_8) ^ (x_1 v -x_5 v x_4) ^ (x_9 v x_10 v -x_8) ^ (-x_6 v -x_3) ^ (x_7 v x_2 v x_4) ^ (x_9 v -x_7 v x_8) ^ (x_6 v x_4 v -x_0) ^ (x_9 v -x_6 v x_8) ^ (-x_4 v -x_5 v x_2) ^ (-x_9 v -x_4 v -x_0) ^ (-x_6 v x_10 v -x_3) ^ (-x_4 v x_10 v -x_7) ^ (-x_5 v x_7 v -x_8) ^ (-x_1 v x_6 v x_5) ^ (-x_7 v x_4 v -x_0)]
11,32,46,inf,4.795904159545898,[(x_9 v -x_2 v -x_8) ^ (x_1 v x_9 v -x_7) ^ (x_6 v -x_9 v -x_4) ^ (-x_4 v x_2 v x_8) ^ (x_5 v -x_0) ^ (-x_1 v x_5 v -x_0) ^ (-x_6 v x_10 v x_8) ^ (-x_1 v -x_5 v x_2) ^ (x_0 v -x_4 v x_5) ^ (-x_1 v x_6 v -x_8) ^ (x_10 v -x_2 v -x_8) ^ (x_0 v -x_9 v -x_10) ^ (x_3 v -x_9 v x_10) ^ (x_9 v -x_4 v -x_2) ^ (-x_7 v x_10 v x_2) ^ (-x_4 v x_5 v -x_7) ^ (-x_1 v -x_5 v x_4) ^ (-x_1 v x_7 v -x_3) ^ (x_10 v -x_3) ^ (x_0 v -x_1 v x_3) ^ (x_9 v -x_7 v -x_0) ^ (x_1 v x_4 v x_2) ^ (-x_7 v x_4 v x_5) ^ (-x_2 v -x_4 v x_10) ^ (x_0 v x_7 v -x_6) ^ (-x_1 v -x_4 v x_2) ^ (-x_10 v -x_5 v -x_7) ^ (-x_1 v x_6 v -x_5) ^ (x_9 v -x_6) ^ (x_6 v x_7 v x_5) ^ (x_0 v x_10) ^ (x_3 v x_9 v -x_5)]
12,35,1,0.12134623527526855,0.2227344512939453,[(x_11 v -x_6 v -x_0) ^ (x_10 v -x_2 v x_7) ^ (x_6 v -x_10 v -x_7) ^ (x_6 v x_10 v x_8) ^ (x_7 v x_5 v -x_6) ^ (-x_7 v -x_5 v x_8) ^ (-x_4 v x_7) ^ (x_11 v x_1 v x_2) ^ (-x_7 v x_2 v -x_8) ^ (-x_1 v -x_7 v -x_0) ^ (x_9 v -x_4) ^ (x_1 v -x_6 v -x_11) ^ (x_4 v -x_6) ^ (x_9 v x_4 v -x_8) ^ (-x_7 v -x_10 v x_4) ^ (x_1 v x_9 v x_4) ^ (x_10 v x_2 v -x_11) ^ (x_11 v x_1 v x_9) ^ (x_0 v -x_10 v -x_11) ^ (x_2 v -x_3 v -x_0) ^ (-x_9 v x_10 v x_8) ^ (x_0 v -x_9 v -x_8) ^ (x_0 v -x_5 v x_7) ^ (-x_4 v x_2 v -x_11) ^ (-x_1 v x_2 v -x_8) ^ (-x_7 v -x_2 v x_8) ^ (x_0 v x_6 v -x_11) ^ (x_11 v -x_5 v -x_3) ^ (x_10 v x_2 v -x_8) ^ (x_3 v -x_1 v x_8) ^ (-x_2 v -x_0) ^ (-x_11 v -x_3 v -x_0) ^ (-x_2 v x_5 v -x_11) ^ (-x_10 v x_2 v -x_0) ^ (-x_1 v -x_4 v -x_8)]
12,31,64,inf,6.113330841064453,[(x_3 v x_7 v -x_0) ^ (-x_10 v x_4 v -x_7) ^ (x_6 v -x_7 v -x_5) ^ (-x_5 v x_2 v -x_3) ^ (-x_1 v -x_5 v x_2) ^ (x_9 v x_5 v -x_6) ^ (-x_0 v -x_11) ^ (x_11 v x_1 v -x_2) ^ (x_10 v -x_5 v -x_3) ^ (x_5 v -x_8) ^ (-x_4 v -x_2 v -x_8) ^ (x_6 v -x_4 v x_5) ^ (x_11 v x_1 v x_8) ^ (x_9 v -x_6 v -x_11) ^ (-x_2 v -x_6) ^ (-x_4 v -x_10 v -x_3) ^ (x_3 v -x_9 v x_8) ^ (x_6 v x_9) ^ (x_10 v x_7 v -x_6) ^ (-x_11 v x_2 v x_8) ^ (-x_10 v -x_5 v x_2) ^ (-x_7 v x_4 v -x_6) ^ (x_3 v x_9 v -x_10) ^ (x_6 v x_9 v -x_0) ^ (-x_1 v x_9 v x_8) ^ (-x_9 v -x_4 v -x_6) ^ (-x_1 v x_2 v -x_11) ^ (x_9 v -x_6 v -x_3) ^ (x_9 v x_4 v -x_7) ^ (-x_10 v -x_8 v -x_6) ^ (x_0 v -x_4 v -x_10)]
13,15,1,0.07333970069885254,0.1466665267944336,[(-x_2 v x_7 v -x_6) ^ (-x_5 v -x_0) ^ (-x_1 v -x_12 v -x_5) ^ (x_0 v -x_12 v x_7) ^ (x_10 v x_2 v -x_0) ^ (-x_9 v -x_7 v -x_11) ^ (-x_12 v -x_4) ^ (x_3 v -x_1 v x_5) ^ (-x_6 v x_10 v x_8) ^ (x_8 v -x_5 v -x_6) ^ (x_6 v -x_7 v -x_3) ^ (-x_2 v x_10 v x_7) ^ (x_10 v x_2 v -x_6) ^ (-x_9 v -x_8 v -x_6) ^ (-x_12 v -x_5 v x_7)]
13,31,91,inf,8.992361068725586,[(x_12 v -x_4 v -x_8) ^ (x_11 v -x_8 v x_0) ^ (-x_2 v -x_5 v -x_3) ^ (x_6 v -x_12 v -x_11) ^ (x_0 v -x_10 v x_4) ^ (x_10 v -x_0) ^ (x_6 v -x_7) ^ (-x_2 v -x_5 v x_10) ^ (x_3 v -x_12 v x_10) ^ (x_6 v x_12 v -x_5) ^ (-x_2 v x_12 v -x_10) ^ (-x_1 v -x_12 v x_10) ^ (x_1 v x_9 v x_2) ^ (-x_12 v x_9) ^ (-x_11 v x_9 v x_8) ^ (x_3 v x_6 v -x_12) ^ (-x_9 v x_12 v -x_10) ^ (x_11 v -x_4) ^ (x_11 v x_2 v -x_8) ^ (x_11 v x_6 v x_5) ^ (x_1 v x_10 v -x_8) ^ (x_8 v x_2 v -x_0) ^ (-x_1 v x_12 v x_2) ^ (x_1 v x_12 v -x_2) ^ (x_11 v x_12 v x_4) ^ (x_8 v x_7 v -x_3) ^ (-x_12 v -x_7 v x_8) ^ (x_10 v x_4) ^ (x_1 v -x_4 v -x_10) ^ (x_3 v x_9 v -x_8) ^ (x_11 v -x_2 v x_5)]
5,12,1,0.0719752311706543,1.039398193359375,[(x_4 v x_2 v -x_3) ^ (x_3 v -x_1) ^ (-x_1 v x_4) ^ (-x_1 v x_3 v -x_0) ^ (x_1 v -x_2) ^ (-x_4 v -x_0) ^ (x_0 v -x_3) ^ (x_3 v -x_4 v x_2) ^ (-x_4 v -x_2 v -x_3) ^ (-x_1 v -x_4 v x_0) ^ (x_1 v -x_0) ^ (x_0 v -x_4)]
5,8,6,0.05687856674194336,0.2562580108642578,[(-x_1 v -x_2 v -x_3) ^ (-x_1 v -x_4) ^ (x_3 v x_1) ^ (-x_2 v -x_3 v x_4) ^ (x_0 v -x_4 v -x_3) ^ (-x_1 v -x_4 v -x_3) ^ (x_0 v -x_4 v x_2) ^ (-x_4 v x_2)]
6,7,1,0.04137063026428223,0.12855911254882812,[(x_0 v x_4 v x_5) ^ (x_1 v -x_2) ^ (x_0 v x_4 v -x_3) ^ (-x_1 v x_5 v -x_3) ^ (x_3 v x_1 v -x_0) ^ (x_0 v -x_1 v -x_5) ^ (x_3 v -x_1 v -x_4)]
6,7,8,0.05085301399230957,0.27249813079833984,[(x_0 v -x_2) ^ (x_0) ^ (x_0 v x_1 v -x_5) ^ (x_0 v -x_1 v -x_2) ^ (x_3 v -x_5 v x_0) ^ (x_3 v x_4) ^ (x_3 v x_5 v x_0)]
7,21,1,0.05066323280334473,0.17153453826904297,[(x_0 v x_6 v x_1) ^ (x_5 v -x_0) ^ (-x_4 v x_2 v -x_3) ^ (-x_0 v x_2 v -x_6) ^ (x_6 v -x_2 v x_5) ^ (x_0 v -x_5 v x_3) ^ (-x_1 v x_2 v -x_0) ^ (-x_1 v x_0 v -x_3) ^ (x_3 v -x_4 v x_5) ^ (x_6 v x_4) ^ (-x_1 v -x_4) ^ (-x_4 v -x_6) ^ (x_0 v x_2) ^ (x_0 v x_1 v x_2) ^ (-x_1 v x_6 v -x_4) ^ (x_3 v x_1 v -x_6) ^ (-x_1 v -x_2 v -x_0) ^ (x_2 v -x_3) ^ (-x_1 v x_5 v -x_3) ^ (x_4 v -x_3 v -x_0) ^ (-x_1 v x_6 v -x_0)]
7,12,12,0.8788468837738037,0.9744672775268555,[(x_3 v x_1 v -x_5) ^ (x_1 v x_4 v x_2) ^ (x_2 v -x_3) ^ (x_6 v -x_4 v x_5) ^ (x_0 v x_5) ^ (x_3 v x_6 v x_4) ^ (-x_6 v -x_2 v x_4) ^ (x_0 v -x_5 v x_2) ^ (x_2 v x_5 v -x_6) ^ (x_3 v x_1 v x_4) ^ (x_0 v x_3 v x_2) ^ (x_5 v x_2 v -x_3)]
8,11,1,0.04046487808227539,0.13968849182128906,[(x_1 v -x_7) ^ (x_7 v x_5 v x_4) ^ (x_0 v x_7) ^ (-x_1 v -x_7 v -x_5) ^ (x_1 v -x_4 v x_5) ^ (x_3 v -x_4) ^ (x_0 v x_5 v -x_6) ^ (x_3 v x_6 v x_1) ^ (x_3 v -x_1 v -x_2) ^ (-x_1 v -x_7 v x_2) ^ (-x_2 v x_5)]
8,13,16,0.12264180183410645,0.6934614181518555,[(x_6 v -x_7 v x_2) ^ (-x_1 v -x_2 v x_7) ^ (x_6 v -x_4 v x_5) ^ (-x_3 v -x_6) ^ (-x_5 v x_2 v -x_6) ^ (-x_1 v -x_6) ^ (-x_5 v -x_2 v -x_6) ^ (x_6 v -x_7) ^ (x_0 v x_1 v x_3) ^ (-x_0 v x_2 v -x_6) ^ (x_6 v -x_2 v x_7) ^ (-x_1 v -x_7 v x_2) ^ (x_7 v x_5)]
9,26,1,0.04874372482299805,0.19810771942138672,[(x_8 v -x_0) ^ (-x_5 v x_2 v -x_3) ^ (x_6 v x_4 v x_7) ^ (x_0 v -x_4 v x_5) ^ (x_1 v -x_6) ^ (x_6 v x_2 v x_8) ^ (-x_2 v -x_8 v -x_0) ^ (-x_1 v -x_8 v -x_3) ^ (-x_6 v x_5 v -x_0) ^ (x_1 v -x_2 v x_8) ^ (x_6 v x_1 v -x_8) ^ (-x_1 v x_4 v -x_0) ^ (-x_7 v x_4 v x_5) ^ (x_0 v x_6 v -x_3) ^ (x_1 v -x_3 v -x_6) ^ (x_8 v -x_3 v -x_0) ^ (-x_5 v -x_3) ^ (-x_4 v -x_8 v -x_0) ^ (-x_1 v x_7 v x_8) ^ (-x_7 v -x_8 v -x_3) ^ (x_0 v x_7 v -x_8) ^ (x_7 v -x_3) ^ (x_8 v -x_4 v -x_3) ^ (x_6 v x_7 v x_5) ^ (-x_7 v -x_2 v x_5) ^ (x_0 v -x_4 v x_2)]
9,22,23,0.44032931327819824,1.6267976760864258,[(-x_6 v -x_2 v -x_0) ^ (-x_5 v x_7 v x_8) ^ (x_6 v x_1) ^ (x_0 v -x_5 v -x_3) ^ (x_3 v -x_1 v x_2) ^ (x_0 v -x_1 v x_7) ^ (x_4 v x_8) ^ (x_0 v x_1 v -x_7) ^ (x_3 v x_6 v x_4) ^ (x_3 v -x_5 v -x_2) ^ (-x_5 v -x_8 v -x_6) ^ (x_3 v x_6 v x_5) ^ (x_7 v -x_8 v -x_6) ^ (x_0 v -x_5 v x_7) ^ (x_2 v -x_3) ^ (x_0 v x_5 v x_8) ^ (x_3 v -x_4 v -x_2) ^ (-x_1 v -x_0) ^ (x_0 v -x_4) ^ (x_6 v x_8) ^ (-x_1 v x_6 v -x_0) ^ (x_0 v -x_5 v -x_6)]
10,29,1,0.0614778995513916,0.2058887481689453,[(-x_9 v x_7 v -x_0) ^ (-x_0 v -x_5 v -x_3) ^ (-x_1 v -x_4 v x_8) ^ (-x_7 v -x_5 v -x_8) ^ (x_7 v x_5 v -x_6) ^ (x_0 v -x_7 v x_8) ^ (x_1 v -x_2) ^ (-x_4 v -x_6 v -x_3) ^ (x_0 v -x_2 v -x_3) ^ (x_8 v -x_2 v -x_3) ^ (x_0 v x_6 v x_7) ^ (x_3 v -x_0 v -x_6) ^ (x_7 v x_5) ^ (x_3 v -x_2 v -x_8) ^ (x_3 v -x_7 v -x_2) ^ (-x_4 v -x_5 v -x_7) ^ (x_9 v x_4 v -x_6) ^ (x_0 v x_6 v -x_3) ^ (x_3 v x_4 v x_8) ^ (-x_6 v -x_3 v -x_0) ^ (x_3 v x_1 v x_4) ^ (x_6 v x_7 v x_4) ^ (-x_1 v x_4) ^ (-x_1 v x_2 v -x_3) ^ (-x_4 v x_5 v -x_6) ^ (x_4 v x_5 v -x_0) ^ (x_0 v -x_4 v -x_8) ^ (x_6 v -x_7 v -x_2) ^ (x_0 v -x_4)]
10,29,32,294.6573746204376,3.300771713256836,[(x_1 v x_2 v x_8) ^ (x_9 v x_4 v x_7) ^ (x_0 v x_9 v x_5) ^ (-x_1 v x_7 v -x_0) ^ (-x_4 v x_2 v x_8) ^ (-x_1 v x_7 v x_5) ^ (-x_1 v -x_5 v x_3) ^ (-x_9 v -x_2 v x_4) ^ (x_9 v -x_5 v x_2) ^ (-x_5 v -x_0) ^ (x_5 v -x_3 v x_8) ^ (-x_6 v -x_5 v -x_3) ^ (x_3 v x_6 v x_2) ^ (-x_5 v -x_2 v x_7) ^ (x_1 v x_9 v x_2) ^ (-x_4 v -x_8) ^ (-x_4 v -x_2 v x_8) ^ (x_6 v -x_2 v -x_8) ^ (-x_1 v x_3 v x_8) ^ (x_3 v x_6 v x_9) ^ (x_1 v x_4 v -x_5) ^ (x_0 v x_5 v -x_8) ^ (-x_9) ^ (x_6 v x_9 v x_5) ^ (-x_2 v -x_3 v x_8) ^ (x_9 v x_2 v -x_3) ^ (x_6 v -x_9 v x_2) ^ (x_0 v -x_7 v x_5) ^ (-x_1 v x_4 v -x_6)]
11,32,1,0.06364941596984863,0.21756553649902344,[(-x_10 v x_7 v -x_8) ^ (-x_10 v x_5 v -x_0) ^ (x_3 v -x_4 v x_8) ^ (x_0 v x_1 v -x_10) ^ (x_5 v x_10 v x_2) ^ (x_6 v -x_7 v x_5) ^ (-x_10 v -x_2 v -x_0) ^ (x_8 v x_5 v -x_6) ^ (-x_10 v -x_0) ^ (-x_9 v -x_3 v -x_6) ^ (-x_1 v -x_5 v -x_0) ^ (-x_7 v -x_8 v -x_6) ^ (-x_7 v x_10) ^ (x_1 v x_10) ^ (x_3 v x_1 v x_4) ^ (-x_9 v -x_4 v x_8) ^ (x_5 v x_9 v x_2) ^ (x_9 v -x_6) ^ (x_6 v -x_9 v -x_7) ^ (x_0 v -x_9 v x_2) ^ (-x_1 v -x_9 v -x_0) ^ (x_9 v x_10 v x_2) ^ (-x_1 v -x_2 v x_0) ^ (-x_1 v -x_4 v x_10) ^ (-x_7 v -x_10 v -x_0) ^ (x_6 v -x_8) ^ (-x_0 v x_2 v -x_3) ^ (x_9 v -x_10 v -x_8) ^ (-x_1 v -x_0) ^ (x_1 v x_10 v -x_3) ^ (x_6 v x_10 v -x_0) ^ (x_10 v -x_8 v x_4)]
11,30,46,inf,4.305309295654297,[(x_0 v x_1 v -x_10) ^ (x_6 v x_2 v -x_3) ^ (-x_10 v x_4) ^ (x_6 v x_10 v x_2) ^ (x_0 v -x_2 v -x_8) ^ (x_10 v -x_2 v -x_8) ^ (x_6 v -x_9 v x_10) ^ (x_3 v -x_7) ^ (x_0 v x_1 v x_5) ^ (x_10 v x_7 v x_8) ^ (-x_9 v x_7 v -x_3) ^ (-x_4 v -x_2) ^ (x_6 v -x_9) ^ (x_3 v x_6 v -x_4) ^ (x_1 v -x_10) ^ (x_2 v -x_8 v -x_6) ^ (x_3 v -x_4 v x_5) ^ (x_1 v -x_7 v x_5) ^ (x_1 v -x_7) ^ (x_1 v x_5 v x_8) ^ (-x_9 v x_1 v -x_8) ^ (x_1 v -x_9 v x_10) ^ (x_1 v x_9 v x_8) ^ (x_9 v -x_6 v -x_3) ^ (x_6 v -x_9 v x_2) ^ (x_1 v -x_2 v -x_0) ^ (x_9 v -x_2 v -x_6) ^ (x_0 v x_7 v -x_3) ^ (-x_9 v x_1 v -x_6) ^ (x_0 v -x_5 v -x_6)]
12,15,1,0.08223414421081543,0.15403175354003906,[(x_11 v x_4) ^ (x_8 v -x_10 v -x_6) ^ (x_0 v -x_9 v -x_3) ^ (x_10 v -x_8) ^ (-x_10 v -x_2 v -x_3) ^ (x_0 v x_7 v x_5) ^ (x_11 v x_10 v -x_5) ^ (x_3 v -x_1 v -x_6) ^ (x_11 v -x_5 v x_3) ^ (x_6 v -x_4 v -x_11) ^ (x_0 v x_10 v x_7) ^ (x_9 v x_10 v -x_7) ^ (-x_10 v -x_5) ^ (x_3 v x_6 v -x_9) ^ (-x_11 v x_5 v -x_6)]
12,26,64,inf,5.280274391174316,[(x_1 v -x_4 v -x_0) ^ (-x_5 v x_10 v x_2) ^ (-x_0 v -x_7 v x_8) ^ (-x_9 v x_7 v x_4) ^ (x_8 v -x_2 v -x_0) ^ (-x_1 v -x_4 v -x_6) ^ (-x_5 v x_2 v x_4) ^ (x_1 v -x_5 v x_2) ^ (x_3 v -x_4 v -x_5) ^ (x_6 v -x_11 v -x_3) ^ (x_8 v -x_2 v -x_3) ^ (-x_4 v x_5 v -x_3) ^ (-x_5 v -x_8) ^ (x_6 v x_9 v x_7) ^ (x_5 v -x_10 v x_2) ^ (-x_4 v -x_7 v -x_6) ^ (-x_9 v -x_6 v x_8) ^ (x_6 v x_9 v -x_5) ^ (x_3 v x_4 v x_8) ^ (-x_9 v x_2 v x_8) ^ (-x_0 v x_7 v x_8) ^ (x_0 v -x_1 v -x_7) ^ (x_3 v -x_10 v -x_8) ^ (x_6 v -x_4 v x_2) ^ (x_9 v x_5) ^ (x_11 v x_10 v x_4)]
13,27,1,0.11315417289733887,0.19777297973632812,[(-x_9 v x_12 v -x_0) ^ (x_11 v x_8) ^ (x_0 v -x_4 v x_3) ^ (-x_12 v -x_2 v x_4) ^ (x_1 v x_12 v -x_0) ^ (-x_9 v -x_4 v -x_3) ^ (-x_9 v -x_8) ^ (-x_10 v x_4 v -x_6) ^ (-x_0 v -x_7 v -x_11) ^ (-x_9 v -x_4 v -x_5) ^ (x_6 v -x_11 v -x_3) ^ (-x_12 v -x_9 v -x_5) ^ (-x_7 v -x_10) ^ (x_3 v -x_8 v -x_6) ^ (-x_12 v x_2 v x_8) ^ (x_6 v x_12 v x_8) ^ (x_3 v -x_10 v -x_7) ^ (-x_1 v -x_7 v -x_11) ^ (-x_0 v -x_12 v -x_11) ^ (x_12 v -x_10 v x_4) ^ (x_10 v -x_5 v x_2) ^ (-x_1 v x_2 v -x_6) ^ (-x_10 v x_4 v x_2) ^ (-x_1 v x_0 v x_8) ^ (-x_11 v -x_10 v -x_3) ^ (-x_0 v x_2 v -x_11) ^ (x_11 v -x_2 v x_5)]
13,23,91,207.27207446098328,6.368191719055176,[(x_11 v x_2) ^ (x_0 v x_4) ^ (-x_12 v -x_2 v x_4) ^ (-x_1 v -x_9 v -x_11) ^ (x_3 v -x_5) ^ (x_10 v x_7 v -x_3) ^ (-x_1 v -x_12 v -x_8) ^ (-x_2 v x_9 v x_10) ^ (-x_12 v x_9 v x_2) ^ (x_0 v x_10 v x_8) ^ (-x_8 v -x_11) ^ (x_9 v x_4 v x_8) ^ (-x_11 v x_7 v -x_3) ^ (x_10 v -x_2 v x_0) ^ (-x_1 v -x_9 v -x_10) ^ (-x_10 v -x_6) ^ (-x_9 v x_1 v x_5) ^ (x_6 v -x_10 v -x_5) ^ (-x_12 v -x_2 v x_8) ^ (x_0 v x_10 v x_7) ^ (-x_1 v x_2 v -x_11) ^ (-x_7 v -x_6 v x_8) ^ (x_8 v x_2 v -x_3)]
5,5,1,0.06847786903381348,1.0213794708251953,[(x_2 v -x_3) ^ (x_0 v x_4 v -x_3) ^ (-x_4 v -x_2) ^ (x_3 v -x_1 v -x_0) ^ (x_1 v -x_4)]
5,6,6,0.058158159255981445,0.2512388229370117,[(x_1 v x_2 v -x_0) ^ (-x_4 v x_2 v -x_3) ^ (-x_2 v -x_3 v x_4) ^ (x_0 v x_2 v -x_3) ^ (x_4 v x_2 v -x_0) ^ (x_4 v -x_3)]
6,14,1,0.04009747505187988,0.14456748962402344,[(x_3 v -x_2) ^ (x_1 v -x_2) ^ (-x_1 v -x_4 v -x_0) ^ (x_0 v x_4) ^ (-x_1 v x_5 v -x_3) ^ (-x_1 v -x_4 v -x_2) ^ (x_5 v x_2 v -x_0) ^ (-x_1 v -x_5 v x_4) ^ (x_1 v x_4 v -x_0) ^ (-x_4 v -x_5 v x_2) ^ (-x_2 v -x_3 v x_4) ^ (x_1 v x_2 v -x_3) ^ (x_0 v -x_5) ^ (x_0 v -x_1 v x_2)]
6,16,8,0.08169221878051758,0.5402307510375977,[(-x_1 v x_3 v -x_0) ^ (x_2 v -x_0) ^ (-x_1 v -x_3 v -x_0) ^ (-x_1 v x_4 v x_3) ^ (x_3 v x_1 v -x_4) ^ (x_1 v -x_4 v x_5) ^ (x_0 v -x_2 v x_4) ^ (x_3 v -x_5 v -x_2) ^ (-x_1 v x_4 v x_2) ^ (x_4 v x_5) ^ (x_5 v -x_3) ^ (x_1 v -x_2 v -x_0) ^ (-x_4 v x_2) ^ (x_3 v x_4) ^ (x_0 v x_1 v x_4) ^ (x_1 v x_4 v -x_3)]
7,15,1,0.045168399810791016,0.14715290069580078,[(-x_5 v -x_6) ^ (-x_1 v -x_4 v -x_0) ^ (x_3 v -x_5 v x_4) ^ (x_3 v x_1 v -x_4) ^ (-x_5 v x_2 v x_4) ^ (x_0 v x_5 v -x_6) ^ (-x_2 v -x_6) ^ (x_0 v -x_4 v -x_2) ^ (x_4 v -x_0) ^ (x_0 v x_1) ^ (-x_6 v -x_3 v -x_0) ^ (-x_1 v x_0 v -x_3) ^ (x_3 v x_6 v -x_0) ^ (x_3 v -x_1 v -x_4) ^ (x_0 v x_6 v x_3)]
7,8,12,0.0811159610748291,0.45314788818359375,[(x_1 v -x_4 v -x_0) ^ (x_3 v -x_5 v -x_0) ^ (x_0 v x_4 v -x_3) ^ (-x_1 v -x_2 v -x_3) ^ (x_6 v x_4 v -x_3) ^ (x_3 v x_5 v -x_6) ^ (-x_6 v -x_5 v x_4) ^ (x_1 v -x_4 v -x_5)]
8,23,1,0.1002354621887207,0.4536857604980469,[(x_3 v x_7 v -x_0) ^ (-x_0 v -x_3) ^ (x_0 v -x_4 v x_3) ^ (-x_1 v x_6 v x_0) ^ (-x_1 v -x_5 v -x_3) ^ (-x_1 v x_7 v x_5) ^ (-x_1 v x_7 v x_0) ^ (x_3 v x_7 v x_0) ^ (-x_7 v -x_2) ^ (x_0 v x_6) ^ (-x_4 v -x_2 v -x_3) ^ (x_6 v -x_3) ^ (x_0 v -x_7 v x_3) ^ (x_0 v x_6 v x_2) ^ (x_6 v -x_5 v -x_3) ^ (-x_5 v -x_3) ^ (x_0 v -x_1 v -x_6) ^ (-x_1 v x_3 v -x_0) ^ (x_2 v -x_3) ^ (x_0 v x_6 v x_5) ^ (x_4 v x_5 v -x_0) ^ (-x_1 v x_2 v x_3) ^ (x_6 v -x_7 v -x_2)]
8,8,16,0.1049807071685791,0.5783462524414062,[(-x_1 v -x_7 v -x_6) ^ (-x_4 v -x_5 v x_2) ^ (-x_1 v -x_4 v x_0) ^ (x_3 v x_1 v x_2) ^ (x_1 v -x_0) ^ (x_4 v x_5 v -x_6) ^ (x_3 v -x_2 v -x_0) ^ (x_6 v x_1 v -x_5)]
9,9,1,0.038790225982666016,0.1336231231689453,[(x_0 v -x_8 v -x_6) ^ (x_1 v x_8 v -x_0) ^ (-x_1 v -x_2 v -x_8) ^ (x_7 v x_4 v -x_0) ^ (-x_3 v x_8) ^ (-x_6 v x_7 v -x_0) ^ (x_7 v x_2 v -x_6) ^ (x_3 v x_7 v x_0) ^ (-x_4 v -x_5 v -x_3)]
9,18,23,0.5156283378601074,1.3834514617919922,[(x_0 v x_4 v x_5) ^ (-x_1 v x_6 v -x_0) ^ (x_1 v -x_4 v -x_0) ^ (x_7 v x_2 v -x_0) ^ (x_7 v x_5 v -x_3) ^ (-x_2 v x_8) ^ (x_0 v x_6 v x_4) ^ (-x_1 v x_4 v x_8) ^ (x_3 v x_4 v x_5) ^ (x_0 v -x_7 v -x_5) ^ (x_1 v x_8) ^ (x_3 v x_6 v x_2) ^ (-x_5 v -x_2) ^ (-x_1 v -x_4 v -x_3) ^ (-x_4 v -x_2 v -x_3) ^ (-x_1 v -x_6 v -x_3) ^ (-x_1 v -x_8 v -x_3) ^ (x_0 v -x_4 v x_8)]
10,25,1,0.11570477485656738,0.3091468811035156,[(x_1 v x_9 v -x_7) ^ (-x_4 v -x_0) ^ (-x_1 v -x_4 v x_8) ^ (-x_9 v x_5 v -x_8) ^ (x_1 v -x_5 v x_8) ^ (x_6 v x_1) ^ (x_7 v x_5 v x_8) ^ (-x_1 v x_9 v x_2) ^ (x_3 v -x_7 v -x_5) ^ (-x_1 v x_6 v x_8) ^ (x_0 v x_6 v -x_7) ^ (x_3 v x_6 v -x_9) ^ (-x_1 v x_6 v x_2) ^ (x_1 v x_9) ^ (x_1 v x_5 v -x_8) ^ (-x_4 v x_9 v -x_7) ^ (-x_0 v -x_4 v x_8) ^ (x_3 v x_9) ^ (-x_2 v x_7) ^ (x_3 v -x_9 v x_1) ^ (x_1 v x_7) ^ (x_1 v -x_2 v x_4) ^ (x_4 v x_5 v -x_6) ^ (-x_1 v x_7 v x_2) ^ (x_0 v x_1 v -x_3)]
10,16,32,1.932478666305542,1.6058988571166992,[(x_1 v -x_7 v -x_5) ^ (-x_1 v x_9 v x_2) ^ (-x_0 v -x_3) ^ (x_6 v -x_9 v -x_7) ^ (x_3 v -x_4 v x_9) ^ (-x_9 v x_4 v -x_6) ^ (x_0 v x_6 v x_4) ^ (-x_2 v -x_5 v -x_8) ^ (-x_7 v x_2 v -x_8) ^ (-x_5 v -x_8 v -x_3) ^ (x_3 v -x_7 v -x_6) ^ (-x_5 v -x_2 v -x_8) ^ (x_9 v x_5 v -x_3) ^ (-x_9 v x_5 v -x_0) ^ (-x_9 v -x_6 v -x_3) ^ (x_6 v -x_9 v -x_3)]
11,18,1,0.05467534065246582,0.17171859741210938,[(-x_1 v x_9 v -x_3) ^ (x_7 v x_2 v -x_8) ^ (-x_0 v -x_7 v x_8) ^ (-x_9 v -x_7 v x_10) ^ (x_4 v x_7 v -x_8) ^ (x_2 v -x_6) ^ (x_1 v -x_4) ^ (-x_9 v -x_5 v -x_3) ^ (-x_4 v -x_10 v x_5) ^ (x_4 v -x_8) ^ (-x_1 v -x_7 v x_10) ^ (x_6 v -x_4 v -x_7) ^ (x_1 v x_2 v -x_3) ^ (-x_4 v -x_2 v -x_7) ^ (x_3 v x_1 v x_4) ^ (x_9 v -x_2 v x_4) ^ (-x_10 v x_7 v -x_0) ^ (x_6 v x_7 v -x_0)]
11,19,46,227.0588719844818,2.950411796569824,[(x_0 v -x_2 v x_5) ^ (x_0 v -x_2 v -x_8) ^ (-x_9 v x_5 v x_8) ^ (-x_1 v -x_10 v x_3) ^ (x_0 v -x_1 v -x_3) ^ (x_10 v -x_6) ^ (-x_9 v x_1 v x_2) ^ (-x_1 v x_2 v -x_0) ^ (x_10 v -x_8 v -x_0) ^ (x_1 v -x_10 v x_5) ^ (x_3 v x_4 v -x_8) ^ (-x_9 v x_10 v x_8) ^ (-x_1 v -x_10) ^ (x_10 v x_4 v x_8) ^ (-x_1 v x_9 v x_8) ^ (-x_1 v -x_5) ^ (x_0 v -x_10) ^ (x_9 v x_4 v -x_7) ^ (-x_5 v x_7 v -x_8)]
12,27,1,0.0691995620727539,0.19550704956054688,[(x_3 v -x_1 v -x_0) ^ (x_6 v -x_5 v -x_11) ^ (x_3 v x_2 v -x_8) ^ (x_11 v x_6 v -x_8) ^ (x_3 v -x_4 v -x_10) ^ (x_1 v -x_6) ^ (-x_1 v -x_9 v x_11) ^ (x_3 v -x_1 v x_0) ^ (-x_11 v x_10 v -x_6) ^ (-x_1 v -x_7 v -x_5) ^ (-x_9 v x_4 v -x_8) ^ (x_3 v x_5 v x_2) ^ (x_6 v -x_10 v -x_0) ^ (-x_7 v x_2 v -x_8) ^ (-x_7 v -x_5 v -x_11) ^ (-x_5 v -x_2 v -x_3) ^ (-x_7 v -x_10) ^ (x_9 v x_7 v -x_6) ^ (x_0 v x_10 v x_8) ^ (x_6 v x_1 v x_7) ^ (x_11 v -x_8 v -x_3) ^ (-x_1 v -x_9 v -x_10) ^ (x_11 v x_10 v x_7) ^ (-x_4 v -x_8 v -x_0) ^ (x_6 v x_4 v -x_0) ^ (x_11 v -x_4 v -x_7) ^ (-x_9 v x_1 v -x_11)]
12,22,64,464.14408683776855,4.413153648376465,[(x_0 v x_9 v x_5) ^ (x_6 v -x_7 v x_8) ^ (x_11 v -x_5 v x_8) ^ (x_6 v x_9 v x_8) ^ (-x_9 v -x_4 v -x_7) ^ (x_0 v -x_10 v -x_2) ^ (-x_5 v -x_11) ^ (x_3 v -x_7) ^ (x_1 v -x_2 v x_7) ^ (-x_1 v -x_6 v -x_0) ^ (x_3 v x_6 v -x_4) ^ (x_9 v x_7 v -x_3) ^ (x_9 v x_2 v -x_0) ^ (x_1 v x_4 v -x_11) ^ (x_3 v x_9 v x_7) ^ (x_11 v x_5 v -x_8) ^ (-x_9 v x_4) ^ (-x_10 v -x_2 v x_5) ^ (x_9 v x_10 v -x_3) ^ (x_9 v -x_2 v -x_0) ^ (x_6 v -x_10 v x_5) ^ (x_1 v -x_8)]
13,33,1,0.1325974464416504,0.22002029418945312,[(x_0 v -x_4 v -x_5) ^ (x_11 v x_12 v x_5) ^ (x_0 v -x_3 v x_8) ^ (-x_1 v x_10 v x_3) ^ (x_10 v x_6 v -x_2) ^ (x_8 v x_10 v x_4) ^ (-x_12 v x_7 v -x_6) ^ (x_9 v x_10 v -x_6) ^ (-x_4 v x_2 v -x_3) ^ (x_1 v x_5 v -x_0) ^ (-x_12 v -x_2) ^ (-x_4 v x_9 v -x_8) ^ (x_6 v -x_5 v x_7) ^ (x_11 v x_1 v -x_10) ^ (-x_1 v -x_12 v x_8) ^ (x_3 v x_6 v x_1) ^ (-x_4 v x_10 v x_5) ^ (x_0 v x_5) ^ (x_11 v x_9 v -x_2) ^ (x_3 v -x_10 v x_7) ^ (-x_5 v x_7 v -x_0) ^ (-x_12 v -x_5 v -x_11) ^ (-x_1 v x_6 v -x_10) ^ (x_3 v -x_1 v x_8) ^ (x_12 v -x_2 v -x_7) ^ (-x_9 v x_12 v x_4) ^ (x_3 v x_12 v -x_4) ^ (-x_1 v -x_12) ^ (-x_11 v x_7 v -x_6) ^ (x_12 v x_10 v x_5) ^ (x_9 v x_5) ^ (x_3 v x_12 v -x_6) ^ (x_11 v x_2 v -x_6)]
13,35,91,436.95565390586853,9.404165267944336,[(x_12 v -x_4 v -x_8) ^ (-x_9 v x_5 v -x_6) ^ (-x_9 v -x_7 v x_2) ^ (-x_10 v x_7 v -x_3) ^ (x_3 v -x_6) ^ (x_0 v -x_7 v -x_6) ^ (x_11 v x_1 v -x_6) ^ (x_4 v -x_8 v -x_11) ^ (x_0 v x_2 v -x_11) ^ (x_3 v -x_12 v -x_10) ^ (-x_9 v -x_4 v -x_2) ^ (x_1 v x_12 v x_10) ^ (x_6 v -x_7) ^ (x_9 v -x_10 v x_2) ^ (x_11 v -x_4 v -x_10) ^ (-x_12 v -x_4) ^ (-x_12 v -x_9 v -x_5) ^ (x_2 v -x_8 v -x_6) ^ (x_12 v x_9 v -x_10) ^ (-x_12 v x_10) ^ (x_8 v -x_3 v -x_6) ^ (x_6 v x_4 v x_2) ^ (x_0 v -x_10 v x_5) ^ (-x_10 v -x_2 v -x_11) ^ (-x_11 v -x_3 v -x_6) ^ (x_6 v x_4 v -x_11) ^ (-x_9 v -x_2) ^ (x_3 v x_6 v x_7) ^ (-x_10 v -x_5 v x_4) ^ (-x_1 v -x_11) ^ (x_1 v x_9 v x_8) ^ (x_9 v x_4 v -x_7) ^ (-x_9 v -x_11 v -x_0) ^ (x_12 v -x_10 v x_2) ^ (x_3 v x_12 v -x_6)]
5,8,1,0.07047677040100098,1.0313386917114258,[(x_3 v x_4 v x_2) ^ (-x_1 v -x_3) ^ (x_3 v x_2 v -x_0) ^ (x_4 v x_2) ^ (-x_2 v -x_3 v -x_0) ^ (-x_1 v x_2) ^ (x_3 v x_4) ^ (x_0 v x_1 v -x_3)]
5,15,6,0.06599092483520508,0.4308614730834961,[(x_3 v x_1 v -x_2) ^ (x_1 v -x_4 v -x_2) ^ (x_1 v -x_3) ^ (-x_1 v -x_3 v -x_0) ^ (x_3 v -x_1 v x_4) ^ (-x_1 v -x_2 v -x_3) ^ (x_3 v -x_1 v -x_0) ^ (-x_1 v -x_4) ^ (x_1 v -x_4) ^ (x_3 v -x_4 v x_2) ^ (x_1 v x_2 v -x_3) ^ (x_0 v x_2 v -x_3) ^ (-x_4 v -x_2 v -x_3) ^ (-x_1 v -x_4 v -x_3) ^ (x_0 v -x_4 v x_2)]
6,16,1,0.09866929054260254,0.4483375549316406,[(-x_0 v x_5 v -x_3) ^ (x_1 v x_2 v -x_0) ^ (x_0 v -x_4 v -x_5) ^ (-x_1 v -x_4 v -x_5) ^ (-x_4 v x_2 v -x_0) ^ (x_4 v x_5 v -x_3) ^ (x_5 v -x_0) ^ (-x_1 v x_5 v -x_0) ^ (x_3 v x_5 v -x_0) ^ (x_0 v x_2) ^ (x_3 v x_5 v x_0) ^ (x_1 v x_5 v -x_0) ^ (x_0 v x_1) ^ (x_3 v -x_4 v x_5) ^ (-x_4 v -x_5 v -x_3) ^ (-x_1 v -x_0 v -x_3)]
6,7,8,0.0646216869354248,0.27722835540771484,[(x_0 v -x_2 v x_5) ^ (-x_1 v x_2) ^ (x_0 v x_5 v -x_3) ^ (-x_1 v -x_4 v x_5) ^ (x_3 v -x_1 v -x_2) ^ (x_0 v -x_4) ^ (-x_1 v -x_0 v -x_3)]
7,16,1,0.045502424240112305,0.15501785278320312,[(x_3 v x_4 v x_2) ^ (x_0 v -x_4 v -x_5) ^ (x_0 v -x_2 v -x_3) ^ (-x_1 v x_5 v -x_0) ^ (x_1 v -x_5 v -x_0) ^ (x_1 v -x_4 v -x_3) ^ (-x_1 v -x_3 v x_0) ^ (-x_2 v -x_5 v -x_0) ^ (x_1 v -x_2 v x_5) ^ (x_3 v -x_4 v -x_0) ^ (x_4 v x_2 v -x_0) ^ (-x_5 v -x_3) ^ (x_6 v -x_5) ^ (x_3 v x_4) ^ (-x_4 v x_5 v -x_0) ^ (x_0 v x_1 v x_4)]
7,13,12,0.1916663646697998,0.6154556274414062,[(x_1 v x_2 v x_5) ^ (-x_0 v x_6 v -x_3) ^ (-x_4 v x_2 v -x_0) ^ (x_3 v -x_1 v -x_6) ^ (x_0 v -x_3) ^ (x_2 v -x_6) ^ (x_6 v x_1 v -x_4) ^ (-x_1 v x_2 v -x_6) ^ (x_1 v -x_6) ^ (x_0 v x_1 v x_5) ^ (x_1 v x_5 v -x_3) ^ (x_0 v x_6 v -x_5) ^ (-x_4 v -x_2 v x_5)]
8,19,1,0.05410027503967285,0.15982532501220703,[(x_6 v x_4 v -x_3) ^ (-x_4 v -x_7) ^ (x_6 v x_1) ^ (-x_1 v x_7 v x_5) ^ (-x_4 v x_5) ^ (-x_2 v -x_3 v x_4) ^ (x_4 v x_2) ^ (-x_5 v -x_6) ^ (-x_7 v x_2) ^ (x_5 v -x_3) ^ (-x_4 v -x_7 v -x_3) ^ (-x_4 v -x_6) ^ (x_6 v x_7 v -x_0) ^ (x_3 v -x_2) ^ (-x_1 v -x_7 v x_3) ^ (-x_1 v x_6 v x_4) ^ (x_0 v x_7 v x_2) ^ (-x_1 v -x_4 v x_7) ^ (-x_1 v x_6 v -x_0)]
8,10,16,0.09075450897216797,0.6125860214233398,[(x_6 v -x_2 v -x_3) ^ (x_7 v x_5 v x_4) ^ (-x_4 v -x_2 v x_7) ^ (-x_1 v x_6 v x_0) ^ (x_4 v x_2 v -x_6) ^ (x_0 v x_1) ^ (-x_4 v -x_2 v -x_3) ^ (x_4 v x_5) ^ (-x_7 v x_2 v -x_3) ^ (x_1 v -x_6 v -x_0)]
9,12,1,0.039541006088256836,0.13979339599609375,[(x_1 v -x_7 v -x_5) ^ (-x_2 v x_7 v -x_6) ^ (x_7 v -x_8 v -x_0) ^ (x_3 v x_4 v -x_8) ^ (-x_4 v x_7 v x_2) ^ (-x_5 v -x_3 v x_8) ^ (x_7 v x_2) ^ (x_1 v -x_6) ^ (x_1 v -x_0) ^ (x_0 v x_5 v -x_8) ^ (-x_5 v x_7 v x_4) ^ (-x_4 v -x_5 v x_7)]
9,14,23,0.30457139015197754,1.0467662811279297,[(x_4 v x_5 v x_8) ^ (x_3 v -x_2 v -x_8) ^ (-x_1 v -x_5 v -x_2) ^ (-x_0 v -x_5 v -x_6) ^ (x_0 v x_6 v x_3) ^ (-x_1 v -x_4 v -x_6) ^ (-x_1 v x_4 v x_3) ^ (-x_0 v x_1 v -x_3) ^ (x_1 v -x_8) ^ (-x_1 v x_6 v -x_2) ^ (-x_1 v -x_5 v -x_6) ^ (x_0 v x_4 v -x_8) ^ (x_3 v x_7 v -x_6) ^ (x_7 v x_5)]
10,18,1,0.043790340423583984,0.16078948974609375,[(-x_5 v x_7 v -x_3) ^ (x_0 v -x_2 v x_8) ^ (x_9 v -x_5 v -x_7) ^ (-x_9 v x_7) ^ (-x_2 v x_7 v -x_3) ^ (x_5 v x_8) ^ (-x_1 v -x_5 v x_4) ^ (x_3 v -x_7 v x_5) ^ (x_0 v -x_9) ^ (-x_9 v x_2 v -x_0) ^ (x_9 v x_4 v -x_8) ^ (-x_9 v -x_7 v -x_2) ^ (x_6 v -x_3) ^ (x_3 v x_1 v x_2) ^ (x_2 v -x_8) ^ (-x_1 v -x_4 v x_7) ^ (x_0 v x_1 v -x_7) ^ (x_1 v -x_4 v -x_6)]
10,27,32,215.18984627723694,2.732860565185547,[(x_9 v x_4 v -x_3) ^ (-x_4 v x_5 v -x_8) ^ (x_3 v -x_6) ^ (x_1 v -x_4 v x_5) ^ (x_1 v x_4 v -x_6) ^ (x_1 v x_8) ^ (-x_1 v x_6 v -x_3) ^ (x_9 v x_8) ^ (-x_5 v -x_6) ^ (x_4 v -x_6) ^ (-x_7 v x_4 v x_8) ^ (x_5 v -x_3) ^ (x_1 v x_7 v -x_3) ^ (x_1 v x_5 v -x_6) ^ (-x_1 v -x_9 v -x_3) ^ (x_7 v -x_3 v x_4) ^ (-x_1 v x_4 v x_5) ^ (x_0 v x_1 v x_2) ^ (-x_4 v -x_8 v -x_0) ^ (-x_1 v x_5 v -x_3) ^ (-x_1 v x_9 v x_8) ^ (x_6 v x_5 v x_8) ^ (-x_4 v x_9 v x_2) ^ (x_6 v x_2 v -x_0) ^ (x_0 v -x_4 v x_7) ^ (x_0 v x_9 v x_7) ^ (x_4 v -x_0)]
11,25,1,0.05433177947998047,0.19579219818115234,[(x_1 v x_2 v x_8) ^ (x_5 v -x_3 v -x_0) ^ (x_9 v -x_2 v x_7) ^ (-x_4 v -x_5) ^ (x_10 v x_2 v x_4) ^ (x_6 v x_2 v -x_3) ^ (x_3 v -x_10 v x_2) ^ (-x_10 v x_4 v -x_0) ^ (-x_4 v -x_10 v x_8) ^ (-x_9 v -x_7 v x_10) ^ (-x_7 v x_4 v -x_0) ^ (x_0 v x_1 v -x_8) ^ (x_0 v x_3 v -x_8) ^ (-x_1 v x_2) ^ (-x_9 v x_2 v x_8) ^ (x_9 v x_10 v x_8) ^ (-x_4 v -x_8 v -x_0) ^ (-x_4 v -x_5 v -x_3) ^ (x_1 v x_10 v -x_8) ^ (-x_7 v -x_2 v x_8) ^ (x_3 v -x_4) ^ (x_4 v x_5) ^ (x_0 v -x_7 v x_5) ^ (x_9 v x_5) ^ (-x_4 v x_7 v -x_8)]
11,21,46,161.28422927856445,3.1511001586914062,[(x_8 v -x_4 v -x_6) ^ (-x_7 v -x_3 v -x_6) ^ (-x_1 v -x_5 v x_7) ^ (-x_2 v x_10) ^ (-x_5 v x_7 v x_4) ^ (x_6 v x_1 v -x_5) ^ (-x_6 v -x_5 v -x_3) ^ (-x_1 v -x_7 v -x_0) ^ (-x_9 v x_1 v x_2) ^ (x_9 v -x_4 v x_2) ^ (x_1 v x_4) ^ (x_6 v -x_2 v -x_3) ^ (x_3 v -x_8 v -x_6) ^ (-x_7 v -x_3 v -x_0) ^ (-x_1 v x_10 v -x_2) ^ (x_1 v -x_7 v x_10) ^ (x_6 v x_9 v -x_10) ^ (-x_4 v -x_5 v x_2) ^ (-x_5 v x_2 v -x_8) ^ (x_9 v -x_7) ^ (x_9 v -x_2 v x_5)]
12,25,1,0.14934992790222168,0.2807960510253906,[(x_4 v x_7) ^ (-x_4 v x_9 v -x_10) ^ (x_3 v x_0) ^ (x_6 v -x_4 v -x_5) ^ (x_0 v -x_9 v -x_5) ^ (-x_4 v -x_2 v x_7) ^ (-x_2 v x_10 v x_8) ^ (x_4 v x_8) ^ (-x_4 v -x_8) ^ (-x_9 v -x_7 v -x_8) ^ (x_3 v x_1 v -x_5) ^ (-x_11 v x_7 v x_8) ^ (-x_2 v x_6 v x_10) ^ (-x_7 v -x_8 v -x_0) ^ (x_9 v x_5 v -x_7) ^ (x_3 v x_9 v x_0) ^ (x_5 v x_4 v x_2) ^ (-x_1 v -x_4 v -x_5) ^ (x_3 v -x_2 v x_11) ^ (-x_9 v -x_10 v -x_2) ^ (-x_10 v -x_2 v -x_7) ^ (x_9 v x_7 v -x_11) ^ (-x_2 v x_5 v -x_11) ^ (-x_10 v x_2) ^ (x_6 v x_8)]
12,22,64,inf,4.8346967697143555,[(-x_5 v x_2 v x_8) ^ (x_10 v x_1 v -x_2) ^ (x_3 v x_4 v x_5) ^ (x_11 v x_6 v x_1) ^ (x_6 v -x_10 v -x_11) ^ (x_4 v x_5 v -x_11) ^ (-x_0 v -x_2 v -x_3) ^ (x_11 v -x_4 v -x_10) ^ (x_3 v -x_4 v -x_5) ^ (-x_5 v -x_8 v -x_3) ^ (x_3 v x_1 v x_8) ^ (x_6 v x_1 v x_5) ^ (x_6 v -x_4) ^ (-x_5 v -x_8) ^ (x_9 v -x_7 v -x_0) ^ (x_10 v x_5 v x_4) ^ (-x_11 v x_4 v -x_3) ^ (x_0 v x_10 v x_2) ^ (-x_9 v -x_10 v x_7) ^ (x_11 v x_4 v x_5) ^ (-x_0 v x_7 v -x_11) ^ (x_11 v x_2 v -x_6)]
13,38,1,0.1374528408050537,0.23453330993652344,[(x_8 v -x_2 v x_4) ^ (-x_9 v -x_6) ^ (x_11 v x_2 v -x_0) ^ (-x_1 v x_10 v x_5) ^ (x_12 v x_5 v -x_8) ^ (-x_12 v -x_11 v x_8) ^ (x_6 v -x_9 v x_4) ^ (-x_5 v -x_3 v x_4) ^ (x_12 v x_7 v -x_6) ^ (-x_12 v x_9 v x_5) ^ (-x_10 v x_7 v x_5) ^ (-x_12 v -x_4) ^ (-x_12 v -x_5 v -x_8) ^ (x_3 v -x_5 v x_11) ^ (x_1 v x_2) ^ (x_6 v x_9 v -x_7) ^ (x_0 v x_6 v x_7) ^ (x_9 v -x_4 v x_2) ^ (x_6 v x_5 v -x_0) ^ (x_3 v -x_4 v x_5) ^ (x_6 v -x_12 v x_9) ^ (x_8) ^ (-x_9 v -x_7 v -x_3) ^ (-x_7 v -x_2 v -x_8) ^ (x_11 v -x_7 v x_2) ^ (-x_9 v x_12 v -x_3) ^ (x_11 v x_5) ^ (x_6 v x_7 v -x_0) ^ (-x_4 v -x_5 v -x_3) ^ (-x_12 v x_5 v -x_0) ^ (x_8 v -x_7 v -x_11) ^ (x_0 v x_1 v x_9) ^ (x_0 v -x_7 v -x_5) ^ (x_0 v -x_1 v -x_8) ^ (x_4 v x_5 v -x_0) ^ (x_0 v -x_4 v -x_3) ^ (-x_2 v x_10 v x_5) ^ (-x_1 v -x_4 v x_7)]
13,38,91,inf,10.862164497375488,[(x_10 v x_2 v x_4) ^ (x_3 v -x_6) ^ (x_6 v -x_7 v x_8) ^ (-x_12 v -x_10 v -x_7) ^ (x_6 v x_7 v -x_11) ^ (x_6 v x_1) ^ (-x_11 v -x_2 v x_4) ^ (-x_12 v -x_10 v x_7) ^ (-x_10 v -x_5 v -x_11) ^ (-x_10 v -x_8 v -x_0) ^ (x_6 v x_1 v x_4) ^ (-x_1 v x_8 v x_0) ^ (x_12 v -x_10 v -x_11) ^ (x_7 v x_2 v -x_3) ^ (x_0 v -x_9 v x_10) ^ (-x_1 v -x_9 v x_7) ^ (x_11 v x_6 v -x_10) ^ (-x_1 v x_7 v -x_3) ^ (x_6 v x_1 v x_7) ^ (x_0 v -x_1 v x_3) ^ (-x_8 v -x_11) ^ (-x_1 v x_5 v -x_8) ^ (-x_2 v x_5 v x_7) ^ (x_9 v -x_3 v -x_6) ^ (x_6 v -x_7 v -x_11) ^ (x_2 v x_4 v x_5) ^ (x_11 v -x_2 v x_7) ^ (x_11 v -x_9 v -x_12) ^ (-x_9 v x_12 v x_7) ^ (-x_1 v x_5 v x_11) ^ (-x_12 v x_2 v -x_6) ^ (x_6 v -x_8 v -x_11) ^ (x_11 v -x_9 v -x_7) ^ (-x_11 v -x_5 v x_8) ^ (x_12 v x_5 v -x_0) ^ (-x_9 v -x_10 v x_8) ^ (x_3 v -x_1 v -x_5) ^ (x_1 v -x_4 v -x_5)]
5,15,1,0.07386946678161621,1.0594396591186523,[(x_3 v -x_0) ^ (x_1 v -x_2 v -x_3) ^ (x_0 v -x_2 v x_4) ^ (-x_4 v -x_2) ^ (x_1 v x_4 v -x_0) ^ (x_4 v -x_0) ^ (x_1 v -x_4 v x_2) ^ (x_0 v x_2 v -x_3) ^ (x_0 v -x_4 v -x_3) ^ (-x_1 v -x_4 v -x_3) ^ (-x_1 v -x_4 v x_2) ^ (x_3 v x_1 v x_2) ^ (-x_3 v -x_0) ^ (x_0 v x_1 v -x_3) ^ (-x_1 v x_4 v -x_0)]
5,10,6,0.40234375,0.7013006210327148,[(x_3 v x_1 v -x_2) ^ (x_1 v -x_3) ^ (x_4 v -x_0) ^ (x_1 v x_2) ^ (-x_1 v x_3) ^ (x_0 v x_1 v x_4) ^ (x_1 v -x_0) ^ (x_3 v x_1 v x_4) ^ (x_3 v x_4) ^ (x_0 v x_1 v -x_2)]
6,13,1,0.09606122970581055,0.28694915771484375,[(x_3 v x_5) ^ (-x_1 v -x_2) ^ (x_1 v -x_4 v -x_2) ^ (x_0 v -x_4 v x_3) ^ (x_1) ^ (x_1 v -x_2 v -x_5) ^ (-x_1 v -x_4 v -x_2) ^ (-x_5 v x_2 v x_4) ^ (x_4 v -x_0) ^ (x_4 v x_2 v -x_0) ^ (x_0 v -x_5) ^ (x_3 v x_1 v -x_0) ^ (-x_1 v -x_0 v -x_3)]
6,6,8,0.12490630149841309,0.229644775390625,[(-x_1 v -x_5 v -x_2) ^ (-x_1 v x_0) ^ (-x_5 v -x_3 v -x_0) ^ (x_1 v x_4 v -x_0) ^ (x_1 v x_5 v -x_3) ^ (-x_1 v x_4 v -x_0)]
7,9,1,0.04274702072143555,0.1330585479736328,[(x_3 v x_1 v -x_5) ^ (x_1 v -x_3 v -x_0) ^ (x_1 v -x_4 v x_5) ^ (x_3 v -x_5 v -x_2) ^ (-x_0 v -x_2 v x_4) ^ (-x_4 v -x_6) ^ (-x_4 v -x_2 v -x_3) ^ (x_0 v -x_5) ^ (x_2 v x_5 v -x_0)]
7,17,12,2.348767042160034,1.0353221893310547,[(x_4 v x_2 v -x_3) ^ (x_3 v x_5) ^ (x_3 v -x_0) ^ (x_6 v -x_5 v x_2) ^ (-x_1 v -x_3 v -x_0) ^ (x_3 v -x_5 v x_4) ^ (-x_2 v -x_5) ^ (x_6 v x_1 v x_2) ^ (-x_1 v -x_6) ^ (-x_2 v x_5 v -x_3) ^ (x_0 v x_3) ^ (-x_4 v x_2 v -x_3) ^ (x_0 v x_5 v -x_3) ^ (x_0 v -x_4 v x_2) ^ (x_0 v x_6 v -x_5) ^ (-x_1 v x_4 v -x_6) ^ (-x_5 v x_2 v -x_0)]
8,21,1,0.04542207717895508,0.1822042465209961,[(x_6 v x_4 v -x_3) ^ (-x_4 v -x_7) ^ (x_0 v x_6 v -x_4) ^ (x_2 v x_5 v -x_6) ^ (x_3 v -x_6 v x_0) ^ (-x_5 v -x_2) ^ (-x_7 v -x_5 v -x_6) ^ (-x_7 v -x_5 v x_4) ^ (x_1 v x_4) ^ (x_0 v x_1) ^ (x_3 v x_1 v x_4) ^ (x_0 v -x_1 v -x_6) ^ (-x_4 v x_7 v x_5) ^ (-x_4 v x_7 v -x_0) ^ (-x_4 v x_5 v -x_6) ^ (x_6 v x_2 v -x_0) ^ (-x_1 v -x_4 v x_5) ^ (x_0 v x_2 v -x_3) ^ (-x_7 v x_5 v -x_3) ^ (-x_1 v x_6 v x_5) ^ (x_3 v x_1 v x_2)]
8,11,16,0.1304490566253662,0.6153793334960938,[(x_7 v -x_0) ^ (-x_4 v -x_5) ^ (-x_1 v x_7 v x_4) ^ (-x_4 v -x_0) ^ (x_3 v x_4 v x_5) ^ (x_3 v x_1 v -x_4) ^ (-x_1 v x_4 v x_2) ^ (-x_7 v -x_5 v -x_6) ^ (x_3 v -x_4 v x_5) ^ (x_0 v -x_1 v x_7) ^ (-x_0 v x_5 v -x_6)]
9,15,1,0.048125267028808594,0.15462779998779297,[(x_1 v x_4 v x_2) ^ (x_0 v -x_2 v x_8) ^ (x_1 v -x_2) ^ (x_0 v x_5 v x_8) ^ (-x_1 v x_7 v x_4) ^ (-x_4 v -x_6 v x_8) ^ (-x_1 v -x_7 v x_3) ^ (x_0 v -x_2 v x_5) ^ (x_1 v -x_5 v -x_3) ^ (x_4 v x_5 v -x_3) ^ (x_3 v x_0) ^ (x_1 v -x_5 v -x_6) ^ (x_0 v -x_4 v -x_3) ^ (x_1 v x_4) ^ (x_3 v -x_4 v x_0)]
9,19,23,0.4002060890197754,1.4751768112182617,[(x_3 v -x_4 v x_7) ^ (x_6 v x_4 v -x_3) ^ (x_0 v x_1 v x_3) ^ (-x_1 v x_8 v -x_0) ^ (-x_4 v x_5 v x_8) ^ (x_4 v x_8) ^ (-x_1 v x_7 v -x_3) ^ (x_0 v x_4 v -x_8) ^ (x_1 v -x_7 v -x_5) ^ (x_6 v -x_2 v -x_3) ^ (x_3 v -x_8 v -x_6) ^ (x_7 v -x_0) ^ (x_3 v x_1 v -x_4) ^ (x_0 v -x_1 v -x_6) ^ (-x_4 v x_7 v x_5) ^ (x_6 v x_4 v -x_0) ^ (-x_7 v -x_3 v x_8) ^ (x_1 v x_7) ^ (x_0 v -x_4 v -x_8)]
10,23,1,0.1418013572692871,0.2927408218383789,[(x_1 v x_2 v -x_6) ^ (x_9 v -x_5 v -x_7) ^ (x_3 v -x_4 v x_2) ^ (x_0 v -x_7 v -x_8) ^ (x_1 v -x_4 v x_7) ^ (x_7 v x_5 v -x_6) ^ (x_3 v x_6 v x_8) ^ (x_1 v -x_2 v x_8) ^ (x_1 v -x_5 v x_2) ^ (-x_9 v -x_5 v -x_8) ^ (x_9 v x_7 v x_8) ^ (x_0 v -x_5) ^ (-x_0 v x_6 v -x_3) ^ (-x_1 v x_6 v x_2) ^ (x_0 v x_1 v x_8) ^ (-x_7 v -x_5) ^ (x_9 v x_2) ^ (x_1 v x_4 v -x_0) ^ (x_9 v x_2 v x_5) ^ (-x_1 v x_2) ^ (x_3 v -x_9 v -x_4) ^ (x_0 v -x_3) ^ (-x_1 v -x_7)]
10,11,32,1.270888090133667,1.1079607009887695,[(-x_9 v x_2 v x_5) ^ (-x_7 v -x_5 v x_8) ^ (-x_1 v x_7 v x_3) ^ (x_3 v -x_4 v x_7) ^ (x_1 v x_4 v -x_6) ^ (-x_5 v -x_2 v x_7) ^ (-x_4 v -x_2) ^ (-x_1 v x_5 v -x_0) ^ (-x_1 v x_9 v -x_2) ^ (x_9 v -x_2 v x_4) ^ (x_3 v -x_4 v -x_2)]
11,26,1,0.06397795677185059,0.2055034637451172,[(x_0 v -x_4 v x_10) ^ (-x_9 v -x_5 v x_2) ^ (-x_0 v -x_8 v -x_3) ^ (x_6 v -x_9 v x_5) ^ (x_0 v -x_5 v x_8) ^ (-x_8 v -x_0) ^ (x_3 v -x_7) ^ (x_3 v x_2 v x_8) ^ (-x_4 v x_9 v x_5) ^ (-x_10 v -x_8 v -x_0) ^ (x_3 v -x_7 v -x_5) ^ (x_6 v x_1 v x_4) ^ (-x_4 v -x_10 v x_8) ^ (-x_9 v -x_5 v -x_6) ^ (-x_9 v -x_4 v -x_5) ^ (-x_0 v -x_5 v x_4) ^ (x_9 v -x_5 v -x_0) ^ (-x_1 v x_6 v -x_2) ^ (x_1 v x_5 v -x_6) ^ (x_5 v -x_8 v -x_3) ^ (-x_9 v -x_6 v -x_3) ^ (-x_5 v x_2 v -x_0) ^ (-x_0 v x_5 v x_8) ^ (x_0 v -x_10 v x_8) ^ (x_6 v x_4 v -x_0) ^ (-x_7 v x_5 v -x_8)]
11,31,46,inf,4.512904167175293,[(x_3 v x_4 v x_0) ^ (x_1 v -x_5 v x_8) ^ (-x_10 v x_4 v x_7) ^ (x_4 v x_5 v x_8) ^ (x_0 v x_9 v x_8) ^ (x_3 v x_10 v -x_6) ^ (-x_7 v x_2 v x_8) ^ (x_3 v x_4 v -x_6) ^ (x_6 v x_1 v -x_3) ^ (x_6 v -x_10 v x_2) ^ (-x_4 v x_8) ^ (x_2 v -x_3 v -x_0) ^ (-x_1 v x_10 v -x_2) ^ (-x_1 v x_4 v x_5) ^ (x_3 v x_1 v x_5) ^ (x_10 v x_5 v -x_8) ^ (-x_7 v -x_2 v x_8) ^ (-x_2 v -x_0) ^ (x_1 v x_5) ^ (x_10 v -x_8 v -x_3) ^ (x_0 v x_6 v -x_1) ^ (-x_7 v -x_3 v x_8) ^ (x_3 v -x_4) ^ (-x_9 v -x_4 v -x_6) ^ (-x_9 v -x_10) ^ (-x_10 v -x_3 v -x_0) ^ (x_0 v x_4 v -x_6) ^ (x_1 v x_9 v x_8) ^ (-x_5 v x_2 v -x_8) ^ (-x_1 v x_0 v x_8) ^ (-x_10 v -x_5 v x_8)]
12,17,1,0.09616804122924805,0.16025543212890625,[(-x_9 v x_2 v x_8) ^ (x_3 v x_7 v x_4) ^ (x_8 v -x_0) ^ (x_0 v x_10 v x_4) ^ (x_0 v -x_1 v -x_11) ^ (-x_7 v -x_3 v -x_0) ^ (-x_10 v x_2 v -x_6) ^ (x_1 v -x_5 v -x_3) ^ (-x_3 v -x_8 v -x_11) ^ (x_1 v -x_7 v x_10) ^ (x_9 v -x_6 v x_8) ^ (-x_4 v x_10 v -x_8) ^ (x_11 v x_9 v -x_2) ^ (-x_1 v -x_4 v x_2) ^ (x_7 v x_5 v -x_11) ^ (-x_4 v -x_2 v x_5) ^ (x_6 v -x_7 v -x_8)]
12,34,64,inf,6.037450790405273,[(x_11 v x_8) ^ (x_1 v x_4 v -x_6) ^ (x_11 v -x_6 v -x_3) ^ (x_3 v -x_9 v -x_10) ^ (x_1 v -x_10 v x_2) ^ (x_1 v -x_2 v -x_8) ^ (-x_7 v -x_2) ^ (-x_1 v -x_4 v -x_6) ^ (x_1 v -x_2) ^ (x_7 v -x_11) ^ (-x_8 v -x_6) ^ (-x_4 v -x_5 v -x_11) ^ (-x_1 v -x_10 v x_5) ^ (-x_10 v -x_5 v -x_0) ^ (-x_7 v x_2) ^ (x_0 v -x_10 v -x_5) ^ (x_3 v -x_10 v x_0) ^ (x_1 v x_7 v -x_3) ^ (-x_1 v x_6 v -x_9) ^ (x_7 v -x_8 v -x_11) ^ (x_0 v x_4 v -x_3) ^ (-x_11 v -x_5 v -x_3) ^ (-x_10 v -x_3) ^ (-x_1 v -x_4 v -x_11) ^ (-x_1 v x_10 v x_2) ^ (x_11 v x_6 v x_5) ^ (x_6 v x_7 v -x_0) ^ (x_0 v x_5 v x_8) ^ (-x_1 v -x_10 v -x_0) ^ (-x_1 v -x_11) ^ (x_0 v -x_3) ^ (x_8 v -x_2 v -x_11) ^ (-x_10 v x_2) ^ (x_0 v -x_5 v -x_6)]
13,26,1,0.13346338272094727,0.1976776123046875,[(x_9 v x_7 v x_4) ^ (-x_1 v -x_10 v x_7) ^ (-x_1 v -x_12 v -x_8) ^ (x_8 v -x_5 v -x_3) ^ (-x_11 v x_12 v -x_6) ^ (x_1 v -x_10 v x_7) ^ (x_3 v x_12 v x_5) ^ (x_3 v x_1) ^ (-x_1 v x_4 v -x_11) ^ (x_6 v x_7 v -x_3) ^ (x_10 v -x_8 v -x_0) ^ (-x_5 v x_7 v -x_3) ^ (-x_0 v x_6 v -x_3) ^ (x_6 v -x_11 v -x_0) ^ (x_3 v x_9 v x_7) ^ (-x_1 v x_2 v x_0) ^ (x_6 v x_1 v x_10) ^ (-x_4 v x_9 v -x_7) ^ (x_11 v x_1 v x_0) ^ (-x_0 v x_2 v x_8) ^ (-x_9 v -x_10 v -x_8) ^ (-x_1 v -x_4 v -x_0) ^ (x_3 v -x_9 v -x_6) ^ (-x_10 v x_4 v -x_11) ^ (x_3 v -x_10) ^ (x_12 v -x_10 v x_2)]
13,38,91,inf,10.745885848999023,[(-x_4 v -x_8 v -x_6) ^ (-x_12 v -x_2 v -x_6) ^ (x_0 v -x_2 v x_5) ^ (x_1 v x_12 v -x_8) ^ (-x_4 v x_2 v -x_3) ^ (x_11 v -x_2 v x_8) ^ (-x_4 v -x_2 v -x_7) ^ (x_3 v x_12 v x_0) ^ (-x_7 v x_2 v -x_3) ^ (-x_7 v x_4 v x_2) ^ (x_11 v -x_4 v x_5) ^ (-x_1 v -x_6 v x_0) ^ (x_0 v -x_5 v x_3) ^ (-x_12 v x_7 v -x_8) ^ (x_6 v -x_10 v -x_2) ^ (x_1 v -x_9) ^ (-x_5 v -x_8 v -x_11) ^ (-x_0 v x_12 v -x_6) ^ (-x_1 v x_4 v x_5) ^ (x_12 v x_4 v x_7) ^ (-x_7 v -x_2 v -x_8) ^ (x_0 v x_4 v x_8) ^ (x_3 v x_9 v x_12) ^ (-x_12 v x_1 v -x_8) ^ (-x_12 v x_5) ^ (-x_0 v x_10 v -x_3) ^ (x_10 v x_2 v x_7) ^ (x_10 v -x_5 v -x_2) ^ (-x_4 v x_2 v -x_6) ^ (x_1 v -x_4 v -x_2) ^ (x_3 v -x_8 v -x_11) ^ (-x_11 v x_7 v x_4) ^ (x_11 v x_10) ^ (x_10 v x_2 v x_8) ^ (-x_5 v -x_3 v -x_6) ^ (-x_10 v x_2) ^ (x_11 v x_12 v -x_7) ^ (x_6 v x_4 v -x_8)]
5,15,1,0.07490110397338867,1.0606794357299805,[(x_3 v x_4 v x_2) ^ (x_3 v -x_0) ^ (x_2 v -x_0) ^ (x_1 v -x_2) ^ (x_0 v x_4 v -x_3) ^ (x_3 v -x_4 v x_2) ^ (-x_4 v -x_2 v -x_3) ^ (-x_4 v -x_2 v -x_0) ^ (x_0 v -x_2 v -x_3) ^ (x_3 v x_2) ^ (-x_1 v x_4 v -x_3) ^ (-x_1 v x_3) ^ (x_3 v -x_1 v -x_2) ^ (x_3 v x_1 v x_4) ^ (x_0 v x_1 v -x_2)]
5,10,6,0.05398106575012207,0.29715633392333984,[(-x_1 v x_3 v -x_0) ^ (-x_1 v x_4) ^ (-x_1 v -x_4 v -x_0) ^ (-x_4 v -x_0) ^ (x_3 v -x_1 v x_4) ^ (x_3 v x_4 v -x_2) ^ (-x_4 v -x_2 v -x_0) ^ (x_0 v -x_1 v -x_2) ^ (x_0 v -x_4 v -x_3) ^ (x_4 v -x_3)]
6,6,1,0.03868579864501953,0.1282787322998047,[(-x_1 v x_4 v x_0) ^ (x_3 v x_1 v x_5) ^ (x_5 v x_1 v x_2) ^ (x_0 v -x_4 v x_2) ^ (x_0 v -x_1 v -x_5) ^ (x_0 v x_3 v x_2)]
6,17,8,0.09533953666687012,0.6237268447875977,[(-x_1 v -x_3) ^ (-x_1 v x_5) ^ (x_3 v -x_4 v x_0) ^ (x_1 v x_2 v -x_0) ^ (x_1 v -x_2 v -x_5) ^ (x_4 v x_5 v -x_3) ^ (-x_1 v x_4 v x_5) ^ (-x_5 v x_2 v -x_3) ^ (x_3 v x_1 v x_0) ^ (x_3 v x_5 v -x_0) ^ (x_0 v -x_5 v x_3) ^ (-x_1 v -x_5 v x_2) ^ (x_1 v x_5 v -x_0) ^ (x_3 v x_1 v x_2) ^ (-x_4 v -x_2 v -x_3) ^ (x_1 v x_4 v x_5) ^ (x_0 v x_1 v -x_3)]
7,16,1,0.04745197296142578,0.15393447875976562,[(-x_0 v x_1 v -x_6) ^ (-x_0 v x_4 v -x_6) ^ (x_0 v -x_4 v -x_6) ^ (x_3 v -x_4 v x_0) ^ (x_1 v x_5) ^ (x_0 v -x_5 v -x_3) ^ (x_0 v x_6 v x_5) ^ (-x_2 v x_5 v -x_3) ^ (x_6 v x_1 v -x_4) ^ (x_1 v -x_4 v -x_3) ^ (x_6 v x_1 v x_5) ^ (-x_6 v -x_2 v x_4) ^ (x_1 v -x_5) ^ (x_1 v -x_6) ^ (x_3 v -x_4 v x_5) ^ (x_1 v x_5 v -x_0)]
7,17,12,0.20923519134521484,0.7125692367553711,[(x_5 v -x_6) ^ (-x_1 v -x_5 v x_0) ^ (-x_1 v -x_4 v x_3) ^ (x_1 v -x_4 v -x_2) ^ (x_0 v x_4 v -x_3) ^ (x_1 v -x_2 v -x_3) ^ (-x_4 v -x_2 v -x_6) ^ (x_0 v -x_5 v -x_2) ^ (-x_1 v -x_6) ^ (x_3 v -x_4 v -x_6) ^ (x_0 v x_1 v -x_6) ^ (x_3 v x_6 v x_0) ^ (x_3 v x_2 v -x_6) ^ (-x_5 v -x_3 v x_4) ^ (-x_1 v -x_6 v -x_3) ^ (x_2 v x_5 v -x_0) ^ (-x_1 v x_6 v -x_0)]
8,22,1,0.0430302619934082,0.1859426498413086,[(-x_4 v -x_5) ^ (x_1 v x_7 v -x_0) ^ (-x_4 v -x_2 v -x_7) ^ (-x_0 v x_1 v -x_6) ^ (x_7 v x_5 v x_4) ^ (-x_1 v x_5 v -x_6) ^ (-x_6 v -x_5 v x_4) ^ (x_5 v -x_3) ^ (-x_1 v x_6 v -x_2) ^ (x_3 v x_4 v -x_6) ^ (-x_0 v -x_2 v -x_6) ^ (-x_7 v x_4) ^ (x_3 v -x_7 v -x_2) ^ (x_0 v -x_1 v x_5) ^ (x_6 v -x_5 v x_4) ^ (x_3 v -x_7 v x_2) ^ (-x_1 v -x_7 v -x_3) ^ (-x_1 v -x_2 v -x_0) ^ (x_3 v x_1 v -x_7) ^ (-x_6 v -x_0) ^ (-x_2 v x_7) ^ (-x_2 v x_5 v x_4)]
8,17,16,0.1519927978515625,0.8199024200439453,[(-x_4 v -x_3 v -x_6) ^ (x_5 v x_2) ^ (-x_1 v x_0 v -x_6) ^ (-x_6 v -x_5 v -x_3) ^ (x_5 v -x_0) ^ (-x_2 v -x_6) ^ (x_6 v x_2 v -x_0) ^ (x_3 v x_2) ^ (-x_2 v -x_3 v -x_0) ^ (-x_4 v x_5) ^ (x_1 v -x_2 v x_4) ^ (-x_4 v x_7 v -x_3) ^ (x_0 v -x_4 v -x_3) ^ (x_3 v -x_2 v -x_0) ^ (-x_1 v -x_2 v -x_0) ^ (-x_4 v -x_5 v x_7) ^ (-x_4 v -x_5 v -x_3)]
9,27,1,0.053984880447387695,0.19590091705322266,[(x_0 v x_6 v -x_8) ^ (-x_7 v x_8) ^ (-x_7 v -x_3 v -x_6) ^ (x_0 v x_6 v -x_4) ^ (x_3 v -x_1) ^ (x_3 v x_4) ^ (x_0 v -x_8 v -x_3) ^ (-x_4 v x_5 v -x_7) ^ (-x_7 v -x_2 v -x_0) ^ (x_0 v x_4 v -x_8) ^ (x_6 v -x_2 v -x_3) ^ (-x_2 v x_5 v -x_8) ^ (x_6 v x_4) ^ (x_6 v -x_0) ^ (-x_1 v x_6 v x_2) ^ (x_3 v -x_2 v x_8) ^ (-x_6 v -x_3) ^ (x_3 v x_4 v x_8) ^ (x_1 v x_4 v -x_8) ^ (-x_1 v x_6 v x_4) ^ (-x_1 v -x_0 v -x_6) ^ (x_0 v -x_1 v -x_2) ^ (x_0 v x_4 v -x_6) ^ (x_1 v -x_2 v -x_0) ^ (x_0 v x_7 v x_2) ^ (-x_0 v -x_5 v x_8) ^ (x_3 v x_4 v -x_0)]
9,15,23,0.3454267978668213,1.2426156997680664,[(x_8 v x_2 v -x_0) ^ (x_0 v x_6 v -x_8) ^ (x_0 v x_4) ^ (x_0 v x_5 v x_8) ^ (x_6 v x_4 v x_2) ^ (-x_5 v x_2 v x_8) ^ (-x_4 v -x_2 v -x_0) ^ (x_3 v x_2) ^ (x_6 v -x_7 v -x_3) ^ (x_3 v -x_2 v x_5) ^ (x_1 v x_4 v x_8) ^ (x_8 v x_5 v -x_3) ^ (x_1 v -x_4 v x_7) ^ (-x_4 v x_7 v -x_3) ^ (-x_5 v -x_3 v x_4)]
10,22,1,0.04892706871032715,0.18289566040039062,[(x_1 v -x_5 v -x_8) ^ (x_1 v -x_2 v x_5) ^ (x_9 v x_8) ^ (-x_1 v -x_5 v x_3) ^ (x_0 v x_7 v x_2) ^ (x_0 v -x_5 v -x_2) ^ (-x_2 v x_7 v -x_0) ^ (x_3 v x_9 v -x_7) ^ (x_1 v x_9 v -x_0) ^ (x_6 v -x_5) ^ (x_3 v -x_9) ^ (-x_1 v x_6 v -x_5) ^ (-x_1 v -x_5 v -x_8) ^ (x_3 v x_9) ^ (x_0 v -x_4 v -x_2) ^ (-x_1 v x_9) ^ (x_0 v x_7 v x_8) ^ (x_9 v x_7 v x_2) ^ (-x_5 v x_7 v -x_8) ^ (-x_1 v x_0 v x_8) ^ (x_3 v x_4) ^ (-x_1 v x_9 v -x_6)]
10,23,32,2.4170327186584473,2.356633186340332,[(x_5 v -x_3 v -x_0) ^ (x_0 v -x_6 v -x_3) ^ (-x_9 v -x_5 v x_2) ^ (-x_6 v x_2 v x_8) ^ (-x_1 v -x_2 v x_8) ^ (-x_9 v x_7 v -x_8) ^ (-x_5 v x_7 v x_4) ^ (x_6 v -x_4 v -x_0) ^ (-x_9 v -x_8 v -x_6) ^ (-x_2 v -x_8 v -x_0) ^ (x_3 v x_5) ^ (x_3 v -x_7 v -x_5) ^ (-x_7 v -x_5 v x_8) ^ (x_3 v x_9 v x_4) ^ (x_6 v -x_4) ^ (x_0 v -x_9 v -x_3) ^ (-x_1 v -x_2) ^ (x_3 v x_6 v x_9) ^ (x_0 v x_4 v -x_3) ^ (-x_2 v x_9 v -x_5) ^ (x_0 v x_1 v x_4) ^ (-x_1 v x_2 v -x_3) ^ (-x_9 v x_4 v x_7)]
11,14,1,0.04645109176635742,0.1505279541015625,[(x_6 v -x_2 v -x_3) ^ (-x_5 v x_10 v x_8) ^ (-x_1 v -x_4 v x_3) ^ (-x_1 v x_9 v x_4) ^ (-x_2 v -x_6) ^ (-x_4 v -x_2) ^ (x_8 v -x_6) ^ (x_1 v -x_9 v x_10) ^ (-x_9 v -x_8 v -x_3) ^ (-x_1 v x_2 v x_3) ^ (-x_5 v x_9 v x_10) ^ (x_4 v x_2 v -x_0) ^ (-x_1 v -x_7 v -x_3) ^ (x_0 v -x_4 v x_2)]
11,11,46,19.63607430458069,1.9717302322387695,[(x_6 v x_9 v x_5) ^ (x_3 v x_1 v -x_8) ^ (-x_1 v -x_4 v -x_0) ^ (-x_4 v x_2 v -x_0) ^ (-x_9 v -x_4 v -x_8) ^ (x_10 v x_6 v -x_2) ^ (x_1 v x_7 v -x_6) ^ (-x_0 v x_10 v x_4) ^ (-x_6 v -x_8 v -x_0) ^ (x_9 v x_4 v -x_7) ^ (x_3 v x_4 v -x_6)]
12,32,1,0.09176802635192871,0.2119903564453125,[(-x_6 v -x_5 v x_8) ^ (-x_1 v x_7 v -x_0) ^ (-x_2 v x_4 v -x_3) ^ (x_9 v -x_2 v x_8) ^ (x_3 v -x_9 v -x_10) ^ (-x_10 v -x_2 v -x_0) ^ (x_3 v -x_9 v x_10) ^ (x_1 v x_8 v -x_0) ^ (x_0 v -x_4 v -x_6) ^ (-x_5 v -x_4 v -x_10) ^ (x_8 v -x_11) ^ (-x_9 v -x_4 v -x_5) ^ (x_6 v -x_11 v -x_3) ^ (x_4 v -x_6) ^ (x_6 v -x_9 v -x_11) ^ (x_0 v x_1 v -x_4) ^ (x_6 v x_7 v -x_0) ^ (x_11 v x_6 v x_5) ^ (-x_0 v x_4 v -x_6) ^ (x_3 v -x_2 v x_4) ^ (x_11 v x_1 v x_7) ^ (x_3 v x_5 v -x_11) ^ (x_0 v x_4 v x_11) ^ (x_1 v x_2 v -x_8) ^ (-x_9 v -x_4 v -x_6) ^ (x_0 v -x_1 v -x_7) ^ (-x_7 v -x_2 v x_4) ^ (-x_4 v x_10 v -x_8) ^ (x_3 v x_10 v x_4) ^ (x_3 v x_9 v -x_8) ^ (-x_10 v -x_2 v x_7) ^ (x_8 v x_2 v -x_3)]
12,16,64,314.4660701751709,3.142549514770508,[(x_11 v -x_5 v x_0) ^ (-x_1 v x_5) ^ (x_0 v x_7 v x_4) ^ (x_4 v x_8) ^ (-x_1 v -x_4 v -x_2) ^ (-x_11 v x_10 v -x_3) ^ (-x_2 v -x_6) ^ (x_0 v -x_8 v x_11) ^ (-x_5 v x_2 v -x_3) ^ (x_3 v x_2) ^ (-x_6 v x_10 v -x_3) ^ (x_0 v -x_9 v -x_8) ^ (x_0 v x_4 v x_8) ^ (x_9 v x_7 v -x_6) ^ (x_11 v x_9 v -x_8) ^ (-x_1 v x_4 v -x_0)]
13,36,1,0.1204977035522461,0.2280902862548828,[(x_1 v x_2 v -x_6) ^ (-x_0 v -x_7 v x_8) ^ (-x_12 v -x_2 v x_4) ^ (-x_4 v x_7 v -x_11) ^ (-x_2 v x_9 v -x_10) ^ (x_1 v x_10 v x_5) ^ (x_5 v x_2 v -x_3) ^ (x_1 v -x_2 v -x_8) ^ (x_11 v x_6 v -x_9) ^ (x_12 v -x_2 v x_4) ^ (-x_1 v -x_7 v x_4) ^ (x_9 v -x_4 v -x_7) ^ (x_1 v -x_2 v -x_3) ^ (x_12 v -x_10 v x_5) ^ (x_6 v -x_9 v x_12) ^ (x_9 v x_12 v -x_11) ^ (-x_10 v x_7 v -x_0) ^ (-x_4 v x_12 v -x_3) ^ (x_3 v -x_8 v -x_6) ^ (x_0 v x_3 v -x_8) ^ (x_1 v x_9 v x_10) ^ (-x_7 v -x_8 v -x_0) ^ (-x_7 v x_10 v -x_6) ^ (-x_10 v -x_2 v -x_11) ^ (x_0 v -x_2 v -x_6) ^ (-x_10 v x_5 v x_8) ^ (x_0 v -x_9 v x_2) ^ (x_3 v x_5 v x_8) ^ (-x_2 v -x_5 v -x_8) ^ (x_11 v -x_9 v -x_7) ^ (x_5 v -x_8 v -x_6) ^ (-x_11 v -x_10 v x_8) ^ (-x_1 v x_2 v x_8) ^ (-x_6 v -x_2 v x_4) ^ (-x_7 v -x_2 v -x_6) ^ (-x_9 v x_8 v -x_11)]
13,16,91,77.1712019443512,4.544376373291016,[(x_1 v -x_5 v -x_8) ^ (x_0 v -x_11) ^ (x_11 v x_9 v x_2) ^ (x_3 v -x_2 v -x_6) ^ (x_11 v -x_5 v x_2) ^ (x_12 v x_4 v -x_3) ^ (-x_4 v -x_5 v x_2) ^ (-x_9 v -x_4 v -x_0) ^ (-x_12 v -x_7 v -x_0) ^ (-x_4 v x_1 v x_9) ^ (x_11 v -x_10 v -x_3) ^ (x_9 v x_8) ^ (x_3 v x_6 v -x_2) ^ (x_12 v x_7 v x_2) ^ (-x_5 v -x_8) ^ (x_12 v x_5)]
5,8,1,0.06609606742858887,1.0343694686889648,[(-x_1 v x_4) ^ (x_0 v x_4) ^ (x_3 v -x_4) ^ (x_1 v -x_4 v x_2) ^ (-x_1 v x_2 v x_3) ^ (x_3 v x_1 v x_2) ^ (x_3 v -x_2 v -x_0) ^ (x_0 v -x_1 v x_3)]
5,11,6,0.057027339935302734,0.3331441879272461,[(-x_2 v -x_0) ^ (-x_1 v -x_4 v x_3) ^ (x_1 v -x_2) ^ (x_1 v -x_4 v -x_2) ^ (x_3 v -x_4 v x_2) ^ (x_3 v x_4 v -x_2) ^ (x_1 v -x_4) ^ (x_0 v x_2) ^ (x_0 v -x_4 v x_2) ^ (-x_1 v -x_2 v -x_0) ^ (x_3 v -x_4 v -x_2)]
6,6,1,0.04390120506286621,0.11932754516601562,[(-x_0 v -x_3) ^ (x_1 v -x_4 v -x_2) ^ (-x_5 v -x_3 v -x_0) ^ (x_1 v -x_3) ^ (-x_2 v x_5 v -x_0) ^ (x_3 v -x_4 v -x_0)]
6,14,8,0.08453702926635742,0.5021028518676758,[(-x_2 v x_5) ^ (x_1 v x_4 v x_2) ^ (x_0 v x_4 v x_2) ^ (-x_1 v -x_3 v -x_0) ^ (x_0 v -x_4 v -x_2) ^ (x_4 v x_5 v -x_0) ^ (-x_4 v -x_5 v x_2) ^ (-x_0 v -x_5 v x_4) ^ (x_4 v -x_3 v -x_0) ^ (x_1 v x_5 v -x_3) ^ (x_3 v -x_1 v x_0) ^ (x_3 v x_4) ^ (x_3 v -x_5 v x_2) ^ (x_1 v -x_4 v -x_5)]
7,18,1,0.04555320739746094,0.1615753173828125,[(-x_2 v -x_5 v x_4) ^ (x_6 v x_4) ^ (-x_5 v -x_0) ^ (x_0 v -x_5 v -x_2) ^ (x_3 v x_2 v -x_0) ^ (-x_4 v -x_2 v -x_6) ^ (-x_4 v -x_2 v -x_0) ^ (x_1 v -x_4 v -x_3) ^ (-x_1 v -x_5 v x_2) ^ (-x_4 v x_2 v x_5) ^ (x_3 v x_5 v -x_6) ^ (x_1 v -x_5) ^ (x_1 v -x_5 v -x_6) ^ (x_1 v -x_6 v -x_3) ^ (-x_1 v -x_2 v x_5) ^ (-x_2 v x_5 v x_4) ^ (x_4 v x_2) ^ (-x_0 v -x_3 v -x_6)]
7,8,12,0.07124209403991699,0.3590106964111328,[(-x_1 v -x_6 v -x_0) ^ (x_1 v -x_4) ^ (x_6 v -x_5) ^ (x_1 v -x_6) ^ (-x_1 v x_6 v -x_4) ^ (x_1 v x_5 v -x_3) ^ (-x_1 v -x_2 v -x_0) ^ (-x_1 v x_6 v -x_2)]
8,10,1,0.04255104064941406,0.13815879821777344,[(-x_2 v x_7 v -x_6) ^ (x_4 v -x_3 v -x_0) ^ (x_5 v x_2) ^ (-x_7 v x_4 v x_5) ^ (x_4 v x_2 v -x_6) ^ (-x_1 v x_4 v x_5) ^ (x_0 v -x_7 v -x_3) ^ (-x_1 v x_4 v -x_3) ^ (x_0 v -x_7 v x_5) ^ (x_0 v x_6 v -x_5)]
8,17,16,0.2266254425048828,1.0802679061889648,[(-x_5 v -x_0) ^ (x_3 v x_6 v x_4) ^ (-x_2 v x_7 v -x_3) ^ (x_0 v x_6 v x_4) ^ (x_0 v x_7 v x_3) ^ (-x_1 v x_7) ^ (x_1 v x_7) ^ (-x_1 v -x_4 v -x_7) ^ (x_0 v x_5 v -x_3) ^ (-x_1 v -x_4 v x_0) ^ (-x_1 v x_4 v x_2) ^ (x_3 v x_6) ^ (-x_7 v x_2 v -x_0) ^ (x_6 v x_5 v -x_0) ^ (x_0 v x_1 v -x_7) ^ (x_5 v x_2 v -x_3) ^ (x_0 v -x_7 v -x_2)]
9,19,1,0.04790854454040527,0.17223358154296875,[(x_1 v -x_4 v -x_0) ^ (-x_1 v -x_7 v -x_2) ^ (x_1 v x_7 v -x_0) ^ (x_3 v x_5 v -x_0) ^ (-x_5 v x_7 v x_4) ^ (x_3 v x_5) ^ (-x_2 v -x_8 v -x_6) ^ (x_3 v -x_1) ^ (-x_4 v -x_7 v x_8) ^ (-x_2 v x_5 v -x_8) ^ (-x_4 v x_8) ^ (-x_7 v x_4 v x_5) ^ (x_1 v x_7 v -x_6) ^ (x_6 v -x_4 v -x_2) ^ (x_8 v x_7 v -x_3) ^ (x_3 v -x_4 v -x_8) ^ (x_3 v -x_4 v -x_2) ^ (x_3 v x_7 v -x_6) ^ (x_2 v -x_3 v x_8)]
9,21,23,0.4678339958190918,1.5075368881225586,[(x_3 v x_2 v x_5) ^ (x_5 v -x_7 v x_2) ^ (-x_1 v -x_2 v -x_3) ^ (-x_1 v x_7) ^ (x_7 v x_2) ^ (x_1 v -x_6) ^ (-x_1 v -x_5 v x_3) ^ (-x_1 v -x_7 v x_4) ^ (-x_1 v x_8 v x_0) ^ (x_1 v -x_4 v -x_3) ^ (-x_7 v x_4 v x_8) ^ (x_0 v -x_5 v x_2) ^ (x_6 v -x_4) ^ (x_2 v -x_8 v -x_0) ^ (x_6 v x_1 v -x_3) ^ (-x_5 v x_7 v -x_3) ^ (x_7 v -x_8) ^ (x_3 v -x_2) ^ (x_6 v x_4 v -x_0) ^ (-x_1 v x_6 v x_4) ^ (-x_1 v -x_7 v -x_8)]
10,15,1,0.04794168472290039,0.1526479721069336,[(x_3 v x_1 v -x_8) ^ (-x_1 v -x_6 v -x_0) ^ (x_1 v x_4 v -x_8) ^ (x_9 v -x_6) ^ (x_7 v -x_8 v x_4) ^ (x_3 v x_9 v x_5) ^ (x_6 v -x_9 v -x_4) ^ (-x_4 v x_7 v x_8) ^ (x_1 v x_9 v -x_0) ^ (-x_8 v -x_3) ^ (x_6 v -x_9 v x_7) ^ (x_7 v -x_8 v -x_6) ^ (x_0 v -x_4 v x_2) ^ (x_5 v x_4 v x_2) ^ (x_1 v x_4)]
10,21,32,72.45448136329651,2.1029109954833984,[(-x_4 v -x_7 v -x_0) ^ (x_6 v x_1 v -x_4) ^ (-x_1 v -x_5 v -x_3) ^ (x_0 v -x_9 v -x_7) ^ (-x_2 v -x_3 v x_4) ^ (-x_1 v x_6 v -x_8) ^ (x_6 v -x_4 v -x_5) ^ (x_6 v x_1 v -x_5) ^ (x_4 v -x_8 v -x_6) ^ (x_3 v x_8) ^ (-x_1 v x_6 v x_8) ^ (-x_9 v x_4 v -x_8) ^ (x_0 v x_1 v -x_6) ^ (-x_1 v x_6) ^ (x_1 v x_2 v -x_0) ^ (x_6 v x_1 v x_8) ^ (-x_1) ^ (-x_6 v -x_3 v -x_0) ^ (x_9 v -x_5 v x_8) ^ (x_0 v x_9 v -x_5) ^ (-x_9 v x_4 v -x_3)]
11,13,1,0.04329228401184082,0.14754867553710938,[(x_10 v x_5) ^ (-x_6 v x_10 v x_4) ^ (x_9 v x_10 v x_2) ^ (-x_10 v -x_8 v -x_3) ^ (x_3 v -x_4 v x_7) ^ (-x_4 v -x_5 v -x_8) ^ (-x_4 v x_10 v -x_6) ^ (-x_2 v -x_7 v x_10) ^ (x_1 v x_7 v x_8) ^ (x_9 v -x_4 v x_7) ^ (-x_10 v -x_2 v x_4) ^ (-x_1 v -x_7) ^ (x_0 v x_9 v x_3)]
11,16,46,471.8691098690033,2.8115577697753906,[(x_3 v -x_7 v x_0) ^ (x_9 v -x_5 v -x_7) ^ (x_0 v x_9 v x_4) ^ (-x_2 v x_9 v x_10) ^ (x_0 v -x_1 v x_4) ^ (-x_5 v x_2 v x_8) ^ (-x_4 v -x_7 v -x_3) ^ (x_6 v -x_8 v -x_0) ^ (-x_7 v -x_10 v x_2) ^ (-x_9 v x_10 v x_7) ^ (x_1 v x_9 v x_5) ^ (x_3 v x_6 v -x_2) ^ (-x_10 v x_4 v x_2) ^ (-x_1 v -x_2 v x_5) ^ (x_3 v -x_6 v x_0) ^ (-x_1 v -x_10 v x_4)]
12,12,1,0.08167195320129395,0.13251590728759766,[(x_5 v -x_11) ^ (-x_2 v -x_11) ^ (x_6 v x_9 v x_4) ^ (-x_10 v -x_5 v -x_3) ^ (-x_1 v -x_11 v x_0) ^ (-x_4 v x_7 v x_8) ^ (-x_9 v -x_10 v -x_0) ^ (x_0 v -x_1 v -x_7) ^ (x_10 v -x_11) ^ (-x_9 v -x_7) ^ (-x_4 v -x_7 v x_8) ^ (-x_1 v -x_5 v -x_0)]
12,14,64,56.72893810272217,2.8824615478515625,[(x_5 v -x_6) ^ (x_2 v x_10 v x_5) ^ (x_3 v -x_8 v -x_6) ^ (-x_1 v -x_7 v -x_6) ^ (x_11 v x_1 v x_2) ^ (x_3 v -x_4) ^ (-x_1 v -x_9 v x_7) ^ (-x_1 v x_2 v -x_11) ^ (x_6 v x_4 v x_5) ^ (x_11 v -x_10 v -x_3) ^ (x_0 v -x_2 v -x_6) ^ (-x_7 v -x_5 v x_4) ^ (x_3 v x_7 v -x_6) ^ (x_11 v x_7 v -x_6)]
13,33,1,0.06865882873535156,0.20530223846435547,[(x_11 v x_5 v -x_0) ^ (x_11 v -x_12 v -x_3) ^ (x_0 v -x_7 v -x_6) ^ (x_6 v x_10 v -x_8) ^ (x_0 v x_1 v x_3) ^ (-x_12 v x_9 v -x_0) ^ (x_10 v -x_5 v x_8) ^ (x_6 v x_7) ^ (x_1 v -x_5 v -x_3) ^ (-x_10 v -x_7 v -x_3) ^ (x_0 v -x_12 v x_2) ^ (x_3 v x_4 v x_11) ^ (x_6 v -x_4) ^ (x_1 v -x_10) ^ (-x_7 v -x_2 v -x_0) ^ (x_6 v -x_9 v x_8) ^ (x_8 v -x_3 v -x_11) ^ (-x_10 v x_4 v -x_8) ^ (-x_7 v x_2 v -x_6) ^ (-x_12 v -x_5 v -x_6) ^ (-x_4 v -x_10 v -x_0) ^ (x_9 v x_10 v -x_7) ^ (-x_5 v x_8) ^ (-x_9 v x_12 v -x_10) ^ (x_6 v x_1 v x_10) ^ (-x_9 v x_2 v x_8) ^ (x_9 v x_10 v x_7) ^ (x_2 v -x_3) ^ (x_1 v -x_12 v -x_4) ^ (x_12 v x_10 v -x_7) ^ (x_11 v x_4 v x_5) ^ (x_3 v x_4) ^ (-x_12 v -x_4 v -x_11)]
13,36,91,inf,10.837899208068848,[(x_6 v -x_7 v x_2) ^ (-x_1 v x_9 v x_7) ^ (x_3 v x_2 v -x_8) ^ (x_6 v x_4 v -x_3) ^ (x_11 v -x_4 v -x_3) ^ (-x_5 v x_9 v x_10) ^ (-x_12 v -x_11 v x_8) ^ (x_6 v x_2 v x_8) ^ (x_11 v x_1 v -x_2) ^ (x_3 v -x_5 v -x_11) ^ (x_3 v -x_4 v x_9) ^ (-x_4 v x_5 v -x_7) ^ (-x_0 v x_10 v x_8) ^ (x_12 v x_10 v x_8) ^ (x_6 v -x_2 v x_5) ^ (-x_1 v -x_12 v -x_0) ^ (-x_4 v x_12 v x_7) ^ (x_3 v -x_12 v -x_6) ^ (x_6 v -x_9 v -x_8) ^ (x_11 v -x_5 v x_10) ^ (-x_1 v -x_8 v -x_0) ^ (x_3 v x_9 v -x_6) ^ (x_6 v -x_9 v -x_11) ^ (x_6 v x_1 v -x_3) ^ (-x_1 v x_5 v -x_11) ^ (x_3 v -x_12 v -x_2) ^ (x_11 v x_1 v x_4) ^ (x_11 v x_6 v -x_3) ^ (x_4 v x_2 v -x_11) ^ (x_5 v -x_8 v -x_6) ^ (x_3 v -x_10 v -x_8) ^ (-x_12 v -x_11 v -x_0) ^ (-x_10 v x_4 v x_2) ^ (-x_10 v x_5 v -x_11) ^ (x_6 v x_4 v -x_8) ^ (x_10 v -x_8 v x_4)]
5,9,1,0.07106542587280273,1.0374383926391602,[(x_3 v x_1 v -x_2) ^ (x_0 v -x_3) ^ (-x_0 v x_2 v -x_3) ^ (-x_1 v -x_4 v x_2) ^ (x_0 v -x_4 v -x_3) ^ (-x_4 v x_2) ^ (x_0 v -x_1 v -x_4) ^ (x_1 v x_4) ^ (x_0 v x_1 v -x_2)]
5,9,6,0.061521053314208984,0.29052734375,[(x_3 v x_1 v -x_2) ^ (x_0 v x_4 v -x_3) ^ (-x_4 v -x_2) ^ (-x_4 v -x_2 v -x_0) ^ (x_1 v -x_4) ^ (-x_2 v -x_3 v x_4) ^ (x_1 v -x_2 v x_4) ^ (-x_4 v -x_2 v -x_3) ^ (-x_1 v -x_0 v -x_3)]
6,9,1,0.03914594650268555,0.13268089294433594,[(x_0 v x_4 v x_5) ^ (-x_1 v x_4) ^ (x_2 v -x_3) ^ (-x_4 v x_2 v -x_0) ^ (x_3 v x_5 v x_2) ^ (-x_1 v -x_5 v x_4) ^ (x_0 v x_1 v x_5) ^ (-x_4 v -x_2 v -x_3) ^ (-x_1 v x_4 v x_3)]
6,18,8,0.0950167179107666,0.6131343841552734,[(-x_2 v -x_5 v x_4) ^ (x_1 v x_2 v -x_0) ^ (x_2 v -x_3) ^ (x_0 v x_4 v x_2) ^ (x_3 v -x_4 v -x_2) ^ (x_0 v -x_2 v x_4) ^ (x_3 v -x_1 v x_4) ^ (x_1 v x_4 v -x_0) ^ (-x_1 v -x_4 v x_5) ^ (-x_1 v x_5 v x_2) ^ (x_3 v -x_5) ^ (x_1 v -x_2 v x_5) ^ (-x_1 v -x_2 v x_5) ^ (x_0 v -x_4 v -x_3) ^ (x_0 v -x_5) ^ (-x_1 v -x_2 v x_4) ^ (-x_4 v -x_3 v -x_0) ^ (x_0 v x_1 v -x_2)]
7,12,1,0.04074358940124512,0.14257526397705078,[(-x_6 v x_2 v -x_0) ^ (x_1 v x_2 v -x_0) ^ (x_1 v x_5 v -x_6) ^ (x_6 v x_4) ^ (x_1 v -x_2) ^ (x_2 v -x_0) ^ (x_3 v x_5 v x_2) ^ (-x_1 v -x_2 v -x_3) ^ (-x_1 v x_2) ^ (x_0 v x_4 v x_3) ^ (x_4 v x_2 v -x_0) ^ (x_4 v x_5 v -x_6)]
7,21,12,0.19935917854309082,0.7364358901977539,[(x_6) ^ (x_1 v -x_4 v -x_0) ^ (-x_1 v x_0) ^ (x_3 v -x_5) ^ (-x_2 v -x_3 v x_4) ^ (x_1 v -x_6) ^ (x_3 v -x_6 v x_0) ^ (-x_1 v x_4 v -x_2) ^ (-x_5 v -x_0) ^ (-x_0 v -x_2 v x_4) ^ (x_3 v -x_4 v -x_0) ^ (-x_5 v x_2) ^ (x_0 v x_4 v x_3) ^ (-x_1 v x_6 v -x_4) ^ (-x_1 v -x_2 v x_4) ^ (x_3 v -x_5 v x_2) ^ (-x_1 v x_6 v -x_5) ^ (x_3 v -x_2 v -x_6) ^ (x_0 v -x_3) ^ (-x_1 v -x_4 v x_5) ^ (-x_1 v -x_0)]
8,15,1,0.049265146255493164,0.1567974090576172,[(-x_5 v x_7 v -x_3) ^ (x_0 v -x_4 v -x_6) ^ (-x_2 v x_7 v x_4) ^ (-x_5 v x_2) ^ (-x_1 v x_6 v -x_7) ^ (-x_7 v -x_5 v -x_0) ^ (-x_6 v -x_5 v -x_3) ^ (x_6 v -x_2) ^ (x_2 v x_5 v -x_3) ^ (x_0 v x_4 v -x_6) ^ (x_6 v -x_5) ^ (-x_5 v -x_3) ^ (x_0 v x_7 v -x_6) ^ (x_4 v x_5 v -x_6) ^ (-x_4 v -x_3 v -x_0)]
8,23,16,0.23777341842651367,1.1419849395751953,[(x_5 v -x_6) ^ (x_6 v -x_7 v x_2) ^ (x_3 v -x_6) ^ (x_3 v -x_4 v x_2) ^ (x_0 v -x_6) ^ (x_3 v -x_1 v -x_7) ^ (-x_3 v -x_0) ^ (x_3 v -x_7 v x_5) ^ (x_4 v x_7 v -x_6) ^ (-x_4 v -x_2 v -x_3) ^ (-x_1 v x_6 v -x_2) ^ (x_0 v -x_2) ^ (x_0 v x_5) ^ (x_1 v -x_7 v -x_0) ^ (x_3 v x_4 v -x_2) ^ (x_0 v x_7 v -x_6) ^ (x_0 v -x_2 v -x_6) ^ (-x_1 v -x_2 v -x_0) ^ (-x_1 v -x_2 v x_0) ^ (-x_2 v -x_3 v -x_6) ^ (-x_4 v x_2 v x_5) ^ (-x_1 v -x_0) ^ (x_0 v -x_7 v x_5)]
9,25,1,0.0495295524597168,0.19838714599609375,[(x_1 v x_7 v x_2) ^ (x_1 v x_4 v -x_6) ^ (-x_1 v x_3 v -x_6) ^ (x_0 v x_1 v x_3) ^ (-x_1 v x_6 v -x_8) ^ (-x_1 v x_6 v -x_3) ^ (x_1 v -x_7 v x_8) ^ (-x_6 v -x_2 v x_8) ^ (-x_1 v x_8) ^ (x_3 v -x_7 v -x_6) ^ (x_1 v -x_7 v x_2) ^ (x_6 v -x_3) ^ (-x_1 v x_7 v -x_6) ^ (x_3 v x_1 v -x_5) ^ (x_0 v -x_2) ^ (x_6 v x_1 v x_8) ^ (x_1 v x_5 v -x_8) ^ (x_3 v -x_1 v -x_5) ^ (-x_1 v x_2 v -x_8) ^ (x_0 v x_7 v -x_8) ^ (x_6 v -x_4 v -x_2) ^ (x_6 v -x_7 v -x_2) ^ (x_0 v -x_4) ^ (x_0 v x_7 v x_2) ^ (x_3 v x_4 v -x_0)]
9,17,23,0.39560365676879883,1.3735456466674805,[(x_6 v -x_5 v x_8) ^ (x_1 v x_5 v -x_6) ^ (x_6 v x_1 v -x_0) ^ (x_1 v x_4 v -x_8) ^ (x_1 v -x_2 v x_7) ^ (x_2 v x_5 v -x_3) ^ (x_4 v x_2 v x_7) ^ (-x_5 v -x_8 v -x_6) ^ (x_3 v -x_5 v x_0) ^ (x_6 v x_4 v -x_3) ^ (-x_1 v -x_7) ^ (-x_2 v -x_5 v x_8) ^ (x_1 v x_7 v -x_8) ^ (-x_2 v x_5 v x_4) ^ (x_1 v x_4) ^ (x_1 v -x_2 v -x_8) ^ (-x_6 v x_5 v x_8)]
10,29,1,0.06147146224975586,0.2068805694580078,[(x_1 v -x_5 v -x_8) ^ (-x_1 v x_7 v -x_0) ^ (-x_1 v -x_4 v x_8) ^ (x_1 v x_9 v -x_6) ^ (-x_1 v x_7) ^ (x_0 v -x_9) ^ (x_6 v x_1) ^ (-x_5 v -x_2 v -x_8) ^ (-x_2 v -x_8 v -x_6) ^ (-x_1 v -x_7 v x_4) ^ (x_1 v -x_2 v x_8) ^ (x_5 v -x_8 v -x_0) ^ (x_9 v -x_8 v -x_6) ^ (x_9 v -x_2 v x_4) ^ (x_3 v -x_9 v x_5) ^ (-x_1 v x_4 v -x_0) ^ (x_9 v x_4 v x_8) ^ (x_0 v x_4 v x_2) ^ (x_0 v x_4 v -x_3) ^ (x_9 v x_4 v -x_6) ^ (-x_2 v -x_4 v -x_5) ^ (x_0 v -x_8) ^ (x_3 v -x_5 v x_7) ^ (-x_9 v -x_8 v -x_0) ^ (-x_7 v x_5) ^ (-x_4 v x_9 v -x_2) ^ (x_9 v x_2 v x_8) ^ (x_6 v -x_7 v -x_3) ^ (x_9 v x_4 v -x_7)]
10,29,32,110.03924584388733,2.888763427734375,[(x_3 v x_9 v x_8) ^ (-x_4 v -x_0) ^ (-x_9 v -x_7) ^ (x_6 v -x_4 v -x_5) ^ (x_3 v -x_9 v -x_8) ^ (x_1 v -x_5 v -x_3) ^ (x_5 v -x_8 v -x_0) ^ (x_3 v -x_7 v x_4) ^ (-x_9 v x_8) ^ (-x_1 v x_3) ^ (x_6 v x_1 v x_2) ^ (x_6 v -x_3 v x_8) ^ (x_7 v -x_8 v x_4) ^ (x_0 v x_1 v -x_4) ^ (-x_1 v -x_4) ^ (x_3 v -x_2 v x_8) ^ (x_0 v -x_7) ^ (x_3 v x_1 v x_4) ^ (-x_7 v -x_2 v x_8) ^ (x_6 v x_4 v -x_0) ^ (x_6 v x_9 v -x_0) ^ (-x_1 v x_9 v x_8) ^ (x_4 v x_5 v -x_0) ^ (x_3 v -x_9 v -x_2) ^ (-x_9 v x_4 v x_7) ^ (-x_7 v x_5 v -x_3) ^ (x_9 v -x_2 v -x_7) ^ (x_3 v -x_1 v -x_5) ^ (x_3 v -x_4 v -x_2)]
11,24,1,0.06524038314819336,0.20489025115966797,[(x_9 v x_10 v x_5) ^ (x_3 v x_9 v x_8) ^ (x_0 v x_7 v x_4) ^ (x_1 v x_9 v -x_7) ^ (x_0 v x_1 v -x_5) ^ (-x_1 v x_9 v -x_4) ^ (-x_9 v x_1 v -x_7) ^ (-x_4 v x_7) ^ (x_3 v -x_7 v x_10) ^ (x_9 v x_10 v x_4) ^ (x_3 v -x_7 v -x_0) ^ (-x_0 v -x_3 v -x_6) ^ (-x_1 v x_7 v -x_6) ^ (x_0 v x_3 v -x_8) ^ (-x_10 v -x_2 v -x_3) ^ (x_0 v -x_2) ^ (x_7 v -x_8) ^ (x_6 v x_7 v -x_0) ^ (-x_1 v -x_9 v -x_5) ^ (x_0 v x_5 v x_8) ^ (x_6 v -x_9 v -x_2) ^ (-x_1 v x_8 v -x_6) ^ (-x_9 v -x_10 v -x_3) ^ (x_6 v -x_4 v x_9)]
11,17,46,251.47799706459045,2.651674270629883,[(x_10 v -x_9 v -x_2) ^ (-x_1 v x_5) ^ (x_7 v -x_8 v -x_0) ^ (-x_1 v -x_5 v -x_2) ^ (x_0 v x_1 v -x_10) ^ (x_6 v x_1 v -x_7) ^ (x_0 v x_6 v x_5) ^ (x_3 v -x_9 v x_2) ^ (x_1 v -x_2 v x_8) ^ (x_9 v x_4 v -x_6) ^ (x_0 v -x_9 v x_3) ^ (-x_9 v -x_5 v -x_3) ^ (x_1 v -x_2 v x_4) ^ (x_7 v x_4 v -x_3) ^ (-x_7 v x_5 v -x_3) ^ (x_0 v x_6 v -x_4) ^ (x_6 v -x_4 v x_9)]
12,36,1,0.06669139862060547,0.2137279510498047,[(x_9 v x_7 v -x_10) ^ (-x_4 v x_9) ^ (-x_1 v -x_3 v -x_0) ^ (x_0 v -x_2 v x_5) ^ (x_0 v -x_3 v -x_11) ^ (x_3 v -x_5 v x_8) ^ (x_0 v -x_1 v x_9) ^ (-x_1 v x_3 v x_11) ^ (x_11 v x_3 v -x_8) ^ (x_11 v -x_4 v -x_5) ^ (x_11 v x_1 v -x_2) ^ (x_9 v x_4 v x_5) ^ (x_3 v -x_4 v -x_5) ^ (x_9 v x_10 v x_4) ^ (-x_4 v -x_2 v -x_3) ^ (x_6 v -x_8 v -x_3) ^ (-x_4 v x_2) ^ (x_3 v x_1 v -x_11) ^ (-x_7 v x_4 v -x_11) ^ (-x_9 v x_1 v -x_5) ^ (x_3 v x_1 v -x_5) ^ (x_9 v -x_5 v -x_6) ^ (x_2 v -x_0) ^ (x_7 v -x_0) ^ (x_9 v x_2 v -x_7) ^ (x_7 v x_2 v x_8) ^ (x_3 v -x_10 v -x_7) ^ (-x_2 v x_7 v -x_8) ^ (x_11 v x_9) ^ (-x_9 v -x_8 v -x_0) ^ (x_11 v -x_7) ^ (x_11 v -x_6) ^ (x_0 v x_5 v -x_3) ^ (x_9 v -x_2 v -x_0) ^ (x_4 v x_5) ^ (x_4 v x_5 v -x_6)]
12,18,64,8.628812074661255,3.387326240539551,[(x_0 v x_7 v x_2) ^ (x_11 v x_6 v -x_7) ^ (-x_11 v x_2 v -x_3) ^ (x_3 v x_6 v x_4) ^ (-x_4 v x_10 v x_8) ^ (-x_7 v x_4 v -x_3) ^ (x_1 v -x_10 v -x_2) ^ (-x_1 v x_7 v -x_11) ^ (x_6 v x_10 v x_4) ^ (-x_1 v -x_10 v -x_11) ^ (-x_4 v -x_10 v -x_3) ^ (x_6 v x_2) ^ (x_10 v -x_6) ^ (x_9) ^ (-x_1 v -x_8 v -x_11) ^ (x_11 v x_7) ^ (x_1 v -x_10) ^ (x_6 v x_5 v -x_11)]
13,25,1,0.06688070297241211,0.19025039672851562,[(x_1 v -x_12 v x_4) ^ (-x_4 v x_9 v -x_10) ^ (x_10 v x_1 v -x_2) ^ (-x_4 v x_7 v x_8) ^ (x_1 v x_4 v -x_6) ^ (-x_1 v x_9 v x_3) ^ (x_3 v -x_12 v x_4) ^ (x_9 v -x_2 v -x_11) ^ (-x_12 v -x_3) ^ (-x_11 v x_7 v x_8) ^ (-x_12 v -x_8 v -x_11) ^ (-x_9 v x_4 v -x_6) ^ (-x_4 v x_7 v x_2) ^ (-x_12 v x_7 v -x_11) ^ (-x_4 v -x_10 v -x_0) ^ (-x_4 v -x_6) ^ (-x_4 v x_12 v x_10) ^ (x_1 v -x_7) ^ (-x_2 v -x_3 v x_8) ^ (x_4 v x_2 v -x_6) ^ (x_10 v x_5 v x_8) ^ (-x_9 v -x_10) ^ (x_3 v -x_1 v -x_11) ^ (x_3 v -x_9 v x_7) ^ (x_0 v x_7 v -x_3)]
13,36,91,inf,9.895366668701172,[(-x_4 v -x_5 v -x_0) ^ (x_12 v x_10 v x_7) ^ (-x_10 v -x_5 v -x_3) ^ (x_0 v -x_1 v x_4) ^ (-x_12 v -x_8 v -x_3) ^ (x_3 v x_12 v -x_7) ^ (x_3 v x_2 v -x_8) ^ (x_10 v -x_8 v -x_6) ^ (x_3 v -x_8) ^ (x_6 v -x_5 v x_8) ^ (x_1 v -x_10 v x_8) ^ (-x_8 v -x_6) ^ (x_6 v x_1 v -x_7) ^ (-x_4 v x_10 v -x_0) ^ (x_0 v x_12 v -x_10) ^ (x_3 v x_1) ^ (x_9 v -x_5 v -x_0) ^ (x_0 v -x_7 v x_4) ^ (x_2 v -x_8 v -x_6) ^ (-x_12 v x_4 v -x_3) ^ (-x_1 v x_12 v x_4) ^ (-x_0 v x_6 v -x_11) ^ (x_11 v x_2 v x_5) ^ (-x_9 v -x_6 v -x_3) ^ (-x_9 v x_10 v x_2) ^ (x_1 v x_4 v x_5) ^ (x_1 v x_7 v -x_8) ^ (-x_10 v -x_2) ^ (x_0 v -x_12 v -x_10) ^ (x_1 v -x_6 v x_8) ^ (x_9 v -x_10 v -x_0) ^ (-x_9 v x_5 v -x_3) ^ (-x_12 v -x_2 v -x_3) ^ (-x_0 v -x_7 v -x_6) ^ (x_3 v x_9 v x_10) ^ (-x_1 v -x_7)]
5,5,1,0.06504082679748535,1.0161523818969727,[(x_1 v -x_3) ^ (-x_1 v -x_4 v -x_2) ^ (x_0 v -x_3) ^ (x_0 v -x_4) ^ (-x_1 v -x_0 v -x_3)]
5,7,6,0.40862226486206055,0.6868257522583008,[(x_2 v -x_0) ^ (-x_4 v x_2 v -x_0) ^ (-x_1 v x_2) ^ (x_1 v x_2) ^ (x_0 v x_2 v -x_3) ^ (x_3) ^ (-x_3 v -x_0)]
6,6,1,0.04786849021911621,0.12131118774414062,[(x_3 v x_5) ^ (-x_1 v -x_4 v -x_5) ^ (x_4 v x_5 v -x_0) ^ (-x_1 v x_4 v -x_3) ^ (-x_2 v -x_4 v -x_5) ^ (x_0 v -x_4 v x_5)]
6,14,8,0.08459806442260742,0.5010566711425781,[(x_0 v x_4 v x_5) ^ (-x_2 v x_4) ^ (x_1 v -x_2 v -x_5) ^ (-x_5 v x_2 v x_4) ^ (-x_4 v x_5 v -x_0) ^ (x_3 v x_1) ^ (x_1 v -x_2 v x_5) ^ (-x_1 v x_2 v -x_0) ^ (x_1 v x_2 v -x_3) ^ (x_5 v -x_3) ^ (x_4 v x_5) ^ (-x_1 v -x_2 v x_5) ^ (-x_4 v -x_5 v -x_3) ^ (x_0 v x_1 v x_5)]
7,15,1,0.08840680122375488,0.1762866973876953,[(x_1 v x_4 v x_2) ^ (-x_4 v x_2 v -x_6) ^ (x_1 v -x_2) ^ (x_0 v -x_2) ^ (x_0 v x_4) ^ (-x_1 v x_6 v x_2) ^ (-x_1 v x_4 v x_5) ^ (-x_1 v -x_2 v x_4) ^ (-x_5 v -x_2) ^ (-x_4 v x_2 v x_5) ^ (-x_1 v -x_0) ^ (-x_4 v -x_2 v -x_3) ^ (x_0 v x_1 v -x_3) ^ (-x_5 v x_4 v -x_0) ^ (x_0 v x_1 v -x_2)]
7,14,12,0.10964274406433105,0.683445930480957,[(x_4 v x_2 v -x_3) ^ (-x_5 v -x_6) ^ (-x_1 v -x_2) ^ (x_1 v -x_2) ^ (-x_1 v -x_4 v -x_0) ^ (x_6 v x_4) ^ (x_6 v -x_4 v -x_2) ^ (x_0 v x_1 v x_3) ^ (x_1 v -x_6) ^ (x_0 v -x_5 v x_2) ^ (x_3 v x_6 v -x_1) ^ (x_6 v x_2 v x_5) ^ (-x_4 v x_5 v -x_0) ^ (x_0 v x_1 v -x_2)]
8,23,1,0.045871734619140625,0.1850900650024414,[(x_1 v x_7 v x_2) ^ (-x_7 v -x_5 v -x_0) ^ (x_1 v x_4 v -x_6) ^ (-x_1 v -x_7 v -x_2) ^ (-x_1 v -x_5 v -x_3) ^ (-x_5 v -x_6) ^ (-x_1 v -x_5 v x_4) ^ (-x_1 v x_7 v -x_3) ^ (x_1 v -x_6 v -x_0) ^ (x_6 v x_1 v -x_3) ^ (-x_1 v x_6 v x_2) ^ (-x_1 v x_2) ^ (x_3 v -x_7 v x_2) ^ (-x_1 v -x_4 v -x_5) ^ (-x_1 v -x_4 v -x_0) ^ (x_6 v x_4 v -x_0) ^ (-x_1 v x_6 v x_4) ^ (-x_2 v -x_5 v x_7) ^ (x_4 v x_2 v -x_6) ^ (x_6 v x_7 v x_5) ^ (x_3 v x_2) ^ (x_6 v -x_7 v -x_2) ^ (-x_7 v -x_3)]
8,18,16,0.20806121826171875,0.8712587356567383,[(x_1 v -x_4 v -x_0) ^ (x_2 v -x_0) ^ (-x_1 v -x_4 v -x_0) ^ (x_3 v -x_1 v x_7) ^ (x_1 v -x_2 v -x_3) ^ (x_6 v -x_0) ^ (x_0 v x_6 v -x_7) ^ (-x_6 v x_5 v -x_0) ^ (-x_5 v -x_2 v x_7) ^ (x_0 v -x_7 v -x_3) ^ (-x_1 v x_7) ^ (-x_1 v x_2) ^ (x_0 v x_2) ^ (-x_4 v -x_2 v -x_7) ^ (-x_0 v -x_5 v x_4) ^ (-x_7 v x_4 v -x_6) ^ (x_1 v x_5 v -x_3) ^ (x_1 v x_4 v -x_3)]
9,21,1,0.04515671730041504,0.18002891540527344,[(x_3 v x_6 v -x_2) ^ (-x_7 v -x_5 v -x_3) ^ (x_3 v x_1 v -x_8) ^ (x_6 v -x_2 v x_5) ^ (x_0 v -x_7 v -x_3) ^ (x_3 v x_1) ^ (x_6 v -x_4 v -x_8) ^ (x_3 v x_2 v -x_6) ^ (-x_1 v x_7 v -x_3) ^ (x_1 v -x_7 v -x_5) ^ (x_1 v x_4 v x_2) ^ (x_6 v x_4) ^ (x_3 v -x_5 v -x_2) ^ (-x_5 v x_8) ^ (x_1 v x_7 v -x_8) ^ (x_2 v -x_8 v -x_3) ^ (-x_2 v x_4) ^ (-x_4 v x_2 v -x_6) ^ (x_1 v x_5 v x_8) ^ (x_1 v -x_2 v x_4) ^ (x_0 v -x_1 v -x_4)]
9,16,23,0.27814197540283203,1.181197166442871,[(x_3 v x_6 v x_7) ^ (-x_1 v x_4) ^ (x_1 v x_5 v -x_6) ^ (-x_4 v -x_7 v -x_8) ^ (x_3 v -x_7 v x_8) ^ (-x_1 v -x_6) ^ (x_3 v -x_5 v -x_2) ^ (-x_1 v -x_4 v x_5) ^ (x_3 v x_6 v -x_4) ^ (-x_7 v x_4 v x_8) ^ (-x_0 v -x_2 v -x_3) ^ (-x_1 v -x_5 v -x_0) ^ (x_8 v x_4 v -x_3) ^ (-x_5 v -x_3) ^ (x_3 v x_4 v x_7) ^ (x_0 v x_6 v x_7)]
10,23,1,0.04941916465759277,0.18560504913330078,[(-x_5 v x_2 v -x_3) ^ (x_6 v -x_9 v x_5) ^ (x_3 v -x_8) ^ (-x_7 v -x_5 v -x_3) ^ (-x_9 v -x_7 v x_4) ^ (x_0 v x_3 v -x_6) ^ (x_6 v -x_5 v x_7) ^ (x_0 v x_6 v x_7) ^ (x_3 v x_4 v -x_6) ^ (x_3 v -x_4 v x_5) ^ (-x_7 v x_4) ^ (x_9 v x_2 v -x_7) ^ (-x_7 v x_4 v x_5) ^ (-x_9 v -x_4) ^ (x_0 v x_2) ^ (-x_1 v -x_2 v x_4) ^ (-x_1 v -x_5 v -x_6) ^ (-x_5 v x_7 v -x_0) ^ (x_6 v x_5) ^ (-x_0 v x_5 v -x_3) ^ (x_5 v x_1 v x_2) ^ (-x_5 v x_7 v -x_8) ^ (-x_1 v x_7 v x_2)]
10,29,32,14.815219640731812,2.9745588302612305,[(x_1 v -x_7 v -x_6) ^ (-x_4 v -x_2 v -x_6) ^ (x_3 v x_9 v x_5) ^ (-x_9 v -x_7 v -x_5) ^ (-x_2 v -x_3 v x_4) ^ (x_6 v -x_9 v x_5) ^ (x_4 v x_5 v -x_8) ^ (-x_1 v -x_4 v -x_3) ^ (x_3 v -x_7 v -x_5) ^ (x_1 v x_7 v x_5) ^ (x_1 v -x_4 v x_8) ^ (-x_1 v x_8 v x_0) ^ (-x_1 v x_8) ^ (x_3 v x_4 v -x_6) ^ (x_6 v -x_4 v -x_3) ^ (-x_9 v -x_7 v -x_6) ^ (-x_1 v -x_4) ^ (-x_4 v x_2 v -x_8) ^ (x_0 v x_4 v x_8) ^ (-x_1 v x_9 v -x_8) ^ (x_3 v x_1 v x_4) ^ (x_6 v -x_9 v -x_7) ^ (x_7 v x_8) ^ (x_6 v x_4 v -x_8) ^ (x_0 v x_7 v x_8) ^ (-x_5 v -x_3 v -x_6) ^ (x_1 v -x_2 v x_4) ^ (x_9 v -x_4 v x_8) ^ (x_6 v -x_4 v x_9)]
11,14,1,0.06575846672058105,0.15779876708984375,[(x_4 v x_7 v -x_3) ^ (-x_1 v x_4) ^ (-x_1 v x_6 v -x_7) ^ (x_0 v x_7 v x_4) ^ (x_10 v x_2 v -x_0) ^ (-x_1 v -x_4 v x_10) ^ (-x_10 v x_4) ^ (x_8 v -x_7 v -x_0) ^ (-x_9 v x_4 v -x_3) ^ (-x_2 v x_7 v -x_0) ^ (x_3 v x_4) ^ (-x_1 v -x_4 v -x_8) ^ (-x_1 v x_5 v x_0) ^ (-x_1 v x_7 v x_8)]
11,12,46,93.72452330589294,1.906233787536621,[(x_0 v -x_9 v -x_5) ^ (x_6 v x_9 v x_7) ^ (-x_4 v x_8) ^ (-x_9 v -x_2 v -x_8) ^ (x_3 v x_10 v x_5) ^ (-x_4 v x_7 v x_8) ^ (-x_9 v x_1 v x_5) ^ (x_10 v -x_4 v -x_5) ^ (x_1 v -x_6 v -x_3) ^ (x_0 v x_7 v -x_6) ^ (x_3 v -x_1 v -x_7) ^ (x_3 v x_4 v -x_0)]
12,34,1,0.26366376876831055,0.30463123321533203,[(-x_1 v -x_10 v -x_7) ^ (x_8 v -x_0) ^ (x_0 v -x_3 v x_8) ^ (x_6 v x_2 v -x_11) ^ (x_11 v -x_1 v x_7) ^ (-x_1 v x_8 v -x_0) ^ (-x_11 v -x_5 v -x_0) ^ (x_1 v -x_7 v x_8) ^ (-x_9 v x_10 v -x_11) ^ (-x_10 v x_7 v x_5) ^ (x_2 v -x_11) ^ (x_9 v x_10 v -x_11) ^ (x_0 v x_6 v x_4) ^ (x_1 v -x_10 v x_7) ^ (x_3 v -x_7 v x_4) ^ (x_9 v -x_8 v -x_6) ^ (x_6 v -x_8 v -x_3) ^ (x_3 v -x_7 v x_11) ^ (x_6 v x_1 v x_7) ^ (-x_1 v x_4 v -x_0) ^ (x_9 v x_5 v -x_7) ^ (x_3 v -x_9 v -x_11) ^ (x_0 v x_4 v -x_11) ^ (x_8 v -x_3) ^ (-x_9 v -x_8 v -x_0) ^ (-x_1 v x_9 v -x_11) ^ (x_6 v x_9 v x_4) ^ (x_6 v x_9 v -x_0) ^ (x_11 v x_10) ^ (x_0 v -x_4 v x_7) ^ (x_10 v x_2 v x_8) ^ (x_11 v -x_2) ^ (x_0 v x_3) ^ (x_0 v x_7 v -x_3)]
12,29,64,inf,6.112545013427734,[(-x_1 v -x_4 v x_8) ^ (x_9 v -x_10 v x_2) ^ (x_6 v -x_4 v x_10) ^ (x_11 v x_6 v -x_2) ^ (-x_1 v x_9 v -x_10) ^ (-x_9 v -x_10 v -x_3) ^ (-x_4 v -x_10 v x_7) ^ (x_0 v x_9 v x_8) ^ (x_8 v x_4 v -x_3) ^ (x_1 v -x_10 v -x_5) ^ (-x_9 v -x_7 v -x_8) ^ (x_0 v x_1 v -x_2) ^ (-x_10 v -x_2 v -x_3) ^ (-x_0 v x_10 v x_4) ^ (x_1 v -x_3 v -x_6) ^ (-x_1 v x_4 v x_7) ^ (x_0 v x_5 v x_11) ^ (-x_2 v x_5) ^ (x_0 v x_5 v x_8) ^ (x_11 v x_10 v -x_5) ^ (x_4 v x_2 v -x_6) ^ (x_11 v -x_4 v -x_7) ^ (-x_9 v -x_4 v -x_6) ^ (-x_1 v -x_4 v -x_7) ^ (x_0 v x_2 v -x_3) ^ (x_3 v x_10 v x_4) ^ (x_4 v x_5 v -x_6) ^ (x_3 v x_1 v x_2) ^ (-x_9 v -x_0)]
13,21,1,0.15232110023498535,0.17841529846191406,[(-x_1 v -x_2 v x_7) ^ (-x_9 v -x_5 v x_2) ^ (-x_1 v -x_10 v -x_3) ^ (x_9 v -x_5 v x_7) ^ (-x_12 v x_7 v -x_6) ^ (x_0 v x_9 v -x_6) ^ (x_4 v x_2 v x_8) ^ (x_6 v x_1 v x_4) ^ (x_0 v x_12 v -x_5) ^ (x_1 v -x_12 v x_10) ^ (-x_1 v x_9 v -x_8) ^ (-x_5 v -x_3 v -x_11) ^ (-x_1 v -x_5 v -x_6) ^ (-x_12 v -x_7 v -x_3) ^ (-x_1 v x_7 v x_8) ^ (x_0 v -x_9 v x_8) ^ (-x_1 v -x_0 v -x_3) ^ (x_12 v x_4 v -x_0) ^ (x_1 v x_2 v -x_3) ^ (-x_1 v -x_9 v -x_8) ^ (x_10 v -x_8 v x_4)]
13,36,91,inf,10.290742874145508,[(-x_4 v -x_8 v -x_6) ^ (x_3 v -x_0) ^ (x_3 v -x_8 v -x_0) ^ (x_6 v -x_9 v -x_5) ^ (-x_1 v x_9 v x_7) ^ (-x_12 v -x_5 v -x_0) ^ (-x_4 v -x_7 v -x_0) ^ (x_12 v -x_7 v -x_11) ^ (x_6 v -x_5 v -x_8) ^ (x_6 v -x_9 v -x_0) ^ (x_1 v x_9 v -x_2) ^ (x_9 v x_5 v -x_8) ^ (-x_12 v -x_7) ^ (x_0 v -x_9 v x_7) ^ (-x_7 v -x_5 v x_8) ^ (x_12 v x_10) ^ (x_3 v -x_1 v x_2) ^ (x_4 v -x_3 v -x_11) ^ (-x_6 v x_7 v -x_3) ^ (x_1 v x_4 v -x_3) ^ (x_9 v x_10 v -x_0) ^ (x_12 v -x_5 v x_7) ^ (x_11 v -x_7 v x_0) ^ (-x_9 v x_12 v x_2) ^ (x_0 v -x_5 v x_7) ^ (x_9 v x_10 v x_8) ^ (-x_5 v x_10 v -x_11) ^ (x_6 v x_9 v x_5) ^ (x_3 v x_12 v -x_11) ^ (-x_1 v -x_9 v -x_0) ^ (x_6 v -x_9 v -x_2) ^ (x_0 v -x_7 v x_10) ^ (x_1 v -x_2 v -x_0) ^ (x_0 v x_9 v x_10) ^ (x_6 v x_1 v -x_9) ^ (-x_12 v -x_4 v x_5)]
5,10,1,0.07178306579589844,1.0413007736206055,[(x_4 v x_2 v -x_3) ^ (-x_1 v x_4) ^ (x_1 v -x_2 v -x_3) ^ (x_3 v -x_1 v x_4) ^ (x_3 v -x_4) ^ (x_0 v -x_2 v -x_3) ^ (x_4 v -x_0) ^ (x_0 v x_1 v x_3) ^ (-x_4 v x_2) ^ (x_4 v x_2)]
5,6,6,0.05714845657348633,0.24701309204101562,[(x_3 v x_4 v x_2) ^ (-x_1 v -x_2) ^ (x_0 v x_1 v x_2) ^ (x_4 v x_2) ^ (x_3 v -x_1 v -x_4) ^ (x_0 v x_1 v -x_3)]
6,7,1,0.04390883445739746,0.12975502014160156,[(-x_2 v x_4) ^ (x_0 v x_5 v x_2) ^ (x_3 v x_2 v -x_0) ^ (x_1 v x_4 v -x_0) ^ (x_3 v x_5 v -x_0) ^ (-x_1 v -x_2 v x_4) ^ (-x_5 v x_2 v -x_0)]
6,9,8,0.060079336166381836,0.3147745132446289,[(-x_1 v x_3 v -x_0) ^ (-x_5 v -x_2 v -x_0) ^ (-x_4 v -x_2) ^ (x_4 v -x_0) ^ (-x_1 v -x_2 v x_5) ^ (-x_1 v -x_4 v x_5) ^ (x_3 v -x_1 v -x_2) ^ (x_3 v -x_1 v -x_5) ^ (-x_5 v -x_3 v x_4)]
7,10,1,0.04374861717224121,0.13617706298828125,[(x_6 v -x_4 v -x_2) ^ (x_3 v -x_2 v x_0) ^ (x_1 v -x_3 v -x_6) ^ (x_3 v x_0) ^ (x_0 v x_1 v x_3) ^ (x_0 v x_5 v -x_3) ^ (x_0 v -x_6) ^ (x_6 v -x_4 v -x_0) ^ (-x_4 v -x_3) ^ (x_0 v x_6 v -x_5)]
7,11,12,0.08002233505249023,0.4650564193725586,[(x_5 v x_2) ^ (x_6 v -x_4 v x_5) ^ (-x_1 v -x_6) ^ (-x_6 v -x_5 v -x_0) ^ (x_3 v x_2) ^ (x_3 v x_0) ^ (x_3 v x_1) ^ (-x_1 v x_6 v -x_4) ^ (-x_4 v -x_2 v x_5) ^ (x_1 v x_4 v x_5) ^ (-x_1 v x_4 v -x_6)]
8,21,1,0.05024385452270508,0.17176246643066406,[(x_0 v -x_6 v -x_3) ^ (-x_4 v -x_3 v -x_6) ^ (x_4 v x_2 v x_7) ^ (x_0 v -x_4 v x_5) ^ (-x_1 v -x_2 v x_3) ^ (x_4 v x_2) ^ (x_3 v -x_7) ^ (x_6 v x_7) ^ (-x_6 v x_7 v -x_3) ^ (-x_5 v -x_2) ^ (x_6 v x_1 v x_5) ^ (-x_1 v -x_7) ^ (-x_7 v -x_5 v -x_6) ^ (x_3 v -x_4 v x_0) ^ (x_1 v -x_7 v x_4) ^ (x_3 v -x_5 v -x_2) ^ (x_3 v x_1 v -x_6) ^ (x_3 v -x_4) ^ (-x_2 v -x_3 v -x_6) ^ (x_0 v -x_7 v x_5) ^ (-x_1 v x_7 v x_2)]
8,8,16,0.12121725082397461,0.5086145401000977,[(-x_4 v x_2 v -x_6) ^ (x_0 v -x_5 v -x_3) ^ (-x_6 v x_5 v -x_0) ^ (x_0 v x_1 v -x_4) ^ (x_4 v x_2 v x_7) ^ (-x_6 v x_7 v -x_0) ^ (-x_1 v -x_5 v x_7) ^ (x_6 v -x_7 v -x_2)]
9,26,1,0.061354875564575195,0.2339305877685547,[(-x_2 v x_7 v -x_6) ^ (-x_1 v -x_5 v -x_2) ^ (x_7 v x_4 v -x_0) ^ (-x_4 v -x_2 v -x_6) ^ (-x_4 v -x_2 v x_5) ^ (-x_2 v -x_8 v -x_0) ^ (x_5 v x_2 v -x_3) ^ (x_1 v x_5 v -x_0) ^ (-x_1 v -x_4 v x_3) ^ (x_0 v -x_5 v -x_3) ^ (-x_1 v x_3 v -x_8) ^ (x_0 v x_4 v -x_2) ^ (-x_1 v x_2 v -x_0) ^ (x_0 v -x_7 v x_4) ^ (x_7 v x_2 v -x_8) ^ (x_6 v -x_4 v x_8) ^ (-x_5 v x_7 v -x_3) ^ (-x_5 v -x_8 v x_4) ^ (-x_7 v -x_2 v -x_8) ^ (x_0 v x_5 v -x_8) ^ (x_0 v x_4 v x_5) ^ (x_3 v -x_4) ^ (x_3 v x_6 v x_0) ^ (-x_4 v x_2 v x_5) ^ (x_3 v -x_7 v -x_8) ^ (x_0 v -x_5 v -x_6)]
9,15,23,0.4129197597503662,1.3549060821533203,[(-x_1 v -x_5 v -x_2) ^ (x_4 v x_5 v x_7) ^ (-x_1 v x_7 v x_4) ^ (-x_7 v x_4 v x_2) ^ (x_3 v x_2 v -x_0) ^ (x_6 v x_7 v x_5) ^ (x_3 v x_6 v x_2) ^ (-x_1 v x_7) ^ (-x_7 v x_2 v -x_8) ^ (-x_0 v -x_5 v x_8) ^ (x_1 v -x_2 v x_5) ^ (-x_7 v x_2 v -x_0) ^ (x_0 v -x_5 v x_7) ^ (-x_8 v -x_3) ^ (x_0 v x_1 v x_4)]
10,30,1,0.061165571212768555,0.21264171600341797,[(-x_4 v -x_0) ^ (-x_1 v -x_9 v x_8) ^ (-x_1 v x_3 v -x_6) ^ (x_6 v x_5 v -x_3) ^ (x_6 v -x_9 v x_5) ^ (-x_9 v -x_2 v x_4) ^ (-x_1 v -x_3) ^ (x_5 v -x_8) ^ (-x_5 v x_2 v x_4) ^ (x_3 v -x_9 v -x_5) ^ (x_6 v -x_4 v -x_8) ^ (-x_1 v x_5 v -x_6) ^ (x_0 v x_6 v x_7) ^ (x_6 v x_5 v -x_0) ^ (x_6 v -x_8 v -x_3) ^ (x_9 v x_2 v -x_0) ^ (x_6 v -x_5 v -x_3) ^ (-x_4 v -x_7 v -x_6) ^ (x_9 v x_2) ^ (-x_9 v -x_6 v x_8) ^ (x_3 v -x_7 v x_2) ^ (x_7 v -x_8) ^ (-x_1 v -x_9 v -x_5) ^ (x_0 v x_5 v x_8) ^ (x_1 v -x_4 v -x_2) ^ (-x_0 v x_7 v x_8) ^ (x_6 v -x_5 v -x_0) ^ (x_1 v x_2 v -x_3) ^ (x_4 v x_7 v -x_0) ^ (x_3 v -x_2 v -x_0)]
10,15,32,25.73861026763916,1.5541515350341797,[(x_6 v x_4) ^ (x_0 v -x_9 v x_1) ^ (x_0 v x_4 v x_2) ^ (x_1 v -x_4 v -x_7) ^ (x_1 v -x_7 v -x_8) ^ (x_1 v x_9 v -x_5) ^ (-x_1 v -x_7 v x_5) ^ (x_6 v -x_9 v x_2) ^ (-x_6 v -x_3 v -x_0) ^ (x_0 v -x_9 v -x_2) ^ (x_0 v -x_1 v x_8) ^ (-x_1 v -x_5 v -x_6) ^ (-x_4 v -x_5 v x_7) ^ (-x_6 v -x_8 v -x_3) ^ (-x_7 v -x_8 v -x_3)]
11,29,1,0.06533360481262207,0.2096843719482422,[(-x_4 v -x_2 v -x_6) ^ (x_10 v -x_0) ^ (x_6 v -x_7 v x_4) ^ (x_3 v -x_10 v -x_2) ^ (-x_5 v -x_8 v -x_0) ^ (-x_9 v x_10 v x_4) ^ (-x_5 v -x_4 v -x_10) ^ (x_6 v x_7 v -x_3) ^ (-x_1 v -x_9 v -x_2) ^ (x_1 v -x_7 v x_4) ^ (x_0 v -x_8 v -x_6) ^ (x_0 v x_9 v x_4) ^ (x_3 v x_4 v -x_8) ^ (x_8 v -x_5 v -x_6) ^ (x_10 v x_2 v -x_6) ^ (x_9 v -x_7 v -x_8) ^ (x_7 v x_2 v x_4) ^ (-x_7 v -x_2 v x_8) ^ (x_0 v -x_4 v -x_7) ^ (x_3 v -x_2 v -x_6) ^ (-x_4 v x_2 v -x_6) ^ (x_6 v x_9 v x_4) ^ (-x_10 v -x_6 v -x_0) ^ (-x_1 v -x_4 v -x_0) ^ (x_2 v x_8) ^ (x_9 v -x_8 v -x_3) ^ (x_10 v -x_2 v x_5) ^ (x_0 v -x_1 v -x_4) ^ (-x_1 v -x_4 v x_7)]
11,16,46,204.7065405845642,2.3467493057250977,[(-x_6 v x_2 v -x_0) ^ (x_3 v x_1 v -x_5) ^ (-x_1 v -x_5 v -x_2) ^ (-x_2 v -x_5 v -x_3) ^ (-x_7 v x_4 v x_2) ^ (x_5 v -x_8 v -x_3) ^ (x_5 v -x_8 v -x_6) ^ (x_0 v -x_9 v x_10) ^ (x_0 v x_10 v x_2) ^ (x_0 v -x_9 v x_3) ^ (-x_4 v -x_8) ^ (-x_4 v -x_10 v x_2) ^ (x_0 v -x_9 v -x_2) ^ (x_3 v x_9 v -x_8) ^ (x_0 v x_9 v x_2) ^ (-x_8 v -x_3)]
12,15,1,0.04750204086303711,0.15536117553710938,[(x_9 v -x_11) ^ (-x_4 v x_5 v -x_11) ^ (x_10 v x_7 v x_8) ^ (x_7 v -x_0) ^ (-x_4 v x_2 v -x_0) ^ (x_3 v x_10) ^ (x_0 v -x_4 v x_10) ^ (x_1 v -x_7 v x_10) ^ (x_3 v -x_4 v -x_6) ^ (x_5 v -x_3 v -x_6) ^ (-x_7 v x_5 v -x_8) ^ (-x_9 v x_1 v x_2) ^ (-x_9 v -x_7 v x_5) ^ (-x_0 v -x_5 v x_8) ^ (-x_1 v -x_10 v x_2)]
12,13,64,97.3138382434845,2.6708974838256836,[(x_1 v -x_10 v -x_0) ^ (-x_4 v -x_8 v -x_6) ^ (-x_1 v x_5 v -x_11) ^ (x_9 v x_2 v -x_7) ^ (x_0 v x_7 v x_4) ^ (-x_0 v x_7 v -x_6) ^ (-x_9 v -x_4 v -x_8) ^ (-x_5 v -x_8 v -x_6) ^ (-x_1 v x_2 v -x_11) ^ (x_10 v -x_3 v -x_6) ^ (-x_1 v x_9 v x_11) ^ (x_3 v x_9 v -x_6) ^ (-x_11 v -x_4 v x_8)]
13,15,1,0.04473447799682617,0.14696884155273438,[(x_1 v -x_10 v -x_0) ^ (x_0 v -x_12) ^ (-x_1 v x_6 v x_12) ^ (x_12 v x_10) ^ (-x_1 v -x_4 v x_10) ^ (x_3 v -x_9 v -x_5) ^ (-x_1 v x_10 v x_0) ^ (-x_12 v -x_7 v x_5) ^ (-x_9 v -x_4 v -x_2) ^ (-x_12 v -x_9 v -x_8) ^ (-x_4 v x_10 v -x_7) ^ (-x_10 v -x_7 v x_8) ^ (x_1 v x_4 v -x_3) ^ (-x_0 v x_7 v -x_11) ^ (x_11 v x_5 v x_3)]
13,30,91,inf,8.340075492858887,[(-x_0 v -x_3) ^ (x_11 v -x_2 v -x_8) ^ (-x_0 v -x_4 v -x_6) ^ (x_10 v x_1 v -x_2) ^ (x_1 v -x_10 v -x_2) ^ (x_1 v -x_5 v x_8) ^ (x_1 v -x_6) ^ (x_3 v -x_10 v x_2) ^ (-x_10 v x_7 v x_4) ^ (x_1 v -x_5 v x_2) ^ (x_1 v -x_12 v -x_10) ^ (-x_1 v -x_9 v x_7) ^ (-x_1 v x_4 v -x_11) ^ (x_3 v x_6 v -x_4) ^ (x_0 v x_9 v x_2) ^ (x_6 v -x_8 v -x_3) ^ (-x_0 v -x_9 v x_8) ^ (-x_1 v -x_8 v x_0) ^ (x_3 v x_12 v -x_8) ^ (-x_5 v -x_8 v x_4) ^ (-x_9 v x_4 v -x_0) ^ (x_11 v -x_9 v -x_6) ^ (-x_7 v -x_2 v -x_8) ^ (-x_1 v x_5 v x_8) ^ (x_1 v -x_8 v -x_0) ^ (-x_12 v -x_4 v -x_7) ^ (x_0 v x_5 v x_8) ^ (-x_1 v -x_5 v -x_8) ^ (x_1 v -x_4 v x_2) ^ (x_11 v -x_2)]
5,14,1,0.07148146629333496,1.057321548461914,[(x_3 v x_1 v -x_2) ^ (x_3 v -x_2 v x_0) ^ (x_0 v x_1 v -x_4) ^ (x_0 v -x_1) ^ (x_0 v -x_3) ^ (-x_4 v -x_2) ^ (x_3 v x_4 v x_0) ^ (x_1 v x_4 v -x_0) ^ (x_3 v x_2 v -x_0) ^ (-x_1 v x_4 v x_2) ^ (-x_1 v x_4 v x_0) ^ (x_0 v x_2 v -x_3) ^ (-x_4 v -x_2 v -x_3) ^ (-x_3)]
5,12,6,0.3675687313079834,0.6859283447265625,[(x_1 v x_4 v x_2) ^ (-x_0 v -x_3) ^ (x_1 v -x_2) ^ (x_0 v x_4 v -x_3) ^ (x_3 v -x_2 v x_0) ^ (-x_4 v x_2 v -x_0) ^ (-x_2) ^ (-x_0 v -x_2 v x_4) ^ (-x_1 v x_4 v -x_3) ^ (x_4 v -x_0) ^ (x_4) ^ (x_4 v x_2)]
6,6,1,0.04184293746948242,0.12500953674316406,[(x_3 v x_1 v -x_5) ^ (x_4 v x_2 v -x_3) ^ (-x_2 v x_4) ^ (-x_0 v x_5 v -x_3) ^ (x_0 v -x_3) ^ (-x_1 v -x_5)]
6,18,8,0.5586597919464111,0.7248697280883789,[(x_3 v x_5) ^ (-x_5 v x_2) ^ (-x_5 v x_4 v -x_3) ^ (x_0 v x_4 v x_2) ^ (x_1 v -x_5 v x_4) ^ (x_3 v -x_4 v -x_2) ^ (-x_5 v x_2 v x_4) ^ (x_1 v -x_5 v -x_0) ^ (-x_4 v -x_5 v x_2) ^ (-x_1 v -x_2 v x_5) ^ (x_1 v -x_4 v x_2) ^ (x_0 v x_2 v -x_3) ^ (x_1 v -x_2 v -x_0) ^ (x_0 v -x_4 v -x_3) ^ (x_3 v x_1 v -x_0) ^ (-x_4 v x_2) ^ (x_0 v x_3) ^ (-x_5 v x_2 v -x_0)]
7,15,1,0.05026698112487793,0.15378761291503906,[(x_0 v x_6) ^ (-x_0 v x_5 v -x_3) ^ (x_3 v -x_2 v -x_6) ^ (-x_1 v -x_4 v -x_5) ^ (x_0 v -x_5 v -x_2) ^ (x_3 v -x_6) ^ (x_0 v x_4 v x_2) ^ (-x_1 v x_6 v x_3) ^ (-x_1 v x_6 v x_4) ^ (x_6 v -x_2 v x_5) ^ (-x_1 v x_5 v -x_0) ^ (-x_1 v -x_0) ^ (x_1 v -x_0) ^ (x_3 v -x_6 v x_0) ^ (x_3 v x_4 v -x_0)]
7,21,12,0.17040705680847168,0.9097251892089844,[(-x_1 v -x_5 v -x_3) ^ (-x_0 v x_2 v -x_6) ^ (x_3 v x_5) ^ (-x_1 v -x_4 v -x_6) ^ (-x_4 v x_5 v -x_3) ^ (x_6 v -x_4 v -x_3) ^ (x_0 v x_5 v -x_6) ^ (x_1 v x_4 v -x_0) ^ (-x_1 v x_2) ^ (x_3 v x_1 v -x_6) ^ (x_1 v -x_6 v -x_3) ^ (x_0 v -x_2 v -x_6) ^ (-x_5 v -x_4 v -x_2) ^ (-x_0 v -x_4 v -x_3) ^ (x_3 v -x_1 v -x_5) ^ (-x_2 v x_5 v -x_3) ^ (-x_1 v -x_4 v -x_0) ^ (x_3 v x_5 v -x_6) ^ (-x_1 v -x_0) ^ (x_0 v -x_4 v x_2) ^ (-x_2 v -x_3)]
8,22,1,0.04607653617858887,0.18282604217529297,[(x_1 v x_2 v -x_6) ^ (-x_4 v -x_5) ^ (-x_1 v x_7 v x_5) ^ (-x_1 v -x_4 v -x_6) ^ (-x_4 v x_5 v -x_7) ^ (-x_6 v x_7 v -x_3) ^ (-x_2 v x_7 v -x_0) ^ (-x_4 v x_2) ^ (x_2 v x_5) ^ (x_1 v x_7 v -x_3) ^ (x_7 v x_2 v -x_6) ^ (-x_1 v -x_7 v -x_3) ^ (x_3 v x_1 v -x_0) ^ (x_6 v x_7 v -x_0) ^ (-x_7 v -x_0) ^ (x_2 v x_5 v -x_3) ^ (-x_1 v -x_4 v -x_7) ^ (x_0 v -x_7 v x_5) ^ (x_3 v -x_2 v -x_0) ^ (x_0 v x_7 v -x_3) ^ (x_3 v x_4 v -x_0) ^ (-x_1 v x_5 v x_3)]
8,13,16,0.17202067375183105,0.7122726440429688,[(x_6 v x_4) ^ (-x_1 v x_5 v -x_3) ^ (x_3 v -x_4 v x_2) ^ (x_0 v x_4 v -x_6) ^ (x_6 v -x_7) ^ (-x_1 v x_4 v x_2) ^ (-x_1 v -x_7 v x_5) ^ (-x_1 v -x_5 v -x_0) ^ (-x_5 v -x_2 v x_4) ^ (-x_1 v -x_4 v -x_3) ^ (x_3 v x_6 v -x_0) ^ (-x_1 v -x_7 v x_2) ^ (x_1 v x_5 v -x_0)]
9,9,1,0.043419599533081055,0.13212013244628906,[(x_4 v x_7) ^ (x_1 v -x_6 v x_8) ^ (-x_4 v -x_5 v -x_0) ^ (x_6 v -x_5 v x_2) ^ (x_6 v -x_2 v x_8) ^ (-x_6 v -x_8 v -x_0) ^ (x_0 v -x_5 v x_8) ^ (x_3 v x_6 v -x_0) ^ (x_0 v -x_7 v -x_2)]
9,19,23,0.2979428768157959,1.3308916091918945,[(-x_1 v -x_5 v -x_3) ^ (x_6 v x_5 v -x_3) ^ (x_0 v -x_7 v -x_8) ^ (x_3 v -x_5) ^ (-x_5 v -x_8 v -x_0) ^ (-x_5 v x_7 v x_4) ^ (-x_7 v -x_5 v -x_3) ^ (-x_6 v -x_3 v x_8) ^ (x_3 v -x_7 v x_5) ^ (x_6 v x_1 v -x_8) ^ (-x_1 v -x_5 v -x_0) ^ (-x_5 v -x_8) ^ (-x_5 v x_7 v -x_3) ^ (-x_7 v -x_8 v -x_0) ^ (x_0 v x_7 v -x_6) ^ (x_6 v x_2 v -x_0) ^ (x_1 v -x_4 v x_2) ^ (-x_2 v -x_8) ^ (x_3 v -x_7 v -x_8)]
10,13,1,0.04054546356201172,0.1507091522216797,[(x_3 v -x_1 v -x_4) ^ (-x_2 v x_4) ^ (x_0 v x_5 v x_2) ^ (x_9 v -x_5 v x_2) ^ (-x_4 v -x_2 v -x_8) ^ (x_6 v x_9 v x_7) ^ (x_9 v -x_5 v x_7) ^ (x_3 v -x_9 v -x_0) ^ (x_6 v x_4 v x_5) ^ (-x_9 v -x_3 v -x_0) ^ (x_4 v x_5 v -x_6) ^ (-x_9 v -x_5 v -x_0) ^ (-x_9 v x_1 v x_8)]
10,16,32,25.866088151931763,1.5329713821411133,[(x_4 v x_2 v -x_3) ^ (-x_1 v -x_4 v -x_5) ^ (-x_9 v -x_2 v -x_3) ^ (-x_9 v x_4 v -x_6) ^ (-x_2 v x_6 v -x_5) ^ (x_6 v -x_7 v x_8) ^ (-x_9 v -x_4 v -x_0) ^ (x_0 v -x_5 v x_3) ^ (-x_6 v -x_8 v -x_0) ^ (x_1 v -x_9 v -x_2) ^ (-x_7 v x_4 v -x_0) ^ (-x_4 v x_9 v -x_0) ^ (x_3 v x_6) ^ (x_3 v x_2 v x_0) ^ (-x_1 v -x_8) ^ (x_1 v -x_9 v -x_4)]
11,27,1,0.06538653373718262,0.21404457092285156,[(-x_5 v x_7 v x_8) ^ (x_3 v -x_7 v x_8) ^ (x_9 v -x_10 v x_8) ^ (x_3 v -x_8 v x_0) ^ (-x_4 v -x_10 v -x_8) ^ (-x_4 v -x_2 v x_5) ^ (-x_1 v -x_8 v -x_3) ^ (x_1 v x_8 v -x_0) ^ (-x_1 v -x_4 v x_3) ^ (x_7 v x_2 v -x_0) ^ (x_1 v -x_10 v x_8) ^ (x_0 v x_6 v -x_7) ^ (-x_2 v x_5 v -x_0) ^ (-x_1 v x_5 v -x_6) ^ (-x_6 v -x_5 v x_4) ^ (x_0 v x_1 v -x_7) ^ (-x_1 v -x_9 v x_2) ^ (-x_9 v -x_6 v x_8) ^ (x_1 v -x_0) ^ (x_0 v -x_5 v x_7) ^ (x_8 v x_2 v -x_6) ^ (-x_7 v x_10 v -x_8) ^ (-x_1 v x_3 v x_5) ^ (x_0 v x_9 v -x_10) ^ (x_0 v x_2 v x_8) ^ (x_6 v -x_9 v x_7) ^ (x_6 v x_2 v x_5)]
11,14,46,83.82021021842957,2.172715187072754,[(x_6 v x_9 v -x_3) ^ (-x_4 v -x_2 v -x_8) ^ (x_9 v -x_2 v -x_8) ^ (-x_9 v -x_5) ^ (-x_9 v -x_7 v x_8) ^ (x_5 v -x_3 v -x_6) ^ (x_3 v x_9 v x_10) ^ (-x_1 v -x_9 v x_0) ^ (x_3 v x_10 v x_8) ^ (-x_1 v x_10 v x_2) ^ (x_1 v x_9 v x_4) ^ (x_6 v x_1 v x_7) ^ (-x_5 v x_7 v -x_0) ^ (x_7 v x_5)]
12,33,1,0.0642251968383789,0.20580005645751953,[(x_0 v x_9 v x_5) ^ (x_0 v -x_1 v x_4) ^ (-x_10 v x_5 v -x_6) ^ (-x_9 v -x_5 v -x_3) ^ (x_3 v -x_9 v -x_10) ^ (-x_10 v x_5) ^ (x_9 v -x_7 v -x_11) ^ (x_0 v -x_5 v -x_3) ^ (x_11 v -x_10 v x_4) ^ (x_1 v -x_7 v x_2) ^ (x_3 v x_10 v -x_6) ^ (x_10 v x_7 v x_4) ^ (-x_10 v -x_8) ^ (x_3 v -x_9 v x_5) ^ (x_6 v x_9 v -x_3) ^ (x_6 v -x_10 v -x_8) ^ (x_11 v -x_7 v -x_2) ^ (x_0 v -x_1) ^ (-x_1 v x_7 v -x_8) ^ (-x_1 v -x_4 v -x_2) ^ (x_3 v -x_2 v x_8) ^ (-x_9 v x_10 v -x_3) ^ (x_1 v x_5 v -x_11) ^ (x_0 v x_1) ^ (-x_1 v -x_7 v -x_3) ^ (x_11 v x_5) ^ (-x_9 v x_7 v -x_11) ^ (x_10 v x_7) ^ (x_4 v x_5 v -x_0) ^ (x_6 v -x_9 v x_7) ^ (-x_10 v x_2) ^ (x_11 v x_7 v x_4) ^ (x_3 v x_4)]
12,17,64,380.9437301158905,3.5660791397094727,[(-x_0 v x_4 v -x_6) ^ (-x_2 v x_7 v x_8) ^ (-x_5 v x_10 v x_2) ^ (x_0 v -x_9 v x_1) ^ (x_9 v -x_5 v -x_7) ^ (x_11 v -x_5 v x_8) ^ (-x_1 v x_10 v -x_2) ^ (x_3 v x_6 v x_2) ^ (x_6 v -x_8) ^ (-x_0 v x_2 v -x_3) ^ (x_4 v x_2 v -x_8) ^ (-x_1 v -x_5 v x_2) ^ (x_3 v x_10 v x_4) ^ (x_6 v -x_2 v -x_8) ^ (x_9 v x_2 v -x_0) ^ (x_3 v x_7 v -x_6) ^ (x_1 v -x_8)]
13,34,1,0.12269878387451172,0.197540283203125,[(x_3 v x_10) ^ (x_11 v x_8) ^ (x_11 v -x_1) ^ (x_4 v x_2 v -x_8) ^ (x_6 v -x_7) ^ (x_3 v x_9 v -x_4) ^ (-x_11 v x_10 v -x_6) ^ (x_3 v -x_7) ^ (-x_11 v -x_2 v -x_0) ^ (x_11 v -x_4 v -x_8) ^ (-x_7 v -x_5 v -x_11) ^ (-x_6 v -x_5 v x_4) ^ (-x_1 v x_7 v x_11) ^ (x_2 v -x_8 v -x_6) ^ (-x_4 v x_10 v x_5) ^ (-x_8 v -x_11) ^ (x_12 v -x_10 v -x_3) ^ (x_2 v x_7 v x_5) ^ (-x_7 v x_10) ^ (-x_1 v x_7 v x_3) ^ (x_3 v x_2 v -x_0) ^ (-x_1 v -x_8 v x_0) ^ (-x_9 v x_10 v x_8) ^ (-x_12 v x_4 v x_8) ^ (x_3 v -x_5 v -x_2) ^ (-x_4 v -x_5 v x_7) ^ (-x_12 v -x_9 v -x_10) ^ (-x_1 v -x_0 v -x_3) ^ (x_3 v x_4 v x_2) ^ (x_11 v -x_7) ^ (x_6 v -x_8) ^ (x_6 v -x_9 v -x_2) ^ (-x_9 v x_10 v x_5) ^ (-x_9 v x_2 v -x_11)]
13,38,91,inf,11.075234413146973,[(x_0 v -x_4 v -x_5) ^ (x_10 v x_6 v -x_2) ^ (x_11 v x_12 v x_7) ^ (x_6 v x_2 v -x_11) ^ (x_10 v x_7 v -x_8) ^ (x_3 v x_9 v -x_4) ^ (-x_1 v -x_7 v x_2) ^ (x_11 v x_6 v -x_9) ^ (x_6 v x_12 v -x_10) ^ (-x_0 v -x_9 v -x_3) ^ (-x_3 v -x_8 v -x_6) ^ (x_3 v x_12 v x_5) ^ (-x_5 v x_10 v x_7) ^ (-x_4 v -x_2 v -x_3) ^ (x_11 v -x_9 v x_8) ^ (x_1 v x_5 v -x_3) ^ (-x_12 v -x_7 v -x_5) ^ (x_0 v x_6 v x_9) ^ (x_0 v x_12 v x_10) ^ (x_6 v -x_2 v x_8) ^ (x_6 v x_7 v -x_8) ^ (-x_10 v x_2 v -x_6) ^ (x_7 v -x_6) ^ (x_0 v -x_9 v -x_8) ^ (x_12 v x_8) ^ (x_9 v x_10 v x_7) ^ (-x_6 v x_2 v -x_0) ^ (-x_1 v -x_4 v x_11) ^ (-x_2 v x_7 v -x_3) ^ (-x_11 v x_7 v x_4) ^ (x_2 v x_5 v -x_3) ^ (-x_0 v -x_7 v -x_6) ^ (x_1 v x_7) ^ (x_3 v x_6 v -x_10) ^ (-x_1 v x_2 v -x_6) ^ (x_10 v x_4) ^ (x_11 v x_7 v x_4) ^ (x_0 v -x_4 v -x_3)]
5,14,1,0.07049036026000977,1.0578022003173828,[(x_4 v x_2 v -x_3) ^ (-x_1 v x_4) ^ (x_3 v -x_4 v x_2) ^ (-x_2 v x_4 v -x_3) ^ (-x_0 v -x_2 v x_4) ^ (x_3 v x_1) ^ (x_0 v -x_1 v -x_3) ^ (x_3 v x_2) ^ (-x_2 v -x_3 v -x_0) ^ (x_0 v x_2 v -x_3) ^ (x_1 v -x_2 v -x_0) ^ (x_0 v -x_4 v x_2) ^ (x_0 v -x_1 v -x_4) ^ (-x_1 v x_4 v -x_0)]
5,7,6,0.054995059967041016,0.2568073272705078,[(x_1 v x_4) ^ (x_3 v -x_1 v -x_0) ^ (x_0 v -x_4 v -x_3) ^ (-x_1 v -x_4 v x_2) ^ (-x_3 v -x_0) ^ (x_3 v x_2 v x_0) ^ (x_0 v -x_1 v x_2)]
6,14,1,0.04178500175476074,0.1464681625366211,[(x_1 v x_4 v x_2) ^ (-x_0 v -x_3) ^ (x_0 v -x_4 v -x_5) ^ (x_1 v -x_5 v x_4) ^ (x_1) ^ (-x_1 v -x_3 v -x_0) ^ (x_1 v -x_5 v -x_3) ^ (-x_5 v x_2 v x_4) ^ (-x_1 v x_4 v x_2) ^ (-x_4 v x_5) ^ (x_1 v -x_2 v x_4) ^ (-x_1 v -x_2 v x_5) ^ (x_4 v -x_3) ^ (-x_4 v x_5 v -x_0)]
6,18,8,0.1031043529510498,0.594268798828125,[(-x_2 v -x_5 v x_4) ^ (-x_1 v x_2 v x_5) ^ (x_3 v x_4 v x_2) ^ (x_1 v x_2 v -x_0) ^ (x_3 v x_1 v -x_2) ^ (-x_1 v x_4 v x_5) ^ (x_1 v -x_4 v x_5) ^ (x_5 v -x_0) ^ (-x_0 v x_1 v -x_3) ^ (-x_2 v -x_4 v -x_5) ^ (x_1 v x_5 v -x_0) ^ (-x_1 v x_3) ^ (x_0 v -x_5 v x_2) ^ (x_1 v -x_2 v -x_0) ^ (x_3 v -x_2 v -x_0) ^ (-x_3) ^ (x_1 v x_4) ^ (-x_0 v -x_4 v -x_3)]
7,11,1,0.04322028160095215,0.14168834686279297,[(x_0 v x_6 v x_1) ^ (x_0 v x_6) ^ (x_3 v -x_1 v x_5) ^ (x_5 v -x_0) ^ (x_3 v x_6 v x_0) ^ (x_3 v x_5 v -x_0) ^ (x_0 v x_1 v x_4) ^ (x_6 v -x_4) ^ (-x_0 v x_2 v -x_6) ^ (x_3 v -x_4 v x_5) ^ (-x_1 v x_3 v x_5)]
7,8,12,0.07573747634887695,0.3879566192626953,[(-x_1 v -x_4 v -x_5) ^ (x_0 v -x_4 v -x_5) ^ (-x_1 v x_5 v -x_0) ^ (-x_1 v -x_6 v x_0) ^ (-x_1 v x_4 v x_2) ^ (x_3 v x_6) ^ (x_6 v -x_3) ^ (x_3 v x_4 v -x_0)]
8,17,1,0.04084134101867676,0.17064571380615234,[(x_1 v -x_4 v -x_0) ^ (x_1 v x_2 v x_5) ^ (-x_1 v -x_4 v x_3) ^ (-x_1 v -x_7 v -x_5) ^ (x_6 v -x_5 v -x_3) ^ (x_6 v -x_5 v x_2) ^ (x_6 v x_7 v x_5) ^ (-x_5 v x_2 v -x_6) ^ (x_3 v -x_4 v -x_6) ^ (-x_4 v -x_5 v -x_6) ^ (x_0 v x_1 v -x_6) ^ (x_6 v x_2 v -x_0) ^ (x_6 v -x_2 v x_4) ^ (x_0 v -x_5 v x_3) ^ (-x_2 v x_7 v -x_0) ^ (-x_7 v -x_3) ^ (x_1 v x_5 v -x_0)]
8,15,16,0.21956324577331543,0.9585943222045898,[(-x_0 v x_4 v -x_6) ^ (x_0 v -x_6 v -x_3) ^ (x_7 v x_5 v -x_0) ^ (x_3 v x_1 v -x_4) ^ (x_0 v -x_4 v -x_2) ^ (-x_1 v -x_5) ^ (-x_4 v x_2 v -x_7) ^ (-x_1 v -x_4 v x_5) ^ (x_3 v -x_7 v x_5) ^ (x_0 v x_5 v -x_3) ^ (-x_1 v -x_0) ^ (x_3 v x_6) ^ (x_3 v x_6 v -x_0) ^ (x_2 v x_5 v -x_0) ^ (x_6 v x_1 v -x_3)]
9,12,1,0.04378843307495117,0.1436319351196289,[(x_6 v -x_4 v -x_2) ^ (-x_4 v -x_6 v x_8) ^ (-x_1 v -x_4 v -x_2) ^ (x_6 v -x_8 v -x_0) ^ (x_0 v x_5 v -x_3) ^ (x_0 v x_1 v x_2) ^ (x_4 v x_5 v -x_8) ^ (-x_1 v x_4 v x_0) ^ (-x_1 v x_8 v -x_3) ^ (x_1 v -x_4 v x_7) ^ (-x_7 v -x_8) ^ (-x_2 v -x_8 v -x_0)]
9,23,23,0.4935460090637207,1.589935302734375,[(-x_0 v -x_3) ^ (-x_2 v -x_5 v -x_3) ^ (-x_4 v -x_5) ^ (x_2 v -x_3 v -x_6) ^ (x_8 v -x_2 v -x_6) ^ (-x_1 v -x_5 v -x_3) ^ (x_3 v x_1 v -x_8) ^ (x_0 v -x_7 v -x_3) ^ (x_0 v x_4 v -x_2) ^ (x_2 v -x_8 v -x_0) ^ (x_6 v -x_3) ^ (-x_4 v -x_5 v x_8) ^ (x_1 v x_4) ^ (x_0 v x_1 v -x_4) ^ (x_6 v x_4 v x_2) ^ (x_7 v -x_6) ^ (x_8 v -x_3 v -x_0) ^ (-x_7 v -x_8 v -x_3) ^ (x_1 v -x_7) ^ (-x_1 v -x_5 v -x_8) ^ (-x_4 v x_2 v -x_0) ^ (-x_1 v x_6 v x_4) ^ (x_0 v x_2 v x_8)]
10,19,1,0.04616975784301758,0.16851425170898438,[(x_0 v -x_4 v x_5) ^ (-x_5 v -x_2 v -x_8) ^ (-x_1 v -x_7 v x_2) ^ (x_3 v -x_7) ^ (x_9 v -x_5 v -x_3) ^ (x_3 v x_6 v -x_4) ^ (x_7 v x_4 v -x_3) ^ (x_6 v -x_2 v x_7) ^ (x_2 v -x_8 v -x_6) ^ (x_6 v -x_9 v x_8) ^ (-x_2 v x_5 v x_7) ^ (-x_9 v -x_7 v -x_3) ^ (x_3 v x_1 v -x_0) ^ (-x_1 v -x_4 v x_9) ^ (-x_4 v x_9 v -x_2) ^ (-x_1 v x_3 v -x_0) ^ (x_6 v -x_8) ^ (x_3 v -x_9 v x_7) ^ (x_9 v -x_7)]
10,13,32,0.4515879154205322,1.2691764831542969,[(-x_4 v x_9 v -x_8) ^ (x_2 v -x_3) ^ (-x_5 v -x_0) ^ (x_6 v x_1 v -x_0) ^ (x_0 v x_1 v x_8) ^ (-x_1 v x_2 v x_0) ^ (-x_9 v -x_4 v -x_7) ^ (x_1 v x_2 v -x_8) ^ (-x_1 v x_7) ^ (x_6 v -x_2 v -x_8) ^ (x_9 v -x_2 v -x_7) ^ (x_3 v x_1 v -x_0) ^ (x_9 v -x_2)]
11,24,1,0.05451083183288574,0.19507217407226562,[(x_5 v -x_6) ^ (x_9 v x_10 v -x_6) ^ (-x_10 v x_4) ^ (-x_0 v -x_2 v -x_3) ^ (x_10 v x_7 v x_8) ^ (x_3 v -x_9 v -x_8) ^ (x_9 v -x_10 v x_5) ^ (-x_1 v x_9 v x_4) ^ (-x_9 v x_4 v x_8) ^ (x_6 v -x_2 v -x_8) ^ (x_9 v -x_2 v x_4) ^ (-x_1 v -x_9 v -x_4) ^ (x_6 v -x_5 v -x_3) ^ (x_6 v -x_2 v x_8) ^ (x_3 v x_4 v x_8) ^ (x_10 v x_5 v x_7) ^ (-x_4 v -x_3 v -x_0) ^ (-x_9 v x_2 v -x_3) ^ (x_1 v x_5 v x_8) ^ (x_0 v x_9 v -x_10) ^ (x_6 v -x_8) ^ (x_0 v -x_7 v x_10) ^ (x_1 v x_10 v x_7) ^ (-x_1 v -x_2 v x_5)]
11,27,46,479.3171112537384,3.868488311767578,[(-x_9 v x_7 v -x_0) ^ (x_6 v -x_9 v -x_5) ^ (x_3 v -x_6) ^ (-x_0 v -x_4 v -x_6) ^ (x_8 v -x_7 v -x_6) ^ (x_0 v -x_5 v x_8) ^ (x_4 v -x_8) ^ (-x_9 v -x_4 v x_2) ^ (-x_2 v -x_8 v -x_0) ^ (x_0 v -x_10 v -x_3) ^ (-x_9 v x_4 v -x_8) ^ (-x_6 v -x_2 v x_8) ^ (-x_5 v -x_8 v -x_3) ^ (x_1 v x_10 v -x_6) ^ (x_10 v x_7 v -x_6) ^ (x_9 v x_2) ^ (-x_4 v x_10) ^ (x_7 v -x_8 v -x_6) ^ (-x_10 v x_4 v x_8) ^ (x_1 v x_5 v x_8) ^ (-x_1 v x_10 v x_8) ^ (x_0 v -x_3) ^ (x_3 v -x_4 v -x_6) ^ (-x_1 v x_4 v -x_3) ^ (-x_9 v -x_10 v x_2) ^ (x_0 v -x_4 v -x_10) ^ (-x_7 v x_4 v -x_0)]
12,22,1,0.09272909164428711,0.18291854858398438,[(x_5 v -x_11) ^ (x_9 v x_2 v -x_11) ^ (-x_5 v x_10 v x_2) ^ (x_9 v x_4 v x_2) ^ (x_11 v x_6 v -x_8) ^ (x_6 v x_1) ^ (x_0 v x_6 v x_8) ^ (x_9 v -x_7 v -x_11) ^ (x_1 v x_9 v x_2) ^ (x_11 v -x_2 v -x_6) ^ (-x_1 v -x_9 v -x_2) ^ (x_6 v -x_4 v -x_3) ^ (x_10 v x_7 v -x_0) ^ (x_9 v x_2) ^ (x_1 v -x_8 v -x_0) ^ (x_3 v x_4 v x_8) ^ (x_11 v x_9 v x_2) ^ (x_3 v x_1 v -x_7) ^ (x_3 v x_10 v x_2) ^ (-x_7 v x_5 v -x_8) ^ (x_3 v -x_9 v x_7) ^ (x_8 v -x_4 v -x_11)]
12,21,64,407.53211188316345,4.326900482177734,[(x_11 v x_10 v -x_0) ^ (-x_9 v x_7 v -x_0) ^ (-x_5 v x_10 v x_2) ^ (x_3 v x_9 v x_8) ^ (-x_9 v -x_7) ^ (x_1 v x_9 v -x_10) ^ (x_4 v -x_6) ^ (x_3 v -x_10 v x_5) ^ (x_3 v x_2 v x_11) ^ (x_11 v x_6 v x_10) ^ (-x_1 v x_5 v -x_11) ^ (x_11 v -x_7 v x_0) ^ (-x_1 v x_7 v -x_8) ^ (x_3 v -x_10 v -x_7) ^ (x_9 v x_2 v x_5) ^ (x_3 v x_8 v x_0) ^ (-x_1 v x_4) ^ (x_11 v -x_6) ^ (x_1 v x_10 v x_8) ^ (x_1 v -x_10 v -x_6) ^ (x_1 v -x_4 v -x_5)]
13,29,1,0.0987701416015625,0.1937875747680664,[(x_6 v x_9 v x_8) ^ (-x_3 v -x_11) ^ (-x_4 v x_2 v -x_3) ^ (x_0 v -x_7 v -x_8) ^ (-x_9 v -x_4 v x_2) ^ (x_1 v -x_2 v x_7) ^ (x_0 v x_9) ^ (x_1 v x_7 v x_5) ^ (-x_4 v x_10 v -x_0) ^ (-x_12 v -x_7 v x_2) ^ (x_0 v x_6 v -x_7) ^ (x_6 v -x_10 v -x_3) ^ (x_7 v x_2 v -x_8) ^ (x_11 v -x_7 v -x_0) ^ (-x_4 v -x_7 v -x_3) ^ (-x_11 v -x_5 v -x_6) ^ (x_6 v x_10) ^ (-x_4 v x_12 v x_2) ^ (x_9 v x_2) ^ (-x_1 v -x_9 v x_4) ^ (-x_9 v -x_2 v -x_5) ^ (-x_10 v -x_3) ^ (x_6 v -x_12 v -x_10) ^ (-x_9 v -x_4 v x_8) ^ (x_7 v -x_8) ^ (x_7 v -x_3) ^ (x_11 v -x_9 v x_5) ^ (-x_4 v x_2 v x_5) ^ (x_6 v x_8)]
13,19,91,28.931541919708252,4.422903060913086,[(x_11 v -x_7 v x_8) ^ (-x_1 v -x_10 v x_8) ^ (x_12 v -x_8 v -x_3) ^ (-x_12 v x_10 v x_4) ^ (-x_7 v x_2) ^ (-x_4 v -x_2) ^ (-x_0 v -x_9 v -x_6) ^ (-x_4 v -x_7 v -x_11) ^ (x_1 v x_4) ^ (-x_7 v x_4) ^ (x_0 v x_1 v x_7) ^ (-x_9 v -x_7 v -x_6) ^ (x_11 v -x_4) ^ (x_12 v -x_11) ^ (-x_7 v -x_0) ^ (x_10 v -x_8 v -x_3) ^ (-x_12 v -x_4 v x_7) ^ (-x_2 v -x_8) ^ (x_3 v x_7 v x_5)]
14,38,1,0.14357805252075195,1.1245079040527344,[(-x_2 v x_10 v -x_0) ^ (x_1 v -x_10 v -x_0) ^ (-x_7 v x_5 v x_8) ^ (-x_1 v -x_2 v x_7) ^ (-x_9 v -x_7 v -x_11) ^ (x_4 v -x_8 v -x_11) ^ (x_2 v -x_6) ^ (-x_1 v -x_13 v x_5) ^ (-x_4 v -x_13 v -x_0) ^ (x_11 v x_7 v x_0) ^ (x_6 v -x_4 v -x_5) ^ (-x_2 v -x_8 v -x_0) ^ (-x_12 v x_5 v x_8) ^ (x_4 v -x_3 v -x_11) ^ (-x_5 v -x_2) ^ (x_3 v x_6 v -x_4) ^ (x_0 v x_6 v x_7) ^ (-x_11 v -x_6 v x_8) ^ (-x_1 v -x_6 v -x_3) ^ (x_0 v x_4 v -x_8) ^ (x_11 v x_6 v x_10) ^ (-x_1 v -x_9 v x_2) ^ (x_6 v -x_12 v -x_5) ^ (x_3 v -x_12 v x_7) ^ (x_9 v x_12 v -x_2) ^ (x_12 v x_13) ^ (x_0 v x_6 v -x_12) ^ (x_11 v x_9 v x_2) ^ (-x_6 v x_10 v -x_0) ^ (x_11 v -x_6) ^ (-x_1 v -x_12 v -x_13) ^ (x_7 v -x_13 v -x_11) ^ (-x_2 v x_5 v -x_11) ^ (x_12 v -x_2 v x_7) ^ (-x_1 v -x_12) ^ (-x_10 v -x_2 v -x_8) ^ (x_11 v x_6) ^ (-x_1 v x_4 v -x_6)]
14,25,128,0.3647780418395996,9.888619422912598,[(x_8 v -x_2 v x_4) ^ (x_6 v x_2 v -x_8) ^ (x_6 v x_5 v x_13) ^ (-x_13 v x_8) ^ (-x_12 v -x_2 v x_4) ^ (x_3 v x_6 v -x_8) ^ (-x_9 v x_12 v -x_13) ^ (-x_12 v x_9 v x_2) ^ (-x_13 v x_5 v -x_0) ^ (-x_4 v -x_2 v -x_3) ^ (x_1 v x_12 v -x_11) ^ (-x_4 v x_1 v x_12) ^ (x_10 v -x_13) ^ (-x_11 v x_10 v x_8) ^ (-x_0 v -x_10 v x_8) ^ (x_9 v -x_10 v -x_13) ^ (x_11 v -x_9 v x_4) ^ (-x_4 v x_10) ^ (x_2 v x_5 v -x_8) ^ (-x_12 v x_10 v -x_6) ^ (x_5 v -x_8 v -x_6) ^ (x_13 v x_12 v -x_7) ^ (-x_9 v -x_7 v -x_2) ^ (-x_1 v -x_7 v x_13) ^ (-x_6 v x_2 v -x_3)]
14,28,1,0.09348559379577637,1.1110200881958008,[(-x_12 v -x_4 v -x_0) ^ (x_11 v -x_3) ^ (x_1 v x_9 v x_7) ^ (-x_4 v x_9 v x_10) ^ (-x_9 v x_7 v -x_8) ^ (x_3 v x_6 v x_13) ^ (-x_5 v x_13 v -x_0) ^ (x_7 v -x_11) ^ (-x_7 v x_4 v -x_3) ^ (-x_10 v x_7 v -x_6) ^ (x_11 v -x_2 v -x_13) ^ (x_3 v -x_7 v x_13) ^ (x_12 v -x_5 v -x_8) ^ (-x_3 v -x_8 v -x_11) ^ (-x_6 v x_4 v -x_11) ^ (x_11 v x_10 v x_8) ^ (-x_5 v -x_4 v -x_2) ^ (-x_0 v x_5 v -x_3) ^ (x_1 v x_4 v x_7) ^ (x_11 v x_9 v -x_13) ^ (-x_5 v x_2 v -x_6) ^ (-x_10 v x_7 v x_2) ^ (x_12 v -x_13 v -x_6) ^ (-x_11 v -x_13 v -x_3) ^ (-x_5 v -x_7 v x_10) ^ (x_11 v -x_12 v x_13) ^ (x_11 v x_10 v x_5) ^ (-x_9 v -x_4 v x_13)]
14,39,128,0.6472022533416748,15.055658340454102,[(x_5 v x_7 v -x_13) ^ (x_3 v -x_1 v x_5) ^ (x_0 v x_4 v x_13) ^ (-x_5 v x_2 v x_13) ^ (x_12 v x_5 v -x_8) ^ (x_0 v -x_13 v -x_3) ^ (-x_2 v x_9 v -x_10) ^ (x_10 v x_5 v -x_6) ^ (x_6 v -x_7 v x_5) ^ (-x_9 v -x_13) ^ (x_3 v -x_7 v -x_5) ^ (x_0 v -x_2 v -x_13) ^ (-x_7 v x_2) ^ (x_3 v -x_7 v x_10) ^ (-x_4 v -x_7 v -x_11) ^ (x_11 v -x_10 v x_4) ^ (x_1 v -x_2 v -x_6) ^ (x_12 v x_10 v x_4) ^ (x_3 v x_6 v x_9) ^ (x_1 v x_9 v x_10) ^ (-x_1 v -x_9 v -x_10) ^ (x_9 v -x_5 v -x_8) ^ (-x_9 v -x_5 v x_13) ^ (x_12 v -x_5 v x_2) ^ (-x_10 v -x_13) ^ (x_9 v -x_7 v -x_8) ^ (x_9 v x_4 v -x_0) ^ (x_3 v x_1 v -x_0) ^ (x_7 v -x_8) ^ (-x_12 v -x_9 v -x_13) ^ (x_0 v -x_4 v x_12) ^ (x_8 v x_7 v -x_0) ^ (x_3 v -x_1 v -x_9) ^ (-x_12 v x_4 v -x_0) ^ (x_0 v -x_9 v -x_11) ^ (-x_10 v -x_5 v x_7) ^ (-x_1 v x_6 v x_10) ^ (-x_2 v -x_3 v -x_6) ^ (-x_1 v -x_0)]
14,34,1,0.0967717170715332,1.1184091567993164,[(-x_11 v -x_0) ^ (x_3 v x_12 v x_4) ^ (x_3 v -x_6) ^ (-x_1 v -x_5 v -x_3) ^ (x_11 v -x_12 v x_4) ^ (x_11 v x_12 v x_7) ^ (-x_9 v x_4 v x_5) ^ (x_1 v -x_4 v x_7) ^ (x_11 v -x_4 v -x_5) ^ (-x_11 v x_5 v -x_6) ^ (x_0 v x_1 v x_12) ^ (x_7 v -x_11) ^ (x_5 v x_13 v -x_0) ^ (x_3 v -x_7 v -x_6) ^ (-x_1 v -x_5 v -x_0) ^ (x_12 v x_9 v -x_8) ^ (x_3 v -x_9 v x_8) ^ (-x_7 v -x_13 v -x_6) ^ (-x_1 v -x_2) ^ (x_6 v -x_0) ^ (x_2 v -x_13) ^ (x_12 v -x_13) ^ (x_6 v -x_10 v x_8) ^ (x_11 v -x_9 v x_10) ^ (x_8 v -x_10 v -x_0) ^ (x_10 v -x_13 v -x_0) ^ (x_3 v x_5 v x_8) ^ (x_11 v -x_4 v -x_0) ^ (x_4 v x_5 v -x_0) ^ (x_4 v x_13 v -x_6) ^ (-x_9 v -x_4 v -x_13) ^ (-x_4 v -x_13 v -x_11) ^ (x_11 v x_12 v x_9) ^ (-x_10 v x_13 v x_8)]
14,31,128,0.4883749485015869,12.06368637084961,[(x_3 v -x_9 v x_12) ^ (x_1 v x_2 v -x_6) ^ (x_1 v -x_4 v x_10) ^ (x_7 v -x_3 v x_8) ^ (x_11 v x_7 v -x_0) ^ (x_5 v -x_0) ^ (x_6 v -x_10 v -x_11) ^ (x_3 v x_7 v -x_2) ^ (-x_2 v -x_3 v x_4) ^ (x_1 v -x_2 v -x_13) ^ (-x_12 v x_2 v -x_0) ^ (-x_7 v -x_5 v x_8) ^ (x_3 v -x_10 v -x_11) ^ (-x_4 v x_10 v -x_0) ^ (x_1 v -x_10 v -x_5) ^ (-x_1 v -x_8 v -x_0) ^ (-x_0 v -x_2 v -x_6) ^ (x_8 v -x_5 v -x_11) ^ (x_6 v -x_2 v -x_3) ^ (x_0 v x_12 v x_10) ^ (x_11 v x_12 v x_13) ^ (-x_5 v -x_8 v -x_6) ^ (x_0 v -x_9 v -x_8) ^ (x_9 v -x_10 v -x_11) ^ (-x_1 v -x_12 v -x_7) ^ (x_0 v x_7) ^ (x_10 v x_7) ^ (x_4 v x_2 v -x_6) ^ (-x_4 v -x_5 v x_2) ^ (x_6 v -x_9 v x_7) ^ (-x_12 v -x_6 v x_8)]
14,35,1,0.0986185073852539,1.1372613906860352,[(x_3 v x_0 v -x_11) ^ (x_5 v -x_9 v x_2) ^ (-x_0 v x_10 v -x_11) ^ (-x_4 v -x_0) ^ (-x_4 v x_10 v x_7) ^ (-x_7 v x_5 v -x_6) ^ (-x_9 v -x_7) ^ (x_6 v x_12 v x_9) ^ (-x_9 v x_5 v x_8) ^ (-x_4 v -x_10 v -x_7) ^ (x_0 v x_9 v -x_2) ^ (x_5 v -x_8) ^ (x_12 v -x_3 v -x_0) ^ (-x_9 v x_12 v -x_6) ^ (x_11 v x_6 v -x_10) ^ (-x_12 v -x_7 v -x_6) ^ (x_11 v x_4 v -x_6) ^ (-x_5 v x_13 v -x_11) ^ (x_11 v x_12 v x_13) ^ (x_11 v x_6 v -x_0) ^ (x_0 v -x_5 v x_4) ^ (-x_9 v x_10 v x_2) ^ (-x_12 v x_10 v -x_6) ^ (x_0 v x_3 v -x_11) ^ (-x_0 v x_13 v x_8) ^ (-x_1 v -x_4 v -x_10) ^ (-x_5 v x_13 v x_8) ^ (x_12 v x_4 v -x_10) ^ (-x_11 v -x_2 v -x_3) ^ (x_6 v -x_8 v -x_0) ^ (x_9 v x_7 v x_2) ^ (-x_12 v -x_7 v -x_11) ^ (x_3 v x_9 v -x_8) ^ (x_6 v -x_12 v x_8) ^ (-x_4 v x_7 v -x_8)]
14,21,128,0.39748144149780273,8.66897201538086,[(x_11 v x_12 v x_5) ^ (-x_4 v x_13 v x_8) ^ (x_11 v -x_9 v x_2) ^ (-x_10 v -x_5 v -x_11) ^ (-x_1 v x_9 v -x_10) ^ (-x_6 v x_13 v -x_11) ^ (x_3 v -x_7 v x_0) ^ (x_3 v x_9 v x_7) ^ (-x_5 v -x_13 v -x_0) ^ (x_12 v -x_3 v x_8) ^ (-x_0 v x_10 v x_4) ^ (-x_11 v -x_4 v -x_6) ^ (x_0 v -x_10 v -x_8) ^ (x_0 v x_4 v -x_11) ^ (-x_4 v -x_3 v -x_0) ^ (x_0 v -x_4 v -x_7) ^ (x_6 v -x_12 v x_10) ^ (-x_1 v -x_10 v -x_0) ^ (x_10 v x_2 v x_8) ^ (x_12 v -x_4 v -x_7) ^ (x_8 v -x_7 v -x_6)]
14,26,1,0.12334203720092773,1.1124000549316406,[(-x_4 v x_5 v x_13) ^ (x_9 v x_2 v -x_11) ^ (-x_7 v x_5 v x_8) ^ (-x_10 v x_5 v -x_0) ^ (x_3 v -x_5 v -x_8) ^ (x_4 v x_5 v x_13) ^ (x_1 v -x_7 v x_8) ^ (x_0 v x_1 v x_13) ^ (-x_1 v x_9 v x_3) ^ (-x_9 v -x_13 v -x_8) ^ (x_1 v -x_8 v -x_3) ^ (x_3 v -x_7 v -x_13) ^ (x_3 v x_1 v -x_11) ^ (x_0 v -x_8 v -x_6) ^ (x_3 v x_6 v -x_12) ^ (-x_4 v -x_7 v x_13) ^ (x_11 v x_9 v x_7) ^ (-x_2 v -x_13) ^ (x_11 v x_13 v x_8) ^ (x_1 v x_12 v x_13) ^ (-x_12 v -x_4 v -x_3) ^ (-x_10 v -x_2 v x_13) ^ (x_0 v x_7 v x_13) ^ (x_10 v x_5 v -x_3) ^ (x_12 v -x_2 v x_7) ^ (x_11 v x_12 v -x_0)]
14,22,128,0.370715856552124,8.565484046936035,[(x_9 v -x_10 v -x_7) ^ (x_11 v x_13) ^ (x_1 v -x_5 v -x_11) ^ (x_6 v x_2 v -x_8) ^ (-x_13 v -x_8 v -x_11) ^ (x_3 v -x_12 v -x_10) ^ (x_11 v x_3 v -x_13) ^ (-x_9 v -x_7 v -x_5) ^ (x_6 v -x_10 v -x_11) ^ (x_3 v -x_5 v x_8) ^ (x_6 v -x_9 v x_4) ^ (x_0 v x_13 v x_11) ^ (-x_12 v -x_2) ^ (x_3 v x_4 v -x_11) ^ (-x_12 v -x_10 v x_13) ^ (-x_12 v x_9 v x_2) ^ (x_3 v -x_7 v -x_0) ^ (-x_11 v x_7 v x_8) ^ (-x_6 v x_10 v -x_11) ^ (-x_12 v -x_13 v -x_0) ^ (x_6 v x_12) ^ (x_0 v -x_5 v -x_11)]
14,40,1,0.15467405319213867,1.1346254348754883,[(-x_9 v -x_12 v x_7) ^ (-x_0 v -x_4 v -x_6) ^ (-x_11 v x_9 v -x_6) ^ (-x_9 v -x_4 v -x_7) ^ (x_0 v x_13 v -x_6) ^ (x_3 v -x_2 v x_7) ^ (x_11 v x_1 v -x_8) ^ (x_11 v -x_9 v x_2) ^ (x_11 v -x_1 v -x_12) ^ (-x_9 v -x_12 v x_5) ^ (-x_9 v -x_8 v -x_6) ^ (-x_9 v -x_13 v -x_6) ^ (-x_9 v -x_13) ^ (-x_10 v x_2 v -x_3) ^ (x_7 v x_13 v x_4) ^ (-x_1 v x_9 v x_2) ^ (x_0 v x_10 v x_11) ^ (-x_10 v x_7 v -x_13) ^ (x_6 v x_10 v -x_13) ^ (x_11 v x_0 v -x_3) ^ (x_6 v -x_2) ^ (-x_9 v -x_6 v -x_0) ^ (-x_0 v -x_6) ^ (-x_4 v x_12 v -x_2) ^ (x_3 v -x_13 v x_11) ^ (x_11 v -x_2 v -x_6) ^ (x_0 v -x_9 v x_12) ^ (-x_12 v -x_3) ^ (-x_9 v -x_4) ^ (x_12 v -x_8) ^ (-x_6 v x_7 v x_8) ^ (x_3 v x_5 v x_13) ^ (x_1 v x_7 v x_13) ^ (-x_1 v x_10) ^ (-x_11 v -x_13 v -x_3) ^ (x_0 v x_2 v x_8) ^ (x_3 v -x_1 v x_9) ^ (x_11 v x_0 v -x_6) ^ (-x_5 v -x_13 v -x_8) ^ (x_3 v x_12 v -x_6)]
14,38,128,0.6460058689117432,15.446029663085938,[(-x_5 v -x_13 v x_8) ^ (x_12 v -x_8 v -x_6) ^ (x_3 v -x_5 v -x_8) ^ (-x_4 v -x_13 v -x_0) ^ (x_0 v x_1 v -x_11) ^ (-x_4 v x_5 v x_8) ^ (x_9 v x_5 v -x_8) ^ (-x_1 v -x_7 v -x_5) ^ (x_3 v -x_12 v -x_4) ^ (-x_7 v x_4 v -x_3) ^ (-x_12 v x_13 v -x_0) ^ (-x_2 v x_10 v x_8) ^ (x_9 v -x_4) ^ (x_3 v x_1 v x_13) ^ (-x_10 v -x_5 v -x_6) ^ (-x_5 v -x_4 v x_10) ^ (x_6 v x_13 v -x_3) ^ (x_12 v x_13 v -x_0) ^ (x_11 v x_6 v x_4) ^ (x_11 v x_9 v -x_7) ^ (x_11 v x_1 v -x_4) ^ (x_0 v -x_1 v -x_5) ^ (-x_7 v x_4 v -x_11) ^ (-x_1 v x_12 v -x_6) ^ (x_10 v -x_3 v x_8) ^ (x_0 v -x_1 v x_10) ^ (x_9 v -x_4 v -x_10) ^ (x_1 v x_7 v x_13) ^ (-x_0 v -x_3 v x_8) ^ (x_9 v x_4 v x_13) ^ (-x_10 v -x_2 v x_13) ^ (-x_1 v x_2 v -x_6) ^ (x_9 v -x_6 v -x_3) ^ (x_6 v -x_13 v x_8) ^ (x_3 v x_9 v -x_8) ^ (-x_4 v -x_10 v -x_11) ^ (x_0 v x_7 v -x_3) ^ (x_3 v x_4 v -x_0)]
14,37,1,0.12585830688476562,1.1343154907226562,[(x_3 v -x_4 v x_7) ^ (-x_9 v x_12) ^ (x_12 v x_7 v x_2) ^ (-x_12 v x_1 v x_9) ^ (x_11 v x_6 v x_7) ^ (x_11 v -x_0 v x_8) ^ (x_0 v -x_9 v -x_10) ^ (x_1 v x_7 v x_5) ^ (x_1 v -x_7 v -x_2) ^ (-x_9 v x_7 v -x_3) ^ (x_7 v x_2 v -x_3) ^ (-x_5 v x_10 v -x_8) ^ (x_12 v x_10 v x_4) ^ (-x_4 v -x_7 v -x_3) ^ (x_0 v -x_7 v -x_11) ^ (x_0 v -x_13 v -x_11) ^ (x_6 v -x_9 v x_8) ^ (x_7 v -x_8 v -x_11) ^ (-x_7 v -x_11) ^ (x_11 v x_10 v -x_8) ^ (x_2 v -x_3 v -x_0) ^ (x_0 v -x_10 v -x_6) ^ (x_6 v -x_5 v x_4) ^ (x_4 v -x_8 v -x_3) ^ (-x_12 v -x_3 v -x_11) ^ (x_1 v -x_5) ^ (-x_1 v -x_4 v -x_11) ^ (x_3 v -x_9) ^ (-x_0 v x_5 v x_8) ^ (-x_1 v -x_10 v x_4) ^ (-x_9 v x_1 v x_13) ^ (-x_12 v -x_7 v x_8) ^ (x_0 v x_6 v -x_1) ^ (x_8 v x_12 v -x_3) ^ (-x_4 v x_13 v -x_8) ^ (x_6 v -x_7 v -x_8) ^ (x_3 v -x_4 v -x_2)]
14,31,128,0.5132961273193359,12.06949234008789,[(x_11 v -x_12 v -x_4) ^ (x_0 v x_9 v x_5) ^ (-x_4 v x_5 v -x_8) ^ (x_0 v x_12 v -x_7) ^ (x_11 v -x_2 v -x_3) ^ (x_6 v x_12 v x_7) ^ (-x_3 v -x_11) ^ (x_3 v x_2 v -x_8) ^ (x_6 v -x_9 v -x_0) ^ (-x_12 v -x_5 v -x_13) ^ (-x_9 v x_5) ^ (x_8 v -x_10 v -x_11) ^ (x_1 v -x_10 v -x_3) ^ (-x_1 v -x_9 v x_7) ^ (-x_0 v -x_2 v x_4) ^ (-x_3 v x_13 v -x_0) ^ (x_7 v x_2 v x_13) ^ (x_13 v -x_2 v x_7) ^ (x_11 v x_5 v -x_8) ^ (x_3 v -x_13 v x_8) ^ (-x_7 v -x_5) ^ (-x_7 v -x_2 v -x_8) ^ (x_6 v x_10 v -x_11) ^ (x_9 v -x_0) ^ (-x_4 v x_7 v x_5) ^ (x_1 v x_12 v x_13) ^ (x_6 v -x_13 v -x_3) ^ (-x_1 v x_12 v -x_10) ^ (x_6 v -x_12 v -x_8) ^ (x_11 v -x_7 v -x_8) ^ (x_4 v x_5 v -x_6)]
14,19,1,0.07739472389221191,1.0805816650390625,[(x_1 v -x_4 v -x_0) ^ (x_1 v -x_12 v x_7) ^ (-x_10 v x_4) ^ (x_8 v x_12 v -x_6) ^ (-x_1 v x_13 v -x_6) ^ (-x_2 v -x_13 v -x_0) ^ (x_6 v x_10 v x_8) ^ (-x_12 v x_9 v -x_7) ^ (x_12 v -x_13 v -x_7) ^ (x_11 v x_9 v -x_7) ^ (-x_12 v -x_2 v -x_13) ^ (-x_10 v x_5 v x_8) ^ (x_11 v x_5) ^ (x_9 v x_7 v x_13) ^ (x_9 v -x_10 v -x_0) ^ (x_0 v x_3 v x_11) ^ (x_0 v x_2 v x_8) ^ (x_1 v -x_4 v x_2) ^ (-x_1 v -x_2 v x_5)]
14,27,128,0.41405391693115234,11.084260940551758,[(-x_12 v -x_10 v -x_6) ^ (x_2 v x_13 v -x_0) ^ (x_11 v -x_10 v x_8) ^ (x_4 v x_2 v -x_8) ^ (x_10 v -x_0) ^ (x_4 v -x_8 v -x_6) ^ (x_3 v x_1 v -x_8) ^ (-x_12 v x_9 v x_5) ^ (-x_4 v -x_10 v x_7) ^ (x_6 v x_13 v -x_3) ^ (-x_7 v x_2 v -x_6) ^ (x_11 v x_9 v x_7) ^ (x_11 v x_7 v x_8) ^ (-x_13 v -x_8 v -x_0) ^ (x_7 v -x_13 v -x_6) ^ (x_0 v x_1) ^ (x_12 v x_9 v -x_4) ^ (x_6 v x_7 v -x_0) ^ (x_12 v x_10 v -x_0) ^ (x_3 v -x_13 v x_2) ^ (x_11 v x_9 v -x_13) ^ (x_11 v -x_9 v x_12) ^ (x_6 v -x_10 v x_13) ^ (-x_9 v -x_10 v -x_2) ^ (x_6 v -x_9 v -x_2) ^ (-x_4 v x_2 v -x_7) ^ (x_0 v -x_4 v -x_3)]
14,34,1,0.13282346725463867,1.1317148208618164,[(-x_2 v x_10 v -x_0) ^ (x_6 v -x_9 v -x_5) ^ (-x_4 v -x_2 v -x_6) ^ (x_6 v -x_10 v -x_11) ^ (x_0 v x_6 v x_8) ^ (x_0 v x_1 v x_10) ^ (-x_1 v x_13 v x_11) ^ (-x_1 v -x_8 v -x_3) ^ (x_6 v -x_2 v -x_0) ^ (x_6 v -x_12 v -x_7) ^ (x_3 v -x_7 v -x_6) ^ (-x_4 v -x_7 v -x_11) ^ (x_3 v -x_7 v x_11) ^ (-x_10 v x_7 v -x_0) ^ (-x_9 v x_1 v x_4) ^ (x_0 v x_4 v -x_3) ^ (x_9 v x_4 v -x_11) ^ (x_11 v -x_12 v x_10) ^ (x_12 v x_4 v x_2) ^ (-x_12 v x_13 v -x_8) ^ (x_12 v -x_7 v -x_6) ^ (-x_1 v -x_9 v -x_12) ^ (-x_1 v x_5 v x_8) ^ (x_11 v x_6 v x_12) ^ (-x_9 v -x_4 v -x_11) ^ (-x_1 v -x_4 v x_10) ^ (-x_9 v -x_2 v x_7) ^ (-x_4 v -x_8 v -x_11) ^ (x_1 v x_9 v x_8) ^ (-x_12 v -x_9 v -x_4) ^ (-x_1 v x_8 v -x_6) ^ (x_7 v x_5 v x_13) ^ (x_6 v -x_7 v -x_8) ^ (x_3 v x_7 v -x_6)]
14,19,128,0.3306238651275635,7.555315017700195,[(-x_7 v -x_5 v -x_13) ^ (-x_5 v x_2 v x_7) ^ (-x_9 v x_10 v -x_11) ^ (x_10 v -x_13 v -x_6) ^ (x_1 v x_10 v x_13) ^ (x_12 v -x_4 v -x_6) ^ (x_11 v x_6 v -x_10) ^ (-x_5 v x_9 v -x_2) ^ (x_1 v -x_8 v -x_6) ^ (-x_7 v -x_11) ^ (x_9 v -x_10 v -x_11) ^ (-x_4 v x_13 v -x_6) ^ (-x_1 v -x_10 v x_4) ^ (-x_12 v x_13 v -x_11) ^ (-x_5 v x_7 v -x_0) ^ (x_3 v -x_8 v -x_11) ^ (x_9 v x_13 v -x_11) ^ (-x_1 v x_4 v -x_13) ^ (-x_1 v x_7 v x_2)]
14,28,1,0.07825112342834473,1.1063289642333984,[(x_11 v -x_7 v x_8) ^ (x_11 v x_12 v x_5) ^ (x_11 v -x_12 v -x_3) ^ (x_3 v x_4 v x_5) ^ (-x_12 v x_5 v -x_3) ^ (-x_9 v x_4 v x_5) ^ (x_6 v x_1 v -x_5) ^ (x_12 v -x_2 v x_5) ^ (-x_2 v -x_13 v -x_6) ^ (x_6 v -x_4 v -x_8) ^ (x_10 v -x_11) ^ (x_11 v -x_12 v -x_7) ^ (-x_1 v x_2 v -x_0) ^ (-x_1 v -x_13) ^ (-x_9 v x_2 v -x_6) ^ (x_3 v x_1 v -x_11) ^ (x_6 v -x_10 v x_2) ^ (-x_13 v -x_0) ^ (-x_1 v x_2) ^ (x_11 v x_13 v x_0) ^ (x_0 v x_7) ^ (x_1 v x_12 v x_13) ^ (-x_12 v -x_9 v -x_3) ^ (-x_1 v x_10 v -x_3) ^ (-x_5 v x_2 v -x_6) ^ (x_0 v -x_9 v x_4) ^ (x_11 v x_6 v -x_1) ^ (x_11 v -x_12 v x_13)]
14,25,128,0.387798547744751,9.478655815124512,[(-x_9 v x_5 v -x_6) ^ (-x_13 v -x_8 v -x_11) ^ (-x_0 v -x_4 v -x_6) ^ (-x_12 v x_5 v -x_8) ^ (x_0 v -x_2 v -x_8) ^ (x_6 v x_9 v -x_13) ^ (x_0 v -x_3 v x_11) ^ (x_0 v -x_10 v -x_3) ^ (-x_4 v -x_7 v -x_8) ^ (x_6 v -x_5 v x_7) ^ (-x_1 v -x_5 v x_4) ^ (x_1 v x_2) ^ (x_6 v -x_5 v x_13) ^ (x_11 v -x_7 v -x_6) ^ (-x_9 v x_4 v -x_13) ^ (-x_9 v -x_7 v x_8) ^ (-x_13 v -x_0) ^ (-x_12 v x_1 v x_0) ^ (x_11 v x_9 v -x_2) ^ (x_1 v -x_12) ^ (x_11 v -x_1 v -x_4) ^ (x_0 v x_9 v -x_5) ^ (x_0 v -x_7 v x_10) ^ (-x_10 v -x_8 v -x_6) ^ (-x_0 v x_2 v -x_11)]
14,38,1,0.12561273574829102,1.1403121948242188,[(-x_1 v x_2 v x_11) ^ (-x_9 v -x_7 v x_2) ^ (-x_4 v -x_8 v -x_6) ^ (x_11 v -x_5 v x_2) ^ (x_7 v x_5 v x_8) ^ (-x_7 v x_2 v -x_0) ^ (x_11 v x_6 v -x_2) ^ (-x_5 v x_10 v -x_8) ^ (-x_5 v -x_2 v x_7) ^ (-x_5 v -x_8 v -x_3) ^ (-x_7 v -x_5 v -x_6) ^ (x_12 v x_2 v -x_13) ^ (x_11 v x_9 v x_5) ^ (x_1 v -x_4 v x_13) ^ (x_0 v -x_7 v -x_11) ^ (x_10 v -x_13 v x_7) ^ (-x_9 v -x_13 v -x_3) ^ (-x_1 v -x_2) ^ (x_11 v -x_1 v -x_13) ^ (x_6 v -x_5 v x_2) ^ (-x_9 v x_4 v -x_13) ^ (x_11 v x_10 v -x_8) ^ (-x_4 v -x_7 v -x_6) ^ (x_10 v x_13) ^ (x_6 v -x_10 v x_8) ^ (x_11 v -x_2 v x_7) ^ (-x_4 v x_2 v -x_11) ^ (x_0 v -x_4 v x_12) ^ (-x_9 v -x_7 v -x_13) ^ (x_3 v -x_9 v -x_7) ^ (x_4 v x_5 v -x_0) ^ (x_0 v x_12 v x_8) ^ (x_0 v x_4 v -x_6) ^ (-x_1 v x_2 v x_8) ^ (x_6 v -x_7 v -x_3) ^ (x_10 v -x_4 v -x_5) ^ (x_6 v x_12 v -x_7) ^ (-x_3 v x_13 v -x_8)]
14,16,128,0.3506340980529785,7.316389083862305,[(-x_4 v x_7 v x_5) ^ (x_10 v x_2 v x_7) ^ (x_10 v x_2 v -x_6) ^ (-x_10 v x_13 v -x_3) ^ (-x_5 v x_2 v x_4) ^ (x_9 v -x_4 v -x_0) ^ (x_0 v -x_9 v x_10) ^ (-x_1 v x_7 v -x_3) ^ (x_0 v -x_12 v -x_13) ^ (x_1 v -x_4 v x_2) ^ (x_6 v -x_9 v x_13) ^ (x_7 v x_2 v x_13) ^ (x_11 v x_2 v x_0) ^ (x_5 v x_2 v -x_6) ^ (x_6 v x_2 v x_8) ^ (x_1 v -x_4 v -x_6)]
14,23,1,0.06835603713989258,1.0903701782226562,[(x_0 v x_6 v x_13) ^ (x_10 v x_4 v -x_11) ^ (x_4 v x_13 v -x_8) ^ (x_0 v -x_5 v -x_8) ^ (-x_12 v x_9 v -x_5) ^ (x_12 v -x_6 v x_8) ^ (x_6 v x_2 v x_8) ^ (x_4 v x_13 v x_8) ^ (x_1 v -x_13) ^ (x_3 v -x_10 v -x_11) ^ (-x_1 v -x_10 v -x_13) ^ (x_1 v -x_5 v x_2) ^ (x_0 v -x_12 v -x_7) ^ (-x_1 v -x_13 v x_8) ^ (x_1 v -x_10 v x_5) ^ (x_3 v x_6 v -x_5) ^ (x_6 v -x_5 v -x_0) ^ (x_0 v -x_3) ^ (x_11 v -x_4 v -x_6) ^ (-x_7 v -x_10 v x_13) ^ (-x_1 v x_3 v x_0) ^ (x_3 v -x_7 v -x_8) ^ (-x_11 v x_9 v x_8)]
14,36,128,0.645655632019043,14.77993392944336,[(-x_9 v x_12 v -x_0) ^ (x_3 v -x_9 v x_12) ^ (x_3 v x_12 v -x_0) ^ (x_11 v -x_13 v -x_3) ^ (x_6 v x_12 v x_7) ^ (x_9 v -x_10 v x_2) ^ (-x_1 v x_12 v x_5) ^ (-x_9 v -x_5 v x_4) ^ (x_11 v x_6 v x_13) ^ (-x_1 v x_9 v x_2) ^ (x_0 v -x_5 v -x_3) ^ (x_8 v x_9 v -x_3) ^ (-x_9 v x_1 v -x_7) ^ (x_11 v -x_4 v x_5) ^ (x_12 v x_2 v -x_0) ^ (x_6 v -x_2 v x_5) ^ (x_12 v x_10 v x_8) ^ (x_6 v -x_9 v -x_8) ^ (x_1 v x_7 v -x_11) ^ (-x_2 v x_7 v -x_0) ^ (x_1 v -x_4 v -x_6) ^ (x_7 v -x_8 v -x_11) ^ (-x_2 v -x_8 v -x_3) ^ (x_6 v x_12 v x_8) ^ (-x_13 v -x_0) ^ (x_5 v x_12 v x_2) ^ (x_9 v -x_7 v -x_8) ^ (-x_1 v -x_4 v x_2) ^ (-x_1 v -x_10) ^ (-x_1 v -x_3 v x_8) ^ (-x_12 v x_4 v -x_13) ^ (x_9 v -x_7 v -x_6) ^ (x_12 v x_4 v x_5) ^ (x_6 v -x_8 v x_13) ^ (x_6 v x_1 v -x_9) ^ (-x_1 v x_9 v -x_6)]
14,33,1,0.14718842506408691,1.1354360580444336,[(x_0 v -x_1 v x_4) ^ (x_11 v -x_1 v x_7) ^ (x_1 v x_8 v -x_11) ^ (x_12 v x_5 v -x_3) ^ (x_0 v x_2 v x_11) ^ (x_10 v x_7 v x_8) ^ (x_3 v -x_1) ^ (x_0 v x_10 v -x_8) ^ (-x_4 v x_7) ^ (-x_13 v -x_6) ^ (x_10 v -x_13 v -x_8) ^ (x_6 v -x_4 v -x_8) ^ (-x_12 v -x_7 v -x_0) ^ (x_5 v -x_8 v -x_0) ^ (-x_4 v -x_8 v -x_3) ^ (x_1 v -x_4 v x_13) ^ (x_11 v x_4 v -x_6) ^ (x_11 v -x_1 v -x_8) ^ (-x_1 v -x_9 v -x_3) ^ (x_3 v -x_10 v -x_7) ^ (x_7 v x_4 v -x_11) ^ (x_3 v x_5 v -x_8) ^ (-x_1 v x_4 v -x_8) ^ (x_1 v x_12 v x_4) ^ (x_0 v x_6 v -x_5) ^ (-x_1 v -x_10 v -x_0) ^ (x_6 v x_4 v -x_0) ^ (x_0 v x_9 v -x_10) ^ (x_0 v -x_12 v x_3) ^ (x_4 v -x_0) ^ (x_0 v x_6 v x_11) ^ (x_11 v -x_7 v x_13) ^ (x_6 v x_10 v -x_0)]
14,24,128,0.40284228324890137,9.563015937805176,[(x_6 v x_10 v x_7) ^ (x_6 v x_13 v -x_0) ^ (x_5 v -x_3 v -x_6) ^ (-x_1 v -x_7 v x_2) ^ (-x_2 v -x_13 v -x_0) ^ (-x_5 v -x_6) ^ (-x_7 v x_4 v x_2) ^ (x_11 v -x_12 v -x_5) ^ (x_9 v -x_8 v -x_11) ^ (-x_4 v -x_2 v -x_3) ^ (x_3 v x_13 v x_0) ^ (-x_2 v -x_13 v x_8) ^ (-x_1 v x_6 v -x_4) ^ (x_11 v x_13 v -x_3) ^ (-x_1 v -x_7 v x_11) ^ (-x_1 v -x_9 v x_12) ^ (-x_2 v x_7 v x_8) ^ (x_3 v -x_2 v x_4) ^ (-x_1 v -x_4 v x_10) ^ (-x_1 v x_5 v -x_3) ^ (-x_1 v x_4 v -x_13) ^ (x_0 v x_2 v x_8) ^ (-x_9 v x_13 v -x_6) ^ (x_11 v x_7)]
14,21,1,0.05559086799621582,1.0775871276855469,[(x_6 v x_5 v x_13) ^ (x_9 v -x_8) ^ (x_0 v -x_7 v -x_13) ^ (x_0 v x_1 v x_3) ^ (x_10 v -x_2 v x_7) ^ (x_4 v -x_8) ^ (-x_8 v -x_0) ^ (x_10 v x_7 v x_8) ^ (-x_6 v x_13 v -x_8) ^ (-x_7 v x_4 v -x_10) ^ (-x_8 v -x_11) ^ (x_12 v -x_10 v x_13) ^ (-x_13 v -x_11) ^ (x_1 v -x_11) ^ (x_3 v -x_2 v x_8) ^ (-x_0 v x_13 v -x_3) ^ (-x_13 v x_4 v x_5) ^ (-x_9 v x_10 v -x_5) ^ (x_1 v x_4 v x_8) ^ (-x_5 v -x_13 v -x_8) ^ (-x_1 v x_9 v -x_6)]
14,37,128,0.6391026973724365,14.785058975219727,[(x_11 v x_12 v x_5) ^ (-x_12 v -x_4 v -x_13) ^ (-x_7 v -x_3 v -x_6) ^ (x_0 v -x_4 v -x_11) ^ (-x_12 v -x_10 v -x_7) ^ (x_11 v x_1 v -x_13) ^ (x_3 v -x_0 v x_8) ^ (x_4 v -x_8) ^ (-x_9 v -x_3 v -x_11) ^ (-x_5 v x_13 v -x_3) ^ (x_12 v x_5 v x_8) ^ (-x_9 v x_1 v -x_4) ^ (x_0 v -x_2 v x_13) ^ (x_3 v -x_13 v x_5) ^ (x_4 v -x_6) ^ (x_12 v x_9 v -x_8) ^ (x_9 v x_2 v -x_0) ^ (x_6 v -x_9 v -x_11) ^ (x_1 v x_4 v -x_11) ^ (-x_12 v x_7 v x_13) ^ (x_0 v x_7 v x_5) ^ (x_10 v x_9 v -x_2) ^ (x_3 v -x_6 v x_8) ^ (-x_9 v -x_12 v -x_6) ^ (x_3 v -x_9 v -x_11) ^ (x_0 v x_2 v x_5) ^ (-x_1 v -x_5 v -x_6) ^ (x_0 v x_4 v x_5) ^ (x_1 v -x_9 v x_2) ^ (-x_2 v x_7 v x_8) ^ (x_6 v x_9 v x_5) ^ (-x_12 v -x_8) ^ (-x_7 v x_13 v -x_3) ^ (-x_10 v -x_5 v x_7) ^ (-x_1 v x_4 v -x_3) ^ (x_3 v -x_9 v -x_0) ^ (-x_1 v x_6 v x_5)]
14,38,1,0.1742103099822998,1.1372976303100586,[(x_1 v -x_7 v -x_6) ^ (-x_2 v x_10 v x_11) ^ (x_3 v -x_12 v x_8) ^ (-x_2 v x_4 v -x_3) ^ (x_12 v x_7 v -x_10) ^ (x_9 v -x_5 v x_7) ^ (-x_2 v -x_8 v x_4) ^ (-x_13 v x_5 v -x_11) ^ (-x_2 v x_13 v -x_11) ^ (x_12 v -x_2 v -x_11) ^ (-x_10 v x_13 v -x_0) ^ (-x_1 v x_4 v -x_2) ^ (-x_12 v -x_5 v x_13) ^ (x_6 v -x_10 v x_7) ^ (x_12 v x_10 v x_8) ^ (-x_4 v -x_2) ^ (-x_5 v -x_8 v -x_3) ^ (x_0 v x_10 v x_13) ^ (x_13 v -x_0) ^ (x_11 v -x_4 v x_8) ^ (-x_7 v -x_13 v -x_6) ^ (x_3 v -x_7 v -x_13) ^ (-x_9 v -x_13 v x_8) ^ (x_1 v -x_12 v -x_0) ^ (x_7 v x_2 v x_8) ^ (x_1 v -x_7 v x_5) ^ (x_12 v x_9 v -x_3) ^ (-x_2 v x_5 v x_13) ^ (x_11 v x_7 v -x_3) ^ (x_0 v -x_1 v x_11) ^ (x_10 v x_2) ^ (x_3 v -x_9 v x_4) ^ (x_9 v -x_2 v -x_10) ^ (x_0 v -x_7 v x_10) ^ (x_0 v x_13 v x_8) ^ (x_9 v -x_2 v -x_0) ^ (-x_9 v -x_0) ^ (x_12 v -x_2 v x_13)]
14,15,128,0.24213504791259766,6.212106704711914,[(x_3 v -x_9 v x_12) ^ (-x_4 v -x_5 v -x_0) ^ (x_0 v -x_9 v x_13) ^ (-x_11 v -x_5 v -x_3) ^ (x_6 v -x_12 v x_4) ^ (x_1 v x_2 v -x_8) ^ (x_3 v x_1 v -x_13) ^ (x_11 v x_6 v -x_10) ^ (x_9 v -x_2 v -x_6) ^ (x_9 v x_5 v -x_6) ^ (-x_10 v -x_2 v x_7) ^ (-x_10 v x_2 v -x_13) ^ (x_0 v x_10) ^ (x_0 v -x_1 v -x_5) ^ (-x_1 v x_7 v -x_6)]
14,42,1,0.19962453842163086,1.1574373245239258,[(-x_4 v x_5 v x_13) ^ (x_8 v x_12 v -x_0) ^ (x_9 v x_7 v x_5) ^ (x_6 v -x_7 v x_4) ^ (x_3 v x_5 v -x_0) ^ (x_6 v -x_7 v x_10) ^ (x_0 v -x_7 v -x_8) ^ (-x_5 v x_7 v x_4) ^ (x_6 v x_2 v x_8) ^ (-x_9 v -x_13 v -x_6) ^ (-x_11 v -x_7 v -x_6) ^ (x_6 v x_1 v -x_7) ^ (-x_7 v x_2 v x_13) ^ (x_1 v -x_2 v x_13) ^ (x_7 v x_2 v -x_3) ^ (-x_5 v -x_13 v x_4) ^ (x_12 v -x_5) ^ (-x_1 v -x_8 v x_11) ^ (-x_0 v x_4 v x_8) ^ (-x_2 v -x_8 v -x_3) ^ (x_0 v -x_1 v -x_11) ^ (x_12 v -x_5 v -x_8) ^ (-x_5 v -x_8 v x_4) ^ (x_3 v x_7 v -x_8) ^ (-x_2 v -x_13 v -x_3) ^ (-x_1 v x_2) ^ (x_7 v x_2 v -x_11) ^ (-x_1 v x_7 v x_13) ^ (x_1 v x_9 v x_5) ^ (-x_10 v x_13 v -x_11) ^ (-x_1 v -x_10 v x_4) ^ (x_0 v x_6 v -x_12) ^ (-x_2 v -x_5 v -x_8) ^ (-x_1 v x_2 v x_13) ^ (x_11 v -x_4 v -x_6) ^ (x_3 v -x_4 v -x_13) ^ (x_11 v -x_8 v -x_0) ^ (-x_12 v x_10 v x_7) ^ (x_3 v -x_9 v x_7) ^ (x_0 v x_7 v x_2) ^ (x_6 v x_1 v -x_9) ^ (x_2 v -x_3 v x_8)]
14,31,128,0.6087086200714111,12.957925796508789,[(x_3 v -x_10 v x_8) ^ (x_11 v x_6 v -x_7) ^ (x_1 v -x_5 v -x_11) ^ (-x_0 v -x_13 v x_8) ^ (x_9 v -x_10 v x_7) ^ (x_1 v -x_5 v -x_13) ^ (-x_1 v -x_12 v -x_10) ^ (-x_9 v -x_7 v x_5) ^ (-x_13 v x_9 v x_5) ^ (x_12 v -x_13 v x_8) ^ (-x_4 v x_12 v -x_7) ^ (x_1 v -x_12 v x_2) ^ (x_9 v x_10 v x_13) ^ (x_12 v x_10 v x_8) ^ (x_3 v x_6 v -x_4) ^ (-x_1 v x_6 v -x_2) ^ (x_2 v -x_8 v -x_6) ^ (x_3 v x_4 v -x_13) ^ (x_1 v -x_7 v x_4) ^ (x_13 v -x_2 v x_7) ^ (-x_10 v x_2 v -x_8) ^ (x_11 v x_5) ^ (-x_9 v -x_12 v -x_2) ^ (-x_12 v x_9 v x_4) ^ (-x_7 v x_12 v x_13) ^ (-x_10 v -x_5 v x_7) ^ (x_7 v -x_13 v x_8) ^ (x_0 v x_12 v x_13) ^ (x_11 v x_1 v x_12) ^ (x_10 v -x_5) ^ (x_6 v -x_11 v x_8)]
14,17,1,0.06698894500732422,1.0706815719604492,[(-x_1 v -x_3) ^ (-x_12 v x_9 v x_4) ^ (x_3 v x_12 v -x_11) ^ (-x_5 v x_10 v x_2) ^ (-x_12 v x_1 v x_8) ^ (x_1 v -x_3) ^ (x_5 v x_4 v -x_13) ^ (-x_1 v x_7 v -x_11) ^ (-x_9 v x_12 v -x_7) ^ (x_3 v x_6 v x_0) ^ (x_8 v x_10 v x_4) ^ (x_11 v -x_12 v x_4) ^ (-x_12 v -x_2 v -x_13) ^ (x_0 v -x_12 v -x_13) ^ (-x_1 v -x_3 v -x_6) ^ (x_12 v x_7 v -x_11) ^ (x_6 v -x_12 v -x_4)]
14,39,128,0.6346492767333984,14.445198059082031,[(x_0 v -x_4 v x_3) ^ (-x_9 v -x_10 v -x_5) ^ (-x_1 v -x_12 v -x_3) ^ (-x_1 v -x_10 v x_8) ^ (x_6 v -x_4 v -x_11) ^ (-x_1 v -x_9 v x_8) ^ (-x_9 v -x_4 v -x_2) ^ (x_1 v x_7 v -x_5) ^ (x_3 v x_0 v x_11) ^ (x_9 v x_10 v -x_13) ^ (x_6 v -x_7 v x_5) ^ (x_1 v -x_13) ^ (x_6 v x_10 v x_8) ^ (x_5 v -x_8) ^ (-x_6 v x_5 v -x_0) ^ (-x_1 v x_12 v -x_4) ^ (-x_7 v x_10 v -x_11) ^ (x_0 v -x_5) ^ (-x_5 v x_7) ^ (x_3 v x_1 v -x_11) ^ (-x_2 v x_10 v x_3) ^ (-x_1 v x_10 v x_4) ^ (-x_1 v -x_9 v -x_10) ^ (x_1 v x_12 v -x_7) ^ (x_1 v -x_8 v -x_11) ^ (x_12 v -x_5 v x_2) ^ (-x_12 v -x_7 v -x_13) ^ (-x_4 v x_12 v -x_5) ^ (x_11 v -x_4) ^ (x_9 v x_4 v -x_13) ^ (x_3 v -x_9) ^ (x_1 v -x_13 v x_8) ^ (-x_12 v x_5) ^ (-x_2 v x_5 v -x_3) ^ (x_0 v x_4 v x_5) ^ (x_0 v -x_12 v -x_10) ^ (-x_1 v x_6 v -x_10) ^ (-x_2 v x_7 v x_8) ^ (-x_13 v -x_3)]
14,31,1,0.12511014938354492,1.121500015258789,[(x_6 v -x_9 v -x_0) ^ (-x_11 v -x_4 v x_8) ^ (x_11 v -x_10 v -x_5) ^ (-x_11 v -x_7 v -x_0) ^ (x_1 v -x_7 v -x_2) ^ (x_3 v x_10 v x_7) ^ (-x_9 v x_7 v -x_3) ^ (x_5 v x_13 v -x_3) ^ (x_11 v -x_4 v x_5) ^ (-x_1 v -x_5 v x_4) ^ (x_6 v x_1 v -x_2) ^ (x_6 v x_12 v x_10) ^ (x_9 v x_10 v x_4) ^ (x_0 v x_3 v x_13) ^ (-x_1 v -x_9 v -x_2) ^ (x_0 v x_10 v x_8) ^ (x_6 v x_9) ^ (-x_10 v x_7 v -x_0) ^ (x_10 v x_2 v -x_11) ^ (x_11 v x_12 v -x_8) ^ (-x_5 v x_13 v -x_11) ^ (x_0 v -x_2) ^ (x_0 v x_2 v x_5) ^ (-x_1 v -x_4 v x_2) ^ (-x_2 v x_5 v x_8) ^ (-x_12 v -x_9 v x_8) ^ (x_1 v -x_9 v -x_4) ^ (x_9 v x_7 v x_13) ^ (-x_1 v x_11 v -x_3) ^ (x_1 v x_12 v x_2) ^ (x_6 v -x_13 v -x_11)]
14,16,128,0.3284025192260742,6.654865264892578,[(x_1 v -x_10 v -x_0) ^ (x_11 v x_6 v -x_7) ^ (x_0 v -x_9 v x_13) ^ (x_9 v x_12 v -x_2) ^ (-x_0 v x_7 v -x_3) ^ (-x_5 v -x_2) ^ (x_6 v x_7 v -x_3) ^ (-x_9 v x_4 v x_8) ^ (-x_12 v x_7 v -x_3) ^ (x_1 v -x_12 v -x_2) ^ (-x_4 v x_9 v -x_6) ^ (-x_1 v -x_8 v -x_3) ^ (x_10 v -x_5 v x_8) ^ (x_11 v x_12 v -x_7) ^ (x_12 v x_9 v -x_5) ^ (x_10 v x_2 v -x_11)]
14,32,1,0.12447142601013184,1.119145393371582,[(x_11 v x_7 v -x_0) ^ (-x_12 v x_7 v -x_0) ^ (-x_1 v x_5 v -x_0) ^ (x_5 v -x_13 v -x_8) ^ (-x_7 v x_2 v -x_13) ^ (x_9 v x_13 v -x_8) ^ (x_12 v -x_3) ^ (x_11 v x_5 v -x_3) ^ (-x_9 v x_5 v -x_11) ^ (x_9 v x_5 v -x_11) ^ (x_7 v x_2 v -x_8) ^ (-x_5 v -x_13 v -x_3) ^ (x_9 v -x_5 v -x_6) ^ (-x_12 v x_9 v x_10) ^ (x_10 v x_9 v -x_2) ^ (x_3 v -x_2 v x_8) ^ (x_0 v -x_1 v x_12) ^ (x_3 v x_4 v x_13) ^ (x_12 v x_13) ^ (-x_10 v -x_3) ^ (x_3 v x_2 v x_0) ^ (-x_1 v x_12 v x_13) ^ (-x_1 v -x_3 v x_8) ^ (x_3 v -x_1 v -x_10) ^ (x_1 v -x_9 v x_2) ^ (x_3 v -x_4 v -x_2) ^ (-x_1 v -x_7 v -x_8) ^ (x_1 v -x_10 v -x_11) ^ (-x_9 v -x_10 v x_2) ^ (x_3 v -x_4 v -x_8) ^ (x_11 v x_6) ^ (-x_0 v -x_5 v x_8)]
14,39,128,0.7842133045196533,16.136300086975098,[(x_3 v x_12 v x_4) ^ (-x_1 v -x_12 v -x_3) ^ (x_9 v x_7 v x_5) ^ (x_3 v -x_4 v x_2) ^ (x_6 v -x_7 v -x_0) ^ (x_11 v -x_3) ^ (x_11 v -x_10 v -x_3) ^ (-x_2 v -x_5 v x_10) ^ (-x_11 v -x_5 v x_4) ^ (x_1 v x_9 v x_7) ^ (x_11 v x_3 v x_13) ^ (x_7 v x_13 v -x_0) ^ (x_1 v -x_5 v x_13) ^ (-x_5 v x_2 v -x_11) ^ (x_3 v x_12 v -x_5) ^ (x_0 v -x_5 v -x_3) ^ (-x_10 v x_7 v x_5) ^ (x_9 v x_5 v x_8) ^ (x_6 v x_9 v x_13) ^ (x_6 v -x_10 v x_7) ^ (x_3 v x_11 v -x_6) ^ (x_12 v x_2 v -x_7) ^ (x_8 v x_7 v -x_11) ^ (-x_5 v -x_13 v -x_3) ^ (-x_7 v x_2 v x_5) ^ (x_7 v -x_13 v -x_6) ^ (-x_0 v x_5 v x_8) ^ (-x_12 v x_13 v x_8) ^ (x_8 v x_7 v -x_0) ^ (x_10 v -x_5 v x_13) ^ (-x_12 v -x_4 v -x_3) ^ (x_12 v -x_13 v -x_6) ^ (-x_10 v -x_3 v -x_0) ^ (-x_4 v x_10 v -x_13) ^ (-x_2 v x_13) ^ (x_1 v x_2 v -x_3) ^ (x_6 v x_2 v x_5) ^ (x_1 v -x_12 v -x_7) ^ (x_6 v -x_12 v -x_4)]
14,32,1,0.18165278434753418,1.1289129257202148,[(-x_12 v -x_6 v -x_3) ^ (x_3 v -x_8 v -x_0) ^ (x_0 v -x_4 v -x_11) ^ (-x_1 v -x_5 v x_2) ^ (-x_4 v -x_10 v -x_13) ^ (x_1 v x_12 v -x_0) ^ (-x_4 v -x_10 v -x_8) ^ (-x_12 v -x_3 v -x_6) ^ (x_12 v x_5 v -x_8) ^ (-x_1 v -x_0 v x_8) ^ (x_0 v x_1 v x_12) ^ (x_11 v -x_4 v x_3) ^ (-x_1 v -x_4 v -x_6) ^ (x_9 v -x_5 v x_2) ^ (-x_6 v -x_2 v -x_3) ^ (-x_4 v -x_10 v x_7) ^ (-x_2 v x_10 v -x_3) ^ (-x_7 v -x_13 v -x_0) ^ (x_3 v -x_0 v -x_11) ^ (-x_7 v x_2 v x_8) ^ (-x_7 v -x_2 v -x_0) ^ (x_3 v -x_12 v x_0) ^ (x_12 v -x_7 v -x_0) ^ (x_11 v x_7 v x_8) ^ (-x_1 v x_4 v x_7) ^ (x_1 v -x_13 v x_8) ^ (x_11 v x_4 v x_2) ^ (-x_1 v x_6 v -x_5) ^ (-x_11 v x_10 v x_4) ^ (x_0 v x_5 v -x_3) ^ (-x_2 v x_13 v -x_0) ^ (x_3 v -x_9 v x_7)]
14,42,128,0.7231004238128662,16.11185646057129,[(x_11 v -x_9 v -x_3) ^ (-x_12 v -x_2 v -x_6) ^ (x_0 v x_2 v -x_11) ^ (x_6 v -x_7 v -x_5) ^ (x_1 v -x_13 v -x_3) ^ (x_5 v -x_13 v -x_8) ^ (x_0 v -x_10 v -x_2) ^ (-x_2 v x_7 v -x_11) ^ (x_3 v -x_7 v -x_5) ^ (-x_1 v -x_9 v -x_6) ^ (x_3 v -x_12 v -x_4) ^ (x_0 v -x_5 v -x_2) ^ (-x_4 v x_10 v -x_0) ^ (x_0 v x_12 v -x_3) ^ (x_9 v x_12 v -x_6) ^ (x_9 v -x_8 v -x_6) ^ (x_0 v x_1 v -x_7) ^ (x_6 v -x_2 v -x_3) ^ (-x_1 v -x_13 v -x_6) ^ (x_11 v x_12 v -x_8) ^ (-x_12 v x_7 v x_8) ^ (-x_1 v x_9 v x_5) ^ (-x_2 v x_13 v -x_3) ^ (x_11 v -x_4) ^ (-x_0 v -x_12 v -x_11) ^ (-x_10 v -x_2 v -x_11) ^ (x_10 v x_5 v -x_8) ^ (x_12 v -x_10 v x_8) ^ (-x_7 v x_10 v x_13) ^ (x_3 v x_1 v -x_0) ^ (x_11 v x_10 v x_7) ^ (x_11 v -x_0 v -x_3) ^ (x_6 v -x_12) ^ (x_9 v -x_13 v x_8) ^ (-x_1 v -x_9 v -x_0) ^ (x_6 v -x_12 v x_10) ^ (-x_12 v x_1 v -x_4) ^ (x_11 v -x_9 v -x_0) ^ (-x_10 v -x_8 v -x_11) ^ (x_4 v x_13 v -x_0) ^ (-x_13 v -x_8 v -x_3) ^ (-x_3 v x_13 v -x_8)]
14,32,1,0.16522622108459473,1.1262407302856445,[(-x_4 v -x_8 v -x_6) ^ (x_11 v x_4 v x_13) ^ (x_11 v -x_5 v x_8) ^ (x_1 v -x_7 v -x_8) ^ (x_3 v x_10 v x_5) ^ (-x_1 v -x_10 v -x_3) ^ (x_12 v -x_4 v x_5) ^ (x_1 v x_9 v -x_2) ^ (x_0 v x_9 v x_3) ^ (x_3 v -x_9 v -x_13) ^ (-x_1 v x_9 v -x_3) ^ (-x_1 v x_2 v -x_0) ^ (x_11 v x_10 v -x_2) ^ (x_6 v -x_12 v -x_3) ^ (x_1 v -x_5 v -x_0) ^ (x_10 v -x_5 v -x_13) ^ (x_12 v -x_5 v x_8) ^ (-x_10 v x_4 v x_8) ^ (x_0 v x_6 v -x_5) ^ (x_6 v x_7 v -x_0) ^ (-x_1 v -x_7 v x_11) ^ (-x_9 v -x_12 v -x_2) ^ (x_1 v x_12 v x_13) ^ (x_6 v -x_8) ^ (x_0 v x_10 v x_7) ^ (-x_9 v -x_4 v -x_0) ^ (x_8 v x_10 v -x_11) ^ (-x_1 v -x_0) ^ (x_4 v x_2 v -x_0) ^ (x_11 v -x_12 v -x_2) ^ (x_12 v -x_5 v -x_11) ^ (x_3 v -x_4 v -x_7)]
14,17,128,0.26059961318969727,6.527849197387695,[(-x_4 v -x_12 v x_9) ^ (-x_4 v x_5 v -x_11) ^ (x_2 v -x_3) ^ (x_6 v x_2 v -x_13) ^ (-x_12 v -x_9 v -x_3) ^ (-x_0 v -x_13 v x_8) ^ (-x_1 v x_10) ^ (x_4 v -x_13 v -x_11) ^ (-x_13 v -x_0) ^ (-x_1 v -x_7 v -x_0) ^ (x_4 v x_5 v -x_11) ^ (x_3 v -x_7 v x_4) ^ (x_11 v x_5 v x_13) ^ (x_7 v x_2 v -x_6) ^ (-x_13 v x_5) ^ (x_6 v x_7 v -x_0) ^ (x_6 v x_1 v x_2)]
14,38,1,0.11995530128479004,1.1308526992797852,[(-x_1 v x_6 v x_12) ^ (x_1 v -x_2 v -x_5) ^ (x_8 v -x_4 v -x_6) ^ (x_11 v x_7 v -x_0) ^ (-x_11 v -x_6) ^ (x_6 v -x_5 v -x_11) ^ (x_9 v x_13) ^ (x_1 v -x_5 v -x_13) ^ (x_11 v -x_4 v -x_5) ^ (x_3 v -x_4 v x_9) ^ (-x_4 v x_7) ^ (-x_1 v x_9 v x_4) ^ (-x_7 v x_2 v -x_8) ^ (x_10 v -x_11) ^ (-x_1 v -x_12 v x_5) ^ (x_1 v -x_13 v -x_0) ^ (x_6 v x_13 v -x_3) ^ (x_6 v x_9) ^ (x_0 v -x_8 v -x_6) ^ (-x_10 v -x_7 v -x_11) ^ (x_0 v -x_6 v x_8) ^ (-x_11 v x_13 v -x_3) ^ (-x_7 v -x_8 v -x_0) ^ (-x_4 v x_7 v x_2) ^ (-x_10 v -x_8 v -x_3) ^ (-x_5 v -x_2 v -x_11) ^ (x_6 v -x_12 v x_2) ^ (x_0 v -x_9 v -x_8) ^ (-x_9 v x_7 v x_13) ^ (x_6 v x_12 v x_4) ^ (x_0 v x_7 v -x_13) ^ (-x_9 v x_4 v x_13) ^ (-x_9 v x_12 v x_10) ^ (x_0 v -x_7 v x_10) ^ (-x_12 v x_4 v x_13) ^ (x_1 v -x_5 v -x_6) ^ (x_6 v -x_9 v -x_3) ^ (x_1 v x_9 v -x_13)]
14,42,128,0.7540092468261719,16.50309944152832,[(x_6 v -x_10 v x_4) ^ (x_1 v x_10 v -x_5) ^ (-x_7 v -x_5 v -x_0) ^ (x_1 v -x_5 v -x_11) ^ (x_3 v -x_4 v x_8) ^ (-x_9 v -x_7 v -x_11) ^ (-x_11 v -x_6) ^ (-x_9 v -x_6 v -x_11) ^ (-x_9 v x_10 v -x_11) ^ (x_3 v -x_1 v x_12) ^ (x_9 v -x_2 v -x_3) ^ (-x_1 v -x_10 v -x_8) ^ (-x_4 v -x_2 v x_7) ^ (x_6 v x_4 v -x_13) ^ (x_2 v -x_8 v -x_11) ^ (x_7 v -x_13 v -x_3) ^ (-x_2 v x_12 v x_10) ^ (x_6 v -x_10 v -x_3) ^ (-x_4 v -x_5 v x_8) ^ (x_3 v -x_4 v x_5) ^ (-x_12 v x_4 v -x_8) ^ (-x_5 v x_7 v -x_3) ^ (x_6 v -x_12 v -x_2) ^ (x_0 v x_3 v -x_8) ^ (x_6 v -x_7 v x_13) ^ (x_3 v x_6 v x_4) ^ (x_6 v -x_12 v -x_5) ^ (x_11 v -x_2 v x_13) ^ (-x_4 v -x_5 v -x_3) ^ (x_0 v x_1 v x_4) ^ (x_3 v x_9 v -x_10) ^ (x_11 v x_12 v x_3) ^ (x_3 v x_5 v -x_11) ^ (-x_1 v x_9) ^ (x_11 v -x_4 v -x_7) ^ (x_6 v -x_13 v x_8) ^ (x_9 v -x_4 v x_8) ^ (-x_13 v -x_8 v -x_6) ^ (-x_12 v x_10 v x_7) ^ (-x_11 v -x_4 v -x_3) ^ (x_11 v x_9 v -x_8) ^ (-x_1 v x_9 v -x_6)]
14,26,1,0.1134650707244873,1.1036014556884766,[(-x_12 v -x_10 v -x_5) ^ (x_6 v -x_9 v -x_4) ^ (-x_4 v -x_2 v -x_7) ^ (x_1 v x_10 v x_5) ^ (-x_2 v x_7 v -x_11) ^ (x_3 v -x_9 v -x_8) ^ (x_0 v x_12 v x_2) ^ (x_3 v x_9 v x_4) ^ (x_6 v -x_2 v -x_13) ^ (-x_11 v x_7 v x_8) ^ (x_13 v x_10 v x_7) ^ (x_6 v -x_12 v x_9) ^ (x_6 v -x_9 v -x_13) ^ (x_6 v -x_3 v x_8) ^ (x_3 v x_12 v -x_8) ^ (-x_9 v x_12 v -x_10) ^ (x_6 v x_1 v x_10) ^ (-x_7 v -x_13) ^ (x_1 v x_12 v -x_2) ^ (x_11 v -x_1 v -x_10) ^ (-x_4 v -x_5 v x_2) ^ (x_1 v x_10 v x_8) ^ (x_1 v -x_4 v -x_10) ^ (x_6 v -x_8 v x_13) ^ (-x_1 v x_12 v -x_8) ^ (-x_13 v -x_3)]
14,38,128,0.6998980045318604,15.008352279663086,[(-x_2 v x_13 v -x_6) ^ (-x_1 v x_6 v -x_7) ^ (-x_9 v x_13 v -x_8) ^ (x_12 v x_5 v x_13) ^ (-x_1 v -x_5 v x_2) ^ (-x_9 v -x_5 v x_4) ^ (x_11 v x_1) ^ (x_11 v x_6 v x_7) ^ (x_0 v x_1 v x_12) ^ (-x_2 v -x_8 v -x_6) ^ (-x_1 v -x_6 v -x_0) ^ (x_7 v -x_13 v -x_3) ^ (-x_6 v -x_3 v x_8) ^ (-x_7 v x_2 v -x_8) ^ (x_7 v x_2 v -x_3) ^ (x_6 v -x_10 v -x_0) ^ (x_6 v -x_9 v -x_8) ^ (x_6 v -x_4) ^ (x_12 v x_5 v -x_6) ^ (x_6 v x_1 v x_2) ^ (-x_0 v -x_3 v -x_6) ^ (x_12 v x_4 v -x_8) ^ (-x_1 v -x_4) ^ (x_6 v -x_5 v x_4) ^ (-x_9 v x_12 v -x_10) ^ (x_10 v x_2) ^ (x_1 v x_12 v x_4) ^ (-x_4 v x_12 v x_10) ^ (-x_11 v x_13 v -x_6) ^ (x_0 v x_6 v x_10) ^ (x_6 v -x_10 v x_13) ^ (-x_1 v -x_5 v -x_11) ^ (-x_10 v -x_8 v -x_11) ^ (x_11 v -x_12 v -x_8) ^ (-x_1 v -x_5 v x_8) ^ (x_9 v x_12 v x_4) ^ (x_1 v x_9 v -x_13) ^ (x_1 v x_4 v -x_3)]
14,16,1,0.06930208206176758,1.0641288757324219,[(x_0 v x_10 v -x_2) ^ (x_11 v -x_12 v x_7) ^ (-x_9 v -x_4) ^ (x_9 v x_10 v -x_11) ^ (x_11 v -x_9 v -x_0) ^ (-x_10 v x_4 v -x_7) ^ (x_12 v x_9 v x_7) ^ (-x_2 v x_10 v -x_8) ^ (x_9 v x_5 v -x_7) ^ (x_4 v -x_11) ^ (x_12 v -x_5 v -x_3) ^ (x_10 v x_4) ^ (x_11 v x_4 v -x_13) ^ (x_0 v -x_7 v x_5) ^ (-x_0 v -x_2 v -x_6) ^ (x_1 v -x_2 v -x_8)]
14,42,128,0.6636011600494385,15.390650749206543,[(x_11 v -x_2 v -x_8) ^ (-x_1 v x_12) ^ (x_0 v -x_5 v x_11) ^ (x_6 v x_1 v -x_4) ^ (x_3 v x_0 v x_11) ^ (-x_2 v -x_8 v x_4) ^ (-x_1 v x_13 v -x_6) ^ (-x_2 v -x_8 v -x_0) ^ (x_6 v -x_4 v x_10) ^ (-x_12 v x_10 v -x_3) ^ (x_3 v x_8) ^ (x_10 v x_7 v x_8) ^ (-x_12 v x_1 v -x_5) ^ (x_0 v -x_8 v -x_3) ^ (x_2 v -x_3 v -x_11) ^ (x_12 v x_2 v -x_0) ^ (-x_1 v -x_12 v x_5) ^ (-x_9 v x_8) ^ (x_12 v -x_10 v -x_13) ^ (x_6 v x_9) ^ (-x_10 v x_4 v -x_13) ^ (-x_2 v -x_11) ^ (x_0 v -x_1) ^ (x_1 v -x_11) ^ (x_3 v x_12 v -x_8) ^ (x_5 v -x_13) ^ (-x_12 v -x_5 v -x_6) ^ (x_3 v -x_7 v x_2) ^ (-x_6 v x_5 v x_8) ^ (-x_7 v -x_8 v -x_3) ^ (x_0 v -x_7 v -x_10) ^ (-x_9 v -x_2 v x_7) ^ (x_11 v -x_7 v -x_13) ^ (-x_1 v -x_0 v -x_6) ^ (x_1 v x_7) ^ (x_12 v -x_13 v -x_6) ^ (x_12 v -x_4 v x_7) ^ (-x_11 v x_5 v -x_0) ^ (-x_1 v x_9 v -x_7) ^ (x_3 v x_4) ^ (x_3 v x_7 v x_5) ^ (-x_11 v x_9 v x_8)]
14,36,1,0.10735559463500977,1.1265802383422852,[(x_12 v -x_7 v x_8) ^ (x_3 v -x_2 v x_0) ^ (-x_12 v x_5 v -x_8) ^ (-x_2 v x_5 v -x_6) ^ (x_6 v -x_5 v -x_8) ^ (x_11 v x_9 v -x_10) ^ (-x_1 v -x_2 v x_3) ^ (-x_9 v x_13 v -x_3) ^ (-x_9 v -x_5 v -x_0) ^ (x_5 v x_2 v -x_3) ^ (-x_1 v -x_8) ^ (-x_4 v x_9 v x_12) ^ (-x_7 v -x_5 v x_8) ^ (-x_1 v x_7 v -x_11) ^ (x_11 v x_9 v x_12) ^ (x_6 v x_1 v x_12) ^ (x_5 v -x_3) ^ (x_1 v -x_7 v x_4) ^ (x_11 v -x_12 v x_7) ^ (-x_10 v x_5 v -x_8) ^ (x_1 v -x_13 v -x_11) ^ (-x_10 v -x_6) ^ (x_11 v -x_2 v x_7) ^ (x_12 v x_13) ^ (-x_10 v -x_2 v x_5) ^ (x_10 v x_2 v x_13) ^ (-x_9 v -x_2 v -x_6) ^ (x_3 v -x_2 v x_4) ^ (-x_9 v -x_10) ^ (-x_7 v -x_6) ^ (-x_9 v -x_4 v -x_0) ^ (x_12 v x_4 v -x_13) ^ (-x_9 v x_5 v -x_0) ^ (-x_7 v x_5 v -x_3) ^ (x_3 v x_10 v -x_5) ^ (x_11 v -x_1 v -x_5)]
14,41,128,0.6890456676483154,15.665658950805664,[(x_1 v -x_4 v -x_0) ^ (x_0 v -x_4 v x_10) ^ (x_6 v -x_9 v -x_4) ^ (x_3 v x_13 v -x_8) ^ (x_3 v x_10 v x_0) ^ (x_2 v -x_6) ^ (-x_1 v -x_2 v x_8) ^ (x_9 v -x_10 v x_2) ^ (-x_4 v -x_3 v -x_11) ^ (x_1 v -x_2 v -x_13) ^ (x_9 v -x_2 v -x_3) ^ (x_12 v -x_2 v -x_6) ^ (-x_4 v -x_7 v -x_8) ^ (-x_9 v x_12 v x_8) ^ (x_1 v -x_10 v x_8) ^ (x_6 v x_4 v -x_13) ^ (-x_9 v -x_7 v x_10) ^ (-x_0 v -x_9 v -x_6) ^ (-x_12 v -x_5 v x_2) ^ (x_9 v -x_8 v -x_6) ^ (x_10 v x_4 v -x_6) ^ (x_11 v -x_2 v -x_6) ^ (-x_9 v -x_10 v -x_11) ^ (x_3 v x_5 v -x_13) ^ (x_3 v -x_11 v x_8) ^ (-x_5 v x_2) ^ (x_3 v x_4 v -x_8) ^ (-x_2 v -x_5) ^ (x_1 v -x_11) ^ (x_11 v x_12 v x_13) ^ (-x_1 v x_2) ^ (-x_0 v -x_5 v x_8) ^ (x_3 v -x_9 v -x_11) ^ (x_9 v x_12 v x_2) ^ (-x_12 v x_8 v -x_3) ^ (-x_1 v x_2 v x_13) ^ (-x_12 v x_10 v -x_11) ^ (-x_12 v -x_8 v -x_6) ^ (x_0 v -x_4 v -x_8) ^ (x_2 v x_5 v -x_11) ^ (-x_13 v x_10 v x_2)]
14,28,1,0.12998008728027344,1.1158647537231445,[(-x_9 v -x_7 v x_2) ^ (-x_12 v x_7 v -x_6) ^ (x_0 v x_12 v x_7) ^ (x_3 v x_12 v -x_2) ^ (-x_9 v x_5 v x_8) ^ (x_0 v x_2 v x_11) ^ (x_7 v x_5 v x_4) ^ (x_1 v x_9 v -x_10) ^ (-x_12 v x_2 v -x_8) ^ (-x_7 v -x_5 v -x_6) ^ (-x_9 v x_8 v -x_0) ^ (-x_1 v x_4 v -x_6) ^ (-x_12 v x_4) ^ (x_1 v x_2 v -x_0) ^ (x_0 v x_12 v x_5) ^ (x_1 v x_10 v x_4) ^ (-x_12 v x_13 v -x_8) ^ (x_11 v x_9 v -x_2) ^ (x_3 v x_1 v -x_0) ^ (x_0 v -x_10 v x_13) ^ (-x_9 v x_10 v -x_5) ^ (-x_9 v -x_10) ^ (-x_7 v x_5 v -x_8) ^ (x_0 v x_10 v -x_3) ^ (x_0 v x_9 v x_10) ^ (-x_9 v -x_11 v -x_0) ^ (-x_12 v -x_4 v -x_11) ^ (x_0 v x_1 v -x_3)]
14,20,128,0.39586329460144043,8.309747695922852,[(x_11 v x_8 v -x_6) ^ (-x_2 v -x_8 v -x_6) ^ (x_0 v -x_4 v -x_6) ^ (x_10 v x_8) ^ (-x_1 v x_4 v x_2) ^ (-x_7 v -x_8 v -x_6) ^ (x_0 v x_12 v -x_11) ^ (x_0 v -x_1 v x_3) ^ (x_10 v -x_3 v x_8) ^ (-x_10 v x_4 v x_5) ^ (x_6 v x_9 v x_2) ^ (-x_1 v x_12 v x_7) ^ (-x_9 v x_1 v -x_13) ^ (-x_12 v -x_7 v -x_8) ^ (x_11 v -x_9 v -x_0) ^ (x_12 v x_6 v -x_4) ^ (-x_13 v x_5 v x_8) ^ (-x_1 v -x_12 v x_13) ^ (-x_9 v x_4 v x_2) ^ (-x_13 v x_5 v -x_3)]
14,34,1,0.1317586898803711,1.127486228942871,[(-x_9 v -x_6) ^ (-x_0 v -x_12 v x_8) ^ (-x_0 v x_10 v -x_11) ^ (x_6 v -x_2 v x_4) ^ (-x_1 v x_9 v -x_2) ^ (-x_1 v -x_2 v -x_6) ^ (-x_9 v -x_5 v -x_0) ^ (-x_12 v x_10 v x_8) ^ (-x_13 v -x_9 v x_2) ^ (x_12 v -x_8 v -x_3) ^ (-x_2 v x_9 v x_10) ^ (x_12 v x_2 v -x_0) ^ (x_3 v -x_7 v x_4) ^ (x_12 v -x_13 v -x_7) ^ (x_1 v x_4) ^ (x_3 v x_6 v -x_5) ^ (-x_1 v -x_6 v x_8) ^ (-x_1 v x_7 v -x_13) ^ (x_6 v -x_3 v x_8) ^ (x_9 v x_10 v -x_8) ^ (-x_9 v -x_5 v -x_11) ^ (x_6 v x_12 v -x_11) ^ (x_11 v x_2 v -x_3) ^ (-x_1 v x_6 v -x_10) ^ (x_11 v x_4 v x_2) ^ (-x_9 v -x_10 v -x_8) ^ (-x_12 v -x_4 v x_7) ^ (-x_9 v -x_10 v -x_7) ^ (x_0 v -x_7 v -x_5) ^ (x_12 v -x_5 v x_4) ^ (-x_7 v -x_2 v x_4) ^ (x_12 v -x_2 v x_7) ^ (x_1 v -x_5 v -x_6) ^ (x_1 v x_9 v -x_13)]
14,40,128,0.6722097396850586,15.109764099121094,[(-x_12 v -x_4 v -x_10) ^ (-x_12 v x_7 v x_2) ^ (-x_9 v -x_7 v -x_5) ^ (-x_10 v -x_13 v -x_8) ^ (x_12 v x_10 v x_13) ^ (-x_1 v x_9 v -x_2) ^ (-x_10 v -x_13 v x_8) ^ (x_1 v -x_13) ^ (x_12 v -x_2 v -x_11) ^ (-x_7 v x_4 v -x_3) ^ (-x_4 v x_2 v -x_13) ^ (-x_9 v x_13) ^ (x_0 v x_12 v -x_10) ^ (x_3 v -x_12 v -x_6) ^ (-x_9 v -x_10 v -x_13) ^ (x_0 v -x_12 v -x_7) ^ (-x_7 v -x_6 v -x_0) ^ (x_11 v -x_9) ^ (x_1 v -x_10 v -x_13) ^ (x_6 v -x_2 v x_8) ^ (x_1 v x_5 v -x_8) ^ (x_3 v -x_12 v -x_5) ^ (-x_9 v -x_6 v x_8) ^ (x_10 v x_13 v -x_3) ^ (-x_12 v x_7 v x_4) ^ (-x_7 v -x_13 v x_8) ^ (x_1 v -x_13 v x_8) ^ (x_9 v -x_13 v -x_3) ^ (x_5 v x_13) ^ (x_7 v -x_3) ^ (-x_4 v x_5 v -x_6) ^ (-x_7 v x_5 v x_13) ^ (x_0 v -x_4 v -x_2) ^ (x_11 v -x_7 v -x_13) ^ (x_10 v x_5 v -x_3) ^ (x_12 v -x_6 v -x_0) ^ (-x_10 v x_5 v -x_11) ^ (x_11 v -x_7 v x_13) ^ (x_1 v x_2 v -x_11) ^ (x_9 v -x_2 v x_5)]
14,34,1,0.16599082946777344,1.1277484893798828,[(-x_1 v -x_2 v -x_3) ^ (-x_1 v x_7) ^ (x_12 v x_2) ^ (x_9 v -x_10 v x_8) ^ (x_1 v -x_7 v x_13) ^ (x_12 v x_10 v -x_8) ^ (x_11 v x_6 v -x_9) ^ (-x_1 v -x_4 v x_3) ^ (x_3 v -x_5 v x_10) ^ (x_0 v -x_12 v x_2) ^ (-x_4 v -x_13 v -x_3) ^ (-x_7 v -x_10 v x_4) ^ (-x_11 v x_9 v -x_3) ^ (x_1 v x_7 v -x_3) ^ (-x_7 v -x_2 v -x_3) ^ (x_1 v x_9 v x_10) ^ (-x_1 v x_6 v x_2) ^ (-x_10 v x_8) ^ (x_3 v x_1 v -x_0) ^ (-x_1 v -x_2 v -x_0) ^ (x_0 v x_12 v -x_13) ^ (x_11 v x_4 v -x_3) ^ (-x_9 v x_7 v -x_11) ^ (x_0 v x_7) ^ (x_3 v -x_1 v x_8) ^ (x_1 v x_5 v x_8) ^ (x_11 v -x_12 v -x_6) ^ (x_0 v x_6 v x_5) ^ (x_4 v x_2 v -x_6) ^ (x_10 v x_13 v -x_11) ^ (x_1 v -x_12 v -x_11) ^ (-x_0 v -x_4 v -x_11) ^ (-x_1 v -x_5) ^ (-x_2 v x_13 v -x_0)]
14,36,128,0.6118640899658203,13.621465682983398,[(x_12 v -x_7 v x_8) ^ (x_4 v x_13) ^ (-x_9 v -x_13 v -x_0) ^ (x_11 v -x_7 v -x_10) ^ (-x_1 v -x_4 v -x_13) ^ (-x_12 v -x_9 v -x_6) ^ (x_1 v -x_2 v x_7) ^ (-x_5 v x_4) ^ (x_0 v -x_7 v -x_3) ^ (-x_0 v -x_2 v x_4) ^ (-x_12 v x_7 v -x_8) ^ (x_0 v -x_5 v x_2) ^ (x_2 v x_13 v x_8) ^ (x_6 v -x_13 v -x_0) ^ (-x_1 v x_5 v -x_8) ^ (x_3 v x_10 v -x_13) ^ (x_11 v x_13 v -x_0) ^ (-x_4 v x_12 v -x_3) ^ (-x_0 v x_4 v -x_11) ^ (x_7 v x_2 v x_8) ^ (x_0 v -x_2 v x_11) ^ (x_2 v x_4 v -x_13) ^ (-x_2 v -x_4 v -x_5) ^ (x_6 v -x_12 v -x_10) ^ (-x_4 v x_2 v -x_11) ^ (x_12 v -x_8 v -x_11) ^ (-x_1 v -x_9) ^ (-x_10 v -x_2 v -x_13) ^ (x_12 v x_4 v -x_10) ^ (x_0 v -x_12 v -x_5) ^ (x_3 v -x_4) ^ (-x_7 v -x_2 v x_4) ^ (x_9 v x_4 v -x_7) ^ (x_0 v -x_4 v x_2) ^ (-x_10 v -x_3 v -x_6) ^ (-x_1 v x_6 v -x_0)]
14,27,1,0.11052203178405762,1.1123332977294922,[(x_1 v -x_4 v -x_0) ^ (x_6 v x_9 v -x_11) ^ (x_0 v -x_10 v -x_7) ^ (-x_2) ^ (-x_2 v x_10 v x_0) ^ (-x_4 v x_9 v x_10) ^ (x_9 v -x_4 v x_13) ^ (x_7 v x_13 v x_4) ^ (-x_6 v -x_8 v -x_3) ^ (-x_5 v x_2 v x_4) ^ (x_11 v -x_5 v x_10) ^ (-x_1 v -x_13 v x_8) ^ (-x_2 v x_1 v -x_5) ^ (-x_10 v -x_8 v -x_3) ^ (x_3 v x_12 v -x_8) ^ (x_9 v -x_5 v -x_8) ^ (-x_2 v x_7 v -x_8) ^ (x_11 v x_2 v -x_3) ^ (x_3 v x_6 v x_5) ^ (-x_1 v -x_9 v x_10) ^ (x_5 v x_13 v -x_8) ^ (x_3 v -x_2 v x_4) ^ (-x_7 v -x_2 v x_5) ^ (-x_1 v x_9 v -x_13) ^ (x_11 v x_13 v -x_6) ^ (-x_2 v -x_13 v -x_3) ^ (x_3 v -x_4 v x_13)]
14,26,128,0.3806281089782715,9.892534255981445,[(x_0 v x_4) ^ (x_9 v x_12 v -x_0) ^ (x_8 v -x_6) ^ (x_10 v -x_2 v x_7) ^ (x_12 v x_5 v -x_8) ^ (x_7 v x_13 v x_4) ^ (x_10 v -x_8) ^ (-x_9 v x_13 v x_8) ^ (-x_1 v -x_7 v x_4) ^ (x_6 v -x_2) ^ (-x_2 v -x_3 v -x_0) ^ (x_11 v -x_10 v -x_0) ^ (-x_1 v x_4 v x_2) ^ (x_12 v -x_13 v -x_7) ^ (-x_9 v -x_4 v -x_10) ^ (x_3 v x_9 v -x_0) ^ (-x_1 v -x_9 v x_2) ^ (-x_13 v x_2 v -x_11) ^ (x_11 v -x_9 v x_4) ^ (-x_5 v x_2 v -x_0) ^ (-x_1 v -x_12 v -x_7) ^ (-x_9 v x_7 v x_2) ^ (x_3 v x_6 v x_0) ^ (-x_1 v x_6 v -x_11) ^ (-x_4 v -x_8 v -x_11) ^ (-x_13 v x_2)]
14,15,1,0.06556320190429688,1.060450553894043,[(-x_12 v x_7 v x_13) ^ (x_7 v x_13 v -x_11) ^ (x_0 v -x_9 v x_2) ^ (x_7 v x_2 v -x_0) ^ (-x_10 v x_7 v x_2) ^ (x_9 v x_4 v x_13) ^ (-x_7 v -x_2 v x_5) ^ (-x_4 v x_2 v -x_11) ^ (-x_4 v -x_6) ^ (x_4 v -x_6) ^ (-x_11 v -x_3 v -x_0) ^ (x_3 v x_12 v -x_2) ^ (-x_5 v -x_13 v -x_8) ^ (-x_1 v -x_10) ^ (x_10 v -x_3 v x_8)]
14,28,128,0.5095341205596924,11.854268074035645,[(x_3 v -x_4 v x_2) ^ (-x_2 v x_10 v x_7) ^ (-x_2 v x_9 v -x_10) ^ (-x_1 v -x_12 v -x_8) ^ (x_8 v x_9 v -x_3) ^ (-x_1 v x_4 v -x_2) ^ (-x_10 v x_7 v x_5) ^ (-x_9 v x_7) ^ (x_11 v -x_4 v x_5) ^ (x_3 v x_12 v x_5) ^ (x_11 v x_12 v -x_6) ^ (x_0 v -x_2 v x_13) ^ (-x_4 v -x_7 v x_8) ^ (x_0 v x_6 v -x_9) ^ (x_1 v -x_8 v -x_3) ^ (x_6 v x_13 v -x_11) ^ (x_0 v x_12 v x_5) ^ (x_12 v x_4 v x_7) ^ (-x_1 v x_6 v x_9) ^ (x_9 v x_10 v -x_7) ^ (x_0 v x_6 v -x_10) ^ (x_12 v x_9 v x_10) ^ (x_5 v -x_4 v -x_13) ^ (-x_10 v x_4 v x_8) ^ (-x_10 v -x_5 v x_4) ^ (-x_10 v -x_2) ^ (x_6 v -x_10 v x_5) ^ (x_0 v x_4 v -x_13)]
14,24,1,0.07280850410461426,1.0830564498901367,[(-x_4 v x_5 v -x_11) ^ (x_3 v x_9 v x_8) ^ (x_9 v x_7) ^ (-x_1 v -x_13 v x_5) ^ (-x_2 v -x_8 v x_4) ^ (-x_12 v -x_10 v -x_13) ^ (-x_4 v x_9 v x_5) ^ (-x_7 v -x_5 v -x_10) ^ (-x_5 v x_4) ^ (x_0 v x_9 v -x_2) ^ (x_0 v -x_2 v -x_13) ^ (x_6 v -x_10 v x_7) ^ (-x_12 v x_7) ^ (-x_9 v -x_3 v x_8) ^ (x_10 v x_8) ^ (-x_1 v x_10 v -x_0) ^ (-x_1 v -x_9 v -x_4) ^ (x_0 v -x_12 v x_7) ^ (x_6 v x_10) ^ (-x_12 v x_1 v -x_7) ^ (x_1 v -x_8 v -x_0) ^ (-x_1 v -x_9 v -x_0) ^ (-x_10 v x_2) ^ (-x_9 v -x_2 v x_13)]
14,31,128,0.5465881824493408,11.80848503112793,[(-x_2 v x_13 v -x_6) ^ (x_9 v -x_10 v -x_7) ^ (x_12 v x_10 v x_7) ^ (x_0 v x_9 v -x_13) ^ (-x_1 v x_10 v x_5) ^ (-x_1 v x_12) ^ (x_10 v -x_8 v -x_11) ^ (x_3 v -x_2 v x_13) ^ (x_6 v x_10 v x_2) ^ (-x_7 v -x_6 v -x_3) ^ (-x_10 v -x_13 v x_8) ^ (-x_5 v -x_6) ^ (x_11 v x_10 v -x_6) ^ (-x_9 v -x_7 v x_10) ^ (x_11 v -x_9 v x_1) ^ (-x_4 v -x_3) ^ (x_2 v -x_8 v -x_6) ^ (-x_3 v x_8) ^ (x_10 v -x_5 v -x_0) ^ (-x_6 v x_10 v x_4) ^ (-x_7 v -x_13 v -x_8) ^ (x_11 v x_7 v x_8) ^ (x_6 v x_9 v -x_5) ^ (-x_9 v -x_10 v -x_8) ^ (x_9 v x_12 v -x_3) ^ (x_11 v -x_9 v -x_7) ^ (x_5 v -x_3 v -x_11) ^ (-x_12 v -x_10 v -x_0) ^ (x_1 v -x_10 v -x_11) ^ (-x_7 v -x_10 v x_13) ^ (-x_12 v -x_6 v x_8)]
14,37,1,0.14464592933654785,1.1357603073120117,[(x_0 v x_6 v x_13) ^ (-x_4 v -x_8 v -x_6) ^ (x_9 v x_2 v -x_11) ^ (x_3 v x_0 v -x_11) ^ (x_11 v -x_7 v -x_3) ^ (x_3 v x_12 v -x_7) ^ (x_3 v x_4 v x_0) ^ (x_11 v -x_9 v x_3) ^ (-x_10 v x_4) ^ (x_0 v -x_9 v -x_7) ^ (x_9 v x_8) ^ (-x_2 v x_10 v x_7) ^ (x_11 v x_9 v -x_6) ^ (x_4 v -x_3) ^ (-x_12 v -x_7 v -x_2) ^ (x_7 v x_5 v -x_6) ^ (-x_5 v x_13 v -x_0) ^ (x_6 v -x_2 v -x_0) ^ (x_3 v -x_7 v -x_10) ^ (-x_1 v -x_12 v -x_8) ^ (x_11 v -x_7 v x_4) ^ (x_9 v x_7 v -x_8) ^ (x_3 v x_6 v x_1) ^ (x_0 v x_6 v x_7) ^ (x_12 v x_9 v -x_7) ^ (x_1 v -x_6 v -x_0) ^ (x_1 v x_10 v -x_11) ^ (-x_11 v -x_3 v x_8) ^ (-x_9 v -x_4 v x_10) ^ (x_0 v x_5) ^ (-x_1 v x_12 v -x_13) ^ (x_10 v -x_3 v x_4) ^ (x_9 v x_2 v x_5) ^ (x_6 v x_5 v -x_11) ^ (x_9 v x_10 v x_2) ^ (-x_5 v -x_13) ^ (-x_4 v x_10 v -x_8)]
14,42,128,0.8044507503509521,15.872382164001465,[(-x_9 v -x_6) ^ (x_9 v x_2 v -x_11) ^ (x_0 v -x_4 v x_2) ^ (x_0 v -x_6) ^ (-x_11 v -x_5 v -x_0) ^ (x_3 v x_13 v x_8) ^ (-x_9 v -x_7 v x_5) ^ (-x_4 v x_9 v x_5) ^ (x_0 v x_2 v x_11) ^ (x_3 v x_7 v x_2) ^ (-x_9 v x_1 v -x_7) ^ (-x_2 v x_9 v x_10) ^ (-x_10 v -x_6 v x_8) ^ (x_6 v x_1 v -x_7) ^ (-x_6 v -x_3 v x_8) ^ (-x_9 v x_12 v -x_6) ^ (-x_2 v x_7 v -x_0) ^ (x_5 v -x_3) ^ (-x_1 v -x_13 v x_8) ^ (x_3 v x_13 v -x_0) ^ (-x_9 v -x_5 v -x_13) ^ (-x_11 v -x_10 v -x_6) ^ (x_11 v x_6 v x_10) ^ (x_1 v -x_10 v x_5) ^ (x_0 v -x_13 v x_11) ^ (x_9 v -x_5 v -x_8) ^ (x_12 v -x_5 v -x_10) ^ (-x_10 v x_5 v x_8) ^ (-x_12 v -x_7 v -x_3) ^ (-x_5 v x_2 v -x_0) ^ (-x_9 v x_4) ^ (-x_12 v -x_13) ^ (x_2 v -x_3) ^ (-x_12 v x_4 v -x_6) ^ (-x_1 v x_2 v x_13) ^ (x_11 v -x_10 v -x_2) ^ (-x_9 v -x_4 v -x_13) ^ (x_8 v x_5 v -x_3) ^ (-x_10 v x_2) ^ (x_11 v x_7 v x_4) ^ (x_3 v -x_4 v -x_8) ^ (x_1 v x_4 v -x_3)]
14,29,1,0.09028291702270508,1.109602928161621,[(-x_9 v x_4 v -x_5) ^ (x_6 v -x_7) ^ (-x_10 v -x_5) ^ (x_11 v -x_10 v -x_3) ^ (x_9 v x_8) ^ (-x_5 v -x_13 v x_7) ^ (-x_9 v -x_7 v x_5) ^ (x_11 v x_6 v x_7) ^ (x_7 v x_5 v -x_6) ^ (-x_1 v -x_8 v -x_6) ^ (-x_5 v -x_2 v -x_13) ^ (-x_2 v -x_3 v -x_0) ^ (-x_1 v -x_7 v x_0) ^ (x_11 v x_12 v -x_0) ^ (x_3 v -x_7 v -x_2) ^ (x_0 v x_1 v -x_4) ^ (x_11 v -x_7 v x_0) ^ (x_0 v -x_5 v x_4) ^ (x_3 v x_8 v -x_0) ^ (x_1 v x_5 v -x_11) ^ (-x_10 v -x_13) ^ (x_11 v x_6 v x_5) ^ (-x_12 v -x_4 v x_2) ^ (x_10 v x_5 v x_8) ^ (x_12 v x_2 v -x_6) ^ (-x_12 v x_1 v -x_11) ^ (-x_1 v -x_0) ^ (x_4 v x_5 v -x_6) ^ (x_7 v x_5 v x_13)]
14,23,128,0.37572240829467773,8.252639770507812,[(x_3 v -x_12) ^ (-x_1 v -x_9 v -x_11) ^ (-x_12 v x_13 v -x_3) ^ (-x_12 v x_9 v -x_0) ^ (-x_10 v x_7 v -x_11) ^ (-x_11 v -x_2 v -x_6) ^ (x_0 v -x_7 v -x_2) ^ (-x_13 v -x_6) ^ (x_1 v -x_10 v -x_3) ^ (x_7 v x_2 v -x_8) ^ (-x_2 v -x_13 v -x_11) ^ (x_1 v x_4 v -x_11) ^ (-x_2 v x_5 v -x_8) ^ (-x_11 v x_2 v -x_3) ^ (x_7 v x_13) ^ (-x_5 v -x_3) ^ (x_11 v -x_3 v x_8) ^ (x_12 v -x_8 v -x_11) ^ (-x_9 v x_1 v -x_11) ^ (x_12 v -x_3 v -x_11) ^ (-x_2 v x_5 v -x_11) ^ (x_4 v x_13 v -x_0) ^ (x_9 v x_5)]
14,27,1,0.08117055892944336,1.0979347229003906,[(x_11 v x_12 v x_5) ^ (x_6 v -x_7 v x_8) ^ (-x_9 v -x_7 v -x_11) ^ (-x_1 v x_6 v -x_13) ^ (x_10 v x_1 v -x_2) ^ (-x_5 v x_2 v -x_3) ^ (-x_9 v x_4 v x_5) ^ (x_1 v x_9 v -x_2) ^ (x_0 v -x_7 v x_8) ^ (x_6 v x_12 v x_5) ^ (-x_1 v x_8) ^ (x_1 v x_9 v -x_10) ^ (x_10 v -x_3) ^ (x_6 v x_10) ^ (x_3 v -x_5 v -x_2) ^ (x_3 v x_5 v x_13) ^ (-x_5 v x_13 v -x_8) ^ (x_9 v x_5 v -x_7) ^ (x_5 v x_1 v -x_13) ^ (-x_5 v -x_3) ^ (x_3 v x_1 v x_4) ^ (-x_1 v -x_10) ^ (x_9 v -x_13 v x_8) ^ (x_3 v -x_2 v x_11) ^ (x_3 v -x_4) ^ (-x_9 v -x_10) ^ (-x_7 v x_10 v x_8)]
14,24,128,0.4661228656768799,9.60698127746582,[(x_1 v x_2 v x_8) ^ (-x_9 v -x_5) ^ (x_0 v -x_1 v -x_9) ^ (x_9 v x_4 v x_2) ^ (x_3 v x_6 v -x_1) ^ (-x_1 v -x_0 v -x_11) ^ (x_0 v -x_9 v x_10) ^ (x_6 v -x_8 v -x_3) ^ (x_3 v x_9 v -x_0) ^ (-x_5 v -x_13 v -x_3) ^ (x_6 v x_1 v x_13) ^ (-x_13 v x_2 v -x_11) ^ (-x_10 v -x_3) ^ (-x_1 v -x_4 v x_9) ^ (-x_7 v -x_8 v -x_3) ^ (x_1 v x_10 v -x_8) ^ (x_0 v x_7) ^ (x_12 v -x_6 v -x_11) ^ (-x_1 v x_9 v x_8) ^ (x_9 v x_12 v x_10) ^ (-x_9 v -x_7 v -x_2) ^ (-x_12 v x_1 v x_4) ^ (x_3 v x_7 v x_5) ^ (-x_10 v x_13 v x_8)]
14,26,1,0.0767977237701416,1.0999689102172852,[(x_1 v -x_4 v -x_0) ^ (x_11 v -x_5 v -x_2) ^ (x_3 v -x_13 v x_0) ^ (x_3 v x_7 v -x_13) ^ (x_10 v x_13 v x_8) ^ (x_10 v -x_8 v -x_11) ^ (-x_9 v -x_4 v -x_2) ^ (x_3 v -x_10 v -x_2) ^ (x_3 v -x_1 v -x_7) ^ (x_11 v -x_13 v x_3) ^ (-x_1 v -x_2 v -x_6) ^ (x_0 v x_10 v -x_6) ^ (x_0 v x_13 v x_11) ^ (x_11 v -x_7 v x_4) ^ (x_3 v x_6 v x_2) ^ (-x_9 v -x_4 v -x_5) ^ (x_9 v -x_4) ^ (-x_12 v x_9 v -x_10) ^ (x_1 v -x_8 v -x_6) ^ (-x_9 v -x_10 v -x_11) ^ (-x_12 v -x_9 v x_5) ^ (-x_0 v -x_12 v -x_3) ^ (x_4 v -x_13 v x_8) ^ (-x_6 v x_7 v x_8) ^ (-x_13 v -x_12 v x_2) ^ (-x_10 v x_13)]
14,22,128,0.4542238712310791,9.167084693908691,[(-x_12 v x_7 v -x_0) ^ (x_12 v x_7) ^ (x_11 v x_2 v x_13) ^ (x_0 v -x_2 v -x_13) ^ (x_3 v -x_9 v -x_8) ^ (-x_4 v x_2) ^ (x_11 v x_9 v x_0) ^ (-x_2 v x_6 v -x_5) ^ (x_10 v x_5 v x_4) ^ (x_9 v -x_10 v -x_13) ^ (x_3 v -x_5 v x_7) ^ (x_3 v x_1 v -x_6) ^ (-x_7 v x_10 v x_13) ^ (x_11 v x_6 v x_5) ^ (x_1 v x_13 v -x_3) ^ (-x_12 v x_9 v x_4) ^ (x_6 v -x_13 v -x_3) ^ (x_12 v -x_5 v -x_6) ^ (-x_10 v -x_2 v -x_7) ^ (x_3 v -x_4 v -x_6) ^ (x_0 v -x_4 v -x_8) ^ (x_3 v x_7 v -x_6)]
14,25,1,0.0787649154663086,1.0977964401245117,[(-x_4 v x_5 v x_13) ^ (x_0 v x_12 v x_4) ^ (x_10 v x_7 v -x_8) ^ (x_0 v -x_12 v -x_2) ^ (x_11 v -x_7 v x_4) ^ (x_2 v -x_11) ^ (x_3 v x_6 v x_2) ^ (x_0 v -x_12 v x_9) ^ (x_3 v -x_4 v -x_0) ^ (x_1 v x_2) ^ (x_6 v -x_10 v -x_2) ^ (-x_12 v -x_3) ^ (x_0 v x_6 v x_9) ^ (x_2 v -x_0) ^ (-x_12 v x_4 v x_8) ^ (x_3 v -x_12 v x_2) ^ (x_11 v x_10 v x_7) ^ (x_3 v x_2 v x_0) ^ (x_11 v -x_10) ^ (x_0 v x_7 v -x_8) ^ (x_3 v x_12 v x_10) ^ (x_1 v x_7) ^ (x_3 v x_10 v x_4) ^ (x_11 v x_7) ^ (x_11 v x_10 v x_5)]
14,18,128,0.3737151622772217,7.511848449707031,[(-x_7 v -x_2 v -x_3) ^ (-x_10 v x_7 v x_5) ^ (x_7 v -x_3 v x_8) ^ (x_11 v x_6 v -x_4) ^ (x_2 v -x_3 v -x_11) ^ (-x_12 v -x_4 v -x_0) ^ (-x_12 v x_10 v x_4) ^ (x_1 v -x_7 v -x_11) ^ (x_0 v -x_12 v x_9) ^ (-x_5 v x_7 v -x_11) ^ (-x_12 v x_9 v -x_6) ^ (x_6 v -x_4 v -x_8) ^ (x_3 v x_8 v -x_11) ^ (x_6 v -x_5) ^ (x_10 v x_13 v -x_8) ^ (x_3 v x_1 v x_10) ^ (x_7 v x_13 v x_4) ^ (-x_12 v x_2 v -x_11)]
14,16,1,0.06966066360473633,1.0712804794311523,[(x_10 v -x_2 v -x_3) ^ (-x_5 v x_7 v -x_3) ^ (-x_0 v -x_3) ^ (-x_10 v x_5 v -x_8) ^ (x_6 v x_1 v -x_7) ^ (x_0 v -x_8 v -x_11) ^ (x_9 v x_2 v -x_3) ^ (x_3 v x_6 v x_1) ^ (x_7 v -x_13 v -x_0) ^ (x_3 v -x_4 v -x_0) ^ (x_8 v x_12 v -x_6) ^ (x_3 v -x_8) ^ (x_9 v -x_10 v -x_11) ^ (x_3 v x_1 v x_10) ^ (x_0 v x_12 v -x_11) ^ (x_11 v -x_2 v x_5)]
14,19,128,0.3359546661376953,7.11856746673584,[(x_3 v -x_1 v -x_6) ^ (x_10 v -x_2 v -x_8) ^ (x_11 v -x_10 v x_3) ^ (x_1 v x_12 v x_5) ^ (-x_4 v -x_2) ^ (x_3 v -x_2 v x_5) ^ (-x_1 v x_2 v -x_0) ^ (x_9 v x_10 v x_4) ^ (x_12 v x_5 v -x_6) ^ (-x_4 v -x_7 v -x_3) ^ (-x_6 v x_5 v -x_11) ^ (-x_4 v -x_11) ^ (x_9 v -x_5) ^ (x_1 v x_12 v -x_3) ^ (x_11 v -x_5 v -x_13) ^ (-x_9 v x_5 v -x_0) ^ (-x_10 v -x_3 v -x_6) ^ (x_6 v -x_11) ^ (-x_4 v x_7 v -x_8)]
14,36,1,0.16573286056518555,1.13507080078125,[(-x_9 v x_5 v -x_6) ^ (-x_0 v x_9 v -x_6) ^ (x_3 v x_6 v -x_13) ^ (x_9 v -x_5 v x_7) ^ (-x_4 v x_13 v -x_3) ^ (-x_7 v x_10 v x_4) ^ (x_11 v -x_1 v -x_12) ^ (x_0 v x_1 v -x_11) ^ (-x_0 v x_2 v -x_6) ^ (x_11 v -x_13 v x_3) ^ (-x_2 v x_7 v -x_11) ^ (-x_9 v -x_2 v -x_11) ^ (x_9 v x_5 v -x_8) ^ (x_11 v x_9 v x_4) ^ (-x_6 v -x_13 v -x_0) ^ (x_1 v x_7 v x_5) ^ (x_6 v x_1 v x_4) ^ (x_10 v -x_13 v -x_8) ^ (x_6 v -x_10 v -x_0) ^ (x_12 v x_2 v -x_0) ^ (x_11 v -x_8 v -x_6) ^ (-x_12 v -x_5 v -x_3) ^ (x_6 v -x_10 v -x_2) ^ (x_7 v x_2 v x_13) ^ (x_3 v -x_7 v x_11) ^ (x_1 v x_7 v -x_3) ^ (x_6 v x_9 v -x_3) ^ (-x_2 v -x_4 v -x_5) ^ (x_0 v x_12) ^ (-x_2 v x_5) ^ (x_9 v x_10 v x_2) ^ (x_3 v -x_2 v x_11) ^ (-x_0 v x_7 v x_8) ^ (-x_11 v -x_2 v x_8) ^ (x_9 v -x_7) ^ (-x_11 v x_9 v x_8)]
14,40,128,0.7676999568939209,16.318730354309082,[(-x_10 v -x_13 v -x_11) ^ (x_6 v x_9 v -x_11) ^ (x_11 v x_6 v -x_8) ^ (x_3 v -x_1 v -x_12) ^ (x_0 v -x_6) ^ (x_11 v x_9 v -x_10) ^ (x_1 v -x_4 v x_7) ^ (-x_1 v -x_7 v x_2) ^ (x_4 v -x_3 v -x_6) ^ (x_0 v -x_9 v -x_10) ^ (x_4 v x_8) ^ (x_3 v -x_13 v -x_11) ^ (x_1 v -x_4 v -x_13) ^ (-x_7 v x_13 v x_8) ^ (x_12 v -x_13 v -x_7) ^ (x_11 v -x_12 v x_5) ^ (-x_7 v -x_5 v x_4) ^ (x_3 v -x_7 v x_11) ^ (-x_1 v x_10 v x_11) ^ (-x_7 v x_10) ^ (-x_9 v -x_13 v x_8) ^ (x_0 v x_12 v x_5) ^ (x_11 v x_1 v x_9) ^ (x_13 v -x_2 v x_7) ^ (x_11 v x_9 v -x_3) ^ (x_12 v x_2 v x_13) ^ (x_11 v x_6 v -x_12) ^ (x_0 v -x_9 v -x_8) ^ (-x_12 v -x_13) ^ (x_3 v -x_1 v -x_10) ^ (x_0 v x_12 v -x_13) ^ (x_9 v x_12 v x_7) ^ (x_0 v x_6 v x_5) ^ (x_5 v -x_8 v -x_6) ^ (x_3 v -x_4 v -x_6) ^ (x_6 v -x_9 v x_2) ^ (x_0 v -x_11 v x_8) ^ (x_0 v -x_5 v -x_11) ^ (x_3 v x_7 v x_5) ^ (-x_1 v x_10 v x_3)]
14,40,1,0.1724839210510254,1.1348505020141602,[(x_11 v -x_5 v -x_2) ^ (-x_1 v x_9 v x_13) ^ (-x_1 v -x_2 v -x_8) ^ (x_11 v x_12 v x_5) ^ (x_13 v -x_6) ^ (-x_12 v -x_10 v -x_13) ^ (x_11 v x_12 v x_10) ^ (-x_9 v x_4 v -x_8) ^ (-x_1 v -x_2 v x_11) ^ (x_4 v -x_13 v -x_0) ^ (-x_4 v x_5 v -x_7) ^ (x_1 v -x_10 v x_7) ^ (x_0 v -x_4 v -x_13) ^ (-x_9 v -x_6 v -x_0) ^ (x_3 v -x_7 v x_5) ^ (-x_4 v -x_10 v -x_3) ^ (-x_1 v x_4 v -x_11) ^ (-x_1 v x_7 v -x_3) ^ (x_11 v -x_12 v -x_7) ^ (x_11 v -x_2 v -x_13) ^ (-x_12 v -x_9 v -x_0) ^ (-x_1 v x_9 v -x_0) ^ (x_12 v -x_10 v -x_3) ^ (x_9 v -x_5 v -x_6) ^ (x_6 v -x_10 v x_2) ^ (x_3 v -x_9 v -x_4) ^ (x_9 v x_12 v x_2) ^ (x_3 v -x_9) ^ (-x_2 v x_4) ^ (x_0 v -x_4 v -x_7) ^ (-x_4 v x_7 v -x_0) ^ (-x_1 v x_10 v -x_3) ^ (x_4 v x_2 v -x_6) ^ (x_6 v -x_5 v -x_0) ^ (x_7 v -x_13 v x_8) ^ (-x_4 v x_2 v -x_7) ^ (x_5 v x_2 v -x_6) ^ (-x_1 v x_12 v -x_8) ^ (x_3 v x_7 v x_5) ^ (-x_9 v -x_12)]
14,40,128,0.7199594974517822,15.906864166259766,[(-x_2 v x_7 v -x_6) ^ (x_3 v -x_9 v x_12) ^ (x_3 v -x_10 v x_13) ^ (-x_2 v -x_5 v -x_3) ^ (x_6 v x_8 v -x_3) ^ (-x_12 v -x_4 v -x_13) ^ (x_3 v -x_4 v x_7) ^ (x_11 v x_9 v -x_6) ^ (x_4 v x_2) ^ (-x_10 v -x_13 v x_8) ^ (x_1 v -x_12 v x_2) ^ (-x_9 v x_12 v -x_11) ^ (x_9 v -x_4 v -x_2) ^ (x_11 v x_5 v -x_3) ^ (-x_1 v -x_12 v -x_0) ^ (x_3 v x_12 v x_5) ^ (x_0 v -x_7 v -x_3) ^ (x_3 v x_6 v -x_11) ^ (x_0 v -x_13 v -x_6) ^ (x_6 v x_13 v x_8) ^ (x_6 v -x_11 v -x_0) ^ (x_12 v -x_13) ^ (-x_0 v x_4 v -x_11) ^ (x_12 v x_9 v x_7) ^ (-x_1 v -x_4) ^ (x_3 v -x_9 v -x_4) ^ (-x_1 v x_4 v -x_8) ^ (-x_13 v -x_4 v x_2) ^ (-x_9 v x_2 v x_8) ^ (-x_10 v x_4 v x_8) ^ (x_6 v x_10 v -x_11) ^ (x_3 v x_6 v x_12) ^ (x_12 v x_10 v -x_7) ^ (x_6 v x_9 v -x_0) ^ (-x_5 v -x_13) ^ (x_11 v -x_9 v x_5) ^ (-x_1 v x_6 v -x_11) ^ (x_0 v -x_12 v x_5) ^ (-x_9 v x_12 v x_5) ^ (x_8 v -x_7 v -x_6)]
14,22,1,0.09218788146972656,1.092249870300293,[(-x_12 v x_10 v x_13) ^ (x_9 v x_4 v x_2) ^ (-x_4 v -x_2 v -x_0) ^ (-x_12 v -x_10 v -x_7) ^ (-x_1 v -x_9 v -x_13) ^ (x_1 v -x_6) ^ (x_3 v -x_6 v x_0) ^ (x_6 v x_4 v -x_13) ^ (x_12 v x_9 v -x_7) ^ (x_11 v x_1 v -x_4) ^ (-x_1 v x_0 v x_8) ^ (-x_12 v x_4 v x_2) ^ (-x_9 v -x_10 v x_4) ^ (-x_12 v x_4 v x_8) ^ (-x_1 v -x_9 v x_10) ^ (x_9 v -x_13 v x_8) ^ (-x_1 v -x_12 v -x_7) ^ (x_6 v -x_3 v -x_0) ^ (x_1 v -x_9 v x_10) ^ (x_8 v -x_2 v -x_11) ^ (x_3 v x_13 v -x_6) ^ (-x_10 v -x_5 v x_8)]
14,29,128,0.4607257843017578,11.334609031677246,[(x_3 v -x_13 v x_0) ^ (x_10 v x_2 v -x_0) ^ (x_1 v x_9 v -x_6) ^ (-x_10 v x_4) ^ (x_3 v x_6 v -x_2) ^ (-x_7 v -x_5 v -x_3) ^ (x_0 v -x_7 v -x_2) ^ (x_6 v x_12 v -x_0) ^ (-x_12 v x_7 v -x_3) ^ (x_10 v x_7 v x_4) ^ (x_3 v x_4 v -x_13) ^ (x_4 v -x_13 v x_8) ^ (x_1 v -x_11) ^ (-x_1 v x_4 v x_5) ^ (x_9 v x_4 v -x_6) ^ (-x_7 v x_10 v -x_6) ^ (-x_9 v -x_6 v x_8) ^ (x_1 v -x_8 v -x_0) ^ (x_1 v -x_0) ^ (x_0 v x_10 v x_4) ^ (x_4 v x_2 v -x_6) ^ (x_11 v x_10) ^ (-x_5 v -x_13) ^ (-x_12 v x_1 v -x_11) ^ (x_12 v x_10 v -x_11) ^ (-x_7 v -x_2 v -x_6) ^ (x_11 v -x_4 v x_7) ^ (x_0 v -x_1 v -x_4) ^ (-x_1 v -x_12 v x_13)]
14,25,1,0.09927701950073242,1.1089305877685547,[(-x_12 v -x_2 v x_4) ^ (x_6 v -x_10 v -x_11) ^ (-x_4 v -x_3 v -x_11) ^ (-x_11 v x_5 v -x_6) ^ (-x_3 v x_13 v -x_0) ^ (-x_1 v x_7 v -x_3) ^ (x_1 v x_12 v -x_11) ^ (x_11 v -x_9) ^ (x_7 v x_13 v x_8) ^ (x_6 v -x_5 v -x_3) ^ (x_11 v x_1 v x_9) ^ (-x_2 v x_6 v -x_5) ^ (x_7 v x_2 v x_8) ^ (x_6 v x_9 v -x_5) ^ (x_3 v x_10 v x_8) ^ (-x_12 v x_13 v x_8) ^ (-x_0 v x_2 v x_8) ^ (x_1 v x_12) ^ (-x_11 v -x_6 v -x_0) ^ (x_9 v -x_2 v -x_7) ^ (x_9 v -x_5 v -x_11) ^ (-x_4 v x_10 v -x_13) ^ (x_10 v x_12 v -x_5) ^ (-x_2 v -x_5 v x_8) ^ (x_0 v -x_5 v -x_11)]
14,18,128,0.3696732521057129,7.518983840942383,[(x_11 v -x_1 v -x_13) ^ (-x_10 v x_2 v x_5) ^ (-x_1 v x_10) ^ (x_12 v -x_5 v -x_7) ^ (x_3 v -x_7 v -x_11) ^ (-x_4 v -x_5 v x_2) ^ (x_9 v -x_7 v x_13) ^ (x_1 v x_13 v -x_11) ^ (x_9 v x_10 v -x_13) ^ (x_3 v -x_5) ^ (-x_2 v x_10 v -x_6) ^ (x_3 v -x_10 v x_5) ^ (-x_4 v x_12 v x_3) ^ (-x_9 v -x_2 v x_8) ^ (x_3 v x_1 v x_4) ^ (x_3 v x_9 v -x_5) ^ (-x_0 v x_13 v -x_11) ^ (x_11 v x_6 v x_13)]
14,27,1,0.12470173835754395,1.1084833145141602,[(x_5 v -x_3 v -x_6) ^ (x_6 v x_12 v -x_2) ^ (x_9 v -x_7 v x_13) ^ (x_12 v -x_9 v -x_4) ^ (x_1 v x_10 v -x_13) ^ (x_3 v -x_5 v x_8) ^ (x_4 v x_5 v x_8) ^ (-x_7 v -x_8 v -x_11) ^ (-x_12 v x_7 v x_5) ^ (-x_6 v -x_3 v x_8) ^ (x_10 v -x_6) ^ (x_3 v -x_9 v x_8) ^ (x_8 v x_12 v -x_11) ^ (-x_1 v x_4 v -x_6) ^ (-x_1 v x_9 v -x_0) ^ (-x_12 v x_2 v x_8) ^ (-x_0 v x_4 v x_8) ^ (x_11 v -x_1 v -x_8) ^ (x_6 v -x_11 v -x_0) ^ (x_0 v x_1 v x_8) ^ (x_0 v -x_5 v x_4) ^ (x_9 v x_2 v x_13) ^ (x_2 v x_8) ^ (x_11 v x_12 v -x_5) ^ (x_7 v -x_13 v -x_11) ^ (x_6 v -x_12 v -x_4) ^ (x_8 v -x_4 v -x_11)]
14,29,128,0.46313905715942383,11.211616516113281,[(-x_10 v x_5 v -x_0) ^ (x_1 v x_9 v -x_7) ^ (x_1 v x_12 v -x_8) ^ (-x_4 v x_9 v -x_5) ^ (x_1 v x_8) ^ (x_11 v -x_6 v -x_3) ^ (x_1 v -x_12 v -x_2) ^ (x_4 v -x_8) ^ (-x_6 v -x_11) ^ (x_0 v -x_7 v x_2) ^ (x_10 v x_13 v x_4) ^ (-x_12 v x_4 v x_7) ^ (x_11 v -x_10 v x_0) ^ (x_1 v -x_10 v x_5) ^ (x_6 v -x_5 v -x_3) ^ (x_12 v x_7 v -x_3) ^ (-x_1 v -x_9 v -x_10) ^ (x_6 v -x_7 v -x_11) ^ (x_0 v -x_10 v -x_13) ^ (x_13 v -x_4 v -x_7) ^ (-x_12 v -x_7 v -x_3) ^ (x_11 v x_6 v x_12) ^ (x_9 v x_10 v -x_3) ^ (x_2 v -x_8 v -x_3) ^ (-x_1 v -x_7 v x_11) ^ (x_6 v -x_13 v -x_8) ^ (x_3 v -x_10 v -x_6) ^ (x_0 v -x_3) ^ (-x_0 v -x_5 v x_8)]
14,26,1,0.08006548881530762,1.0959882736206055,[(x_2 v x_13 v -x_0) ^ (x_6 v x_13 v -x_0) ^ (-x_4 v x_2 v x_8) ^ (-x_13 v -x_12 v x_5) ^ (-x_12 v x_13 v -x_3) ^ (x_3 v -x_12 v x_10) ^ (-x_5 v -x_11) ^ (-x_10 v -x_2 v -x_0) ^ (x_10 v -x_13 v -x_6) ^ (-x_1 v -x_6) ^ (-x_2 v -x_6) ^ (-x_6 v -x_2 v -x_11) ^ (-x_4 v x_5 v -x_3) ^ (-x_1 v -x_4) ^ (-x_9 v x_10 v x_7) ^ (x_12 v x_10 v x_2) ^ (-x_9 v -x_8 v -x_3) ^ (-x_1 v x_12 v x_13) ^ (x_11 v x_1 v x_0) ^ (x_11 v -x_10 v -x_13) ^ (x_3 v x_8 v x_0) ^ (-x_9 v x_12 v x_10) ^ (x_3 v -x_9 v -x_7) ^ (x_9 v -x_8 v -x_3) ^ (x_12 v x_5 v -x_7) ^ (x_0 v x_10)]
14,42,128,0.7449514865875244,16.568437576293945,[(x_3 v x_11) ^ (x_6 v -x_9 v -x_5) ^ (x_11 v -x_13 v -x_3) ^ (-x_10 v -x_2 v x_8) ^ (-x_1 v -x_4 v x_8) ^ (x_0 v x_2 v -x_11) ^ (x_6 v -x_7 v x_10) ^ (-x_1 v -x_9 v -x_13) ^ (x_11 v -x_2 v x_8) ^ (-x_9 v x_13 v -x_3) ^ (x_3 v -x_1 v x_0) ^ (x_6 v -x_4 v x_10) ^ (-x_1 v -x_3) ^ (x_1 v -x_10 v x_8) ^ (x_10 v x_2 v -x_3) ^ (x_12 v -x_3) ^ (x_2 v x_13 v -x_11) ^ (x_3 v -x_10 v -x_0) ^ (-x_10 v x_5 v -x_7) ^ (-x_1 v x_7 v x_3) ^ (-x_7 v x_10 v -x_13) ^ (x_1 v x_10 v -x_0) ^ (x_3 v x_4 v x_13) ^ (x_5 v x_13 v -x_11) ^ (x_10 v -x_5 v -x_13) ^ (-x_1 v x_4 v x_7) ^ (x_3 v -x_9) ^ (x_9 v -x_13 v -x_3) ^ (-x_11 v x_13 v -x_6) ^ (-x_10 v x_2 v x_8) ^ (-x_9 v x_10 v -x_5) ^ (x_12 v x_4 v -x_11) ^ (x_11 v -x_9 v x_12) ^ (x_3 v -x_2 v x_4) ^ (x_11 v x_10) ^ (x_3 v -x_4 v -x_6) ^ (x_11 v x_12 v x_9) ^ (-x_1 v -x_7 v -x_8) ^ (x_3 v -x_10 v -x_13) ^ (-x_2 v x_5 v x_4) ^ (x_3 v x_4) ^ (x_9 v x_12 v x_4)]
14,34,1,0.11734700202941895,1.1334571838378906,[(x_0 v x_9 v x_5) ^ (x_8 v x_5 v -x_11) ^ (-x_1 v -x_12 v -x_3) ^ (x_1 v x_7 v x_4) ^ (-x_2 v x_10 v -x_8) ^ (-x_1 v -x_12 v -x_10) ^ (x_6 v x_5 v -x_3) ^ (x_0 v x_6 v x_8) ^ (-x_12 v -x_10 v x_5) ^ (x_6 v x_12 v -x_5) ^ (-x_12 v -x_4 v x_13) ^ (x_11 v x_1 v -x_8) ^ (-x_4 v x_5 v x_8) ^ (x_11 v x_3 v -x_8) ^ (x_0 v x_10 v -x_8) ^ (-x_4 v x_7 v -x_6) ^ (-x_10 v x_7 v -x_13) ^ (x_11 v -x_8 v -x_6) ^ (-x_9 v -x_13 v -x_8) ^ (x_1 v -x_9 v -x_6) ^ (x_12 v x_9 v x_2) ^ (x_7 v x_4 v x_8) ^ (-x_1 v x_4 v x_5) ^ (x_0 v -x_9 v -x_8) ^ (x_7 v -x_8 v -x_6) ^ (-x_12 v -x_9 v x_1) ^ (-x_1 v x_6 v -x_5) ^ (x_0 v x_13 v -x_3) ^ (x_3 v -x_2 v x_4) ^ (x_9 v -x_7 v -x_6) ^ (-x_10 v x_13) ^ (-x_10 v -x_5 v -x_8) ^ (x_11 v x_10) ^ (-x_12 v -x_7 v x_4)]
14,34,128,0.5976054668426514,13.599008560180664,[(x_9 v x_7) ^ (x_6 v x_1) ^ (x_11 v -x_4 v x_2) ^ (x_3 v x_8) ^ (-x_10 v x_13 v -x_0) ^ (-x_9 v x_1 v -x_3) ^ (x_11 v x_12 v -x_13) ^ (x_0 v -x_13 v -x_11) ^ (x_3 v x_13 v -x_0) ^ (-x_12 v x_2 v x_13) ^ (x_11 v x_7 v x_13) ^ (x_0 v x_5) ^ (x_0 v x_5 v -x_6) ^ (x_3 v x_5 v x_13) ^ (x_1 v x_9) ^ (x_12 v x_7 v x_8) ^ (x_6 v -x_12 v x_5) ^ (x_11 v -x_5 v x_7) ^ (x_10 v x_2 v x_13) ^ (-x_12 v -x_5 v -x_11) ^ (-x_4 v x_7 v x_5) ^ (x_11 v -x_5 v -x_3) ^ (-x_1 v -x_5 v -x_8) ^ (x_6 v x_9 v -x_0) ^ (x_3 v x_9) ^ (-x_12 v -x_7 v x_8) ^ (-x_2 v -x_5 v x_7) ^ (x_6 v x_7 v x_5) ^ (x_3 v -x_4) ^ (x_10 v x_13 v -x_11) ^ (x_3 v -x_10 v -x_13) ^ (x_6 v -x_9 v x_2) ^ (x_1 v -x_11 v -x_0) ^ (-x_1 v x_12 v -x_5)]
14,33,1,0.1021885871887207,1.1252460479736328,[(-x_7 v -x_10 v -x_8) ^ (x_11 v -x_2 v -x_3) ^ (x_4 v -x_8 v -x_11) ^ (x_11 v -x_5 v x_2) ^ (x_11 v x_6 v -x_13) ^ (x_0 v -x_13 v -x_8) ^ (x_1 v -x_4 v -x_8) ^ (x_0 v -x_2 v -x_13) ^ (x_4 v -x_13 v x_7) ^ (-x_7 v x_2 v x_13) ^ (x_11 v -x_4 v x_10) ^ (x_11 v x_9 v x_10) ^ (-x_5 v x_4 v -x_6) ^ (x_0 v -x_9 v x_10) ^ (-x_12 v -x_10 v -x_8) ^ (-x_1 v -x_5 v -x_0) ^ (-x_5 v -x_8) ^ (x_10 v x_2 v -x_11) ^ (-x_1 v x_12 v -x_6) ^ (x_9 v -x_7 v -x_0) ^ (-x_5 v x_13 v -x_11) ^ (x_6 v -x_4 v -x_3) ^ (x_3 v -x_5 v x_0) ^ (-x_0 v -x_12 v -x_11) ^ (x_9 v x_10 v x_8) ^ (x_12 v -x_8 v -x_11) ^ (-x_12 v x_5) ^ (-x_6 v x_5 v x_8) ^ (x_0 v -x_13) ^ (x_0 v -x_10 v x_13) ^ (x_11 v x_12 v x_4) ^ (-x_12 v -x_9 v -x_4) ^ (x_4 v x_5 v -x_6)]
14,29,128,0.5008571147918701,11.802383422851562,[(-x_12 v -x_10 v -x_6) ^ (-x_4 v -x_5 v -x_0) ^ (x_2 v x_13 v -x_0) ^ (x_6 v x_1 v x_9) ^ (x_3 v -x_7 v x_8) ^ (-x_1 v -x_2 v x_13) ^ (-x_4 v x_13 v -x_3) ^ (x_3 v x_7 v x_13) ^ (x_12 v -x_6 v x_8) ^ (-x_5 v x_2 v -x_11) ^ (x_0 v -x_12 v x_8) ^ (x_0 v -x_2 v x_8) ^ (-x_4 v -x_2 v -x_8) ^ (-x_9 v x_12 v x_8) ^ (-x_4 v -x_5 v -x_11) ^ (x_11 v x_1 v -x_10) ^ (x_1 v -x_9 v -x_13) ^ (x_6 v -x_4) ^ (x_0 v -x_9 v -x_13) ^ (x_12 v x_7 v x_5) ^ (x_11 v x_4 v -x_6) ^ (x_7 v x_5) ^ (-x_1 v -x_13 v x_8) ^ (x_1 v x_9 v -x_5) ^ (x_4 v -x_8 v -x_3) ^ (x_12 v -x_13 v -x_3) ^ (x_6 v -x_13 v -x_3) ^ (x_3 v x_6 v x_0) ^ (x_1 v -x_10 v x_4)]
14,39,1,0.17529296875,1.1368484497070312,[(-x_2 v x_8) ^ (-x_5 v x_2 v x_8) ^ (x_1 v x_13 v -x_11) ^ (x_1 v -x_13 v -x_3) ^ (x_9 v x_10 v -x_6) ^ (x_6 v x_2 v -x_11) ^ (x_0 v -x_2 v -x_8) ^ (-x_5 v x_9 v x_10) ^ (-x_7 v -x_5 v -x_3) ^ (x_11 v x_10 v -x_6) ^ (x_0 v -x_12 v -x_4) ^ (x_6 v -x_5 v -x_13) ^ (-x_1 v -x_12 v x_5) ^ (x_6 v x_5 v -x_0) ^ (x_12 v x_7 v -x_13) ^ (x_3 v -x_13 v -x_8) ^ (-x_7 v -x_10 v x_13) ^ (-x_1 v -x_4 v -x_2) ^ (-x_12 v x_4 v -x_5) ^ (x_11 v -x_5) ^ (x_5 v x_12 v x_2) ^ (x_0 v -x_8) ^ (x_6 v x_7 v x_2) ^ (-x_4 v x_10) ^ (-x_1 v x_10 v x_2) ^ (x_3 v x_1 v -x_12) ^ (x_5 v x_13 v -x_8) ^ (x_0 v x_9 v -x_7) ^ (x_0 v x_12 v -x_8) ^ (-x_9 v -x_4 v -x_11) ^ (x_10 v -x_2 v x_3) ^ (x_8 v -x_4 v -x_3) ^ (-x_10 v -x_2 v x_13) ^ (x_11 v x_1 v x_12) ^ (x_1 v -x_7 v -x_3) ^ (x_1 v -x_4 v x_2) ^ (-x_9 v -x_10 v -x_3) ^ (x_3 v -x_4 v -x_8) ^ (-x_13 v -x_8 v -x_3)]
14,41,128,0.6872916221618652,15.637181282043457,[(x_11 v -x_4 v -x_2) ^ (x_11 v -x_12 v -x_3) ^ (x_1 v -x_4 v -x_7) ^ (x_9 v x_7 v -x_0) ^ (x_6 v -x_7 v -x_0) ^ (x_9 v x_10 v -x_6) ^ (x_0 v x_9 v x_13) ^ (-x_7 v x_13 v -x_6) ^ (x_4 v -x_3 v x_8) ^ (x_3 v x_7 v x_13) ^ (x_2 v -x_11) ^ (x_11 v x_6 v x_8) ^ (x_11 v -x_4 v -x_13) ^ (-x_7 v x_2 v x_13) ^ (-x_12 v -x_7 v -x_6) ^ (x_6 v x_9) ^ (x_1 v x_4) ^ (-x_12 v -x_3) ^ (-x_1 v x_6 v -x_9) ^ (x_10 v x_12 v -x_2) ^ (-x_2 v x_5 v -x_8) ^ (-x_9 v x_4 v -x_0) ^ (x_8 v x_7 v -x_6) ^ (-x_9 v -x_10 v -x_0) ^ (-x_6 v x_7 v x_8) ^ (-x_12 v -x_5 v -x_6) ^ (x_9 v x_2 v -x_8) ^ (x_3 v -x_1 v -x_8) ^ (x_0 v x_1) ^ (-x_13 v x_2 v -x_0) ^ (-x_12 v x_1 v -x_3) ^ (x_12 v -x_6 v -x_11) ^ (x_10 v -x_8 v -x_3) ^ (-x_1 v x_10 v x_8) ^ (-x_1 v -x_4 v x_10) ^ (-x_9 v x_5 v -x_3) ^ (x_13 v x_8) ^ (x_4 v -x_0) ^ (x_12 v x_4 v -x_0) ^ (x_6 v -x_13 v x_8) ^ (-x_2 v -x_5 v x_13)]
14,17,1,0.08058524131774902,1.0732307434082031,[(x_0 v x_1 v x_12) ^ (-x_9 v x_2 v -x_6) ^ (x_1 v x_10 v x_13) ^ (x_0 v x_1 v x_8) ^ (x_1 v x_13) ^ (x_1 v -x_7 v -x_11) ^ (x_3 v -x_4) ^ (x_0 v -x_1 v -x_10) ^ (x_10 v x_5 v -x_3) ^ (x_9 v -x_10 v -x_3) ^ (x_5 v x_2 v x_8) ^ (-x_1 v x_7 v x_5) ^ (-x_11 v -x_10 v -x_0) ^ (x_3 v -x_4 v -x_8) ^ (-x_7 v -x_8) ^ (x_2 v x_5 v -x_0) ^ (-x_7 v x_4 v -x_13)]
14,30,128,0.616844654083252,12.581001281738281,[(-x_4 v x_5 v x_13) ^ (x_6 v x_4 v x_8) ^ (x_3 v -x_5 v -x_8) ^ (x_1 v x_7 v x_4) ^ (-x_7 v x_5 v -x_6) ^ (x_5 v x_10 v x_2) ^ (x_10 v -x_2 v x_7) ^ (x_6 v x_12 v x_9) ^ (x_6 v x_12 v -x_5) ^ (-x_1 v x_13 v -x_6) ^ (x_0 v -x_3 v x_11) ^ (x_6 v x_1 v -x_5) ^ (x_4 v -x_3) ^ (x_0 v -x_10 v x_2) ^ (-x_12 v x_9 v -x_2) ^ (x_5 v x_9 v -x_13) ^ (-x_6 v x_5 v -x_0) ^ (-x_4 v -x_13 v x_8) ^ (x_4 v -x_3 v -x_11) ^ (x_6 v -x_10) ^ (-x_1 v x_10 v x_4) ^ (x_3 v -x_13 v x_8) ^ (x_0 v x_12 v -x_6) ^ (-x_2 v x_5 v -x_3) ^ (x_6 v -x_12) ^ (-x_12 v x_4 v x_5) ^ (x_8 v x_7 v -x_0) ^ (x_9 v -x_10 v -x_0) ^ (x_0 v x_7 v x_8) ^ (x_1 v x_4 v -x_3)]
14,26,1,0.10121512413024902,1.1077613830566406,[(x_3 v -x_5 v x_13) ^ (x_10 v x_5 v -x_0) ^ (-x_4 v x_5 v x_8) ^ (x_9 v -x_13 v -x_11) ^ (-x_0 v -x_8 v -x_11) ^ (x_3 v -x_9 v -x_8) ^ (-x_1 v x_9 v x_3) ^ (-x_9 v x_4 v x_8) ^ (-x_7 v -x_2 v -x_13) ^ (-x_13 v -x_3 v x_8) ^ (-x_9 v x_2 v -x_6) ^ (x_9 v x_2 v -x_0) ^ (x_0 v -x_8 v -x_11) ^ (x_7 v -x_8 v x_4) ^ (x_9 v -x_10 v -x_13) ^ (x_12 v -x_7 v -x_0) ^ (-x_4 v -x_10 v -x_0) ^ (x_7 v x_13) ^ (x_3 v -x_9 v x_4) ^ (x_12 v x_4 v x_8) ^ (-x_1 v x_5 v x_13) ^ (-x_1 v -x_4 v x_10) ^ (-x_1 v -x_12 v x_7) ^ (x_12 v -x_5 v -x_11) ^ (x_13 v x_9 v -x_7) ^ (-x_13 v x_10 v x_2)]
14,28,128,0.5354201793670654,11.576033592224121,[(-x_2 v -x_5 v -x_3) ^ (x_11 v x_7 v x_5) ^ (x_11 v -x_10 v x_7) ^ (x_11 v -x_5 v x_2) ^ (x_6 v -x_4 v -x_10) ^ (x_6 v x_10 v -x_8) ^ (-x_4 v x_12 v -x_13) ^ (-x_10 v x_5) ^ (x_0 v -x_9 v -x_5) ^ (x_0 v x_10 v -x_13) ^ (x_7 v x_5 v x_4) ^ (-x_11 v -x_7 v -x_0) ^ (-x_12 v -x_7 v -x_0) ^ (-x_9 v x_1 v x_2) ^ (x_2 v x_13 v x_8) ^ (x_12 v x_7 v -x_13) ^ (x_11 v x_12 v -x_8) ^ (x_2 v -x_13 v -x_6) ^ (-x_1 v x_3 v x_2) ^ (x_0 v -x_2 v -x_6) ^ (x_11 v x_1 v x_5) ^ (x_0 v -x_9 v x_2) ^ (x_1 v x_12 v x_13) ^ (x_0 v -x_1 v -x_7) ^ (-x_12 v x_9 v -x_6) ^ (x_12 v -x_6 v -x_0) ^ (x_3 v -x_11) ^ (x_8 v x_12 v -x_11)]
14,26,1,0.08934235572814941,1.1011323928833008,[(x_3 v x_12 v -x_0) ^ (-x_10 v x_7) ^ (x_1 v x_7 v x_4) ^ (-x_7 v -x_13 v -x_3) ^ (x_1 v -x_8) ^ (x_11 v x_1) ^ (x_11 v x_7 v x_0) ^ (-x_1 v -x_9 v -x_6) ^ (x_5 v -x_8) ^ (x_9 v -x_4 v x_2) ^ (x_0 v -x_4 v x_13) ^ (x_9 v x_12 v -x_13) ^ (x_6 v -x_7 v x_13) ^ (-x_11 v -x_5 v -x_6) ^ (x_0 v -x_10 v -x_11) ^ (x_0 v -x_1 v x_12) ^ (-x_1 v x_4 v -x_8) ^ (x_11 v x_5 v x_2) ^ (-x_4 v x_10 v -x_6) ^ (-x_12 v x_9 v -x_6) ^ (x_5 v -x_3 v -x_11) ^ (-x_7 v x_13) ^ (x_3 v x_10 v -x_5) ^ (x_3 v x_13 v -x_6) ^ (x_1 v x_2 v -x_11) ^ (-x_1 v x_5 v x_3)]
14,28,128,0.49791955947875977,11.521641731262207,[(-x_12 v x_10 v x_13) ^ (x_1 v x_10 v -x_5) ^ (x_6 v x_12 v x_7) ^ (x_3 v -x_4 v x_13) ^ (x_1 v -x_3 v -x_0) ^ (x_4 v -x_13 v -x_0) ^ (x_11 v x_1 v x_2) ^ (x_12 v -x_13 v -x_7) ^ (-x_1 v x_6 v -x_2) ^ (-x_9 v x_4 v -x_6) ^ (-x_2 v -x_4 v x_10) ^ (x_6 v -x_2 v -x_11) ^ (-x_12 v x_1 v -x_2) ^ (x_6 v -x_5 v x_4) ^ (-x_5 v -x_3 v -x_11) ^ (x_3 v -x_9 v x_4) ^ (-x_1 v x_12 v x_13) ^ (-x_9 v -x_10 v -x_7) ^ (x_6 v -x_5 v -x_0) ^ (x_11 v -x_7 v -x_13) ^ (x_3 v -x_9 v x_1) ^ (-x_1 v x_6 v x_4) ^ (x_6 v -x_9 v -x_2) ^ (x_0 v x_13 v x_8) ^ (-x_12 v -x_4 v -x_5) ^ (x_1 v x_2 v -x_3) ^ (x_6 v -x_10 v x_5) ^ (-x_9 v -x_12 v -x_4)]
14,24,1,0.07939505577087402,1.1036481857299805,[(x_11 v -x_13 v -x_3) ^ (x_10 v x_5 v -x_0) ^ (-x_7 v x_10 v x_4) ^ (x_3 v -x_12 v x_9) ^ (-x_1 v x_9 v x_2) ^ (x_1 v x_9 v x_2) ^ (x_8 v -x_2 v -x_3) ^ (-x_10 v x_2 v x_5) ^ (x_3 v -x_7 v -x_13) ^ (-x_7 v -x_3 v -x_11) ^ (x_6 v x_1 v x_7) ^ (-x_4 v -x_10) ^ (-x_12 v -x_6) ^ (x_9 v x_2) ^ (x_1 v x_7 v -x_6) ^ (x_12 v -x_5 v -x_3) ^ (x_12 v x_2 v -x_3) ^ (-x_12 v x_5 v -x_0) ^ (-x_12 v x_4 v x_5) ^ (-x_10 v -x_5 v x_7) ^ (x_12 v x_2 v -x_11) ^ (-x_4 v x_10 v -x_13) ^ (x_6 v x_1 v -x_9) ^ (-x_10 v x_13 v x_8)]
14,19,128,0.3705005645751953,7.805942535400391,[(-x_9 v x_7 v -x_0) ^ (x_6 v x_9 v -x_11) ^ (x_4 v -x_13 v -x_11) ^ (x_11 v x_6 v x_1) ^ (x_12 v -x_4 v x_8) ^ (x_10 v -x_3 v -x_6) ^ (-x_4 v x_5) ^ (x_0 v x_9 v -x_8) ^ (x_5 v x_13 v -x_0) ^ (x_6 v -x_3) ^ (x_9 v x_5 v -x_11) ^ (-x_0 v -x_9 v x_8) ^ (x_0 v -x_9 v x_1) ^ (x_1 v -x_13 v x_8) ^ (x_0 v -x_9 v x_2) ^ (x_0 v x_12 v x_8) ^ (-x_11 v x_10 v -x_0) ^ (-x_12 v x_10 v -x_13) ^ (x_9 v -x_7)]
13,16,1,0.06709170341491699,1.0681962966918945,[(x_0 v -x_9 v x_8) ^ (-x_11 v -x_7 v -x_0) ^ (-x_11 v -x_2 v -x_0) ^ (-x_1 v -x_11 v x_8) ^ (x_0 v x_12 v x_4) ^ (x_1 v -x_4 v -x_2) ^ (-x_9 v x_5 v -x_3) ^ (x_3 v x_12 v x_10) ^ (x_1 v -x_12 v x_11) ^ (x_6 v x_9 v -x_11) ^ (-x_6 v x_10 v -x_11) ^ (-x_9 v -x_10 v x_5) ^ (x_3 v x_2 v -x_8) ^ (-x_1 v -x_6 v -x_11) ^ (-x_9 v x_12 v -x_3) ^ (-x_1 v x_9 v -x_5)]
13,35,1,0.12141752243041992,1.1294755935668945,[(x_0 v x_6 v x_1) ^ (x_5 v -x_7 v x_2) ^ (x_1 v -x_5 v -x_8) ^ (x_9 v -x_5 v -x_7) ^ (x_6 v x_1 v -x_11) ^ (-x_4 v -x_10 v -x_6) ^ (x_9 v -x_10 v x_7) ^ (x_6 v -x_9 v x_5) ^ (x_6 v -x_9 v -x_0) ^ (x_9 v x_5 v -x_8) ^ (-x_12 v x_5 v x_8) ^ (x_4 v -x_8 v -x_6) ^ (x_0 v x_9 v -x_8) ^ (x_6 v x_12 v -x_10) ^ (-x_12 v x_5 v -x_6) ^ (-x_1 v x_6 v x_3) ^ (x_10 v x_7 v -x_11) ^ (-x_6 v x_7 v -x_3) ^ (-x_9 v -x_5 v -x_8) ^ (x_12 v -x_4 v x_0) ^ (-x_6 v -x_5 v x_4) ^ (-x_9 v -x_4 v -x_10) ^ (x_0 v x_6 v x_2) ^ (x_6 v x_9 v -x_3) ^ (-x_2 v x_5 v -x_8) ^ (-x_11 v -x_5 v -x_3) ^ (x_0 v -x_10 v -x_6) ^ (x_11 v x_9 v -x_3) ^ (x_3 v -x_9 v -x_11) ^ (x_11 v x_4 v -x_3) ^ (x_1 v x_10 v x_2) ^ (-x_10 v -x_3 v -x_11) ^ (-x_12 v -x_7 v -x_11) ^ (-x_1 v -x_12) ^ (x_3 v x_7 v x_5)]
