size,clauses,red. ratio,time_lumping,memory (MB),formula
5,14,0.1875,0.0036547183990478516,0.022016525268554688,[(-x_1 v x_4 v -x_0) ^ (x_3 v -x_0) ^ (-x_1 v -x_3 v -x_0) ^ (x_3 v -x_1 v x_4) ^ (x_3 v x_1 v -x_4) ^ (-x_4 v -x_2 v -x_3) ^ (x_1 v x_4 v -x_0) ^ (x_3 v x_1) ^ (-x_1 v x_4 v x_2) ^ (-x_1 v x_2 v -x_0) ^ (x_0 v x_1) ^ (x_1 v -x_2 v x_4) ^ (-x_1 v -x_2 v x_4) ^ (-x_1 v -x_0 v -x_3)]
5,13,0.15625,0.004036664962768555,0.020963668823242188,[(x_2 v -x_3) ^ (x_0 v x_4 v -x_3) ^ (x_3 v x_1 v -x_4) ^ (x_0 v -x_2 v -x_3) ^ (x_3 v x_1 v x_0) ^ (x_1 v x_4 v -x_0) ^ (x_0 v -x_1 v -x_2) ^ (-x_1 v x_4 v x_2) ^ (x_1 v -x_2 v -x_0) ^ (-x_1 v -x_0) ^ (x_4 v -x_3) ^ (-x_1 v -x_2 v -x_0) ^ (x_3 v -x_1 v -x_2)]
5,9,0.125,0.002396821975708008,0.01870250701904297,[(x_0 v -x_2) ^ (x_0 v x_4 v x_2) ^ (-x_1 v -x_2 v x_0) ^ (x_3 v x_1 v -x_4) ^ (x_1 v -x_4 v x_2) ^ (x_1 v -x_2 v -x_0) ^ (-x_4 v -x_3) ^ (x_3 v x_4) ^ (x_3 v x_4 v -x_0)]
5,10,0.15625,0.002442598342895508,0.02091503143310547,[(x_3 v -x_2) ^ (-x_1 v -x_2) ^ (x_3 v -x_1 v x_2) ^ (-x_1 v -x_4) ^ (x_0 v x_1 v x_2) ^ (-x_1 v -x_4 v -x_3) ^ (x_1 v -x_0) ^ (-x_4 v -x_3) ^ (x_3 v x_4) ^ (x_1 v x_4)]
5,8,0.125,0.0016751289367675781,0.01899242401123047,[(x_0 v x_4) ^ (x_0 v -x_4 v -x_2) ^ (x_0 v -x_3) ^ (x_1 v x_4 v -x_0) ^ (x_0 v x_1 v x_3) ^ (-x_1 v -x_2 v -x_0) ^ (-x_4 v -x_3 v -x_0) ^ (-x_0 v -x_4 v -x_3)]
5,5,0.09375,0.0030710697174072266,0.01712322235107422,[(x_0 v -x_1 v x_4) ^ (-x_1 v -x_4 v -x_2) ^ (x_1 v -x_4 v -x_3) ^ (x_4 v x_2 v -x_0) ^ (x_3 v x_4)]
5,10,0.15625,0.0024394989013671875,0.02057170867919922,[(x_4 v x_2 v -x_3) ^ (-x_1 v -x_2) ^ (x_1 v x_2 v -x_0) ^ (x_1 v -x_2) ^ (x_0 v x_4) ^ (x_0 v x_1 v -x_4) ^ (x_0 v -x_1 v -x_2) ^ (-x_1 v x_2 v -x_0) ^ (-x_1 v -x_4 v -x_3) ^ (x_3 v -x_1 v -x_2)]
5,13,0.1875,0.0030651092529296875,0.022527694702148438,[(-x_1 v -x_3) ^ (x_3 v -x_2) ^ (x_0 v x_4 v -x_3) ^ (-x_4 v -x_0) ^ (x_3 v x_4 v -x_2) ^ (x_3 v x_1 v -x_4) ^ (-x_4 v -x_2 v -x_0) ^ (x_3 v x_1) ^ (x_1 v -x_4 v x_2) ^ (x_0 v x_4 v x_3) ^ (-x_2 v -x_3 v x_4) ^ (-x_1 v -x_2 v x_4) ^ (-x_4 v -x_3)]
5,9,0.1875,0.002251148223876953,0.02225780487060547,[(-x_1 v -x_3) ^ (-x_1 v -x_2) ^ (x_3 v x_1 v -x_2) ^ (x_1 v -x_4 v -x_2) ^ (x_3 v -x_4 v x_2) ^ (-x_4 v -x_2 v -x_0) ^ (x_3 v x_1) ^ (x_3 v -x_2 v -x_0) ^ (x_0 v x_1 v -x_2)]
5,6,0.125,0.0024836063385009766,0.01870250701904297,[(x_2 v -x_3) ^ (x_0 v -x_3) ^ (x_0 v x_1) ^ (x_3 v -x_1 v -x_2) ^ (-x_1 v x_3 v x_0) ^ (-x_1 v x_4 v -x_0)]
5,9,0.15625,0.0026369094848632812,0.02091503143310547,[(-x_1 v -x_2) ^ (x_3 v -x_0) ^ (x_0 v -x_2) ^ (x_0 v x_4 v x_2) ^ (-x_1 v -x_3 v -x_0) ^ (x_0 v -x_3) ^ (x_1 v x_2) ^ (x_3 v -x_2 v -x_0) ^ (-x_2 v -x_3)]
5,7,0.125,0.0022368431091308594,0.01892375946044922,[(x_0 v -x_2) ^ (x_3 v -x_2 v x_4) ^ (x_3 v x_1) ^ (-x_2 v -x_3 v x_4) ^ (x_3 v -x_1 v x_0) ^ (-x_1 v -x_2 v -x_0) ^ (-x_2 v -x_3)]
5,7,0.15625,0.0015714168548583984,0.02091503143310547,[(-x_1 v x_0) ^ (-x_1 v x_3 v x_2) ^ (x_0 v -x_1) ^ (-x_0 v -x_2 v x_4) ^ (-x_0 v -x_2 v -x_3) ^ (x_0 v x_4 v x_3) ^ (x_4 v x_2 v -x_0)]
5,11,0.21875,0.003389596939086914,0.02320384979248047,[(x_0 v -x_1 v x_3) ^ (x_1 v x_2 v -x_0) ^ (x_0 v x_4) ^ (x_0 v -x_1) ^ (x_3 v x_4 v -x_2) ^ (x_0 v -x_2 v -x_3) ^ (x_0 v x_1 v x_2) ^ (-x_2 v -x_3 v x_4) ^ (x_4 v -x_3) ^ (x_1 v x_4) ^ (x_0 v x_1 v x_4)]
5,6,0.125,0.0014967918395996094,0.01872539520263672,[(-x_1 v x_2 v -x_3) ^ (x_0 v x_4) ^ (x_0 v x_2 v x_3) ^ (-x_1 v x_2 v -x_0) ^ (x_4 v x_2 v -x_0) ^ (-x_2 v -x_3)]
5,6,0.125,0.001954793930053711,0.01899242401123047,[(x_0 v x_4) ^ (-x_1 v -x_2 v -x_3) ^ (x_3 v x_1 v x_4) ^ (-x_4 v -x_3) ^ (-x_4 v -x_3 v -x_0) ^ (x_0 v -x_1 v x_3)]
5,6,0.125,0.0018723011016845703,0.01872539520263672,[(x_0 v -x_2 v -x_3) ^ (-x_0 v -x_2 v -x_3) ^ (x_1 v -x_2 v -x_0) ^ (x_0 v -x_4) ^ (x_1 v x_4) ^ (-x_1 v x_4 v -x_0)]
5,6,0.125,0.0017867088317871094,0.01899242401123047,[(x_4 v x_2 v -x_3) ^ (x_2 v -x_0) ^ (-x_1 v x_2 v -x_3) ^ (x_0 v x_1 v -x_4) ^ (x_0 v x_2 v x_3) ^ (x_3 v -x_1 v -x_0)]
5,14,0.15625,0.0034661293029785156,0.020963668823242188,[(-x_0 v -x_3) ^ (x_3 v -x_0) ^ (-x_1 v -x_4 v -x_0) ^ (x_1 v -x_4 v -x_2) ^ (x_0 v -x_1 v x_2) ^ (-x_4 v -x_0) ^ (-x_1 v -x_2 v x_4) ^ (-x_1 v -x_4) ^ (-x_1 v x_4 v -x_3) ^ (-x_1 v x_4 v x_0) ^ (x_0 v x_1) ^ (-x_4 v x_2) ^ (x_3 v -x_4 v x_0) ^ (-x_1 v x_4 v -x_0)]
5,11,0.125,0.0021507740020751953,0.01858043670654297,[(-x_1 v -x_3) ^ (-x_1 v x_0) ^ (x_2 v -x_0) ^ (x_1 v -x_2) ^ (-x_1 v -x_4 v -x_2) ^ (-x_4 v -x_2 v -x_0) ^ (-x_1 v x_2) ^ (-x_0 v -x_2 v -x_3) ^ (x_0 v x_1) ^ (x_4) ^ (-x_1 v -x_2 v x_4)]
5,9,0.1875,0.0023810863494873047,0.02233409881591797,[(-x_1 v -x_4 v -x_0) ^ (x_1 v -x_2 v -x_3) ^ (x_0 v x_4 v x_2) ^ (x_0 v x_4) ^ (-x_0) ^ (x_0 v x_1 v x_2) ^ (-x_1 v x_2 v -x_0) ^ (x_4 v -x_3) ^ (x_1 v x_4)]
5,14,0.1875,0.0029163360595703125,0.021757125854492188,[(x_1 v -x_3 v -x_0) ^ (x_1 v x_2 v -x_0) ^ (x_3 v x_2 v -x_0) ^ (x_3 v x_1 v -x_4) ^ (x_0 v -x_4 v -x_2) ^ (x_1 v x_4 v -x_0) ^ (x_3 v x_0) ^ (x_1 v x_2) ^ (x_0 v x_4 v -x_2) ^ (x_1 v -x_2 v -x_0) ^ (-x_1 v -x_4 v -x_3) ^ (-x_4 v -x_3) ^ (x_0 v -x_1 v x_3) ^ (x_1 v x_4 v -x_3)]
5,9,0.125,0.002806425094604492,0.01835918426513672,[(-x_2 v x_4) ^ (x_1 v -x_2 v -x_3) ^ (-x_4 v x_2 v -x_0) ^ (x_0 v x_1 v -x_4) ^ (-x_1 v -x_4 v -x_2) ^ (x_4 v x_2 v -x_0) ^ (-x_4 v -x_3) ^ (x_0 v x_1 v x_4) ^ (-x_1 v x_4 v -x_0)]
5,10,0.15625,0.002389669418334961,0.02044963836669922,[(x_3 v -x_0) ^ (-x_1 v x_0) ^ (x_1 v -x_2) ^ (-x_4 v x_2 v -x_0) ^ (x_3 v x_2) ^ (-x_1 v x_4 v x_2) ^ (x_1 v -x_4 v x_2) ^ (-x_2 v -x_3) ^ (x_0 v -x_4 v -x_3) ^ (x_0 v -x_2 v x_3)]
5,10,0.15625,0.002283334732055664,0.02091503143310547,[(x_2 v -x_3) ^ (-x_4 v x_2 v -x_0) ^ (x_3 v -x_1 v x_4) ^ (-x_2 v -x_3 v -x_0) ^ (-x_3 v -x_0) ^ (x_1 v -x_2 v -x_0) ^ (x_4 v -x_3) ^ (-x_4 v x_2) ^ (x_0 v -x_1 v -x_4) ^ (x_0 v x_1 v x_4)]
5,15,0.1875,0.0046770572662353516,0.021673202514648438,[(-x_4 v x_2) ^ (-x_0 v -x_3) ^ (x_1 v x_2 v -x_0) ^ (x_0 v -x_2) ^ (x_3 v -x_2 v x_0) ^ (x_0 v -x_4 v -x_2) ^ (-x_4 v -x_2) ^ (x_3 v x_1) ^ (x_3 v x_0) ^ (-x_3 v -x_0) ^ (-x_1 v x_2 v -x_0) ^ (x_4 v x_2 v -x_0) ^ (x_0 v -x_4 v x_2) ^ (x_3 v -x_2 v -x_0) ^ (x_4 v -x_3)]
5,8,0.125,0.0027370452880859375,0.01919078826904297,[(x_0 v x_4 v -x_3) ^ (-x_1 v -x_2 v -x_3) ^ (-x_4 v -x_2 v -x_0) ^ (x_1 v -x_4) ^ (x_3 v x_2) ^ (x_0 v x_2) ^ (-x_2 v -x_3) ^ (x_1 v x_4)]
5,7,0.15625,0.0023698806762695312,0.02067089080810547,[(x_1 v x_4 v x_2) ^ (x_1 v x_2 v -x_0) ^ (x_3 v x_4 v -x_2) ^ (x_1 v x_2 v -x_3) ^ (x_0 v x_1) ^ (x_0 v x_1 v -x_2) ^ (x_0 v x_1 v x_4)]
5,13,0.1875,0.002972841262817383,0.022794723510742188,[(x_0 v -x_1) ^ (x_1 v -x_3) ^ (-x_1 v -x_4 v -x_2) ^ (-x_4 v -x_2 v -x_0) ^ (x_1 v -x_4) ^ (x_3 v x_2) ^ (-x_1 v x_2) ^ (x_3 v -x_4 v -x_0) ^ (-x_1 v x_2 v -x_0) ^ (x_0 v -x_4) ^ (x_3 v x_1 v -x_0) ^ (-x_3 v -x_0) ^ (-x_4 v -x_3)]
5,14,0.1875,0.003703594207763672,0.022527694702148438,[(x_1 v -x_4 v -x_0) ^ (x_4 v x_2 v -x_3) ^ (-x_1 v x_3 v -x_0) ^ (-x_1 v -x_3 v -x_0) ^ (-x_1 v -x_4 v -x_2) ^ (x_3 v -x_1 v -x_0) ^ (-x_4 v -x_2) ^ (x_3 v x_1 v -x_4) ^ (x_1 v -x_4) ^ (-x_1 v x_2 v -x_0) ^ (-x_1 v -x_4 v -x_3) ^ (x_1 v -x_0) ^ (-x_1 v x_0 v -x_3) ^ (x_4 v -x_3)]
5,9,0.15625,0.0020303726196289062,0.02142620086669922,[(-x_4 v x_2) ^ (-x_4 v -x_0) ^ (-x_1 v x_2 v x_0) ^ (x_0 v -x_3) ^ (-x_0 v -x_2 v x_4) ^ (x_3 v x_1) ^ (x_1 v -x_2 v -x_0) ^ (x_3 v x_1 v x_2) ^ (-x_2 v -x_3)]
5,7,0.15625,0.0015828609466552734,0.02030467987060547,[(-x_1 v x_0) ^ (x_2 v -x_0) ^ (x_3 v -x_1 v x_2) ^ (x_0 v x_4 v x_2) ^ (-x_4 v -x_2 v -x_0) ^ (-x_1 v x_4 v x_2) ^ (x_0 v x_1 v -x_3)]
5,11,0.1875,0.002921581268310547,0.02162456512451172,[(x_1 v -x_4 v -x_0) ^ (x_1 v -x_4 v -x_2) ^ (x_1) ^ (x_0 v -x_4 v -x_2) ^ (-x_1 v -x_2 v -x_3) ^ (x_1 v x_2) ^ (-x_1 v x_4 v x_0) ^ (x_1 v x_2 v -x_3) ^ (x_1 v -x_4 v x_2) ^ (x_0 v -x_4 v x_2) ^ (x_3 v x_4 v -x_0)]
5,8,0.15625,0.002117156982421875,0.02152538299560547,[(-x_4 v -x_0) ^ (x_0 v -x_3) ^ (-x_1 v x_4 v -x_3) ^ (x_0 v x_2 v -x_3) ^ (x_0 v x_1) ^ (-x_1 v -x_0) ^ (-x_4 v x_2) ^ (x_3 v x_2 v x_0)]
5,15,0.15625,0.0033974647521972656,0.020841598510742188,[(-x_2 v x_4) ^ (x_2 v -x_0) ^ (x_1) ^ (x_3 v -x_1 v x_4) ^ (-x_1 v -x_4 v -x_2) ^ (-x_4 v -x_2) ^ (x_1 v x_4 v -x_0) ^ (x_3 v x_1 v x_0) ^ (-x_1 v x_4 v -x_3) ^ (-x_4 v x_2 v -x_3) ^ (x_0 v x_1 v x_2) ^ (-x_2 v -x_3 v x_4) ^ (x_0 v x_4 v x_3) ^ (-x_4 v x_2) ^ (x_0 v x_1 v x_4)]
5,13,0.1875,0.0034351348876953125,0.022039413452148438,[(x_4 v x_2 v -x_3) ^ (-x_2 v x_4) ^ (x_2 v -x_3) ^ (x_0 v x_4 v -x_3) ^ (x_0 v -x_1 v -x_2) ^ (x_0 v -x_4 v -x_3) ^ (-x_1 v -x_4 v -x_3) ^ (-x_1 v -x_2 v -x_0) ^ (x_0 v -x_4 v x_2) ^ (x_3 v -x_2 v -x_0) ^ (x_3 v x_4) ^ (x_1 v x_4) ^ (-x_1 v x_4 v x_3)]
5,14,0.1875,0.003751993179321289,0.022184371948242188,[(-x_2 v -x_0) ^ (x_3 v x_4 v -x_0) ^ (x_0) ^ (x_1 v -x_2 v -x_3) ^ (-x_4 v -x_2) ^ (x_0 v x_2) ^ (-x_1 v -x_4 v x_2) ^ (x_0 v x_2 v -x_3) ^ (x_4) ^ (x_1 v -x_4 v x_2) ^ (x_0 v -x_4 v x_2) ^ (-x_4 v x_2) ^ (x_1 v x_4) ^ (x_0 v x_1 v -x_2)]
5,14,0.1875,0.003124237060546875,0.022161483764648438,[(x_1 v -x_4 v -x_0) ^ (x_1 v x_4 v x_2) ^ (x_2 v -x_3) ^ (x_0 v -x_2 v x_4) ^ (x_3 v -x_4 v -x_0) ^ (x_4 v -x_0) ^ (x_1 v x_2) ^ (-x_1 v x_4 v x_2) ^ (x_1 v -x_4 v x_2) ^ (x_1 v -x_2 v x_4) ^ (-x_4 v x_2) ^ (-x_1 v -x_2 v -x_0) ^ (x_0 v -x_2 v x_3) ^ (x_3 v -x_4 v -x_2)]
5,10,0.15625,0.0021152496337890625,0.02064800262451172,[(x_3 v x_4 v x_2) ^ (x_1 v x_4 v x_2) ^ (-x_1 v x_3 v -x_0) ^ (-x_1 v -x_2) ^ (x_0 v x_4) ^ (-x_1 v x_2 v x_0) ^ (-x_1 v -x_2 v -x_0) ^ (-x_1 v -x_2 v x_3) ^ (x_4 v x_2) ^ (-x_0 v -x_4 v -x_3)]
5,14,0.15625,0.0053713321685791016,0.021574020385742188,[(x_3 v x_4 v x_2) ^ (-x_1 v -x_2) ^ (-x_1 v -x_4 v -x_0) ^ (x_0 v -x_3) ^ (-x_1 v x_2) ^ (x_3 v -x_2 v -x_0) ^ (x_1 v x_2 v -x_3) ^ (x_3 v x_1 v x_2) ^ (x_0 v x_1) ^ (x_0 v x_2 v -x_3) ^ (x_3 v x_1 v x_4) ^ (x_3 v x_1 v -x_0) ^ (x_0 v -x_1 v -x_4) ^ (x_3 v -x_1 v -x_4)]
5,9,0.15625,0.0022208690643310547,0.02128124237060547,[(x_1 v -x_2) ^ (x_3 v x_1 v -x_2) ^ (x_0 v -x_3) ^ (-x_4 v x_2 v -x_3) ^ (x_1 v -x_4 v x_2) ^ (x_1 v x_2 v -x_3) ^ (x_4 v x_2) ^ (-x_2 v -x_3) ^ (x_3 v x_4 v -x_0)]
5,5,0.125,0.0021681785583496094,0.01872539520263672,[(x_3 v -x_1 v x_2) ^ (x_0 v x_4 v -x_3) ^ (-x_1 v -x_2 v -x_3) ^ (-x_1 v x_2 v -x_0) ^ (x_4 v -x_3)]
5,12,0.1875,0.0036003589630126953,0.02196788787841797,[(-x_1 v -x_3) ^ (x_1 v -x_4 v -x_0) ^ (x_3 v -x_2) ^ (x_1 v -x_3 v -x_0) ^ (-x_4 v x_2 v -x_0) ^ (x_3 v -x_2 v x_4) ^ (x_1 v -x_4) ^ (-x_0 v -x_2 v x_4) ^ (x_1 v x_2) ^ (-x_3 v -x_0) ^ (-x_1 v -x_2 v -x_0) ^ (x_1 v x_4 v -x_3)]
5,8,0.125,0.0026586055755615234,0.01870250701904297,[(-x_1 v x_2 v -x_3) ^ (x_1) ^ (x_0 v -x_3) ^ (x_3 v x_4 v -x_2) ^ (x_3 v -x_4 v -x_0) ^ (x_1 v -x_0) ^ (x_4 v x_2) ^ (-x_1 v x_4 v x_3)]
5,14,0.1875,0.003057718276977539,0.022176742553710938,[(x_3 v -x_0) ^ (x_1 v -x_4 v -x_2) ^ (-x_1 v x_2 v -x_3) ^ (x_1 v -x_3) ^ (x_0 v x_1 v -x_4) ^ (-x_1 v x_0 v -x_3) ^ (x_0 v -x_1 v -x_2) ^ (x_0 v x_1 v x_2) ^ (-x_1 v x_2 v x_3) ^ (x_1 v -x_0) ^ (x_0 v -x_4 v x_2) ^ (x_3 v x_1 v x_2) ^ (-x_4 v -x_3) ^ (x_1 v x_4 v -x_3)]
5,9,0.15625,0.0023179054260253906,0.02140331268310547,[(x_0 v x_1 v -x_4) ^ (-x_4 v -x_0) ^ (x_3 v -x_4 v x_2) ^ (x_3 v x_4 v -x_2) ^ (x_0 v -x_3) ^ (-x_1 v x_4 v x_0) ^ (-x_1 v -x_4 v -x_3) ^ (-x_4 v -x_3) ^ (-x_2 v -x_3)]
5,14,0.1875,0.0030739307403564453,0.022184371948242188,[(-x_1 v -x_3) ^ (x_3 v -x_2) ^ (x_3 v -x_0) ^ (x_3 v x_1 v -x_2) ^ (x_0 v -x_1 v x_4) ^ (x_3 v -x_4) ^ (x_3 v x_1) ^ (x_0 v x_2 v -x_3) ^ (x_0 v -x_4 v -x_3) ^ (-x_4 v -x_3) ^ (x_4 v x_2) ^ (x_1 v x_4) ^ (x_3 v x_4 v -x_0) ^ (x_1 v x_4 v -x_3)]
5,6,0.125,0.0018703937530517578,0.01809215545654297,[(-x_1 v x_3 v -x_0) ^ (-x_2 v -x_0) ^ (x_0 v x_4 v x_2) ^ (x_0 v -x_4 v x_2) ^ (-x_4 v x_2) ^ (x_3 v -x_1 v -x_4)]
5,6,0.125,0.0020079612731933594,0.01870250701904297,[(x_1 v x_4 v x_2) ^ (x_3 v -x_4 v x_2) ^ (x_0 v x_2 v -x_3) ^ (-x_4 v -x_2 v -x_3) ^ (-x_4 v x_2) ^ (x_0 v -x_1 v -x_4)]
5,10,0.125,0.0024895668029785156,0.01919078826904297,[(-x_2 v -x_0) ^ (-x_1 v x_4 v -x_2) ^ (x_0 v x_4) ^ (-x_1 v -x_4 v -x_2) ^ (x_0 v -x_4) ^ (x_3 v x_1 v x_0) ^ (-x_2 v -x_3 v x_4) ^ (x_0 v -x_4 v -x_3) ^ (x_3 v x_1 v -x_0) ^ (x_0 v x_3)]
6,15,0.09375,0.005609989166259766,0.027074813842773438,[(x_0 v -x_5 v -x_3) ^ (x_1 v -x_2 v -x_3) ^ (-x_1 v x_4 v x_5) ^ (-x_4 v -x_2) ^ (x_5 v x_2 v -x_0) ^ (-x_2 v -x_3 v -x_0) ^ (x_1 v -x_4 v x_2) ^ (-x_5 v -x_2 v -x_3) ^ (-x_1 v -x_4 v -x_3) ^ (x_5 v -x_3) ^ (x_3 v -x_1 v -x_5) ^ (x_3 v x_1 v -x_0) ^ (x_4 v x_2) ^ (x_2 v x_5 v -x_0) ^ (-x_2 v x_5 v -x_3)]
6,11,0.078125,0.004797697067260742,0.024312973022460938,[(x_1 v x_4 v x_2) ^ (x_1 v -x_4 v -x_2) ^ (-x_4 v x_2 v -x_0) ^ (x_1 v -x_3) ^ (x_0 v x_5) ^ (x_1 v x_4 v -x_5) ^ (x_3 v -x_4) ^ (-x_1 v x_2 v -x_0) ^ (x_4 v x_5) ^ (x_1 v -x_2 v x_4) ^ (x_0 v -x_1 v -x_5)]
6,10,0.078125,0.004435539245605469,0.024923324584960938,[(x_5 v -x_4 v x_2) ^ (x_0 v x_5) ^ (x_3 v -x_1 v x_5) ^ (x_3 v x_0) ^ (-x_4 v x_2 v -x_3) ^ (x_1 v x_2 v -x_3) ^ (x_1 v -x_2 v x_4) ^ (x_1 v x_4 v x_5) ^ (-x_1 v -x_5 v x_3) ^ (-x_5 v x_2 v -x_0)]
6,15,0.125,0.00848245620727539,0.028203964233398438,[(x_3 v x_2 v x_5) ^ (x_3 v x_5) ^ (-x_1 v x_5) ^ (-x_2 v -x_5 v -x_3) ^ (x_1 v -x_2) ^ (x_0 v -x_5 v -x_3) ^ (x_0 v x_5) ^ (x_0 v -x_1) ^ (x_1 v -x_5 v x_2) ^ (x_3 v -x_4 v -x_5) ^ (-x_0 v -x_2 v x_4) ^ (x_3 v x_2) ^ (x_3 v -x_4 v -x_0) ^ (x_0 v -x_4 v x_5) ^ (x_1 v x_5 v -x_3)]
6,9,0.078125,0.0046253204345703125,0.024923324584960938,[(x_3 v x_2 v -x_0) ^ (x_4 v -x_0) ^ (x_1 v -x_4 v -x_3) ^ (-x_1 v x_4 v x_2) ^ (x_0 v x_2 v -x_3) ^ (x_0 v x_1 v -x_2) ^ (x_0 v -x_4 v -x_3) ^ (x_5 v x_2 v -x_3) ^ (-x_1 v x_5 v x_3)]
6,8,0.0625,0.004002571105957031,0.022100448608398438,[(x_3 v -x_5 v -x_0) ^ (x_2 v -x_3) ^ (x_5 v -x_4 v x_2) ^ (x_1 v -x_5 v -x_3) ^ (x_5 v x_1 v x_2) ^ (-x_4 v -x_2 v -x_3) ^ (-x_5 v -x_3 v x_4) ^ (x_0 v -x_1 v x_3)]
6,13,0.09375,0.005635976791381836,0.027585983276367188,[(x_3 v x_2 v x_5) ^ (-x_5 v x_4) ^ (-x_4 v -x_5) ^ (x_0 v -x_4 v -x_2) ^ (-x_4 v -x_2 v -x_3) ^ (-x_5 v x_2 v -x_3) ^ (-x_1 v -x_5 v x_2) ^ (x_0 v x_5 v -x_3) ^ (x_0 v -x_4 v x_5) ^ (x_0 v x_4 v x_3) ^ (x_1 v -x_0) ^ (x_1 v x_5 v -x_3) ^ (x_3 v x_1 v x_2)]
6,15,0.109375,0.005641460418701172,0.026624679565429688,[(x_1 v -x_4 v -x_0) ^ (x_3 v x_4 v x_2) ^ (x_1 v -x_3 v -x_0) ^ (x_0 v x_4 v x_2) ^ (-x_4 v x_2 v -x_0) ^ (x_0 v -x_1 v x_5) ^ (-x_1 v -x_5 v x_4) ^ (x_2 v x_5 v -x_3) ^ (-x_1 v x_2) ^ (-x_1 v x_2 v x_3) ^ (-x_5 v -x_3) ^ (x_3 v x_1 v -x_0) ^ (-x_4 v x_2) ^ (-x_2 v -x_3) ^ (x_1 v -x_4 v -x_5)]
6,8,0.0625,0.0030951499938964844,0.024053573608398438,[(x_2 v -x_3) ^ (x_1 v -x_2 v -x_3) ^ (-x_1 v x_4 v x_5) ^ (x_1 v -x_4 v x_5) ^ (-x_4 v -x_5 v x_2) ^ (x_1 v -x_5) ^ (-x_1 v x_3 v x_0) ^ (x_0 v -x_1 v x_3)]
6,12,0.078125,0.006171464920043945,0.024946212768554688,[(x_1 v x_2 v -x_0) ^ (x_2 v -x_3) ^ (-x_1 v -x_5) ^ (x_3 v -x_4 v -x_0) ^ (-x_1 v -x_4 v x_5) ^ (x_0 v -x_5 v x_4) ^ (-x_2 v -x_3 v x_4) ^ (x_4 v x_5) ^ (-x_4 v x_5 v -x_3) ^ (x_0 v x_3) ^ (-x_4 v -x_3) ^ (-x_4 v -x_5 v -x_3)]
6,14,0.078125,0.0054743289947509766,0.024946212768554688,[(x_4 v x_2 v -x_3) ^ (x_0 v -x_4 v x_3) ^ (x_0 v -x_5 v -x_2) ^ (-x_4 v -x_0) ^ (-x_5 v x_2 v x_4) ^ (x_3 v -x_4 v -x_5) ^ (-x_1 v -x_2 v x_5) ^ (x_3 v -x_5) ^ (-x_1 v x_4 v x_2) ^ (x_0 v -x_5 v x_2) ^ (x_4 v x_5) ^ (-x_4 v -x_2 v -x_3) ^ (-x_0 v -x_2 v -x_3) ^ (x_1 v x_5 v -x_3)]
6,9,0.078125,0.0037543773651123047,0.024923324584960938,[(x_1 v -x_4 v -x_0) ^ (x_0 v x_5 v x_3) ^ (x_1 v -x_2) ^ (x_1 v -x_3 v -x_0) ^ (-x_1 v x_2 v -x_3) ^ (x_3 v -x_5 v -x_2) ^ (-x_4 v x_2 v -x_3) ^ (x_5 v -x_3) ^ (x_3 v x_1 v -x_0)]
6,16,0.109375,0.005956172943115234,0.028253555297851562,[(x_4 v x_2 v -x_3) ^ (x_1 v x_4 v x_2) ^ (x_3 v -x_1) ^ (x_3 v x_1 v -x_2) ^ (x_4 v x_5 v -x_3) ^ (-x_4 v -x_5) ^ (x_0 v x_1 v -x_5) ^ (x_0 v x_4 v x_2) ^ (x_1 v -x_5 v -x_3) ^ (-x_2) ^ (x_3 v -x_4 v -x_5) ^ (x_1 v -x_4 v -x_3) ^ (x_3 v x_1 v x_5) ^ (x_4 v x_5) ^ (x_0 v -x_1 v -x_4) ^ (-x_1 v -x_5 v x_3)]
6,11,0.078125,0.004051685333251953,0.024923324584960938,[(x_3 v x_4 v -x_0) ^ (x_3 v -x_2 v x_4) ^ (x_4 v x_5 v -x_3) ^ (x_0 v -x_2 v x_5) ^ (-x_0 v x_2 v -x_3) ^ (-x_0 v -x_2 v x_4) ^ (-x_1 v -x_5 v x_2) ^ (-x_1 v -x_2 v -x_0) ^ (x_3 v -x_4 v x_5) ^ (-x_4 v -x_3 v -x_0) ^ (x_0 v x_1 v -x_2)]
6,10,0.09375,0.004253864288330078,0.026403427124023438,[(x_0 v x_4 v x_5) ^ (x_1 v -x_3 v -x_0) ^ (x_4 v x_5 v -x_3) ^ (x_5 v x_2 v -x_3) ^ (x_3 v x_2) ^ (x_0 v -x_5 v x_4) ^ (x_1 v x_4 v x_5) ^ (-x_1 v -x_2 v -x_0) ^ (x_0 v x_1 v x_4) ^ (-x_1 v x_4 v -x_0)]
6,7,0.0625,0.004339694976806641,0.022100448608398438,[(-x_5 v x_2) ^ (x_1 v -x_4 v x_5) ^ (-x_2 v -x_3 v x_4) ^ (x_5 v -x_3) ^ (x_3 v -x_2 v -x_0) ^ (-x_4 v -x_5 v -x_3) ^ (x_0 v x_1 v -x_3)]
6,18,0.09375,0.006308555603027344,0.026384353637695312,[(-x_1 v x_5) ^ (x_1 v x_5) ^ (x_0 v -x_4 v -x_5) ^ (-x_1 v x_3 v -x_0) ^ (-x_1 v -x_4 v -x_5) ^ (x_3 v -x_5 v x_4) ^ (x_3 v x_1 v -x_4) ^ (-x_4 v -x_2) ^ (x_3 v -x_4) ^ (x_1 v -x_5 v x_2) ^ (x_3 v -x_5 v -x_2) ^ (x_0 v -x_2 v -x_3) ^ (x_3 v -x_5 v x_0) ^ (-x_1 v x_4 v x_2) ^ (-x_1 v -x_5 v -x_0) ^ (-x_1 v -x_3 v x_0) ^ (x_1 v x_4) ^ (-x_4 v -x_5 v -x_3)]
6,10,0.078125,0.004939556121826172,0.023923873901367188,[(x_5 v -x_3 v -x_0) ^ (-x_0 v x_5 v -x_3) ^ (-x_1 v -x_4 v -x_0) ^ (x_1 v -x_4 v -x_2) ^ (x_0 v -x_5 v -x_2) ^ (x_3 v x_1 v -x_4) ^ (x_3 v -x_1 v -x_0) ^ (-x_1 v -x_2 v -x_3) ^ (x_0 v -x_2 v -x_3) ^ (-x_1 v x_4 v x_2)]
6,10,0.0625,0.004791259765625,0.022710800170898438,[(x_4 v x_2 v -x_3) ^ (x_1 v -x_4 v -x_0) ^ (-x_1 v -x_5 v x_0) ^ (-x_2 v x_1 v -x_5) ^ (x_3 v x_4 v x_5) ^ (x_0 v -x_2 v -x_3) ^ (x_1 v -x_2 v x_4) ^ (x_1 v x_2 v -x_3) ^ (-x_4 v -x_2 v -x_3) ^ (-x_2 v x_5 v -x_3)]
6,9,0.078125,0.003676176071166992,0.024534225463867188,[(x_0 v x_4 v x_5) ^ (-x_1 v -x_5 v -x_2) ^ (x_3 v -x_4 v x_2) ^ (-x_4 v x_2 v -x_3) ^ (x_3 v -x_5) ^ (-x_1 v -x_0) ^ (x_1 v x_4 v x_5) ^ (x_3 v -x_1 v -x_4) ^ (-x_2 v x_5 v -x_3)]
6,13,0.078125,0.00467681884765625,0.026243209838867188,[(x_1 v -x_4 v -x_0) ^ (-x_1 v -x_5 v -x_2) ^ (x_5 v -x_4 v x_2) ^ (x_3 v x_4 v -x_2) ^ (x_0 v -x_3) ^ (-x_1 v -x_4 v x_5) ^ (-x_1 v x_4 v x_2) ^ (x_1 v -x_2 v x_5) ^ (x_3 v x_1 v x_5) ^ (x_0 v x_1) ^ (x_1 v x_2 v -x_3) ^ (x_3 v -x_4 v -x_2) ^ (x_0 v -x_1 v x_2)]
6,14,0.09375,0.005908012390136719,0.026220321655273438,[(x_1 v -x_2) ^ (-x_4 v -x_0) ^ (x_0 v -x_1 v x_4) ^ (x_0 v x_1 v -x_4) ^ (x_5 v -x_0) ^ (x_1 v x_4 v -x_0) ^ (-x_5 v x_2 v -x_3) ^ (x_3 v x_1) ^ (x_3 v -x_5 v x_0) ^ (-x_4 v x_2 v -x_3) ^ (-x_1 v x_4 v -x_3) ^ (-x_1 v x_2 v -x_0) ^ (-x_4 v x_5 v -x_0) ^ (-x_4 v -x_5 v -x_3)]
6,9,0.109375,0.0037550926208496094,0.027212142944335938,[(-x_1 v x_5) ^ (x_3 v x_5 v x_2) ^ (-x_1 v -x_4 v -x_2) ^ (-x_2 v x_5 v -x_3) ^ (x_0 v -x_1 v -x_3) ^ (x_4 v x_5) ^ (x_0 v x_1) ^ (-x_2 v x_5 v x_4) ^ (-x_2 v x_5)]
6,8,0.0625,0.003634214401245117,0.024053573608398438,[(x_0 v x_1 v -x_4) ^ (x_0 v -x_4 v -x_2) ^ (x_3 v -x_4 v -x_0) ^ (-x_5 v -x_2) ^ (x_0 v x_4 v -x_2) ^ (x_1 v -x_5 v -x_0) ^ (-x_1 v x_2 v x_5) ^ (-x_2 v x_5)]
6,13,0.09375,0.004718303680419922,0.026929855346679688,[(x_3 v x_1 v -x_2) ^ (-x_5 v -x_0) ^ (-x_4 v -x_5) ^ (x_0 v -x_1) ^ (x_3 v x_4 v x_5) ^ (x_2 v x_5 v -x_3) ^ (x_1 v x_2) ^ (x_0 v x_1 v x_3) ^ (x_5 v -x_3) ^ (x_4 v -x_3) ^ (x_0 v x_3) ^ (x_0 v -x_1 v -x_5) ^ (x_0 v x_1 v x_5)]
6,7,0.078125,0.004353523254394531,0.024335861206054688,[(x_0 v -x_3) ^ (x_1 v -x_5 v -x_3) ^ (x_3 v -x_4) ^ (x_1 v -x_4 v -x_3) ^ (x_4 v x_2 v -x_0) ^ (-x_4 v -x_2 v -x_3) ^ (x_5 v x_4 v x_2)]
6,17,0.140625,0.006549358367919922,0.028604507446289062,[(-x_4 v -x_5 v -x_0) ^ (x_1 v -x_2) ^ (-x_1 v x_4 v -x_2) ^ (x_1 v -x_4 v -x_5) ^ (x_0 v -x_5 v -x_2) ^ (x_3 v -x_2 v x_4) ^ (-x_5 v -x_0) ^ (x_1 v -x_4) ^ (x_0 v -x_1 v -x_3) ^ (x_1 v -x_5) ^ (-x_0 v -x_5 v x_4) ^ (x_0 v x_1 v x_5) ^ (x_0 v x_1 v -x_2) ^ (x_0 v -x_4) ^ (x_3 v x_4) ^ (x_3 v -x_4 v -x_2) ^ (-x_2 v x_5 v -x_3)]
6,16,0.109375,0.0063321590423583984,0.028306961059570312,[(x_1 v x_2 v -x_0) ^ (x_0 v -x_2) ^ (-x_1 v x_2 v -x_3) ^ (x_0 v -x_4 v x_3) ^ (-x_1 v -x_3 v -x_0) ^ (x_0 v -x_4 v -x_2) ^ (x_1 v -x_4 v x_5) ^ (-x_1 v -x_5) ^ (x_1 v x_4 v -x_0) ^ (x_3 v x_1) ^ (x_0 v x_2) ^ (-x_1 v x_4 v x_0) ^ (x_1 v x_2 v -x_3) ^ (-x_0 v x_4 v -x_3) ^ (-x_4 v -x_2 v x_5) ^ (x_4 v -x_3)]
6,10,0.09375,0.004185199737548828,0.027479171752929688,[(x_3 v x_1 v -x_5) ^ (-x_4 v -x_5 v -x_0) ^ (-x_5 v x_2 v x_4) ^ (-x_2 v x_5 v -x_0) ^ (x_0 v x_3) ^ (x_3 v x_1 v x_2) ^ (-x_3 v -x_0) ^ (x_3 v -x_4 v x_5) ^ (x_3 v x_2 v x_0) ^ (x_0 v x_1 v -x_3)]
6,18,0.078125,0.006337165832519531,0.026262283325195312,[(x_4 v x_2 v -x_3) ^ (x_3 v x_5) ^ (-x_0 v x_5 v -x_3) ^ (-x_1 v -x_4 v -x_0) ^ (x_5 v -x_4 v x_2) ^ (x_0 v x_4 v -x_3) ^ (x_0 v x_1 v -x_5) ^ (-x_2) ^ (x_2 v x_4 v x_5) ^ (-x_1 v -x_5 v x_4) ^ (-x_4) ^ (x_3 v -x_5 v x_0) ^ (x_3 v -x_5) ^ (x_4 v x_2 v -x_0) ^ (-x_5 v -x_3) ^ (-x_1 v -x_2 v x_4) ^ (x_4 v x_2) ^ (x_0 v x_1 v -x_3)]
6,17,0.09375,0.005846500396728516,0.025667190551757812,[(x_3 v x_4 v x_2) ^ (x_2 v -x_0) ^ (-x_1 v -x_4 v -x_0) ^ (x_5 v -x_4 v x_2) ^ (x_4 v x_5 v -x_3) ^ (-x_1 v x_2 v x_0) ^ (x_0 v -x_2 v x_5) ^ (-x_1 v -x_2 v -x_3) ^ (x_3 v x_4 v x_5) ^ (-x_1 v x_5 v -x_0) ^ (x_3 v x_1 v x_0) ^ (x_3 v x_2) ^ (x_0 v -x_1 v -x_2) ^ (x_1 v -x_2 v x_5) ^ (x_5 v x_1 v x_2) ^ (x_1 v x_5 v -x_3) ^ (x_3 v -x_1 v x_0)]
6,11,0.109375,0.005070209503173828,0.026403427124023438,[(-x_1 v x_5) ^ (-x_5 v x_2) ^ (-x_1 v -x_4) ^ (-x_1 v x_5 v -x_0) ^ (-x_4 v -x_5 v x_2) ^ (x_3 v x_0) ^ (-x_1 v x_4 v x_2) ^ (-x_1 v -x_4 v x_2) ^ (-x_2 v x_5 v x_4) ^ (-x_1 v -x_2 v -x_0) ^ (x_0 v -x_1 v x_2)]
6,18,0.109375,0.0059511661529541016,0.028573989868164062,[(x_0 v x_4 v x_5) ^ (-x_1 v x_2 v -x_3) ^ (x_1 v -x_2 v -x_3) ^ (x_4 v x_2) ^ (x_3 v -x_1 v -x_0) ^ (x_4 v x_5 v -x_0) ^ (x_1 v -x_4 v x_5) ^ (x_1 v -x_4) ^ (x_3 v x_1) ^ (-x_1 v -x_5 v x_2) ^ (-x_1 v x_2) ^ (x_0 v -x_1 v -x_2) ^ (-x_5 v x_2 v -x_0) ^ (-x_1 v -x_5 v -x_0) ^ (-x_1 v x_3) ^ (-x_1 v -x_4 v -x_3) ^ (-x_1 v -x_2 v -x_0) ^ (-x_2 v x_5 v -x_3)]
6,7,0.078125,0.003995418548583984,0.024923324584960938,[(x_0 v x_4 v x_5) ^ (x_3 v -x_2) ^ (-x_2 v x_4) ^ (-x_5 v -x_2) ^ (-x_1 v x_2) ^ (x_3 v x_5 v -x_0) ^ (x_0 v x_1 v x_3)]
6,15,0.109375,0.005879640579223633,0.026334762573242188,[(x_1 v x_4 v x_2) ^ (x_2 v -x_3) ^ (x_0 v x_5) ^ (x_3 v -x_5 v x_4) ^ (-x_1 v x_2 v x_0) ^ (x_1 v -x_5 v -x_3) ^ (-x_1 v -x_5 v x_4) ^ (x_2 v x_4 v x_5) ^ (x_3 v x_2) ^ (x_1 v -x_4 v -x_3) ^ (x_0 v x_5 v -x_3) ^ (-x_5 v -x_2 v x_4) ^ (-x_1 v x_2 v x_3) ^ (x_1 v x_5 v -x_3) ^ (x_1 v x_5 v -x_0)]
6,12,0.078125,0.0044786930084228516,0.024923324584960938,[(x_3 v x_2 v x_5) ^ (x_0 v -x_5 v -x_3) ^ (-x_1 v -x_4 v -x_0) ^ (x_0 v -x_2) ^ (x_2) ^ (-x_1 v x_2 v x_0) ^ (x_5 v -x_0) ^ (x_1 v x_4 v -x_0) ^ (x_1 v -x_5 v -x_0) ^ (x_0 v -x_5 v x_3) ^ (x_0 v x_2) ^ (-x_4 v -x_2 v x_5)]
6,9,0.078125,0.004991292953491211,0.024923324584960938,[(x_3 v x_1 v -x_5) ^ (x_1 v -x_4 v -x_0) ^ (x_0 v x_4 v x_2) ^ (x_3 v -x_2 v x_4) ^ (x_0 v -x_1) ^ (-x_1 v x_5 v -x_3) ^ (x_3 v x_4 v -x_2) ^ (x_3 v x_1) ^ (-x_1 v x_3)]
6,14,0.109375,0.006528615951538086,0.027357101440429688,[(x_3 v x_4 v x_2) ^ (x_3 v x_1 v -x_2) ^ (x_1 v -x_3) ^ (x_3 v -x_2 v x_0) ^ (-x_5 v -x_2 v x_4) ^ (-x_1 v x_5 v x_2) ^ (x_3 v -x_5) ^ (-x_1 v x_2 v x_3) ^ (x_0 v x_5 v -x_3) ^ (x_0 v x_1 v x_3) ^ (x_1 v x_2) ^ (x_4 v x_5) ^ (-x_4 v -x_3 v -x_0) ^ (x_0 v x_1 v x_4)]
6,11,0.09375,0.004155874252319336,0.025732040405273438,[(x_4 v x_2 v -x_3) ^ (x_3 v -x_5 v -x_0) ^ (x_2 v -x_0) ^ (x_0 v x_1 v -x_5) ^ (x_3 v -x_1 v x_4) ^ (x_1 v -x_4 v x_5) ^ (x_1 v -x_5 v -x_0) ^ (x_0 v -x_5 v x_2) ^ (x_4 v x_2) ^ (-x_4 v -x_5 v -x_3) ^ (-x_5 v x_2 v -x_0)]
6,9,0.078125,0.006265401840209961,0.022947311401367188,[(-x_1 v x_3 v -x_0) ^ (x_0 v -x_4 v x_3) ^ (x_3 v -x_2 v x_4) ^ (-x_2 v x_4 v -x_3) ^ (x_0 v x_5 v -x_3) ^ (x_0 v x_2) ^ (-x_0 v -x_5 v x_4) ^ (x_0 v x_1) ^ (x_0 v -x_4)]
6,10,0.09375,0.0038373470306396484,0.025167465209960938,[(x_3 v -x_2) ^ (x_1 v -x_2) ^ (x_3 v -x_2 v x_4) ^ (-x_1 v x_2 v x_0) ^ (x_3 v x_2) ^ (x_0 v x_2) ^ (x_1 v -x_2 v -x_0) ^ (x_0 v x_1 v -x_3) ^ (x_3 v x_2 v x_0) ^ (-x_2 v x_5)]
6,15,0.078125,0.0054891109466552734,0.026388168334960938,[(x_4 v x_2 v -x_3) ^ (-x_2 v x_4) ^ (x_3 v -x_1) ^ (x_0 v -x_2) ^ (-x_5 v x_2) ^ (x_2 v -x_3 v -x_0) ^ (x_3 v x_4 v x_5) ^ (x_1 v -x_4 v x_5) ^ (-x_5 v x_2 v -x_0) ^ (x_0 v x_5 v -x_3) ^ (-x_2 v -x_3 v x_4) ^ (x_0 v -x_5 v x_2) ^ (x_1 v -x_0) ^ (-x_0 v -x_4 v -x_3) ^ (-x_1 v x_4 v -x_0)]
6,7,0.078125,0.0034775733947753906,0.024312973022460938,[(x_0 v x_4 v x_5) ^ (x_0 v x_1 v -x_5) ^ (x_3 v -x_5 v x_4) ^ (x_3 v x_4 v x_0) ^ (x_4 v -x_0) ^ (x_1 v -x_4 v x_2) ^ (x_1 v x_4)]
6,11,0.078125,0.004807710647583008,0.024702072143554688,[(x_3 v -x_1) ^ (x_0 v x_5) ^ (x_4 v x_5 v -x_3) ^ (x_0 v x_1 v -x_4) ^ (x_3 v -x_4 v -x_2) ^ (-x_2 v -x_4 v -x_5) ^ (-x_4 v x_2 v -x_3) ^ (-x_1 v -x_5 v -x_0) ^ (x_1 v -x_2 v -x_0) ^ (-x_4 v -x_5 v -x_3) ^ (-x_2 v x_5 v -x_3)]
6,12,0.078125,0.004975557327270508,0.025190353393554688,[(x_3 v x_2 v x_5) ^ (x_3 v -x_1 v x_2) ^ (-x_4 v x_2 v -x_0) ^ (-x_2 v x_1 v -x_5) ^ (x_0 v -x_1 v x_5) ^ (x_2 v -x_3 v -x_0) ^ (-x_2 v x_5 v -x_0) ^ (-x_5 v -x_2 v x_4) ^ (x_3 v -x_2 v x_5) ^ (-x_1 v -x_5 v -x_0) ^ (-x_0 v -x_5 v x_4) ^ (x_3 v -x_4 v x_5)]
6,9,0.09375,0.004427194595336914,0.026853561401367188,[(-x_2 v -x_0) ^ (-x_1 v -x_5) ^ (-x_2 v x_4 v -x_3) ^ (x_1 v -x_4) ^ (-x_1 v x_4 v -x_3) ^ (x_1 v x_2) ^ (-x_1 v -x_5 v -x_0) ^ (x_4 v x_2 v -x_0) ^ (x_3 v -x_1 v -x_5)]
6,6,0.046875,0.0035469532012939453,0.023710250854492188,[(x_3 v -x_2) ^ (x_3 v -x_5 v -x_0) ^ (x_1 v x_4 v x_2) ^ (x_3 v x_0) ^ (x_0 v -x_4 v -x_3) ^ (x_1 v x_5 v -x_0)]
6,16,0.125,0.0060498714447021484,0.028200149536132812,[(x_0 v x_4 v x_5) ^ (x_3 v x_1 v -x_5) ^ (-x_1 v x_4 v -x_2) ^ (-x_1 v -x_4 v -x_0) ^ (x_0 v -x_2) ^ (x_0 v -x_1 v x_5) ^ (x_0 v -x_3) ^ (x_1 v -x_5 v -x_3) ^ (x_3 v -x_4) ^ (-x_2 v x_5 v -x_3) ^ (x_3 v x_1 v x_0) ^ (-x_4 v -x_5 v x_2) ^ (x_3 v x_0) ^ (x_1 v -x_4) ^ (-x_2 v -x_3) ^ (x_0 v x_1 v x_5)]
6,11,0.078125,0.0051038265228271484,0.025266647338867188,[(x_3 v -x_5 v -x_0) ^ (x_0 v -x_4 v -x_5) ^ (x_0 v -x_1 v x_4) ^ (-x_4 v -x_0) ^ (x_5 v x_2 v -x_3) ^ (x_1 v x_4 v -x_0) ^ (x_0 v x_1 v x_3) ^ (x_1 v x_2 v -x_3) ^ (-x_1 v -x_0) ^ (-x_4) ^ (x_3 v x_4 v -x_0)]
6,7,0.09375,0.006079912185668945,0.027318954467773438,[(-x_1 v -x_4 v -x_0) ^ (-x_4 v -x_5) ^ (x_3 v -x_5 v -x_2) ^ (x_3 v -x_4 v -x_5) ^ (-x_2 v -x_5 v -x_0) ^ (x_0 v x_3) ^ (x_0 v x_1 v -x_2)]
7,7,0.03125,0.00576329231262207,0.02919292449951172,[(x_5 v -x_4 v x_2) ^ (-x_4 v x_2 v -x_0) ^ (-x_1 v x_5 v -x_3) ^ (x_3 v x_6 v x_2) ^ (x_0 v x_5 v -x_3) ^ (x_0 v -x_5) ^ (-x_5 v -x_4 v -x_2)]
7,8,0.0546875,0.006217241287231445,0.036314964294433594,[(-x_0 v -x_3) ^ (x_1 v -x_4 v -x_2) ^ (x_0 v x_2 v -x_6) ^ (x_2 v -x_6) ^ (x_4 v -x_0) ^ (-x_1 v -x_5 v -x_0) ^ (-x_6 v x_4 v -x_0) ^ (-x_6 v x_2 v -x_3)]
7,20,0.0546875,0.015182733535766602,0.037116050720214844,[(x_5 v -x_3 v -x_6) ^ (x_6 v -x_4 v -x_5) ^ (x_6 v x_1 v x_4) ^ (-x_4 v -x_6 v -x_3) ^ (-x_5 v -x_2) ^ (x_0 v -x_5 v x_2) ^ (x_1 v x_5 v -x_6) ^ (-x_1 v -x_4 v -x_2) ^ (x_1 v -x_5 v -x_0) ^ (-x_4 v -x_6) ^ (-x_5 v -x_3) ^ (-x_4 v x_5 v -x_0) ^ (-x_4 v -x_5 v -x_3) ^ (x_3 v -x_2) ^ (-x_5 v x_2 v -x_6) ^ (x_3 v -x_4 v -x_6) ^ (x_6 v x_2 v -x_0) ^ (x_4 v -x_0) ^ (x_3 v x_5 v -x_6) ^ (x_4 v x_5 v -x_6)]
7,10,0.046875,0.007738828659057617,0.034338951110839844,[(-x_1 v x_4) ^ (-x_6 v -x_2 v -x_3) ^ (x_0 v x_4) ^ (x_0 v x_5 v -x_6) ^ (x_1 v -x_4) ^ (x_0 v x_2) ^ (x_1 v -x_5 v -x_6) ^ (-x_0 v -x_5 v x_4) ^ (x_3 v -x_1 v x_0) ^ (x_3 v -x_1 v -x_4)]
7,19,0.0703125,0.012755393981933594,0.038344383239746094,[(x_3 v x_2 v x_5) ^ (x_3 v -x_1 v x_5) ^ (x_3 v -x_1 v -x_6) ^ (x_6 v x_5 v x_2) ^ (x_6 v -x_4 v -x_0) ^ (-x_1 v -x_2 v -x_6) ^ (x_0 v x_6) ^ (-x_2 v -x_6) ^ (-x_4 v x_5 v -x_3) ^ (x_3 v -x_4 v x_0) ^ (x_3 v -x_5 v -x_2) ^ (x_1 v -x_0) ^ (x_0 v -x_3 v -x_6) ^ (-x_1 v -x_2 v -x_0) ^ (x_0 v x_3 v x_2) ^ (-x_1 v -x_4 v x_5) ^ (x_0 v -x_4 v x_2) ^ (x_3 v x_4 v -x_0) ^ (x_1 v x_4 v -x_3)]
7,8,0.0390625,0.006435871124267578,0.029631614685058594,[(x_6 v -x_2 v -x_3) ^ (-x_1 v x_4) ^ (x_0 v -x_5 v -x_3) ^ (-x_1 v -x_4) ^ (x_1 v -x_4) ^ (x_1 v x_2) ^ (x_3 v x_2 v x_0) ^ (x_0 v -x_5 v -x_6)]
7,14,0.0625,0.010619163513183594,0.037932395935058594,[(x_6) ^ (x_0 v -x_2) ^ (x_0 v -x_5 v -x_2) ^ (-x_0 v -x_5 v -x_3) ^ (x_3 v -x_1 v x_4) ^ (-x_2 v x_5 v -x_0) ^ (-x_0 v x_1 v -x_3) ^ (-x_1 v -x_5 v -x_3) ^ (x_0 v x_6 v -x_3) ^ (x_1 v -x_2 v -x_6) ^ (-x_1 v x_6 v -x_3) ^ (-x_6 v -x_3 v -x_0) ^ (-x_1 v -x_4 v -x_3) ^ (-x_1 v -x_2 v x_3)]
7,13,0.0390625,0.009498834609985352,0.032248497009277344,[(x_0 v x_5 v x_2) ^ (-x_1 v x_6 v x_2) ^ (-x_0 v -x_5 v -x_3) ^ (x_2 v x_5 v -x_6) ^ (x_0 v -x_5 v x_4) ^ (-x_2 v -x_5 v -x_0) ^ (-x_1 v -x_0) ^ (-x_1 v -x_3 v x_0) ^ (x_0 v x_2 v x_5) ^ (x_3 v x_1 v -x_0) ^ (x_1 v x_4) ^ (-x_2 v x_5) ^ (x_0 v -x_5 v -x_6)]
7,16,0.0625,0.011657953262329102,0.037558555603027344,[(x_1 v -x_4 v -x_0) ^ (x_3 v x_1 v -x_5) ^ (-x_4 v x_2) ^ (x_3 v x_4 v -x_0) ^ (-x_0 v x_4 v -x_6) ^ (-x_1 v x_2 v -x_3) ^ (x_0 v x_5) ^ (x_1 v -x_4 v -x_2) ^ (x_0 v -x_1 v x_4) ^ (x_6 v x_4 v x_2) ^ (x_0 v x_6 v -x_1) ^ (-x_1 v -x_5 v x_4) ^ (x_0 v x_2 v -x_3) ^ (x_3 v x_1 v -x_0) ^ (-x_3) ^ (x_0 v x_1 v -x_3)]
7,19,0.0625,0.013484954833984375,0.036772727966308594,[(-x_0 v -x_5 v -x_3) ^ (-x_5 v x_2 v -x_3) ^ (x_4 v -x_3) ^ (-x_4 v -x_6 v -x_0) ^ (x_6 v -x_2 v -x_0) ^ (x_3 v -x_5 v -x_6) ^ (-x_1 v -x_6 v x_0) ^ (x_6 v x_1 v x_5) ^ (x_6 v x_2) ^ (x_3 v x_4 v -x_6) ^ (x_0 v x_5) ^ (-x_6 v -x_3) ^ (-x_4 v x_2 v -x_6) ^ (x_3 v -x_2 v -x_6) ^ (x_2 v -x_3) ^ (-x_2 v -x_0) ^ (x_0 v -x_3) ^ (x_4 v -x_0) ^ (x_0 v -x_5 v -x_6)]
7,21,0.0625,0.018545150756835938,0.036047935485839844,[(x_3 v x_2 v x_5) ^ (-x_5 v -x_2 v -x_0) ^ (-x_1 v -x_2 v -x_3) ^ (x_2 v -x_6) ^ (x_6 v x_1) ^ (x_6 v -x_4 v -x_5) ^ (x_3 v -x_5 v -x_6) ^ (-x_4 v -x_3) ^ (x_1 v x_2 v -x_0) ^ (x_6 v -x_0) ^ (x_3 v x_6 v x_4) ^ (x_6 v x_4 v x_2) ^ (-x_1 v -x_4 v -x_2) ^ (x_1 v x_4 v -x_0) ^ (-x_2 v -x_4 v -x_5) ^ (-x_4 v -x_5 v -x_3) ^ (x_0 v x_4 v x_5) ^ (x_3 v -x_2 v -x_6) ^ (x_0 v x_4 v -x_6) ^ (-x_1 v x_6 v -x_0) ^ (-x_1 v x_5 v x_3)]
7,19,0.0625,0.01320338249206543,0.037085533142089844,[(-x_1 v -x_3 v -x_0) ^ (x_3 v x_4 v x_0) ^ (-x_1 v -x_5 v -x_3) ^ (x_0 v -x_4 v x_5) ^ (-x_1 v -x_2 v x_3) ^ (-x_5 v -x_3 v x_4) ^ (x_4 v -x_3 v -x_6) ^ (x_1 v -x_5 v -x_3) ^ (-x_2 v -x_6) ^ (x_3 v -x_4 v -x_0) ^ (x_6 v x_1 v x_5) ^ (-x_1 v x_2 v -x_0) ^ (x_6 v x_5 v -x_0) ^ (-x_4 v x_5 v -x_3) ^ (x_3 v -x_5 v x_0) ^ (x_3 v x_6 v -x_0) ^ (-x_1 v x_2 v -x_3) ^ (-x_1 v -x_5) ^ (-x_2 v x_5 v x_4)]
7,20,0.0625,0.01586151123046875,0.034323692321777344,[(x_0 v -x_2 v x_5) ^ (x_6 v x_1 v -x_4) ^ (x_3 v x_6 v -x_2) ^ (x_6 v -x_4 v -x_0) ^ (x_6 v -x_4 v x_5) ^ (x_3 v -x_5 v x_4) ^ (-x_1 v -x_6) ^ (-x_1 v x_2 v -x_0) ^ (x_1 v x_4) ^ (x_0 v -x_1) ^ (x_0 v x_5 v -x_6) ^ (x_0 v x_6 v -x_3) ^ (-x_5 v -x_2 v x_4) ^ (x_3 v x_1 v x_4) ^ (x_1 v -x_4 v -x_2) ^ (x_6 v -x_4 v -x_2) ^ (x_1 v -x_2 v -x_0) ^ (x_0 v x_3) ^ (-x_2 v x_5 v x_4) ^ (x_1 v -x_4 v -x_5)]
7,19,0.0546875,0.014522790908813477,0.035262107849121094,[(x_6 v x_2 v -x_3) ^ (-x_4 v -x_5 v -x_6) ^ (x_6 v x_5 v -x_3) ^ (x_0 v x_6 v -x_4) ^ (-x_1 v x_6 v -x_3) ^ (x_3 v x_5) ^ (-x_1 v -x_4 v x_3) ^ (-x_1 v x_4 v -x_2) ^ (x_3 v -x_4 v -x_0) ^ (x_4 v -x_6) ^ (x_0 v -x_1 v -x_5) ^ (-x_5 v -x_3) ^ (-x_6 v x_4 v -x_0) ^ (x_3 v x_1 v x_4) ^ (x_3 v -x_2 v -x_6) ^ (x_1 v -x_4 v -x_5) ^ (x_6 v -x_4 v x_2) ^ (x_5 v x_2 v -x_6) ^ (x_3 v x_4 v -x_0)]
7,9,0.046875,0.0070836544036865234,0.033217430114746094,[(-x_1 v x_4 v -x_2) ^ (x_0) ^ (x_6 v -x_2 v x_5) ^ (x_6 v x_4 v -x_3) ^ (x_3 v x_5 v -x_0) ^ (-x_6 v -x_2 v x_4) ^ (-x_1 v x_2 v x_3) ^ (x_1 v -x_6 v -x_3) ^ (-x_1 v x_6 v -x_2)]
7,12,0.046875,0.009302854537963867,0.034506797790527344,[(x_6 v -x_2 v -x_0) ^ (x_1 v x_4 v x_2) ^ (-x_4 v -x_5) ^ (x_6 v -x_4 v -x_0) ^ (x_3 v -x_1 v -x_0) ^ (-x_2 v -x_5 v -x_6) ^ (-x_4 v -x_5 v -x_6) ^ (x_1 v -x_5 v -x_0) ^ (x_1 v -x_2 v x_4) ^ (-x_1 v -x_4 v x_2) ^ (x_3 v -x_2 v -x_0) ^ (-x_1 v x_4 v -x_0)]
7,19,0.0625,0.013793230056762695,0.036543846130371094,[(-x_0 v -x_5 v -x_3) ^ (x_6 v x_1 v -x_4) ^ (-x_1 v -x_5 v -x_3) ^ (x_3 v -x_1 v x_6) ^ (x_4 v x_2) ^ (x_6 v x_1 v -x_5) ^ (x_0 v x_3 v x_5) ^ (-x_1 v -x_6 v -x_3) ^ (x_3 v x_4 v -x_6) ^ (x_6 v -x_5 v -x_3) ^ (x_0 v x_5) ^ (x_3 v x_2 v -x_0) ^ (-x_1 v -x_4) ^ (x_6 v x_5) ^ (-x_1 v -x_4 v -x_0) ^ (-x_1 v x_6 v x_4) ^ (-x_1 v x_5 v -x_3) ^ (-x_1 v -x_4 v x_0) ^ (x_3 v x_4)]
7,7,0.03125,0.007360696792602539,0.03023815155029297,[(-x_6 v x_5 v -x_0) ^ (-x_4 v -x_2 v -x_0) ^ (x_3 v x_6 v x_5) ^ (x_0 v x_6 v -x_4) ^ (-x_1 v x_6 v -x_2) ^ (-x_3 v -x_0) ^ (x_3 v x_4 v -x_0)]
7,16,0.0546875,0.012200117111206055,0.036063194274902344,[(x_4 v x_2 v -x_3) ^ (-x_1 v x_4 v -x_0) ^ (-x_1 v -x_4 v -x_5) ^ (x_0 v -x_2) ^ (-x_5 v x_2) ^ (x_1 v -x_3) ^ (-x_0 v -x_5 v -x_3) ^ (-x_5 v -x_3 v x_4) ^ (-x_4 v -x_5 v x_2) ^ (x_3 v x_1) ^ (-x_0 v -x_6) ^ (x_6 v -x_4 v x_2) ^ (x_4 v x_5) ^ (x_3 v x_1 v x_2) ^ (-x_5 v -x_4 v -x_2) ^ (x_0 v -x_5 v -x_6)]
7,11,0.0390625,0.007976055145263672,0.031928062438964844,[(x_3 v -x_2) ^ (-x_6 v -x_2 v -x_3) ^ (x_6 v x_2 v -x_3) ^ (-x_1 v x_6 v x_4) ^ (x_2 v -x_3 v -x_6) ^ (-x_2 v x_5 v -x_0) ^ (x_6 v x_1 v -x_4) ^ (-x_5 v -x_3 v -x_6) ^ (x_6 v x_5 v -x_0) ^ (x_0 v -x_4) ^ (-x_5 v -x_3 v x_4)]
7,16,0.0625,0.011289119720458984,0.037123680114746094,[(x_3 v x_5) ^ (x_0 v x_2 v -x_6) ^ (x_3 v x_6 v -x_5) ^ (x_4 v x_5 v -x_3) ^ (-x_5 v x_2 v -x_6) ^ (-x_1 v x_4 v x_5) ^ (x_0 v x_1 v -x_6) ^ (x_0 v x_6 v -x_3) ^ (x_6 v x_5 v -x_3) ^ (x_3 v x_5 v -x_6) ^ (-x_1 v x_5 v -x_6) ^ (x_3 v x_1 v -x_6) ^ (x_0 v -x_4) ^ (x_3 v x_4) ^ (x_3 v -x_4 v x_5) ^ (-x_0 v x_5 v -x_6)]
7,15,0.0546875,0.011251449584960938,0.035796165466308594,[(x_5 v -x_3 v -x_0) ^ (-x_1 v x_6) ^ (x_3 v -x_2) ^ (x_2 v -x_3) ^ (x_1 v -x_2) ^ (-x_0 v x_4 v -x_6) ^ (-x_1 v x_0 v -x_6) ^ (-x_1 v -x_4 v x_3) ^ (-x_1 v -x_3 v -x_0) ^ (x_3 v x_0) ^ (x_6 v x_2) ^ (-x_2 v -x_3 v x_4) ^ (-x_1 v -x_4 v x_2) ^ (x_0 v x_1 v x_4) ^ (-x_1 v x_5 v x_3)]
7,15,0.046875,0.012016773223876953,0.033484458923339844,[(-x_1 v -x_3) ^ (-x_1 v -x_2) ^ (x_3 v -x_2 v -x_6) ^ (x_3 v -x_5 v -x_6) ^ (-x_1 v x_6 v x_2) ^ (x_3 v x_6 v -x_5) ^ (x_0 v x_1 v -x_4) ^ (x_0 v x_6 v x_4) ^ (x_0 v -x_4 v -x_2) ^ (-x_4 v x_2 v -x_3) ^ (x_4 v x_5 v -x_6) ^ (x_3) ^ (x_6 v x_5 v -x_0) ^ (-x_4 v -x_3) ^ (-x_6 v x_4 v -x_0)]
7,20,0.0625,0.014949321746826172,0.037436485290527344,[(-x_4 v -x_5 v -x_0) ^ (x_3 v -x_6) ^ (-x_1 v -x_3 v -x_0) ^ (x_1 v x_4 v -x_6) ^ (x_1 v -x_6) ^ (-x_5 v -x_3 v x_4) ^ (x_0 v x_2 v -x_6) ^ (-x_6 v -x_5 v -x_3) ^ (-x_0 v -x_5 v x_4) ^ (x_1 v x_4) ^ (-x_1 v x_6) ^ (x_1 v x_2 v -x_0) ^ (x_1 v x_5 v -x_6) ^ (x_3 v x_6 v x_5) ^ (x_3 v x_6 v -x_0) ^ (x_1 v -x_4 v -x_2) ^ (-x_4 v x_5 v -x_6) ^ (x_0 v -x_4 v -x_2) ^ (x_3 v -x_2 v -x_0) ^ (x_3 v -x_4 v -x_2)]
7,14,0.0546875,0.011447906494140625,0.034178733825683594,[(-x_4 v x_2) ^ (-x_6 v x_2 v -x_0) ^ (x_3 v -x_0) ^ (x_0 v x_6) ^ (x_6 v -x_4 v -x_2) ^ (x_0 v -x_1 v x_2) ^ (-x_4 v x_5 v -x_6) ^ (x_3 v -x_4 v -x_6) ^ (x_6 v x_1 v -x_4) ^ (x_1 v x_2) ^ (x_0 v x_1 v x_4) ^ (x_4 v x_5) ^ (x_3 v -x_2 v -x_0) ^ (-x_2 v x_5 v -x_3)]
7,14,0.046875,0.009230852127075195,0.034110069274902344,[(-x_1 v -x_3) ^ (x_5 v -x_3 v -x_0) ^ (x_1 v x_2 v -x_6) ^ (-x_6 v -x_0) ^ (-x_5 v -x_0) ^ (x_1 v -x_4 v -x_2) ^ (x_0 v x_5) ^ (x_1 v -x_2 v -x_5) ^ (x_6 v -x_4 v -x_3) ^ (x_6 v -x_2 v x_4) ^ (x_6 v x_1 v -x_4) ^ (x_1 v -x_2 v x_5) ^ (-x_1 v -x_5 v -x_0) ^ (-x_1 v -x_6 v -x_3)]
7,21,0.078125,0.020433902740478516,0.040732383728027344,[(x_0 v -x_4 v -x_5) ^ (-x_0 v -x_5 v -x_3) ^ (-x_1 v -x_3 v -x_0) ^ (-x_1 v -x_4 v -x_3) ^ (x_4 v -x_3) ^ (-x_1 v -x_3) ^ (-x_5 v -x_0) ^ (x_1 v -x_2 v -x_3) ^ (-x_3 v -x_6) ^ (x_6 v -x_2) ^ (x_0 v x_1 v -x_6) ^ (-x_1 v x_6 v x_2) ^ (x_2 v -x_3 v -x_0) ^ (x_3 v x_1 v -x_4) ^ (x_0 v x_6 v -x_3) ^ (-x_1 v x_6 v -x_4) ^ (x_3 v x_6 v -x_0) ^ (x_0 v x_4 v x_5) ^ (-x_1 v x_2 v -x_3) ^ (x_3 v x_5 v -x_6) ^ (x_1 v -x_2 v -x_0)]
7,18,0.078125,0.01715254783630371,0.037543296813964844,[(x_6) ^ (x_3 v -x_0) ^ (x_1 v x_2 v -x_0) ^ (-x_1 v -x_4 v -x_0) ^ (-x_5 v -x_3 v -x_0) ^ (-x_2 v -x_5 v -x_3) ^ (x_2) ^ (x_6 v -x_4 v -x_3) ^ (-x_4 v -x_6 v -x_3) ^ (-x_4 v -x_5 v x_2) ^ (-x_4 v x_2 v -x_3) ^ (-x_1 v -x_5 v x_2) ^ (-x_1 v x_4 v x_0) ^ (x_1 v -x_6 v -x_3) ^ (x_3 v -x_1 v -x_2) ^ (-x_1 v -x_0) ^ (-x_1 v -x_2 v -x_6) ^ (-x_1 v -x_2 v -x_0)]
7,17,0.0625,0.012207746505737305,0.036856651306152344,[(x_3 v x_1 v -x_5) ^ (x_3 v x_5) ^ (x_3 v x_4 v x_2) ^ (x_1 v x_5) ^ (-x_4 v -x_6 v -x_0) ^ (-x_2 v x_5 v -x_6) ^ (-x_4 v -x_2 v -x_6) ^ (x_2 v -x_6) ^ (-x_1 v x_4 v -x_3) ^ (x_0 v x_5 v -x_3) ^ (x_6 v x_1) ^ (x_6 v -x_4) ^ (x_5 v -x_3) ^ (x_5 v x_2 v -x_6) ^ (x_2 v x_5 v -x_0) ^ (x_1 v x_5 v -x_3) ^ (-x_1 v x_4 v -x_0)]
7,9,0.0390625,0.007143497467041016,0.031363487243652344,[(-x_1 v -x_4 v -x_5) ^ (x_3 v -x_2 v -x_6) ^ (-x_5 v x_2) ^ (x_0 v x_2 v x_3) ^ (x_6 v x_1 v -x_2) ^ (-x_1 v -x_4 v x_5) ^ (x_6 v -x_3 v -x_0) ^ (-x_1 v x_2) ^ (x_0 v -x_3 v -x_6)]
7,11,0.0546875,0.011290550231933594,0.035140037536621094,[(x_3 v x_5) ^ (-x_1 v -x_6 v -x_0) ^ (x_6 v x_1 v -x_0) ^ (x_0 v x_1 v -x_4) ^ (x_3 v -x_4 v x_2) ^ (-x_1 v -x_6) ^ (x_5 v x_2 v -x_0) ^ (x_3 v x_1) ^ (x_3 v x_5 v -x_0) ^ (-x_5 v -x_3) ^ (x_6 v -x_3)]
7,11,0.0546875,0.011245965957641602,0.033118247985839844,[(x_1 v -x_2) ^ (x_6 v -x_5 v x_2) ^ (x_0) ^ (x_6 v -x_4 v -x_2) ^ (-x_1 v -x_2 v -x_3) ^ (x_6 v x_1 v -x_4) ^ (-x_5 v -x_2 v -x_3) ^ (x_3 v x_6 v -x_2) ^ (-x_1 v -x_5 v -x_0) ^ (x_4 v -x_3) ^ (-x_5 v -x_4 v -x_2)]
7,14,0.046875,0.017362594604492188,0.033308982849121094,[(x_3 v x_1 v -x_5) ^ (x_1 v -x_2) ^ (x_6 v x_1 v x_4) ^ (x_6 v x_4 v -x_0) ^ (x_3 v -x_6) ^ (x_3 v -x_1 v x_5) ^ (x_0 v x_6 v x_5) ^ (-x_1 v x_6 v x_0) ^ (-x_5 v x_2 v -x_6) ^ (-x_2 v x_4 v -x_3) ^ (x_3 v x_5 v x_0) ^ (-x_1 v x_6 v -x_4) ^ (x_3 v x_4 v -x_0) ^ (x_0 v -x_5 v -x_6)]
7,13,0.0390625,0.009846687316894531,0.032546043395996094,[(-x_4 v x_2 v -x_0) ^ (x_0 v -x_2 v x_5) ^ (x_1 v -x_5 v x_2) ^ (-x_1 v -x_2 v -x_3) ^ (x_3 v -x_4 v -x_5) ^ (x_1 v -x_4 v -x_3) ^ (x_0 v -x_6) ^ (x_6 v -x_5 v -x_2) ^ (x_3 v x_1 v x_4) ^ (x_3 v x_6 v -x_0) ^ (x_0 v -x_2 v x_3) ^ (x_3 v -x_4 v x_0) ^ (-x_1 v x_4 v -x_0)]
7,7,0.046875,0.00827479362487793,0.03335094451904297,[(-x_1 v x_4) ^ (-x_5 v x_2 v x_4) ^ (x_2 v -x_6) ^ (x_3 v -x_5 v -x_2) ^ (-x_6 v -x_3) ^ (-x_1 v -x_4 v x_2) ^ (-x_1 v x_4 v -x_0)]
7,21,0.0546875,0.01966547966003418,0.035841941833496094,[(-x_4 v -x_3 v -x_6) ^ (x_0 v -x_6 v -x_3) ^ (x_3 v -x_0) ^ (x_3 v -x_4 v x_2) ^ (-x_2 v x_4 v -x_3) ^ (-x_4 v -x_5 v -x_6) ^ (x_0 v x_3 v -x_6) ^ (-x_5 v -x_0) ^ (x_1 v -x_5 v x_2) ^ (-x_2 v -x_5 v -x_6) ^ (x_5 v -x_3) ^ (x_1 v -x_3 v -x_6) ^ (x_3 v x_1 v x_4) ^ (-x_1 v x_4) ^ (x_3 v -x_2 v -x_6) ^ (x_0 v -x_3) ^ (x_5 v x_2 v -x_0) ^ (x_1 v x_2 v -x_3) ^ (x_6 v -x_4 v x_2) ^ (x_1 v -x_2 v x_4) ^ (x_0 v x_3)]
7,12,0.0390625,0.008472919464111328,0.032279014587402344,[(-x_0 v x_4 v -x_6) ^ (-x_6 v -x_0) ^ (x_0 v -x_5 v -x_6) ^ (x_0 v x_6 v -x_3) ^ (-x_1 v -x_4 v x_0) ^ (x_1 v -x_5) ^ (-x_1 v -x_3 v -x_6) ^ (x_6 v -x_5 v -x_2) ^ (x_6 v -x_4 v -x_0) ^ (x_3 v x_4) ^ (-x_1 v x_6 v -x_0) ^ (-x_1 v x_6 v -x_2)]
7,20,0.0625,0.009704351425170898,0.037970542907714844,[(-x_4 v -x_0) ^ (-x_5 v -x_2 v -x_6) ^ (-x_1 v -x_2 v -x_6) ^ (x_6 v -x_2 v -x_0) ^ (x_0 v x_6 v -x_2) ^ (-x_1 v -x_5 v x_4) ^ (x_3 v x_2 v -x_6) ^ (x_4 v -x_6) ^ (x_0 v -x_5) ^ (-x_0 v -x_2 v -x_6) ^ (x_0 v x_4 v x_2) ^ (x_6 v -x_4 v -x_3) ^ (x_1 v x_4 v -x_0) ^ (x_0 v x_1 v x_4) ^ (x_0 v x_6 v x_3) ^ (-x_0 v x_4 v -x_6) ^ (x_3 v -x_2 v -x_6) ^ (x_1 v -x_2 v x_4) ^ (x_4 v x_5 v -x_6) ^ (x_0 v -x_4)]
7,15,0.0546875,0.009961843490600586,0.034804344177246094,[(x_0 v x_5 v x_3) ^ (x_3 v -x_5 v -x_0) ^ (-x_2 v x_5 v -x_6) ^ (x_0 v -x_2 v x_4) ^ (x_3 v -x_1 v x_4) ^ (-x_2 v x_5 v -x_0) ^ (x_2 v -x_6) ^ (-x_1 v x_5 v -x_0) ^ (-x_4 v -x_2 v -x_0) ^ (x_3 v x_0) ^ (x_6 v -x_4) ^ (x_1 v -x_2 v -x_0) ^ (x_6 v -x_4 v -x_5) ^ (-x_1 v -x_2 v -x_6) ^ (-x_4 v -x_2 v x_5)]
7,11,0.0625,0.00894308090209961,0.035605430603027344,[(x_5 v -x_6) ^ (x_3 v x_1 v x_4) ^ (x_3 v x_1 v -x_2) ^ (-x_2 v x_5 v -x_6) ^ (x_0 v -x_2 v x_5) ^ (-x_1 v -x_0 v -x_6) ^ (x_3 v -x_4 v -x_6) ^ (x_1 v -x_2 v -x_6) ^ (x_3 v x_6 v -x_2) ^ (x_0 v -x_4) ^ (-x_1 v x_4 v -x_0)]
7,15,0.046875,0.011632680892944336,0.033530235290527344,[(x_0 v x_5 v x_3) ^ (-x_1 v x_4 v -x_6) ^ (x_6 v -x_4 v -x_2) ^ (x_3 v -x_2 v x_0) ^ (x_3 v x_6 v x_4) ^ (x_5 v -x_3 v -x_6) ^ (-x_2 v x_5 v -x_3) ^ (x_2 v x_5 v -x_3) ^ (-x_4 v -x_5 v x_2) ^ (-x_1 v -x_4) ^ (x_6 v x_1 v x_5) ^ (x_0 v x_1 v x_2) ^ (x_1 v x_4 v x_5) ^ (-x_4 v -x_5 v -x_3) ^ (x_1 v x_5 v -x_0)]
7,8,0.03125,0.006824016571044922,0.029753684997558594,[(x_6 v -x_2 v -x_0) ^ (-x_4 v -x_2 v -x_6) ^ (-x_5 v x_2 v -x_6) ^ (-x_6 v x_4 v -x_3) ^ (-x_4 v -x_0) ^ (-x_1 v x_5 v -x_0) ^ (-x_2 v -x_4 v -x_5) ^ (-x_1 v x_2 v x_3)]
7,14,0.0625,0.011482000350952148,0.035330772399902344,[(x_5 v -x_6) ^ (x_1 v x_5) ^ (-x_1 v x_5) ^ (x_0 v -x_6 v -x_3) ^ (x_4 v x_5 v -x_3) ^ (x_0 v -x_4 v -x_2) ^ (-x_4 v -x_2 v -x_0) ^ (x_0 v -x_5) ^ (x_0 v x_4 v -x_6) ^ (x_5 v x_2 v -x_6) ^ (-x_0 v -x_5 v x_4) ^ (-x_6 v x_4 v -x_0) ^ (-x_1 v x_6 v -x_2) ^ (x_5 v x_2 v -x_3)]
7,18,0.0625,0.013332366943359375,0.036238670349121094,[(x_4 v x_2 v -x_3) ^ (x_1 v x_4 v x_2) ^ (x_1 v x_5 v -x_6) ^ (x_6 v -x_5 v -x_3) ^ (x_6 v x_2 v -x_3) ^ (-x_1 v x_2 v x_0) ^ (x_4 v x_2 v -x_6) ^ (x_0 v x_6 v x_4) ^ (-x_1 v x_5 v -x_0) ^ (x_1 v -x_4 v -x_3) ^ (x_1 v -x_3 v -x_6) ^ (x_0 v x_2) ^ (-x_1 v x_2 v -x_6) ^ (-x_5 v -x_3 v -x_6) ^ (x_4 v x_2 v -x_0) ^ (x_0 v -x_5) ^ (x_3 v -x_4 v -x_2) ^ (-x_0 v -x_4 v -x_3)]
7,7,0.03125,0.011495351791381836,0.02920818328857422,[(x_5 v -x_3 v -x_0) ^ (-x_1 v -x_4 v -x_6) ^ (x_3 v -x_5 v -x_0) ^ (-x_1 v x_6 v x_4) ^ (-x_1 v x_2) ^ (x_0 v x_1 v x_5) ^ (-x_1 v x_5 v x_3)]
7,12,0.046875,0.009441137313842773,0.033415794372558594,[(x_0 v x_6 v x_1) ^ (x_6 v x_1 v -x_0) ^ (-x_1 v -x_4 v -x_2) ^ (x_1 v x_4 v -x_6) ^ (x_3 v -x_4) ^ (-x_4 v -x_2 v -x_0) ^ (x_3 v x_2) ^ (-x_5 v -x_2 v x_4) ^ (x_1 v x_2) ^ (x_5 v -x_3) ^ (-x_6 v x_4 v -x_0) ^ (x_1 v x_5 v -x_3)]
7,9,0.0546875,0.0068895816802978516,0.035964012145996094,[(x_0 v x_6) ^ (x_1 v -x_4 v -x_2) ^ (x_4 v x_5 v -x_3) ^ (x_1 v -x_4) ^ (x_6 v x_4 v x_5) ^ (-x_1 v x_5 v -x_6) ^ (-x_4 v x_5 v -x_3) ^ (-x_2 v -x_3) ^ (-x_2 v x_5 v -x_3)]
7,15,0.0625,0.011951684951782227,0.036406517028808594,[(-x_2 v x_5) ^ (x_0 v x_3 v -x_6) ^ (-x_1 v -x_3 v -x_0) ^ (x_0 v x_6 v -x_2) ^ (-x_0 v x_2 v -x_3) ^ (x_3 v -x_4 v -x_5) ^ (x_3 v x_2) ^ (x_3 v x_5 v -x_0) ^ (-x_5 v x_2 v -x_0) ^ (-x_4 v x_2 v x_5) ^ (x_1 v -x_2 v -x_0) ^ (x_1 v -x_0) ^ (x_3 v x_1 v x_4) ^ (x_3 v x_4 v -x_6) ^ (x_1 v -x_6 v -x_0)]
7,20,0.0546875,0.019791126251220703,0.036307334899902344,[(x_0 v x_1 v -x_5) ^ (x_1 v x_4 v -x_6) ^ (-x_4 v x_2 v -x_3) ^ (x_3 v x_6 v -x_2) ^ (-x_4 v -x_6 v -x_0) ^ (-x_5 v x_2 v x_4) ^ (-x_1 v -x_5 v -x_0) ^ (x_6 v -x_5 v -x_2) ^ (x_3 v -x_4 v x_0) ^ (x_6 v -x_4 v -x_3) ^ (-x_1 v x_4 v x_5) ^ (x_0 v x_1) ^ (x_3 v x_6 v -x_0) ^ (-x_1 v -x_4 v -x_5) ^ (-x_4 v x_2 v -x_6) ^ (-x_4 v x_5 v -x_6) ^ (x_0 v -x_4 v -x_2) ^ (-x_1 v -x_4 v x_5) ^ (-x_6 v -x_2 v x_4) ^ (-x_1 v x_3 v x_0)]
7,19,0.0703125,0.01812291145324707,0.038374900817871094,[(-x_2 v x_5 v -x_6) ^ (x_0 v x_2 v x_3) ^ (x_6 v -x_2 v x_4) ^ (x_6 v x_4 v -x_3) ^ (x_0 v x_1 v x_3) ^ (x_3 v x_6 v -x_2) ^ (x_6 v -x_2 v -x_0) ^ (x_6 v x_1 v x_4) ^ (x_1 v -x_5 v x_2) ^ (x_4 v -x_6) ^ (x_1 v -x_2 v -x_6) ^ (x_6 v -x_3) ^ (x_3 v x_1 v x_4) ^ (-x_2 v x_5 v -x_3) ^ (x_0 v x_4 v x_5) ^ (x_6 v x_5) ^ (-x_2 v -x_0) ^ (-x_0 v x_2 v -x_3) ^ (x_0 v x_2 v -x_3)]
8,11,0.0234375,0.021477460861206055,0.048148155212402344,[(-x_1 v -x_5 v x_0) ^ (-x_1 v x_2 v -x_3) ^ (x_7 v x_5 v -x_0) ^ (x_3 v -x_4 v -x_5) ^ (-x_1 v -x_5 v x_7) ^ (x_3 v -x_4 v -x_6) ^ (x_6 v x_1 v -x_4) ^ (-x_5 v -x_2 v x_4) ^ (x_1 v -x_5) ^ (x_4 v x_2 v -x_0) ^ (x_0 v -x_5 v x_2)]
8,18,0.03125,0.030059337615966797,0.047759056091308594,[(x_1 v -x_4 v -x_0) ^ (x_6 v -x_2 v -x_0) ^ (x_3 v x_5) ^ (-x_7 v -x_2 v -x_3) ^ (x_0 v x_4 v -x_3) ^ (x_0 v x_4) ^ (x_0 v -x_2 v x_4) ^ (-x_1) ^ (-x_4 v -x_5 v -x_7) ^ (x_1 v -x_5 v -x_0) ^ (x_1 v -x_4 v -x_3) ^ (x_6 v -x_7 v -x_3) ^ (x_1 v x_2) ^ (-x_2 v -x_3 v x_4) ^ (-x_7 v x_2 v -x_0) ^ (x_3 v x_4) ^ (x_0 v x_1 v -x_7) ^ (-x_1 v -x_5 v x_3)]
8,11,0.02734375,0.016884803771972656,0.049948692321777344,[(x_0 v -x_1 v -x_6) ^ (x_0 v x_5 v x_2) ^ (x_3 v -x_1 v x_7) ^ (x_2 v -x_3) ^ (x_0 v -x_5 v -x_2) ^ (-x_4 v x_5 v -x_7) ^ (x_6 v -x_2) ^ (x_6 v x_5 v -x_3) ^ (x_5 v x_1 v x_2) ^ (x_6 v -x_3) ^ (x_3 v x_7 v -x_6)]
8,18,0.02734375,0.0240786075592041,0.046301841735839844,[(x_3 v x_2 v x_5) ^ (-x_1 v x_6 v -x_5) ^ (-x_2 v -x_5 v -x_3) ^ (x_3 v -x_1 v x_2) ^ (-x_1 v -x_7 v x_4) ^ (x_6 v x_4 v -x_0) ^ (x_3 v x_6 v -x_5) ^ (-x_4 v -x_2 v -x_6) ^ (x_1 v -x_5 v x_7) ^ (x_0 v x_6 v -x_7) ^ (x_6 v -x_7 v -x_3) ^ (x_0 v -x_4 v x_5) ^ (x_0 v x_1 v x_4) ^ (-x_1 v -x_2 v x_3) ^ (x_0 v -x_1 v -x_4) ^ (x_6 v x_1 v x_7) ^ (-x_1 v x_4 v x_3) ^ (x_1 v -x_2 v x_7)]
8,21,0.02734375,0.04065704345703125,0.051634788513183594,[(-x_4 v -x_2 v -x_6) ^ (x_6 v -x_7 v -x_5) ^ (x_6 v x_1) ^ (-x_0 v x_2 v -x_6) ^ (-x_1 v -x_5 v x_3) ^ (-x_7 v -x_2) ^ (-x_0 v -x_2 v x_4) ^ (x_6 v x_2) ^ (-x_6 v -x_5 v x_4) ^ (x_1 v x_4 v x_2) ^ (-x_1 v x_7 v x_3) ^ (x_0 v x_1 v -x_4) ^ (x_1 v -x_0) ^ (x_0 v x_7 v -x_6) ^ (-x_0 v x_4 v -x_6) ^ (-x_4 v x_2 v -x_6) ^ (x_1 v -x_4 v -x_2) ^ (-x_5 v x_7 v -x_6) ^ (x_5 v x_2 v -x_0) ^ (-x_1 v -x_4 v x_0) ^ (-x_7 v -x_3)]
8,13,0.02734375,0.020358562469482422,0.051276206970214844,[(x_6 v x_1 v -x_0) ^ (x_3 v -x_7 v -x_2) ^ (x_0 v -x_1 v x_5) ^ (x_5 v x_2 v -x_3) ^ (-x_4 v -x_5 v -x_6) ^ (-x_4 v -x_7) ^ (-x_1 v -x_7) ^ (x_1 v -x_4 v x_2) ^ (x_0 v -x_5 v x_7) ^ (x_4 v -x_3 v -x_0) ^ (-x_1 v -x_2 v x_5) ^ (x_1 v -x_4 v -x_6) ^ (x_3 v x_5 v x_0)]
8,21,0.0390625,0.030187129974365234,0.050726890563964844,[(x_6 v x_2 v -x_3) ^ (x_1 v -x_3) ^ (-x_4 v -x_0) ^ (x_0 v -x_4) ^ (-x_5 v x_2 v -x_3) ^ (x_6 v x_1) ^ (x_1 v -x_2 v x_5) ^ (x_0 v x_6 v -x_4) ^ (-x_0 v x_2 v -x_6) ^ (x_5 v x_2 v -x_3) ^ (x_6 v -x_2 v x_5) ^ (x_3 v x_2 v -x_6) ^ (x_6 v -x_4) ^ (-x_1 v -x_6 v -x_3) ^ (-x_1 v x_4 v -x_6) ^ (x_3 v -x_7 v x_0) ^ (-x_6 v -x_5 v -x_0) ^ (-x_5 v x_7 v -x_0) ^ (x_1 v -x_4 v -x_2) ^ (x_1 v x_5 v -x_3) ^ (-x_1 v x_6 v -x_0)]
8,17,0.03125,0.027727603912353516,0.046698570251464844,[(-x_5 v x_7 v -x_3) ^ (x_3 v x_4 v x_2) ^ (x_6 v x_4) ^ (x_1 v -x_2 v -x_5) ^ (-x_4 v x_7 v x_2) ^ (-x_5 v x_2 v -x_6) ^ (x_6 v -x_5 v -x_0) ^ (x_3 v x_6 v x_2) ^ (-x_1 v x_6 v x_3) ^ (x_0 v -x_5) ^ (-x_1 v -x_5 v x_2) ^ (x_1 v -x_7 v -x_3) ^ (x_6 v x_1 v -x_5) ^ (-x_2 v x_7 v -x_0) ^ (-x_1 v -x_2 v -x_6) ^ (x_3 v -x_7 v -x_0) ^ (x_0 v x_1 v -x_7)]
8,20,0.03515625,0.027588844299316406,0.051260948181152344,[(-x_1 v -x_2 v x_7) ^ (-x_1 v -x_3 v -x_0) ^ (x_3 v -x_5) ^ (x_6 v x_5 v -x_3) ^ (x_3 v -x_7) ^ (x_3 v -x_1 v x_2) ^ (x_6 v -x_4 v x_5) ^ (x_6 v x_2) ^ (x_3 v x_6 v -x_4) ^ (-x_1 v x_3) ^ (x_5 v -x_3) ^ (x_6 v x_7 v -x_3) ^ (-x_7 v x_4 v x_5) ^ (x_1 v -x_5 v x_4) ^ (-x_2 v x_5) ^ (x_1 v x_5) ^ (x_6 v x_7 v x_5) ^ (x_6 v -x_5 v -x_0) ^ (x_1 v -x_2 v x_4) ^ (x_1 v x_5 v -x_3)]
8,24,0.0390625,0.03334474563598633,0.051558494567871094,[(x_3 v -x_6) ^ (-x_1 v -x_3 v -x_0) ^ (x_1 v -x_4 v -x_7) ^ (-x_1 v -x_7 v -x_2) ^ (x_6 v -x_7 v -x_0) ^ (x_3 v -x_5) ^ (-x_5 v -x_3 v x_4) ^ (x_6 v x_1 v -x_5) ^ (-x_1 v -x_5 v x_3) ^ (x_0 v x_2 v -x_6) ^ (-x_5 v -x_2) ^ (x_3 v -x_7 v x_4) ^ (-x_1 v -x_7) ^ (-x_6 v -x_5 v x_4) ^ (x_0 v x_1 v -x_7) ^ (x_0 v x_5) ^ (-x_1 v -x_4) ^ (-x_6 v x_4 v -x_0) ^ (-x_2 v x_7) ^ (x_0 v -x_1 v -x_2) ^ (-x_1 v x_5 v x_2) ^ (x_4 v x_5) ^ (-x_1 v x_6 v x_5) ^ (x_3 v x_4)]
8,9,0.015625,0.014633417129516602,0.043356895446777344,[(-x_1 v -x_4 v -x_5) ^ (x_3 v x_1 v -x_2) ^ (-x_2 v x_7 v -x_3) ^ (-x_1 v x_4 v x_5) ^ (-x_5 v x_2 v -x_3) ^ (x_0 v -x_1 v -x_3) ^ (x_1 v -x_2 v x_4) ^ (x_3 v -x_5 v x_2) ^ (x_6 v x_1 v x_2)]
8,15,0.02734375,0.02041935920715332,0.046240806579589844,[(-x_7 v -x_0) ^ (-x_1 v -x_4 v x_3) ^ (-x_1 v -x_4 v -x_0) ^ (x_0 v x_2 v -x_6) ^ (-x_4 v x_7 v -x_0) ^ (-x_1 v -x_7 v x_3) ^ (-x_1 v x_4 v x_5) ^ (-x_4 v -x_6 v -x_3) ^ (x_3 v -x_7 v x_5) ^ (-x_1 v x_2) ^ (x_6 v -x_5 v x_4) ^ (-x_7 v -x_5 v -x_6) ^ (x_3 v x_1 v -x_0) ^ (-x_7 v -x_3) ^ (x_1 v x_4 v -x_3)]
8,12,0.02734375,0.01801586151123047,0.046881675720214844,[(x_3 v x_1 v -x_5) ^ (x_3 v -x_0) ^ (-x_7 v -x_5 v -x_0) ^ (x_6 v -x_0) ^ (-x_1 v -x_3 v -x_0) ^ (-x_2 v x_7) ^ (-x_4 v x_7 v x_2) ^ (x_3 v -x_4 v x_2) ^ (x_3 v -x_2 v x_7) ^ (x_6 v x_1 v x_5) ^ (-x_1 v -x_7 v x_5) ^ (x_3)]
8,10,0.0234375,0.01677417755126953,0.053633689880371094,[(x_1 v x_2 v -x_0) ^ (x_1 v x_5 v -x_6) ^ (x_0 v x_2 v -x_6) ^ (-x_4 v -x_2 v -x_6) ^ (-x_7 v x_5 v -x_6) ^ (-x_4 v x_5 v -x_0) ^ (x_6 v -x_4) ^ (x_3 v -x_7 v -x_0) ^ (x_6 v -x_7 v x_5) ^ (-x_4 v -x_5 v x_7)]
8,15,0.03125,0.02198624610900879,0.049582481384277344,[(x_1 v -x_7 v -x_6) ^ (x_1 v -x_2) ^ (x_0 v -x_7 v -x_5) ^ (-x_2 v -x_6) ^ (-x_7 v x_2 v -x_6) ^ (x_5 v x_2 v -x_0) ^ (-x_6 v x_7 v x_4) ^ (x_3 v x_5 v -x_0) ^ (x_1 v -x_4) ^ (x_0 v x_4 v -x_6) ^ (x_0 v -x_5 v x_4) ^ (-x_1 v x_5 v -x_0) ^ (x_0 v -x_2 v -x_6) ^ (-x_4 v -x_3) ^ (-x_7 v -x_5 v x_2)]
8,24,0.0390625,0.03221845626831055,0.052947044372558594,[(x_5 v -x_6) ^ (-x_1 v x_6 v x_0) ^ (x_0 v x_6 v -x_4) ^ (x_0 v x_1 v x_5) ^ (-x_5 v -x_6) ^ (x_0 v -x_5 v -x_2) ^ (-x_5 v x_2 v x_4) ^ (x_3 v -x_7 v -x_6) ^ (x_3 v -x_4 v x_5) ^ (-x_2 v x_5 v x_7) ^ (x_6 v -x_4 v -x_3) ^ (x_1 v x_7 v -x_6) ^ (-x_2 v -x_4 v -x_5) ^ (x_3 v x_6 v x_5) ^ (x_0 v x_1) ^ (x_0 v x_6 v -x_5) ^ (-x_4 v x_5 v -x_0) ^ (-x_5 v x_7 v -x_0) ^ (-x_2 v x_7) ^ (x_3 v -x_4) ^ (x_1 v -x_2 v x_4) ^ (x_1 v -x_5 v -x_6) ^ (x_0 v -x_4 v -x_3) ^ (x_1 v -x_4 v -x_5)]
8,19,0.03515625,0.025406599044799805,0.051383018493652344,[(-x_0 v -x_5 v -x_3) ^ (-x_1 v -x_3 v -x_0) ^ (-x_7 v -x_5 v x_2) ^ (-x_4 v -x_6 v -x_0) ^ (x_3 v -x_7 v x_4) ^ (-x_0 v -x_5 v x_4) ^ (x_5 v -x_3) ^ (-x_4 v x_5 v -x_3) ^ (x_0 v -x_7 v x_3) ^ (x_1 v x_5 v -x_6) ^ (x_1 v x_2 v -x_0) ^ (-x_7 v x_4 v x_5) ^ (-x_1 v -x_7 v -x_3) ^ (x_0 v -x_4 v -x_7) ^ (-x_5 v -x_3 v -x_0) ^ (-x_1 v x_4 v -x_3) ^ (x_6 v -x_7 v -x_3) ^ (-x_1 v x_3 v x_0) ^ (x_0 v -x_1 v x_2)]
8,9,0.01953125,0.01458287239074707,0.053786277770996094,[(x_0 v x_6 v x_1) ^ (-x_0 v x_4 v -x_6) ^ (-x_1 v x_6 v -x_5) ^ (x_6 v x_4 v -x_0) ^ (x_0 v -x_1) ^ (x_0 v x_1 v x_7) ^ (x_7 v x_2 v -x_3) ^ (x_6 v -x_7 v -x_3) ^ (x_7 v x_5)]
8,22,0.03515625,0.0286409854888916,0.048415184020996094,[(x_5 v -x_7 v x_2) ^ (-x_1 v -x_5 v -x_2) ^ (x_1 v x_7 v x_2) ^ (x_3 v -x_4 v x_2) ^ (-x_4 v -x_2 v -x_0) ^ (x_7 v x_2) ^ (-x_1 v x_6 v x_7) ^ (x_1 v -x_4 v x_7) ^ (x_6 v x_1 v x_4) ^ (-x_7 v x_4 v -x_3) ^ (x_1 v -x_4) ^ (x_0 v -x_7 v x_3) ^ (-x_1 v -x_4) ^ (x_3 v -x_5 v -x_2) ^ (x_0 v x_1) ^ (x_1 v x_4 v x_5) ^ (x_3 v -x_5 v x_2) ^ (x_0 v x_1 v x_4) ^ (x_3 v -x_4 v -x_6) ^ (x_1 v x_2 v -x_3) ^ (x_0 v -x_7 v x_5) ^ (-x_2 v x_5 v x_4)]
8,10,0.0234375,0.015934228897094727,0.042654991149902344,[(x_0 v x_4 v x_5) ^ (-x_1 v -x_2) ^ (x_0 v -x_7 v -x_3) ^ (x_0 v x_1 v -x_6) ^ (-x_7 v -x_2 v -x_6) ^ (-x_5 v -x_7 v -x_2) ^ (x_0 v -x_5) ^ (-x_0 v -x_2 v -x_6) ^ (-x_1 v -x_5 v x_3) ^ (x_7 v x_5 v -x_6)]
8,9,0.0234375,0.01401972770690918,0.050856590270996094,[(x_6 v -x_7 v x_2) ^ (-x_5 v -x_2 v -x_0) ^ (x_0 v -x_2 v x_7) ^ (-x_1 v -x_2 v -x_3) ^ (-x_4 v x_5) ^ (-x_1 v -x_0) ^ (-x_4 v -x_3) ^ (-x_1 v -x_2 v -x_0) ^ (x_6 v x_1 v -x_3)]
8,21,0.03515625,0.029775619506835938,0.048323631286621094,[(-x_2 v -x_5 v -x_3) ^ (x_3 v -x_1 v -x_6) ^ (x_3 v -x_4 v x_7) ^ (-x_1 v x_7 v x_5) ^ (x_3 v -x_1 v x_2) ^ (x_0 v x_2 v -x_6) ^ (-x_6 v -x_5 v -x_3) ^ (x_0 v -x_7 v -x_3) ^ (x_3 v x_6 v x_1) ^ (x_0 v -x_1 v -x_3) ^ (x_3 v x_4 v -x_6) ^ (x_6 v x_1 v x_7) ^ (x_3 v x_6 v -x_5) ^ (-x_7 v -x_3 v -x_0) ^ (x_6 v x_4 v x_2) ^ (x_3 v x_4 v -x_2) ^ (x_0 v x_7 v -x_6) ^ (x_3 v x_4 v x_2) ^ (x_7 v x_5 v -x_0) ^ (x_0 v x_4 v -x_6) ^ (x_0 v x_5 v -x_3)]
8,13,0.0234375,0.025124549865722656,0.056571006774902344,[(x_1 v x_4 v x_2) ^ (-x_2 v x_7 v x_4) ^ (-x_7 v -x_5 v -x_0) ^ (x_6 v x_2 v -x_3) ^ (x_0 v -x_7 v -x_6) ^ (-x_1 v -x_7 v -x_0) ^ (-x_5 v x_2 v x_7) ^ (-x_4 v x_2 v -x_7) ^ (x_0 v -x_1 v -x_3) ^ (x_3 v -x_2 v x_5) ^ (-x_5 v -x_3 v x_4) ^ (-x_4 v -x_3) ^ (-x_1 v -x_5 v -x_6)]
8,22,0.03125,0.03285026550292969,0.049590110778808594,[(x_5 v -x_3 v -x_0) ^ (-x_1 v x_5) ^ (x_6 v x_4 v -x_3) ^ (x_0 v -x_4 v x_5) ^ (-x_2 v -x_3 v x_4) ^ (-x_4 v x_5) ^ (x_7 v x_4) ^ (x_3 v x_5 v x_0) ^ (x_3 v -x_7 v -x_5) ^ (x_0 v x_6 v -x_7) ^ (-x_4 v x_5 v -x_7) ^ (x_1 v -x_2 v -x_6) ^ (x_6 v x_5 v -x_0) ^ (-x_7 v -x_5 v x_4) ^ (-x_4 v -x_6) ^ (x_1 v -x_5) ^ (x_0 v -x_5 v x_7) ^ (-x_1 v x_2 v x_5) ^ (-x_5 v x_7 v -x_6) ^ (x_1 v -x_7 v -x_3) ^ (x_4 v x_7 v -x_0) ^ (x_0 v x_7 v -x_3)]
8,10,0.01953125,0.014481782913208008,0.046111106872558594,[(x_4 v x_2 v -x_3) ^ (x_5 v -x_7 v x_2) ^ (-x_1 v -x_5 v x_0) ^ (-x_1 v x_7 v -x_0) ^ (x_0 v -x_7 v -x_6) ^ (-x_1 v x_6 v x_3) ^ (-x_1 v x_6 v x_4) ^ (x_4 v x_5 v -x_0) ^ (x_0 v x_6 v -x_2) ^ (x_0 v x_1 v -x_2)]
8,24,0.04296875,0.03340506553649902,0.052687644958496094,[(x_3 v x_7 v x_4) ^ (x_3 v -x_4 v x_7) ^ (x_7 v x_2) ^ (x_4 v -x_3) ^ (-x_5 v -x_6) ^ (x_3 v x_7 v x_2) ^ (x_7 v -x_3 v -x_6) ^ (x_0 v x_6 v -x_7) ^ (x_3 v x_1) ^ (x_1 v -x_4 v -x_3) ^ (x_3 v x_2 v -x_6) ^ (x_4 v -x_6) ^ (-x_0 v -x_6) ^ (-x_1 v x_2 v -x_0) ^ (x_1 v -x_7 v x_2) ^ (x_3 v x_1 v -x_4) ^ (x_3 v -x_5 v -x_2) ^ (-x_1 v -x_4) ^ (-x_4 v -x_6) ^ (-x_1 v x_6 v -x_4) ^ (x_0 v x_1 v x_4) ^ (-x_2 v x_5 v -x_3) ^ (-x_1 v -x_4 v -x_5) ^ (x_7 v -x_3)]
8,24,0.02734375,0.03240633010864258,0.052290916442871094,[(x_3 v x_7 v x_4) ^ (x_7 v x_5 v -x_3) ^ (-x_4 v -x_7 v -x_0) ^ (x_4 v x_2 v x_7) ^ (x_1 v x_7 v -x_0) ^ (x_1 v -x_2 v x_5) ^ (x_3 v -x_7 v -x_5) ^ (-x_4 v x_5 v -x_7) ^ (x_6 v -x_2) ^ (-x_1 v x_4 v x_2) ^ (-x_1 v x_5 v -x_6) ^ (-x_7 v x_4) ^ (x_0 v x_6 v x_2) ^ (x_7 v -x_0) ^ (x_3 v -x_5 v x_7) ^ (-x_6 v -x_3 v -x_0) ^ (x_0 v x_4 v x_5) ^ (-x_4 v x_5 v -x_6) ^ (-x_5 v x_7 v -x_6) ^ (-x_7 v -x_2 v x_5) ^ (x_6 v x_2 v -x_0) ^ (-x_7 v -x_6) ^ (x_3 v x_5 v -x_6) ^ (x_0 v -x_1 v x_2)]
8,9,0.01953125,0.014430522918701172,0.052062034606933594,[(x_6 v -x_2 v -x_3) ^ (-x_4 v x_7 v x_5) ^ (x_5 v -x_6) ^ (-x_2 v -x_5 v -x_3) ^ (x_7 v x_5 v -x_0) ^ (x_0 v x_4) ^ (-x_1 v -x_5 v -x_3) ^ (-x_4 v x_2 v -x_3) ^ (x_6 v x_1 v x_5)]
8,17,0.0234375,0.023500919342041016,0.053549766540527344,[(-x_5 v x_7 v -x_3) ^ (x_3 v -x_2) ^ (x_0 v x_6) ^ (x_2 v -x_0) ^ (x_7 v x_2 v -x_0) ^ (x_3 v -x_5 v -x_6) ^ (-x_7 v -x_3 v -x_6) ^ (x_1 v -x_4 v x_5) ^ (x_5 v x_7 v x_2) ^ (-x_2 v -x_3) ^ (x_3 v -x_1 v -x_7) ^ (x_4 v x_5 v -x_6) ^ (-x_1 v -x_4 v x_2) ^ (-x_4 v x_2) ^ (x_3 v x_4 v -x_6) ^ (-x_7 v -x_5 v x_2) ^ (x_0 v x_6 v x_3)]
8,11,0.0234375,0.01630401611328125,0.050414085388183594,[(-x_5 v -x_6) ^ (-x_7 v -x_2 v -x_3) ^ (x_6 v x_1 v -x_0) ^ (x_0 v x_7 v x_4) ^ (x_0 v x_5) ^ (x_6 v -x_7 v -x_3) ^ (x_4 v -x_6) ^ (-x_7 v -x_2 v -x_6) ^ (-x_1 v x_5 v -x_6) ^ (x_0 v x_6 v x_7) ^ (x_4 v -x_3 v -x_0)]
8,14,0.02734375,0.019301414489746094,0.051840782165527344,[(x_4 v -x_3 v -x_0) ^ (x_6 v x_1 v -x_0) ^ (x_1 v -x_0) ^ (-x_4 v -x_5) ^ (-x_1 v x_4 v -x_2) ^ (x_6 v x_4 v x_2) ^ (x_3 v x_5 v -x_6) ^ (x_0 v -x_7) ^ (x_1 v -x_2 v -x_0) ^ (-x_1 v -x_4 v -x_3) ^ (x_1 v -x_4 v x_7) ^ (x_0 v x_7 v -x_3) ^ (x_3 v -x_4 v -x_2) ^ (x_1 v -x_4 v -x_6)]
8,19,0.03125,0.027807950973510742,0.053092002868652344,[(x_0 v x_6 v x_1) ^ (-x_2 v x_7 v -x_6) ^ (-x_1 v x_6 v x_0) ^ (x_7 v x_2) ^ (x_6 v x_1 v -x_4) ^ (x_6 v -x_4 v x_5) ^ (x_1 v -x_7 v -x_2) ^ (x_3 v -x_7 v -x_6) ^ (x_6 v -x_3) ^ (x_7 v -x_0) ^ (x_1 v x_2 v -x_0) ^ (-x_2 v x_5 v x_7) ^ (x_3 v x_1 v -x_4) ^ (x_0 v x_1 v x_2) ^ (-x_1 v -x_7 v -x_3) ^ (-x_0 v -x_4 v -x_3) ^ (-x_1 v x_6 v x_4) ^ (-x_1 v x_4 v -x_3) ^ (x_0 v -x_1 v -x_4)]
8,19,0.03125,0.027778148651123047,0.047430992126464844,[(x_0 v x_5 v x_3) ^ (x_3 v -x_0) ^ (-x_6 v x_5 v -x_3) ^ (x_1 v x_7 v x_4) ^ (x_7 v x_4) ^ (-x_4 v -x_2 v x_5) ^ (-x_5 v -x_3 v x_4) ^ (-x_1 v -x_6 v x_0) ^ (-x_1 v x_5 v -x_6) ^ (x_3 v -x_7 v -x_0) ^ (x_3 v x_4 v -x_6) ^ (x_3 v -x_5 v x_0) ^ (x_3 v x_6 v -x_7) ^ (x_3 v x_4 v x_7) ^ (-x_2 v x_4) ^ (x_6 v x_5) ^ (-x_1 v x_2 v -x_3) ^ (x_0 v -x_3) ^ (-x_7 v x_4 v -x_0)]
8,15,0.0234375,0.021604061126708984,0.053999900817871094,[(x_4 v x_7) ^ (x_3 v x_7 v x_2) ^ (x_7 v -x_3 v -x_0) ^ (x_3 v -x_1 v x_7) ^ (x_0 v -x_4 v x_2) ^ (-x_3 v -x_6) ^ (x_6 v -x_4 v -x_3) ^ (x_0 v -x_2 v -x_3) ^ (x_1 v -x_5 v -x_0) ^ (x_3 v x_1 v x_7) ^ (x_6 v x_1 v x_5) ^ (-x_1 v x_6 v -x_2) ^ (x_3 v x_1 v -x_0) ^ (-x_4 v -x_2 v x_5) ^ (-x_7 v x_4)]
8,23,0.03515625,0.0379486083984375,0.052565574645996094,[(x_0 v x_6 v x_1) ^ (-x_5 v -x_2 v -x_0) ^ (x_3 v -x_5) ^ (-x_1 v x_6 v x_7) ^ (x_6 v -x_4 v -x_0) ^ (-x_6 v -x_2 v -x_3) ^ (x_6 v -x_5 v x_7) ^ (-x_1 v -x_6) ^ (-x_2 v -x_3 v -x_0) ^ (x_6 v x_2) ^ (-x_1 v x_7 v -x_3) ^ (x_3 v x_6 v -x_4) ^ (x_0 v -x_5 v x_2) ^ (x_3 v -x_7 v -x_2) ^ (x_6 v x_4 v x_2) ^ (x_7 v x_2 v -x_6) ^ (-x_1 v -x_7 v -x_3) ^ (-x_1 v -x_5 v -x_6) ^ (x_3 v -x_2 v -x_6) ^ (-x_1 v -x_2 v x_0) ^ (-x_1 v -x_5) ^ (x_0 v x_7 v -x_3) ^ (-x_1 v x_4 v x_3)]
8,18,0.02734375,0.02358722686767578,0.043936729431152344,[(x_0 v -x_7 v -x_2) ^ (x_3 v x_1 v -x_5) ^ (x_7 v -x_3 v -x_0) ^ (-x_2 v -x_0) ^ (x_0 v x_7) ^ (x_3 v -x_7) ^ (x_0 v -x_1 v x_4) ^ (x_3 v -x_5 v x_7) ^ (x_0 v x_2) ^ (x_6 v -x_7 v -x_2) ^ (x_1 v -x_7 v x_2) ^ (x_3 v x_4 v x_7) ^ (x_0 v -x_7 v x_4) ^ (-x_5 v x_7 v x_4) ^ (x_1 v -x_6 v -x_3) ^ (x_3 v -x_4 v -x_7) ^ (-x_7 v -x_5 v x_2) ^ (x_7 v x_5)]
8,16,0.02734375,0.026006698608398438,0.044112205505371094,[(-x_4 v x_2) ^ (x_5 v -x_6) ^ (-x_4 v -x_2 v x_7) ^ (x_0 v -x_4 v -x_5) ^ (-x_4 v x_5 v -x_7) ^ (x_3 v -x_4 v x_7) ^ (x_2 v x_4 v x_5) ^ (x_6 v x_1 v -x_4) ^ (x_6 v x_7 v x_2) ^ (-x_7 v x_4 v -x_6) ^ (x_1 v -x_2 v x_5) ^ (-x_6 v -x_5 v x_4) ^ (x_6 v -x_2 v x_7) ^ (-x_1 v -x_2 v x_5) ^ (x_3 v -x_2 v -x_0) ^ (x_3 v x_5 v x_0)]
8,18,0.03125,0.024289369583129883,0.046133995056152344,[(x_6 v -x_5 v x_2) ^ (x_1 v -x_4 v -x_2) ^ (x_3 v -x_1 v x_5) ^ (x_0 v -x_7 v -x_5) ^ (x_0 v -x_3) ^ (x_1 v -x_4) ^ (-x_1 v -x_5 v -x_3) ^ (-x_4 v x_2 v -x_3) ^ (-x_2 v -x_3 v x_4) ^ (-x_5 v -x_2 v -x_3) ^ (-x_1 v -x_4 v -x_3) ^ (-x_6 v -x_5 v x_4) ^ (x_0 v x_4 v x_3) ^ (-x_7 v x_4 v -x_0) ^ (x_3 v x_4) ^ (-x_3) ^ (-x_1 v x_6 v -x_0) ^ (x_3 v x_7 v x_5)]
8,24,0.03515625,0.034264564514160156,0.050490379333496094,[(x_4 v x_7) ^ (-x_1 v x_7 v x_4) ^ (x_3 v -x_1 v -x_6) ^ (-x_6 v x_4 v -x_3) ^ (-x_4 v x_2 v -x_3) ^ (-x_1 v -x_4 v -x_3) ^ (x_1 v x_5 v -x_0) ^ (-x_7 v -x_2) ^ (-x_1 v -x_3) ^ (x_1 v x_7 v x_5) ^ (x_3 v -x_7 v -x_6) ^ (x_3 v -x_7 v x_0) ^ (x_2 v -x_0) ^ (-x_2 v -x_5) ^ (x_3 v -x_5 v x_0) ^ (x_3 v x_1 v x_4) ^ (-x_5 v x_7 v -x_0) ^ (-x_4 v x_7 v x_5) ^ (-x_0 v x_5 v -x_3) ^ (x_3 v -x_4 v -x_6) ^ (-x_7 v -x_6) ^ (x_0 v -x_4 v x_7) ^ (-x_6 v -x_2 v x_4) ^ (x_3 v -x_2 v -x_0)]
8,17,0.03515625,0.028221845626831055,0.048918724060058594,[(x_1 v -x_7 v -x_6) ^ (x_1 v -x_7) ^ (x_1 v -x_3 v -x_0) ^ (-x_5 v -x_0) ^ (x_1 v -x_2 v -x_3) ^ (-x_0 v -x_4 v -x_6) ^ (x_6 v -x_7 v -x_3) ^ (x_0 v x_7 v -x_6) ^ (x_0 v x_1 v -x_3) ^ (-x_1 v -x_7 v -x_3) ^ (x_0 v -x_7 v x_5) ^ (-x_2 v x_5 v x_4) ^ (-x_4) ^ (x_2 v x_5 v -x_0) ^ (-x_7 v x_2 v -x_3) ^ (-x_7 v -x_5 v x_2) ^ (-x_1 v x_5 v x_3)]
8,16,0.02734375,0.02262568473815918,0.052229881286621094,[(x_1 v -x_4 v -x_0) ^ (x_3 v -x_1 v x_7) ^ (x_6 v -x_0) ^ (x_1 v x_5 v -x_6) ^ (x_0 v -x_4 v x_3) ^ (-x_4 v x_7 v x_2) ^ (x_6 v -x_4 v -x_0) ^ (-x_1 v -x_2 v x_3) ^ (x_2 v -x_3 v -x_6) ^ (-x_0 v -x_7 v -x_6) ^ (x_1 v -x_2 v -x_0) ^ (-x_5 v -x_3) ^ (x_0 v -x_4 v x_2) ^ (-x_4 v -x_3) ^ (x_3 v x_4 v -x_6) ^ (x_0 v x_1 v x_4)]
8,16,0.02734375,0.021968603134155273,0.045554161071777344,[(x_3 v x_4 v x_2) ^ (-x_1 v -x_3) ^ (-x_1 v x_6 v -x_5) ^ (-x_2 v x_6 v -x_5) ^ (x_1 v -x_7 v -x_0) ^ (x_0 v x_1 v x_7) ^ (x_5 v -x_3 v -x_6) ^ (x_0 v x_6 v -x_5) ^ (x_1 v -x_5 v -x_0) ^ (-x_5 v -x_2 v x_4) ^ (x_0 v -x_7 v x_4) ^ (x_1 v -x_6 v -x_3) ^ (-x_7 v x_2 v -x_0) ^ (x_3 v -x_0 v -x_6) ^ (x_3 v x_4 v -x_6) ^ (-x_7 v x_5)]
8,16,0.02734375,0.025679588317871094,0.051161766052246094,[(-x_2 v x_4) ^ (x_0 v x_5 v x_2) ^ (-x_1 v x_3 v -x_0) ^ (x_0 v -x_1 v x_7) ^ (x_6 v -x_4 v x_5) ^ (x_0 v -x_7 v -x_5) ^ (-x_7 v x_5 v -x_3) ^ (-x_4 v -x_5 v -x_7) ^ (x_0 v x_1 v x_3) ^ (x_6 v -x_4 v x_2) ^ (x_0 v -x_6) ^ (x_1 v -x_0) ^ (x_3 v -x_7 v -x_0) ^ (x_3 v -x_1 v -x_4) ^ (-x_7 v x_5) ^ (x_0 v x_4 v x_7)]
8,24,0.0390625,0.03540658950805664,0.051886558532714844,[(-x_7 v -x_3 v -x_6) ^ (x_1 v -x_4 v x_5) ^ (-x_0 v -x_7 v -x_3) ^ (x_6 v -x_4 v -x_5) ^ (-x_7 v -x_5 v x_2) ^ (x_6 v x_7) ^ (x_3 v -x_4 v -x_5) ^ (x_3 v x_6 v -x_4) ^ (-x_1 v x_4 v x_2) ^ (-x_5 v -x_2 v -x_3) ^ (x_6 v x_1 v x_7) ^ (x_2 v x_7 v x_5) ^ (x_3 v -x_5 v -x_0) ^ (x_3 v x_2 v -x_0) ^ (x_3 v -x_7 v x_2) ^ (x_0 v x_4 v x_3) ^ (-x_5 v -x_7 v -x_2) ^ (-x_1 v x_2 v x_5) ^ (x_3 v x_2 v x_0) ^ (-x_1 v x_6 v x_4) ^ (x_0 v -x_3) ^ (x_3 v x_1 v x_7) ^ (x_6 v -x_4 v x_2) ^ (x_4 v x_5)]
8,17,0.03125,0.02477860450744629,0.046278953552246094,[(-x_2 v x_4) ^ (x_1 v x_5) ^ (-x_4 v x_2 v -x_6) ^ (x_0 v -x_5 v -x_3) ^ (x_0 v x_7 v x_4) ^ (-x_2 v x_7 v -x_3) ^ (-x_2 v x_6 v -x_5) ^ (-x_5 v x_2 v x_4) ^ (x_0 v x_1 v x_7) ^ (x_3 v -x_4 v -x_5) ^ (-x_1 v -x_4 v -x_7) ^ (-x_4 v x_5 v -x_0) ^ (x_1 v -x_2 v x_5) ^ (x_6 v -x_4 v -x_7) ^ (x_3 v -x_4 v -x_7) ^ (x_3 v -x_4 v -x_2) ^ (x_0 v -x_7 v -x_2)]
8,23,0.03125,0.03181338310241699,0.048384666442871094,[(x_0 v x_4) ^ (-x_1 v -x_5 v -x_3) ^ (-x_4 v x_5) ^ (x_3 v x_6 v -x_2) ^ (x_2 v x_5 v -x_6) ^ (x_6 v x_1 v x_4) ^ (-x_5 v x_4) ^ (x_3 v -x_7 v -x_6) ^ (-x_0 v x_4 v -x_3) ^ (-x_1 v -x_5 v x_0) ^ (x_2 v -x_0) ^ (x_7 v -x_0) ^ (x_3 v -x_7 v -x_2) ^ (-x_1 v x_4 v x_5) ^ (x_6 v -x_5 v x_4) ^ (-x_4 v -x_3 v -x_0) ^ (-x_5 v x_7 v -x_0) ^ (x_3 v x_4 v x_2) ^ (-x_2 v x_4) ^ (-x_4 v x_2 v -x_6) ^ (x_0 v x_7) ^ (x_3 v -x_4) ^ (x_0 v -x_5 v -x_6)]
8,21,0.03125,0.03323221206665039,0.048087120056152344,[(-x_4 v -x_5 v -x_0) ^ (-x_4 v -x_5 v -x_6) ^ (-x_1 v -x_5 v -x_3) ^ (-x_4 v -x_7) ^ (x_4 v x_2) ^ (x_1 v -x_2 v x_7) ^ (x_0 v -x_7 v x_2) ^ (-x_6 v -x_5 v -x_3) ^ (x_3 v x_6 v x_2) ^ (-x_2 v x_5 v -x_0) ^ (x_1 v -x_4 v -x_3) ^ (-x_1 v -x_5 v -x_0) ^ (x_1 v x_4) ^ (-x_2 v x_5 v x_7) ^ (x_0 v x_1 v x_7) ^ (-x_4 v -x_5 v -x_7) ^ (x_6 v x_5) ^ (x_3 v x_6 v x_0) ^ (-x_1 v x_4 v -x_3) ^ (x_6 v x_2 v x_5) ^ (x_1 v x_4 v -x_3)]
8,19,0.03125,0.027566194534301758,0.048087120056152344,[(x_5 v -x_7 v x_2) ^ (-x_4 v -x_5 v -x_0) ^ (-x_2 v -x_3 v x_4) ^ (x_0 v x_6 v x_4) ^ (x_0 v x_6 v -x_2) ^ (-x_2 v -x_6) ^ (x_3 v -x_7 v x_5) ^ (x_6 v -x_4 v -x_7) ^ (x_0 v x_4 v -x_3) ^ (x_1 v -x_7 v -x_0) ^ (x_1 v -x_7 v x_5) ^ (x_3 v -x_5 v x_7) ^ (-x_2 v x_7) ^ (x_6 v -x_5 v -x_0) ^ (x_0 v -x_4 v -x_2) ^ (x_1 v x_7) ^ (-x_7 v -x_2 v -x_6) ^ (-x_2 v x_5 v x_4) ^ (-x_1 v x_5 v x_3)]
8,13,0.01953125,0.018973112106323242,0.041953086853027344,[(-x_5 v x_4) ^ (x_3 v x_1 v -x_7) ^ (x_3 v x_6 v x_4) ^ (x_0 v -x_1 v x_4) ^ (-x_0 v -x_5 v -x_3) ^ (x_0 v x_5 v -x_6) ^ (x_6 v x_7 v x_2) ^ (x_6 v x_5 v -x_3) ^ (x_3 v -x_7 v x_4) ^ (x_1 v -x_6) ^ (x_0 v x_7 v -x_3) ^ (-x_1 v x_6 v -x_0) ^ (x_3 v x_7 v x_5)]
8,20,0.03125,0.025333881378173828,0.048033714294433594,[(-x_1 v x_5 v -x_0) ^ (-x_5 v -x_2 v -x_6) ^ (x_3 v x_0) ^ (x_3 v -x_5) ^ (x_1 v -x_2 v x_5) ^ (x_6 v x_1 v -x_7) ^ (x_6 v -x_4 v -x_7) ^ (-x_5 v x_2) ^ (x_6 v -x_4 v -x_3) ^ (x_0 v x_1 v x_7) ^ (-x_6 v x_7 v x_4) ^ (-x_6 v -x_3 v -x_0) ^ (-x_1 v -x_0 v -x_3) ^ (x_3 v x_6 v x_7) ^ (x_3 v x_4 v x_2) ^ (x_6 v -x_4 v -x_2) ^ (-x_1 v x_4 v -x_3) ^ (x_6 v -x_7 v -x_3) ^ (x_6 v x_4 v x_5) ^ (x_3 v x_4)]
9,15,0.013671875,0.03982830047607422,0.09107112884521484,[(x_7 v x_2 v x_4) ^ (-x_5 v x_7) ^ (-x_1 v x_5 v x_3) ^ (-x_7 v -x_5 v -x_0) ^ (x_6 v x_4 v -x_0) ^ (x_1 v -x_5 v -x_3) ^ (x_3 v -x_1 v -x_0) ^ (-x_2 v x_5 v -x_0) ^ (x_0 v -x_5) ^ (x_3 v -x_5 v x_7) ^ (x_4 v x_5 v -x_8) ^ (x_3 v x_4 v x_7) ^ (x_0 v -x_5 v x_8) ^ (x_6 v -x_7 v x_5) ^ (-x_4 v -x_6 v -x_0)]
9,26,0.025390625,0.06799745559692383,0.1051321029663086,[(-x_1 v -x_5 v -x_2) ^ (x_0 v x_1 v -x_5) ^ (-x_1 v -x_7 v -x_2) ^ (x_2 v -x_6) ^ (-x_1 v x_6 v x_8) ^ (x_8 v -x_5 v -x_3) ^ (-x_4 v -x_7 v -x_3) ^ (x_1 v -x_8 v -x_6) ^ (-x_1 v -x_5 v x_0) ^ (-x_4 v x_8) ^ (x_0 v -x_1 v x_5) ^ (-x_5 v x_8) ^ (x_0 v -x_7) ^ (x_3 v x_1 v x_5) ^ (x_6 v x_5 v -x_8) ^ (x_7 v -x_3) ^ (-x_1 v -x_2 v x_0) ^ (-x_2 v x_7) ^ (x_0 v x_5 v -x_3) ^ (x_1 v x_2 v -x_3) ^ (-x_1 v x_0 v x_8) ^ (x_0 v -x_4 v x_2) ^ (x_6 v -x_7 v -x_8) ^ (x_6 v x_8) ^ (x_3 v -x_7 v -x_8) ^ (x_0 v -x_1 v x_2)]
9,15,0.01171875,0.04780769348144531,0.0884695053100586,[(x_8 v -x_2 v x_4) ^ (-x_5 v -x_2 v -x_0) ^ (x_6 v -x_0) ^ (x_1 v x_4 v -x_8) ^ (x_0 v x_5) ^ (x_3 v -x_4 v x_7) ^ (-x_7 v x_2) ^ (x_6 v x_5 v x_8) ^ (x_1 v x_5 v -x_8) ^ (x_7 v x_5 v x_8) ^ (x_3 v x_8 v -x_0) ^ (x_0 v x_6 v -x_4) ^ (-x_1 v -x_7) ^ (-x_7 v -x_8 v -x_6) ^ (x_1 v -x_4 v -x_6)]
9,20,0.017578125,0.054277896881103516,0.1011800765991211,[(x_1 v x_8) ^ (x_6 v x_5 v -x_3) ^ (-x_1 v x_7 v x_5) ^ (-x_1 v x_6 v -x_3) ^ (x_1 v -x_4) ^ (-x_0 v -x_5 v x_4) ^ (x_1 v -x_6 v -x_0) ^ (x_0 v x_1 v -x_4) ^ (x_7 v x_2 v x_8) ^ (x_3 v x_4 v -x_2) ^ (x_2 v x_5 v -x_8) ^ (-x_2 v -x_5 v -x_0) ^ (-x_4 v -x_5 v -x_3) ^ (x_7 v -x_3) ^ (-x_1 v x_2 v -x_3) ^ (x_0 v x_2 v x_8) ^ (x_4 v -x_0) ^ (x_3 v x_1 v x_7) ^ (x_4 v x_2 v -x_0) ^ (-x_1 v -x_4 v -x_8)]
9,22,0.015625,0.058144569396972656,0.0957632064819336,[(x_3 v x_7 v -x_0) ^ (x_3 v -x_0) ^ (x_6 v x_1 v -x_4) ^ (x_6 v x_5 v -x_3) ^ (-x_1 v x_7 v x_5) ^ (x_8 v -x_5 v -x_3) ^ (x_0 v x_6 v -x_7) ^ (x_1 v x_2) ^ (x_6 v -x_5 v -x_2) ^ (x_3 v -x_7 v -x_0) ^ (-x_5 v x_7 v -x_3) ^ (x_6 v -x_0) ^ (x_0 v x_5) ^ (x_3 v x_1 v -x_4) ^ (x_0 v x_1) ^ (x_0 v x_6 v -x_5) ^ (-x_4 v -x_8 v -x_0) ^ (x_6 v x_4 v -x_0) ^ (x_3 v x_5 v x_8) ^ (x_4 v -x_0) ^ (x_4 v -x_8 v -x_0) ^ (x_0 v x_7 v -x_3)]
9,22,0.01953125,0.06131625175476074,0.0976095199584961,[(-x_4 v -x_2 v -x_6) ^ (x_4 v x_2 v -x_8) ^ (-x_4 v -x_2 v -x_0) ^ (-x_1 v -x_5 v -x_3) ^ (x_1 v -x_6) ^ (x_1 v -x_4 v x_8) ^ (x_6 v -x_4 v x_5) ^ (x_7) ^ (-x_1 v -x_7 v x_0) ^ (x_7 v x_5) ^ (x_6 v -x_2 v -x_3) ^ (x_1 v x_4 v x_2) ^ (-x_1 v -x_2) ^ (x_3 v x_6 v -x_5) ^ (x_0 v -x_2 v x_4) ^ (x_7 v x_2 v x_8) ^ (-x_6 v x_7 v -x_0) ^ (-x_4 v -x_5 v -x_7) ^ (x_3 v x_1 v x_5) ^ (-x_2 v x_7 v -x_3) ^ (x_1 v x_5 v -x_3) ^ (x_0 v x_7 v -x_3)]
9,22,0.017578125,0.07224464416503906,0.09476375579833984,[(x_3 v -x_6) ^ (x_1 v -x_4 v x_7) ^ (x_3 v x_7 v x_2) ^ (x_1 v -x_4 v x_8) ^ (x_3 v -x_5 v x_4) ^ (x_3 v x_7) ^ (-x_2 v x_5 v -x_0) ^ (x_3 v -x_7 v -x_6) ^ (-x_1 v -x_7 v x_5) ^ (-x_5 v -x_2 v -x_3) ^ (-x_1 v x_3) ^ (x_8 v x_4 v -x_3) ^ (x_6 v x_5 v -x_0) ^ (x_3 v -x_8 v -x_6) ^ (-x_6 v -x_3 v -x_0) ^ (-x_4 v x_7 v x_5) ^ (x_8 v -x_4 v -x_3) ^ (-x_5 v x_7 v -x_6) ^ (-x_5 v -x_3 v -x_6) ^ (x_5 v x_2 v -x_6) ^ (x_3 v x_4) ^ (x_7 v x_5 v -x_8)]
9,23,0.021484375,0.07093572616577148,0.09746456146240234,[(x_0 v -x_6 v -x_3) ^ (x_0 v -x_3 v x_8) ^ (-x_1 v -x_5 v -x_2) ^ (x_6 v -x_7 v x_2) ^ (-x_1 v x_5 v -x_0) ^ (-x_1 v -x_2 v x_8) ^ (-x_1 v -x_0 v x_8) ^ (x_6 v -x_4 v x_5) ^ (x_1 v -x_5 v x_2) ^ (x_1 v -x_2 v x_8) ^ (x_0 v -x_7 v -x_3) ^ (x_3 v -x_7 v x_4) ^ (x_4 v x_7 v -x_6) ^ (x_6 v -x_4) ^ (-x_7 v -x_2 v -x_3) ^ (-x_4 v x_8) ^ (x_1 v -x_7 v -x_0) ^ (x_8) ^ (-x_1 v -x_4) ^ (x_0 v x_7 v -x_8) ^ (x_6 v x_5) ^ (-x_7 v -x_2 v x_4) ^ (-x_4 v -x_5 v x_2)]
9,27,0.017578125,0.08540606498718262,0.0943288803100586,[(-x_1 v -x_2 v -x_8) ^ (x_8 v -x_4 v -x_6) ^ (x_1 v -x_3) ^ (x_3 v -x_6) ^ (x_7 v x_2) ^ (x_6 v x_5 v -x_3) ^ (-x_1 v x_8 v -x_0) ^ (x_3 v x_6 v -x_2) ^ (x_3 v -x_1) ^ (-x_1 v x_8 v x_0) ^ (-x_5 v -x_2 v x_7) ^ (x_1 v -x_4) ^ (x_3 v -x_7 v -x_6) ^ (-x_4 v -x_7 v x_8) ^ (x_6 v x_2) ^ (-x_4 v -x_8 v -x_3) ^ (x_7 v x_2 v -x_8) ^ (-x_5 v -x_8 v x_4) ^ (-x_7 v x_2 v -x_6) ^ (x_3 v x_4 v x_8) ^ (-x_0 v x_2 v x_8) ^ (x_0 v x_7 v -x_8) ^ (-x_1 v x_4) ^ (-x_4 v x_2 v -x_7) ^ (-x_1 v x_3 v x_0) ^ (-x_1 v x_4 v x_3) ^ (-x_6 v x_2 v -x_3)]
9,18,0.017578125,0.049257516860961914,0.0979146957397461,[(-x_7 v x_5 v x_8) ^ (x_6 v x_8 v -x_3) ^ (x_4 v x_5 v -x_3) ^ (x_7 v x_8) ^ (x_5 v -x_8 v -x_6) ^ (x_3 v -x_7 v x_8) ^ (x_2 v x_8) ^ (x_3 v -x_5 v -x_8) ^ (-x_1 v x_8 v x_0) ^ (-x_4 v x_2 v -x_3) ^ (-x_6 v -x_3) ^ (-x_7 v -x_5 v -x_8) ^ (-x_1 v -x_4 v -x_3) ^ (x_6 v -x_4 v x_2) ^ (x_1 v -x_8 v -x_0) ^ (-x_1 v -x_8 v -x_3) ^ (x_0 v -x_4 v x_8) ^ (x_0 v x_1 v -x_7)]
9,12,0.013671875,0.03432202339172363,0.08281612396240234,[(x_3 v x_7 v x_4) ^ (x_3 v -x_8 v -x_0) ^ (x_3 v -x_5 v -x_6) ^ (-x_7 v -x_8 v -x_0) ^ (x_3 v -x_7 v -x_2) ^ (x_2 v x_8) ^ (x_5 v -x_8 v -x_6) ^ (x_3 v -x_1 v -x_0) ^ (x_0 v -x_5 v x_4) ^ (x_0 v x_6 v -x_4) ^ (-x_4 v x_5 v -x_0) ^ (-x_5 v x_2 v -x_0)]
9,21,0.017578125,0.05932164192199707,0.0944204330444336,[(-x_1 v -x_2 v x_7) ^ (x_3 v -x_2 v x_0) ^ (x_3 v -x_1 v -x_0) ^ (x_4 v x_2 v -x_8) ^ (x_6 v -x_7 v -x_5) ^ (x_1 v -x_5 v x_8) ^ (x_6 v x_1 v -x_5) ^ (-x_1 v -x_8) ^ (x_0 v -x_5 v -x_3) ^ (-x_2 v x_7 v -x_0) ^ (x_4 v x_5 v x_7) ^ (-x_1 v x_6 v x_2) ^ (x_3 v x_6 v x_4) ^ (x_6 v -x_5 v x_4) ^ (x_0 v -x_7 v -x_5) ^ (-x_1 v x_4 v -x_3) ^ (x_1 v -x_7 v -x_3) ^ (x_6 v -x_4 v x_2) ^ (x_4 v x_2 v -x_0) ^ (-x_2 v -x_8) ^ (x_6 v x_8)]
9,17,0.015625,0.04607844352722168,0.09816646575927734,[(x_0 v x_2 v -x_8) ^ (x_0 v x_6) ^ (x_3 v -x_8) ^ (-x_7 v x_4 v -x_8) ^ (-x_4 v -x_3 v x_8) ^ (-x_4 v -x_7 v -x_6) ^ (x_6 v -x_7 v -x_0) ^ (-x_4 v -x_5 v -x_7) ^ (x_3 v x_0) ^ (-x_7 v x_2 v x_8) ^ (x_4 v x_5 v -x_8) ^ (x_0 v -x_2 v -x_6) ^ (-x_1 v x_6 v -x_2) ^ (-x_7 v -x_8 v -x_6) ^ (-x_3) ^ (x_0 v x_6 v -x_5) ^ (x_0 v x_4 v -x_8)]
9,15,0.015625,0.04619240760803223,0.09088802337646484,[(-x_4 v -x_2 v -x_6) ^ (x_5 v -x_8 v -x_3) ^ (x_1 v -x_4 v x_5) ^ (-x_1 v -x_7 v -x_2) ^ (x_4 v x_2 v -x_8) ^ (x_0 v -x_2 v -x_3) ^ (x_3 v x_6 v -x_4) ^ (-x_7 v -x_2 v -x_8) ^ (-x_1 v x_2 v -x_6) ^ (x_4 v -x_6) ^ (-x_1 v -x_4 v x_2) ^ (x_3 v -x_8 v x_0) ^ (x_4 v -x_8) ^ (x_0 v -x_5) ^ (-x_5 v x_7)]
9,9,0.013671875,0.03627419471740723,0.08725643157958984,[(x_0 v -x_8 v -x_6) ^ (x_3 v x_7 v x_2) ^ (x_0 v -x_5 v -x_3) ^ (x_0 v x_7 v x_5) ^ (x_1 v -x_2 v -x_3) ^ (x_3 v x_4 v x_5) ^ (x_4 v x_2 v -x_6) ^ (-x_1 v x_3 v x_0) ^ (-x_1 v x_6 v x_5)]
9,26,0.021484375,0.07090544700622559,0.1000356674194336,[(-x_4 v -x_8 v -x_6) ^ (-x_1 v -x_2 v x_7) ^ (x_6 v x_4 v -x_3) ^ (x_4 v -x_3 v x_8) ^ (-x_8 v -x_0) ^ (-x_2 v -x_8 v -x_0) ^ (x_3 v -x_7) ^ (x_3 v -x_1 v x_2) ^ (x_3 v x_6 v x_2) ^ (x_6 v -x_2) ^ (x_1 v -x_8 v -x_3) ^ (-x_4 v -x_3) ^ (x_6 v x_1 v -x_3) ^ (x_0 v x_3 v -x_8) ^ (-x_7 v -x_8 v -x_0) ^ (x_7 v -x_8 v x_4) ^ (x_1 v -x_5 v x_4) ^ (-x_6 v x_7 v -x_0) ^ (-x_2 v x_7 v -x_8) ^ (-x_4 v -x_8 v -x_0) ^ (x_1 v -x_7) ^ (x_3 v x_5 v x_8) ^ (-x_1 v x_5 v -x_3) ^ (-x_2 v -x_5 v -x_8) ^ (x_0 v x_7 v -x_3) ^ (x_8 v -x_7 v -x_6)]
9,23,0.017578125,0.06253290176391602,0.0941457748413086,[(-x_4 v -x_8 v -x_6) ^ (-x_7 v x_8) ^ (-x_7 v -x_3 v -x_6) ^ (-x_1 v x_6 v x_0) ^ (x_4 v x_2 v -x_8) ^ (x_6 v -x_5 v -x_8) ^ (x_4 v -x_8) ^ (x_5 v x_2 v -x_3) ^ (x_3 v x_6 v x_2) ^ (-x_5 v -x_2 v x_7) ^ (x_6 v -x_4 v -x_7) ^ (x_3 v x_1 v -x_5) ^ (x_3 v x_1 v -x_4) ^ (-x_1 v -x_7 v -x_3) ^ (-x_2 v x_4) ^ (-x_6 v -x_0) ^ (x_3 v x_1 v -x_2) ^ (-x_1 v -x_2 v x_0) ^ (x_1 v -x_2 v x_4) ^ (x_4 v x_7 v -x_0) ^ (x_0 v -x_4) ^ (x_6 v -x_7 v -x_8) ^ (-x_7 v x_4 v -x_0)]
9,18,0.017578125,0.049892425537109375,0.1024007797241211,[(x_5 v -x_6) ^ (-x_1 v -x_5 v x_0) ^ (x_0 v -x_3 v x_8) ^ (x_6 v -x_4 v x_5) ^ (x_0 v -x_7 v x_2) ^ (x_0 v -x_8 v -x_3) ^ (x_5 v -x_8 v -x_6) ^ (-x_0 v -x_7 v -x_6) ^ (x_1 v x_5 v -x_8) ^ (-x_7 v -x_6) ^ (x_3 v -x_6 v x_8) ^ (x_4 v -x_6) ^ (x_1 v -x_2 v x_5) ^ (x_1 v -x_4 v x_2) ^ (x_1 v -x_7 v x_2) ^ (x_3 v x_6 v x_5) ^ (x_7 v x_4 v -x_3) ^ (x_0 v x_7 v -x_3)]
9,27,0.017578125,0.07533788681030273,0.09122371673583984,[(-x_6 v -x_2 v -x_0) ^ (-x_1 v -x_5 v x_2) ^ (-x_1 v -x_3 v x_0) ^ (x_1 v -x_4 v -x_8) ^ (-x_7 v -x_5 v x_2) ^ (x_0 v -x_4 v -x_6) ^ (x_3 v -x_5 v x_4) ^ (x_5 v x_8) ^ (-x_4 v -x_8) ^ (-x_5 v -x_2 v -x_3) ^ (-x_4 v x_2) ^ (x_0 v x_7 v x_5) ^ (x_6 v x_1 v x_8) ^ (x_1 v x_5 v -x_8) ^ (x_3 v -x_5 v x_7) ^ (x_1 v -x_5) ^ (-x_2 v x_5 v x_8) ^ (-x_7 v -x_8 v -x_3) ^ (-x_1 v x_4) ^ (-x_1 v -x_7 v x_3) ^ (x_4 v x_5 v -x_0) ^ (x_2 v x_5 v -x_3) ^ (-x_0 v x_7 v -x_3) ^ (-x_1 v -x_7 v -x_8) ^ (x_6 v -x_3 v -x_0) ^ (-x_5 v -x_3 v -x_6) ^ (x_0 v -x_4 v x_8)]
9,13,0.01171875,0.0384678840637207,0.08576107025146484,[(-x_2 v x_7 v -x_6) ^ (x_1 v x_2 v x_8) ^ (x_1 v x_7 v -x_3) ^ (-x_1 v -x_6 v -x_0) ^ (x_3 v x_1 v -x_7) ^ (x_5 v x_8) ^ (-x_7 v -x_2 v x_5) ^ (x_2 v -x_6) ^ (x_4 v -x_0) ^ (-x_1 v x_3) ^ (x_0 v x_1 v -x_2) ^ (-x_4 v -x_3) ^ (-x_4 v -x_5 v -x_3)]
9,26,0.0234375,0.0767817497253418,0.09259700775146484,[(x_3 v x_2 v x_5) ^ (x_8 v -x_4 v -x_6) ^ (-x_7 v x_8) ^ (x_1 v -x_3) ^ (-x_2 v x_5 v -x_6) ^ (x_6 v x_4 v -x_3) ^ (x_6 v x_2 v x_8) ^ (x_1 v -x_4 v x_8) ^ (-x_4 v x_5 v -x_7) ^ (-x_2 v -x_6) ^ (x_1 v -x_8 v -x_3) ^ (x_6 v x_7 v -x_3) ^ (x_6 v -x_2 v -x_3) ^ (x_6 v -x_0) ^ (x_5 v -x_8 v -x_3) ^ (x_7 v x_2 v x_8) ^ (-x_5 v x_8) ^ (x_0 v x_1 v x_2) ^ (x_0 v -x_5 v x_7) ^ (x_3 v x_4 v x_7) ^ (x_0 v x_6 v -x_5) ^ (x_6 v x_7 v -x_0) ^ (-x_5 v x_2 v -x_0) ^ (x_0 v -x_4 v -x_7) ^ (x_0 v -x_4 v -x_3) ^ (x_0 v x_1 v -x_3)]
9,22,0.017578125,0.06191611289978027,0.09851741790771484,[(-x_4 v -x_8 v -x_6) ^ (-x_7 v x_5 v x_8) ^ (x_3 v -x_1 v x_4) ^ (x_4 v -x_8) ^ (x_0 v -x_4 v -x_6) ^ (x_0 v x_4 v -x_2) ^ (-x_1 v -x_7 v x_5) ^ (-x_5 v -x_8) ^ (x_1 v x_5 v -x_6) ^ (-x_2 v x_5 v x_7) ^ (-x_4 v x_8) ^ (-x_1 v x_6 v x_2) ^ (x_6 v x_7 v -x_8) ^ (-x_1) ^ (x_6 v -x_5 v x_4) ^ (x_0 v x_1 v x_2) ^ (-x_1 v x_3 v -x_0) ^ (x_5 v -x_8 v -x_6) ^ (-x_0 v -x_7 v -x_6) ^ (x_1 v -x_4 v x_2) ^ (x_1 v -x_2 v -x_0) ^ (x_4 v x_5 v -x_6)]
9,25,0.01953125,0.07513856887817383,0.10404109954833984,[(x_3 v -x_5) ^ (x_4 v -x_3 v -x_6) ^ (x_3 v x_6 v x_8) ^ (x_0 v -x_7 v x_8) ^ (x_0 v x_2 v -x_6) ^ (x_3 v -x_5 v x_4) ^ (x_3 v -x_2 v x_5) ^ (x_6 v -x_4) ^ (x_1 v x_4) ^ (x_0 v x_6 v x_2) ^ (x_3 v -x_8 v -x_6) ^ (-x_7 v -x_8 v -x_0) ^ (x_7 v -x_8 v x_4) ^ (x_1 v x_5 v -x_8) ^ (x_3 v x_6 v x_5) ^ (x_5 v x_4 v x_2) ^ (x_3 v x_6 v x_7) ^ (x_1 v x_5) ^ (-x_0 v -x_5 v -x_6) ^ (x_6 v -x_4 v -x_2) ^ (-x_5 v x_7 v -x_6) ^ (x_6 v -x_8) ^ (x_6 v -x_4 v x_2) ^ (x_0 v -x_4 v x_2) ^ (x_2 v -x_3 v x_8)]
9,21,0.017578125,0.06405901908874512,0.09610652923583984,[(x_6 v -x_2 v x_4) ^ (x_6 v x_1) ^ (-x_2 v x_4 v -x_6) ^ (-x_4 v x_7) ^ (x_3 v x_7) ^ (-x_5 v -x_2 v x_7) ^ (x_1 v -x_5 v x_2) ^ (x_3 v -x_7 v -x_6) ^ (x_3 v -x_7 v x_5) ^ (x_6 v -x_4 v x_7) ^ (x_0 v x_7 v x_5) ^ (x_6 v -x_4 v -x_3) ^ (x_3 v x_4 v -x_2) ^ (-x_7 v x_2 v x_5) ^ (x_6 v x_7 v x_8) ^ (x_2 v -x_3) ^ (x_3 v x_2) ^ (x_6 v -x_7 v -x_3) ^ (x_0 v -x_4 v x_7) ^ (x_1 v -x_2 v x_4) ^ (-x_2 v x_5 v x_4)]
9,16,0.015625,0.04543948173522949,0.09192562103271484,[(x_3 v x_1 v -x_8) ^ (x_1 v x_7 v x_2) ^ (x_6 v x_1 v -x_0) ^ (x_3 v x_6 v x_4) ^ (x_1 v -x_7 v -x_2) ^ (x_3 v x_4 v x_5) ^ (x_6 v -x_2 v x_4) ^ (-x_2 v -x_4 v -x_5) ^ (x_6 v x_5 v -x_3) ^ (-x_6 v -x_2 v x_4) ^ (-x_5 v x_2 v -x_8) ^ (x_1 v -x_7 v x_2) ^ (x_0 v -x_7 v x_5) ^ (x_0 v x_3) ^ (x_6 v x_1 v x_7) ^ (-x_4 v x_2 v -x_8)]
9,20,0.017578125,0.0588994026184082,0.0899496078491211,[(-x_4 v -x_2 v -x_6) ^ (x_6 v -x_7 v -x_0) ^ (-x_4 v x_7 v -x_3) ^ (-x_5 v -x_6) ^ (x_3 v x_5) ^ (x_0 v x_6) ^ (x_1 v -x_5 v x_2) ^ (x_6 v -x_2 v -x_8) ^ (x_6 v x_7 v -x_3) ^ (x_1 v -x_4 v -x_6) ^ (-x_1 v x_4 v x_5) ^ (x_0 v x_1 v -x_3) ^ (-x_1 v -x_3 v x_8) ^ (x_0 v x_7 v -x_8) ^ (x_7 v x_5 v -x_0) ^ (-x_2 v -x_5 v -x_8) ^ (-x_4 v -x_5 v x_2) ^ (-x_1 v -x_4 v x_5) ^ (x_1 v -x_5 v -x_6) ^ (x_3 v x_4 v -x_0)]
9,23,0.01953125,0.05913186073303223,0.09363460540771484,[(-x_7 v -x_5 v -x_0) ^ (x_6 v x_2 v -x_3) ^ (-x_7 v x_8) ^ (x_3 v -x_4 v x_8) ^ (-x_5 v x_2 v x_8) ^ (-x_4 v -x_2 v -x_0) ^ (x_6 v x_1 v -x_4) ^ (x_5 v -x_8) ^ (-x_1 v -x_7 v x_4) ^ (x_3 v x_7) ^ (-x_1 v -x_7 v x_5) ^ (-x_5 v x_7) ^ (x_2 v x_5) ^ (x_0 v -x_2) ^ (x_0 v x_4 v -x_3) ^ (x_6 v -x_5 v x_4) ^ (x_7 v -x_8 v -x_6) ^ (x_1 v -x_7) ^ (-x_1 v x_6 v -x_5) ^ (x_6 v x_5) ^ (-x_1 v -x_7) ^ (x_6 v x_2 v x_5) ^ (x_0 v -x_5 v -x_6)]
9,25,0.01953125,0.07252979278564453,0.0962667465209961,[(x_1 v x_2 v -x_6) ^ (x_0 v x_7 v x_4) ^ (-x_4 v -x_2 v -x_6) ^ (-x_1 v -x_4 v x_8) ^ (x_4 v x_2 v -x_8) ^ (-x_1 v x_7) ^ (-x_1 v -x_7 v -x_2) ^ (x_3 v x_6 v x_8) ^ (-x_5 v -x_6) ^ (-x_4 v -x_2 v -x_8) ^ (x_1 v -x_7 v x_2) ^ (-x_5 v x_7) ^ (-x_5 v x_4 v x_8) ^ (-x_1 v -x_5 v x_0) ^ (x_0 v x_5 v -x_6) ^ (x_3 v x_5 v -x_8) ^ (x_8 v -x_5 v -x_0) ^ (x_3 v x_4 v x_2) ^ (x_5 v -x_8 v -x_6) ^ (x_6 v -x_8 v -x_0) ^ (-x_7 v -x_6) ^ (-x_1 v -x_5 v x_8) ^ (x_4 v x_5) ^ (-x_1 v -x_7) ^ (-x_1 v x_4 v x_3)]
9,18,0.01171875,0.05343770980834961,0.0877370834350586,[(x_0 v -x_7 v -x_2) ^ (x_3 v x_5) ^ (x_0 v -x_7 v x_8) ^ (-x_2 v -x_8 v -x_0) ^ (x_1 v -x_2 v -x_5) ^ (x_0 v x_2 v -x_6) ^ (-x_1 v x_4 v x_5) ^ (x_1 v x_7 v -x_6) ^ (x_1 v x_7 v -x_0) ^ (x_6 v x_1 v -x_2) ^ (x_1 v -x_2 v x_5) ^ (-x_1 v x_6 v x_7) ^ (x_0 v x_6 v x_7) ^ (-x_1 v -x_8 v -x_0) ^ (x_0 v x_6 v -x_5) ^ (-x_1 v x_5 v x_0) ^ (-x_0 v -x_4 v -x_3) ^ (x_2 v -x_3 v x_8)]
9,23,0.01953125,0.058614492416381836,0.0918111801147461,[(x_1 v -x_3) ^ (-x_2 v x_8) ^ (-x_1 v x_7 v -x_0) ^ (x_1 v -x_7 v -x_8) ^ (-x_1 v -x_4 v x_8) ^ (-x_1 v x_6 v -x_8) ^ (x_1 v -x_7 v x_8) ^ (-x_7 v -x_2) ^ (x_1 v -x_4 v x_8) ^ (-x_5 v -x_8 v -x_3) ^ (x_7 v x_2 v -x_8) ^ (-x_5 v -x_8) ^ (x_6 v x_7 v -x_8) ^ (x_0 v x_5 v -x_6) ^ (-x_1 v -x_4) ^ (-x_1 v x_2) ^ (x_0 v x_4 v x_3) ^ (x_0 v x_1) ^ (x_3 v x_1 v -x_7) ^ (x_6 v -x_5 v -x_0) ^ (x_0 v x_7 v x_8) ^ (-x_1 v x_4 v -x_3) ^ (-x_7 v -x_2 v x_4)]
9,16,0.013671875,0.053040266036987305,0.08893489837646484,[(-x_1 v -x_5 v x_0) ^ (-x_7 v -x_3) ^ (x_3 v -x_8 v -x_6) ^ (x_3 v -x_7 v -x_2) ^ (x_6 v x_4 v -x_0) ^ (-x_1 v -x_6 v x_8) ^ (x_1 v -x_7 v -x_8) ^ (-x_1 v x_7 v -x_3) ^ (x_3 v -x_2 v x_5) ^ (x_1 v -x_7 v -x_3) ^ (x_1 v -x_4 v -x_8) ^ (x_0 v -x_5 v x_8) ^ (x_4 v -x_3) ^ (-x_1 v -x_4 v -x_8) ^ (-x_7 v x_4 v -x_0) ^ (x_1 v -x_4 v -x_5)]
9,18,0.015625,0.05180478096008301,0.09712886810302734,[(x_3 v x_1 v -x_5) ^ (x_5 v -x_3 v -x_0) ^ (-x_2 v -x_5 v -x_3) ^ (-x_1 v -x_7 v -x_5) ^ (x_6 v -x_4 v x_5) ^ (x_7 v x_2 v x_8) ^ (x_3 v -x_5 v -x_2) ^ (-x_4 v x_2 v -x_7) ^ (-x_1 v -x_5 v x_2) ^ (x_3 v -x_2 v x_7) ^ (-x_7 v -x_2 v -x_6) ^ (x_7 v x_2 v -x_6) ^ (-x_1 v -x_8) ^ (-x_2 v -x_8) ^ (x_6 v -x_7 v -x_8) ^ (-x_1 v -x_8 v -x_3) ^ (x_0 v x_1 v x_4) ^ (-x_7 v -x_2)]
9,13,0.013671875,0.03668713569641113,0.08595943450927734,[(x_4 v x_7) ^ (-x_0 v x_6 v -x_3) ^ (-x_2 v x_4) ^ (x_0 v -x_2 v x_7) ^ (-x_6 v -x_2 v -x_0) ^ (-x_7 v -x_5) ^ (-x_1 v x_5 v -x_3) ^ (-x_4 v -x_7 v x_8) ^ (-x_6 v -x_8 v -x_0) ^ (x_4 v x_5 v -x_8) ^ (x_6 v x_1 v -x_8) ^ (x_8 v x_2 v -x_6) ^ (x_3 v -x_7)]
9,16,0.013671875,0.04895925521850586,0.08960628509521484,[(x_3 v x_6 v -x_5) ^ (x_6 v x_1 v x_8) ^ (-x_5 v x_2 v x_7) ^ (x_3 v -x_4 v -x_7) ^ (x_0 v -x_4 v -x_8) ^ (-x_1 v x_5 v x_2) ^ (x_1 v x_4 v x_8) ^ (x_6 v x_7 v x_2) ^ (x_0 v x_6 v -x_3) ^ (x_1 v -x_7 v x_2) ^ (-x_0 v x_2 v -x_6) ^ (x_6 v -x_8 v -x_3) ^ (x_2 v x_5 v -x_0) ^ (-x_7 v x_4 v -x_0) ^ (-x_7 v -x_5 v x_2) ^ (x_7 v x_5 v -x_6)]
9,19,0.015625,0.05204153060913086,0.0918874740600586,[(x_5 v x_2 v -x_8) ^ (x_3 v -x_7 v x_8) ^ (x_1 v -x_5 v x_8) ^ (x_3 v x_6 v -x_2) ^ (x_3 v -x_8) ^ (x_3 v x_2 v x_8) ^ (x_4 v x_2 v -x_3) ^ (-x_1 v x_6 v x_8) ^ (x_3 v -x_0 v -x_6) ^ (-x_7 v x_4 v x_5) ^ (-x_6) ^ (x_1 v -x_3 v -x_6) ^ (-x_1 v x_2) ^ (x_0 v x_1 v x_2) ^ (x_6 v x_7 v x_8) ^ (-x_2 v x_5) ^ (x_3 v -x_4 v -x_6) ^ (-x_7 v x_5 v -x_8) ^ (-x_2 v -x_8)]
9,9,0.009765625,0.03216910362243652,0.0836324691772461,[(x_6 v -x_5 v x_2) ^ (x_6 v -x_4 v x_5) ^ (x_4 v x_8) ^ (x_0 v -x_4 v -x_2) ^ (x_1 v x_4 v -x_6) ^ (-x_7 v x_5 v -x_8) ^ (x_3 v x_6 v x_5) ^ (x_0 v x_7 v -x_3) ^ (-x_4 v -x_5 v x_7)]
9,18,0.015625,0.05569744110107422,0.0966024398803711,[(x_0 v x_5 v x_3) ^ (-x_1 v x_7 v x_8) ^ (x_3 v -x_0) ^ (x_1 v x_7 v x_5) ^ (x_7 v x_5 v -x_3) ^ (x_0 v -x_5 v -x_2) ^ (-x_1 v -x_3 v -x_0) ^ (x_6 v x_4 v x_2) ^ (x_1 v -x_2 v x_8) ^ (-x_4 v -x_2 v -x_0) ^ (-x_6 v -x_3 v x_8) ^ (-x_4 v -x_5 v -x_7) ^ (x_3 v x_5 v -x_0) ^ (-x_5 v -x_3 v -x_6) ^ (-x_1 v -x_5 v x_8) ^ (-x_1 v x_2 v -x_0) ^ (-x_1 v -x_2 v -x_0) ^ (-x_7 v x_4)]
9,24,0.01953125,0.06758284568786621,0.09729671478271484,[(x_3 v -x_8 v -x_0) ^ (-x_1 v -x_5 v -x_3) ^ (x_1 v -x_4 v x_7) ^ (-x_1 v -x_2 v -x_6) ^ (x_6 v -x_4 v -x_0) ^ (x_1 v -x_4 v x_8) ^ (x_1 v -x_5 v x_7) ^ (x_7 v x_2 v -x_3) ^ (x_0 v x_1 v -x_7) ^ (-x_6 v x_7 v x_4) ^ (x_3 v -x_6 v x_8) ^ (x_1 v -x_5) ^ (x_0 v -x_7) ^ (-x_0 v -x_4 v -x_3) ^ (x_7 v x_2 v x_4) ^ (-x_0 v -x_4 v x_8) ^ (x_0 v -x_7 v -x_5) ^ (-x_2 v -x_3 v -x_6) ^ (x_1 v -x_4 v x_2) ^ (-x_1 v x_3 v x_0) ^ (x_5 v x_2 v -x_6) ^ (x_0 v -x_1 v -x_4) ^ (-x_4 v x_7 v -x_8) ^ (-x_1 v x_5 v x_3)]
9,25,0.01953125,0.06765437126159668,0.09512996673583984,[(x_3 v x_6 v -x_8) ^ (-x_7 v -x_6 v -x_3) ^ (-x_0 v x_1 v -x_6) ^ (-x_5 v x_2 v x_4) ^ (x_6 v -x_2 v -x_8) ^ (x_1 v x_5 v -x_3) ^ (x_0 v x_4 v x_7) ^ (-x_4 v x_7 v x_2) ^ (x_1 v -x_7 v -x_0) ^ (-x_1 v x_4 v x_0) ^ (x_8 v -x_5 v x_4) ^ (-x_1 v -x_7 v -x_3) ^ (x_6 v x_7 v x_4) ^ (x_3 v x_2 v x_0) ^ (x_1 v -x_7) ^ (-x_6 v x_2 v -x_0) ^ (-x_1 v x_6 v -x_5) ^ (x_3 v -x_2 v x_4) ^ (-x_2 v x_7) ^ (-x_1 v x_6 v x_4) ^ (-x_0 v -x_7 v -x_6) ^ (x_0 v -x_4 v x_7) ^ (x_0 v x_5 v -x_3) ^ (x_0 v x_3) ^ (-x_1 v x_5 v x_3)]
9,13,0.013671875,0.0361785888671875,0.0893239974975586,[(x_1 v -x_4 v -x_0) ^ (-x_5 v -x_6) ^ (-x_0 v x_4 v -x_6) ^ (x_6 v x_2 v -x_8) ^ (x_0 v x_5 v -x_3) ^ (x_6 v -x_4 v -x_7) ^ (x_0 v x_6 v x_8) ^ (x_1 v -x_7 v x_2) ^ (x_3) ^ (x_0 v -x_5 v x_7) ^ (-x_1 v -x_2 v x_5) ^ (-x_7 v -x_5 v x_2) ^ (-x_7 v x_4)]
9,15,0.013671875,0.04683256149291992,0.08644771575927734,[(-x_4 v -x_2 v -x_8) ^ (x_0 v -x_2) ^ (-x_4 v -x_5) ^ (x_0 v -x_5 v -x_8) ^ (x_3 v -x_7 v x_8) ^ (x_1 v x_7 v -x_6) ^ (x_0 v x_2 v x_8) ^ (x_3 v x_2) ^ (x_7 v -x_8 v -x_6) ^ (x_0 v -x_7 v x_5) ^ (-x_1 v -x_2 v -x_6) ^ (x_8 v -x_7 v -x_3) ^ (x_4 v x_7 v x_8) ^ (-x_0 v x_5 v x_8) ^ (-x_0 v -x_3 v -x_6)]
9,12,0.015625,0.033554792404174805,0.09711360931396484,[(-x_6 v x_2 v -x_0) ^ (x_2 v x_7 v x_5) ^ (-x_1 v x_6) ^ (x_2 v -x_3) ^ (x_1 v -x_7 v x_5) ^ (x_6 v x_4 v -x_3) ^ (x_0 v x_1 v x_2) ^ (-x_1 v x_4 v x_2) ^ (-x_1 v x_6 v -x_3) ^ (-x_4 v x_5) ^ (x_3 v x_4 v x_7) ^ (x_6 v x_8 v -x_0)]
9,19,0.017578125,0.05100417137145996,0.10428524017333984,[(-x_0 v -x_3) ^ (x_0 v -x_3 v x_8) ^ (x_6 v -x_7 v x_8) ^ (x_0 v -x_5 v -x_8) ^ (-x_5 v x_2 v x_8) ^ (x_2 v -x_6) ^ (-x_1 v x_6 v -x_8) ^ (-x_1 v x_6 v x_8) ^ (x_7 v -x_3 v -x_6) ^ (-x_1 v x_4 v -x_2) ^ (-x_1 v -x_7 v -x_5) ^ (-x_4 v -x_2 v x_8) ^ (x_4 v -x_6) ^ (-x_1 v -x_5 v -x_0) ^ (-x_1 v -x_5 v x_0) ^ (-x_4 v x_7 v x_2) ^ (-x_1 v -x_4 v -x_0) ^ (x_6 v x_5 v x_8) ^ (x_6 v x_8)]
9,23,0.015625,0.06792926788330078,0.0881032943725586,[(x_1 v x_8 v -x_6) ^ (-x_5 v x_7 v x_8) ^ (x_0 v x_6 v -x_4) ^ (x_2 v x_5 v -x_6) ^ (x_6 v -x_7 v x_5) ^ (-x_1 v -x_8) ^ (x_3 v x_5 v x_0) ^ (-x_5 v -x_2 v x_7) ^ (-x_5 v -x_8 v -x_3) ^ (x_2 v -x_8 v -x_0) ^ (x_6 v -x_3) ^ (x_6 v x_8 v -x_0) ^ (x_6 v x_4) ^ (-x_1 v -x_6 v x_8) ^ (x_2 v -x_3 v -x_0) ^ (x_3 v -x_5 v x_0) ^ (x_0 v x_1 v x_2) ^ (x_3 v -x_7 v x_2) ^ (-x_4 v x_5 v -x_6) ^ (-x_7 v -x_2 v x_4) ^ (x_0 v -x_4 v x_7) ^ (-x_6 v -x_2 v x_4) ^ (-x_1 v -x_4 v -x_8)]
9,16,0.013671875,0.04497075080871582,0.0877523422241211,[(x_3 v x_7 v x_8) ^ (x_1 v -x_5 v -x_8) ^ (x_0 v -x_7 v x_8) ^ (x_6 v -x_4 v x_7) ^ (x_1 v -x_6 v x_8) ^ (x_3 v -x_8 v -x_6) ^ (x_3 v -x_1 v x_5) ^ (x_3 v -x_2 v x_8) ^ (-x_4 v x_2 v -x_3) ^ (x_3 v -x_5) ^ (x_6 v -x_4 v -x_7) ^ (x_1 v x_2 v -x_3) ^ (-x_0 v -x_5 v x_4) ^ (x_4 v x_7 v x_8) ^ (-x_4 v -x_3 v -x_0) ^ (x_1 v x_4 v -x_3)]
9,24,0.017578125,0.07398295402526855,0.09650325775146484,[(x_3 v x_2 v x_5) ^ (-x_5 v -x_2 v -x_0) ^ (-x_6 v -x_5 v x_8) ^ (x_3 v x_4 v x_5) ^ (-x_1 v -x_4 v x_8) ^ (-x_4 v -x_2 v -x_0) ^ (-x_7 v x_5 v -x_6) ^ (-x_0 v -x_7 v -x_3) ^ (x_0 v -x_2 v -x_8) ^ (-x_7 v -x_2) ^ (x_0 v -x_5 v -x_3) ^ (x_1 v -x_5 v x_7) ^ (-x_4 v -x_8) ^ (x_6 v x_1 v x_7) ^ (x_3 v -x_8 v -x_6) ^ (x_1 v x_7 v -x_6) ^ (-x_5 v -x_8 v -x_6) ^ (-x_6 v -x_3) ^ (x_0 v x_8) ^ (-x_1 v -x_3 v x_8) ^ (x_8 v x_7 v -x_0) ^ (-x_0 v x_5 v -x_3) ^ (x_3 v -x_4) ^ (-x_1 v x_6 v x_5)]
9,14,0.01171875,0.04398703575134277,0.0951681137084961,[(x_3 v -x_7 v x_0) ^ (-x_0 v x_5 v -x_3) ^ (x_1 v x_5 v x_8) ^ (x_1 v -x_4 v -x_5) ^ (-x_4 v -x_6 v -x_3) ^ (x_1 v x_7 v -x_0) ^ (x_3 v x_6 v -x_4) ^ (x_3 v -x_7 v x_4) ^ (x_1 v x_4 v x_8) ^ (-x_2 v -x_3 v x_4) ^ (x_2 v -x_8 v -x_0) ^ (-x_1 v -x_7 v -x_3) ^ (-x_4 v -x_5 v -x_3) ^ (x_1 v -x_2 v -x_8)]
9,23,0.017578125,0.07731938362121582,0.0941762924194336,[(x_3 v -x_0) ^ (-x_4 v -x_8 v -x_6) ^ (-x_4 v x_5 v -x_8) ^ (x_8 v -x_2 v -x_0) ^ (-x_1 v x_6 v -x_8) ^ (-x_4 v x_5 v x_8) ^ (x_4 v x_2) ^ (x_4 v -x_3 v -x_6) ^ (-x_1 v -x_3) ^ (-x_5 v -x_2 v -x_3) ^ (-x_0 v -x_5 v x_4) ^ (x_0 v x_4 v -x_8) ^ (x_6 v -x_4 v x_7) ^ (x_3 v x_4 v -x_8) ^ (x_3 v x_2 v -x_0) ^ (x_0 v x_5 v -x_6) ^ (x_3 v x_5 v -x_8) ^ (x_7 v x_2 v -x_6) ^ (x_0 v x_2 v x_5) ^ (-x_1 v -x_4 v -x_5) ^ (-x_4 v x_2 v -x_0) ^ (-x_1 v x_7 v x_2) ^ (x_0 v -x_5 v -x_6)]
9,22,0.017578125,0.06556916236877441,0.0945119857788086,[(x_6 v -x_5 v -x_8) ^ (x_6 v -x_4 v -x_5) ^ (x_4 v x_2) ^ (x_3 v x_7 v x_2) ^ (-x_7 v -x_5 v x_8) ^ (x_7 v x_2 v -x_0) ^ (x_5 v -x_3 v x_8) ^ (x_8 v x_5 v -x_0) ^ (-x_6 v -x_3 v x_8) ^ (x_3 v x_1) ^ (x_7 v x_2 v -x_8) ^ (-x_5 v x_2) ^ (x_1 v -x_7 v x_5) ^ (x_0 v -x_5 v x_4) ^ (-x_1 v x_4 v -x_8) ^ (x_0 v -x_5 v x_7) ^ (x_8 v x_2 v -x_0) ^ (x_3 v -x_2 v -x_6) ^ (-x_7 v -x_2 v x_5) ^ (-x_4 v x_2 v x_5) ^ (x_6 v x_8) ^ (-x_7 v x_4 v -x_0)]
9,15,0.013671875,0.044042348861694336,0.0947561264038086,[(-x_5 v -x_6) ^ (x_3 v -x_2) ^ (x_1 v x_7 v x_5) ^ (-x_4 v x_5 v -x_8) ^ (x_8 v x_7 v -x_3) ^ (-x_7 v -x_5) ^ (x_0 v x_6 v x_4) ^ (x_6 v -x_5 v x_7) ^ (x_3 v x_7) ^ (x_1 v -x_4 v -x_6) ^ (x_0 v x_3 v x_8) ^ (x_1 v -x_4 v x_2) ^ (-x_1 v x_6 v x_5) ^ (x_0 v x_6 v -x_5) ^ (x_6 v x_1 v -x_3)]
10,27,0.009765625,0.15977764129638672,0.16690444946289062,[(x_6 v -x_7 v x_8) ^ (-x_2 v x_8) ^ (x_5 v -x_3 v -x_6) ^ (x_1 v x_9 v x_7) ^ (-x_9 v -x_7 v x_5) ^ (-x_1 v -x_9 v -x_6) ^ (-x_2 v x_7 v x_4) ^ (x_5 v -x_3 v x_8) ^ (x_1 v x_9 v -x_3) ^ (x_6 v -x_2) ^ (-x_2 v -x_6) ^ (x_3 v -x_7 v x_4) ^ (x_3 v x_4 v -x_6) ^ (x_3 v x_9 v -x_6) ^ (x_3 v x_6 v x_9) ^ (-x_5 v x_4 v -x_3) ^ (-x_1 v -x_4) ^ (x_1 v x_9 v -x_0) ^ (-x_5 v x_8) ^ (x_0 v -x_4 v x_9) ^ (x_6 v x_5) ^ (-x_7 v -x_0) ^ (x_6 v -x_5 v -x_0) ^ (x_1 v x_2 v -x_3) ^ (x_4 v x_5 v -x_6) ^ (x_0 v -x_4) ^ (x_0 v -x_1 v x_7)]
10,11,0.0078125,0.061832427978515625,0.15387916564941406,[(x_6 v -x_4 v x_7) ^ (x_6 v x_9 v x_5) ^ (x_0 v x_5 v x_2) ^ (x_3 v -x_7 v x_5) ^ (-x_1 v -x_4 v x_5) ^ (x_3 v x_5 v -x_6) ^ (x_4 v x_5 v -x_6) ^ (-x_4) ^ (-x_9 v -x_7 v -x_8) ^ (-x_7 v x_5) ^ (-x_1 v x_7 v -x_6)]
10,23,0.0107421875,0.13229823112487793,0.16135787963867188,[(x_1 v -x_4 v -x_0) ^ (-x_0 v x_9 v -x_3) ^ (-x_4 v -x_7 v -x_0) ^ (x_6 v -x_2 v -x_0) ^ (-x_5 v x_4) ^ (x_7 v x_2 v -x_0) ^ (x_0 v x_6 v -x_9) ^ (-x_1 v x_3) ^ (-x_1 v -x_8 v x_0) ^ (-x_1 v x_7 v -x_8) ^ (-x_4 v -x_7 v -x_6) ^ (x_7 v x_2 v x_8) ^ (x_1 v -x_7 v x_5) ^ (-x_5 v -x_8 v -x_6) ^ (x_0 v x_1 v x_2) ^ (-x_1 v -x_4 v x_2) ^ (x_0 v x_7) ^ (-x_1 v x_4) ^ (x_9 v x_7 v x_2) ^ (x_6 v -x_9 v x_7) ^ (x_3 v x_9 v -x_5) ^ (-x_1 v x_9 v -x_6) ^ (-x_9 v x_1 v -x_6)]
10,20,0.0078125,0.10669922828674316,0.16475296020507812,[(-x_9 v x_5 v -x_6) ^ (-x_9 v x_5 v -x_8) ^ (x_9 v x_7 v x_4) ^ (-x_4 v -x_5 v -x_6) ^ (x_0 v x_2 v -x_6) ^ (x_0 v x_9 v x_2) ^ (x_3 v -x_4 v x_5) ^ (-x_7 v x_4) ^ (x_1 v -x_7 v -x_5) ^ (-x_5 v x_7 v -x_3) ^ (-x_1 v -x_6 v x_8) ^ (x_1 v -x_7 v -x_0) ^ (x_3 v x_1 v -x_4) ^ (x_3 v x_7 v -x_8) ^ (x_3 v -x_5 v -x_2) ^ (x_3 v x_5 v -x_8) ^ (-x_9 v x_2 v x_8) ^ (x_9 v -x_7 v x_8) ^ (x_6 v -x_9 v -x_2) ^ (-x_1 v x_7 v x_2)]
10,19,0.0078125,0.10527586936950684,0.15195083618164062,[(-x_9 v x_5 v -x_6) ^ (-x_9 v -x_7) ^ (x_3 v -x_0 v x_8) ^ (-x_5 v -x_3 v x_4) ^ (-x_7 v -x_5 v x_2) ^ (x_4 v x_7 v -x_3) ^ (x_1 v x_9 v x_4) ^ (x_6 v -x_4 v x_7) ^ (x_2 v -x_0) ^ (-x_4 v -x_7 v -x_6) ^ (-x_1 v x_4 v x_5) ^ (x_0 v x_2) ^ (x_0 v x_1) ^ (x_3 v x_9 v x_2) ^ (x_6 v x_5 v -x_8) ^ (x_3 v -x_2 v -x_6) ^ (-x_2 v -x_3 v x_8) ^ (x_1 v x_2 v -x_8) ^ (x_6 v -x_7 v -x_3)]
10,17,0.0068359375,0.09421062469482422,0.16818618774414062,[(x_0 v x_9 v -x_7) ^ (-x_1 v x_9 v -x_3) ^ (x_1 v x_5) ^ (x_0 v -x_4 v -x_5) ^ (-x_2 v x_7 v x_8) ^ (x_0 v x_4 v x_2) ^ (x_6 v x_1 v -x_7) ^ (-x_7 v x_8) ^ (x_1 v x_9 v -x_6) ^ (x_1 v x_7 v -x_6) ^ (x_3 v -x_9 v -x_5) ^ (x_1 v -x_5 v x_8) ^ (-x_1 v x_2) ^ (x_0 v -x_9 v -x_8) ^ (x_3 v -x_7 v x_2) ^ (x_4 v -x_3 v -x_6) ^ (x_3 v x_7 v x_5)]
10,23,0.009765625,0.12902164459228516,0.16238021850585938,[(x_7 v -x_3 v x_8) ^ (-x_5 v -x_3 v x_8) ^ (x_3 v -x_1 v -x_0) ^ (x_4 v x_2 v -x_8) ^ (x_6 v -x_7 v x_4) ^ (x_6 v x_2 v x_8) ^ (x_7 v x_5 v -x_6) ^ (x_3 v x_6 v x_8) ^ (-x_1 v x_9 v x_2) ^ (x_0 v x_9 v -x_2) ^ (-x_7 v x_4 v x_2) ^ (x_5 v x_8) ^ (x_6 v x_5 v -x_0) ^ (-x_1 v x_7 v -x_6) ^ (x_1 v -x_7 v x_4) ^ (-x_9 v -x_7 v x_8) ^ (-x_2 v x_5 v x_8) ^ (x_5 v x_9 v x_2) ^ (-x_2 v x_7 v x_8) ^ (x_3 v x_1 v -x_2) ^ (x_6 v -x_4 v -x_2) ^ (x_0 v -x_4 v x_2) ^ (-x_1 v x_9 v -x_6)]
10,27,0.01171875,0.14444255828857422,0.16720199584960938,[(-x_2 v x_7 v -x_6) ^ (x_5 v -x_4 v x_2) ^ (-x_7 v x_8) ^ (x_1 v x_7 v -x_0) ^ (x_9 v x_8) ^ (x_3 v x_6) ^ (-x_9 v x_7 v -x_8) ^ (-x_0 v x_9 v x_8) ^ (x_6 v -x_2 v -x_0) ^ (x_6 v x_1 v x_4) ^ (x_0 v -x_2 v x_7) ^ (x_1 v -x_7 v x_2) ^ (-x_7 v -x_5 v x_4) ^ (x_3 v -x_4 v x_5) ^ (x_0 v x_9 v x_4) ^ (x_3 v -x_7 v x_2) ^ (-x_1 v x_4 v -x_8) ^ (-x_7 v x_5) ^ (x_1 v x_4 v -x_8) ^ (x_9 v x_2 v x_8) ^ (-x_9 v x_5 v -x_3) ^ (x_1 v x_9 v x_8) ^ (-x_9 v x_4 v x_7) ^ (-x_9 v x_4 v -x_3) ^ (-x_9 v -x_7 v -x_2) ^ (-x_8 v -x_3) ^ (x_7 v x_5 v -x_8)]
10,28,0.0126953125,0.1433873176574707,0.17679214477539062,[(-x_7 v -x_5 v -x_0) ^ (-x_4 v x_5 v -x_8) ^ (x_1 v x_9 v -x_6) ^ (x_6 v -x_7 v -x_0) ^ (x_0 v -x_4 v x_5) ^ (x_0 v -x_2 v -x_8) ^ (x_3 v -x_7 v x_5) ^ (x_6 v -x_4 v -x_8) ^ (x_5 v -x_3) ^ (x_6 v -x_2 v -x_8) ^ (-x_1 v -x_8 v -x_0) ^ (x_0 v -x_8 v -x_6) ^ (x_6 v x_9 v -x_3) ^ (x_3 v -x_8 v -x_6) ^ (-x_5 v x_2) ^ (x_3 v -x_7 v -x_2) ^ (x_9 v -x_3 v -x_6) ^ (x_9 v x_4 v -x_6) ^ (x_1 v x_9 v x_5) ^ (-x_1 v -x_3 v x_8) ^ (x_0 v x_9 v -x_7) ^ (-x_6 v -x_0) ^ (x_1 v x_2 v -x_8) ^ (-x_7 v x_5 v -x_8) ^ (-x_1 v -x_4 v x_0) ^ (x_3 v -x_9 v x_7) ^ (-x_7 v -x_8) ^ (x_1 v x_4 v -x_3)]
10,20,0.0078125,0.10584449768066406,0.15377426147460938,[(-x_2 v -x_8 v -x_0) ^ (x_0 v x_3 v -x_6) ^ (-x_9 v x_7) ^ (x_6 v -x_5 v x_7) ^ (x_6 v x_2) ^ (-x_1 v x_2 v -x_0) ^ (-x_5 v x_9 v -x_2) ^ (x_3 v -x_4 v x_5) ^ (-x_9 v x_2 v x_5) ^ (x_0 v -x_1 v x_5) ^ (x_6 v -x_4 v -x_3) ^ (x_1 v x_9 v x_5) ^ (-x_1 v x_3 v x_5) ^ (x_0 v x_2 v -x_8) ^ (-x_0 v x_7 v x_8) ^ (-x_0 v -x_3 v x_8) ^ (x_9 v x_2 v -x_3) ^ (x_9 v -x_7) ^ (-x_2 v -x_3) ^ (x_1 v -x_8)]
10,14,0.0068359375,0.07742571830749512,0.15442276000976562,[(-x_0 v x_6 v -x_3) ^ (-x_7 v -x_2 v -x_3) ^ (-x_4 v -x_5 v -x_0) ^ (-x_5 v -x_0) ^ (-x_4 v -x_2 v -x_6) ^ (-x_2 v -x_7 v -x_5) ^ (x_4 v x_5 v -x_0) ^ (x_1 v -x_4 v x_5) ^ (x_3 v -x_4 v -x_5) ^ (x_1 v -x_5 v -x_0) ^ (x_4 v -x_6) ^ (-x_9 v x_4 v x_8) ^ (x_9 v x_4) ^ (x_1 v -x_2 v x_7)]
10,20,0.0087890625,0.1081700325012207,0.14498519897460938,[(x_9 v x_5 v -x_0) ^ (-x_1 v x_6 v -x_7) ^ (-x_1 v x_6 v x_0) ^ (x_7 v x_2) ^ (-x_5 v x_2 v x_7) ^ (-x_1 v -x_7 v x_2) ^ (-x_9 v -x_8 v -x_6) ^ (x_5 v x_8) ^ (x_6 v -x_5 v -x_2) ^ (-x_4 v -x_7 v -x_3) ^ (x_0 v -x_9 v -x_6) ^ (x_1 v -x_7 v -x_0) ^ (x_5 v -x_8 v -x_3) ^ (-x_1 v x_6 v -x_4) ^ (x_9 v x_4 v -x_0) ^ (-x_4 v x_9 v -x_2) ^ (-x_1 v x_9 v x_8) ^ (-x_1 v x_6 v x_5) ^ (x_3 v -x_4 v -x_8) ^ (-x_9 v x_4 v x_2)]
10,18,0.0087890625,0.10208702087402344,0.15439987182617188,[(x_0 v x_6 v x_2) ^ (x_1 v x_7 v -x_3) ^ (x_0 v -x_9 v x_8) ^ (x_9 v -x_3 v -x_6) ^ (x_3 v x_9 v x_5) ^ (-x_9 v -x_7 v x_8) ^ (-x_2 v -x_5 v -x_6) ^ (x_6 v -x_9 v -x_2) ^ (x_5 v -x_8 v -x_0) ^ (x_3 v x_6 v -x_4) ^ (x_0 v x_4 v x_8) ^ (x_3) ^ (-x_0 v x_2 v -x_6) ^ (-x_7 v -x_5 v -x_6) ^ (x_6 v x_1 v -x_5) ^ (-x_9 v x_5) ^ (-x_1 v x_4 v -x_6) ^ (-x_7 v x_4)]
10,29,0.0107421875,0.15175962448120117,0.16193008422851562,[(-x_1 v x_6 v -x_7) ^ (x_0 v -x_5 v -x_8) ^ (x_0 v x_2 v x_3) ^ (-x_1 v -x_2 v -x_3) ^ (x_1 v -x_5 v x_8) ^ (x_9 v -x_2 v x_8) ^ (x_1 v -x_7 v x_8) ^ (x_7 v x_5 v x_4) ^ (-x_1 v x_6 v x_8) ^ (-x_4 v -x_2 v x_7) ^ (x_3 v -x_4 v x_9) ^ (-x_4 v -x_5 v -x_8) ^ (x_5 v -x_3) ^ (-x_0 v -x_2 v -x_6) ^ (x_1 v -x_8 v -x_6) ^ (x_6 v x_9 v -x_3) ^ (x_0 v x_9 v x_4) ^ (x_1 v x_9 v -x_0) ^ (x_2 v x_5 v -x_8) ^ (x_0 v -x_9 v -x_2) ^ (-x_4 v -x_3 v -x_0) ^ (x_8 v -x_3) ^ (x_6 v x_2 v -x_0) ^ (-x_7 v -x_2 v x_4) ^ (-x_1 v -x_9 v x_5) ^ (-x_1 v x_9 v -x_7) ^ (x_3 v -x_2 v -x_0) ^ (x_3 v -x_1 v -x_4) ^ (x_1 v -x_4 v -x_5)]
10,13,0.0068359375,0.07062745094299316,0.14993667602539062,[(x_0 v -x_9 v x_8) ^ (x_1 v x_7 v -x_3) ^ (x_9 v x_4 v x_8) ^ (-x_5 v x_4) ^ (-x_1 v -x_7 v -x_5) ^ (x_7 v x_2 v -x_0) ^ (-x_1 v x_8) ^ (-x_1 v -x_4 v -x_7) ^ (x_3 v -x_9 v -x_6) ^ (-x_9 v -x_4 v -x_2) ^ (x_0 v x_7 v -x_6) ^ (-x_9 v -x_0) ^ (-x_1 v -x_8 v -x_3)]
10,30,0.009765625,0.16262030601501465,0.16075515747070312,[(x_5 v -x_7 v x_2) ^ (-x_1 v x_0) ^ (-x_9 v -x_2 v -x_3) ^ (x_9 v x_7 v x_5) ^ (x_1 v -x_4 v x_5) ^ (x_1 v x_7 v x_4) ^ (x_9 v x_7 v -x_0) ^ (x_6 v -x_4 v -x_5) ^ (x_1 v -x_7 v x_8) ^ (-x_9 v -x_4 v -x_3) ^ (x_9 v -x_2 v -x_3) ^ (-x_7 v -x_5 v x_8) ^ (-x_1 v x_8) ^ (-x_7 v x_2 v -x_8) ^ (-x_5 v -x_8 v -x_3) ^ (x_3 v -x_7 v -x_6) ^ (-x_5 v x_9 v -x_2) ^ (x_0 v x_6 v x_2) ^ (-x_1 v x_3 v x_2) ^ (x_1 v -x_7 v x_5) ^ (-x_1 v -x_4) ^ (-x_9 v -x_6 v x_8) ^ (x_0 v x_4 v x_3) ^ (x_0 v -x_2 v -x_6) ^ (-x_1 v x_2 v x_5) ^ (-x_7 v x_5 v -x_0) ^ (-x_9 v x_7 v x_2) ^ (x_2 v x_8) ^ (-x_7 v -x_8) ^ (x_6 v x_9 v -x_8)]
10,20,0.0087890625,0.10851311683654785,0.16054916381835938,[(x_6 v x_2 v -x_8) ^ (-x_4 v -x_5) ^ (-x_4 v -x_7 v -x_0) ^ (-x_7 v x_5 v -x_6) ^ (-x_1 v -x_8 v -x_3) ^ (-x_7 v -x_5 v x_2) ^ (x_1 v x_2) ^ (x_9 v x_7 v x_8) ^ (-x_1 v x_2 v -x_0) ^ (x_2 v x_5 v -x_0) ^ (x_9 v x_2 v -x_0) ^ (x_3 v x_1 v x_9) ^ (x_0 v x_6 v x_2) ^ (x_7 v x_2 v x_8) ^ (x_2 v x_4 v x_5) ^ (-x_1 v -x_7 v -x_6) ^ (x_3 v -x_2 v x_4) ^ (x_3 v -x_4 v -x_6) ^ (x_0 v x_2 v x_8) ^ (x_4 v -x_0)]
10,29,0.009765625,0.1609201431274414,0.15928268432617188,[(-x_0 v x_9 v -x_6) ^ (x_3 v x_4 v x_0) ^ (x_1 v x_7 v -x_0) ^ (x_9 v x_5 v -x_6) ^ (-x_1 v -x_2 v x_8) ^ (x_3 v -x_8 v x_0) ^ (x_4 v x_7 v x_8) ^ (x_0 v -x_4 v -x_6) ^ (x_6 v -x_4 v x_5) ^ (x_9 v -x_4 v -x_7) ^ (-x_7 v x_4 v x_2) ^ (x_9 v x_5 v x_8) ^ (x_0 v -x_1 v -x_3) ^ (-x_1 v -x_7 v x_5) ^ (x_5 v -x_3) ^ (x_6 v -x_9 v x_8) ^ (x_6 v x_1 v -x_3) ^ (-x_0 v -x_3 v -x_6) ^ (-x_1 v -x_5 v x_0) ^ (x_7 v x_2 v x_8) ^ (x_1 v -x_7 v x_5) ^ (-x_5 v -x_8 v -x_6) ^ (x_1 v -x_5 v -x_0) ^ (x_6 v -x_5 v x_4) ^ (x_7 v -x_6) ^ (-x_9 v -x_2 v -x_0) ^ (x_3 v x_6 v x_7) ^ (-x_2 v -x_0) ^ (x_0 v x_7 v -x_3)]
10,18,0.0068359375,0.09622645378112793,0.14971542358398438,[(x_3 v x_6 v x_7) ^ (x_1 v x_4 v x_2) ^ (x_3 v x_7 v -x_0) ^ (-x_1 v -x_9 v -x_6) ^ (x_3 v -x_9 v x_8) ^ (x_0 v x_6 v -x_8) ^ (-x_9 v -x_5 v x_2) ^ (-x_9 v -x_7 v x_8) ^ (-x_1 v x_9) ^ (x_0 v -x_2 v -x_3) ^ (x_3 v x_5 v -x_0) ^ (x_0 v x_4 v -x_2) ^ (x_3 v x_5 v -x_8) ^ (x_6 v -x_7 v -x_2) ^ (x_6 v -x_2 v -x_8) ^ (x_0 v -x_2 v -x_6) ^ (x_0 v x_7 v x_2) ^ (x_8 v -x_7 v -x_6)]
10,11,0.005859375,0.06508421897888184,0.16246414184570312,[(x_2 v -x_8 v -x_3) ^ (-x_5 v -x_0) ^ (x_0 v x_1 v x_9) ^ (x_1 v -x_4 v -x_7) ^ (-x_1 v -x_9 v x_8) ^ (x_3 v -x_4 v x_2) ^ (-x_7 v -x_6) ^ (x_9 v -x_5) ^ (x_0 v -x_5 v x_4) ^ (x_6 v -x_2 v x_7) ^ (-x_1 v x_9 v -x_6)]
10,25,0.0107421875,0.12691855430603027,0.16040420532226562,[(x_1 v x_7 v x_2) ^ (x_3 v -x_9 v x_2) ^ (x_9 v x_7 v -x_0) ^ (-x_1 v -x_2 v -x_6) ^ (x_0 v x_1 v x_5) ^ (-x_9 v -x_8) ^ (-x_9 v -x_6 v -x_0) ^ (x_3 v x_1) ^ (x_6 v x_2) ^ (x_0 v x_6 v -x_9) ^ (-x_5 v -x_2 v -x_3) ^ (-x_4 v x_2) ^ (-x_7 v -x_2 v -x_3) ^ (x_0 v -x_6 v x_8) ^ (x_0 v -x_1 v x_5) ^ (x_0 v x_2) ^ (x_3 v x_1 v -x_7) ^ (x_1 v x_4 v -x_8) ^ (x_7 v x_8) ^ (-x_0 v -x_3 v x_8) ^ (-x_1 v -x_7 v -x_8) ^ (x_1 v -x_7 v -x_3) ^ (-x_9 v x_8 v -x_6) ^ (x_6 v x_2 v x_5) ^ (-x_6 v x_2 v -x_3)]
10,19,0.0087890625,0.10101032257080078,0.15665817260742188,[(x_3 v -x_6 v x_0) ^ (-x_5 v -x_2 v -x_8) ^ (-x_1 v -x_8 v -x_3) ^ (x_1 v -x_2 v -x_3) ^ (-x_0 v -x_6 v x_8) ^ (x_6 v -x_9) ^ (x_0 v x_1 v -x_7) ^ (-x_9 v x_2 v -x_8) ^ (x_6 v -x_5 v x_2) ^ (x_7 v -x_8 v x_4) ^ (-x_4 v -x_7 v -x_6) ^ (x_1 v x_9 v -x_5) ^ (x_3 v x_6 v -x_0) ^ (-x_9 v x_4) ^ (x_1 v x_5 v x_8) ^ (x_3 v -x_2 v x_4) ^ (-x_9 v -x_2 v -x_8) ^ (x_7 v -x_8 v -x_3) ^ (-x_8 v -x_3)]
10,29,0.009765625,0.1467735767364502,0.16287612915039062,[(-x_1 v x_6 v x_0) ^ (-x_9 v -x_7 v -x_5) ^ (x_6 v -x_5 v -x_8) ^ (x_6 v -x_9 v x_5) ^ (-x_1 v x_7 v x_5) ^ (x_0 v x_6 v -x_4) ^ (x_2 v x_5 v -x_6) ^ (x_6 v -x_4 v -x_5) ^ (-x_5 v x_7 v x_4) ^ (x_0 v x_1 v x_5) ^ (x_1 v -x_2 v x_7) ^ (x_1 v x_8 v -x_0) ^ (x_1 v -x_7 v -x_2) ^ (x_6 v -x_5 v x_7) ^ (-x_4 v -x_2 v x_8) ^ (x_9 v x_4 v -x_8) ^ (-x_1 v x_6 v -x_2) ^ (-x_9 v x_1 v -x_5) ^ (x_2 v x_5) ^ (x_0 v -x_5 v x_4) ^ (-x_9 v -x_8 v -x_3) ^ (x_0 v x_4 v x_8) ^ (x_3 v x_5 v x_8) ^ (-x_1 v x_6 v x_4) ^ (x_6 v x_5 v x_8) ^ (x_6 v x_2 v -x_0) ^ (x_4 v -x_0) ^ (x_3 v -x_9 v x_7) ^ (x_8 v x_2 v -x_3)]
10,30,0.01171875,0.15474534034729004,0.16830062866210938,[(x_1 v -x_5 v -x_8) ^ (-x_9 v -x_6) ^ (-x_6 v -x_5 v x_8) ^ (x_9 v -x_4 v -x_6) ^ (x_7 v x_2) ^ (-x_1 v -x_5 v x_7) ^ (-x_1 v -x_2 v x_8) ^ (-x_5 v -x_3 v x_4) ^ (-x_9 v -x_5 v -x_0) ^ (-x_7 v -x_5 v -x_3) ^ (-x_1 v -x_9 v -x_7) ^ (x_3 v x_5) ^ (x_1 v x_8 v -x_0) ^ (-x_7 v x_4 v x_2) ^ (-x_0 v -x_2 v x_4) ^ (x_3 v -x_7 v x_5) ^ (-x_5 v x_9 v -x_2) ^ (x_0 v -x_7 v x_4) ^ (x_1 v -x_8 v -x_3) ^ (x_0 v -x_5) ^ (x_6 v x_9) ^ (-x_9 v x_1 v -x_5) ^ (-x_1 v x_3 v x_8) ^ (x_0 v -x_9 v x_1) ^ (x_0 v -x_9 v -x_6) ^ (-x_1 v x_7 v -x_8) ^ (-x_6 v x_7 v -x_0) ^ (x_9 v -x_7 v x_8) ^ (-x_5 v x_7 v -x_6) ^ (x_0 v x_9 v -x_5)]
10,27,0.009765625,0.139892578125,0.16162490844726562,[(x_6 v -x_7 v x_2) ^ (x_1 v x_7 v -x_0) ^ (x_9 v -x_2 v -x_3) ^ (-x_1 v x_9 v -x_3) ^ (x_0 v -x_5 v -x_3) ^ (x_6 v -x_2 v x_5) ^ (-x_7 v x_2 v -x_8) ^ (x_3 v -x_7 v x_5) ^ (-x_4 v -x_8) ^ (x_1 v x_2) ^ (-x_1 v x_7 v -x_3) ^ (-x_5 v -x_2) ^ (-x_7 v -x_8 v -x_6) ^ (-x_1 v x_4 v -x_0) ^ (x_3 v x_2 v -x_0) ^ (x_1 v x_9 v -x_5) ^ (-x_9 v x_4) ^ (x_6 v x_7 v -x_0) ^ (x_3 v x_4 v x_2) ^ (-x_2 v -x_3 v x_8) ^ (-x_4 v x_2 v -x_0) ^ (x_2 v x_8) ^ (x_6 v -x_8 v -x_0) ^ (-x_7 v -x_6) ^ (x_3 v -x_1 v -x_5) ^ (x_3 v x_1 v x_2) ^ (x_3 v -x_9 v -x_2)]
10,29,0.0107421875,0.1506032943725586,0.16480636596679688,[(x_0 v -x_3 v x_8) ^ (x_5 v -x_4 v x_2) ^ (-x_5 v x_2 v x_8) ^ (-x_4 v -x_7) ^ (-x_0 v -x_2 v -x_3) ^ (-x_1 v x_6 v -x_8) ^ (x_0 v x_9 v -x_6) ^ (x_8 v -x_7 v -x_3) ^ (-x_1 v -x_8 v -x_6) ^ (-x_9 v x_4 v -x_8) ^ (-x_9 v x_1 v -x_5) ^ (x_6 v x_1 v -x_3) ^ (-x_1 v -x_2) ^ (x_1 v x_5 v -x_6) ^ (-x_4 v x_7 v x_2) ^ (x_9 v x_4 v -x_6) ^ (x_3 v x_4 v x_8) ^ (x_3 v x_6 v -x_0) ^ (x_0 v x_2 v -x_8) ^ (-x_9 v x_7 v x_2) ^ (-x_1 v -x_5 v -x_8) ^ (-x_1 v -x_7 v x_3) ^ (x_0 v -x_7 v -x_5) ^ (-x_9 v x_2) ^ (x_1 v -x_4 v x_2) ^ (x_6 v -x_4 v x_2) ^ (-x_7 v x_5 v -x_3) ^ (-x_1 v -x_2 v x_5) ^ (-x_4 v x_7 v -x_8)]
10,25,0.0107421875,0.12833690643310547,0.16299057006835938,[(x_9 v -x_5 v -x_7) ^ (x_3 v x_4 v -x_0) ^ (-x_4 v x_5 v -x_8) ^ (x_9 v -x_2 v x_7) ^ (x_8 v -x_0) ^ (-x_5 v x_7 v x_4) ^ (-x_9 v -x_4 v x_2) ^ (-x_9 v x_4 v -x_8) ^ (-x_1 v x_3 v -x_8) ^ (-x_4 v -x_2) ^ (-x_9 v x_8) ^ (-x_4 v -x_2 v -x_3) ^ (x_0 v x_1 v -x_2) ^ (x_9 v x_1 v -x_4) ^ (-x_1 v x_6 v -x_9) ^ (x_9 v x_2 v -x_7) ^ (-x_6 v -x_3) ^ (-x_5 v -x_3) ^ (x_1 v -x_7) ^ (-x_7 v -x_0) ^ (-x_2 v -x_3 v x_8) ^ (x_4 v x_5 v -x_0) ^ (x_3 v -x_1 v x_9) ^ (x_0 v -x_1 v x_7) ^ (x_0 v x_1 v -x_3)]
10,11,0.005859375,0.06472659111022949,0.16528701782226562,[(x_0 v -x_9 v x_8) ^ (x_6 v -x_2 v -x_0) ^ (-x_1 v x_9 v -x_3) ^ (-x_2 v x_7 v x_4) ^ (x_1 v x_5 v x_8) ^ (x_3 v x_9 v x_8) ^ (-x_1 v x_6 v x_3) ^ (-x_9 v x_2) ^ (x_1 v -x_5 v x_2) ^ (x_3 v x_1 v x_2) ^ (x_1 v -x_9 v -x_7)]
10,26,0.009765625,0.13947439193725586,0.16503524780273438,[(x_0 v x_5 v x_2) ^ (-x_1 v -x_3 v -x_0) ^ (x_3 v -x_9 v x_2) ^ (x_0 v x_6 v -x_4) ^ (x_7 v x_4) ^ (x_4 v x_2 v x_8) ^ (x_1 v -x_9 v x_8) ^ (x_1 v -x_2 v -x_3) ^ (-x_9 v -x_6 v -x_0) ^ (-x_1 v -x_7 v x_5) ^ (-x_6 v -x_5 v x_4) ^ (x_6 v x_9 v -x_2) ^ (x_3 v -x_7 v -x_0) ^ (x_7 v x_5) ^ (-x_1 v x_9 v x_5) ^ (x_0 v x_5 v -x_6) ^ (x_0 v x_5 v -x_8) ^ (-x_1 v -x_7 v -x_3) ^ (-x_9 v -x_2 v -x_6) ^ (x_0 v -x_9 v -x_4) ^ (x_0 v x_6 v x_5) ^ (-x_4 v x_9 v x_7) ^ (x_0 v -x_1 v x_6) ^ (-x_5 v x_7 v -x_8) ^ (-x_1 v -x_7) ^ (-x_4 v x_7 v -x_8)]
10,19,0.0068359375,0.10225701332092285,0.16440200805664062,[(-x_4 v -x_8 v -x_6) ^ (-x_1 v x_6 v -x_3) ^ (-x_1 v -x_2 v -x_6) ^ (-x_7 v x_4 v -x_8) ^ (-x_7 v x_4 v x_2) ^ (x_8 v -x_2 v -x_3) ^ (x_0 v x_9 v x_2) ^ (x_6 v x_1 v -x_3) ^ (-x_1 v x_3 v x_8) ^ (x_1 v -x_5 v -x_0) ^ (-x_1 v x_4 v x_0) ^ (x_3 v -x_9) ^ (-x_5 v -x_4 v -x_2) ^ (x_0 v -x_9 v -x_4) ^ (x_5 v x_2 v -x_0) ^ (x_1 v -x_2 v x_4) ^ (x_3 v x_1 v x_2) ^ (-x_8 v -x_3) ^ (-x_4 v x_2 v -x_8)]
10,21,0.01171875,0.11930251121520996,0.16392135620117188,[(-x_1 v x_0) ^ (x_0 v -x_2 v -x_8) ^ (-x_2 v -x_3 v x_4) ^ (x_0 v -x_7 v -x_8) ^ (x_3 v -x_1 v x_0) ^ (x_0 v x_6) ^ (-x_7 v x_4 v -x_8) ^ (-x_0 v -x_8 v -x_6) ^ (-x_1 v x_8) ^ (x_6 v -x_4 v -x_7) ^ (x_6 v -x_2 v -x_8) ^ (-x_1 v -x_9 v -x_2) ^ (x_9 v x_2 v -x_7) ^ (-x_9 v -x_7 v x_8) ^ (-x_2 v x_4) ^ (x_1 v x_5 v x_8) ^ (-x_1 v -x_7 v x_3) ^ (x_3 v x_9) ^ (x_1 v -x_5 v -x_6) ^ (x_4 v x_5) ^ (x_4 v x_5 v -x_6)]
10,14,0.005859375,0.07558512687683105,0.17303848266601562,[(x_8 v x_7 v -x_0) ^ (-x_0 v -x_6 v x_8) ^ (-x_0 v x_1 v -x_3) ^ (-x_1 v x_6 v x_9) ^ (x_0 v -x_9) ^ (-x_1 v -x_5 v x_8) ^ (-x_1 v -x_5 v -x_0) ^ (x_1 v -x_6) ^ (x_1 v -x_8 v -x_3) ^ (-x_1 v -x_9 v -x_2) ^ (-x_4 v x_9 v x_8) ^ (x_2 v -x_8 v -x_6) ^ (-x_4 v x_2 v -x_8) ^ (-x_7 v -x_2)]
10,26,0.009765625,0.13212227821350098,0.15985488891601562,[(-x_9 v -x_5) ^ (-x_9 v -x_5 v x_2) ^ (-x_7 v -x_5 v -x_8) ^ (x_3 v x_6 v x_8) ^ (-x_1 v x_9 v x_2) ^ (x_9 v -x_4 v -x_7) ^ (x_4 v -x_6) ^ (x_3 v -x_4 v x_5) ^ (-x_2 v x_5 v x_7) ^ (x_6 v -x_2 v x_8) ^ (x_3 v -x_7 v -x_2) ^ (x_1 v -x_5 v x_4) ^ (x_6 v x_9 v x_2) ^ (x_0 v x_1 v x_7) ^ (x_0 v x_5 v -x_6) ^ (-x_2 v x_7 v -x_8) ^ (x_6 v -x_5) ^ (-x_5 v -x_3) ^ (x_2 v -x_8) ^ (x_0 v x_9 v -x_7) ^ (x_4 v x_2 v -x_6) ^ (x_9 v -x_8 v -x_3) ^ (-x_6 v -x_2 v x_4) ^ (x_1 v -x_5 v -x_6) ^ (-x_1 v x_8 v -x_3) ^ (-x_2 v x_5 v x_4)]
10,22,0.0087890625,0.11838316917419434,0.15960311889648438,[(x_1 v x_8) ^ (-x_5 v x_2 v -x_3) ^ (x_0 v x_9 v -x_8) ^ (x_1 v x_7 v x_5) ^ (-x_1 v -x_7 v x_4) ^ (x_4 v x_7 v -x_6) ^ (x_1 v -x_7 v x_2) ^ (x_9 v -x_2 v x_4) ^ (x_0 v x_1 v -x_7) ^ (x_1 v -x_6 v -x_0) ^ (x_1 v -x_7 v -x_5) ^ (x_3 v x_1 v -x_5) ^ (-x_1 v x_6 v -x_9) ^ (x_6 v -x_3 v x_8) ^ (x_0 v -x_1) ^ (-x_1 v x_2 v x_0) ^ (-x_9 v -x_7 v -x_3) ^ (x_4 v -x_8 v -x_3) ^ (x_0 v x_9 v -x_7) ^ (-x_5 v x_2 v -x_8) ^ (x_3 v -x_9 v -x_2) ^ (-x_4 v x_7 v -x_8)]
10,26,0.0087890625,0.1417536735534668,0.15811538696289062,[(x_3 v -x_4 v x_8) ^ (-x_2 v x_8) ^ (-x_4 v x_2 v x_8) ^ (-x_1 v -x_7 v -x_2) ^ (-x_1 v -x_2 v x_8) ^ (x_1 v -x_7 v x_8) ^ (x_4 v -x_3 v -x_6) ^ (-x_9 v x_7) ^ (x_0 v -x_5 v -x_2) ^ (x_3 v -x_5 v x_4) ^ (-x_4 v -x_5 v -x_8) ^ (x_8 v -x_2 v -x_3) ^ (x_3 v -x_0 v -x_6) ^ (x_0 v x_6 v x_9) ^ (x_1 v x_5 v -x_6) ^ (-x_1 v -x_9 v x_2) ^ (x_4 v x_5 v -x_3) ^ (-x_7 v -x_5) ^ (x_9 v -x_7 v -x_8) ^ (x_1 v x_7 v -x_8) ^ (x_5 v x_9 v x_2) ^ (x_3 v x_9 v x_2) ^ (x_0 v x_2 v -x_8) ^ (x_9 v -x_6) ^ (x_3 v -x_2 v x_4) ^ (x_7 v -x_8 v -x_3)]
10,30,0.009765625,0.15456438064575195,0.16708755493164062,[(-x_1 v x_6 v -x_7) ^ (x_3 v -x_5 v -x_8) ^ (-x_1 v -x_5 v x_7) ^ (x_6 v x_1) ^ (-x_5 v -x_3 v x_4) ^ (-x_9 v -x_7 v x_5) ^ (-x_4 v -x_2) ^ (x_3 v -x_9 v -x_5) ^ (x_0 v -x_9 v x_5) ^ (x_1 v x_2) ^ (-x_1 v -x_5 v -x_0) ^ (-x_2 v x_7 v -x_0) ^ (x_9 v -x_2 v x_4) ^ (x_3 v -x_9 v x_5) ^ (x_6 v x_1 v -x_3) ^ (-x_1 v x_6 v -x_9) ^ (x_0 v -x_5 v x_4) ^ (x_0 v -x_4 v x_9) ^ (x_8 v -x_3) ^ (x_3 v x_8 v x_0) ^ (x_1 v x_2 v x_5) ^ (-x_1 v -x_7 v -x_6) ^ (x_0 v -x_1 v x_6) ^ (-x_1 v x_2 v -x_6) ^ (-x_5 v x_7 v -x_8) ^ (-x_9 v x_5 v -x_0) ^ (-x_9 v -x_2 v x_8) ^ (x_3 v x_4) ^ (-x_9 v x_4 v x_2) ^ (x_3 v x_7 v -x_6)]
10,16,0.0068359375,0.09559226036071777,0.16606521606445312,[(x_9 v -x_6) ^ (x_5 v -x_8) ^ (x_3 v -x_8 v -x_0) ^ (-x_9 v -x_5) ^ (x_2 v -x_0) ^ (-x_9 v -x_4 v -x_6) ^ (x_0 v x_9 v x_7) ^ (x_6 v -x_5 v -x_8) ^ (-x_1 v -x_9 v x_0) ^ (x_6 v x_7 v x_4) ^ (x_6 v -x_2 v -x_8) ^ (x_6 v -x_9 v x_4) ^ (x_8 v -x_3) ^ (-x_1 v -x_4 v x_7) ^ (-x_1 v x_9 v -x_5) ^ (-x_0 v x_5 v x_8)]
10,14,0.0068359375,0.07601070404052734,0.16393661499023438,[(-x_1 v x_6) ^ (x_1 v x_8 v -x_0) ^ (x_0 v -x_4 v -x_7) ^ (-x_9 v x_5 v -x_3) ^ (-x_5 v x_2 v x_4) ^ (-x_1 v -x_7 v -x_0) ^ (x_3 v x_1 v x_0) ^ (x_5 v x_7 v x_2) ^ (x_0 v -x_5 v x_4) ^ (x_3 v x_2 v -x_6) ^ (-x_1 v -x_9 v x_4) ^ (x_9 v -x_8 v -x_6) ^ (x_0 v x_1 v -x_8) ^ (x_8 v -x_3)]
10,15,0.0068359375,0.08029556274414062,0.15196609497070312,[(x_3 v x_6 v x_8) ^ (x_6 v x_4 v -x_0) ^ (-x_7 v x_8) ^ (-x_1 v -x_5) ^ (-x_2 v x_5 v -x_0) ^ (x_3 v x_7 v -x_2) ^ (x_6 v -x_9 v -x_8) ^ (-x_4 v -x_2 v -x_3) ^ (x_3 v -x_7 v x_2) ^ (x_6 v -x_4 v -x_7) ^ (x_5 v -x_3) ^ (x_9 v -x_8 v -x_0) ^ (x_6 v -x_9 v -x_3) ^ (x_0 v -x_7 v x_3) ^ (x_3 v -x_4 v -x_2)]
10,28,0.009765625,0.14354562759399414,0.15973281860351562,[(x_5 v -x_4 v x_2) ^ (-x_1 v -x_3 v -x_0) ^ (-x_0 v -x_5 v -x_3) ^ (x_6 v -x_7 v -x_5) ^ (x_0 v x_9 v -x_6) ^ (-x_7 v -x_5 v -x_8) ^ (-x_4 v -x_2 v x_5) ^ (-x_2 v -x_8 v -x_6) ^ (-x_4 v -x_2 v x_7) ^ (x_1 v -x_4 v x_8) ^ (-x_6 v -x_5 v -x_3) ^ (x_6 v -x_2) ^ (-x_7 v x_2 v -x_8) ^ (-x_1 v -x_5 v x_4) ^ (x_2 v -x_8 v -x_0) ^ (x_8 v x_9 v -x_6) ^ (x_3 v -x_8 v -x_6) ^ (x_9 v x_4 v x_8) ^ (x_0 v -x_1 v x_5) ^ (-x_1 v x_2) ^ (-x_7 v x_4 v -x_6) ^ (-x_1 v -x_4 v x_2) ^ (-x_4 v -x_5 v x_7) ^ (-x_7 v x_5) ^ (x_0 v -x_9 v -x_4) ^ (-x_2 v x_7) ^ (x_1 v x_4 v x_8) ^ (-x_2 v -x_3)]
10,23,0.0087890625,0.1199944019317627,0.16008377075195312,[(x_6 v -x_9 v -x_5) ^ (-x_4 v -x_2 v -x_6) ^ (x_3 v x_9 v x_5) ^ (x_3 v -x_4 v x_2) ^ (x_9 v x_7 v x_4) ^ (x_0 v -x_9 v -x_7) ^ (x_0 v -x_6) ^ (-x_9 v -x_5 v -x_0) ^ (x_6 v -x_5 v x_8) ^ (x_6 v x_9 v -x_7) ^ (-x_7 v -x_8 v -x_6) ^ (-x_4 v -x_3) ^ (-x_1 v -x_7 v x_0) ^ (x_0 v x_6 v x_2) ^ (-x_9 v -x_5 v x_8) ^ (x_9 v x_2 v -x_6) ^ (x_9 v -x_4 v -x_5) ^ (-x_4 v -x_5 v -x_7) ^ (-x_0 v -x_4 v -x_3) ^ (x_0 v x_5 v x_8) ^ (-x_0 v x_2 v -x_3) ^ (x_1 v -x_2 v x_4) ^ (-x_9 v x_8 v -x_6)]
10,10,0.0048828125,0.059044599533081055,0.18896102905273438,[(x_2 v -x_0) ^ (x_9 v -x_2 v x_7) ^ (x_5 v x_7 v x_2) ^ (-x_4 v -x_5 v x_2) ^ (-x_1 v -x_6 v x_0) ^ (-x_5 v x_2 v -x_3) ^ (x_8 v -x_2 v -x_0) ^ (x_3 v x_1 v -x_0) ^ (-x_0 v x_5 v -x_6) ^ (x_0 v x_9)]
10,22,0.0087890625,0.11385059356689453,0.16621017456054688,[(x_3 v x_9 v x_5) ^ (x_0 v -x_1 v -x_9) ^ (x_9 v x_4 v x_2) ^ (x_8 v -x_2 v -x_0) ^ (-x_5 v -x_8 v -x_0) ^ (-x_3 v -x_0) ^ (-x_5 v -x_6) ^ (x_4 v x_5 v x_8) ^ (x_9 v x_7 v -x_6) ^ (x_1 v x_9 v x_4) ^ (-x_4 v -x_7 v -x_3) ^ (-x_7 v -x_5) ^ (x_3 v x_6 v x_5) ^ (-x_7 v x_4 v -x_6) ^ (-x_2 v x_5 v x_8) ^ (-x_5 v -x_4 v -x_2) ^ (x_0 v x_1 v x_4) ^ (-x_4 v -x_8 v -x_0) ^ (-x_1 v -x_3 v x_8) ^ (-x_0 v -x_3 v x_8) ^ (x_6 v -x_5 v -x_0) ^ (-x_7 v -x_8)]
10,24,0.0107421875,0.13029122352600098,0.16501998901367188,[(x_9 v x_4 v -x_3) ^ (x_3 v -x_1 v -x_6) ^ (-x_4 v -x_0) ^ (-x_1 v -x_5 v x_2) ^ (x_6 v -x_9 v x_5) ^ (x_0 v x_6 v -x_4) ^ (-x_2 v -x_8 v x_4) ^ (x_1 v -x_6) ^ (x_9 v -x_2 v -x_3) ^ (x_1 v x_7 v x_5) ^ (x_0 v -x_7 v x_2) ^ (-x_2 v -x_6) ^ (-x_9 v -x_4 v -x_5) ^ (-x_1 v x_5 v -x_6) ^ (-x_1 v x_7 v x_3) ^ (x_0 v x_5) ^ (x_2 v -x_3 v -x_0) ^ (x_0 v -x_8) ^ (x_7 v -x_8) ^ (-x_5 v -x_3 v -x_0) ^ (x_0 v x_6 v x_5) ^ (-x_4 v -x_5 v x_2) ^ (x_0 v -x_7 v x_5) ^ (-x_2 v -x_3)]
10,29,0.01171875,0.16219401359558105,0.17398452758789062,[(x_5 v -x_6) ^ (x_9 v x_7 v x_5) ^ (x_6 v x_1) ^ (-x_1 v x_6 v -x_3) ^ (-x_1 v -x_2 v -x_6) ^ (-x_1 v x_9 v -x_3) ^ (x_7 v x_5 v x_4) ^ (x_0 v -x_2 v x_7) ^ (-x_1 v -x_6) ^ (x_6 v -x_9 v -x_8) ^ (-x_1 v -x_5 v -x_0) ^ (-x_5 v x_9 v -x_2) ^ (-x_4 v -x_8 v -x_3) ^ (x_6 v x_7 v -x_3) ^ (-x_1 v -x_6 v -x_3) ^ (x_3 v -x_2 v -x_8) ^ (x_6 v x_9 v x_2) ^ (x_0 v x_5 v -x_6) ^ (x_9 v x_4 v -x_6) ^ (x_6 v -x_5 v x_4) ^ (-x_1 v x_6 v x_9) ^ (-x_4 v -x_8 v -x_0) ^ (x_0 v x_1 v x_4) ^ (x_0 v x_4 v x_5) ^ (-x_1 v -x_5) ^ (x_1 v x_9 v x_8) ^ (-x_5 v x_2 v -x_8) ^ (x_3 v -x_2 v -x_0) ^ (-x_0 v -x_5 v x_8)]
10,26,0.0078125,0.13783693313598633,0.15179824829101562,[(x_5 v -x_6) ^ (-x_4 v x_5 v -x_8) ^ (-x_5 v -x_3 v x_8) ^ (-x_4 v -x_5 v -x_6) ^ (x_0 v x_9 v -x_3) ^ (x_6 v -x_7) ^ (x_6 v x_4 v x_7) ^ (-x_1 v x_7 v x_5) ^ (-x_1 v -x_5 v x_3) ^ (x_9 v x_4 v x_5) ^ (x_1 v -x_5 v -x_3) ^ (x_3 v x_6 v x_2) ^ (x_1 v -x_6 v -x_0) ^ (x_3 v -x_2 v -x_8) ^ (x_2 v x_5 v -x_8) ^ (x_6 v x_9 v -x_5) ^ (-x_7 v x_5 v -x_0) ^ (x_0 v -x_9 v x_2) ^ (-x_0 v x_2 v -x_3) ^ (-x_1 v -x_5) ^ (-x_7 v x_5 v -x_8) ^ (x_3 v x_1 v x_7) ^ (-x_1 v -x_5 v x_8) ^ (-x_9 v x_4 v -x_3) ^ (x_9 v -x_2 v -x_7) ^ (x_0 v x_7 v -x_3)]
10,27,0.0107421875,0.14076542854309082,0.16917037963867188,[(-x_9 v x_5 v -x_6) ^ (-x_1 v x_6 v -x_7) ^ (-x_0 v -x_7 v x_8) ^ (-x_4 v -x_2 v -x_6) ^ (-x_9 v -x_4 v -x_7) ^ (x_4 v x_2 v -x_8) ^ (x_1 v -x_5 v x_8) ^ (-x_4 v x_2 v -x_3) ^ (-x_1 v x_7 v x_0) ^ (x_0 v x_6) ^ (x_6 v x_1 v -x_7) ^ (-x_2 v x_5 v -x_0) ^ (-x_2 v -x_5 v -x_6) ^ (x_1 v -x_2 v -x_6) ^ (x_7 v x_2 v -x_8) ^ (-x_0 v -x_2 v -x_6) ^ (x_1 v -x_4 v -x_6) ^ (x_9 v -x_5 v -x_6) ^ (x_3 v -x_2 v -x_8) ^ (x_0 v -x_1) ^ (x_1 v -x_7 v x_5) ^ (-x_2 v x_4) ^ (x_0 v x_5 v -x_3) ^ (x_1 v x_2 v -x_3) ^ (-x_0 v x_7 v x_4) ^ (-x_2 v -x_5 v x_8) ^ (-x_2 v -x_3)]
10,27,0.009765625,0.13822007179260254,0.15841293334960938,[(-x_9 v -x_7 v x_2) ^ (-x_1 v -x_2 v x_7) ^ (x_6 v x_2 v -x_3) ^ (-x_4 v -x_2 v -x_6) ^ (x_3 v x_7 v x_0) ^ (x_0 v x_9 v x_3) ^ (x_6 v x_1 v -x_0) ^ (-x_7 v x_2 v -x_8) ^ (-x_1 v -x_9 v x_7) ^ (-x_9 v x_1 v x_7) ^ (x_9 v x_4 v -x_8) ^ (-x_5 v -x_8) ^ (-x_1 v x_6 v x_2) ^ (-x_9 v -x_7 v x_8) ^ (x_6 v -x_5) ^ (x_3 v x_1 v -x_0) ^ (-x_9 v -x_2 v x_5) ^ (x_0 v -x_9 v -x_4) ^ (-x_9 v x_7 v x_2) ^ (x_7 v -x_3) ^ (-x_1 v -x_9 v -x_0) ^ (-x_4 v x_5 v -x_6) ^ (x_0 v -x_4 v -x_2) ^ (-x_1 v -x_4 v -x_7) ^ (x_6 v x_5 v x_8) ^ (-x_1 v -x_4 v x_5) ^ (x_4 v -x_8 v -x_0)]
10,21,0.009765625,0.11110687255859375,0.15019607543945312,[(x_0 v -x_4 v -x_5) ^ (x_6 v x_5 v x_2) ^ (x_0 v x_9 v -x_6) ^ (-x_4 v x_5) ^ (x_6 v -x_5 v x_8) ^ (-x_5 v -x_6) ^ (-x_6 v -x_2 v -x_3) ^ (-x_5 v -x_8 v -x_3) ^ (x_1 v x_9 v x_2) ^ (-x_7 v -x_5 v -x_6) ^ (x_6 v x_1 v x_7) ^ (x_6 v -x_9 v x_8) ^ (x_1 v -x_7 v -x_5) ^ (x_6 v x_9 v -x_3) ^ (x_0 v x_5) ^ (x_3 v x_4 v x_8) ^ (x_9 v -x_7 v -x_8) ^ (x_2 v -x_8) ^ (-x_7 v -x_0) ^ (-x_1 v x_2 v -x_3) ^ (-x_2 v -x_8)]
10,18,0.0078125,0.09711647033691406,0.15346145629882812,[(x_0 v x_3 v -x_6) ^ (x_7 v -x_0) ^ (-x_9 v x_4 v -x_8) ^ (-x_2 v x_5 v -x_6) ^ (x_6 v -x_9 v x_4) ^ (x_6 v x_4 v x_8) ^ (-x_2 v -x_5 v -x_0) ^ (-x_9 v -x_6 v x_8) ^ (-x_1 v x_6 v -x_4) ^ (-x_1 v x_6 v x_7) ^ (x_0 v x_9 v -x_6) ^ (-x_4 v -x_8 v -x_3) ^ (-x_5 v x_7 v x_4) ^ (-x_4 v x_5 v -x_3) ^ (-x_1 v -x_6 v -x_3) ^ (-x_6 v -x_3 v -x_0) ^ (x_5 v x_4 v x_2) ^ (-x_6 v x_8)]
11,27,0.0048828125,0.27296948432922363,0.34427928924560547,[(x_3 v x_0 v -x_6) ^ (x_9 v x_7 v x_5) ^ (-x_1 v -x_10 v x_8) ^ (-x_9 v x_4 v x_5) ^ (x_3 v x_6) ^ (x_3 v x_2 v x_8) ^ (x_10 v -x_7 v -x_2) ^ (x_3 v -x_4 v x_10) ^ (x_1 v x_7 v x_5) ^ (-x_9 v -x_5 v -x_6) ^ (x_1 v -x_5 v -x_3) ^ (x_10 v x_7 v x_4) ^ (x_6 v x_10 v x_5) ^ (-x_0 v -x_9 v x_8) ^ (x_0 v x_9 v x_4) ^ (x_6 v x_1 v -x_10) ^ (-x_4 v x_10) ^ (-x_10 v -x_6) ^ (x_0 v -x_10 v -x_8) ^ (x_9 v -x_7 v -x_8) ^ (-x_10 v x_4 v x_8) ^ (x_5 v x_9 v x_2) ^ (x_0 v x_6 v -x_5) ^ (x_9 v -x_8 v -x_3) ^ (-x_10 v -x_7) ^ (x_9 v -x_2 v -x_6) ^ (x_9 v x_5)]
11,33,0.0068359375,0.33830857276916504,0.36167430877685547,[(x_0 v x_6 v x_1) ^ (-x_4 v -x_6 v x_8) ^ (-x_4 v -x_10 v -x_6) ^ (x_9 v -x_10 v x_8) ^ (-x_4 v -x_5 v -x_6) ^ (x_8 v -x_7 v -x_0) ^ (-x_1 v x_6 v -x_8) ^ (x_1 v x_9 v x_7) ^ (-x_4 v x_7 v -x_3) ^ (x_0 v -x_5 v x_8) ^ (x_9 v -x_2 v -x_3) ^ (-x_1 v -x_4 v -x_6) ^ (x_1 v -x_4 v x_8) ^ (-x_9 v -x_7 v -x_0) ^ (x_0 v -x_2 v x_7) ^ (x_7 v x_2 v -x_3) ^ (x_0 v -x_9 v x_10) ^ (x_3 v x_1 v -x_10) ^ (x_9 v -x_5 v x_4) ^ (x_9 v x_7 v x_8) ^ (-x_4 v -x_2 v -x_3) ^ (x_6 v -x_2 v x_7) ^ (x_3 v -x_8 v -x_6) ^ (x_6 v -x_10 v x_2) ^ (x_0 v -x_9 v -x_6) ^ (-x_4 v -x_7 v -x_6) ^ (-x_9 v -x_8 v -x_3) ^ (x_0 v x_2) ^ (x_7 v -x_8 v -x_6) ^ (-x_10 v -x_2 v -x_7) ^ (x_0 v -x_10) ^ (x_0 v x_2 v -x_3) ^ (-x_1 v x_6 v x_5)]
11,15,0.00390625,0.16989588737487793,0.3262052536010742,[(x_6 v x_4 v -x_0) ^ (x_6 v x_9 v -x_0) ^ (-x_1 v x_9 v x_7) ^ (x_1 v x_4) ^ (-x_10 v x_5 v -x_6) ^ (x_0 v x_9 v -x_10) ^ (x_3 v -x_1 v x_10) ^ (x_6 v x_5 v x_8) ^ (x_6 v x_4 v x_7) ^ (x_9 v -x_5 v x_7) ^ (x_8 v x_5 v -x_3) ^ (x_1 v x_2 v -x_3) ^ (-x_2 v -x_8) ^ (x_1 v -x_10 v -x_7) ^ (-x_6 v x_4 v x_8)]
11,33,0.0068359375,0.3307986259460449,0.35274791717529297,[(x_3 v -x_9 v x_0) ^ (x_0 v x_1 v -x_10) ^ (-x_7 v x_8) ^ (x_3 v x_4 v x_5) ^ (x_0 v -x_4 v x_5) ^ (x_6 v x_10 v x_2) ^ (-x_1 v x_6 v x_7) ^ (x_9 v x_8) ^ (-x_4 v x_9 v -x_6) ^ (x_3 v x_6 v x_8) ^ (x_0 v x_10 v -x_8) ^ (x_9 v x_7 v -x_8) ^ (x_1 v -x_7 v -x_2) ^ (x_5 v -x_8 v -x_0) ^ (-x_1 v x_2 v -x_0) ^ (x_0 v x_1 v -x_7) ^ (x_3 v -x_7 v x_0) ^ (x_9 v -x_10 v -x_6) ^ (x_8 v x_9 v -x_0) ^ (x_3 v -x_6 v x_8) ^ (x_3 v -x_7 v x_2) ^ (-x_1 v -x_9 v x_3) ^ (x_6 v x_1 v x_10) ^ (-x_10 v -x_2 v x_5) ^ (-x_6 v x_2 v -x_0) ^ (x_1 v x_5 v x_8) ^ (x_1 v -x_4 v -x_2) ^ (x_2 v x_8) ^ (-x_9 v -x_2 v x_7) ^ (x_1 v x_10 v x_8) ^ (x_1 v -x_2 v -x_0) ^ (x_0 v -x_5 v x_10) ^ (x_1 v x_10 v -x_3)]
11,29,0.005859375,0.29406070709228516,0.35918712615966797,[(-x_5 v x_10 v -x_0) ^ (-x_2 v x_8) ^ (x_6 v x_4 v -x_3) ^ (-x_9 v -x_7) ^ (x_0 v x_6 v x_8) ^ (-x_1 v -x_4 v -x_3) ^ (-x_4 v -x_6 v -x_0) ^ (x_3 v x_1 v -x_8) ^ (x_9 v -x_5 v x_4) ^ (-x_4 v -x_10 v x_2) ^ (x_1 v -x_10 v -x_5) ^ (x_6 v x_5 v -x_0) ^ (x_1 v x_5 v -x_3) ^ (x_0 v x_4 v -x_8) ^ (-x_10 v -x_2 v -x_3) ^ (-x_9 v x_1 v x_4) ^ (x_0 v -x_1 v x_5) ^ (-x_1 v x_7 v -x_8) ^ (-x_4 v x_10) ^ (-x_1 v x_2) ^ (x_1 v -x_8 v -x_0) ^ (x_2 v -x_8) ^ (-x_1 v x_4) ^ (x_1 v x_4 v x_7) ^ (x_3 v x_5 v x_8) ^ (-x_1 v -x_2 v x_0) ^ (x_0 v x_6 v x_5) ^ (-x_9 v -x_10) ^ (-x_1 v -x_2 v x_5)]
11,19,0.00341796875,0.1954183578491211,0.3152341842651367,[(-x_1 v -x_2 v x_7) ^ (x_6 v x_2 v -x_3) ^ (x_7 v x_2) ^ (x_3 v x_6 v -x_8) ^ (-x_4 v -x_2 v -x_8) ^ (x_1 v -x_4 v x_8) ^ (x_5 v -x_3 v x_8) ^ (x_3 v -x_10 v -x_5) ^ (x_9 v -x_5 v -x_3) ^ (-x_2 v -x_6) ^ (x_3 v -x_7 v -x_0) ^ (x_0 v x_1 v x_2) ^ (-x_1 v -x_4 v x_2) ^ (-x_2 v x_4) ^ (-x_2 v -x_3 v x_8) ^ (x_3 v x_1 v -x_2) ^ (-x_1 v -x_4 v -x_0) ^ (-x_9 v -x_10 v -x_2) ^ (x_0 v x_1 v -x_3)]
11,32,0.0068359375,0.3226604461669922,0.36068248748779297,[(-x_10 v x_5 v -x_0) ^ (-x_4 v x_10 v x_2) ^ (x_3 v -x_1 v -x_0) ^ (x_3 v -x_10 v -x_2) ^ (x_10 v -x_7 v -x_2) ^ (-x_5 v x_4) ^ (-x_9 v -x_6 v -x_0) ^ (x_3 v -x_10 v -x_0) ^ (-x_1 v x_5 v -x_6) ^ (x_1 v x_4) ^ (x_6 v -x_9 v x_8) ^ (x_9 v x_1 v -x_4) ^ (-x_1 v x_3 v x_8) ^ (x_2 v -x_0) ^ (x_0 v -x_2) ^ (x_6 v x_1 v -x_10) ^ (-x_9 v -x_7 v -x_6) ^ (-x_7 v x_2 v x_5) ^ (-x_7 v x_2 v -x_6) ^ (-x_1 v -x_9 v x_3) ^ (x_0 v x_10 v x_4) ^ (x_2 v -x_8) ^ (x_0 v x_6 v -x_5) ^ (-x_1 v -x_4 v x_10) ^ (-x_0 v x_2 v -x_3) ^ (x_0 v x_7 v x_8) ^ (x_6 v -x_9 v x_2) ^ (x_3 v x_10 v x_4) ^ (x_4 v x_5 v -x_6) ^ (-x_2 v x_5 v x_4) ^ (x_9 v -x_2 v x_5) ^ (-x_9 v x_4 v x_2)]
11,32,0.00634765625,0.37020206451416016,0.3285398483276367,[(x_1 v -x_10 v -x_0) ^ (x_6 v -x_10 v x_4) ^ (x_0 v x_4) ^ (-x_9 v -x_5) ^ (-x_10 v -x_5) ^ (-x_1 v x_6 v -x_8) ^ (x_4 v x_2) ^ (-x_1 v -x_3) ^ (-x_7 v x_2 v -x_8) ^ (x_3 v x_6 v -x_4) ^ (x_6 v -x_4 v -x_7) ^ (-x_6 v -x_5 v x_4) ^ (x_8 v x_4 v -x_3) ^ (x_0 v -x_4 v -x_10) ^ (x_1 v x_10 v -x_6) ^ (x_10 v x_5 v x_4) ^ (x_1 v -x_7 v x_10) ^ (x_1 v x_4 v -x_0) ^ (-x_1 v x_6 v x_9) ^ (x_0 v -x_9 v x_3) ^ (-x_4 v x_9 v -x_7) ^ (-x_10 v x_4 v x_8) ^ (-x_1 v x_2 v x_5) ^ (x_3 v -x_1 v -x_10) ^ (x_8 v x_10 v -x_3) ^ (x_6 v x_9 v -x_0) ^ (-x_1 v x_10 v -x_3) ^ (x_0 v x_10 v -x_3) ^ (x_0 v x_7 v x_8) ^ (x_1 v x_4 v x_8) ^ (x_0 v x_10) ^ (-x_1 v -x_7 v x_8)]
11,27,0.0048828125,0.28464555740356445,0.3690214157104492,[(-x_0 v -x_5 v -x_3) ^ (x_9 v x_4 v x_2) ^ (x_9 v x_5 v -x_6) ^ (-x_1 v x_6 v -x_8) ^ (-x_4 v -x_2 v -x_7) ^ (x_6 v -x_7 v x_5) ^ (x_3 v x_6 v x_8) ^ (x_3 v -x_5 v x_4) ^ (-x_1 v x_7 v -x_3) ^ (-x_5 v x_10 v -x_3) ^ (x_3 v x_1 v x_10) ^ (-x_1 v x_10 v -x_2) ^ (-x_6 v -x_5 v -x_0) ^ (x_0 v x_4 v x_8) ^ (x_1 v -x_8 v -x_0) ^ (-x_1 v x_2 v -x_8) ^ (-x_6 v x_5 v x_8) ^ (-x_7 v -x_0) ^ (x_7 v -x_3) ^ (x_6 v x_5) ^ (x_9 v x_2 v -x_3) ^ (-x_10 v -x_7) ^ (-x_4 v x_10 v -x_8) ^ (x_9 v x_5 v -x_3) ^ (x_0 v x_5 v -x_3) ^ (-x_2 v -x_8) ^ (x_3 v -x_4 v -x_7)]
11,32,0.0068359375,0.33536624908447266,0.36286449432373047,[(x_6 v -x_7 v x_2) ^ (x_6 v x_2 v -x_3) ^ (x_1 v -x_3) ^ (-x_10 v -x_5 v -x_3) ^ (x_6 v -x_9 v -x_4) ^ (-x_0 v -x_8 v -x_3) ^ (x_6 v -x_2 v x_4) ^ (-x_9 v -x_4 v -x_2) ^ (-x_1 v -x_5 v x_7) ^ (-x_7 v x_10 v x_4) ^ (x_6 v -x_9 v -x_10) ^ (-x_4 v -x_10 v -x_8) ^ (-x_1 v -x_10 v x_3) ^ (x_0 v -x_7 v x_8) ^ (x_0 v -x_5 v -x_3) ^ (-x_7 v x_4 v -x_8) ^ (-x_9 v x_7) ^ (-x_1 v -x_10 v x_5) ^ (x_10 v -x_3 v x_8) ^ (-x_1 v -x_8 v x_0) ^ (x_5 v -x_8 v -x_3) ^ (x_7 v x_2 v x_8) ^ (x_2 v x_4 v x_5) ^ (-x_2 v -x_4 v -x_5) ^ (x_9 v -x_4 v -x_10) ^ (x_3 v x_1 v x_5) ^ (-x_5 v -x_3) ^ (-x_9 v -x_2 v x_5) ^ (-x_10 v -x_2) ^ (x_0 v x_7 v -x_8) ^ (x_3 v x_4) ^ (-x_1 v -x_4 v -x_8)]
11,24,0.00537109375,0.25946617126464844,0.33997631072998047,[(x_1 v x_8 v -x_6) ^ (-x_2 v x_1 v x_10) ^ (-x_4 v x_5 v x_8) ^ (x_3 v -x_10 v x_2) ^ (x_3 v -x_9 v x_10) ^ (-x_1 v x_9 v -x_10) ^ (-x_2 v x_9 v x_10) ^ (-x_10 v x_4 v -x_6) ^ (-x_1 v x_10 v -x_6) ^ (x_10 v x_7 v x_4) ^ (x_2 v -x_0) ^ (x_0 v -x_9 v x_1) ^ (-x_1 v x_7 v x_3) ^ (-x_9 v -x_4) ^ (-x_1 v x_9 v x_5) ^ (-x_9 v -x_2 v -x_5) ^ (x_5 v x_4 v x_2) ^ (x_3 v x_9 v x_2) ^ (-x_1 v -x_4 v -x_10) ^ (-x_4 v x_7 v x_5) ^ (x_6 v x_5 v x_8) ^ (x_1 v x_10 v x_7) ^ (x_0 v -x_4 v -x_10) ^ (-x_1 v x_9 v -x_6)]
11,23,0.00537109375,0.23650026321411133,0.34952831268310547,[(x_8 v -x_10 v -x_6) ^ (-x_7 v -x_10 v -x_8) ^ (-x_9 v x_10 v -x_6) ^ (-x_10 v -x_5 v -x_3) ^ (x_3 v -x_6) ^ (-x_4 v -x_7) ^ (-x_9 v x_1 v -x_7) ^ (x_8 v x_10 v -x_0) ^ (x_3 v -x_7 v x_5) ^ (-x_1 v -x_5 v x_10) ^ (x_3 v x_1 v -x_5) ^ (x_3 v x_6 v -x_7) ^ (x_10 v x_5 v x_7) ^ (x_10 v -x_2 v -x_3) ^ (-x_7 v -x_0) ^ (x_3 v -x_2 v -x_6) ^ (x_1 v x_4 v -x_8) ^ (-x_5 v x_10 v x_4) ^ (x_0 v -x_4 v -x_8) ^ (x_1 v x_10 v x_8) ^ (x_1 v -x_10 v -x_6) ^ (-x_7 v x_4 v -x_0) ^ (x_3 v x_7 v -x_6)]
11,20,0.0048828125,0.2082512378692627,0.33817577362060547,[(x_3 v -x_1 v -x_6) ^ (x_1 v -x_4 v -x_7) ^ (-x_7 v x_8) ^ (-x_1 v x_7 v -x_0) ^ (-x_9 v -x_7 v -x_5) ^ (-x_1 v x_7) ^ (x_6 v -x_9 v -x_0) ^ (x_1 v -x_3 v -x_0) ^ (-x_4 v -x_10 v x_2) ^ (x_3 v x_2 v -x_6) ^ (x_1 v x_4 v x_2) ^ (x_7 v -x_6) ^ (-x_10 v -x_5 v -x_7) ^ (-x_6 v -x_0) ^ (x_0 v x_1 v x_9) ^ (-x_6 v x_10 v -x_3) ^ (x_3 v -x_2 v -x_0) ^ (x_3 v x_4) ^ (-x_1 v -x_4 v x_7) ^ (x_7 v x_5 v -x_8)]
11,14,0.00439453125,0.16537094116210938,0.35477733612060547,[(-x_1 v x_5) ^ (x_3 v -x_0) ^ (x_9 v -x_10 v -x_6) ^ (x_6 v -x_4 v x_7) ^ (x_8 v x_9 v -x_0) ^ (x_10 v -x_5 v x_7) ^ (-x_4 v -x_5 v x_2) ^ (-x_0) ^ (x_6 v -x_9 v x_2) ^ (-x_5 v x_2 v -x_8) ^ (-x_1 v -x_6 v -x_3) ^ (-x_5 v x_7) ^ (-x_7 v -x_6 v -x_0) ^ (x_7 v x_5 v -x_8)]
11,24,0.0048828125,0.2485215663909912,0.3586454391479492,[(x_5 v -x_9 v x_2) ^ (x_9 v -x_10 v -x_3) ^ (-x_7 v -x_6 v -x_3) ^ (-x_10 v -x_2 v -x_0) ^ (-x_9 v -x_3) ^ (x_3 v -x_4 v -x_5) ^ (-x_9 v x_1 v -x_4) ^ (x_9 v x_4 v -x_8) ^ (x_9 v x_10 v x_4) ^ (-x_4 v x_5 v -x_3) ^ (x_0 v -x_7 v x_4) ^ (-x_1 v x_5 v -x_8) ^ (-x_9 v x_4 v -x_0) ^ (x_9 v -x_4 v -x_10) ^ (-x_10 v -x_3) ^ (x_0 v x_10 v x_4) ^ (x_3 v x_6 v -x_0) ^ (x_0 v x_6 v -x_5) ^ (x_6 v x_9 v -x_10) ^ (x_0 v x_1 v x_4) ^ (-x_2 v x_7 v -x_3) ^ (x_0 v x_10) ^ (-x_1 v -x_4 v -x_8) ^ (-x_1 v x_4 v -x_6)]
11,16,0.00390625,0.18081068992614746,0.3259916305541992,[(-x_10 v x_7) ^ (-x_1 v -x_7 v x_4) ^ (x_10 v -x_3 v -x_0) ^ (-x_0 v x_10 v x_8) ^ (x_3 v -x_7 v x_8) ^ (x_6 v -x_7 v -x_5) ^ (-x_4 v -x_5 v -x_6) ^ (x_6 v -x_4 v x_8) ^ (-x_4 v -x_8) ^ (x_0 v x_2) ^ (x_9 v x_2 v -x_8) ^ (x_1 v -x_8 v -x_3) ^ (x_4 v -x_8 v -x_0) ^ (-x_1 v -x_4 v -x_8) ^ (-x_7 v -x_5 v x_2) ^ (x_9 v -x_4 v x_10)]
11,33,0.00634765625,0.34868526458740234,0.32940196990966797,[(x_1 v -x_10 v -x_0) ^ (x_2 v x_10 v x_5) ^ (x_6 v -x_7 v -x_10) ^ (x_10 v -x_8 v -x_6) ^ (x_9 v x_5 v -x_8) ^ (-x_7 v x_2 v -x_3) ^ (x_10 v x_7 v x_8) ^ (x_3 v x_7 v x_2) ^ (x_3 v x_1) ^ (x_6 v x_2) ^ (-x_10 v x_7 v -x_6) ^ (x_0 v x_10 v x_8) ^ (x_7 v x_2 v -x_8) ^ (x_8 v x_9 v -x_6) ^ (x_3 v x_1 v -x_5) ^ (-x_4 v -x_10) ^ (-x_1 v -x_9 v -x_4) ^ (-x_4 v x_8) ^ (-x_1 v x_7 v -x_8) ^ (-x_4 v -x_7 v -x_6) ^ (-x_9 v x_10 v x_7) ^ (-x_1 v x_2) ^ (x_1 v x_9 v x_5) ^ (-x_4 v -x_10 v x_5) ^ (-x_1 v -x_10 v -x_6) ^ (-x_2 v x_5) ^ (x_1 v x_10 v -x_8) ^ (x_9 v x_10 v -x_3) ^ (-x_4 v x_7 v x_5) ^ (x_3 v x_10 v x_2) ^ (x_0 v -x_10) ^ (-x_1 v -x_9 v -x_8) ^ (x_6 v x_4 v -x_8)]
11,27,0.00634765625,0.2757246494293213,0.3704710006713867,[(x_1 v -x_7 v -x_6) ^ (x_0 v x_5 v x_3) ^ (x_9 v -x_5 v -x_7) ^ (-x_0 v -x_4 v -x_6) ^ (-x_4 v -x_5 v -x_6) ^ (x_0 v -x_9) ^ (-x_7 v x_10 v x_4) ^ (x_3 v -x_4 v -x_10) ^ (x_6 v -x_9 v -x_10) ^ (-x_9 v -x_5 v -x_0) ^ (x_0 v -x_9 v x_7) ^ (x_3 v x_7 v x_2) ^ (-x_10 v -x_0) ^ (x_3 v x_1 v -x_10) ^ (-x_5 v -x_2 v -x_3) ^ (x_1 v -x_8 v -x_3) ^ (-x_7 v -x_6 v -x_0) ^ (x_3 v x_9 v -x_0) ^ (x_3 v -x_8 v -x_6) ^ (x_1 v -x_5 v -x_0) ^ (-x_7 v x_5) ^ (x_0 v x_10 v -x_2) ^ (x_9 v -x_6) ^ (x_3 v -x_9 v -x_7) ^ (x_4 v x_2 v -x_6) ^ (-x_1 v x_2 v x_8) ^ (-x_9 v -x_5 v x_7)]
11,22,0.00439453125,0.22385072708129883,0.32448863983154297,[(x_0 v -x_3 v x_8) ^ (x_0 v -x_1 v x_4) ^ (x_10 v -x_2 v -x_6) ^ (-x_1 v -x_10 v x_8) ^ (x_6 v -x_7 v -x_10) ^ (x_6 v -x_7 v x_4) ^ (-x_10 v -x_2 v -x_0) ^ (-x_0 v -x_2 v x_4) ^ (x_0 v x_6 v x_7) ^ (x_3 v -x_0 v -x_6) ^ (x_7 v x_5) ^ (x_3 v -x_5 v -x_0) ^ (-x_7 v x_10 v -x_0) ^ (-x_4 v -x_6) ^ (-x_9 v -x_4 v x_8) ^ (x_1 v x_10 v x_2) ^ (x_6 v -x_10 v -x_5) ^ (-x_6 v -x_2 v x_4) ^ (-x_1 v x_2 v x_3) ^ (x_1 v -x_2 v -x_0) ^ (-x_9 v -x_10 v -x_3) ^ (x_3 v -x_4 v -x_7)]
11,24,0.00537109375,0.24315786361694336,0.35225963592529297,[(x_5 v -x_7 v x_2) ^ (x_0 v x_10 v -x_5) ^ (-x_5 v x_2 v -x_3) ^ (-x_1 v -x_5 v x_2) ^ (-x_1 v x_6 v x_7) ^ (-x_4 v x_10 v -x_0) ^ (-x_9 v x_1 v x_2) ^ (-x_1 v -x_5 v -x_0) ^ (x_3 v x_9 v -x_7) ^ (x_6 v -x_3) ^ (x_6 v -x_9 v x_8) ^ (x_0 v x_6 v x_2) ^ (-x_1 v x_2 v x_0) ^ (-x_9 v x_10 v x_8) ^ (x_6 v -x_10 v x_8) ^ (x_6 v x_5) ^ (x_9 v x_10 v x_2) ^ (-x_9 v -x_4 v -x_6) ^ (-x_1 v x_4 v -x_3) ^ (-x_9 v -x_10 v x_8) ^ (-x_9 v -x_3 v -x_0) ^ (x_0 v x_9 v x_10) ^ (x_6 v x_1 v -x_9) ^ (x_3 v x_7 v x_5)]
11,12,0.0029296875,0.12890243530273438,0.32497692108154297,[(x_3 v x_8) ^ (x_1 v x_5) ^ (-x_1 v -x_9 v -x_5) ^ (x_9 v -x_5 v x_2) ^ (-x_4 v -x_2 v -x_8) ^ (x_3 v -x_10 v -x_7) ^ (-x_0 v x_2 v -x_3) ^ (x_1 v x_7 v -x_6) ^ (x_0 v x_6 v -x_4) ^ (x_1 v -x_10) ^ (-x_1 v -x_9 v -x_8) ^ (-x_1 v -x_0 v x_8)]
11,33,0.00634765625,0.36243462562561035,0.3535184860229492,[(x_9 v -x_8) ^ (x_3 v -x_1 v x_4) ^ (-x_9 v x_4 v x_5) ^ (-x_1 v x_9 v -x_4) ^ (-x_9 v -x_7 v x_4) ^ (x_6 v x_1 v x_4) ^ (x_3 v -x_1 v x_7) ^ (-x_8 v -x_6) ^ (x_0 v -x_5 v -x_2) ^ (-x_1 v -x_5 v x_10) ^ (-x_0 v x_5 v -x_6) ^ (x_9 v -x_5 v -x_6) ^ (-x_7 v -x_8 v -x_0) ^ (x_9 v -x_3 v x_8) ^ (x_10 v x_5 v x_4) ^ (-x_10 v x_2 v -x_6) ^ (x_5 v -x_8 v -x_3) ^ (-x_1 v -x_4) ^ (-x_9 v -x_2 v -x_0) ^ (x_8 v -x_3) ^ (-x_1 v -x_4 v -x_0) ^ (x_0 v -x_3) ^ (-x_1 v x_6 v x_10) ^ (x_0 v -x_7 v x_10) ^ (x_0 v -x_4 v x_7) ^ (x_9 v x_5 v -x_3) ^ (x_0 v x_9 v -x_5) ^ (-x_1 v x_5 v x_2) ^ (x_8 v x_5 v -x_3) ^ (x_3 v x_6 v -x_10) ^ (-x_10 v x_4 v x_2) ^ (-x_8 v -x_3) ^ (x_0 v -x_4 v x_8)]
11,12,0.00341796875,0.15118908882141113,0.3117856979370117,[(-x_1 v x_9 v -x_10) ^ (-x_10 v x_7 v -x_3) ^ (-x_4 v -x_0) ^ (-x_6 v -x_5 v -x_3) ^ (-x_1 v x_6 v x_3) ^ (x_9 v -x_5 v x_4) ^ (x_6 v x_2 v x_8) ^ (-x_2 v -x_8 v x_4) ^ (-x_1 v x_6 v x_5) ^ (x_6 v -x_3) ^ (x_3 v x_4) ^ (-x_9 v x_5)]
11,24,0.00439453125,0.2554011344909668,0.33397960662841797,[(x_1 v -x_7 v -x_6) ^ (x_0 v -x_4 v -x_5) ^ (x_9 v -x_2 v -x_8) ^ (x_0 v x_1 v -x_10) ^ (x_6 v x_10 v -x_8) ^ (x_8 v -x_2 v -x_0) ^ (x_10 v -x_2 v x_7) ^ (-x_2 v -x_8 v x_4) ^ (x_3 v x_5) ^ (x_10 v -x_4 v -x_2) ^ (-x_6 v -x_3 v x_8) ^ (-x_5 v -x_2 v x_7) ^ (x_3 v x_6 v -x_9) ^ (x_3 v -x_0 v -x_6) ^ (-x_7 v x_2 v x_8) ^ (x_6 v -x_4 v x_8) ^ (-x_7 v x_10 v -x_0) ^ (x_10 v x_5 v -x_8) ^ (-x_10 v -x_5 v -x_7) ^ (x_9 v x_10) ^ (x_6 v x_4 v -x_0) ^ (-x_1 v -x_4 v x_7) ^ (-x_1 v -x_10 v -x_8) ^ (x_0 v -x_5 v -x_6)]
11,27,0.00537109375,0.2885251045227051,0.34675121307373047,[(x_9 v x_10 v x_5) ^ (x_3 v -x_4 v x_8) ^ (x_3 v -x_4 v x_7) ^ (x_6 v x_4 v x_8) ^ (-x_1 v -x_10 v -x_3) ^ (-x_7 v x_10 v x_4) ^ (x_3 v -x_5 v x_8) ^ (-x_7 v x_2 v -x_0) ^ (-x_5 v x_7 v x_4) ^ (-x_1 v x_6 v x_8) ^ (x_1 v -x_4 v x_8) ^ (-x_9 v -x_7 v -x_0) ^ (x_0 v -x_5 v -x_2) ^ (-x_3 v -x_6) ^ (x_3 v x_6 v x_2) ^ (-x_1 v x_9 v x_4) ^ (-x_1 v -x_9 v x_7) ^ (x_1 v -x_7 v x_2) ^ (-x_0 v -x_5 v x_4) ^ (x_0 v -x_9 v -x_3) ^ (-x_1 v x_6 v x_9) ^ (x_0 v -x_5 v x_7) ^ (-x_7 v -x_2 v x_8) ^ (-x_1 v x_10 v -x_3) ^ (x_0 v -x_1 v -x_8) ^ (x_3 v x_9 v x_10) ^ (-x_1 v x_4 v -x_3)]
11,20,0.0048828125,0.22935891151428223,0.3313016891479492,[(x_8 v -x_2 v x_4) ^ (-x_6 v x_4 v -x_3) ^ (x_6 v x_1 v -x_4) ^ (x_1 v x_9 v -x_2) ^ (-x_0 v -x_9 v -x_3) ^ (-x_1 v -x_5 v -x_0) ^ (x_10 v x_7 v x_4) ^ (-x_9 v x_1 v -x_10) ^ (x_1 v x_4 v x_2) ^ (x_6 v -x_5 v -x_3) ^ (-x_1 v -x_9 v x_2) ^ (x_0 v x_7 v -x_6) ^ (-x_1 v x_2 v -x_8) ^ (x_3 v x_4 v x_2) ^ (x_3 v x_1 v -x_7) ^ (x_0 v x_2 v x_8) ^ (-x_9 v -x_5 v x_7) ^ (-x_1 v -x_0) ^ (-x_9 v x_4 v x_2) ^ (x_6 v x_9 v -x_8)]
11,25,0.00537109375,0.2524755001068115,0.34574413299560547,[(x_6 v -x_7 v x_8) ^ (-x_1 v -x_9 v x_8) ^ (-x_4 v -x_2 v -x_0) ^ (-x_1 v -x_3 v x_0) ^ (x_8 v -x_7 v -x_3) ^ (x_3 v -x_10 v x_2) ^ (x_0 v x_9) ^ (-x_5 v -x_6) ^ (x_0 v -x_2 v x_8) ^ (x_1 v x_8 v -x_0) ^ (x_6 v -x_4 v x_5) ^ (-x_9 v -x_7 v x_10) ^ (x_1 v -x_4 v -x_6) ^ (x_10 v x_9 v -x_2) ^ (x_1 v -x_7 v x_5) ^ (x_3 v -x_10 v x_7) ^ (-x_1 v x_5 v x_8) ^ (x_0 v -x_10 v -x_8) ^ (-x_5 v -x_4 v -x_2) ^ (x_3 v x_6 v x_7) ^ (x_6 v x_9 v x_4) ^ (-x_1 v x_4 v x_8) ^ (x_9 v -x_8 v -x_0) ^ (x_6 v x_8) ^ (-x_9 v x_1 v -x_6)]
11,20,0.0048828125,0.2078874111175537,0.36802196502685547,[(x_5 v -x_3 v -x_0) ^ (x_2 v x_10 v x_5) ^ (x_3 v x_2 v -x_8) ^ (-x_1 v -x_4 v -x_3) ^ (-x_10 v x_4 v -x_0) ^ (-x_9 v -x_5 v -x_6) ^ (x_6 v x_9 v -x_7) ^ (-x_1 v x_6 v -x_9) ^ (x_6 v -x_4 v x_7) ^ (x_2 v -x_0) ^ (x_6 v -x_0) ^ (x_3 v x_9 v x_0) ^ (-x_1 v x_4 v x_7) ^ (x_3 v x_4 v x_8) ^ (x_3 v x_7 v x_8) ^ (-x_10 v x_5 v -x_3) ^ (-x_9 v x_7 v x_2) ^ (-x_9 v x_2) ^ (x_10 v -x_5 v x_2) ^ (-x_1 v x_9 v -x_7)]
11,24,0.005859375,0.24446368217468262,0.3537931442260742,[(-x_4 v x_9 v -x_3) ^ (x_3 v x_6 v x_10) ^ (x_3 v x_10) ^ (x_0 v x_2 v x_3) ^ (x_6 v -x_7 v -x_5) ^ (-x_1 v x_6 v x_7) ^ (x_4 v x_2 v x_8) ^ (x_0 v -x_1 v -x_3) ^ (x_10 v x_8) ^ (-x_9 v x_1 v -x_3) ^ (x_6 v -x_10 v -x_3) ^ (-x_7 v x_10 v -x_0) ^ (-x_1 v x_9 v x_5) ^ (-x_9 v -x_6 v x_8) ^ (-x_7 v x_4 v -x_6) ^ (x_5 v x_9 v x_2) ^ (x_3 v -x_5 v x_2) ^ (x_9 v -x_0) ^ (-x_1 v -x_4 v -x_5) ^ (x_9 v x_10) ^ (-x_2 v x_7 v x_8) ^ (x_3 v x_2) ^ (x_1 v x_9 v x_8) ^ (-x_9 v -x_0)]
11,25,0.0048828125,0.2557363510131836,0.34507274627685547,[(x_1 v -x_2 v -x_5) ^ (x_1 v x_4 v -x_6) ^ (x_0 v -x_10 v -x_2) ^ (-x_4 v x_9 v x_10) ^ (x_6 v -x_9 v -x_0) ^ (x_0 v x_10 v -x_6) ^ (-x_4 v x_5 v x_8) ^ (-x_2 v -x_8 v -x_6) ^ (x_3 v -x_10 v x_4) ^ (x_3 v x_10 v -x_6) ^ (x_1 v x_10 v -x_6) ^ (-x_4 v x_8) ^ (-x_7 v -x_8 v -x_0) ^ (x_0 v x_7 v x_5) ^ (-x_2 v -x_7 v -x_5) ^ (x_1 v -x_7 v x_5) ^ (x_0 v x_6 v -x_3) ^ (-x_4 v x_10) ^ (-x_4 v x_5 v -x_0) ^ (-x_5 v x_7 v -x_0) ^ (x_1 v x_10 v -x_8) ^ (x_1 v x_10 v x_2) ^ (-x_5 v x_7 v -x_8) ^ (-x_9 v -x_10 v x_2) ^ (-x_10 v -x_5 v x_8)]
11,18,0.00390625,0.19889307022094727,0.3237485885620117,[(-x_4 v -x_2 v x_7) ^ (-x_7 v -x_5) ^ (x_0 v x_6 v x_5) ^ (-x_1 v x_4 v x_8) ^ (-x_6 v -x_5 v -x_3) ^ (-x_0 v x_2 v -x_3) ^ (x_3 v -x_5 v -x_2) ^ (x_0 v -x_10) ^ (x_1 v -x_5 v -x_0) ^ (-x_10 v x_5 v -x_6) ^ (x_3 v -x_9 v -x_0) ^ (-x_6 v -x_2 v x_4) ^ (-x_9 v -x_7 v -x_2) ^ (x_0 v x_6 v -x_9) ^ (-x_10 v -x_3 v -x_0) ^ (x_1 v x_10 v x_7) ^ (x_3 v x_1 v x_4) ^ (-x_1 v x_9 v -x_5)]
11,29,0.0048828125,0.28696370124816895,0.34345531463623047,[(-x_7 v x_5 v x_8) ^ (x_9 v x_5 v -x_0) ^ (-x_2 v -x_5 v -x_3) ^ (-x_9 v -x_2 v -x_3) ^ (x_6 v x_10 v x_2) ^ (x_3 v -x_5 v x_8) ^ (x_10 v -x_2 v -x_8) ^ (x_8 v -x_7 v -x_0) ^ (x_0 v -x_1 v x_9) ^ (x_3 v -x_8) ^ (-x_1 v -x_10 v -x_5) ^ (x_6 v -x_7 v x_5) ^ (-x_1 v -x_10 v x_5) ^ (-x_2 v -x_6) ^ (-x_7 v x_2 v -x_8) ^ (-x_4 v -x_3) ^ (x_2 v -x_0) ^ (x_9 v x_10 v -x_8) ^ (x_4 v -x_8 v -x_3) ^ (-x_1 v -x_7 v -x_3) ^ (x_3 v x_1 v x_4) ^ (-x_9 v -x_2) ^ (x_7 v x_5 v -x_0) ^ (x_3 v x_9 v x_10) ^ (-x_7 v x_10 v x_8) ^ (-x_1 v -x_10 v x_0) ^ (-x_9 v x_4 v -x_3) ^ (x_0 v -x_4 v -x_3) ^ (x_0 v x_9 v x_10)]
11,21,0.00439453125,0.21730852127075195,0.3224210739135742,[(-x_9 v x_5 v -x_6) ^ (x_0 v x_7 v x_4) ^ (x_6 v x_10 v -x_8) ^ (x_6 v x_5 v -x_3) ^ (x_0 v -x_5 v x_8) ^ (x_1 v x_9 v -x_2) ^ (-x_9 v -x_8 v -x_6) ^ (x_10 v x_7 v x_8) ^ (-x_9 v -x_3 v x_8) ^ (-x_1 v x_7 v -x_3) ^ (x_9 v x_7 v -x_6) ^ (x_1 v x_9 v x_4) ^ (x_3 v x_1 v -x_4) ^ (x_8 v -x_3 v -x_0) ^ (-x_1 v x_4 v -x_8) ^ (-x_1 v -x_10) ^ (-x_2 v x_5) ^ (-x_9 v -x_10) ^ (x_3 v x_5 v -x_6) ^ (x_1 v x_2 v -x_3) ^ (x_9 v -x_2 v -x_7)]
11,22,0.005859375,0.2285785675048828,0.33491039276123047,[(-x_4 v -x_2 v -x_6) ^ (-x_9 v -x_5 v x_2) ^ (-x_4 v x_2 v -x_3) ^ (-x_5 v -x_8 v -x_0) ^ (-x_9 v -x_8) ^ (x_3 v x_8) ^ (x_9 v x_4 v x_5) ^ (-x_9 v x_7 v x_8) ^ (-x_0 v -x_8 v -x_6) ^ (-x_5 v -x_0) ^ (-x_5 v x_10) ^ (x_3 v -x_4 v -x_0) ^ (x_5 v -x_8 v -x_0) ^ (x_3 v x_9 v -x_7) ^ (-x_0 v -x_2 v -x_6) ^ (x_3 v -x_7 v -x_2) ^ (x_6 v x_1 v x_8) ^ (x_5 v -x_8 v -x_3) ^ (x_3 v -x_9 v -x_4) ^ (x_9 v -x_7 v -x_8) ^ (x_3 v x_1 v -x_0) ^ (x_0 v x_4 v x_5)]
11,11,0.00244140625,0.12425613403320312,0.29931163787841797,[(x_4 v x_5 v x_8) ^ (x_2 v x_10 v x_5) ^ (x_6 v -x_0) ^ (x_3 v x_4 v -x_8) ^ (-x_2 v x_6 v -x_5) ^ (-x_4 v -x_10 v x_7) ^ (x_0 v -x_7 v -x_6) ^ (-x_1 v -x_9 v x_7) ^ (x_9 v x_7 v -x_6) ^ (x_1 v -x_4 v -x_8) ^ (-x_9 v -x_8 v -x_6)]
11,20,0.00439453125,0.21073651313781738,0.3341093063354492,[(x_0 v -x_4 v -x_5) ^ (x_3 v x_4 v x_5) ^ (x_3 v -x_5 v -x_8) ^ (-x_10 v x_4) ^ (x_6 v -x_4 v -x_0) ^ (x_7 v x_2 v -x_0) ^ (x_3 v -x_5 v x_4) ^ (x_9 v -x_10 v x_5) ^ (x_3 v -x_7 v -x_0) ^ (-x_9 v -x_10 v x_4) ^ (x_3 v x_4 v -x_2) ^ (-x_9 v -x_7 v x_8) ^ (-x_4 v x_10) ^ (x_9 v x_4 v -x_0) ^ (x_7 v -x_8) ^ (x_6 v x_9 v x_4) ^ (x_0 v -x_3) ^ (-x_1 v x_3 v x_0) ^ (x_3 v x_7 v x_5) ^ (-x_1 v x_10 v x_3)]
11,21,0.0048828125,0.22385621070861816,0.3563108444213867,[(x_1 v x_10 v -x_5) ^ (x_6 v x_2 v -x_3) ^ (-x_9 v -x_5 v x_2) ^ (-x_1 v x_5 v -x_0) ^ (x_1 v x_7 v -x_0) ^ (x_9 v x_5 v -x_8) ^ (x_0 v x_10 v x_5) ^ (x_6 v x_1 v -x_7) ^ (-x_3 v -x_8 v -x_6) ^ (x_3 v -x_9 v -x_8) ^ (-x_2 v x_10 v -x_3) ^ (-x_9 v x_8 v -x_3) ^ (-x_6 v -x_5 v x_4) ^ (-x_7 v x_10 v -x_0) ^ (x_3 v x_4 v -x_8) ^ (x_1 v -x_9 v x_7) ^ (-x_5 v -x_2 v x_4) ^ (-x_9 v x_10 v -x_3) ^ (x_9 v x_4 v -x_0) ^ (-x_9 v -x_2) ^ (-x_1 v -x_10 v x_4)]
11,32,0.00537109375,0.32942700386047363,0.34777355194091797,[(-x_7 v -x_10 v -x_8) ^ (x_3 v x_9 v x_5) ^ (x_10 v -x_3 v -x_6) ^ (-x_10 v -x_2 v x_4) ^ (-x_4 v x_5 v x_8) ^ (x_6 v x_1 v -x_5) ^ (-x_10 v x_2 v -x_3) ^ (-x_2 v -x_8 v -x_6) ^ (x_1 v -x_2) ^ (-x_5 v -x_4 v -x_10) ^ (-x_1 v -x_10 v x_5) ^ (x_1 v -x_10 v x_7) ^ (x_3 v -x_9 v -x_5) ^ (x_8 v -x_2 v -x_3) ^ (x_9 v -x_8 v -x_6) ^ (-x_1 v x_9 v x_10) ^ (x_1 v -x_9 v -x_7) ^ (-x_1 v x_4 v -x_0) ^ (x_3 v x_1 v -x_5) ^ (-x_1 v -x_5 v x_0) ^ (x_0 v x_1 v x_8) ^ (-x_1 v -x_8 v x_0) ^ (x_9 v -x_4 v -x_10) ^ (x_0 v x_6 v -x_10) ^ (-x_10 v x_2 v x_8) ^ (x_1 v x_4 v -x_8) ^ (x_9 v -x_4 v -x_8) ^ (x_9 v x_10 v x_2) ^ (x_4 v x_5 v -x_0) ^ (x_6 v -x_8) ^ (x_4 v -x_8 v -x_0) ^ (x_8 v -x_7 v -x_6)]
11,27,0.0048828125,0.3061861991882324,0.34658336639404297,[(x_1 v -x_5 v -x_8) ^ (x_6 v -x_7 v x_2) ^ (x_4 v x_2 v x_7) ^ (-x_1 v -x_7 v -x_2) ^ (x_3 v x_0) ^ (x_9 v -x_3 v -x_0) ^ (x_3 v -x_1 v -x_7) ^ (x_6 v -x_4 v x_5) ^ (x_1 v -x_7 v -x_2) ^ (-x_2 v -x_6) ^ (-x_4 v -x_3) ^ (-x_9 v x_1 v -x_6) ^ (x_3 v -x_4 v x_0) ^ (-x_5 v x_7 v -x_3) ^ (x_3 v x_9 v -x_0) ^ (-x_2 v x_7 v -x_8) ^ (x_0 v -x_5 v x_4) ^ (-x_1 v x_10 v x_2) ^ (x_7 v -x_8) ^ (x_10 v x_2 v -x_8) ^ (x_1 v x_5 v x_8) ^ (-x_9 v -x_10 v -x_8) ^ (-x_0 v x_7 v -x_3) ^ (x_6 v x_2 v -x_0) ^ (-x_6 v -x_2 v x_4) ^ (x_0 v -x_4) ^ (x_6 v -x_4 v x_9)]
11,31,0.0068359375,0.3125929832458496,0.34849071502685547,[(x_9 v -x_2 v x_7) ^ (x_3 v x_0 v -x_6) ^ (x_6 v x_1 v x_9) ^ (-x_1 v -x_7 v -x_2) ^ (-x_9 v -x_4 v -x_2) ^ (x_1 v -x_4 v -x_8) ^ (x_0 v -x_5 v x_8) ^ (-x_4 v -x_10 v -x_8) ^ (-x_1 v -x_7 v x_2) ^ (x_3 v x_6 v x_8) ^ (x_6 v -x_5 v x_8) ^ (x_0 v -x_10 v -x_3) ^ (-x_9 v -x_10 v -x_6) ^ (x_1 v -x_7 v -x_10) ^ (x_0 v -x_4 v -x_10) ^ (x_1 v -x_9) ^ (x_0 v -x_9 v -x_3) ^ (-x_7 v -x_2 v -x_3) ^ (x_8 v x_7 v -x_6) ^ (x_8 v -x_3 v -x_0) ^ (x_0 v x_10 v x_4) ^ (-x_1 v -x_10 v -x_6) ^ (x_3 v x_4 v x_2) ^ (x_6 v x_4 v -x_0) ^ (x_9 v -x_4 v -x_8) ^ (x_7 v x_8) ^ (-x_7 v -x_2 v x_5) ^ (-x_7 v x_5 v -x_8) ^ (x_1 v x_2 v -x_3) ^ (-x_10 v -x_3 v -x_6) ^ (-x_10 v -x_5 v x_8)]
11,16,0.00341796875,0.18749356269836426,0.31237316131591797,[(x_1 v -x_7 v -x_6) ^ (x_0 v -x_9 v -x_5) ^ (-x_1 v x_9 v -x_3) ^ (x_5 v -x_10 v x_2) ^ (x_6 v -x_9 v -x_7) ^ (-x_7 v -x_8 v -x_0) ^ (-x_1 v x_10) ^ (x_3 v -x_4 v x_9) ^ (-x_5 v x_2 v x_8) ^ (-x_1 v x_7 v -x_0) ^ (-x_9 v -x_4 v -x_5) ^ (x_9 v -x_10 v x_8) ^ (x_9 v -x_5) ^ (-x_9 v x_1 v x_7) ^ (x_8 v -x_6 v -x_0) ^ (-x_9 v x_2 v -x_3)]
11,13,0.00341796875,0.16986489295959473,0.33539867401123047,[(-x_10 v x_4 v -x_0) ^ (x_1 v -x_3 v -x_0) ^ (-x_9 v -x_10 v -x_8) ^ (x_0 v x_6 v x_10) ^ (x_6 v -x_9 v x_4) ^ (x_0 v -x_2 v x_5) ^ (-x_9 v x_4 v -x_0) ^ (x_3 v x_1 v -x_10) ^ (x_3 v -x_4 v -x_10) ^ (x_6 v x_9 v -x_2) ^ (-x_4 v x_9 v -x_7) ^ (x_0 v x_10 v x_4) ^ (x_1 v -x_8)]
11,24,0.0048828125,0.2816586494445801,0.3313627243041992,[(x_3 v x_9 v x_8) ^ (x_8 v -x_4 v -x_6) ^ (-x_0 v -x_7 v x_8) ^ (x_3 v x_7 v x_0) ^ (-x_1 v -x_10 v -x_5) ^ (-x_3 v -x_0) ^ (x_1 v x_9 v -x_2) ^ (x_6 v -x_2 v x_5) ^ (x_3 v -x_7 v x_5) ^ (-x_6 v -x_5 v x_4) ^ (x_9 v -x_4 v -x_3) ^ (-x_9 v x_2 v -x_6) ^ (x_9 v x_4 v x_8) ^ (-x_2 v -x_5) ^ (-x_1 v x_7 v -x_8) ^ (x_0 v -x_7) ^ (x_10 v x_5 v -x_8) ^ (x_6 v x_7 v x_4) ^ (-x_1 v -x_10 v x_4) ^ (x_4 v x_5 v -x_0) ^ (x_0 v x_9 v -x_10) ^ (-x_9 v x_4 v -x_3) ^ (x_4 v x_5 v -x_6) ^ (-x_10 v -x_2 v x_7)]
11,28,0.005859375,0.2823469638824463,0.34220409393310547,[(x_3 v -x_1 v x_5) ^ (x_0 v x_4) ^ (-x_0 v -x_5 v -x_3) ^ (x_1 v -x_7 v -x_8) ^ (-x_7 v x_5 v -x_6) ^ (x_9 v -x_5 v x_7) ^ (x_6 v x_5 v -x_3) ^ (x_3 v -x_5 v x_8) ^ (x_0 v -x_6) ^ (x_3 v -x_4 v -x_8) ^ (x_8 v x_5 v -x_6) ^ (-x_1 v x_6 v x_8) ^ (x_0 v x_6) ^ (x_9 v x_5 v x_8) ^ (x_3 v x_7) ^ (x_5 v -x_8 v -x_0) ^ (x_0 v x_6 v -x_9) ^ (-x_5 v x_7) ^ (x_3 v x_9 v -x_2) ^ (-x_9 v x_10 v x_8) ^ (x_0 v x_6 v x_3) ^ (x_0 v -x_1 v -x_6) ^ (-x_9 v x_10 v -x_5) ^ (x_9 v -x_7 v -x_3) ^ (x_10 v x_4) ^ (-x_5 v x_7 v -x_8) ^ (-x_10 v x_2 v -x_0) ^ (x_6 v x_1 v -x_9)]
11,33,0.00537109375,0.3481271266937256,0.37029552459716797,[(-x_2 v x_10 v -x_0) ^ (x_3 v x_9 v x_8) ^ (x_0 v x_6 v -x_8) ^ (x_9 v x_5 v -x_6) ^ (x_0 v x_1 v x_3) ^ (-x_8 v -x_0) ^ (x_3 v -x_5 v -x_6) ^ (x_1 v -x_2 v -x_3) ^ (x_9 v x_5 v x_8) ^ (x_1 v -x_10 v -x_3) ^ (-x_1 v x_7 v -x_3) ^ (x_9 v x_4) ^ (x_6 v -x_2 v -x_8) ^ (x_6 v x_1 v x_7) ^ (x_0 v x_6 v x_9) ^ (-x_1 v x_7 v x_3) ^ (x_3 v x_6 v x_4) ^ (-x_9 v -x_7 v -x_3) ^ (-x_9 v x_10 v -x_3) ^ (-x_10 v -x_6) ^ (-x_7 v x_4 v -x_6) ^ (x_10 v x_2 v -x_6) ^ (x_0 v -x_2 v -x_6) ^ (-x_9 v -x_2 v x_5) ^ (x_3 v -x_2) ^ (x_1 v x_9 v -x_8) ^ (-x_1 v -x_7 v x_3) ^ (-x_1 v -x_0 v -x_6) ^ (x_3 v -x_9 v -x_6) ^ (x_3 v -x_9 v -x_0) ^ (x_10 v x_4) ^ (x_3 v -x_4 v -x_8) ^ (x_9 v -x_7)]
11,20,0.00439453125,0.22055435180664062,0.37523937225341797,[(x_1 v -x_2 v -x_5) ^ (x_9 v -x_4 v -x_6) ^ (x_6 v x_1 v x_9) ^ (x_1 v -x_6) ^ (-x_7 v x_2 v -x_0) ^ (x_8 v -x_10 v -x_3) ^ (x_4 v x_7 v x_8) ^ (x_4 v x_5 v x_8) ^ (-x_10 v x_4 v -x_0) ^ (-x_0 v x_10 v x_8) ^ (x_0 v x_6 v -x_2) ^ (-x_9 v x_1 v -x_5) ^ (-x_4 v -x_8 v -x_0) ^ (-x_7 v -x_0) ^ (x_3 v -x_9 v -x_6) ^ (x_10 v x_5 v -x_3) ^ (x_0 v x_2 v x_8) ^ (-x_1 v x_2 v x_8) ^ (-x_7 v x_10 v -x_3) ^ (-x_9 v -x_0)]
11,11,0.00390625,0.13472723960876465,0.31786632537841797,[(x_3 v x_10) ^ (x_0 v x_6 v x_5) ^ (-x_1 v x_10 v -x_2) ^ (x_6 v -x_10 v -x_2) ^ (x_1 v x_9 v x_8) ^ (x_6 v x_9 v -x_5) ^ (-x_1 v x_7 v x_5) ^ (-x_9 v -x_4 v -x_10) ^ (x_0 v x_6 v x_8) ^ (x_10 v x_7 v x_4) ^ (x_6 v x_7)]
11,33,0.00732421875,0.35141992568969727,0.3690519332885742,[(x_3 v -x_7 v x_8) ^ (x_9 v x_7 v x_4) ^ (-x_1 v x_5 v -x_0) ^ (x_3 v x_6 v -x_2) ^ (x_6 v -x_4 v -x_5) ^ (-x_1 v -x_7 v x_2) ^ (-x_1 v x_9 v -x_4) ^ (x_0 v x_9 v x_3) ^ (-x_5 v x_4) ^ (-x_1 v -x_7 v x_4) ^ (x_1 v -x_10 v -x_3) ^ (-x_6 v -x_3 v x_8) ^ (-x_0 v -x_2 v x_4) ^ (-x_5 v x_10) ^ (-x_1 v -x_7 v x_10) ^ (-x_1 v x_6 v -x_2) ^ (x_7 v x_2 v -x_8) ^ (-x_2 v x_6 v -x_5) ^ (x_0 v x_1 v x_8) ^ (x_0 v -x_10 v -x_6) ^ (x_2 v x_5 v -x_8) ^ (x_6 v x_9 v -x_5) ^ (x_3 v x_9 v x_0) ^ (x_1 v -x_6 v -x_3) ^ (-x_1 v -x_2 v x_4) ^ (x_3 v x_10 v -x_2) ^ (x_3 v x_6 v x_7) ^ (x_3 v -x_1 v x_8) ^ (x_4 v x_2 v -x_6) ^ (-x_9 v x_1 v -x_8) ^ (x_3 v -x_10 v -x_8) ^ (-x_1 v -x_10 v x_0) ^ (x_7 v x_5 v -x_8)]
11,23,0.0048828125,0.2697560787200928,0.3313627243041992,[(x_1 v -x_7 v -x_6) ^ (-x_1 v x_10 v x_5) ^ (x_3 v -x_5 v x_8) ^ (x_8 v -x_6 v -x_0) ^ (x_3 v -x_8 v x_0) ^ (-x_9 v -x_4 v -x_3) ^ (x_0 v -x_7 v -x_2) ^ (-x_3 v -x_8 v -x_6) ^ (x_6 v x_2) ^ (x_9 v x_4 v -x_8) ^ (x_6 v x_7 v -x_3) ^ (-x_0 v x_4 v x_8) ^ (-x_1 v x_4 v -x_8) ^ (-x_1 v -x_2 v -x_0) ^ (x_0 v x_6 v x_3) ^ (x_7 v x_2 v x_4) ^ (x_1 v -x_9 v -x_10) ^ (x_0 v x_6 v x_10) ^ (-x_0 v -x_3 v x_8) ^ (-x_1 v -x_7 v -x_8) ^ (x_9 v x_7 v x_2) ^ (-x_9 v x_7 v x_5) ^ (x_8 v -x_7 v -x_6)]
11,20,0.0048828125,0.22463750839233398,0.3253049850463867,[(x_1 v x_2 v -x_6) ^ (x_7 v x_4 v -x_0) ^ (x_7 v -x_3 v x_8) ^ (x_0 v -x_4 v x_10) ^ (x_10 v -x_2 v -x_6) ^ (-x_1 v x_10 v x_5) ^ (x_1 v x_8) ^ (-x_2 v x_4 v -x_3) ^ (x_8 v -x_10 v -x_3) ^ (-x_1 v -x_8 v -x_6) ^ (x_6 v -x_2) ^ (x_3 v -x_10 v x_5) ^ (x_6 v x_7 v -x_3) ^ (-x_9 v x_4) ^ (-x_4 v -x_5 v -x_3) ^ (-x_10 v -x_5 v x_4) ^ (-x_1 v x_6 v x_10) ^ (-x_7 v -x_10 v -x_6) ^ (x_9 v -x_2 v -x_6) ^ (-x_1 v -x_10 v -x_8)]
12,31,0.0029296875,0.6927943229675293,0.6109113693237305,[(x_10 v x_2 v -x_0) ^ (-x_1 v -x_11 v -x_3) ^ (x_11 v -x_9 v x_2) ^ (-x_2 v -x_3 v x_4) ^ (-x_7 v -x_5 v -x_8) ^ (-x_4 v -x_10 v -x_8) ^ (-x_5 v -x_10 v -x_2) ^ (-x_1 v x_5 v x_0) ^ (x_0 v x_3 v x_5) ^ (-x_10 v x_7 v -x_6) ^ (x_1 v -x_8 v -x_3) ^ (x_11 v -x_9 v x_8) ^ (x_9 v x_7 v -x_3) ^ (x_9 v x_5 v -x_11) ^ (x_0 v -x_1 v -x_5) ^ (x_2 v -x_8 v -x_6) ^ (x_11 v x_3 v -x_6) ^ (x_6 v x_1 v x_7) ^ (-x_9 v x_4 v -x_0) ^ (-x_0 v x_6 v -x_11) ^ (-x_4 v -x_6) ^ (x_3 v x_6 v -x_7) ^ (x_1 v x_7 v -x_8) ^ (-x_4 v x_2 v -x_6) ^ (x_11 v x_1 v x_7) ^ (x_10 v x_5 v x_8) ^ (x_11 v -x_10 v -x_2) ^ (-x_0 v x_1 v -x_3) ^ (x_3 v x_2) ^ (x_4 v -x_0) ^ (-x_9 v x_4 v x_7)]
12,19,0.002197265625,0.40694713592529297,0.5758237838745117,[(-x_9 v -x_7) ^ (x_6 v -x_9 v -x_10) ^ (x_10 v x_5 v -x_6) ^ (x_3 v -x_8) ^ (x_4 v -x_3) ^ (x_11 v x_9 v x_4) ^ (x_11 v -x_7 v -x_5) ^ (x_8 v -x_11) ^ (-x_4 v -x_2 v x_8) ^ (x_1 v -x_8 v -x_6) ^ (x_11 v -x_8 v -x_3) ^ (-x_1 v -x_8 v x_0) ^ (-x_10 v -x_6) ^ (x_4 v -x_8 v -x_3) ^ (x_0 v x_6 v -x_5) ^ (-x_1 v -x_5 v x_8) ^ (x_3 v -x_11) ^ (x_7 v -x_8 v -x_3) ^ (-x_4 v x_2 v -x_8)]
12,27,0.002685546875,0.5675489902496338,0.5949125289916992,[(x_11 v -x_9 v -x_2) ^ (x_10 v x_2 v x_4) ^ (-x_0 v -x_7 v x_8) ^ (x_6 v -x_7 v x_8) ^ (-x_1 v -x_11 v -x_6) ^ (x_0 v x_1 v -x_5) ^ (-x_9 v -x_4 v -x_2) ^ (x_9 v -x_5 v x_7) ^ (-x_9 v -x_3 v -x_11) ^ (x_10 v -x_2 v x_5) ^ (-x_10 v -x_5 v -x_11) ^ (-x_7 v x_4 v x_2) ^ (x_5 v x_8) ^ (x_0 v -x_7 v -x_3) ^ (x_3 v x_1) ^ (x_11 v -x_5 v x_4) ^ (x_0 v x_6 v -x_9) ^ (-x_2 v -x_8 v -x_3) ^ (-x_1 v -x_8 v x_0) ^ (x_8 v x_7 v -x_6) ^ (-x_5 v x_8) ^ (x_0 v x_7) ^ (-x_5 v -x_3 v -x_0) ^ (x_3 v -x_8 v -x_11) ^ (x_0 v x_10 v x_2) ^ (x_3 v x_6 v x_0) ^ (x_1 v x_5 v -x_3)]
12,20,0.002197265625,0.44471049308776855,0.5627241134643555,[(x_11 v x_8 v -x_6) ^ (x_8 v -x_4 v -x_6) ^ (x_6 v x_9 v -x_11) ^ (x_0 v -x_10 v -x_2) ^ (-x_1 v x_3 v x_11) ^ (x_3 v -x_10 v x_2) ^ (-x_9 v x_10 v x_4) ^ (-x_11 v x_9 v -x_0) ^ (x_11 v -x_4 v -x_8) ^ (-x_1 v x_10 v -x_6) ^ (-x_9 v x_4 v -x_11) ^ (x_6 v -x_2 v -x_3) ^ (-x_2 v x_6 v x_10) ^ (-x_9 v -x_7 v x_8) ^ (-x_1 v x_10 v -x_8) ^ (-x_9 v x_2 v x_8) ^ (x_0 v -x_10) ^ (x_10 v -x_4 v -x_5) ^ (x_2 v x_5 v -x_11) ^ (x_0 v -x_4 v x_8)]
12,29,0.00341796875,0.5825726985931396,0.6336164474487305,[(-x_1 v -x_5 v -x_2) ^ (-x_4 v -x_5) ^ (x_11 v x_1 v -x_8) ^ (x_6 v -x_4 v -x_5) ^ (x_6 v -x_9 v -x_0) ^ (-x_4 v x_9 v -x_6) ^ (x_6 v x_2 v x_8) ^ (-x_1 v -x_10 v x_3) ^ (x_10 v -x_5 v -x_3) ^ (-x_9 v -x_3) ^ (-x_7 v x_5 v -x_3) ^ (x_4 v -x_3 v -x_11) ^ (x_0 v -x_1 v -x_3) ^ (-x_5 v x_10) ^ (-x_1 v -x_9 v -x_2) ^ (x_0 v -x_1 v -x_5) ^ (x_3 v x_1 v -x_11) ^ (x_11 v -x_7 v -x_0) ^ (x_0 v -x_2 v -x_11) ^ (-x_1 v x_6) ^ (-x_1 v -x_11 v x_8) ^ (-x_9 v x_10 v x_2) ^ (-x_1 v -x_4 v x_9) ^ (x_6 v x_9 v -x_10) ^ (x_3 v x_1 v -x_2) ^ (x_6 v -x_8 v -x_0) ^ (-x_9 v -x_10 v -x_3) ^ (x_3 v x_9 v -x_5) ^ (x_0 v -x_4 v x_8)]
12,36,0.00390625,0.7237818241119385,0.642664909362793,[(x_3 v -x_0) ^ (x_11 v -x_9 v -x_2) ^ (x_6 v x_2 v -x_3) ^ (-x_2 v x_8) ^ (-x_4 v -x_2 v -x_0) ^ (-x_1 v -x_5 v -x_3) ^ (-x_5 v -x_11) ^ (x_0 v -x_10 v -x_3) ^ (-x_1 v -x_9 v -x_6) ^ (-x_9 v -x_5 v -x_6) ^ (x_11 v x_1 v -x_3) ^ (x_11 v x_4 v -x_0) ^ (-x_9 v x_8) ^ (-x_4 v x_5 v -x_3) ^ (-x_1 v x_10 v x_4) ^ (x_3 v x_9 v -x_0) ^ (x_0 v -x_9 v x_1) ^ (x_4 v x_5 v x_7) ^ (x_4 v x_5 v -x_3) ^ (x_9 v -x_3 v x_8) ^ (-x_4 v x_9 v -x_11) ^ (-x_1 v -x_4 v -x_2) ^ (-x_5 v -x_2 v x_4) ^ (x_11 v x_3 v -x_0) ^ (x_6 v x_5 v -x_11) ^ (-x_9 v x_4) ^ (-x_9 v -x_8 v -x_0) ^ (x_11 v -x_9 v -x_5) ^ (-x_1 v x_4) ^ (-x_1 v -x_5) ^ (x_1 v -x_9 v x_4) ^ (-x_1 v -x_4 v x_5) ^ (x_6 v -x_7 v -x_2) ^ (x_6 v -x_10 v x_5) ^ (-x_7 v -x_10 v -x_6) ^ (-x_1 v x_10 v x_3)]
12,25,0.00244140625,0.5094285011291504,0.595667839050293,[(-x_1 v -x_2 v x_7) ^ (-x_1 v -x_9 v -x_11) ^ (x_3 v -x_9 v x_2) ^ (-x_1 v -x_5 v x_2) ^ (x_7 v x_5 v x_8) ^ (-x_11 v -x_2 v x_4) ^ (-x_9 v -x_3 v -x_6) ^ (x_3 v -x_4 v -x_5) ^ (x_3 v x_1 v x_8) ^ (x_11 v -x_2 v x_4) ^ (x_6 v x_7 v -x_3) ^ (x_9 v -x_4 v -x_5) ^ (x_1 v -x_11) ^ (x_0 v x_1 v x_2) ^ (x_1 v x_5 v -x_11) ^ (x_0 v x_2) ^ (x_6 v x_4 v -x_11) ^ (x_6 v -x_9 v -x_7) ^ (x_0 v -x_7 v -x_5) ^ (-x_7 v -x_2 v -x_11) ^ (x_1 v x_7 v x_8) ^ (-x_0 v x_1 v -x_3) ^ (x_1 v -x_4 v -x_10) ^ (x_0 v -x_1 v x_7) ^ (x_11 v x_7 v -x_6)]
12,18,0.002197265625,0.37676262855529785,0.6339445114135742,[(x_3 v x_10 v -x_8) ^ (x_0 v -x_7 v -x_10) ^ (-x_1 v -x_4 v x_3) ^ (x_11 v -x_1 v -x_7) ^ (x_7 v x_2 v -x_0) ^ (x_1 v -x_11 v -x_0) ^ (x_1 v -x_3) ^ (-x_9 v -x_10 v -x_5) ^ (x_0 v x_2 v x_3) ^ (-x_7 v -x_2 v -x_11) ^ (x_1 v x_10 v -x_0) ^ (-x_10 v -x_5) ^ (-x_1 v x_7 v -x_3) ^ (x_11 v -x_1 v x_8) ^ (-x_9 v -x_11) ^ (x_0 v x_7 v x_2) ^ (-x_1 v x_4 v -x_6) ^ (x_11 v x_3 v -x_6)]
12,30,0.0029296875,0.6012740135192871,0.5904951095581055,[(x_11 v -x_2 v -x_3) ^ (-x_1 v -x_3 v -x_0) ^ (x_0 v -x_5 v -x_8) ^ (x_0 v x_9 v -x_3) ^ (x_3 v x_7 v x_0) ^ (-x_4 v -x_2 v x_5) ^ (-x_1 v -x_6 v x_11) ^ (x_1 v -x_2 v -x_3) ^ (x_1 v -x_5 v x_2) ^ (-x_1 v -x_5 v x_4) ^ (x_11 v -x_2 v x_4) ^ (-x_0 v -x_2 v -x_6) ^ (-x_1 v x_7 v -x_6) ^ (x_11 v -x_5 v x_0) ^ (-x_9 v x_2 v x_5) ^ (x_0 v x_9 v x_11) ^ (-x_10 v x_5 v -x_8) ^ (x_1 v -x_3 v -x_6) ^ (-x_6 v -x_8 v -x_0) ^ (x_3 v x_10 v x_8) ^ (x_6 v x_5 v -x_8) ^ (x_5 v -x_8 v -x_11) ^ (x_3 v -x_4) ^ (x_11 v -x_3 v -x_6) ^ (-x_1 v -x_4 v x_5) ^ (-x_11 v x_10 v x_4) ^ (x_8 v x_5 v -x_3) ^ (x_3 v x_9 v -x_8) ^ (x_11 v -x_10 v -x_8) ^ (-x_0 v x_8)]
12,21,0.0029296875,0.4347076416015625,0.5843534469604492,[(x_0 v -x_6) ^ (-x_1 v -x_7 v x_2) ^ (x_6 v -x_9 v -x_8) ^ (x_1 v x_9 v -x_10) ^ (-x_1 v x_10 v -x_11) ^ (x_3 v x_6 v -x_5) ^ (x_9 v -x_2 v x_5) ^ (-x_4 v x_10 v -x_11) ^ (x_9 v -x_5 v -x_8) ^ (x_1 v -x_8 v -x_11) ^ (-x_4 v -x_11) ^ (x_9 v x_2 v -x_8) ^ (-x_1 v x_10 v -x_8) ^ (x_3 v -x_1 v -x_5) ^ (-x_1 v x_6 v -x_10) ^ (x_2 v -x_8 v -x_3) ^ (-x_1 v -x_7 v -x_6) ^ (x_11 v x_10) ^ (x_11 v -x_1 v x_9) ^ (x_3 v x_4) ^ (x_3 v -x_1 v x_11)]
12,26,0.0029296875,0.5301549434661865,0.5852994918823242,[(x_6 v -x_10 v x_4) ^ (x_11 v -x_9 v -x_2) ^ (-x_1 v -x_7 v -x_2) ^ (-x_5 v x_2 v -x_3) ^ (x_7 v x_5 v x_8) ^ (-x_0 v -x_2 v -x_3) ^ (-x_4 v x_5 v x_8) ^ (x_1 v x_9 v -x_10) ^ (-x_9 v x_2 v -x_6) ^ (-x_5 v x_7) ^ (x_0 v -x_7 v -x_11) ^ (x_6 v x_1 v x_2) ^ (x_0 v x_9 v x_4) ^ (x_1 v x_2 v -x_0) ^ (x_2 v -x_3 v -x_0) ^ (x_1 v x_9) ^ (-x_5 v -x_8 v -x_6) ^ (-x_9 v x_10 v x_7) ^ (x_9 v x_10) ^ (-x_5 v x_2 v -x_6) ^ (-x_10 v -x_5 v x_7) ^ (x_9 v -x_5 v -x_11) ^ (-x_1 v x_6 v -x_11) ^ (-x_9 v x_8 v -x_6) ^ (x_11 v x_0) ^ (-x_8 v -x_3)]
12,35,0.00341796875,0.721287727355957,0.6525144577026367,[(x_11 v x_5 v -x_0) ^ (x_1 v x_10 v -x_5) ^ (-x_4 v -x_0) ^ (x_2 v -x_6) ^ (x_0 v -x_3 v -x_11) ^ (x_4 v x_5 v -x_11) ^ (x_11 v -x_4 v -x_3) ^ (-x_10 v x_7 v -x_11) ^ (-x_11 v x_10 v -x_6) ^ (x_0 v -x_9 v x_7) ^ (-x_11 v -x_2 v -x_0) ^ (-x_1 v -x_7 v x_4) ^ (x_0 v x_6 v -x_2) ^ (x_0 v -x_2 v -x_3) ^ (-x_9 v -x_5 v -x_8) ^ (x_1 v x_7 v -x_3) ^ (x_11 v x_6 v x_10) ^ (-x_2 v x_5 v -x_8) ^ (x_11 v x_4 v x_0) ^ (x_11 v x_1 v x_9) ^ (x_0 v -x_2 v x_4) ^ (-x_10 v -x_2 v -x_11) ^ (x_1 v -x_5) ^ (x_0 v x_5 v -x_8) ^ (x_11 v -x_5 v x_7) ^ (-x_2 v x_5 v -x_3) ^ (-x_9 v x_2 v -x_3) ^ (-x_2 v -x_3 v x_8) ^ (x_6 v x_7 v x_5) ^ (-x_10 v x_7 v x_2) ^ (x_11 v -x_10 v -x_2) ^ (x_6 v -x_7 v -x_3) ^ (x_3 v x_1 v x_7) ^ (x_9 v -x_2 v -x_0) ^ (-x_1 v x_0 v x_8)]
12,13,0.001708984375,0.2897303104400635,0.707880973815918,[(-x_1 v -x_7 v x_11) ^ (x_0 v -x_9 v x_8) ^ (x_1 v x_2 v -x_6) ^ (-x_1 v x_10 v -x_0) ^ (-x_7 v x_10 v -x_0) ^ (-x_9 v -x_4) ^ (x_1 v -x_11 v -x_3) ^ (x_6 v -x_2 v x_5) ^ (x_1 v -x_10 v -x_7) ^ (x_6 v -x_10 v x_5) ^ (-x_2 v -x_8) ^ (-x_10 v -x_5 v x_8) ^ (x_6 v x_10 v -x_11)]
12,25,0.003173828125,0.5227136611938477,0.6357145309448242,[(-x_4 v -x_5 v -x_0) ^ (x_11 v x_7 v -x_0) ^ (x_7 v x_5 v -x_11) ^ (x_0 v -x_5 v x_8) ^ (x_11 v -x_0 v x_8) ^ (-x_11 v x_4 v -x_0) ^ (-x_11 v x_5 v -x_3) ^ (x_9 v -x_8 v -x_0) ^ (-x_1 v -x_7 v -x_10) ^ (-x_10 v x_7 v x_5) ^ (-x_6 v x_5 v -x_0) ^ (-x_1 v -x_10 v x_5) ^ (x_3 v x_7) ^ (x_4 v -x_11) ^ (x_3 v -x_0 v x_11) ^ (-x_6 v x_4 v -x_11) ^ (x_5 v x_7 v x_2) ^ (x_0 v x_1 v x_2) ^ (x_6 v x_4 v -x_11) ^ (x_11 v x_6 v x_5) ^ (x_1 v -x_11 v x_8) ^ (x_6 v x_9 v x_5) ^ (x_3 v -x_2 v x_4) ^ (-x_1 v x_2 v -x_11) ^ (x_3 v -x_10)]
12,32,0.0029296875,0.647850513458252,0.574854850769043,[(x_8 v x_5 v -x_11) ^ (x_3 v -x_4 v x_8) ^ (x_11 v -x_9 v x_2) ^ (-x_1 v x_6 v -x_8) ^ (-x_1 v x_7 v x_5) ^ (x_0 v x_6 v -x_7) ^ (x_0 v -x_9 v x_5) ^ (x_11 v x_3 v x_8) ^ (-x_7 v -x_10) ^ (x_0 v x_1 v -x_8) ^ (x_9 v -x_2) ^ (-x_4 v -x_2 v -x_10) ^ (-x_4 v -x_10) ^ (x_0 v -x_9 v x_1) ^ (-x_4 v -x_7 v -x_6) ^ (-x_11 v x_10 v -x_3) ^ (-x_1) ^ (-x_10 v x_4 v -x_8) ^ (-x_7 v -x_2 v -x_8) ^ (x_8 v -x_5 v x_4) ^ (x_3 v -x_5 v x_7) ^ (x_11 v x_7 v -x_3) ^ (x_0 v x_4 v x_5) ^ (-x_9 v -x_10 v -x_8) ^ (x_3 v x_5 v x_8) ^ (x_3 v x_10 v x_2) ^ (x_5 v x_2 v -x_0) ^ (x_1 v -x_4 v -x_11) ^ (-x_1 v -x_5 v x_8) ^ (x_1 v x_2 v -x_3) ^ (-x_10 v x_4 v x_2) ^ (-x_9 v -x_2 v x_8)]
12,27,0.002685546875,0.554915189743042,0.6008024215698242,[(x_3 v x_6 v x_10) ^ (x_6 v x_9 v -x_11) ^ (x_11 v x_6 v -x_8) ^ (-x_9 v -x_4 v x_2) ^ (x_6 v -x_10 v -x_7) ^ (-x_1 v -x_7 v x_4) ^ (-x_9 v -x_5 v -x_6) ^ (x_0 v -x_5 v x_3) ^ (-x_1 v -x_8 v -x_11) ^ (-x_0 v x_4 v -x_3) ^ (x_10 v x_7 v x_4) ^ (x_3 v x_4 v -x_6) ^ (x_0 v -x_8 v -x_11) ^ (-x_7 v -x_8 v -x_0) ^ (-x_6 v x_10 v x_4) ^ (x_6 v -x_2 v -x_11) ^ (x_0 v -x_8) ^ (-x_1 v x_10 v -x_8) ^ (-x_9 v -x_4 v x_8) ^ (-x_9 v -x_4 v -x_11) ^ (-x_7 v -x_10 v x_5) ^ (-x_2 v x_7 v -x_3) ^ (x_3 v -x_1 v x_9) ^ (x_0 v -x_4 v x_7) ^ (x_9 v -x_6 v -x_3) ^ (x_1 v -x_10 v -x_11) ^ (x_3 v x_5 v -x_6)]
12,30,0.00341796875,0.7183496952056885,0.6407575607299805,[(x_10 v x_2 v x_4) ^ (x_6 v x_5 v x_2) ^ (-x_9 v -x_8) ^ (-x_1 v x_9 v x_2) ^ (-x_9 v x_1 v -x_7) ^ (x_11 v -x_9 v -x_8) ^ (x_4 v -x_8 v -x_0) ^ (x_3 v x_4 v x_11) ^ (x_4 v -x_11) ^ (-x_5 v -x_4 v x_10) ^ (x_2 v -x_8 v -x_0) ^ (x_9 v -x_8 v -x_6) ^ (x_0 v -x_8 v -x_11) ^ (x_3 v x_9 v x_7) ^ (x_0 v x_7 v x_5) ^ (x_3 v x_1 v -x_4) ^ (-x_2 v -x_5 v x_8) ^ (-x_10 v -x_6) ^ (-x_9 v -x_2 v -x_5) ^ (-x_10 v x_2 v -x_8) ^ (-x_1 v -x_5 v -x_6) ^ (x_11 v -x_5 v -x_6) ^ (-x_9 v x_7 v x_2) ^ (x_2 v -x_3) ^ (-x_1 v -x_4 v -x_0) ^ (-x_1 v x_11 v -x_6) ^ (x_1 v x_10 v x_2) ^ (-x_5 v x_2 v -x_6) ^ (x_1 v -x_10 v -x_11) ^ (x_3 v -x_9 v x_7)]
12,26,0.00244140625,0.6182553768157959,0.5728864669799805,[(x_9 v x_10 v x_5) ^ (x_1 v x_9 v -x_6) ^ (-x_1 v x_5 v -x_0) ^ (x_6 v x_1 v -x_5) ^ (x_3 v -x_7) ^ (-x_10 v -x_0) ^ (x_7 v x_2 v -x_0) ^ (-x_0 v -x_9 v -x_3) ^ (-x_4 v x_10 v -x_0) ^ (x_11 v x_5 v -x_3) ^ (-x_10 v x_5 v -x_7) ^ (x_11 v x_1 v x_10) ^ (x_6 v x_7 v -x_8) ^ (-x_7 v -x_5) ^ (x_5 v x_7 v x_2) ^ (x_0 v -x_8) ^ (x_3 v -x_9 v -x_4) ^ (-x_5 v x_8) ^ (-x_1 v x_6 v -x_4) ^ (x_6 v x_10 v -x_11) ^ (x_0 v x_3 v -x_11) ^ (x_0 v x_7) ^ (x_0 v x_6 v x_10) ^ (-x_11 v -x_7 v -x_3) ^ (x_3 v x_1 v x_7) ^ (x_8 v x_5 v -x_3)]
12,14,0.001953125,0.33014369010925293,0.5688962936401367,[(x_11 v -x_9) ^ (-x_2 v -x_0) ^ (x_1 v -x_9 v -x_11) ^ (-x_1 v -x_9 v -x_4) ^ (x_3 v -x_7 v -x_2) ^ (x_11 v -x_6) ^ (x_0 v x_10 v x_2) ^ (x_0 v -x_4 v -x_8) ^ (x_3 v -x_7 v x_10) ^ (-x_10 v -x_5) ^ (x_0 v x_6 v -x_9) ^ (x_11 v -x_8 v -x_0) ^ (-x_10 v -x_5 v x_8) ^ (x_3 v x_7 v x_5)]
12,30,0.002685546875,0.6723213195800781,0.6376981735229492,[(-x_9 v -x_5 v x_2) ^ (x_0 v x_8 v -x_11) ^ (x_10 v -x_8 v -x_6) ^ (x_9 v x_8) ^ (x_1 v -x_4 v x_7) ^ (-x_2 v -x_8 v -x_6) ^ (x_4 v x_5 v x_8) ^ (-x_4 v -x_7 v -x_8) ^ (x_0 v x_6 v -x_7) ^ (x_6 v -x_10 v x_7) ^ (-x_5 v -x_8 v -x_3) ^ (-x_1 v -x_5 v -x_0) ^ (x_8 v -x_11 v -x_0) ^ (-x_4 v -x_5 v x_8) ^ (-x_1 v -x_5 v x_10) ^ (x_11 v -x_4 v x_8) ^ (-x_5 v x_7 v -x_3) ^ (x_2 v -x_3 v -x_0) ^ (-x_1 v x_2 v x_0) ^ (-x_9 v x_4 v -x_0) ^ (-x_2 v -x_4 v -x_5) ^ (x_0 v x_2) ^ (x_3 v -x_2 v -x_11) ^ (x_11 v x_6 v -x_3) ^ (-x_1 v x_4) ^ (x_6 v x_9 v -x_0) ^ (x_9 v x_5 v -x_3) ^ (-x_9 v -x_10 v x_7) ^ (x_9 v -x_7) ^ (x_1 v -x_4 v -x_5)]
12,26,0.00244140625,0.57834792137146,0.5961790084838867,[(-x_1 v x_7 v -x_0) ^ (x_0 v -x_2 v x_5) ^ (x_5 v -x_3 v -x_6) ^ (-x_6 v x_10 v x_8) ^ (x_6 v x_4 v x_7) ^ (x_6 v -x_5 v -x_8) ^ (x_1 v -x_2 v x_5) ^ (x_0 v -x_9 v -x_10) ^ (x_0 v x_9 v -x_8) ^ (x_6 v -x_2) ^ (x_6 v -x_4 v -x_7) ^ (x_11 v x_6 v x_9) ^ (x_1 v -x_7 v x_2) ^ (x_3 v x_9 v -x_0) ^ (x_9 v -x_3 v x_8) ^ (x_0 v -x_9 v x_3) ^ (-x_0 v x_6 v -x_11) ^ (x_11 v -x_0 v -x_3) ^ (x_1 v -x_4 v -x_2) ^ (-x_4 v x_7 v -x_0) ^ (x_1 v -x_7 v -x_11) ^ (x_9 v -x_6 v x_8) ^ (x_6 v x_9 v x_10) ^ (-x_9 v x_5 v -x_0) ^ (x_6 v -x_4 v x_9) ^ (x_11 v x_2 v -x_6)]
12,20,0.00244140625,0.44573044776916504,0.5793867111206055,[(-x_1 v x_10 v x_5) ^ (-x_9 v -x_4 v -x_2) ^ (x_9 v x_5 v -x_6) ^ (-x_1 v x_9 v -x_2) ^ (-x_1 v -x_10 v -x_5) ^ (x_3 v x_1 v -x_8) ^ (x_3 v x_10 v x_7) ^ (-x_4 v -x_7 v -x_11) ^ (x_6 v -x_4 v -x_7) ^ (-x_9 v x_4 v x_8) ^ (-x_9 v -x_4 v x_5) ^ (x_1 v -x_8 v -x_3) ^ (-x_1 v x_6 v -x_9) ^ (x_9 v -x_5 v -x_6) ^ (-x_7 v x_10 v -x_0) ^ (x_3 v x_9 v -x_2) ^ (x_11 v -x_4) ^ (x_0 v x_7 v -x_8) ^ (-x_11 v -x_4 v -x_3) ^ (-x_7 v -x_8)]
12,31,0.002685546875,0.6420714855194092,0.6029996871948242,[(x_1 v -x_7 v -x_6) ^ (x_11 v x_6 v -x_7) ^ (x_9 v x_4 v x_2) ^ (-x_1 v -x_7 v -x_2) ^ (x_4 v x_2 v -x_8) ^ (x_10 v -x_0) ^ (x_6 v x_1 v -x_4) ^ (x_11 v x_6 v x_1) ^ (x_7 v x_5 v -x_11) ^ (x_1 v -x_7 v x_8) ^ (x_10 v x_5 v -x_6) ^ (-x_9 v -x_7 v x_5) ^ (-x_4 v x_9 v -x_8) ^ (-x_1 v -x_4 v x_3) ^ (-x_2 v x_4 v -x_6) ^ (-x_5 v x_2 v x_4) ^ (x_0 v -x_7 v -x_3) ^ (x_1 v -x_4) ^ (x_9 v -x_5 v x_4) ^ (x_6 v -x_4) ^ (x_11 v x_1 v -x_4) ^ (x_1 v x_10 v -x_11) ^ (-x_1 v -x_5 v x_0) ^ (x_1 v -x_9 v x_7) ^ (x_8 v x_9 v -x_0) ^ (-x_6 v x_7 v x_8) ^ (-x_9 v x_10 v x_7) ^ (x_3 v x_1 v x_5) ^ (x_0 v x_5 v x_8) ^ (x_3 v -x_9 v -x_6) ^ (x_9 v -x_8 v -x_0)]
12,29,0.003173828125,0.5963690280914307,0.607996940612793,[(x_11 v x_2) ^ (-x_7 v -x_10 v -x_8) ^ (x_11 v x_6 v -x_7) ^ (x_1 v x_9 v -x_7) ^ (x_0 v x_1 v -x_5) ^ (x_0 v -x_10 v x_4) ^ (x_6 v x_10 v x_2) ^ (x_0 v x_1 v x_10) ^ (x_1 v -x_4 v -x_8) ^ (x_3 v x_5 v x_0) ^ (-x_10 v x_5) ^ (-x_11 v -x_7 v -x_0) ^ (-x_1 v -x_5 v x_4) ^ (-x_10 v -x_6 v -x_3) ^ (x_4 v -x_6) ^ (x_9 v -x_3 v -x_11) ^ (-x_7 v x_10 v -x_11) ^ (x_3 v -x_7 v -x_0) ^ (x_11 v x_6 v x_10) ^ (-x_1 v x_7 v -x_8) ^ (-x_1 v x_10 v -x_2) ^ (x_0 v x_5 v -x_6) ^ (-x_9 v x_7 v -x_5) ^ (x_11 v x_10) ^ (x_11 v -x_1 v x_3) ^ (x_0 v -x_11 v -x_3) ^ (x_0 v x_6 v x_11) ^ (x_3 v x_1 v x_2) ^ (x_6 v -x_4 v x_9)]
12,21,0.001953125,0.536888837814331,0.533320426940918,[(x_5 v -x_9 v x_2) ^ (x_0 v x_9 v -x_3) ^ (x_11 v x_2 v x_0) ^ (x_6 v -x_2 v x_7) ^ (x_11 v x_9 v x_5) ^ (-x_1 v -x_7 v x_0) ^ (x_6 v x_9 v x_7) ^ (-x_1 v x_5 v -x_11) ^ (-x_4 v -x_7 v -x_6) ^ (x_11 v -x_5) ^ (x_11 v x_10 v x_8) ^ (x_9 v -x_10 v x_4) ^ (-x_0 v x_4 v -x_6) ^ (-x_0 v -x_5 v -x_6) ^ (-x_1 v -x_5 v -x_8) ^ (x_6 v -x_5 v -x_0) ^ (-x_9 v x_10 v x_5) ^ (x_1 v -x_7 v -x_3) ^ (-x_10 v x_4 v -x_11) ^ (-x_10 v -x_2 v -x_8) ^ (-x_4 v x_7 v -x_8)]
12,35,0.003173828125,0.7798590660095215,0.6279935836791992,[(-x_9 v x_4 v x_2) ^ (x_0 v -x_11) ^ (x_11 v x_2) ^ (x_0 v x_6 v -x_8) ^ (x_0 v x_4) ^ (x_11 v -x_1 v x_5) ^ (x_2 v -x_3 v -x_6) ^ (-x_8 v -x_0) ^ (x_4 v x_2) ^ (x_1 v -x_2 v x_7) ^ (x_3 v x_5) ^ (x_3 v -x_5 v -x_6) ^ (-x_2 v x_10 v -x_3) ^ (x_1 v -x_5 v -x_3) ^ (x_11 v -x_9 v -x_8) ^ (x_3 v -x_9 v x_8) ^ (x_6 v -x_2 v -x_8) ^ (x_0 v -x_7 v -x_11) ^ (-x_2 v x_5 v -x_8) ^ (x_7 v -x_3 v x_4) ^ (x_1 v x_9 v -x_5) ^ (x_0 v x_6 v -x_3) ^ (x_11 v x_2 v -x_3) ^ (x_7 v x_2 v -x_6) ^ (x_11 v x_10 v -x_3) ^ (-x_4 v -x_5 v -x_3) ^ (x_6 v x_9 v x_4) ^ (x_9 v -x_7 v -x_3) ^ (-x_7 v -x_10 v -x_0) ^ (x_5 v -x_3 v -x_11) ^ (-x_1 v -x_10 v x_2) ^ (-x_9 v -x_2 v x_8) ^ (-x_6 v -x_3 v -x_11) ^ (-x_0 v -x_5 v x_8) ^ (x_1 v -x_8)]
12,23,0.002197265625,0.5177366733551025,0.5777082443237305,[(x_11 v x_6 v -x_7) ^ (-x_0 v -x_7 v x_8) ^ (-x_5 v x_2 v x_8) ^ (x_1 v x_4 v -x_6) ^ (x_2 v -x_6) ^ (x_6 v x_10 v x_2) ^ (x_0 v x_10 v -x_6) ^ (-x_2 v x_7 v -x_11) ^ (x_6 v -x_5 v x_7) ^ (x_8 v x_7 v -x_11) ^ (-x_1 v -x_7 v x_5) ^ (x_0 v -x_8 v -x_6) ^ (-x_1 v -x_5 v x_0) ^ (x_11 v x_6 v x_10) ^ (-x_1 v x_9 v x_5) ^ (x_8 v -x_5 v x_4) ^ (x_3 v x_1 v -x_0) ^ (-x_1 v -x_4 v x_9) ^ (x_11 v x_2 v x_8) ^ (x_0 v x_6 v x_5) ^ (-x_9 v -x_7 v -x_2) ^ (-x_9 v -x_10 v -x_3) ^ (-x_4 v x_2 v -x_8)]
12,22,0.00244140625,0.45532703399658203,0.5926084518432617,[(x_11 v -x_5 v -x_2) ^ (-x_4 v x_10 v -x_3) ^ (x_10 v x_5 v -x_0) ^ (-x_1 v x_5 v -x_0) ^ (x_10 v x_5 v -x_6) ^ (x_9 v -x_2 v -x_3) ^ (-x_3 v -x_6) ^ (x_3 v -x_7 v -x_6) ^ (-x_4 v -x_7 v x_8) ^ (x_1 v -x_2 v -x_11) ^ (x_3 v -x_7 v -x_0) ^ (-x_2 v x_5 v -x_8) ^ (-x_7 v -x_11) ^ (-x_0 v x_7 v -x_6) ^ (x_1 v -x_5) ^ (x_0 v x_9 v -x_7) ^ (x_3 v x_9 v -x_10) ^ (-x_1 v x_10 v x_8) ^ (x_11 v -x_7) ^ (x_4 v x_2 v -x_0) ^ (x_0 v x_6 v x_11) ^ (-x_10 v -x_2 v x_7)]
12,15,0.001708984375,0.31811094284057617,0.6218442916870117,[(x_3 v x_6 v x_7) ^ (-x_1 v x_2 v x_11) ^ (x_3 v x_7 v x_2) ^ (x_0 v -x_10 v -x_5) ^ (-x_9 v -x_4 v x_10) ^ (x_6 v x_1 v -x_11) ^ (-x_1 v -x_9 v -x_3) ^ (x_1 v x_9 v -x_3) ^ (x_10 v -x_0) ^ (x_3 v -x_10 v -x_2) ^ (x_10 v x_4) ^ (x_9 v -x_2 v -x_7) ^ (-x_0 v x_5 v x_8) ^ (x_0 v -x_5 v -x_11) ^ (x_0 v -x_1 v x_2)]
12,31,0.002685546875,0.6324336528778076,0.6222028732299805,[(-x_2 v x_7 v -x_6) ^ (x_5 v -x_0) ^ (x_6 v x_5 v -x_3) ^ (-x_1 v -x_2 v -x_11) ^ (-x_9 v x_5 v x_8) ^ (-x_10 v -x_5 v -x_11) ^ (x_11 v -x_7 v x_10) ^ (-x_1 v x_9 v -x_10) ^ (-x_9 v -x_7 v x_10) ^ (-x_9 v x_5 v -x_11) ^ (-x_1 v -x_5 v x_4) ^ (-x_1 v x_4 v x_2) ^ (-x_4 v -x_3) ^ (x_11 v -x_2 v -x_0) ^ (-x_1 v x_10 v -x_0) ^ (-x_5 v x_2) ^ (x_11 v x_9 v x_0) ^ (-x_1 v x_0 v -x_6) ^ (x_1 v -x_9 v x_7) ^ (x_3 v x_7 v -x_8) ^ (x_1 v -x_8 v -x_0) ^ (-x_1 v x_9 v -x_8) ^ (x_11 v x_4 v -x_8) ^ (-x_1 v -x_3 v x_8) ^ (x_6 v x_9 v -x_0) ^ (x_6 v -x_4 v -x_2) ^ (-x_9 v -x_2 v -x_8) ^ (-x_11 v x_2 v -x_6) ^ (x_11 v -x_4 v x_7) ^ (x_9 v x_5) ^ (x_0 v -x_5 v -x_6)]
12,23,0.002685546875,0.46958184242248535,0.6068296432495117,[(-x_4 v -x_2 v -x_6) ^ (-x_9 v -x_4 v -x_2) ^ (-x_1 v -x_2 v x_8) ^ (x_0 v x_9 v -x_6) ^ (-x_9 v x_5) ^ (x_9 v x_5 v -x_8) ^ (-x_10 v -x_2 v -x_0) ^ (x_6 v x_10 v x_8) ^ (x_3 v -x_5 v -x_6) ^ (-x_0 v -x_9 v -x_6) ^ (x_11 v x_9 v -x_5) ^ (x_10 v x_8) ^ (x_3 v -x_9 v x_8) ^ (-x_9 v x_8 v -x_0) ^ (x_1 v -x_6 v -x_0) ^ (-x_9 v -x_10 v -x_11) ^ (x_0 v x_11 v x_8) ^ (x_9 v x_2 v -x_6) ^ (-x_7 v x_2 v x_5) ^ (x_11 v -x_1 v x_8) ^ (x_3 v -x_2) ^ (x_3 v -x_4 v -x_8) ^ (x_3 v x_4)]
12,32,0.0029296875,0.6458995342254639,0.6086530685424805,[(x_5 v x_2 v -x_8) ^ (-x_7 v x_5 v -x_11) ^ (x_0 v -x_10 v x_4) ^ (x_7 v x_2) ^ (-x_0 v -x_7 v -x_3) ^ (-x_1 v -x_6 v -x_11) ^ (-x_9 v x_7 v -x_8) ^ (-x_1 v x_5 v x_0) ^ (x_4 v -x_8 v -x_6) ^ (x_6 v -x_4 v x_5) ^ (-x_1 v -x_2 v x_11) ^ (-x_1 v -x_10 v x_5) ^ (-x_2 v x_10 v -x_3) ^ (-x_5 v x_2 v x_4) ^ (x_6 v -x_9 v -x_8) ^ (x_3 v x_6 v -x_4) ^ (-x_9 v x_8) ^ (x_9 v x_7 v -x_6) ^ (-x_1 v -x_5 v x_10) ^ (x_1 v -x_9) ^ (-x_7 v -x_11) ^ (-x_10 v x_5 v -x_8) ^ (x_11 v -x_7 v x_0) ^ (-x_10 v x_4 v -x_3) ^ (-x_1 v -x_7 v -x_11) ^ (x_11 v -x_4) ^ (-x_10 v x_4 v x_8) ^ (x_8 v x_7 v -x_0) ^ (-x_10 v -x_7 v -x_0) ^ (x_6 v x_10 v -x_0) ^ (-x_10 v -x_5 v x_8) ^ (x_6 v x_9 v -x_8)]
12,36,0.00341796875,0.7335445880889893,0.624049186706543,[(x_6 v x_10 v -x_3) ^ (-x_2 v -x_8 v x_4) ^ (x_11 v x_7 v -x_2) ^ (-x_1 v -x_2 v -x_11) ^ (x_3 v -x_9 v -x_8) ^ (x_11 v x_1 v x_2) ^ (x_3 v -x_4 v -x_5) ^ (x_3 v -x_7 v x_10) ^ (x_3 v x_6 v -x_9) ^ (-x_9 v x_8) ^ (-x_7 v -x_5 v -x_11) ^ (-x_4 v x_5 v -x_3) ^ (-x_9 v -x_7 v -x_8) ^ (x_3 v x_2 v x_11) ^ (x_6 v x_4) ^ (-x_1 v x_3 v x_2) ^ (x_11 v -x_8 v -x_3) ^ (x_11 v x_1 v x_4) ^ (x_11 v x_1 v -x_0) ^ (x_8 v -x_4 v -x_0) ^ (x_2 v x_5 v -x_8) ^ (x_10 v x_5 v -x_8) ^ (x_0 v -x_10 v x_11) ^ (-x_5 v -x_4 v -x_2) ^ (-x_9 v -x_2 v -x_6) ^ (-x_1 v -x_4 v -x_5) ^ (x_1 v x_5 v x_8) ^ (-x_1 v -x_4 v x_11) ^ (-x_1 v -x_11) ^ (x_9 v -x_7 v -x_3) ^ (x_11 v x_6 v x_3) ^ (x_10 v x_5 v x_8) ^ (-x_1 v -x_9 v x_5) ^ (x_1 v x_9 v x_8) ^ (x_11 v -x_8 v -x_0) ^ (-x_11 v x_7 v -x_6)]
12,29,0.002685546875,0.598264217376709,0.6201047897338867,[(x_1 v -x_10 v -x_0) ^ (-x_5 v x_10 v -x_0) ^ (x_8 v x_5 v -x_11) ^ (-x_1 v x_6 v x_11) ^ (x_0 v x_6 v -x_8) ^ (-x_10 v x_7) ^ (x_11 v x_6 v x_1) ^ (x_3 v -x_8 v x_0) ^ (x_11 v -x_7 v x_3) ^ (-x_9 v x_5 v x_8) ^ (x_3 v -x_10 v x_2) ^ (-x_1 v -x_6 v x_11) ^ (-x_1 v x_9 v x_4) ^ (-x_7 v x_2) ^ (x_6 v -x_10 v -x_3) ^ (x_9 v x_10 v -x_0) ^ (x_0 v x_9 v -x_11) ^ (-x_9 v -x_11) ^ (-x_7 v x_2 v x_8) ^ (-x_5 v -x_8) ^ (x_1 v x_10) ^ (-x_5 v x_7 v -x_11) ^ (-x_1 v x_2) ^ (x_9 v x_2 v -x_8) ^ (-x_10 v -x_2 v x_5) ^ (x_8 v -x_7 v -x_11) ^ (x_6 v x_7 v x_5) ^ (x_9 v x_2 v -x_3) ^ (x_9 v -x_2 v -x_7)]
12,19,0.001953125,0.4007110595703125,0.5163145065307617,[(x_1 v -x_10 v -x_0) ^ (-x_6 v x_2 v x_8) ^ (x_6 v -x_5 v -x_11) ^ (x_6 v x_1 v -x_4) ^ (x_11 v -x_9 v x_2) ^ (-x_0 v -x_7 v -x_3) ^ (x_0 v -x_6 v -x_11) ^ (x_0 v -x_9 v x_7) ^ (-x_9 v x_4 v -x_8) ^ (x_3 v -x_5 v -x_6) ^ (-x_1 v -x_7 v x_4) ^ (-x_4 v x_7) ^ (x_9 v -x_5 v -x_3) ^ (-x_2 v -x_6) ^ (x_11 v x_10 v -x_8) ^ (-x_4 v x_10 v -x_11) ^ (x_10 v -x_2 v -x_11) ^ (-x_7 v x_10 v x_8) ^ (-x_1 v x_6 v -x_0)]
12,21,0.002197265625,0.4343607425689697,0.5822782516479492,[(x_0 v x_9 v x_5) ^ (-x_0 v -x_2 v -x_3) ^ (x_7 v x_4) ^ (x_0 v -x_5 v -x_3) ^ (x_11 v -x_4 v x_5) ^ (-x_1 v -x_6) ^ (x_11 v x_6 v -x_10) ^ (x_4 v -x_11) ^ (x_6 v -x_10) ^ (-x_9 v x_10 v -x_8) ^ (x_0 v -x_7 v -x_11) ^ (-x_7 v x_4 v -x_11) ^ (x_1 v -x_8 v -x_6) ^ (x_6 v x_10) ^ (x_0 v -x_2 v x_4) ^ (x_9 v -x_5 v -x_8) ^ (x_1 v x_4 v x_5) ^ (-x_7 v x_10 v -x_8) ^ (x_11 v x_2 v x_8) ^ (x_0 v x_5 v x_8) ^ (x_11 v -x_4 v x_0)]
12,28,0.00244140625,0.5974736213684082,0.581690788269043,[(x_6 v -x_7 v x_2) ^ (x_1 v x_7 v -x_5) ^ (x_3 v x_6 v -x_2) ^ (x_6 v x_1 v -x_5) ^ (x_3 v x_2 v x_8) ^ (-x_7 v -x_5 v -x_10) ^ (-x_0 v x_10 v x_8) ^ (-x_1 v x_7 v -x_11) ^ (-x_7 v x_2 v -x_8) ^ (x_11 v x_1 v x_2) ^ (-x_1 v x_8) ^ (x_10 v -x_8 v -x_0) ^ (-x_7 v -x_2 v -x_0) ^ (x_5 v -x_8 v -x_3) ^ (-x_5 v -x_8 v x_4) ^ (-x_5 v -x_8 v -x_6) ^ (x_1 v -x_8 v -x_11) ^ (x_9 v -x_4 v -x_10) ^ (x_1 v -x_3 v -x_6) ^ (x_0 v x_6 v -x_10) ^ (x_10 v x_2) ^ (-x_6 v x_2 v -x_0) ^ (-x_1 v -x_4 v -x_5) ^ (-x_2 v -x_3 v x_8) ^ (-x_1 v -x_5 v -x_11) ^ (x_0 v -x_10) ^ (x_1 v -x_2 v x_4) ^ (x_4 v x_5)]
12,31,0.002685546875,0.6408452987670898,0.6009931564331055,[(-x_9 v x_10 v -x_6) ^ (x_9 v -x_5 v -x_7) ^ (x_3 v x_10) ^ (x_6 v -x_7 v -x_10) ^ (x_11 v x_9 v -x_4) ^ (-x_0 v -x_11) ^ (-x_1 v -x_8) ^ (x_7 v x_5 v -x_6) ^ (x_11 v -x_7 v -x_5) ^ (-x_0 v -x_2 v -x_11) ^ (x_11 v x_7 v x_2) ^ (-x_10 v x_4 v -x_6) ^ (x_3 v x_7) ^ (x_1 v -x_8 v -x_3) ^ (x_0 v x_9 v x_2) ^ (x_6 v x_9 v -x_3) ^ (x_0 v -x_9 v -x_3) ^ (x_10 v -x_5 v -x_6) ^ (-x_9 v -x_2 v x_8) ^ (-x_2 v x_7 v -x_8) ^ (-x_10 v x_2 v -x_8) ^ (-x_4 v -x_5 v -x_3) ^ (-x_2 v x_7 v x_8) ^ (x_6 v x_4 v -x_0) ^ (-x_10 v x_7 v x_2) ^ (x_6 v -x_8 v -x_0) ^ (x_9 v x_2 v -x_3) ^ (x_6 v -x_9 v x_7) ^ (-x_9 v x_8 v -x_11) ^ (-x_9 v x_5 v -x_0) ^ (-x_10 v x_5 v -x_11)]
12,32,0.0029296875,0.6655385494232178,0.604151725769043,[(x_9 v -x_2 v -x_8) ^ (x_10 v -x_2 v -x_6) ^ (-x_11 v x_9 v -x_6) ^ (x_11 v -x_4 v -x_3) ^ (x_1 v -x_2 v x_5) ^ (-x_7 v -x_5 v -x_8) ^ (x_11 v x_9 v -x_10) ^ (x_11 v -x_7 v x_3) ^ (x_0 v x_10 v -x_6) ^ (-x_9 v -x_4 v x_2) ^ (-x_2 v -x_8 v -x_0) ^ (-x_4 v -x_10 v x_8) ^ (-x_8 v -x_6) ^ (x_3 v -x_7 v -x_11) ^ (x_11 v x_4 v -x_0) ^ (x_6 v -x_10 v -x_3) ^ (-x_10 v x_2 v x_5) ^ (x_0 v x_5) ^ (x_6 v x_1 v -x_10) ^ (x_1 v -x_7 v -x_0) ^ (x_0 v x_1 v x_7) ^ (-x_6 v x_7 v x_4) ^ (-x_4 v -x_11) ^ (x_0 v x_5 v -x_8) ^ (x_11 v -x_10) ^ (x_0 v x_6 v -x_11) ^ (x_0 v -x_1 v -x_6) ^ (x_2 v x_5 v x_8) ^ (-x_10 v -x_7) ^ (x_9 v -x_2 v -x_0) ^ (-x_10 v x_4 v x_2) ^ (-x_1 v x_3 v x_0)]
12,26,0.00244140625,0.5591833591461182,0.6050443649291992,[(-x_7 v -x_3 v -x_6) ^ (x_0 v -x_3 v -x_11) ^ (x_3 v x_2 v -x_8) ^ (x_0 v x_10 v -x_11) ^ (x_4 v -x_3) ^ (x_0 v -x_5 v -x_3) ^ (x_1 v -x_9 v x_8) ^ (-x_4 v -x_10 v -x_3) ^ (-x_7 v x_2 v x_8) ^ (-x_1 v x_10 v x_11) ^ (x_9 v -x_7 v -x_0) ^ (-x_9 v x_4 v -x_0) ^ (x_3 v x_4 v x_7) ^ (x_11 v x_10 v x_7) ^ (-x_5 v x_2 v -x_0) ^ (x_3 v -x_1 v -x_9) ^ (-x_1 v -x_5 v -x_8) ^ (x_7 v x_5 v -x_0) ^ (x_9 v x_10 v x_2) ^ (x_10 v x_7) ^ (-x_7 v -x_2 v x_4) ^ (x_6 v -x_3 v -x_0) ^ (-x_10 v x_5 v -x_11) ^ (-x_4 v -x_10 v -x_11) ^ (-x_9 v -x_11 v -x_0) ^ (x_11 v -x_2 v x_5)]
12,25,0.0029296875,0.513038158416748,0.5646772384643555,[(x_6 v x_10 v -x_3) ^ (x_1 v -x_3) ^ (-x_11 v -x_2 v x_4) ^ (-x_10 v x_5) ^ (x_4 v x_2 v -x_3) ^ (x_3 v x_7 v x_2) ^ (-x_4 v -x_2 v x_7) ^ (-x_4 v -x_2 v -x_8) ^ (-x_9 v -x_3) ^ (-x_1 v -x_6 v -x_3) ^ (x_11 v -x_10 v x_2) ^ (-x_1 v x_7 v -x_8) ^ (-x_0 v x_10 v x_4) ^ (-x_4 v -x_6) ^ (x_10 v x_5 v -x_8) ^ (-x_2 v x_5) ^ (x_3 v x_4 v x_2) ^ (-x_4 v x_2 v -x_0) ^ (x_11 v -x_10 v -x_2) ^ (x_3 v x_9 v x_10) ^ (-x_9 v -x_4 v -x_0) ^ (x_6 v -x_4 v x_9) ^ (x_5 v x_2 v -x_6) ^ (-x_1 v -x_4 v -x_8) ^ (-x_1 v x_4 v x_3)]
12,29,0.002685546875,0.6064677238464355,0.5891752243041992,[(x_6 v x_10 v -x_3) ^ (x_1 v x_9 v -x_6) ^ (x_11 v -x_4 v x_2) ^ (-x_1 v x_7 v x_0) ^ (-x_2 v x_7 v -x_11) ^ (-x_9 v x_7 v x_8) ^ (x_0 v -x_8 v -x_3) ^ (x_3 v x_9 v x_11) ^ (x_3 v -x_7 v x_5) ^ (-x_1 v x_4 v x_2) ^ (x_9 v -x_2) ^ (-x_8 v -x_11) ^ (x_1 v x_4 v x_2) ^ (x_5 v -x_10 v x_2) ^ (x_3 v x_9 v x_7) ^ (x_0 v x_5) ^ (x_1 v -x_7 v -x_0) ^ (x_9 v -x_5 v -x_8) ^ (x_1 v -x_9 v -x_2) ^ (x_11 v x_2 v -x_8) ^ (-x_6 v x_4 v -x_0) ^ (-x_7 v -x_8 v -x_3) ^ (x_1 v -x_9 v -x_4) ^ (-x_6 v -x_0) ^ (x_7 v x_8) ^ (x_11 v -x_9 v -x_0) ^ (x_0 v x_8 v -x_3) ^ (x_3 v x_10 v -x_5) ^ (x_3 v -x_7 v -x_8)]
12,21,0.00244140625,0.430095911026001,0.5795392990112305,[(x_11 v x_2) ^ (x_11 v -x_2 v x_3) ^ (-x_11 v -x_2 v x_4) ^ (x_4 v x_7 v -x_11) ^ (-x_9 v -x_2 v x_4) ^ (x_0 v -x_7 v x_8) ^ (x_11 v x_9 v -x_5) ^ (-x_4 v x_10 v x_5) ^ (x_3 v x_7 v -x_6) ^ (-x_10 v -x_8 v -x_3) ^ (x_9 v -x_5 v -x_8) ^ (x_11 v x_4 v -x_2) ^ (x_0 v x_6 v -x_5) ^ (-x_1 v x_7 v x_8) ^ (x_1 v x_5 v x_8) ^ (-x_1 v -x_5 v -x_8) ^ (x_0 v x_6 v -x_1) ^ (-x_11 v -x_7 v -x_3) ^ (x_9 v -x_2 v -x_6) ^ (-x_1 v -x_4 v -x_8) ^ (-x_7 v -x_8)]
12,30,0.0029296875,0.6797120571136475,0.6302366256713867,[(-x_4 v -x_5 v -x_0) ^ (x_3 v x_0 v -x_6) ^ (x_3 v x_5 v -x_0) ^ (x_3 v -x_4 v -x_10) ^ (-x_2 v -x_5 v x_10) ^ (x_7 v x_5 v -x_11) ^ (x_10 v x_7 v x_8) ^ (-x_5 v -x_4 v -x_10) ^ (x_0 v -x_8 v -x_3) ^ (x_11 v x_7 v -x_8) ^ (x_7 v x_5) ^ (x_7 v -x_0) ^ (x_3 v x_9 v x_7) ^ (-x_3 v x_8) ^ (-x_2 v -x_5) ^ (x_10 v -x_3 v x_4) ^ (x_0 v x_4 v x_8) ^ (x_1 v -x_0) ^ (-x_1 v x_2 v -x_8) ^ (-x_1 v -x_9) ^ (x_11 v -x_10 v -x_6) ^ (-x_1 v x_9 v -x_11) ^ (x_1 v x_4 v x_7) ^ (x_1 v -x_4 v -x_2) ^ (x_10 v x_7) ^ (x_9 v -x_7 v x_8) ^ (x_3 v x_9) ^ (x_0 v -x_9 v x_4) ^ (x_0 v x_2 v -x_3) ^ (-x_1 v x_9 v x_11)]
12,17,0.002197265625,0.37149930000305176,0.548731803894043,[(x_3 v x_4 v x_2) ^ (x_3 v x_10 v -x_8) ^ (x_6 v -x_4 v x_7) ^ (x_6 v -x_0) ^ (x_3 v x_6 v x_4) ^ (x_10 v x_2 v -x_0) ^ (-x_5 v x_7 v x_8) ^ (x_0 v x_7 v x_3) ^ (x_11 v x_9 v x_4) ^ (-x_1 v -x_5 v -x_11) ^ (x_9 v -x_3 v -x_0) ^ (x_3 v x_6 v -x_8) ^ (x_9 v -x_8 v -x_11) ^ (x_11 v -x_1 v -x_6) ^ (x_0 v -x_1 v -x_4) ^ (x_1 v x_4) ^ (x_1 v -x_4 v -x_6)]
12,18,0.001953125,0.4087257385253906,0.537562370300293,[(-x_11 v x_9 v -x_3) ^ (x_3 v x_5) ^ (x_10 v -x_7 v -x_2) ^ (x_3 v -x_1 v -x_9) ^ (x_10 v -x_8 v -x_3) ^ (x_1 v -x_11 v -x_6) ^ (x_0 v x_1 v x_9) ^ (x_7 v x_2 v x_8) ^ (x_1 v x_4 v -x_6) ^ (x_9 v -x_2 v -x_6) ^ (x_0 v -x_9 v -x_7) ^ (x_3 v x_9 v -x_4) ^ (x_7 v x_2 v -x_11) ^ (-x_4 v x_7 v -x_3) ^ (-x_1 v -x_5 v x_11) ^ (x_0 v -x_1 v x_8) ^ (x_0 v -x_2 v x_3) ^ (x_6 v -x_9 v x_10)]
12,31,0.0029296875,0.6886813640594482,0.5919828414916992,[(x_6 v -x_7 v x_2) ^ (x_3 v x_7 v x_11) ^ (x_9 v x_4 v x_2) ^ (x_8 v x_10 v x_4) ^ (x_1 v x_10 v x_5) ^ (x_6 v x_1 v -x_5) ^ (x_7 v x_5 v -x_6) ^ (x_7 v x_5 v x_4) ^ (x_3 v -x_5 v x_10) ^ (x_6 v -x_5 v x_7) ^ (-x_9 v -x_11 v -x_3) ^ (-x_9 v -x_4 v -x_5) ^ (-x_9 v x_1 v x_2) ^ (-x_1 v x_10 v -x_6) ^ (x_9 v -x_2 v -x_11) ^ (-x_10 v x_2 v x_5) ^ (-x_9 v x_2 v x_5) ^ (-x_1 v x_9 v -x_7) ^ (-x_9 v -x_2 v x_8) ^ (x_1 v x_5 v -x_8) ^ (x_3 v -x_2 v x_8) ^ (-x_2 v x_9 v -x_5) ^ (x_0 v -x_10 v x_8) ^ (x_0 v x_5 v x_8) ^ (-x_1 v -x_2 v x_0) ^ (-x_9 v -x_10) ^ (x_6 v -x_4 v x_2) ^ (-x_1 v x_6 v x_5) ^ (x_11 v x_7) ^ (x_8 v x_2 v -x_3) ^ (-x_9 v x_1 v x_8)]
12,25,0.0029296875,0.557373046875,0.630366325378418,[(-x_9 v -x_7 v -x_5) ^ (x_0 v -x_2 v -x_8) ^ (x_3 v -x_9 v -x_10) ^ (-x_0 v -x_11) ^ (-x_8 v -x_0) ^ (x_11 v -x_7 v x_10) ^ (x_1 v x_8 v -x_0) ^ (x_11 v -x_7 v x_4) ^ (x_11 v x_0 v -x_3) ^ (x_11 v -x_2 v -x_6) ^ (-x_7 v -x_6 v -x_0) ^ (-x_2 v x_5 v -x_8) ^ (x_11 v x_1 v -x_0) ^ (-x_6 v x_7 v x_4) ^ (x_11 v x_9) ^ (x_1 v -x_8 v -x_0) ^ (x_6 v -x_5) ^ (-x_5 v -x_4 v -x_2) ^ (-x_1 v -x_11 v -x_0) ^ (x_3 v -x_2) ^ (-x_6 v -x_0) ^ (x_0 v x_1 v x_9) ^ (x_9 v -x_4 v -x_8) ^ (-x_9 v -x_10 v x_8) ^ (x_0 v -x_1 v x_8)]
12,17,0.00244140625,0.40996718406677246,0.6218442916870117,[(x_1 v -x_7 v x_4) ^ (-x_1 v x_3 v -x_0) ^ (-x_11 v -x_10 v -x_6) ^ (x_3 v x_5 v x_8) ^ (x_11 v x_9 v x_10) ^ (x_0 v x_1 v -x_5) ^ (x_11 v x_6 v x_8) ^ (x_3 v x_2 v -x_0) ^ (x_0 v -x_2 v x_4) ^ (x_9 v -x_10 v -x_0) ^ (x_1 v -x_4) ^ (x_1 v -x_5) ^ (x_11 v x_1) ^ (x_1 v -x_4 v -x_8) ^ (x_7 v -x_8 v -x_6) ^ (x_9 v x_10 v x_8) ^ (x_0 v x_9 v x_3)]
12,30,0.0029296875,0.705009937286377,0.6416730880737305,[(x_5 v -x_6) ^ (-x_10 v x_7 v -x_8) ^ (x_9 v -x_8) ^ (x_6 v -x_5 v -x_11) ^ (-x_1 v -x_5 v -x_3) ^ (-x_9 v -x_7) ^ (x_11 v x_1 v -x_2) ^ (-x_10 v x_5) ^ (-x_4 v -x_5 v -x_11) ^ (-x_10 v -x_5 v -x_0) ^ (-x_2 v x_5 v -x_0) ^ (-x_1 v -x_5 v x_4) ^ (x_8 v -x_2 v -x_3) ^ (x_3 v x_2 v x_11) ^ (x_3 v x_7 v -x_8) ^ (x_3 v -x_10 v -x_7) ^ (-x_9 v -x_7 v -x_3) ^ (x_8 v -x_5 v x_4) ^ (x_3 v -x_7 v x_2) ^ (-x_10 v -x_3) ^ (x_6 v -x_5) ^ (-x_1 v -x_9 v x_10) ^ (x_1 v x_7 v -x_8) ^ (-x_1 v -x_0 v -x_3) ^ (x_8 v x_7 v -x_0) ^ (-x_1 v x_2 v -x_3) ^ (x_11 v -x_9 v -x_7) ^ (x_0 v -x_1 v -x_2) ^ (x_6 v -x_4 v x_2) ^ (x_3 v -x_1 v -x_5)]
13,24,0.00146484375,1.0500752925872803,1.356226921081543,[(x_5 v -x_6) ^ (x_1 v x_8 v -x_3) ^ (x_1 v x_12 v x_10) ^ (x_5 v -x_0) ^ (x_0 v -x_3 v -x_11) ^ (-x_1 v -x_7 v -x_2) ^ (x_11 v -x_10 v -x_3) ^ (x_12 v x_9) ^ (-x_5 v -x_4 v x_10) ^ (x_0 v -x_9 v x_12) ^ (x_1 v -x_9 v -x_7) ^ (x_2 v x_7 v x_5) ^ (x_0 v x_11 v x_8) ^ (x_3 v x_1 v -x_4) ^ (x_1 v x_5 v -x_8) ^ (x_6 v -x_5 v x_4) ^ (-x_7 v -x_2 v -x_8) ^ (x_10 v x_2 v -x_8) ^ (x_2 v -x_3) ^ (-x_9 v x_7 v x_2) ^ (x_11 v -x_9 v x_12) ^ (x_0 v x_10 v -x_3) ^ (-x_9 v x_5 v -x_0) ^ (x_1 v x_10 v -x_3)]
13,35,0.00146484375,1.4130830764770508,1.3278684616088867,[(x_3 v x_2 v x_5) ^ (-x_2 v x_7 v -x_6) ^ (x_0 v -x_4 v -x_5) ^ (x_6 v -x_9 v -x_5) ^ (-x_12 v -x_8 v -x_3) ^ (x_12 v -x_4 v -x_5) ^ (x_6 v x_12 v -x_2) ^ (x_11 v -x_12 v x_4) ^ (-x_12 v x_7 v -x_6) ^ (x_4 v x_2 v x_8) ^ (x_9 v -x_8 v -x_0) ^ (-x_1 v -x_7 v -x_5) ^ (x_3 v x_6 v x_2) ^ (x_10 v x_7 v -x_11) ^ (x_3 v x_1 v -x_10) ^ (-x_5 v -x_4 v x_10) ^ (-x_5 v x_9 v -x_2) ^ (x_0 v x_1 v -x_7) ^ (-x_9 v x_10 v -x_8) ^ (x_9 v -x_2) ^ (-x_1 v x_5 v -x_11) ^ (x_5 v -x_10 v x_2) ^ (-x_7 v x_4 v x_5) ^ (x_1 v -x_7 v x_5) ^ (-x_12 v x_7 v x_4) ^ (-x_10 v -x_2 v x_5) ^ (-x_0 v -x_4 v x_8) ^ (x_11 v x_12 v x_4) ^ (x_12 v -x_2 v -x_7) ^ (x_7 v x_8) ^ (-x_10 v -x_5 v -x_8) ^ (x_3 v -x_10 v -x_8) ^ (-x_9 v -x_7 v -x_2) ^ (x_1 v -x_10 v -x_11) ^ (-x_9 v -x_12 v -x_10)]
13,32,0.00146484375,1.369647741317749,1.3682966232299805,[(-x_9 v -x_6) ^ (-x_7 v -x_10 v -x_8) ^ (x_9 v x_5 v -x_0) ^ (x_12 v -x_2 v -x_3) ^ (x_11 v x_12 v x_7) ^ (-x_1 v x_9 v -x_2) ^ (x_11 v x_1 v -x_8) ^ (x_6 v -x_7 v x_10) ^ (x_0 v x_6 v x_8) ^ (-x_9 v -x_12 v x_5) ^ (-x_5 v -x_10 v -x_2) ^ (x_6 v -x_4 v x_10) ^ (-x_9 v x_5) ^ (x_6 v x_7) ^ (x_4 v x_2 v -x_3) ^ (-x_9 v -x_8 v -x_6) ^ (x_0 v -x_4 v x_8) ^ (-x_7 v x_4 v -x_3) ^ (-x_0 v -x_10 v -x_6) ^ (x_1 v x_9 v -x_10) ^ (x_6 v -x_4 v -x_7) ^ (-x_12 v -x_5 v x_2) ^ (x_6 v -x_3) ^ (-x_12 v x_5 v -x_11) ^ (x_11 v -x_10 v x_0) ^ (x_2 v -x_0) ^ (x_3 v x_2 v -x_0) ^ (-x_1 v -x_9 v x_4) ^ (x_1 v x_2 v -x_3) ^ (x_3 v -x_9 v x_7) ^ (x_1 v x_6 v -x_12) ^ (x_6 v x_4 v -x_8)]
13,36,0.0018310546875,1.478208065032959,1.1431608200073242,[(x_3 v -x_1 v x_5) ^ (x_11 v -x_10 v x_8) ^ (x_12 v x_2) ^ (-x_4 v -x_5 v -x_6) ^ (x_0 v x_11) ^ (-x_10 v -x_5) ^ (x_3 v x_12) ^ (-x_0 v x_2 v -x_6) ^ (-x_5 v x_7 v x_4) ^ (-x_12 v x_2 v -x_0) ^ (-x_1 v x_9 v -x_10) ^ (x_3 v x_6 v x_1) ^ (x_11 v -x_12 v -x_7) ^ (-x_4 v -x_5 v x_8) ^ (x_3 v -x_4 v x_5) ^ (x_6 v -x_12 v -x_2) ^ (-x_12 v x_2 v x_8) ^ (x_0 v -x_1 v -x_12) ^ (x_11 v x_10 v -x_8) ^ (x_9 v x_2) ^ (-x_7 v x_2 v -x_6) ^ (x_3 v -x_10) ^ (x_3 v x_10 v x_8) ^ (x_7 v x_2 v -x_6) ^ (x_11 v -x_9 v -x_12) ^ (x_0 v x_5 v x_11) ^ (-x_2 v -x_0) ^ (x_1 v x_12) ^ (x_11 v -x_7) ^ (x_8 v x_12 v -x_3) ^ (-x_4 v x_9 v x_2) ^ (-x_9 v x_8 v -x_6) ^ (x_12 v x_6 v -x_4) ^ (-x_12 v -x_2 v -x_5) ^ (-x_4 v -x_3 v x_8) ^ (x_9 v x_12 v x_4)]
13,23,0.0013427734375,0.9688835144042969,1.3109846115112305,[(x_9 v x_7) ^ (x_0 v -x_10 v -x_2) ^ (x_1 v -x_6) ^ (-x_9 v x_4 v x_5) ^ (x_6 v -x_9 v x_4) ^ (x_12 v x_7 v -x_0) ^ (x_10 v x_9 v -x_5) ^ (-x_4 v -x_2) ^ (-x_5 v x_10 v -x_8) ^ (x_11 v -x_12 v x_5) ^ (x_3 v x_1 v -x_11) ^ (x_0 v x_12 v x_10) ^ (-x_7 v x_10) ^ (x_11 v x_9 v x_0) ^ (x_1 v -x_9 v x_7) ^ (-x_12 v -x_5) ^ (x_0 v -x_5 v x_4) ^ (x_0 v x_7 v -x_6) ^ (x_0 v x_7 v -x_8) ^ (x_11 v -x_12 v -x_6) ^ (-x_1 v -x_4 v x_5) ^ (x_12 v x_10 v -x_7) ^ (x_0 v -x_4 v x_8)]
13,37,0.0018310546875,1.509394884109497,1.3591642379760742,[(-x_1 v -x_10 v -x_7) ^ (-x_2 v x_8) ^ (-x_4 v -x_2 v -x_0) ^ (x_11 v x_9 v -x_10) ^ (x_6 v -x_9 v x_4) ^ (-x_2 v x_7 v -x_11) ^ (-x_10 v x_7 v -x_11) ^ (-x_12 v -x_10 v x_7) ^ (x_3 v -x_7 v -x_5) ^ (-x_1 v -x_4 v -x_6) ^ (x_0 v x_10 v -x_8) ^ (x_1 v -x_2) ^ (-x_5 v -x_4 v -x_10) ^ (-x_4 v x_10 v -x_0) ^ (x_1 v -x_10 v -x_3) ^ (-x_6 v -x_5 v x_4) ^ (x_3 v x_10 v -x_6) ^ (x_8 v x_4 v -x_3) ^ (x_3 v x_9 v -x_7) ^ (x_0 v x_9 v x_2) ^ (x_6 v -x_9 v x_8) ^ (-x_9 v x_4 v -x_11) ^ (-x_1 v x_5 v -x_8) ^ (x_3 v x_2 v x_11) ^ (x_1 v x_10 v -x_11) ^ (-x_1 v -x_6 v x_8) ^ (x_1 v x_9) ^ (-x_12 v -x_7 v x_5) ^ (-x_9 v -x_2 v -x_5) ^ (-x_0 v x_6 v -x_11) ^ (-x_10 v -x_2 v -x_11) ^ (x_6 v x_1 v x_10) ^ (x_11 v x_7 v x_3) ^ (x_3 v -x_4) ^ (-x_12 v -x_11) ^ (x_12 v -x_2 v x_7) ^ (x_11 v -x_4 v x_7)]
13,29,0.00146484375,1.2610654830932617,1.3134031295776367,[(x_1 v -x_12 v -x_6) ^ (x_3 v -x_9 v x_12) ^ (x_0 v x_4) ^ (x_3 v -x_4 v x_8) ^ (-x_1 v x_9 v -x_2) ^ (x_9) ^ (x_6 v -x_9 v x_4) ^ (-x_10 v -x_8 v -x_0) ^ (x_3 v x_7 v x_2) ^ (-x_6 v x_5 v -x_0) ^ (x_1 v -x_2 v x_8) ^ (x_0 v x_9 v -x_4) ^ (-x_10 v x_5 v -x_7) ^ (x_10 v -x_8 v -x_0) ^ (x_1 v x_12 v -x_11) ^ (-x_0 v x_5 v -x_6) ^ (x_7 v x_5) ^ (x_0 v x_1 v -x_2) ^ (x_6 v -x_12 v -x_5) ^ (-x_9 v -x_7 v x_8) ^ (x_3 v x_7 v -x_8) ^ (x_11 v x_12 v x_2) ^ (x_7 v x_2 v -x_11) ^ (x_10 v x_5 v x_7) ^ (-x_1 v -x_4 v -x_11) ^ (x_5 v -x_8 v -x_6) ^ (x_11 v -x_7) ^ (x_10 v x_5 v -x_3) ^ (-x_7 v -x_6 v x_8)]
13,14,0.0009765625,0.5946025848388672,1.3545560836791992,[(x_0 v -x_9 v x_7) ^ (-x_11 v -x_7 v -x_0) ^ (-x_9 v -x_12) ^ (-x_1 v -x_9 v -x_3) ^ (-x_9 v -x_8) ^ (-x_2 v -x_7 v -x_5) ^ (-x_9 v x_5 v -x_11) ^ (x_12 v -x_6) ^ (-x_10 v -x_5 v x_7) ^ (x_1 v x_10 v x_4) ^ (x_6 v x_1 v -x_2) ^ (x_1 v -x_3 v -x_6) ^ (x_1 v -x_4 v x_7) ^ (x_11 v -x_5 v -x_6)]
13,36,0.0018310546875,1.6551892757415771,1.339289665222168,[(x_11 v -x_9 v -x_3) ^ (x_11 v -x_10 v x_7) ^ (x_1 v -x_10 v -x_2) ^ (x_10 v x_5 v -x_0) ^ (x_6 v -x_7 v -x_0) ^ (x_9 v x_5 v -x_6) ^ (x_3 v x_5 v -x_0) ^ (-x_4 v -x_10 v -x_7) ^ (x_9 v -x_7 v -x_11) ^ (x_1 v -x_9 v -x_11) ^ (x_9 v x_12 v -x_8) ^ (-x_1 v -x_12 v x_8) ^ (-x_12 v x_9 v -x_7) ^ (-x_12 v -x_3 v x_8) ^ (x_12 v x_9 v -x_8) ^ (-x_7 v x_4 v -x_0) ^ (x_1 v -x_10) ^ (-x_4 v x_12 v -x_3) ^ (x_1 v x_10 v -x_11) ^ (-x_12 v -x_6) ^ (x_11 v x_6 v -x_5) ^ (-x_0 v x_10 v x_4) ^ (x_0 v -x_1 v x_11) ^ (x_3 v x_9 v x_0) ^ (x_0 v -x_5 v x_7) ^ (-x_0 v x_5 v -x_3) ^ (-x_1 v x_10 v x_8) ^ (x_11 v -x_12 v -x_6) ^ (-x_1 v x_9) ^ (-x_4 v x_9 v x_7) ^ (x_11 v -x_6) ^ (-x_12 v -x_2 v -x_3) ^ (x_1 v x_12 v x_2) ^ (-x_9 v -x_0) ^ (-x_1 v x_6 v -x_0) ^ (-x_0 v x_8 v -x_11)]
13,24,0.0013427734375,1.122666835784912,1.3767881393432617,[(-x_0 v -x_3) ^ (-x_1 v x_5 v -x_0) ^ (x_0 v -x_7 v -x_8) ^ (-x_9 v x_4 v x_5) ^ (x_0 v -x_6) ^ (-x_2 v -x_3 v x_4) ^ (-x_4 v -x_2 v -x_8) ^ (-x_9 v -x_3) ^ (-x_9 v x_1 v x_7) ^ (x_0 v x_9 v -x_11) ^ (x_11 v x_6 v x_10) ^ (-x_2 v -x_8 v -x_3) ^ (-x_7 v x_4 v x_5) ^ (-x_1 v -x_4 v -x_2) ^ (-x_5 v x_8) ^ (x_9 v -x_10) ^ (x_11 v -x_9 v -x_12) ^ (-x_2 v x_9 v -x_5) ^ (x_2 v -x_8 v -x_3) ^ (-x_12 v -x_4 v x_7) ^ (x_6 v x_9 v -x_0) ^ (x_3 v -x_11) ^ (-x_7 v x_5 v -x_3) ^ (x_11 v x_12 v -x_0)]
13,22,0.001220703125,1.0731711387634277,1.290797233581543,[(-x_1 v x_6 v x_12) ^ (x_11 v x_12 v x_0) ^ (-x_9 v -x_5 v x_2) ^ (-x_12 v x_7 v x_2) ^ (x_3 v -x_12 v x_8) ^ (x_2 v x_5 v -x_6) ^ (-x_1 v -x_8) ^ (-x_12 v -x_9) ^ (x_10 v x_6 v -x_5) ^ (x_9 v -x_2 v x_4) ^ (x_3 v x_2 v -x_0) ^ (x_3 v x_1 v -x_0) ^ (-x_2 v x_5 v -x_3) ^ (x_3 v x_6 v x_12) ^ (x_5 v -x_8 v -x_11) ^ (x_12 v x_10 v -x_6) ^ (x_7 v x_8) ^ (x_0 v -x_12 v x_10) ^ (x_0 v -x_1 v -x_2) ^ (-x_1 v x_5 v x_2) ^ (x_1 v -x_4 v x_2) ^ (x_0 v x_3)]
13,29,0.00146484375,1.4222526550292969,1.3222227096557617,[(-x_12 v -x_10 v -x_6) ^ (x_6 v x_10 v -x_3) ^ (x_3 v -x_10 v -x_2) ^ (-x_2 v -x_8 v x_4) ^ (x_3 v x_12 v -x_2) ^ (x_0 v x_10 v -x_11) ^ (-x_5 v -x_8 v -x_0) ^ (x_9 v -x_12 v -x_4) ^ (x_1 v -x_10 v x_2) ^ (x_11 v x_6 v -x_2) ^ (-x_7 v -x_5 v -x_10) ^ (x_11 v x_7 v x_2) ^ (-x_5 v -x_2 v x_8) ^ (x_6 v -x_9) ^ (x_0 v -x_12) ^ (x_10 v x_12 v -x_2) ^ (x_11 v x_6 v -x_5) ^ (x_9 v -x_4 v -x_5) ^ (x_3 v x_7 v -x_8) ^ (x_11 v -x_12 v x_10) ^ (x_7 v -x_8 v -x_6) ^ (x_6 v -x_12 v -x_10) ^ (-x_2 v x_5) ^ (-x_5 v x_7 v -x_0) ^ (x_11 v x_6 v x_0) ^ (x_3 v -x_10 v -x_6) ^ (x_12 v -x_5 v x_4) ^ (x_1 v -x_2 v x_4) ^ (-x_9 v x_4 v x_2)]
13,33,0.00146484375,1.3783454895019531,1.3105344772338867,[(x_11 v -x_1 v -x_0) ^ (x_1 v -x_2 v -x_5) ^ (-x_9 v x_5 v -x_8) ^ (x_3 v -x_5 v x_8) ^ (-x_1 v x_7 v x_5) ^ (x_1 v x_10 v x_5) ^ (-x_1 v -x_10 v -x_5) ^ (-x_12 v -x_10 v x_7) ^ (-x_5 v -x_6) ^ (x_12 v -x_2 v x_4) ^ (x_6 v -x_12 v -x_7) ^ (-x_4 v -x_5 v -x_11) ^ (x_6 v -x_2) ^ (x_7 v x_2 v -x_3) ^ (-x_1 v x_4 v -x_11) ^ (-x_12 v -x_7 v -x_6) ^ (x_10 v -x_2 v -x_0) ^ (-x_7 v -x_2 v -x_0) ^ (x_0 v -x_8 v -x_11) ^ (x_0 v -x_12 v x_7) ^ (x_0 v x_1 v x_8) ^ (x_10 v x_7 v -x_0) ^ (-x_10 v x_4 v -x_8) ^ (-x_5 v x_7 v -x_11) ^ (x_0 v -x_4 v x_9) ^ (x_11 v x_1 v x_5) ^ (x_0 v -x_9 v -x_11) ^ (x_3 v -x_11 v -x_0) ^ (-x_6 v x_10 v -x_0) ^ (-x_9 v x_1 v x_12) ^ (x_10 v -x_4 v -x_5) ^ (x_0 v x_2 v -x_3) ^ (x_6 v -x_12 v -x_4)]
13,18,0.0009765625,0.760962963104248,1.2603559494018555,[(x_9 v -x_11) ^ (x_3 v -x_10 v x_8) ^ (x_0 v x_6 v x_9) ^ (x_3 v -x_1 v x_8) ^ (x_0 v x_12 v x_10) ^ (-x_9 v x_2 v -x_8) ^ (x_0 v x_2 v -x_6) ^ (-x_9 v -x_4 v -x_11) ^ (-x_6 v x_5 v -x_0) ^ (-x_10 v x_4 v -x_8) ^ (-x_0 v x_2 v -x_6) ^ (x_6 v -x_2 v x_4) ^ (x_12 v -x_7 v -x_11) ^ (-x_7 v x_2 v -x_8) ^ (-x_10 v -x_2 v x_4) ^ (x_3 v -x_9) ^ (-x_1 v x_7 v x_2) ^ (x_0 v -x_9 v -x_10)]
13,33,0.0015869140625,1.329176425933838,1.2901639938354492,[(x_5 v -x_11) ^ (-x_7 v -x_5 v -x_0) ^ (x_6 v x_2 v -x_8) ^ (x_9 v -x_4 v -x_6) ^ (x_10 v -x_3 v -x_0) ^ (-x_12 v x_7 v -x_0) ^ (-x_0 v -x_8 v -x_3) ^ (-x_4 v x_9 v -x_0) ^ (x_10 v -x_8 v -x_6) ^ (x_3 v -x_8) ^ (x_6 v x_7) ^ (-x_1 v -x_12 v -x_8) ^ (x_0 v x_10 v -x_8) ^ (-x_12 v -x_7 v -x_10) ^ (-x_5 v -x_2 v x_7) ^ (-x_1 v x_10 v -x_11) ^ (x_0 v x_9 v -x_11) ^ (x_3 v -x_0 v -x_6) ^ (-x_1 v x_12 v -x_7) ^ (x_0 v -x_2 v -x_11) ^ (-x_5 v x_7 v -x_3) ^ (x_0 v x_4 v x_2) ^ (x_11 v x_5 v -x_8) ^ (-x_10 v -x_5 v x_4) ^ (-x_7 v -x_2 v x_8) ^ (x_0 v x_7 v -x_8) ^ (x_9 v -x_6) ^ (x_0 v -x_11 v -x_3) ^ (x_8 v x_5 v -x_3) ^ (-x_9 v -x_11 v -x_0) ^ (-x_1 v -x_10 v -x_8) ^ (x_7 v x_5 v -x_8) ^ (-x_1 v -x_10 v x_2)]
13,16,0.0009765625,0.6858491897583008,1.3572416305541992,[(x_5 v -x_12 v x_2) ^ (x_9 v -x_5 v -x_7) ^ (x_3 v x_1 v -x_7) ^ (x_0) ^ (x_0 v x_2 v -x_6) ^ (x_0 v -x_2 v -x_11) ^ (x_3 v x_2 v -x_11) ^ (x_0 v -x_10) ^ (x_11 v -x_5) ^ (x_12 v x_4 v x_2) ^ (-x_4 v x_10 v -x_7) ^ (-x_2 v x_7 v -x_0) ^ (x_9 v -x_2 v -x_7) ^ (x_3 v -x_9 v x_4) ^ (-x_1 v x_12 v x_10) ^ (x_7 v x_5 v -x_8)]
13,29,0.0013427734375,1.1734533309936523,1.3195981979370117,[(x_9 v -x_10 v -x_7) ^ (-x_7 v x_2 v -x_0) ^ (-x_9 v x_7 v -x_8) ^ (-x_2 v -x_5 v -x_11) ^ (x_6 v -x_9 v x_10) ^ (-x_0 v -x_2 v -x_11) ^ (x_0 v x_10 v -x_8) ^ (x_6 v x_1 v x_4) ^ (-x_1 v -x_9 v x_7) ^ (x_3 v -x_7 v x_10) ^ (x_1 v -x_2 v -x_11) ^ (-x_12 v x_7 v -x_8) ^ (-x_4 v x_5 v -x_3) ^ (x_6 v -x_2 v -x_8) ^ (x_6 v x_7 v -x_3) ^ (x_2 v x_5) ^ (-x_7 v -x_3 v -x_0) ^ (-x_9 v x_12 v -x_10) ^ (x_3 v x_1 v -x_0) ^ (x_9 v -x_5 v x_8) ^ (x_11 v x_1 v x_5) ^ (-x_1 v x_4) ^ (x_0 v -x_10 v x_8) ^ (x_1 v x_12) ^ (-x_9 v -x_7 v -x_2) ^ (x_11 v -x_12 v -x_8) ^ (x_12 v -x_2 v x_7) ^ (-x_12 v -x_11) ^ (x_0 v x_8 v -x_3)]
13,17,0.0009765625,0.7195405960083008,1.2295331954956055,[(x_6 v -x_12 v -x_11) ^ (-x_11 v x_2 v -x_3) ^ (x_0 v -x_1 v -x_11) ^ (-x_12 v x_10 v -x_6) ^ (-x_9 v -x_10 v -x_5) ^ (x_11 v -x_9 v -x_7) ^ (x_3 v -x_12 v x_7) ^ (x_6 v -x_4 v -x_2) ^ (x_0 v -x_9 v x_5) ^ (x_6 v x_10 v x_4) ^ (-x_1 v -x_2 v x_8) ^ (x_11 v x_1 v x_12) ^ (x_12 v -x_4 v x_7) ^ (-x_9 v -x_4 v x_7) ^ (x_11 v -x_0 v x_8) ^ (x_6 v -x_5 v x_10) ^ (-x_9 v x_7 v x_4)]
13,13,0.0008544921875,0.5980119705200195,1.2234525680541992,[(x_0 v -x_9 v -x_4) ^ (-x_2 v x_4) ^ (x_11 v -x_5 v x_8) ^ (x_0 v x_7 v x_3) ^ (x_12 v x_10 v x_8) ^ (x_0 v x_9 v -x_10) ^ (-x_1 v -x_12 v -x_0) ^ (x_9 v -x_5 v -x_11) ^ (-x_11 v x_5 v -x_0) ^ (-x_11 v -x_3) ^ (x_10 v -x_2 v -x_0) ^ (x_6 v -x_4 v x_10) ^ (x_6 v x_7)]
13,30,0.00146484375,1.2246875762939453,1.212489128112793,[(x_11 v -x_7 v x_8) ^ (-x_1 v x_12 v -x_0) ^ (x_12 v -x_7 v -x_11) ^ (-x_1 v -x_5 v x_7) ^ (x_3 v x_5 v -x_0) ^ (x_7 v x_5 v x_8) ^ (x_1 v -x_4 v x_7) ^ (-x_9 v -x_4 v x_7) ^ (x_0 v x_8 v x_11) ^ (-x_12 v x_7 v -x_5) ^ (-x_1 v x_3 v x_11) ^ (x_4 v -x_3 v -x_6) ^ (x_3 v x_7) ^ (x_0 v -x_7 v -x_3) ^ (-x_12 v -x_3 v x_8) ^ (x_3 v -x_10 v x_5) ^ (x_3 v x_9 v -x_6) ^ (-x_1 v x_7 v -x_8) ^ (x_8 v x_4 v -x_6) ^ (x_0 v x_12) ^ (x_3 v x_10 v x_8) ^ (x_0 v -x_2 v -x_6) ^ (-x_9 v -x_2) ^ (x_0 v x_8) ^ (x_3 v -x_12 v x_5) ^ (x_0 v -x_9 v x_2) ^ (x_0 v -x_1 v -x_2) ^ (-x_11 v x_2 v -x_6) ^ (-x_9 v -x_11 v -x_0) ^ (x_6 v -x_12 v -x_4)]
13,14,0.0008544921875,0.6210737228393555,1.1995115280151367,[(-x_2 v -x_5 v x_4) ^ (x_0 v -x_8 v -x_6) ^ (x_3 v -x_5 v -x_0) ^ (x_9 v -x_4 v -x_7) ^ (-x_10 v -x_6 v -x_0) ^ (-x_9 v -x_5 v x_2) ^ (x_0 v x_8 v -x_11) ^ (-x_7 v -x_6) ^ (-x_1 v x_12 v x_8) ^ (x_6 v -x_7 v -x_3) ^ (x_5 v -x_3) ^ (x_6 v -x_7 v -x_8) ^ (x_6 v -x_12) ^ (-x_1 v x_4 v -x_0)]
13,29,0.001220703125,1.3481521606445312,1.3766813278198242,[(-x_1 v x_6 v x_12) ^ (-x_1 v x_0) ^ (-x_9 v -x_7 v -x_11) ^ (x_11 v -x_1 v x_5) ^ (x_0 v x_1 v -x_5) ^ (x_9 v x_10 v -x_6) ^ (x_6 v x_1 v -x_5) ^ (x_6 v -x_9 v x_10) ^ (x_3 v x_2 v x_8) ^ (x_3 v x_12 v x_2) ^ (x_9 v -x_5 v x_2) ^ (x_10 v -x_12 v -x_5) ^ (-x_1 v x_5 v -x_6) ^ (x_11 v -x_4 v x_8) ^ (-x_9 v -x_10 v -x_11) ^ (x_6 v -x_10 v -x_8) ^ (-x_9 v x_4 v -x_6) ^ (x_9 v x_4 v -x_6) ^ (x_6 v -x_12 v x_2) ^ (x_0 v -x_9 v x_3) ^ (x_3 v x_1 v x_5) ^ (x_3 v x_6 v x_5) ^ (-x_12 v -x_9 v -x_7) ^ (x_3 v -x_2 v -x_6) ^ (-x_1 v -x_0 v -x_6) ^ (x_11 v -x_10 v -x_2) ^ (x_10 v x_5 v -x_3) ^ (-x_12 v x_9 v -x_6) ^ (-x_9 v -x_3 v -x_0)]
13,19,0.0009765625,0.8099212646484375,1.2195920944213867,[(x_9 v -x_2 v -x_8) ^ (x_10 v x_2 v x_4) ^ (x_3 v -x_1 v -x_7) ^ (-x_12 v -x_11 v -x_6) ^ (-x_5 v x_10) ^ (-x_12 v x_9 v x_8) ^ (x_0 v -x_2 v -x_11) ^ (x_11 v x_12 v -x_2) ^ (-x_10 v x_2 v -x_8) ^ (-x_4 v x_12 v -x_0) ^ (-x_4 v -x_6 v -x_11) ^ (-x_2 v x_5 v x_8) ^ (-x_9 v x_12 v x_7) ^ (x_11 v -x_5 v x_7) ^ (-x_12 v x_5) ^ (x_9 v x_10 v x_7) ^ (-x_7 v -x_0) ^ (x_12 v -x_7 v -x_8) ^ (x_2 v x_5 v -x_11)]
13,35,0.0015869140625,1.40000319480896,1.315577507019043,[(x_3 v -x_9 v x_12) ^ (x_10 v x_5 v -x_11) ^ (-x_10 v x_5 v -x_6) ^ (x_11 v x_12 v x_7) ^ (x_6 v x_10 v x_2) ^ (x_11 v -x_1 v -x_12) ^ (-x_7 v -x_5 v -x_8) ^ (x_0 v x_9) ^ (x_12 v x_9 v -x_0) ^ (x_2 v -x_11) ^ (x_12 v -x_3) ^ (x_3 v -x_10 v x_4) ^ (x_1 v -x_5 v x_2) ^ (-x_2 v -x_6) ^ (x_3 v -x_12 v x_4) ^ (-x_12 v x_2) ^ (x_6 v x_9) ^ (x_11 v -x_12 v x_7) ^ (x_3 v -x_8 v -x_6) ^ (x_9 v x_12 v -x_2) ^ (-x_6) ^ (x_1 v x_4 v -x_0) ^ (x_11 v -x_12 v x_10) ^ (x_0 v -x_5 v x_7) ^ (x_6 v -x_8 v -x_11) ^ (-x_0 v -x_4 v x_8) ^ (-x_1 v -x_4 v -x_0) ^ (-x_1 v -x_7 v -x_6) ^ (x_0 v x_6 v x_10) ^ (x_6 v -x_8) ^ (x_11 v -x_10 v -x_2) ^ (x_11 v x_12 v -x_5) ^ (x_0 v x_12 v -x_4) ^ (-x_7 v -x_2 v -x_6) ^ (x_11 v -x_1 v x_4)]
13,37,0.001708984375,1.4878120422363281,1.3942441940307617,[(x_11 v x_9 v -x_8) ^ (-x_1 v x_5) ^ (x_9 v -x_10 v -x_7) ^ (-x_1 v -x_5 v -x_2) ^ (x_12 v x_10 v -x_3) ^ (x_3 v x_10) ^ (x_12 v x_7) ^ (-x_5 v x_2 v x_7) ^ (-x_1 v -x_10 v -x_3) ^ (-x_3 v -x_0) ^ (-x_10 v x_2 v -x_3) ^ (x_1 v x_12 v x_5) ^ (x_3 v -x_10 v x_4) ^ (x_6 v x_12 v -x_0) ^ (x_0 v -x_7 v x_4) ^ (x_11 v -x_9 v x_8) ^ (x_9 v x_5 v -x_11) ^ (x_1 v x_4 v -x_11) ^ (-x_11 v -x_3 v x_8) ^ (x_12 v x_7 v -x_3) ^ (x_6 v -x_12 v -x_5) ^ (-x_4 v x_7 v x_2) ^ (x_11 v x_6 v x_5) ^ (-x_1 v -x_4 v -x_10) ^ (-x_1 v x_12 v x_2) ^ (-x_2 v x_7) ^ (x_5 v -x_8 v -x_6) ^ (-x_1 v -x_5 v -x_11) ^ (-x_1 v -x_2 v x_0) ^ (x_10 v x_5 v x_8) ^ (x_0 v x_9 v -x_5) ^ (x_3 v x_1 v x_7) ^ (x_0 v x_8 v -x_3) ^ (-x_9 v -x_0) ^ (x_11 v -x_1 v x_9) ^ (-x_10 v -x_8 v -x_6) ^ (x_0 v -x_4 v x_8)]
13,31,0.00146484375,1.3105740547180176,1.4259748458862305,[(x_11 v -x_9 v -x_2) ^ (x_11 v -x_12 v x_2) ^ (x_9 v -x_3) ^ (x_0 v -x_12 v -x_6) ^ (-x_4 v x_12 v -x_11) ^ (-x_4 v x_10 v x_2) ^ (-x_11 v -x_6) ^ (x_3 v x_9 v x_5) ^ (x_11 v x_2 v -x_0) ^ (x_0 v -x_4 v x_5) ^ (x_0 v -x_1 v x_8) ^ (-x_9 v -x_12 v x_5) ^ (-x_12 v -x_10 v -x_3) ^ (x_6 v -x_9) ^ (x_9 v -x_4) ^ (x_11 v -x_10 v x_4) ^ (-x_1 v x_7 v -x_3) ^ (x_11 v x_5 v -x_8) ^ (-x_2 v -x_4 v -x_5) ^ (x_3 v x_10 v x_8) ^ (x_0 v -x_3 v -x_6) ^ (-x_9 v x_12 v x_7) ^ (x_3 v x_6 v x_12) ^ (-x_0 v x_5 v -x_3) ^ (-x_12 v x_1 v -x_4) ^ (-x_2 v x_7) ^ (x_1 v x_7) ^ (-x_12 v x_8) ^ (x_0 v -x_7 v x_5) ^ (-x_10 v -x_2 v -x_8) ^ (x_3 v x_12 v -x_6)]
13,19,0.0010986328125,0.8117034435272217,1.3478879928588867,[(-x_4 v -x_8 v -x_6) ^ (-x_1 v x_9 v x_7) ^ (-x_2 v -x_7 v x_10) ^ (-x_9 v x_5 v -x_8) ^ (x_3 v -x_1 v x_0) ^ (x_10 v -x_2 v x_8) ^ (x_0 v -x_12 v x_2) ^ (x_11 v x_9 v x_12) ^ (x_6 v -x_2 v -x_8) ^ (x_1 v x_4) ^ (x_1 v -x_9) ^ (-x_1 v x_10 v x_11) ^ (x_0 v x_6 v -x_3) ^ (x_12 v -x_5 v x_2) ^ (x_11 v x_7 v -x_3) ^ (x_6 v x_1 v x_10) ^ (-x_1 v x_10 v x_2) ^ (x_11 v -x_4 v -x_6) ^ (-x_1 v x_6 v -x_0)]
13,16,0.0009765625,0.6872513294219971,1.216029167175293,[(x_11 v x_3) ^ (x_0 v -x_11) ^ (-x_10 v -x_7 v -x_11) ^ (x_11 v -x_6 v -x_0) ^ (-x_9 v x_12 v x_8) ^ (x_11 v -x_4 v x_9) ^ (x_1 v x_7 v x_2) ^ (-x_2 v x_7 v -x_3) ^ (x_3 v x_12 v x_5) ^ (-x_12 v x_9 v -x_6) ^ (x_7 v x_5 v x_8) ^ (x_11 v -x_4 v x_2) ^ (x_0 v -x_12 v x_5) ^ (x_6 v -x_9 v -x_0) ^ (x_11 v x_6 v -x_2) ^ (-x_10 v x_2 v -x_3)]
13,28,0.0013427734375,1.1821262836456299,1.3996152877807617,[(x_9 v -x_2 v x_7) ^ (x_1 v -x_4 v x_5) ^ (x_4 v x_5 v -x_11) ^ (-x_10 v -x_2 v x_4) ^ (-x_2 v -x_5 v x_4) ^ (-x_8 v -x_6) ^ (x_1 v -x_11 v -x_3) ^ (x_9 v x_10 v -x_11) ^ (-x_9 v x_8 v -x_3) ^ (x_12 v x_2 v -x_0) ^ (-x_6 v -x_2 v -x_11) ^ (-x_9 v -x_4 v x_5) ^ (-x_1 v x_10 v -x_6) ^ (-x_12 v -x_9 v -x_5) ^ (x_0 v x_6 v x_7) ^ (x_12 v x_5 v -x_6) ^ (x_6 v x_12 v -x_8) ^ (x_6 v -x_12 v x_7) ^ (x_6 v x_8 v -x_0) ^ (-x_1 v -x_2) ^ (-x_12 v -x_2 v -x_0) ^ (x_6 v x_12 v x_8) ^ (x_11 v x_2 v x_5) ^ (-x_1 v -x_5 v -x_6) ^ (-x_2 v x_5) ^ (x_1 v x_7 v x_8) ^ (x_11 v -x_10 v -x_2) ^ (x_1 v x_10 v x_8)]
13,31,0.0015869140625,1.4428901672363281,1.3821516036987305,[(-x_10 v -x_2 v x_8) ^ (-x_1 v x_12 v -x_0) ^ (-x_6 v x_7 v -x_11) ^ (-x_9 v -x_7) ^ (x_6 v -x_4 v -x_5) ^ (x_12 v -x_4 v x_5) ^ (x_3 v -x_12 v -x_11) ^ (-x_4 v -x_2 v x_7) ^ (-x_9 v x_7) ^ (-x_9 v x_5 v -x_11) ^ (x_6 v x_1 v x_5) ^ (x_2 v x_5 v -x_0) ^ (x_6 v -x_4 v x_8) ^ (x_11 v -x_9) ^ (x_11 v x_12 v -x_8) ^ (-x_0 v -x_12 v -x_3) ^ (x_0 v -x_9 v x_1) ^ (x_0 v -x_6 v x_8) ^ (-x_4 v x_12 v x_2) ^ (x_3 v x_4 v -x_2) ^ (x_6 v -x_12 v x_2) ^ (x_3 v x_4 v x_8) ^ (x_10 v x_5 v x_7) ^ (-x_12 v x_9 v -x_11) ^ (x_0 v x_6 v -x_11) ^ (x_6 v -x_4 v -x_2) ^ (x_0 v x_6 v x_10) ^ (x_0 v x_2 v x_8) ^ (-x_9 v x_4 v -x_3) ^ (x_10 v -x_4 v -x_5) ^ (x_6 v x_8)]
13,29,0.0013427734375,1.2072944641113281,1.3433713912963867,[(x_11 v -x_2 v -x_8) ^ (x_10 v x_5 v -x_11) ^ (x_3 v x_9 v x_8) ^ (x_0 v -x_4 v -x_11) ^ (x_10 v -x_3 v -x_11) ^ (x_2 v -x_6) ^ (-x_1 v -x_10 v -x_3) ^ (x_11 v x_10 v x_0) ^ (x_12 v -x_4 v -x_0) ^ (x_2 v -x_11) ^ (x_11 v x_1 v x_8) ^ (x_3 v x_10 v x_7) ^ (-x_1 v x_11 v x_8) ^ (x_11 v -x_10 v x_5) ^ (-x_1 v x_5 v -x_6) ^ (x_9 v -x_2 v -x_11) ^ (-x_12 v x_9) ^ (x_3 v -x_9 v x_5) ^ (x_0 v -x_10 v -x_6) ^ (-x_7 v x_2 v -x_6) ^ (-x_6 v -x_5 v -x_0) ^ (x_7 v x_2 v -x_6) ^ (x_11 v x_5 v x_8) ^ (x_6 v x_7 v x_4) ^ (x_7 v -x_8 v -x_0) ^ (x_3 v x_9 v x_10) ^ (x_10 v -x_12 v -x_2) ^ (x_1 v x_5 v -x_3) ^ (x_0 v x_7 v -x_3)]
13,34,0.0015869140625,1.5332973003387451,1.4254865646362305,[(x_11 v -x_8) ^ (x_11 v -x_12 v -x_3) ^ (x_1 v -x_5 v x_8) ^ (x_12 v x_7 v -x_6) ^ (x_12 v -x_2 v -x_6) ^ (-x_11 v x_4 v -x_0) ^ (x_0 v x_6) ^ (-x_4 v -x_10 v x_8) ^ (x_9 v -x_4 v -x_7) ^ (-x_6 v -x_3 v x_8) ^ (-x_1 v -x_12 v -x_0) ^ (x_3 v x_1 v x_8) ^ (-x_1 v -x_3 v -x_6) ^ (x_9 v -x_5 v -x_0) ^ (-x_12 v -x_7 v x_10) ^ (x_3 v -x_12 v -x_0) ^ (-x_10 v -x_7 v -x_11) ^ (x_3 v x_6 v -x_5) ^ (-x_7 v -x_5) ^ (-x_10 v -x_5 v x_2) ^ (x_6 v x_1 v x_10) ^ (-x_7 v x_10 v -x_8) ^ (-x_9 v -x_2 v -x_6) ^ (x_0 v -x_1 v -x_6) ^ (-x_4 v x_7 v x_5) ^ (x_1 v x_2 v -x_8) ^ (x_12 v -x_4 v x_7) ^ (x_1 v x_9 v x_8) ^ (x_8 v x_10 v -x_11) ^ (-x_9 v -x_10 v -x_3) ^ (x_12 v x_9 v -x_6) ^ (x_3 v -x_2 v -x_0) ^ (x_0 v x_1 v -x_3) ^ (x_1 v x_4 v -x_3)]
13,35,0.0020751953125,1.4702386856079102,1.3382978439331055,[(-x_5 v x_10 v x_2) ^ (-x_6 v -x_5 v x_8) ^ (-x_4 v x_5 v -x_8) ^ (-x_10 v -x_5 v -x_3) ^ (x_11 v -x_12 v -x_3) ^ (-x_1 v x_12 v -x_0) ^ (-x_9 v -x_10 v x_5) ^ (x_0 v -x_9 v -x_10) ^ (-x_12 v x_9 v -x_2) ^ (x_1 v x_7 v x_5) ^ (-x_4 v -x_2 v -x_8) ^ (x_2 v -x_11) ^ (x_6 v -x_12 v -x_7) ^ (x_6 v x_12 v -x_10) ^ (x_0 v x_12 v -x_3) ^ (x_11 v -x_10 v x_4) ^ (x_1 v -x_9 v -x_6) ^ (x_10 v -x_3 v x_8) ^ (-x_7 v x_4) ^ (-x_12 v x_9 v x_7) ^ (-x_9 v x_1 v -x_5) ^ (-x_10 v -x_2 v -x_3) ^ (-x_5 v x_2) ^ (x_12 v -x_5 v -x_10) ^ (x_3 v x_10 v x_8) ^ (x_0 v -x_3 v -x_6) ^ (x_12 v x_1 v -x_4) ^ (x_12 v x_4 v -x_11) ^ (x_3 v -x_4) ^ (x_1 v -x_10 v -x_11) ^ (x_1 v x_2 v -x_3) ^ (x_12 v -x_7 v -x_3) ^ (-x_9 v -x_10 v x_2) ^ (x_11 v x_12 v -x_7) ^ (x_3 v -x_4 v -x_2)]
13,13,0.0009765625,0.6022415161132812,1.2031278610229492,[(x_3 v x_9 v x_2) ^ (-x_9 v -x_12 v x_7) ^ (-x_1 v x_4) ^ (-x_7 v x_5 v x_8) ^ (x_6 v -x_12 v -x_5) ^ (x_11 v -x_0) ^ (-x_1 v -x_11 v x_0) ^ (-x_12 v x_1) ^ (x_3 v x_1 v -x_10) ^ (-x_1 v x_12 v x_7) ^ (-x_1 v x_5 v -x_6) ^ (x_11 v x_9 v -x_8) ^ (x_12 v -x_8 v -x_0)]
13,13,0.0008544921875,0.6055347919464111,1.1928281784057617,[(x_11 v x_6 v -x_9) ^ (-x_11 v x_4 v -x_0) ^ (-x_12 v x_4 v x_5) ^ (x_5 v x_2 v -x_8) ^ (-x_4 v x_7 v -x_6) ^ (x_3 v x_9 v x_8) ^ (x_3 v x_6 v -x_12) ^ (x_1 v -x_7 v -x_8) ^ (x_0 v -x_9 v x_12) ^ (x_12 v x_5 v -x_6) ^ (x_11 v x_12 v x_10) ^ (x_10 v x_2 v -x_11) ^ (x_11 v x_7 v -x_6)]
13,35,0.001708984375,1.5244088172912598,1.2763471603393555,[(-x_1 v -x_2 v -x_8) ^ (-x_12 v -x_10 v -x_5) ^ (-x_12 v x_10 v -x_8) ^ (x_3 v -x_12 v -x_10) ^ (-x_1 v -x_10 v -x_3) ^ (x_3 v x_12) ^ (-x_5 v -x_3 v x_4) ^ (-x_12 v x_5 v x_8) ^ (x_1 v -x_2 v x_7) ^ (x_8 v x_5 v -x_6) ^ (x_0 v -x_6 v x_11) ^ (x_10 v -x_8) ^ (-x_1 v -x_7 v x_4) ^ (x_11 v x_5 v -x_3) ^ (x_11 v x_1 v -x_3) ^ (x_12 v -x_10 v x_7) ^ (x_0 v x_12 v x_3) ^ (-x_5 v x_7) ^ (x_0 v -x_10 v -x_5) ^ (x_1 v x_4) ^ (-x_1 v x_10 v x_4) ^ (x_6 v x_9 v -x_5) ^ (x_12 v x_10 v -x_0) ^ (-x_10 v -x_5 v x_4) ^ (x_11 v x_4 v -x_3) ^ (-x_12 v -x_4 v -x_3) ^ (-x_12 v -x_8) ^ (-x_1 v x_6 v -x_12) ^ (x_0 v -x_12 v x_3) ^ (x_3 v x_1 v x_12) ^ (x_5 v x_1 v x_2) ^ (x_4 v x_5) ^ (-x_10 v x_4 v x_2) ^ (x_11 v -x_10 v -x_8) ^ (x_6 v x_4 v -x_8)]
13,21,0.0010986328125,0.939988374710083,1.248744010925293,[(x_9 v -x_8) ^ (x_6 v x_10 v x_2) ^ (-x_1 v -x_4 v -x_3) ^ (x_1 v x_12 v x_8) ^ (-x_5 v -x_6) ^ (x_10 v -x_5 v -x_3) ^ (-x_1 v -x_12 v x_8) ^ (x_0 v -x_1 v -x_5) ^ (-x_10 v x_7 v -x_0) ^ (x_8 v -x_5 v -x_11) ^ (-x_1 v x_5 v -x_11) ^ (x_8 v -x_3 v -x_11) ^ (x_1 v -x_7 v -x_0) ^ (x_0 v -x_5 v x_4) ^ (-x_10 v -x_3) ^ (-x_12 v -x_7 v -x_8) ^ (x_1 v x_7) ^ (x_0 v -x_4 v -x_8) ^ (-x_9 v x_10 v x_5) ^ (x_10 v -x_4 v -x_5) ^ (x_11 v x_4 v x_5)]
13,21,0.0010986328125,0.9516887664794922,1.222346305847168,[(-x_4 v -x_5) ^ (x_3 v x_5 v -x_0) ^ (-x_12 v x_1 v x_9) ^ (x_3 v x_6 v -x_2) ^ (x_11 v x_6 v -x_9) ^ (x_12 v -x_8 v -x_3) ^ (-x_10 v x_4 v -x_6) ^ (x_12 v -x_5 v -x_7) ^ (x_6 v x_1 v x_12) ^ (-x_1 v x_7 v -x_6) ^ (x_0 v x_11 v x_8) ^ (-x_4 v x_9 v -x_11) ^ (x_6 v x_12 v x_8) ^ (-x_1 v -x_12 v -x_11) ^ (x_3 v x_5 v -x_8) ^ (-x_9 v -x_6 v x_8) ^ (-x_0 v -x_5 v -x_11) ^ (x_6 v -x_10 v -x_5) ^ (-x_11 v x_7 v x_4) ^ (x_3 v x_10 v -x_11) ^ (-x_12 v -x_7 v x_4)]
13,26,0.0013427734375,1.1646223068237305,1.3359556198120117,[(-x_12 v x_7 v x_2) ^ (-x_4 v x_7 v x_8) ^ (x_5 v -x_0) ^ (x_11 v x_9 v x_8) ^ (x_10 v x_6 v -x_2) ^ (x_4 v x_5 v -x_8) ^ (x_12 v -x_2 v -x_11) ^ (-x_11 v -x_2 v -x_0) ^ (x_12 v x_5 v x_8) ^ (-x_9 v x_8 v -x_3) ^ (-x_1 v x_12 v -x_11) ^ (-x_7 v -x_8 v -x_6) ^ (x_0 v x_12 v x_3) ^ (-x_0 v x_5 v -x_6) ^ (-x_9 v -x_5 v x_8) ^ (-x_1 v x_12 v x_4) ^ (x_0 v -x_2 v x_11) ^ (x_0 v -x_8) ^ (-x_9 v -x_8 v -x_0) ^ (x_0 v x_8) ^ (x_11 v x_10 v -x_5) ^ (x_1 v x_10 v x_2) ^ (x_0 v -x_4 v x_7) ^ (x_1 v -x_5 v -x_6) ^ (-x_9 v x_4 v x_2) ^ (-x_12 v x_10 v -x_3)]
13,16,0.0010986328125,0.7562010288238525,1.2713499069213867,[(x_11 v -x_8 v x_0) ^ (-x_9 v x_7 v x_2) ^ (x_0 v x_2 v -x_6) ^ (x_11 v x_10 v -x_8) ^ (-x_4 v -x_5 v -x_8) ^ (-x_9 v x_5 v -x_11) ^ (x_9 v -x_7 v -x_3) ^ (x_10 v -x_0) ^ (x_3 v x_6 v x_1) ^ (x_3 v -x_4 v -x_0) ^ (x_9 v x_12 v -x_2) ^ (x_3 v -x_10 v x_11) ^ (x_3 v -x_9 v x_1) ^ (x_3 v x_7 v x_0) ^ (x_11 v -x_4 v -x_5) ^ (-x_1 v x_4 v -x_0)]
13,28,0.0015869140625,1.2394156455993652,1.311091423034668,[(x_1 v x_12 v x_10) ^ (-x_4 v -x_2 v -x_6) ^ (-x_6 v x_7 v -x_11) ^ (x_9 v -x_10 v -x_3) ^ (x_9 v -x_2 v x_8) ^ (-x_9 v -x_4 v x_2) ^ (x_3 v x_12 v -x_5) ^ (x_3 v -x_5 v x_10) ^ (-x_9 v x_7 v x_8) ^ (-x_4 v -x_10 v -x_3) ^ (x_11 v -x_5 v -x_0) ^ (x_9 v -x_4 v x_7) ^ (x_9 v -x_5 v -x_0) ^ (-x_7 v x_10 v -x_11) ^ (-x_12 v x_9 v x_8) ^ (-x_10 v x_7 v -x_0) ^ (-x_12 v -x_3) ^ (-x_2 v x_6 v x_10) ^ (x_3 v x_4 v -x_2) ^ (x_11 v x_9 v x_7) ^ (-x_12 v x_10 v -x_0) ^ (x_0 v -x_9 v -x_8) ^ (x_3 v x_6 v x_5) ^ (-x_9 v x_12 v -x_3) ^ (-x_1 v x_7 v x_8) ^ (-x_5 v x_2 v -x_6) ^ (x_1 v x_7 v x_8) ^ (-x_1 v -x_9 v x_5)]
13,28,0.0013427734375,1.2551462650299072,1.3371152877807617,[(x_6 v -x_10 v x_4) ^ (x_11 v -x_9 v -x_2) ^ (x_5 v -x_4 v x_2) ^ (x_10 v x_2 v -x_0) ^ (x_6 v x_12 v x_7) ^ (-x_12 v -x_4 v x_10) ^ (-x_12 v -x_7) ^ (x_0 v x_10 v x_5) ^ (x_3 v -x_9 v x_10) ^ (x_3 v -x_1) ^ (-x_9 v x_12 v -x_11) ^ (x_11 v x_6 v -x_10) ^ (x_1 v x_9 v x_2) ^ (x_9 v x_2) ^ (x_3 v x_1 v x_5) ^ (x_0 v x_4 v -x_11) ^ (x_0 v x_10 v x_4) ^ (-x_12 v x_2 v -x_11) ^ (x_3 v x_4 v x_2) ^ (x_3 v x_12 v x_8) ^ (-x_1 v -x_12 v -x_6) ^ (-x_1 v -x_4 v x_11) ^ (-x_5 v x_2 v -x_6) ^ (x_3 v x_12 v x_10) ^ (-x_1 v -x_12 v x_7) ^ (x_10 v x_5 v -x_3) ^ (x_1 v -x_11 v -x_0) ^ (x_3 v -x_1 v -x_5)]
13,24,0.0010986328125,1.0404417514801025,1.3244733810424805,[(-x_5 v -x_2 v -x_0) ^ (x_1 v x_12 v x_10) ^ (x_11 v -x_3) ^ (-x_9 v -x_3 v -x_11) ^ (x_11 v x_6 v -x_2) ^ (x_1 v -x_2 v x_7) ^ (-x_2 v x_10 v -x_3) ^ (x_12 v x_5 v x_8) ^ (x_11 v x_1 v -x_3) ^ (-x_12 v x_2) ^ (x_1 v -x_9 v -x_7) ^ (x_10 v x_2 v -x_11) ^ (x_6 v x_9 v x_2) ^ (x_10 v -x_5 v -x_6) ^ (-x_4 v -x_6) ^ (x_12 v -x_5 v x_2) ^ (-x_0 v -x_12 v -x_11) ^ (x_1 v x_5 v -x_11) ^ (x_0 v -x_5 v x_7) ^ (x_9 v -x_5 v -x_11) ^ (-x_10 v -x_5 v -x_8) ^ (-x_11 v x_10 v x_4) ^ (x_10 v -x_5 v x_4) ^ (-x_1 v -x_7 v x_8)]
13,34,0.0015869140625,1.3609893321990967,1.3754987716674805,[(-x_0 v -x_10 v -x_3) ^ (x_1 v x_12 v x_10) ^ (x_11 v x_2 v -x_0) ^ (x_1 v -x_9 v x_5) ^ (-x_1 v x_6 v x_7) ^ (x_2 v x_5 v -x_6) ^ (x_0 v -x_5 v x_8) ^ (x_11 v -x_10 v x_3) ^ (x_12 v -x_2 v -x_11) ^ (x_3 v -x_5 v -x_6) ^ (-x_9 v -x_5 v -x_6) ^ (-x_5 v -x_2) ^ (x_3 v x_9 v x_11) ^ (-x_11 v -x_6 v x_8) ^ (-x_1 v x_9 v x_10) ^ (x_6 v -x_10 v x_8) ^ (x_0 v x_4 v x_8) ^ (x_11 v x_12 v x_2) ^ (x_6 v x_4 v -x_11) ^ (x_9 v x_10 v x_8) ^ (x_9 v x_4 v -x_0) ^ (-x_12 v -x_9 v -x_3) ^ (x_7 v x_5 v -x_0) ^ (-x_12 v -x_2 v x_8) ^ (-x_12 v x_4 v -x_6) ^ (x_6 v x_2 v -x_0) ^ (-x_1 v x_2 v x_8) ^ (-x_6 v -x_5 v -x_11) ^ (x_1 v x_10 v x_8) ^ (x_12 v -x_2 v x_7) ^ (-x_9 v -x_10 v -x_3) ^ (x_3 v -x_11) ^ (x_11 v x_4 v -x_8) ^ (-x_11 v x_7 v -x_0)]
13,15,0.0008544921875,0.7101342678070068,1.225001335144043,[(x_11 v x_5 v -x_0) ^ (x_0 v -x_7 v x_8) ^ (x_7 v -x_8 v -x_0) ^ (-x_12 v -x_2 v x_5) ^ (-x_1 v -x_12 v x_2) ^ (x_0 v -x_10 v x_4) ^ (-x_1 v x_9 v x_4) ^ (x_5 v x_2 v -x_3) ^ (x_1 v -x_9 v -x_6) ^ (-x_4 v -x_10 v x_2) ^ (-x_1 v -x_9 v x_4) ^ (-x_9 v x_4 v x_8) ^ (-x_9 v -x_2 v -x_11) ^ (x_11 v x_1 v x_3) ^ (-x_1 v -x_8)]
13,20,0.0009765625,0.9041335582733154,1.2318143844604492,[(-x_5 v -x_8 v -x_0) ^ (x_1 v x_12 v -x_0) ^ (-x_9 v x_7) ^ (x_1 v -x_4 v -x_3) ^ (x_6 v x_7 v -x_3) ^ (-x_7 v x_2 v x_8) ^ (-x_12 v -x_5 v x_8) ^ (x_7 v x_5) ^ (x_11 v -x_9) ^ (-x_12 v x_9 v x_7) ^ (x_0 v -x_10 v -x_11) ^ (-x_4 v -x_11) ^ (-x_5 v -x_7 v -x_2) ^ (-x_7 v x_5) ^ (x_9 v x_10 v -x_3) ^ (x_9 v -x_10 v -x_0) ^ (-x_7 v -x_2 v -x_11) ^ (x_10 v x_5 v -x_3) ^ (x_12 v x_9 v x_4) ^ (x_11 v x_10 v x_4)]
13,23,0.0013427734375,1.1113314628601074,1.2770414352416992,[(-x_9 v -x_5) ^ (x_6 v x_10 v x_2) ^ (x_4 v -x_3 v x_8) ^ (x_12 v -x_10) ^ (x_1 v x_9 v x_7) ^ (x_0 v -x_10 v x_7) ^ (-x_9 v x_5) ^ (x_0 v x_1 v x_12) ^ (x_0 v -x_4 v -x_6) ^ (-x_9 v x_12 v x_8) ^ (x_6 v x_12 v -x_10) ^ (x_3 v -x_10 v x_4) ^ (-x_9 v x_8 v -x_0) ^ (-x_11 v x_7 v x_8) ^ (x_6 v x_9 v x_7) ^ (x_12 v x_5 v -x_11) ^ (-x_1 v x_12 v x_7) ^ (x_3 v x_9 v x_0) ^ (-x_7 v x_4 v -x_6) ^ (-x_12 v -x_2 v x_7) ^ (x_8 v -x_10 v -x_0) ^ (x_6 v x_9 v -x_0) ^ (x_12 v x_2 v -x_6)]
13,32,0.0013427734375,1.4237186908721924,1.3032102584838867,[(x_11 v -x_12 v x_2) ^ (x_1 v -x_2 v -x_5) ^ (-x_1 v x_12 v -x_0) ^ (x_4 v x_2 v -x_8) ^ (x_8 v -x_2 v -x_6) ^ (x_6 v -x_4 v -x_10) ^ (x_0 v -x_9 v -x_7) ^ (x_2 v x_5 v -x_6) ^ (x_11 v x_2 v x_0) ^ (x_0 v -x_10 v x_7) ^ (x_4 v -x_3 v -x_6) ^ (x_6 v x_10 v x_8) ^ (x_1 v x_12 v x_8) ^ (x_3 v x_4 v -x_11) ^ (x_0 v -x_5 v x_3) ^ (x_0 v x_9 v -x_11) ^ (-x_7 v -x_2 v -x_0) ^ (x_12 v x_9 v -x_10) ^ (-x_9 v -x_10 v x_4) ^ (x_0 v x_12 v x_11) ^ (-x_1 v x_10 v -x_8) ^ (-x_9 v -x_2) ^ (x_0 v -x_12 v -x_3) ^ (x_1 v -x_11 v x_8) ^ (x_6 v x_4 v -x_0) ^ (x_9 v -x_10 v -x_0) ^ (x_6 v -x_4 v -x_2) ^ (-x_9 v -x_2 v x_7) ^ (-x_4 v x_9 v x_7) ^ (-x_7 v x_10 v -x_3) ^ (x_11 v x_7) ^ (x_3 v x_1 v x_2)]
13,31,0.0018310546875,1.379753589630127,1.3533124923706055,[(x_1 v -x_12 v -x_6) ^ (x_0 v -x_11) ^ (x_1 v -x_4 v x_10) ^ (x_5 v -x_4 v x_2) ^ (x_11 v -x_4 v x_12) ^ (x_9) ^ (-x_2 v x_9 v -x_10) ^ (x_7 v x_4) ^ (-x_11 v -x_2 v -x_0) ^ (-x_1 v -x_4 v -x_6) ^ (-x_5 v -x_4 v -x_10) ^ (x_3 v -x_4 v x_9) ^ (x_1 v -x_7 v -x_2) ^ (-x_0 v x_9 v -x_11) ^ (x_10 v x_9 v -x_5) ^ (x_5 v x_2) ^ (-x_9 v -x_4 v -x_5) ^ (x_11 v -x_9 v x_8) ^ (-x_1 v x_10 v -x_0) ^ (x_12 v x_7 v -x_3) ^ (-x_11 v x_12 v -x_3) ^ (x_2 v -x_3 v -x_0) ^ (x_7 v x_2 v x_8) ^ (-x_4 v -x_11) ^ (-x_1 v x_2 v x_5) ^ (x_12 v -x_2 v -x_0) ^ (x_9 v -x_0) ^ (x_0 v x_8) ^ (-x_1 v x_10 v x_8) ^ (x_4 v x_2 v -x_11) ^ (x_11 v x_12 v -x_5)]
13,36,0.001708984375,1.5763278007507324,1.2233152389526367,[(x_6 v x_10 v x_7) ^ (-x_4 v x_5 v -x_8) ^ (x_3 v -x_4 v x_8) ^ (-x_1 v x_7 v -x_0) ^ (-x_9 v -x_12 v x_10) ^ (-x_2 v -x_8 v x_4) ^ (x_10 v -x_8 v -x_6) ^ (x_4 v x_5 v -x_8) ^ (x_0 v x_10 v -x_6) ^ (x_1 v -x_10 v -x_7) ^ (-x_12 v -x_2) ^ (x_6 v -x_4 v x_5) ^ (-x_3 v -x_8 v -x_6) ^ (-x_6 v -x_5 v -x_3) ^ (x_11 v -x_4 v x_5) ^ (x_1 v -x_12 v x_3) ^ (x_8 v x_4 v -x_3) ^ (x_0 v -x_12 v -x_7) ^ (x_6 v -x_3) ^ (-x_4 v -x_7 v -x_3) ^ (-x_9 v x_1 v -x_5) ^ (x_3 v x_10 v -x_8) ^ (-x_11 v -x_3 v x_8) ^ (-x_2 v x_5 v -x_8) ^ (-x_10 v -x_2 v -x_3) ^ (-x_11 v x_2 v x_8) ^ (-x_1 v x_10 v -x_8) ^ (x_2 v -x_8) ^ (x_0 v -x_12 v -x_10) ^ (x_12 v x_10 v -x_6) ^ (x_0 v x_10 v x_2) ^ (x_10 v -x_2 v -x_11) ^ (x_6 v -x_7 v -x_3) ^ (x_0 v x_6 v x_11) ^ (x_4 v x_2 v -x_0) ^ (x_1 v -x_3 v x_8)]
14,39,0.0008544921875,3.389113426208496,2.4488401412963867,[(-x_12 v -x_4 v -x_10) ^ (-x_13 v x_2 v -x_3) ^ (x_11 v -x_9 v -x_2) ^ (x_1 v -x_2 v -x_5) ^ (-x_10 v -x_6 v -x_11) ^ (x_0 v x_13 v -x_11) ^ (x_0 v -x_6) ^ (-x_7 v x_2 v -x_0) ^ (x_1 v -x_4 v -x_8) ^ (x_3 v -x_1 v -x_7) ^ (x_0 v x_1 v x_10) ^ (-x_1 v -x_8 v -x_6) ^ (x_4 v -x_13 v -x_0) ^ (x_10 v -x_13 v -x_8) ^ (x_0 v -x_1 v -x_3) ^ (x_10 v x_5 v x_13) ^ (x_1 v x_2) ^ (x_3 v x_1 v x_2) ^ (-x_12 v x_7 v -x_3) ^ (x_0 v -x_2 v -x_11) ^ (x_12) ^ (-x_4 v x_6 v x_12) ^ (x_11 v -x_12 v x_7) ^ (-x_2 v x_5 v x_7) ^ (x_6 v -x_10 v x_2) ^ (x_0 v x_12) ^ (x_3 v -x_12 v x_2) ^ (-x_1 v -x_7 v -x_3) ^ (x_11 v x_10 v -x_3) ^ (x_9 v -x_13 v x_8) ^ (x_9 v x_10 v -x_3) ^ (x_9 v x_10) ^ (-x_12 v x_1 v x_8) ^ (x_11 v -x_1 v -x_10) ^ (-x_1 v x_9) ^ (-x_12 v -x_7 v -x_11) ^ (x_1 v x_2 v -x_3) ^ (x_6 v x_10 v -x_0) ^ (x_12 v -x_7)]
14,19,0.00054931640625,1.725165843963623,2.243838310241699,[(x_1 v -x_13 v -x_3) ^ (x_5 v x_2 v -x_13) ^ (-x_9 v -x_4 v x_2) ^ (x_12 v -x_2 v -x_11) ^ (-x_5 v -x_6) ^ (-x_10 v x_13 v -x_0) ^ (x_12 v -x_0) ^ (-x_1 v -x_0 v -x_11) ^ (x_0 v -x_2 v -x_3) ^ (x_9 v x_5 v -x_11) ^ (x_3 v -x_13 v -x_8) ^ (x_12 v x_7 v -x_3) ^ (x_6 v x_1 v x_8) ^ (-x_12 v -x_10 v x_4) ^ (x_3 v x_1 v -x_0) ^ (-x_5 v x_7 v -x_0) ^ (x_11 v x_9 v x_2) ^ (-x_1 v x_6 v -x_10) ^ (x_6 v x_9 v -x_0)]
14,42,0.00091552734375,3.724956750869751,2.399844169616699,[(-x_0 v x_13 v -x_6) ^ (x_11 v -x_8) ^ (x_8 v -x_10 v -x_6) ^ (-x_9 v x_7 v -x_0) ^ (x_9 v -x_2 v -x_13) ^ (-x_6 v -x_5 v x_8) ^ (x_1 v -x_5 v -x_11) ^ (x_12 v x_10 v -x_3) ^ (x_6 v x_12 v x_7) ^ (x_11 v x_12 v -x_10) ^ (-x_4 v x_9 v -x_6) ^ (-x_5 v -x_13 v x_7) ^ (x_3 v -x_12 v x_9) ^ (x_9 v x_5 v -x_8) ^ (x_9 v x_13 v -x_8) ^ (x_0 v x_3 v -x_6) ^ (x_8 v -x_10 v -x_11) ^ (x_11 v x_6 v x_2) ^ (x_0 v x_9 v x_8) ^ (x_6 v -x_4 v -x_8) ^ (x_9 v x_7 v -x_6) ^ (x_6 v x_12 v -x_8) ^ (x_0 v -x_2 v x_3) ^ (x_6 v -x_9 v x_8) ^ (-x_12 v x_4 v -x_3) ^ (-x_1 v -x_9 v -x_3) ^ (-x_6 v x_10 v x_4) ^ (x_12 v -x_5 v -x_8) ^ (-x_9 v -x_10 v -x_0) ^ (-x_10 v x_4 v -x_3) ^ (x_11 v x_12 v x_13) ^ (x_5 v x_13) ^ (-x_10 v x_13 v -x_6) ^ (x_3 v x_6 v x_7) ^ (-x_0 v x_12 v x_8) ^ (-x_7 v -x_3 v x_8) ^ (-x_10 v -x_5 v -x_8) ^ (x_3 v -x_6 v -x_11) ^ (-x_12 v x_4 v x_13) ^ (x_3 v -x_9 v -x_0) ^ (x_3 v x_1 v x_7) ^ (-x_1 v x_9 v -x_6)]
14,17,0.0006103515625,1.598832130432129,2.275546073913574,[(x_3 v x_12 v x_8) ^ (-x_4 v -x_2 v -x_11) ^ (x_10 v -x_5 v -x_3) ^ (-x_0 v x_6 v -x_3) ^ (-x_2 v x_7 v x_8) ^ (x_1 v x_10 v x_13) ^ (-x_9 v x_5 v x_13) ^ (x_12 v -x_3 v x_8) ^ (-x_9 v -x_5 v -x_3) ^ (-x_1 v -x_5 v -x_3) ^ (-x_5 v x_7 v -x_11) ^ (x_6 v x_1 v -x_2) ^ (x_5 v -x_7 v -x_13) ^ (x_11 v x_7 v -x_3) ^ (-x_12 v -x_4 v -x_2) ^ (-x_7 v -x_6 v -x_0) ^ (x_8 v -x_13 v -x_0)]
14,32,0.0008544921875,2.893397331237793,2.452456474304199,[(x_3 v x_9 v x_8) ^ (-x_4 v -x_5) ^ (x_2 v -x_6) ^ (-x_4 v x_12 v -x_13) ^ (x_1 v -x_4 v -x_8) ^ (-x_9 v x_13 v -x_3) ^ (-x_9 v -x_4 v x_2) ^ (x_0 v x_10 v -x_13) ^ (-x_12 v x_7) ^ (x_6 v -x_4 v -x_7) ^ (x_6 v x_12 v -x_8) ^ (x_6 v x_1 v -x_8) ^ (x_6 v -x_4) ^ (-x_12 v -x_7 v -x_6) ^ (x_10 v -x_13 v x_8) ^ (-x_1 v x_12 v -x_6) ^ (-x_12 v x_10 v x_2) ^ (x_0 v x_12 v x_10) ^ (x_11 v -x_7 v x_0) ^ (-x_1 v x_13) ^ (x_11 v x_9) ^ (-x_7 v x_2 v -x_6) ^ (-x_12 v x_13 v -x_8) ^ (x_0 v x_6 v -x_10) ^ (x_11 v x_12 v x_2) ^ (x_3 v x_1 v -x_6) ^ (x_3 v x_1 v -x_12) ^ (-x_12 v -x_7 v x_13) ^ (x_11 v x_4 v -x_3) ^ (x_0 v x_13 v -x_3) ^ (-x_1 v x_4 v -x_13) ^ (x_0 v -x_4)]
14,38,0.0009765625,3.2457666397094727,2.392947196960449,[(x_3 v x_12 v x_4) ^ (x_11 v x_8) ^ (-x_12 v -x_2 v x_4) ^ (-x_12 v -x_8 v -x_3) ^ (x_11 v -x_6 v x_0) ^ (x_7 v x_5 v x_13) ^ (-x_9 v x_4 v x_5) ^ (-x_1 v -x_6 v -x_11) ^ (-x_12 v -x_4 v x_5) ^ (-x_10 v -x_3 v x_8) ^ (-x_12 v x_1 v -x_10) ^ (x_11 v x_5 v -x_6) ^ (x_12 v -x_10 v -x_7) ^ (x_3 v x_1 v x_13) ^ (-x_10 v -x_6 v -x_3) ^ (-x_1 v x_6 v -x_2) ^ (x_6 v -x_12 v -x_3) ^ (x_6 v -x_4 v x_8) ^ (x_0 v -x_7 v -x_11) ^ (x_3 v -x_5 v -x_0) ^ (x_6 v -x_5 v x_2) ^ (x_4 v x_5 v x_7) ^ (x_10 v x_7 v -x_6) ^ (-x_0 v x_4 v -x_11) ^ (x_0 v -x_8) ^ (x_0 v x_1 v x_2) ^ (-x_9 v x_12 v x_7) ^ (x_6 v x_4 v -x_11) ^ (x_0 v x_1 v x_4) ^ (x_0 v -x_4 v x_12) ^ (x_9 v x_10) ^ (-x_5 v x_7 v -x_6) ^ (x_1 v -x_9 v x_4) ^ (x_11 v -x_1 v -x_4) ^ (x_10 v x_5 v -x_3) ^ (-x_7 v -x_2 v x_4) ^ (x_11 v -x_9 v x_7) ^ (x_1 v -x_8)]
14,17,0.00054931640625,1.4691312313079834,2.236514091491699,[(x_3 v x_1 v -x_5) ^ (-x_1 v x_7 v x_2) ^ (-x_10 v -x_13 v -x_6) ^ (-x_1 v x_10 v x_8) ^ (x_11 v x_4 v x_13) ^ (-x_6 v -x_3 v x_8) ^ (-x_1 v x_10 v x_0) ^ (x_12 v -x_10 v x_2) ^ (x_9 v x_7 v -x_13) ^ (-x_5 v x_7 v x_4) ^ (x_12 v -x_5 v x_2) ^ (x_3 v -x_8 v x_11) ^ (x_3 v -x_10 v x_5) ^ (-x_9 v x_1 v -x_0) ^ (x_3 v -x_4 v -x_8) ^ (-x_1 v -x_9 v -x_8) ^ (-x_1 v -x_10 v x_4)]
14,17,0.0006103515625,1.4844074249267578,2.293978691101074,[(-x_11 v x_4 v -x_0) ^ (-x_2 v x_13 v -x_6) ^ (x_10 v -x_5 v x_13) ^ (x_3 v x_9 v x_13) ^ (x_0 v x_13 v -x_3) ^ (x_12 v -x_5 v x_13) ^ (-x_9 v x_10 v -x_0) ^ (x_0 v -x_7 v x_8) ^ (x_10 v x_5 v -x_0) ^ (x_3 v x_13) ^ (-x_1 v -x_7 v x_13) ^ (-x_1 v -x_3 v -x_6) ^ (x_11 v x_10 v x_8) ^ (x_1 v x_9 v x_4) ^ (x_4 v x_13 v x_8) ^ (-x_7 v x_4 v -x_11) ^ (-x_1 v x_7 v -x_6)]
14,38,0.0008544921875,3.5130345821380615,2.375430107116699,[(x_11 v -x_8 v x_0) ^ (x_0 v x_1 v -x_10) ^ (-x_2 v x_8) ^ (-x_1 v -x_12 v x_2) ^ (x_9 v -x_3) ^ (-x_2 v -x_3 v -x_11) ^ (x_9 v -x_10 v x_2) ^ (x_3 v -x_12 v x_10) ^ (x_1 v -x_7 v x_13) ^ (x_6 v -x_5 v x_8) ^ (x_1 v x_12 v x_5) ^ (-x_13 v -x_10 v x_2) ^ (-x_7 v x_13 v -x_8) ^ (-x_1 v -x_10 v x_5) ^ (-x_0 v x_10 v x_8) ^ (x_9 v -x_10 v x_5) ^ (-x_7 v x_2 v -x_8) ^ (-x_11 v x_8 v -x_0) ^ (x_6 v -x_4 v -x_7) ^ (x_9 v x_10 v x_4) ^ (-x_1 v x_12 v -x_6) ^ (x_1 v x_9 v x_10) ^ (x_0 v -x_10 v x_5) ^ (x_2 v x_4 v x_5) ^ (x_9 v -x_5 v -x_8) ^ (-x_4 v x_10) ^ (x_11 v x_6 v -x_0) ^ (-x_9 v -x_12 v -x_6) ^ (x_0 v x_6 v -x_5) ^ (-x_12 v x_5) ^ (x_10 v -x_2 v -x_3) ^ (-x_12 v -x_7 v x_13) ^ (x_0 v -x_9 v x_8) ^ (x_3 v -x_1 v -x_9) ^ (x_6 v -x_13 v -x_3) ^ (-x_1 v x_10 v -x_3) ^ (-x_9 v -x_2 v -x_8) ^ (-x_10 v -x_8 v -x_6)]
14,25,0.00067138671875,2.20950984954834,2.3462629318237305,[(-x_12 v -x_6 v -x_3) ^ (-x_1 v x_7 v x_5) ^ (-x_5 v -x_3 v x_4) ^ (x_10 v -x_13 v -x_11) ^ (x_11 v -x_12 v x_9) ^ (-x_2 v x_4 v -x_6) ^ (x_11 v x_1 v x_2) ^ (x_12 v -x_6) ^ (-x_2 v -x_6) ^ (x_10 v x_7 v -x_11) ^ (x_9 v x_13 v x_8) ^ (-x_1 v -x_13 v x_11) ^ (x_0 v -x_13 v -x_11) ^ (x_12 v -x_7 v x_13) ^ (x_11 v -x_10 v x_0) ^ (x_1 v -x_8 v -x_11) ^ (x_4 v -x_13 v -x_3) ^ (x_0 v x_13 v -x_8) ^ (x_0 v -x_1 v x_13) ^ (x_0 v x_6 v -x_11) ^ (x_11 v -x_12 v -x_6) ^ (-x_0 v -x_3 v -x_11) ^ (x_12 v -x_2 v x_7) ^ (-x_9 v x_5 v -x_0) ^ (-x_1 v -x_12 v -x_2)]
14,33,0.00079345703125,2.807725429534912,2.3854475021362305,[(-x_11 v -x_0) ^ (x_11 v -x_1 v -x_0) ^ (-x_12 v x_6 v -x_9) ^ (x_3 v x_10 v x_0) ^ (-x_1 v x_3 v -x_6) ^ (-x_9 v -x_7) ^ (x_6 v -x_9 v x_4) ^ (x_4 v x_7 v x_8) ^ (-x_12 v -x_7 v -x_2) ^ (-x_1 v -x_8) ^ (-x_1 v -x_9 v -x_7) ^ (x_11 v x_9 v x_10) ^ (x_3 v x_13) ^ (x_11 v -x_5 v -x_0) ^ (x_1 v -x_6 v -x_11) ^ (-x_2 v x_5 v -x_8) ^ (x_9 v -x_13 v -x_7) ^ (x_12 v -x_5 v -x_8) ^ (-x_7 v -x_5) ^ (x_8) ^ (-x_12 v x_7 v -x_11) ^ (x_11 v x_6 v -x_0) ^ (x_12 v x_7 v -x_11) ^ (-x_9 v -x_4 v -x_11) ^ (x_0 v -x_13 v x_2) ^ (x_0 v x_5 v x_13) ^ (x_0 v -x_12 v -x_5) ^ (-x_1 v -x_5 v -x_11) ^ (-x_1 v x_3 v x_0) ^ (x_3 v -x_5 v -x_13) ^ (-x_2 v x_13 v -x_0) ^ (x_0 v -x_9 v x_11) ^ (-x_9 v x_12 v x_5)]
14,27,0.000732421875,2.3421175479888916,2.375460624694824,[(x_3 v -x_4 v x_12) ^ (x_6 v x_13 v -x_0) ^ (x_0 v x_4 v x_13) ^ (x_10 v -x_3 v -x_0) ^ (x_4 v -x_8 v -x_11) ^ (-x_12 v x_7 v x_2) ^ (x_1 v -x_5 v -x_13) ^ (x_6 v -x_9 v x_5) ^ (-x_11 v x_12 v -x_6) ^ (-x_1 v -x_13 v -x_11) ^ (x_1 v x_2) ^ (-x_1 v x_12 v -x_7) ^ (x_3 v x_1 v x_10) ^ (-x_1 v x_6 v -x_9) ^ (x_3 v -x_7 v x_13) ^ (x_1 v -x_7 v -x_0) ^ (-x_10 v x_4 v -x_3) ^ (x_0 v -x_2 v -x_6) ^ (-x_12 v -x_7 v -x_8) ^ (-x_5 v -x_4 v -x_2) ^ (x_0 v x_4 v x_5) ^ (x_0 v -x_7 v -x_10) ^ (x_3 v -x_2) ^ (x_4 v x_2 v -x_11) ^ (-x_1 v -x_10 v -x_2) ^ (x_0 v x_2 v -x_3) ^ (-x_1 v -x_9 v -x_8)]
14,21,0.0006103515625,1.9334871768951416,2.2673826217651367,[(x_1 v x_12 v -x_5) ^ (x_0 v x_8 v -x_6) ^ (x_1 v x_13 v -x_11) ^ (x_5 v x_10 v x_2) ^ (x_10 v x_7 v -x_3) ^ (x_8 v -x_7 v -x_3) ^ (-x_12 v x_10 v x_8) ^ (x_1 v -x_2 v x_7) ^ (-x_6 v -x_2 v -x_3) ^ (x_1 v -x_2 v x_8) ^ (x_7 v x_13 v -x_8) ^ (x_6 v x_12 v -x_0) ^ (x_0 v -x_12 v -x_7) ^ (-x_9 v -x_7 v -x_8) ^ (x_9 v -x_5 v -x_8) ^ (x_8 v -x_5 v x_4) ^ (x_3 v -x_9) ^ (-x_7 v -x_13) ^ (-x_1 v -x_7 v x_3) ^ (x_12 v -x_2 v x_7) ^ (-x_0 v -x_13 v -x_3)]
14,29,0.00079345703125,2.5121726989746094,2.326876640319824,[(x_3 v -x_12) ^ (x_6 v -x_9 v -x_5) ^ (x_11 v -x_10 v x_8) ^ (-x_8 v x_13 v -x_6) ^ (-x_12 v -x_3 v -x_0) ^ (x_1 v x_7 v -x_0) ^ (-x_10 v x_7 v x_8) ^ (-x_8 v -x_6) ^ (x_12 v -x_10 v -x_7) ^ (x_6 v -x_10 v x_7) ^ (-x_9 v x_12 v -x_13) ^ (x_9 v x_5 v x_13) ^ (x_11 v -x_7 v -x_0) ^ (x_0 v x_1 v -x_7) ^ (x_11 v x_7 v x_13) ^ (-x_1 v x_10 v x_2) ^ (-x_7 v -x_13 v x_8) ^ (x_11 v -x_5 v x_7) ^ (-x_9 v x_12 v x_7) ^ (-x_5 v x_2 v -x_0) ^ (x_2 v x_5 v x_8) ^ (x_0 v x_6 v -x_11) ^ (-x_1 v x_4) ^ (x_6 v x_9 v x_4) ^ (x_6 v -x_10 v x_13) ^ (x_12 v x_13 v x_8) ^ (-x_1 v -x_9 v x_0) ^ (-x_2 v -x_3) ^ (x_1 v -x_4 v -x_5)]
14,18,0.00042724609375,1.5388360023498535,2.094454765319824,[(x_6 v -x_2 v -x_0) ^ (x_6 v -x_12 v -x_0) ^ (x_12 v -x_2 v x_5) ^ (x_1 v x_13 v -x_0) ^ (x_3 v -x_7 v -x_5) ^ (-x_1 v -x_4 v x_11) ^ (-x_9 v x_7 v -x_6) ^ (x_3 v -x_1 v x_5) ^ (-x_1 v x_4 v x_8) ^ (x_0 v x_2 v -x_11) ^ (x_3 v x_10 v x_0) ^ (x_7 v -x_13 v -x_0) ^ (-x_12 v -x_4 v -x_5) ^ (-x_4 v -x_6) ^ (-x_1 v -x_10 v x_13) ^ (x_1 v -x_13 v -x_0) ^ (x_10 v -x_5 v -x_11) ^ (x_11 v x_6 v x_7)]
14,15,0.0006103515625,1.295295238494873,2.2363386154174805,[(x_0 v x_2 v x_13) ^ (-x_9 v -x_10 v -x_11) ^ (x_3 v -x_7 v x_0) ^ (x_1 v -x_2 v -x_3) ^ (-x_5 v x_2 v x_8) ^ (x_3 v x_12 v -x_7) ^ (x_3 v -x_9 v x_1) ^ (-x_9 v x_13) ^ (-x_3 v -x_11) ^ (x_1 v x_9 v -x_6) ^ (-x_4 v -x_7 v -x_11) ^ (-x_1 v x_2 v -x_11) ^ (x_3 v x_8 v -x_0) ^ (x_3 v x_5 v -x_6) ^ (-x_9 v x_1 v -x_5)]
14,28,0.00067138671875,2.3958723545074463,2.3285627365112305,[(x_1 v -x_12 v x_13) ^ (x_0 v -x_5 v x_8) ^ (x_4 v x_13 v -x_3) ^ (x_0 v x_2 v -x_6) ^ (x_12 v -x_4 v -x_0) ^ (-x_12 v x_5 v -x_6) ^ (x_0 v -x_2 v -x_11) ^ (-x_1 v -x_2) ^ (x_11 v x_12 v -x_2) ^ (x_6 v x_12 v x_8) ^ (-x_9 v -x_4 v -x_8) ^ (x_0 v x_12) ^ (x_0 v -x_10 v -x_8) ^ (x_0 v -x_9 v x_8) ^ (-x_13 v x_2 v -x_6) ^ (x_12 v x_4 v x_5) ^ (x_0 v -x_12 v -x_5) ^ (-x_7 v -x_2 v -x_11) ^ (x_3 v x_12 v x_10) ^ (x_6 v -x_12 v -x_8) ^ (x_0 v x_13) ^ (-x_2 v -x_3 v -x_6) ^ (-x_11 v x_7 v -x_6) ^ (-x_9 v -x_2 v x_8) ^ (x_3 v -x_4 v -x_8) ^ (x_3 v x_1 v x_2) ^ (-x_7 v x_4 v -x_0) ^ (x_9 v -x_10 v -x_8)]
14,31,0.00091552734375,2.636620283126831,2.553553581237793,[(x_11 v -x_9 v -x_2) ^ (x_8 v x_5 v -x_6) ^ (x_3 v -x_7 v -x_5) ^ (x_12 v -x_2 v x_5) ^ (-x_1 v -x_4 v -x_6) ^ (x_0 v -x_9 v x_5) ^ (x_3 v -x_7 v x_5) ^ (x_9 v x_4 v -x_8) ^ (-x_7 v -x_2 v -x_0) ^ (x_0 v x_1 v -x_7) ^ (x_11 v x_5 v x_3) ^ (x_0 v -x_2) ^ (x_11 v -x_2 v x_13) ^ (x_3 v x_6 v -x_12) ^ (x_3 v x_5 v x_13) ^ (x_6 v -x_10 v x_8) ^ (x_4 v -x_8 v -x_3) ^ (x_10 v -x_5 v -x_13) ^ (x_9 v -x_10) ^ (-x_7 v x_4 v -x_6) ^ (-x_9 v -x_4 v x_8) ^ (-x_12 v x_13 v x_8) ^ (-x_11 v -x_13 v -x_0) ^ (-x_0 v -x_5 v -x_11) ^ (x_9 v x_10) ^ (x_0 v x_12 v x_8) ^ (x_12 v -x_7 v -x_8) ^ (-x_9 v -x_0) ^ (x_3 v -x_10) ^ (x_9 v -x_2 v x_5) ^ (x_11 v x_6)]
14,33,0.000732421875,2.746450662612915,2.436190605163574,[(x_11 v -x_13 v -x_8) ^ (-x_1 v x_6 v -x_0) ^ (x_3 v x_12 v -x_0) ^ (x_11 v x_6 v -x_7) ^ (-x_12 v -x_13 v -x_11) ^ (x_3 v -x_6) ^ (x_1 v -x_4 v -x_7) ^ (-x_1 v -x_12 v -x_3) ^ (x_3 v -x_4 v x_2) ^ (-x_12 v -x_3 v -x_0) ^ (x_1 v x_12 v -x_5) ^ (-x_9 v -x_7) ^ (-x_12 v x_9 v -x_0) ^ (x_1 v -x_7 v x_13) ^ (-x_7 v -x_5 v x_8) ^ (-x_12 v x_7 v x_5) ^ (x_0 v x_1 v x_13) ^ (x_11 v -x_8 v -x_6) ^ (x_6 v x_12 v -x_8) ^ (-x_9 v -x_10 v x_13) ^ (x_9 v x_7 v -x_3) ^ (x_12 v x_10 v x_4) ^ (x_1 v x_9 v -x_0) ^ (x_0 v x_2 v x_5) ^ (-x_12 v x_10 v -x_6) ^ (-x_4 v x_2 v -x_11) ^ (x_11 v -x_10 v -x_6) ^ (x_11 v -x_9 v -x_5) ^ (-x_1 v x_12 v -x_3) ^ (x_9 v x_7 v x_13) ^ (x_3 v x_10 v x_2) ^ (x_11 v -x_9 v x_7) ^ (-x_1 v -x_10 v -x_8)]
14,19,0.0006103515625,1.7639970779418945,2.2150449752807617,[(-x_9 v -x_6) ^ (-x_13 v -x_8 v -x_11) ^ (x_3 v -x_1 v -x_0) ^ (x_3 v x_12 v x_7) ^ (-x_7 v x_2 v x_13) ^ (-x_12 v x_9 v -x_8) ^ (-x_9 v -x_11) ^ (x_0 v -x_9 v -x_13) ^ (x_3 v x_1 v x_9) ^ (-x_1 v x_6 v x_2) ^ (-x_12 v x_4 v x_8) ^ (-x_9 v x_10 v x_7) ^ (-x_1 v x_4 v x_0) ^ (x_0 v x_8) ^ (-x_12 v -x_5 v -x_11) ^ (x_0 v x_10 v -x_2) ^ (x_1 v -x_10 v -x_6) ^ (-x_11 v x_2 v -x_0) ^ (x_3 v -x_1 v -x_4)]
14,42,0.0009765625,3.581909656524658,2.466799736022949,[(-x_9 v x_7 v -x_0) ^ (x_11 v x_2 v -x_13) ^ (x_1 v -x_7 v -x_13) ^ (x_0 v x_2 v -x_11) ^ (x_10 v -x_0) ^ (-x_1 v x_6 v x_7) ^ (-x_12 v -x_5 v x_7) ^ (x_3 v -x_10 v x_2) ^ (-x_12 v x_1 v -x_10) ^ (-x_0 v -x_13 v -x_3) ^ (-x_12 v x_10 v x_4) ^ (x_12 v x_10 v x_8) ^ (-x_12 v x_13 v -x_6) ^ (-x_7 v -x_5 v -x_6) ^ (-x_9 v -x_4 v -x_10) ^ (x_6 v x_7 v -x_3) ^ (x_9 v -x_4 v x_2) ^ (x_1 v x_12 v -x_11) ^ (x_3 v x_10 v -x_13) ^ (x_0 v x_12 v x_10) ^ (-x_11 v x_7 v -x_3) ^ (-x_7 v x_4 v x_5) ^ (-x_1 v x_12 v -x_13) ^ (x_10 v -x_5 v -x_0) ^ (-x_1 v x_7 v -x_8) ^ (x_11 v x_9 v x_7) ^ (x_9 v x_2 v -x_13) ^ (x_0 v x_4 v x_8) ^ (x_12 v -x_10 v x_8) ^ (-x_2 v x_5 v x_8) ^ (x_0 v x_13 v -x_8) ^ (-x_12 v -x_8 v -x_0) ^ (-x_12 v -x_4 v -x_8) ^ (x_0 v x_7 v -x_2) ^ (-x_1 v x_12 v -x_10) ^ (-x_10 v x_7 v x_2) ^ (x_3 v -x_4 v -x_6) ^ (-x_9 v x_8 v -x_11) ^ (-x_5 v x_2 v -x_8) ^ (x_11 v x_9 v -x_8) ^ (-x_11 v x_7 v -x_0) ^ (-x_2 v -x_3)]
14,37,0.00091552734375,3.6136815547943115,2.494776725769043,[(-x_9 v -x_6) ^ (-x_0 v -x_3) ^ (x_11 v -x_13 v -x_3) ^ (-x_1 v x_13 v -x_11) ^ (-x_13 v -x_7 v x_5) ^ (-x_12 v -x_3 v -x_0) ^ (x_3 v -x_5 v x_8) ^ (-x_8 v -x_0) ^ (x_4 v -x_13 v -x_6) ^ (x_12 v -x_0) ^ (-x_5 v x_4) ^ (x_11 v x_10 v -x_6) ^ (x_8 v -x_13 v -x_3) ^ (-x_1 v x_9 v x_4) ^ (-x_4 v -x_2) ^ (x_0 v x_10 v x_13) ^ (-x_4 v x_9 v x_8) ^ (-x_9 v -x_7 v -x_8) ^ (-x_12 v -x_7 v -x_5) ^ (-x_10 v x_4 v -x_13) ^ (-x_9 v -x_4) ^ (x_9 v -x_3 v x_8) ^ (x_1 v x_4 v -x_5) ^ (x_9 v -x_4 v -x_10) ^ (-x_12 v -x_13 v -x_6) ^ (x_11 v x_12 v x_2) ^ (-x_9 v x_2 v x_8) ^ (x_11 v x_10 v -x_3) ^ (-x_12 v x_2 v -x_6) ^ (-x_9 v x_7 v -x_11) ^ (-x_4 v x_10 v -x_6) ^ (x_0 v -x_3) ^ (x_0 v x_9 v -x_10) ^ (x_0 v x_2 v -x_3) ^ (x_3 v x_9 v -x_8) ^ (-x_10 v -x_2 v -x_8) ^ (x_6 v -x_12 v -x_4)]
14,29,0.00079345703125,2.8222479820251465,2.3098325729370117,[(x_3 v -x_0) ^ (x_9 v x_13 v -x_6) ^ (-x_1 v -x_9 v x_8) ^ (-x_9 v x_10 v -x_13) ^ (x_12 v x_7) ^ (x_1 v x_12 v -x_5) ^ (x_6 v -x_5 v -x_8) ^ (x_3 v x_6 v x_8) ^ (x_11 v x_10 v -x_6) ^ (x_11 v x_10 v -x_13) ^ (x_6 v x_12 v -x_8) ^ (-x_1 v x_3) ^ (x_6 v -x_12 v -x_3) ^ (x_12 v x_9 v x_2) ^ (x_6 v x_1 v -x_3) ^ (x_0 v -x_13 v -x_6) ^ (x_1 v x_9 v x_10) ^ (x_7 v -x_13 v x_4) ^ (x_3 v x_1 v x_11) ^ (x_5 v x_7 v x_2) ^ (-x_9 v x_10 v -x_3) ^ (-x_12 v -x_10 v x_2) ^ (x_12 v -x_13 v -x_0) ^ (-x_1 v x_10 v x_7) ^ (x_3 v -x_4) ^ (x_12 v x_10 v -x_7) ^ (x_7 v x_5 v x_13) ^ (-x_1 v -x_7 v x_8) ^ (x_6 v -x_4 v x_9)]
14,41,0.00103759765625,3.475562572479248,2.396609306335449,[(x_11 v -x_5 v -x_2) ^ (x_6 v x_10 v -x_3) ^ (x_5 v -x_7 v x_2) ^ (x_11 v -x_4 v -x_2) ^ (x_3 v x_4 v x_5) ^ (x_0 v x_13 v -x_11) ^ (x_6 v -x_7 v x_4) ^ (-x_1 v -x_10 v -x_3) ^ (-x_7 v x_10 v x_4) ^ (x_7 v x_4) ^ (-x_12 v x_2 v -x_0) ^ (-x_4 v x_7 v x_13) ^ (x_6 v x_1 v -x_2) ^ (x_9 v x_13 v x_8) ^ (x_6 v -x_7 v -x_13) ^ (-x_9 v x_4 v -x_11) ^ (x_0 v -x_12) ^ (-x_12 v x_2 v x_8) ^ (-x_2 v -x_8 v -x_3) ^ (x_6 v -x_12 v x_9) ^ (x_11 v -x_2 v x_13) ^ (-x_0 v x_7 v -x_6) ^ (x_1 v -x_13 v -x_8) ^ (x_1 v x_9 v -x_0) ^ (x_3 v -x_5 v -x_2) ^ (-x_12 v x_1 v -x_13) ^ (x_11 v x_6 v -x_12) ^ (x_12 v -x_7 v -x_6) ^ (x_12 v x_7 v x_8) ^ (-x_13 v -x_4 v x_2) ^ (x_9 v -x_7 v -x_8) ^ (-x_0 v -x_5 v -x_11) ^ (-x_1 v -x_11) ^ (x_0 v -x_12 v -x_5) ^ (x_0 v -x_4 v -x_2) ^ (x_12 v x_2 v -x_6) ^ (-x_7 v x_4 v x_13) ^ (-x_9 v x_13 v -x_6) ^ (-x_12 v -x_13 v -x_8) ^ (-x_9 v x_12 v x_5) ^ (x_6 v x_4 v -x_8)]
14,33,0.00079345703125,2.9769034385681152,2.491000175476074,[(-x_1 v x_4 v x_13) ^ (x_11 v x_13) ^ (-x_9 v -x_7 v -x_5) ^ (x_10 v -x_8 v -x_11) ^ (x_4 v x_13 v x_8) ^ (-x_9 v -x_7 v -x_10) ^ (x_12 v -x_13 v -x_11) ^ (x_7 v -x_11) ^ (-x_4 v x_2 v -x_13) ^ (-x_1 v -x_12 v x_8) ^ (x_1 v -x_7 v x_2) ^ (-x_1 v x_7 v x_11) ^ (-x_12 v -x_10 v x_8) ^ (-x_1 v -x_7 v x_0) ^ (-x_11 v x_13 v -x_3) ^ (-x_11 v x_5 v x_8) ^ (x_12 v -x_5 v -x_8) ^ (x_11 v x_10 v x_2) ^ (x_3 v x_5 v x_13) ^ (x_1 v -x_9 v -x_2) ^ (-x_1 v x_7 v x_13) ^ (-x_1 v -x_9 v x_10) ^ (x_6 v x_12 v x_4) ^ (-x_9 v x_12 v x_7) ^ (x_3 v x_2 v x_13) ^ (x_9 v -x_5 v -x_13) ^ (x_12 v x_13 v -x_8) ^ (-x_9 v x_13 v -x_0) ^ (-x_10 v -x_13 v -x_3) ^ (x_3 v -x_10 v -x_8) ^ (x_11 v x_9 v x_13) ^ (-x_11 v -x_4 v -x_3) ^ (-x_1 v -x_7 v x_8)]
14,22,0.0006103515625,2.2886955738067627,2.3528318405151367,[(x_11 v x_1 v -x_6) ^ (-x_9 v -x_4 v -x_7) ^ (x_11 v x_9 v x_8) ^ (x_1 v -x_9 v -x_8) ^ (x_3 v x_12 v -x_5) ^ (-x_7 v -x_5 v x_8) ^ (-x_12 v x_5 v -x_6) ^ (x_3 v x_4 v x_11) ^ (x_0 v -x_12 v x_4) ^ (x_7 v x_2 v -x_8) ^ (-x_9 v -x_12 v -x_11) ^ (-x_0 v -x_9 v -x_11) ^ (-x_4 v x_12 v -x_5) ^ (x_12 v x_13) ^ (x_0 v -x_4 v x_9) ^ (x_10 v -x_2 v -x_3) ^ (-x_9 v x_5 v -x_3) ^ (x_1 v -x_9 v x_4) ^ (x_12 v x_2 v -x_11) ^ (x_12 v x_10 v -x_7) ^ (x_1 v x_10 v -x_3) ^ (x_1 v x_4 v -x_13)]
14,38,0.0008544921875,3.1665475368499756,2.4744062423706055,[(x_1 v -x_7 v -x_6) ^ (x_7 v x_5 v -x_3) ^ (-x_12 v -x_5 v -x_0) ^ (-x_7 v -x_3 v -x_6) ^ (x_3 v -x_1 v -x_0) ^ (-x_9 v x_12) ^ (-x_12 v -x_10 v -x_7) ^ (x_4 v x_5 v x_13) ^ (x_11 v x_9 v -x_4) ^ (x_12 v -x_2 v -x_10) ^ (x_6 v x_10 v x_2) ^ (x_3 v x_12 v x_0) ^ (-x_13 v x_1 v x_2) ^ (x_9 v -x_11) ^ (-x_1 v -x_12 v -x_5) ^ (-x_1 v -x_7 v x_4) ^ (x_8 v x_10 v -x_0) ^ (x_7 v x_2 v -x_3) ^ (x_11 v x_9 v -x_0) ^ (x_3 v x_13) ^ (-x_6 v -x_5 v x_4) ^ (x_1 v x_4 v x_2) ^ (x_1 v x_10 v -x_11) ^ (x_12 v x_9 v -x_13) ^ (x_0 v -x_9 v x_1) ^ (-x_12 v x_9 v x_13) ^ (-x_12 v -x_10 v -x_2) ^ (-x_4 v x_13 v -x_6) ^ (-x_12 v x_5) ^ (x_3 v x_1 v -x_7) ^ (-x_13 v x_7 v x_5) ^ (x_0 v x_1 v x_9) ^ (x_9 v x_2 v x_8) ^ (-x_9 v x_2) ^ (x_3 v -x_11 v -x_0) ^ (x_0 v -x_7 v x_10) ^ (-x_2 v x_13 v -x_0) ^ (-x_11 v x_2 v -x_0)]
14,24,0.0006103515625,1.9899530410766602,2.281039237976074,[(-x_10 v x_7 v -x_8) ^ (x_6 v x_12 v -x_3) ^ (-x_7 v x_13 v -x_0) ^ (-x_5 v x_2 v -x_3) ^ (x_3 v x_12 v -x_2) ^ (x_12 v -x_13 v -x_11) ^ (x_10 v -x_13 v -x_6) ^ (-x_12 v -x_7 v -x_10) ^ (-x_12 v x_13 v -x_6) ^ (-x_1 v -x_13 v -x_8) ^ (x_1 v -x_9 v -x_7) ^ (-x_4 v x_10 v x_5) ^ (x_6 v -x_5 v -x_3) ^ (x_11 v -x_7 v -x_2) ^ (x_3 v x_1 v -x_4) ^ (x_9 v -x_7 v -x_8) ^ (-x_9 v -x_4 v x_8) ^ (-x_2 v x_9 v -x_5) ^ (x_2 v x_7 v -x_13) ^ (-x_12 v -x_13) ^ (-x_6 v x_2 v -x_0) ^ (-x_6 v x_10 v -x_0) ^ (-x_10 v x_7 v x_2) ^ (x_0 v -x_10)]
14,30,0.00079345703125,2.547762393951416,2.366824150085449,[(-x_12 v -x_4 v -x_10) ^ (-x_9 v -x_5) ^ (-x_9 v x_12) ^ (-x_4 v x_2 v -x_3) ^ (-x_12 v -x_10 v x_5) ^ (x_7 v x_4) ^ (x_12 v x_9 v -x_5) ^ (x_12 v -x_2 v x_5) ^ (-x_12 v -x_10 v -x_3) ^ (x_0 v -x_2 v x_13) ^ (x_6 v -x_10 v -x_3) ^ (-x_1 v -x_13 v x_11) ^ (-x_1 v x_7 v -x_6) ^ (x_3 v -x_0 v x_11) ^ (x_1 v -x_9 v -x_2) ^ (-x_1 v x_6 v -x_4) ^ (-x_10 v x_2 v -x_8) ^ (x_3 v x_9 v x_2) ^ (-x_6 v x_2 v -x_0) ^ (x_10 v x_2 v x_7) ^ (x_1 v x_12 v x_13) ^ (-x_1 v x_10) ^ (-x_2 v -x_5 v -x_8) ^ (x_11 v -x_9 v -x_7) ^ (-x_5 v x_2 v -x_6) ^ (x_2 v -x_13 v x_8) ^ (x_3 v -x_10 v -x_13) ^ (x_12 v x_4 v -x_6) ^ (-x_4 v -x_10 v -x_11) ^ (x_3 v -x_7 v -x_8)]
14,31,0.0008544921875,2.5955071449279785,2.358035087585449,[(x_6 v x_7 v -x_13) ^ (x_2 v x_13 v -x_0) ^ (x_1 v -x_2 v -x_5) ^ (-x_0 v -x_8 v -x_3) ^ (x_9 v x_5 v -x_6) ^ (x_11 v x_1 v -x_2) ^ (x_4 v -x_13 v -x_6) ^ (-x_10 v x_5) ^ (-x_7 v -x_5 v x_2) ^ (x_6 v x_10 v x_8) ^ (x_2 v -x_11) ^ (-x_7 v x_2 v x_13) ^ (-x_4 v x_13) ^ (-x_9 v -x_10 v x_13) ^ (x_3 v -x_0 v -x_6) ^ (x_1 v x_10 v -x_6) ^ (-x_1 v x_10 v x_0) ^ (-x_9 v x_12 v x_2) ^ (-x_6 v -x_8 v -x_0) ^ (-x_1 v x_7 v x_8) ^ (x_10 v -x_13 v x_4) ^ (x_3 v x_1 v -x_7) ^ (x_6 v -x_4 v -x_2) ^ (x_6 v x_4 v -x_0) ^ (-x_10 v -x_2 v x_13) ^ (-x_7 v -x_6) ^ (-x_1 v -x_7 v -x_8) ^ (-x_1 v x_10 v -x_5) ^ (x_3 v x_10 v x_4) ^ (x_10 v x_13 v -x_8) ^ (-x_1 v -x_9 v -x_8)]
14,28,0.00079345703125,2.443199396133423,2.3031110763549805,[(x_3 v x_5 v x_11) ^ (x_11 v x_7 v x_5) ^ (x_11 v -x_2 v -x_8) ^ (x_10 v -x_2 v x_13) ^ (-x_6 v x_4 v -x_3) ^ (-x_6 v x_7 v -x_11) ^ (x_11 v -x_3) ^ (x_0 v -x_9 v -x_12) ^ (-x_5 v x_2 v x_4) ^ (x_3 v -x_4 v -x_0) ^ (x_1 v -x_2 v -x_11) ^ (x_11 v -x_12 v -x_7) ^ (-x_1 v -x_8 v -x_11) ^ (-x_5 v x_7) ^ (x_9 v -x_2) ^ (x_0 v -x_10 v x_5) ^ (x_7 v -x_8 v -x_6) ^ (x_6 v x_7 v x_8) ^ (-x_4 v x_13 v -x_6) ^ (x_9 v x_10 v -x_3) ^ (-x_10 v x_2 v x_8) ^ (x_11 v x_13 v x_8) ^ (x_1 v x_12) ^ (x_1 v x_7 v x_13) ^ (x_1 v -x_9 v -x_12) ^ (-x_9 v -x_10 v -x_3) ^ (x_0 v -x_4 v -x_3) ^ (x_9 v x_5)]
14,40,0.0008544921875,3.445012092590332,2.4732236862182617,[(-x_13 v -x_4 v x_5) ^ (-x_9 v -x_2 v -x_3) ^ (x_3 v -x_8 v -x_0) ^ (x_6 v x_2 v -x_8) ^ (-x_1 v x_12 v -x_5) ^ (-x_4 v x_10 v -x_3) ^ (x_0 v -x_12 v x_8) ^ (x_11 v -x_7 v x_4) ^ (-x_4 v x_9 v x_12) ^ (-x_1 v -x_7 v -x_5) ^ (-x_12 v x_7 v x_5) ^ (x_6 v -x_9) ^ (x_3 v -x_9 v x_13) ^ (-x_12 v x_2) ^ (-x_7 v x_13 v x_8) ^ (x_0 v x_9 v -x_11) ^ (x_11 v x_9 v x_5) ^ (x_1 v -x_4 v x_13) ^ (x_0 v x_6 v x_2) ^ (-x_1 v -x_13 v x_8) ^ (-x_7 v -x_2 v x_13) ^ (x_6 v x_1 v x_8) ^ (x_4 v x_2 v x_13) ^ (x_10 v -x_3 v x_4) ^ (-x_6 v x_7 v x_8) ^ (x_4 v -x_13 v -x_3) ^ (x_5 v x_13 v -x_11) ^ (x_11 v -x_7 v x_2) ^ (-x_1 v x_12 v x_13) ^ (x_9 v x_10 v -x_3) ^ (x_0 v -x_13) ^ (-x_12 v -x_9 v x_7) ^ (x_4 v x_2 v -x_11) ^ (-x_1 v x_5 v -x_3) ^ (-x_12 v -x_8 v -x_6) ^ (-x_13 v -x_8) ^ (x_6 v -x_9 v x_2) ^ (x_3 v x_13 v -x_11) ^ (-x_5 v x_13) ^ (x_3 v -x_2 v -x_13)]
14,19,0.0006103515625,1.6976747512817383,2.2535886764526367,[(-x_0 v -x_5 v -x_3) ^ (x_0 v -x_4 v x_10) ^ (-x_6 v x_2 v x_8) ^ (x_11 v x_12 v -x_10) ^ (x_3 v x_2 v -x_8) ^ (-x_10 v -x_5 v -x_11) ^ (x_6 v -x_5 v x_8) ^ (x_11 v -x_12 v x_9) ^ (x_0 v -x_2 v x_8) ^ (x_3 v -x_12 v x_11) ^ (-x_7 v x_10 v x_2) ^ (x_12 v -x_10 v x_13) ^ (-x_7 v x_2 v -x_6) ^ (x_12 v x_10 v -x_0) ^ (x_11 v x_13 v x_8) ^ (x_9 v -x_6) ^ (x_13 v x_8) ^ (-x_1 v x_6 v -x_11) ^ (x_1 v x_2 v -x_3)]
14,38,0.0009765625,3.1565964221954346,2.4862165451049805,[(x_12 v -x_2) ^ (-x_9 v -x_3 v -x_0) ^ (x_0 v -x_4 v x_10) ^ (x_13 v -x_8 v -x_3) ^ (x_3 v -x_12 v -x_11) ^ (x_4 v -x_8 v -x_6) ^ (x_0 v x_9) ^ (x_12 v x_7 v -x_6) ^ (x_9 v -x_2 v -x_3) ^ (-x_10 v x_7 v -x_11) ^ (x_11 v x_3) ^ (x_5 v -x_8) ^ (x_13 v -x_11) ^ (-x_10 v x_7 v -x_13) ^ (-x_4 v x_12 v x_13) ^ (x_1 v -x_2 v x_8) ^ (-x_9 v x_5 v -x_11) ^ (x_3 v x_9 v x_4) ^ (-x_11 v x_4 v -x_6) ^ (x_11 v x_1 v x_2) ^ (x_6 v -x_5 v x_7) ^ (x_6 v -x_10 v -x_3) ^ (x_9 v -x_4 v x_7) ^ (x_6 v -x_7 v -x_13) ^ (-x_7 v x_4) ^ (-x_5 v -x_7 v -x_2) ^ (-x_1 v x_10 v x_2) ^ (x_6 v -x_10 v -x_13) ^ (x_11 v x_4 v x_2) ^ (-x_2 v x_7 v -x_3) ^ (x_12 v x_10 v -x_6) ^ (x_11 v -x_4 v -x_7) ^ (x_11 v -x_9 v x_5) ^ (-x_7 v x_10 v -x_3) ^ (x_1 v x_10 v x_7) ^ (x_1 v -x_12 v x_11) ^ (-x_2 v -x_3) ^ (-x_8 v -x_3)]
14,30,0.00079345703125,2.5219943523406982,2.4265851974487305,[(-x_1 v -x_2 v -x_8) ^ (x_13 v -x_5 v x_7) ^ (x_11 v -x_12 v -x_3) ^ (-x_8 v x_13 v -x_6) ^ (x_3 v x_12 v -x_7) ^ (x_3 v -x_2 v x_7) ^ (x_12 v x_10 v x_13) ^ (x_1 v x_13 v x_8) ^ (x_3 v x_5 v x_2) ^ (x_11 v -x_12 v -x_0) ^ (x_1 v -x_2 v x_13) ^ (x_3 v -x_9 v x_13) ^ (x_5 v x_13 v -x_0) ^ (-x_12 v -x_5 v x_2) ^ (-x_9 v -x_11) ^ (-x_4 v x_10 v x_5) ^ (x_3 v x_5 v -x_13) ^ (x_11 v -x_5) ^ (-x_5 v -x_7 v -x_2) ^ (x_0 v x_5 v x_11) ^ (x_3 v x_7 v x_8) ^ (x_11 v x_4 v x_2) ^ (-x_7 v -x_10 v -x_0) ^ (-x_9 v -x_4 v -x_6) ^ (x_10 v x_13 v -x_6) ^ (x_0 v -x_10) ^ (-x_5 v -x_3 v -x_6) ^ (-x_1 v -x_12) ^ (-x_7 v -x_10 v x_13) ^ (x_3 v -x_4 v x_13)]
14,39,0.0008544921875,3.1367263793945312,2.385989189147949,[(x_3 v -x_5 v x_13) ^ (-x_1 v x_10 v -x_13) ^ (x_3 v x_4 v -x_0) ^ (x_12 v -x_2 v x_8) ^ (x_11 v x_4 v x_13) ^ (x_6 v x_5 v x_13) ^ (-x_0 v -x_7 v x_8) ^ (x_0 v -x_5 v -x_13) ^ (-x_12 v -x_4 v -x_13) ^ (x_0 v x_10 v -x_5) ^ (-x_12 v -x_11 v -x_3) ^ (-x_7 v -x_5 v -x_8) ^ (-x_1 v -x_2 v x_3) ^ (x_1 v -x_2 v -x_8) ^ (x_1 v -x_5 v x_13) ^ (x_0 v x_2 v x_11) ^ (x_11 v x_1 v x_8) ^ (x_9 v x_4) ^ (-x_12 v x_7 v -x_3) ^ (x_10 v -x_3) ^ (x_1 v x_12 v -x_11) ^ (x_3 v -x_9 v x_5) ^ (x_11 v -x_8 v -x_3) ^ (x_0 v x_5 v -x_6) ^ (-x_1 v -x_12 v -x_11) ^ (x_11 v x_2 v x_5) ^ (x_1 v -x_8 v -x_0) ^ (x_12 v x_2 v -x_3) ^ (-x_6 v -x_13 v x_8) ^ (x_9 v x_2 v x_13) ^ (-x_2 v -x_5 v -x_13) ^ (-x_2 v x_7) ^ (-x_9 v -x_10 v -x_2) ^ (-x_0 v -x_12 v -x_6) ^ (-x_12 v x_9 v -x_6) ^ (x_11 v x_9 v x_13) ^ (x_12 v x_4 v -x_0) ^ (x_1 v -x_5 v -x_6) ^ (x_0 v -x_1 v x_2)]
14,20,0.0006103515625,1.683210849761963,2.284701347351074,[(-x_1 v -x_2 v x_7) ^ (x_3 v -x_1 v -x_0) ^ (x_1 v x_7 v x_4) ^ (-x_5 v x_9 v x_10) ^ (x_12 v -x_10 v -x_6) ^ (x_3 v -x_9 v -x_13) ^ (-x_13 v -x_10 v x_2) ^ (-x_2 v x_10 v x_8) ^ (-x_10 v x_4 v -x_6) ^ (x_7 v x_2 v -x_8) ^ (-x_5 v -x_13 v -x_0) ^ (x_9 v -x_3 v -x_6) ^ (x_0 v x_5 v x_11) ^ (x_6 v x_7 v x_8) ^ (-x_4 v x_2 v -x_6) ^ (x_10 v -x_2 v x_3) ^ (-x_11 v -x_6 v -x_0) ^ (-x_2 v -x_5 v x_7) ^ (-x_2 v x_5 v -x_11) ^ (-x_1 v -x_4 v x_7)]
14,17,0.00048828125,1.4555325508117676,2.4602537155151367,[(x_6 v -x_5 v x_8) ^ (-x_0 v -x_4 v x_8) ^ (-x_12 v -x_10 v -x_3) ^ (x_4 v x_8) ^ (-x_12 v x_2 v -x_3) ^ (x_11 v -x_2 v x_0) ^ (-x_4 v x_7 v x_8) ^ (-x_9 v -x_12 v -x_4) ^ (-x_4 v x_12 v -x_8) ^ (-x_10 v -x_13 v -x_8) ^ (-x_9 v -x_8 v -x_3) ^ (x_1 v x_4 v x_13) ^ (x_1 v x_12 v -x_3) ^ (-x_12 v -x_4 v -x_7) ^ (-x_5 v -x_3 v x_4) ^ (x_3 v x_9 v -x_6) ^ (-x_7 v -x_5 v x_2)]
14,18,0.00048828125,1.5247223377227783,2.235102653503418,[(x_0 v x_6 v x_9) ^ (-x_4 v -x_2 v x_7) ^ (-x_2 v -x_11) ^ (-x_2 v x_7 v x_4) ^ (x_7 v x_5 v -x_0) ^ (x_6 v -x_13 v -x_3) ^ (x_1 v x_13 v -x_6) ^ (-x_10 v x_7 v x_13) ^ (x_9 v x_13) ^ (x_1 v -x_7 v -x_11) ^ (x_1 v x_5 v -x_8) ^ (-x_12 v -x_7 v x_5) ^ (-x_9 v -x_5 v -x_11) ^ (x_11 v -x_9 v x_1) ^ (x_0 v x_9 v -x_11) ^ (x_6 v -x_9 v -x_0) ^ (x_9 v x_10 v x_8) ^ (x_0 v -x_12 v x_11)]
14,22,0.0006103515625,1.8472673892974854,2.2893857955932617,[(-x_12 v -x_10 v -x_5) ^ (-x_0 v -x_2 v -x_3) ^ (-x_10 v x_7 v x_8) ^ (-x_13 v x_5) ^ (x_3 v x_8) ^ (x_1 v x_9 v -x_3) ^ (x_12 v -x_10 v -x_13) ^ (-x_10 v x_2 v -x_7) ^ (-x_6 v x_7 v -x_0) ^ (x_11 v x_9 v -x_3) ^ (-x_5 v -x_2 v x_4) ^ (-x_7 v x_4 v -x_6) ^ (-x_7 v -x_13) ^ (x_3 v -x_9 v x_1) ^ (-x_10 v x_7 v x_2) ^ (x_11 v -x_10 v -x_2) ^ (x_0 v x_9 v -x_5) ^ (x_3 v x_9 v x_10) ^ (-x_11 v x_5 v -x_0) ^ (-x_9 v x_1 v x_12) ^ (x_11 v -x_12 v x_13) ^ (x_1 v -x_9 v -x_5)]
14,21,0.00048828125,1.8025202751159668,2.224581718444824,[(-x_1 v x_6 v x_0) ^ (x_0 v x_10 v -x_6) ^ (-x_1 v -x_7 v x_4) ^ (x_9 v x_13 v -x_3) ^ (x_1 v x_13 v x_8) ^ (-x_1 v -x_6) ^ (x_3 v -x_7 v -x_0) ^ (-x_5 v x_7) ^ (-x_12 v x_1 v -x_2) ^ (-x_13 v -x_10 v x_5) ^ (-x_10 v x_8) ^ (x_0 v x_4 v -x_11) ^ (-x_6 v -x_13 v x_8) ^ (x_6 v x_5 v -x_11) ^ (-x_10 v x_13 v -x_6) ^ (x_0 v -x_7 v -x_10) ^ (-x_12 v -x_4 v x_7) ^ (x_1 v x_12 v x_13) ^ (-x_1 v -x_7 v -x_8) ^ (x_3 v x_1 v x_12) ^ (x_1 v x_10 v -x_3)]
14,39,0.000732421875,3.2164061069488525,2.496523857116699,[(x_1 v -x_7 v -x_6) ^ (x_6 v -x_7 v x_2) ^ (-x_0 v -x_2 v x_8) ^ (x_10 v x_2 v x_4) ^ (x_1 v x_12 v x_10) ^ (-x_1 v x_10 v x_5) ^ (x_8 v -x_2 v -x_6) ^ (-x_4 v -x_7) ^ (-x_9 v -x_12 v x_5) ^ (-x_9 v -x_7 v x_4) ^ (-x_12 v x_2 v -x_0) ^ (x_3 v x_5) ^ (-x_1 v -x_4 v x_13) ^ (x_6 v x_12 v -x_10) ^ (x_9 v -x_4 v -x_7) ^ (-x_3 v -x_6) ^ (x_11 v x_5 v -x_3) ^ (-x_9 v x_5 v -x_11) ^ (-x_7 v x_2) ^ (x_12 v -x_4 v x_13) ^ (-x_13 v -x_3 v -x_11) ^ (-x_11 v x_7 v x_8) ^ (x_3 v x_9 v x_7) ^ (x_3 v -x_5 v -x_2) ^ (-x_4 v -x_5 v -x_7) ^ (x_11 v x_6 v -x_12) ^ (-x_1 v x_4 v -x_8) ^ (-x_12 v -x_6 v -x_0) ^ (x_3 v x_4 v x_7) ^ (-x_2 v x_9 v -x_5) ^ (x_0 v x_6 v -x_12) ^ (-x_10 v x_13 v -x_11) ^ (-x_1 v x_7 v x_8) ^ (x_11 v x_9 v x_2) ^ (x_6 v x_7 v x_5) ^ (x_0 v x_6 v -x_13) ^ (-x_2 v x_13) ^ (x_11 v -x_4 v x_7) ^ (x_6 v -x_12 v -x_4)]
14,36,0.00079345703125,2.9372293949127197,2.338740348815918,[(-x_12 v -x_10 v -x_6) ^ (x_3 v -x_10 v x_8) ^ (x_1 v x_10 v -x_5) ^ (x_3 v -x_12 v -x_10) ^ (x_0 v -x_7 v -x_6) ^ (x_3 v -x_7 v x_8) ^ (x_1 v -x_10 v -x_2) ^ (-x_1 v x_5 v -x_0) ^ (x_3 v x_2 v -x_8) ^ (x_6 v x_9 v -x_13) ^ (x_0 v -x_1 v x_9) ^ (x_12 v -x_4 v -x_10) ^ (-x_0 v x_12 v -x_3) ^ (x_0 v x_10 v x_5) ^ (x_3 v x_12 v x_5) ^ (x_1 v -x_4 v -x_3) ^ (-x_9 v x_2 v -x_0) ^ (x_9 v -x_2 v -x_11) ^ (x_0 v x_10 v x_8) ^ (-x_9 v -x_5 v -x_13) ^ (-x_10 v x_4 v -x_13) ^ (x_1 v x_9) ^ (x_11 v x_9) ^ (-x_5 v x_13 v -x_8) ^ (x_12 v -x_10 v x_8) ^ (-x_10 v -x_5 v -x_7) ^ (x_0 v x_12 v -x_2) ^ (-x_9 v x_13 v -x_0) ^ (-x_1 v -x_11) ^ (-x_1 v x_6 v x_4) ^ (-x_12 v x_10 v x_5) ^ (x_9 v x_13 v -x_11) ^ (-x_12 v -x_7 v -x_11) ^ (x_1 v -x_5 v -x_6) ^ (x_3 v x_10 v -x_0) ^ (x_0 v -x_1 v x_7)]
14,39,0.0009765625,3.175049066543579,2.5189695358276367,[(x_3 v x_2 v x_5) ^ (-x_9 v -x_6) ^ (x_11 v x_12 v x_0) ^ (-x_2 v x_5 v -x_6) ^ (-x_1 v -x_2 v -x_3) ^ (x_13 v -x_6) ^ (-x_7 v x_10 v x_4) ^ (-x_1 v x_6 v x_7) ^ (x_11 v -x_3 v x_0) ^ (-x_6 v -x_8 v -x_3) ^ (x_9 v x_10 v x_13) ^ (-x_9 v x_7 v -x_3) ^ (-x_6 v -x_3 v x_8) ^ (x_1 v -x_2 v -x_6) ^ (x_12 v x_9 v -x_8) ^ (-x_1 v -x_13) ^ (x_3 v x_10 v -x_6) ^ (x_6 v x_9 v x_7) ^ (x_6 v -x_10 v -x_8) ^ (-x_4 v x_13 v -x_11) ^ (x_3 v -x_13 v x_8) ^ (x_8 v -x_13 v -x_6) ^ (-x_10 v x_8) ^ (-x_9 v -x_5 v -x_11) ^ (x_5 v x_13 v -x_11) ^ (x_11 v x_3 v -x_0) ^ (x_11 v -x_2 v x_7) ^ (x_11 v x_7 v -x_3) ^ (-x_12 v x_10 v -x_6) ^ (x_1 v x_10 v -x_8) ^ (x_11 v -x_10 v -x_13) ^ (-x_4 v x_13 v -x_0) ^ (x_11 v x_12 v -x_5) ^ (-x_9 v x_4 v -x_3) ^ (-x_10 v x_2) ^ (-x_12 v -x_13 v -x_8) ^ (-x_1 v x_9 v -x_7) ^ (x_0 v x_10) ^ (x_0 v x_7 v -x_3)]
14,39,0.0008544921875,3.1527435779571533,2.5213422775268555,[(x_3 v -x_10 v x_13) ^ (x_8 v -x_10 v -x_6) ^ (x_1 v x_13 v -x_0) ^ (x_0 v x_1 v -x_10) ^ (-x_12 v -x_4 v -x_13) ^ (x_9 v x_7 v x_5) ^ (x_11 v -x_10 v -x_3) ^ (-x_1 v x_12 v x_0) ^ (-x_5 v -x_8 v -x_0) ^ (x_11 v -x_9 v -x_13) ^ (x_2 v x_10 v -x_13) ^ (x_3 v x_4 v -x_11) ^ (-x_1 v -x_8 v -x_6) ^ (x_4 v x_8) ^ (-x_1 v x_11 v x_8) ^ (x_6 v x_10 v -x_13) ^ (x_1 v -x_5 v -x_3) ^ (x_6 v x_10 v -x_0) ^ (x_3 v -x_12 v x_4) ^ (x_6 v x_9 v -x_2) ^ (x_11 v x_1 v -x_4) ^ (x_3 v x_4 v -x_6) ^ (-x_1 v -x_13 v -x_6) ^ (x_11 v x_1 v x_10) ^ (-x_5 v x_13 v -x_8) ^ (x_3) ^ (-x_1 v x_10 v -x_8) ^ (x_7 v x_2 v -x_6) ^ (-x_1 v x_10 v x_2) ^ (x_11 v x_10 v x_7) ^ (x_9 v x_2 v x_13) ^ (x_2 v -x_8 v -x_3) ^ (x_6 v -x_10 v -x_5) ^ (-x_10 v x_13) ^ (-x_1 v -x_7 v -x_8) ^ (-x_9 v -x_2 v x_13) ^ (-x_1 v -x_2 v x_5) ^ (x_3 v -x_2 v -x_0) ^ (x_0 v x_7 v x_2)]
14,21,0.00067138671875,1.7303919792175293,2.270236015319824,[(x_3 v -x_12 v -x_10) ^ (x_0 v -x_12 v -x_6) ^ (-x_5 v x_9 v x_10) ^ (-x_12 v x_1 v x_9) ^ (-x_11 v -x_7 v -x_0) ^ (x_11 v x_9 v -x_0) ^ (-x_4 v -x_10 v -x_3) ^ (x_11 v -x_9) ^ (-x_2 v x_5 v -x_8) ^ (x_6 v -x_2 v x_13) ^ (x_11 v -x_2 v x_13) ^ (-x_12 v x_7 v -x_11) ^ (x_11 v x_13 v -x_8) ^ (x_6 v x_10 v x_4) ^ (x_3 v -x_2 v x_8) ^ (-x_1 v -x_7 v -x_3) ^ (-x_5 v x_10 v -x_6) ^ (-x_12 v x_9 v x_4) ^ (x_9 v -x_6) ^ (x_0 v x_9 v x_10) ^ (-x_1 v x_4 v -x_6)]
14,19,0.0006103515625,1.600860357284546,2.4268293380737305,[(x_9 v -x_4 v -x_6) ^ (-x_10 v x_5 v -x_6) ^ (x_9 v -x_2 v x_8) ^ (x_1 v -x_7 v x_13) ^ (-x_1 v x_13 v x_8) ^ (-x_10 v x_5) ^ (-x_1 v -x_9 v x_13) ^ (-x_9 v -x_4 v x_5) ^ (x_9 v x_13 v x_8) ^ (x_0 v -x_13 v -x_6) ^ (x_12 v -x_10 v x_13) ^ (x_4 v x_5 v x_7) ^ (-x_4 v -x_11) ^ (-x_1 v x_6 v -x_4) ^ (x_11 v x_5 v x_13) ^ (x_0 v x_10 v x_7) ^ (x_12 v x_2 v -x_6) ^ (-x_12 v -x_7 v -x_11) ^ (x_3 v -x_12 v x_13)]
14,39,0.00091552734375,3.293887138366699,2.523310661315918,[(x_5 v -x_6) ^ (x_3 v -x_8 v -x_0) ^ (x_7 v x_5 v -x_3) ^ (-x_12 v -x_5 v -x_0) ^ (-x_1 v -x_10 v x_8) ^ (x_1 v x_8) ^ (x_1 v -x_6) ^ (x_10 v -x_5 v x_8) ^ (x_3 v x_13 v x_8) ^ (x_6 v -x_4 v -x_0) ^ (-x_9 v -x_12 v x_5) ^ (-x_1 v -x_8 v -x_3) ^ (-x_6 v x_13 v -x_8) ^ (-x_9 v x_12 v x_8) ^ (x_0 v -x_2 v x_7) ^ (-x_5 v -x_2 v x_7) ^ (x_0 v -x_7 v -x_3) ^ (x_0 v -x_2 v x_13) ^ (-x_12 v -x_7 v -x_0) ^ (x_12 v x_9 v x_5) ^ (x_6 v x_12 v -x_8) ^ (x_9 v -x_5 v -x_0) ^ (x_12 v x_5 v -x_6) ^ (-x_1 v x_9 v -x_0) ^ (x_3 v -x_8 v -x_6) ^ (x_0 v -x_9 v x_13) ^ (-x_1 v x_7 v x_3) ^ (x_4 v x_2 v x_13) ^ (x_10 v -x_7 v -x_5) ^ (x_1 v x_5 v -x_11) ^ (-x_1 v -x_10 v -x_11) ^ (x_1 v x_10 v -x_8) ^ (-x_6 v x_2 v -x_0) ^ (x_10 v -x_5 v x_4) ^ (x_12 v x_4 v -x_11) ^ (x_6 v -x_7 v -x_3) ^ (x_11 v -x_8 v -x_0) ^ (-x_1 v -x_4 v x_12) ^ (-x_6 v x_13 v -x_0)]
14,18,0.0006103515625,1.6451959609985352,2.3820905685424805,[(x_3 v x_12 v x_4) ^ (x_3 v x_6 v -x_12) ^ (x_1 v -x_2 v x_13) ^ (x_12 v -x_10 v x_4) ^ (-x_2 v x_7 v -x_8) ^ (x_3 v -x_4 v -x_6) ^ (-x_5 v -x_2 v -x_6) ^ (x_3 v -x_1 v x_9) ^ (-x_4 v x_13 v -x_3) ^ (x_6 v -x_9 v x_7) ^ (x_6 v x_4 v x_5) ^ (-x_5 v -x_2) ^ (-x_1 v -x_2 v -x_0) ^ (-x_1 v -x_2 v -x_11) ^ (-x_2 v x_7 v -x_11) ^ (-x_10 v -x_5 v x_8) ^ (-x_12 v -x_7) ^ (x_1 v x_12 v x_8)]
14,28,0.0008544921875,2.5025789737701416,2.4585371017456055,[(x_6 v -x_9 v -x_5) ^ (x_6 v x_2 v -x_3) ^ (x_11 v -x_3 v -x_0) ^ (x_0 v -x_4 v x_5) ^ (x_6 v x_7 v -x_11) ^ (x_2 v -x_13 v -x_3) ^ (x_1 v -x_12 v x_13) ^ (x_6 v -x_9 v x_10) ^ (x_5 v x_2 v -x_3) ^ (x_0 v -x_2 v -x_13) ^ (x_11 v -x_9 v x_13) ^ (x_12 v x_2 v -x_7) ^ (x_12 v -x_10 v -x_13) ^ (x_9 v x_2 v -x_0) ^ (-x_1 v x_6 v x_2) ^ (x_10 v -x_5 v -x_6) ^ (x_0 v -x_9 v x_3) ^ (-x_1 v x_13 v -x_3) ^ (-x_1 v -x_9 v -x_12) ^ (x_12 v -x_5 v x_8) ^ (x_6 v x_10 v -x_11) ^ (-x_1 v x_7 v x_8) ^ (x_2 v x_13 v -x_3) ^ (-x_4 v x_7 v x_5) ^ (-x_9 v x_10 v -x_5) ^ (-x_12 v -x_4 v x_2) ^ (-x_1 v -x_7 v -x_8) ^ (x_11 v x_12 v -x_5)]
15,30,0.000396728515625,5.500855445861816,5.257510185241699,[(x_14 v x_1 v x_5) ^ (x_0 v -x_13 v -x_14) ^ (x_7 v x_2) ^ (x_11 v -x_1 v x_7) ^ (x_6 v x_12 v x_9) ^ (-x_4 v -x_10 v -x_7) ^ (x_11 v -x_7 v x_10) ^ (x_4 v x_2 v -x_3) ^ (x_12 v -x_10 v -x_7) ^ (-x_4 v -x_7 v x_8) ^ (-x_14 v -x_3 v -x_11) ^ (-x_12 v x_9 v x_7) ^ (x_3 v x_10 v -x_13) ^ (x_13 v x_10 v x_7) ^ (x_12 v x_7 v -x_8) ^ (-x_7 v x_10) ^ (-x_9 v -x_4) ^ (x_1 v x_6 v -x_9) ^ (x_1 v x_9 v -x_5) ^ (x_11 v -x_9 v -x_6) ^ (-x_1 v -x_4) ^ (x_14 v x_5 v -x_11) ^ (x_9 v x_12 v -x_10) ^ (x_3 v x_5 v x_8) ^ (-x_12 v x_2 v x_5) ^ (x_3 v -x_12 v -x_13) ^ (x_11 v x_13 v -x_6) ^ (x_14 v x_5 v x_11) ^ (x_6 v -x_9 v x_2) ^ (x_14 v -x_10 v -x_11)]
15,19,0.000274658203125,3.191328763961792,5.075861930847168,[(x_3 v -x_10 v x_8) ^ (x_3 v -x_0) ^ (x_5 v -x_9 v x_2) ^ (x_3 v x_7 v -x_13) ^ (x_14 v x_2) ^ (x_9 v -x_11) ^ (-x_0 v -x_8 v -x_6) ^ (x_14 v -x_7 v -x_13) ^ (-x_12 v x_1 v x_5) ^ (x_5 v x_2 v -x_14) ^ (-x_10 v x_13 v -x_3) ^ (x_11 v -x_9 v -x_6) ^ (x_0 v -x_7 v -x_14) ^ (-x_12 v -x_4 v -x_7) ^ (-x_10 v -x_5 v x_4) ^ (-x_1 v x_3 v -x_0) ^ (x_11 v x_9 v -x_13) ^ (x_7 v x_8) ^ (x_0 v -x_5 v -x_11)]
15,44,0.000457763671875,8.09867787361145,5.3011579513549805,[(-x_1 v x_6 v x_11) ^ (x_3 v x_4 v x_5) ^ (-x_4 v x_10 v x_7) ^ (x_3 v x_13 v -x_14) ^ (-x_9 v -x_10 v x_5) ^ (x_14 v -x_0 v x_8) ^ (x_4 v x_5 v -x_8) ^ (x_14 v -x_9 v x_5) ^ (x_14 v -x_2 v -x_0) ^ (x_14 v x_6 v -x_11) ^ (x_1 v -x_10 v -x_8) ^ (x_1 v -x_2 v x_7) ^ (x_0 v x_7 v -x_14) ^ (-x_4 v x_12 v -x_14) ^ (-x_10 v x_4 v -x_0) ^ (-x_7 v x_4 v -x_8) ^ (x_0 v x_14) ^ (x_3 v x_9 v x_11) ^ (x_14 v -x_7 v -x_2) ^ (x_7 v x_2 v -x_8) ^ (x_11 v x_4 v -x_6) ^ (x_6 v x_1 v -x_3) ^ (-x_9 v x_12 v -x_2) ^ (-x_1 v -x_13 v -x_6) ^ (-x_1 v -x_2) ^ (x_0 v x_3 v -x_8) ^ (x_12 v x_10 v -x_14) ^ (-x_9 v -x_4) ^ (x_3 v x_4 v -x_14) ^ (x_1 v -x_4 v -x_14) ^ (x_14 v x_5 v x_13) ^ (x_0 v x_6 v -x_12) ^ (x_3 v x_9 v -x_10) ^ (x_2 v -x_3) ^ (x_10 v x_7) ^ (x_6 v -x_13 v -x_3) ^ (x_6 v -x_10 v x_13) ^ (x_9 v x_12 v x_7) ^ (x_7 v x_13 v -x_14) ^ (x_12 v x_10 v -x_11) ^ (x_6 v x_9 v x_10) ^ (x_1 v x_2 v x_13) ^ (x_3 v -x_2 v -x_0) ^ (-x_1 v -x_10 v x_2)]
15,38,0.000396728515625,7.1160008907318115,5.537379264831543,[(-x_12 v x_10 v x_13) ^ (x_9 v -x_2 v -x_13) ^ (-x_9 v -x_6) ^ (-x_2 v x_8) ^ (x_4 v x_13) ^ (x_1 v x_9 v x_13) ^ (-x_7 v x_10 v x_4) ^ (-x_2 v -x_3 v x_4) ^ (-x_10 v x_4 v x_7) ^ (x_10 v -x_13 v -x_11) ^ (-x_12 v -x_2) ^ (-x_1 v -x_7 v -x_14) ^ (-x_7 v x_4 v -x_8) ^ (-x_4 v -x_2 v -x_14) ^ (x_14 v -x_9 v -x_11) ^ (x_6 v -x_10 v -x_2) ^ (x_12 v -x_5 v x_7) ^ (-x_1 v x_6 v -x_2) ^ (x_3 v x_1 v -x_5) ^ (-x_12 v -x_4 v -x_11) ^ (-x_5 v -x_13 v -x_0) ^ (-x_10 v -x_13 v -x_0) ^ (x_9 v -x_6 v -x_0) ^ (-x_7 v -x_13 v -x_8) ^ (x_12 v -x_7 v -x_0) ^ (x_6 v -x_9 v x_13) ^ (-x_9 v -x_4 v x_8) ^ (-x_14 v x_13 v -x_6) ^ (x_11 v -x_9 v x_10) ^ (x_14 v x_12 v x_11) ^ (x_11 v -x_12 v -x_13) ^ (x_1 v -x_7 v -x_11) ^ (x_6 v -x_9 v -x_14) ^ (-x_9 v x_1 v x_12) ^ (-x_9 v -x_10 v -x_14) ^ (-x_10 v x_4 v x_2) ^ (x_14 v -x_9 v -x_3) ^ (x_0 v -x_5 v -x_11)]
15,33,0.00042724609375,6.039277076721191,5.198580741882324,[(-x_1 v x_6 v -x_7) ^ (x_4 v -x_13 v -x_11) ^ (-x_9 v x_12) ^ (x_12 v -x_6 v x_8) ^ (x_1 v x_9 v x_7) ^ (-x_1 v -x_14 v -x_0) ^ (-x_7 v -x_5 v -x_3) ^ (x_14 v -x_12 v -x_2) ^ (x_1 v -x_2 v x_7) ^ (-x_12 v x_9 v -x_14) ^ (x_3 v -x_10 v -x_11) ^ (x_3 v -x_4 v x_9) ^ (x_11 v -x_10 v x_5) ^ (x_3 v x_1 v x_8) ^ (-x_12 v -x_7 v -x_0) ^ (x_4 v -x_13 v -x_14) ^ (x_11 v x_6 v x_9) ^ (x_12 v x_4 v -x_7) ^ (-x_1 v -x_4 v -x_14) ^ (x_6 v -x_5 v x_2) ^ (x_0 v x_5 v -x_6) ^ (-x_9 v x_10 v x_7) ^ (-x_0 v x_10 v -x_14) ^ (-x_1 v x_2 v x_5) ^ (-x_1 v -x_2 v -x_0) ^ (x_7 v -x_8 v -x_0) ^ (x_10 v -x_8 v -x_3) ^ (-x_1 v x_10) ^ (x_11 v -x_12) ^ (-x_1 v x_7 v x_14) ^ (-x_11 v -x_4 v -x_14) ^ (x_11 v x_9 v x_13) ^ (-x_12 v -x_7 v x_4)]
15,40,0.000457763671875,8.990348100662231,5.487719535827637,[(x_9 v -x_10 v -x_7) ^ (x_11 v -x_2 v -x_8) ^ (x_10 v x_13 v x_8) ^ (-x_9 v -x_4 v -x_14) ^ (x_0 v -x_5 v -x_14) ^ (x_11 v -x_0 v x_8) ^ (x_11 v -x_4 v -x_5) ^ (x_8 v -x_13 v -x_0) ^ (x_0 v x_1 v -x_13) ^ (-x_10 v x_2 v -x_3) ^ (-x_11 v x_5 v -x_3) ^ (-x_12 v -x_14) ^ (-x_14 v -x_13 v -x_11) ^ (x_1 v x_13) ^ (x_11 v -x_5 v x_4) ^ (x_5 v -x_8 v -x_0) ^ (x_14 v -x_10 v -x_13) ^ (x_14 v -x_4 v -x_11) ^ (x_3 v x_10 v -x_6) ^ (x_6 v -x_2 v -x_13) ^ (x_0 v -x_1 v -x_10) ^ (x_6 v -x_10) ^ (x_12 v -x_10 v -x_3) ^ (-x_12 v -x_8 v -x_11) ^ (x_11 v x_12 v -x_8) ^ (x_6 v -x_5 v -x_3) ^ (x_11 v x_12 v -x_2) ^ (x_1 v x_12 v -x_7) ^ (x_3 v x_12 v -x_8) ^ (-x_13 v -x_0) ^ (x_2 v x_13) ^ (x_9 v -x_4 v -x_10) ^ (x_4 v -x_8 v -x_3) ^ (x_11 v x_13 v -x_3) ^ (-x_1 v -x_4 v x_2) ^ (x_2 v x_13 v -x_3) ^ (-x_5 v -x_13 v -x_11) ^ (-x_7 v -x_2 v x_5) ^ (x_14 v -x_8 v -x_0) ^ (-x_11 v x_9 v x_8)]
15,23,0.000335693359375,4.38753342628479,5.375140190124512,[(x_6 v x_4 v x_8) ^ (-x_10 v -x_13 v -x_8) ^ (x_14 v x_6 v -x_5) ^ (-x_4 v x_5 v x_8) ^ (-x_1 v x_13 v x_8) ^ (-x_12 v -x_5 v -x_13) ^ (-x_1 v -x_13 v -x_8) ^ (-x_7 v x_13 v x_8) ^ (x_6 v -x_5 v -x_2) ^ (-x_4 v x_9 v x_8) ^ (x_4 v -x_13 v -x_8) ^ (x_3 v x_1 v -x_5) ^ (x_11 v -x_5 v x_0) ^ (-x_11 v x_2 v x_8) ^ (x_14 v x_9 v -x_5) ^ (x_11 v -x_10 v -x_13) ^ (-x_1 v -x_4 v -x_0) ^ (-x_1 v x_12 v -x_10) ^ (x_10 v x_13 v -x_11) ^ (x_0 v -x_11 v -x_3) ^ (-x_1 v -x_5 v x_8) ^ (-x_12 v -x_13 v -x_8) ^ (x_6 v -x_9 v -x_3)]
15,45,0.00048828125,8.384503841400146,5.271822929382324,[(-x_4 v x_9 v -x_3) ^ (-x_9 v -x_12 v -x_3) ^ (-x_14 v -x_6) ^ (-x_7 v -x_10 v -x_8) ^ (x_14 v x_7 v x_13) ^ (-x_1 v x_7 v -x_0) ^ (x_12 v -x_8 v -x_6) ^ (x_9 v x_4 v x_2) ^ (-x_12 v -x_4 v x_10) ^ (x_12 v x_5 v -x_3) ^ (x_11 v x_6 v x_7) ^ (x_14 v -x_10 v -x_5) ^ (x_14 v -x_9 v -x_13) ^ (x_14 v x_9 v x_4) ^ (x_0 v -x_4 v -x_6) ^ (x_5 v -x_3 v x_8) ^ (x_7 v x_13 v -x_8) ^ (x_3 v -x_5 v x_11) ^ (x_6 v -x_10 v -x_3) ^ (x_1 v -x_13 v -x_0) ^ (x_8 v x_4 v -x_3) ^ (x_3 v -x_9 v x_8) ^ (-x_4 v x_5 v -x_3) ^ (x_6 v x_10 v x_13) ^ (-x_9 v -x_6 v -x_14) ^ (-x_9 v x_1 v -x_10) ^ (x_11 v -x_12 v -x_10) ^ (x_3 v x_4 v -x_8) ^ (x_10 v x_7 v -x_0) ^ (x_4 v x_2 v x_13) ^ (-x_13 v x_2 v -x_11) ^ (x_14 v -x_7 v x_3) ^ (x_11 v x_7 v x_8) ^ (x_3 v -x_2 v x_8) ^ (x_12 v x_8) ^ (-x_1 v x_10 v -x_8) ^ (-x_1 v x_12 v x_13) ^ (x_9 v x_12 v -x_10) ^ (x_11 v x_2 v x_8) ^ (x_10 v x_2 v -x_8) ^ (-x_4 v x_2 v -x_6) ^ (x_3 v x_1 v -x_7) ^ (-x_1 v -x_4 v x_5) ^ (x_6 v -x_9 v x_2) ^ (x_0 v x_7 v -x_3)]
15,41,0.000518798828125,7.601329803466797,5.118556022644043,[(x_11 v -x_4 v -x_2) ^ (-x_12 v -x_5 v -x_0) ^ (x_14 v x_4 v -x_3) ^ (x_1 v x_9 v -x_7) ^ (-x_0 v x_7 v -x_14) ^ (x_6 v x_2 v x_13) ^ (x_4 v x_13 v x_8) ^ (-x_12 v -x_7 v -x_2) ^ (x_14 v -x_4) ^ (-x_5 v x_13 v -x_0) ^ (x_12 v -x_8 v -x_3) ^ (x_0 v -x_4 v -x_13) ^ (-x_1 v -x_2 v -x_14) ^ (x_14 v -x_7 v x_13) ^ (x_10 v -x_2 v x_11) ^ (x_11 v x_1 v x_3) ^ (x_1 v -x_7 v -x_10) ^ (x_12 v x_5) ^ (x_11 v -x_12 v -x_10) ^ (-x_9 v -x_3 v -x_14) ^ (x_6 v x_1 v x_13) ^ (x_14 v -x_1) ^ (x_14 v x_10 v -x_11) ^ (x_0 v -x_11 v -x_14) ^ (x_9 v x_10 v -x_8) ^ (x_9 v -x_4 v -x_10) ^ (-x_10 v x_2 v -x_8) ^ (x_9 v -x_10) ^ (x_3 v x_6 v x_5) ^ (x_1 v x_10 v -x_14) ^ (x_11 v -x_10 v -x_8) ^ (-x_7 v x_5 v -x_0) ^ (x_0 v x_10 v -x_2) ^ (x_14 v x_4 v x_5) ^ (x_9 v -x_7 v -x_6) ^ (x_12 v -x_13 v -x_0) ^ (x_12 v x_2 v x_5) ^ (x_3 v x_13 v -x_6) ^ (x_12 v x_4 v -x_6) ^ (x_12 v -x_2 v x_13) ^ (x_1 v -x_4 v -x_5)]
15,22,0.00030517578125,4.238800764083862,4.976000785827637,[(-x_1 v x_6 v -x_7) ^ (-x_0 v -x_13 v x_8) ^ (-x_1 v -x_12 v -x_3) ^ (x_10 v -x_2 v -x_6) ^ (x_14 v -x_1 v -x_2) ^ (x_6 v x_2 v x_13) ^ (x_3 v -x_8 v x_0) ^ (x_6 v x_1) ^ (-x_12 v -x_6 v -x_14) ^ (x_9 v -x_10 v x_5) ^ (-x_12 v x_7 v -x_3) ^ (-x_1 v x_4 v x_11) ^ (-x_11 v -x_5 v -x_3) ^ (-x_14 v -x_3 v -x_6) ^ (x_0 v x_10 v x_4) ^ (-x_12 v x_5) ^ (x_5 v -x_13 v -x_0) ^ (x_0 v x_12 v -x_2) ^ (-x_4 v x_7 v -x_0) ^ (x_0 v x_12 v -x_14) ^ (x_10 v x_2 v x_8) ^ (-x_9 v x_13 v -x_6)]
15,17,0.000274658203125,4.025028467178345,4.970477104187012,[(x_3 v x_7 v x_4) ^ (-x_12 v -x_4 v -x_11) ^ (-x_7 v -x_2 v -x_13) ^ (-x_12 v -x_14 v -x_6) ^ (-x_12 v -x_7 v x_8) ^ (-x_1 v x_9) ^ (x_12 v x_13 v x_8) ^ (x_0 v x_2 v x_8) ^ (-x_1 v -x_9 v x_0) ^ (x_14 v -x_12 v x_10) ^ (x_6 v -x_10 v x_5) ^ (-x_12 v x_8 v -x_14) ^ (-x_12 v x_1 v x_9) ^ (x_12 v x_9 v -x_7) ^ (-x_1 v x_6 v -x_4) ^ (-x_10 v -x_8) ^ (x_3 v x_2 v x_0)]
15,41,0.000457763671875,8.096620798110962,5.350436210632324,[(x_12 v -x_7 v x_8) ^ (-x_10 v -x_13 v -x_6) ^ (x_6 v x_2 v -x_13) ^ (-x_7 v x_10 v -x_14) ^ (x_4 v x_2 v -x_8) ^ (x_11 v -x_5 v x_2) ^ (x_12 v x_2) ^ (-x_2 v -x_8 v x_4) ^ (-x_4 v -x_10 v -x_8) ^ (-x_5 v x_7 v x_4) ^ (-x_1 v x_13 v x_8) ^ (x_0 v -x_11 v -x_6) ^ (x_14 v -x_4) ^ (-x_5 v x_13 v -x_0) ^ (-x_0 v -x_9 v -x_3) ^ (-x_4 v -x_14 v -x_6) ^ (-x_2 v x_5 v -x_0) ^ (x_6 v x_9 v -x_7) ^ (-x_9 v x_8) ^ (x_11 v x_12 v -x_13) ^ (x_9 v x_5 v x_13) ^ (-x_9 v x_12 v -x_2) ^ (x_12 v x_5) ^ (-x_7 v -x_14 v x_8) ^ (x_6 v x_9 v x_2) ^ (x_1 v -x_13 v -x_8) ^ (x_3 v -x_5 v x_7) ^ (x_12 v -x_11) ^ (x_12 v x_2 v -x_3) ^ (-x_9 v -x_4 v x_8) ^ (-x_1 v -x_10 v x_4) ^ (x_2 v x_13 v -x_3) ^ (x_11 v -x_5 v -x_3) ^ (x_7 v -x_13 v -x_8) ^ (-x_12 v -x_4 v x_2) ^ (x_9 v x_13 v -x_11) ^ (-x_10 v x_7 v x_2) ^ (-x_1 v -x_10 v -x_14) ^ (x_3 v x_10 v x_4) ^ (x_10 v x_13 v -x_8) ^ (x_0 v x_4 v -x_13)]
15,24,0.0003662109375,4.636256217956543,5.310595512390137,[(x_9 v -x_5 v -x_7) ^ (x_14 v -x_12 v -x_4) ^ (x_3 v -x_4 v x_8) ^ (x_11 v x_8) ^ (x_12 v -x_10 v -x_0) ^ (-x_11 v -x_2 v -x_6) ^ (x_4 v x_13 v -x_3) ^ (x_0 v -x_10 v -x_3) ^ (x_3 v x_7 v x_14) ^ (x_1 v -x_12 v -x_3) ^ (x_14 v x_1 v -x_4) ^ (-x_5 v -x_2) ^ (-x_9 v -x_5 v x_8) ^ (x_0 v x_3 v -x_8) ^ (x_3 v x_12 v x_13) ^ (x_11 v x_6 v -x_5) ^ (x_11 v x_8 v x_0) ^ (x_0 v -x_12 v -x_3) ^ (-x_4 v x_5 v -x_6) ^ (-x_11 v -x_10 v -x_14) ^ (x_8 v x_13 v -x_0) ^ (-x_1 v -x_5 v x_8) ^ (x_0 v x_7 v -x_3) ^ (x_10 v -x_2 v x_11)]
15,37,0.00042724609375,6.838486909866333,5.3704023361206055,[(-x_0 v -x_2 v -x_14) ^ (x_5 v -x_13 v -x_6) ^ (x_2 v -x_6) ^ (x_1 v -x_4 v -x_8) ^ (-x_4 v -x_13 v -x_14) ^ (x_4 v x_2 v x_8) ^ (x_9 v x_5 v -x_8) ^ (x_3 v x_2 v x_8) ^ (x_14 v x_1 v -x_4) ^ (-x_12 v -x_4) ^ (-x_2 v -x_6) ^ (-x_9 v x_12 v -x_6) ^ (x_3 v -x_12 v -x_6) ^ (x_14 v x_7 v -x_0) ^ (-x_1 v x_4 v -x_11) ^ (x_12 v x_7 v -x_14) ^ (-x_9 v x_4 v -x_11) ^ (-x_9 v x_5 v -x_14) ^ (-x_7 v x_10) ^ (x_12 v -x_5 v -x_8) ^ (-x_1 v -x_4) ^ (-x_4 v -x_6) ^ (-x_9 v x_1 v -x_13) ^ (x_11 v -x_13 v x_2) ^ (x_1 v x_12 v -x_13) ^ (x_14 v x_12 v -x_11) ^ (x_14 v -x_12 v -x_13) ^ (x_12 v x_10 v -x_0) ^ (-x_7 v -x_2 v -x_10) ^ (-x_12 v x_2 v -x_6) ^ (-x_12 v -x_14 v -x_3) ^ (x_8 v -x_5 v -x_14) ^ (x_11 v -x_1 v -x_4) ^ (x_6 v -x_4 v x_2) ^ (x_14 v x_13 v -x_8) ^ (-x_5 v -x_14) ^ (-x_1 v -x_4 v x_12)]
15,37,0.000396728515625,6.766037464141846,5.128504753112793,[(x_5 v -x_6) ^ (x_0 v -x_6 v -x_3) ^ (x_1 v -x_4 v x_10) ^ (-x_10 v x_7) ^ (x_14 v -x_1 v -x_7) ^ (x_0 v -x_12 v -x_6) ^ (-x_9 v x_4 v x_5) ^ (x_14 v -x_11 v -x_0) ^ (x_14 v -x_5 v x_11) ^ (x_9 v -x_11) ^ (x_3 v -x_7 v -x_5) ^ (x_0 v x_6) ^ (x_3 v -x_12 v x_11) ^ (-x_9 v -x_5 v -x_6) ^ (x_12 v -x_5 v -x_7) ^ (x_14 v x_6 v -x_13) ^ (x_3 v x_6 v -x_9) ^ (x_0 v x_6 v -x_9) ^ (x_11 v x_9 v -x_7) ^ (-x_1 v -x_8 v -x_0) ^ (-x_7 v -x_10 v x_4) ^ (-x_10 v -x_8) ^ (-x_9 v x_12 v -x_14) ^ (-x_12 v x_8 v -x_0) ^ (-x_9 v -x_14 v -x_6) ^ (x_9 v x_7 v -x_13) ^ (-x_10 v x_2 v -x_8) ^ (x_12 v x_10 v -x_0) ^ (x_10 v x_7) ^ (-x_0 v x_7 v -x_3) ^ (-x_12 v x_8) ^ (x_4 v x_5) ^ (x_4 v x_5 v -x_6) ^ (-x_10 v x_2 v -x_0) ^ (-x_1 v -x_7 v -x_14) ^ (x_0 v -x_5 v -x_11) ^ (-x_1 v x_10 v x_3)]
15,30,0.000335693359375,6.6722822189331055,5.275210380554199,[(-x_1 v x_9 v x_13) ^ (x_3 v -x_1 v -x_6) ^ (x_9 v x_4 v x_2) ^ (x_1 v x_9 v -x_6) ^ (-x_10 v -x_14 v -x_0) ^ (-x_1 v -x_10 v -x_3) ^ (-x_4 v x_12 v -x_14) ^ (-x_3 v -x_6) ^ (-x_10 v x_4 v -x_6) ^ (-x_9 v x_1) ^ (-x_1 v -x_12 v -x_0) ^ (x_12 v x_13 v -x_0) ^ (x_14 v -x_4 v -x_3) ^ (x_6 v -x_4 v x_8) ^ (x_11 v x_8 v -x_0) ^ (-x_13 v -x_11) ^ (x_14 v x_12 v -x_5) ^ (-x_1 v x_7 v -x_8) ^ (x_9 v x_10 v -x_7) ^ (x_11 v -x_13 v x_2) ^ (x_12 v x_9 v -x_4) ^ (-x_12 v x_2 v -x_11) ^ (x_3 v x_6 v x_7) ^ (x_3 v -x_11 v -x_6) ^ (-x_11 v -x_7 v x_8) ^ (-x_9 v -x_10 v -x_2) ^ (x_11 v -x_3 v -x_6) ^ (x_0 v x_2 v x_8) ^ (x_1 v x_4 v x_8) ^ (x_3 v x_4)]
15,31,0.000396728515625,5.696521997451782,5.289202690124512,[(-x_9 v x_7 v -x_0) ^ (x_0 v x_6 v x_1) ^ (x_14 v -x_7 v x_8) ^ (x_14 v -x_8 v -x_3) ^ (x_12 v x_7 v x_2) ^ (-x_10 v -x_13 v -x_7) ^ (x_6 v -x_3 v -x_11) ^ (x_8 v -x_10 v -x_3) ^ (x_4 v x_13 v x_8) ^ (x_10 v x_7 v x_8) ^ (x_1 v -x_9 v x_8) ^ (-x_9 v x_7 v x_8) ^ (-x_4 v x_12 v x_13) ^ (-x_1 v x_7 v -x_11) ^ (x_9 v -x_5 v -x_3) ^ (x_0 v -x_12 v x_2) ^ (-x_9 v -x_10 v -x_13) ^ (-x_1 v x_10 v -x_0) ^ (-x_1 v -x_9 v -x_10) ^ (x_11 v -x_13 v -x_14) ^ (-x_9 v -x_5 v -x_11) ^ (x_2 v x_13 v -x_14) ^ (-x_1 v -x_13 v -x_14) ^ (-x_9 v -x_14) ^ (-x_7 v x_5) ^ (x_3 v -x_9 v x_1) ^ (x_1 v x_2 v -x_8) ^ (x_3 v x_14) ^ (-x_11 v -x_14 v -x_6) ^ (x_0 v x_4 v -x_13) ^ (x_6 v -x_9 v -x_3)]
15,28,0.000396728515625,5.26695442199707,5.600817680358887,[(x_0 v x_6 v x_1) ^ (x_14 v -x_4 v -x_10) ^ (x_14 v -x_12 v -x_11) ^ (-x_1 v x_9 v x_7) ^ (x_12 v -x_4 v -x_11) ^ (x_6 v -x_4 v -x_5) ^ (x_14 v x_2 v x_13) ^ (x_9 v -x_10 v x_5) ^ (-x_7 v x_2) ^ (-x_13 v x_5 v -x_0) ^ (-x_12 v -x_5 v x_8) ^ (-x_1 v x_6 v -x_9) ^ (-x_1 v x_5 v -x_11) ^ (x_0 v x_12 v x_5) ^ (x_14 v -x_0 v -x_3) ^ (-x_0 v x_13 v -x_3) ^ (-x_1 v -x_7 v -x_3) ^ (x_5 v x_13) ^ (-x_9 v -x_2) ^ (-x_9 v -x_8 v -x_0) ^ (x_12 v -x_2 v -x_0) ^ (x_0 v x_9 v -x_7) ^ (-x_2 v -x_0) ^ (x_12 v x_10 v -x_6) ^ (x_3 v x_6 v x_0) ^ (-x_2 v -x_3 v -x_6) ^ (x_3 v -x_9 v -x_12) ^ (-x_12 v -x_4 v -x_11)]
15,45,0.00054931640625,8.874332189559937,4.935908317565918,[(x_1 v -x_7 v -x_6) ^ (-x_2 v x_10 v -x_0) ^ (x_9 v -x_10 v -x_7) ^ (-x_12 v x_5 v x_13) ^ (x_11 v -x_12 v -x_3) ^ (x_12 v -x_2) ^ (x_6 v x_12 v -x_3) ^ (x_1 v x_13 v -x_8) ^ (-x_7 v -x_8 v -x_14) ^ (x_7 v -x_3 v -x_6) ^ (-x_4 v x_10 v -x_0) ^ (x_1 v -x_10 v x_7) ^ (x_1 v -x_5 v x_2) ^ (x_1 v -x_4 v -x_13) ^ (x_3 v x_1 v x_13) ^ (x_11 v -x_10 v x_4) ^ (-x_4 v -x_2 v -x_14) ^ (x_11 v x_4 v -x_0) ^ (x_4 v -x_6) ^ (-x_6 v -x_5 v x_4) ^ (-x_4 v -x_3) ^ (-x_12 v x_9 v x_8) ^ (-x_7 v -x_2 v -x_0) ^ (x_0 v -x_1 v x_3) ^ (x_7 v -x_8 v -x_11) ^ (x_9 v -x_10 v -x_6) ^ (x_0 v -x_9 v x_1) ^ (-x_7 v -x_2 v -x_3) ^ (-x_1 v x_7 v -x_8) ^ (-x_5 v -x_8 v -x_6) ^ (x_0 v x_4 v x_8) ^ (x_11 v -x_2 v x_7) ^ (x_12 v x_13) ^ (x_14 v -x_12 v -x_13) ^ (-x_5 v x_10 v -x_11) ^ (x_1 v -x_7) ^ (x_0 v -x_7 v -x_10) ^ (-x_3 v x_13 v -x_11) ^ (-x_0 v -x_7 v -x_6) ^ (x_11 v x_12 v x_9) ^ (-x_0 v -x_13 v -x_14) ^ (x_9 v x_7 v -x_11) ^ (x_6 v -x_7 v -x_3) ^ (-x_1 v -x_6 v -x_14) ^ (-x_1 v -x_10 v -x_8)]
15,20,0.00030517578125,3.833225965499878,5.466692924499512,[(-x_4 v x_9 v -x_3) ^ (-x_2 v -x_8 v x_4) ^ (x_14 v x_12 v -x_10) ^ (x_6 v -x_11 v -x_14) ^ (x_4 v -x_8) ^ (x_12 v x_9 v -x_13) ^ (x_9 v x_2 v -x_6) ^ (x_6 v -x_9 v -x_13) ^ (-x_9 v x_12 v -x_7) ^ (x_3 v -x_13 v x_14) ^ (x_1 v x_5 v -x_11) ^ (-x_1 v -x_12 v -x_4) ^ (x_1 v x_10 v -x_14) ^ (x_6 v x_9 v x_5) ^ (x_0 v x_7) ^ (x_10 v -x_13 v -x_0) ^ (x_14 v -x_4 v x_2) ^ (-x_9 v x_5 v -x_3) ^ (-x_10 v -x_5 v x_7) ^ (x_14 v -x_10 v -x_11)]
15,36,0.000457763671875,6.416864395141602,5.245471000671387,[(-x_2 v -x_13 v x_4) ^ (-x_9 v -x_7 v x_2) ^ (x_3 v -x_12 v -x_10) ^ (-x_1 v -x_5 v x_2) ^ (x_8 v -x_7 v -x_0) ^ (x_0 v x_6 v x_8) ^ (-x_1 v -x_9 v -x_13) ^ (x_12 v x_5 v -x_8) ^ (x_7 v x_5 v -x_6) ^ (x_0 v -x_2 v x_7) ^ (x_6 v -x_10 v -x_0) ^ (x_0 v -x_2 v -x_3) ^ (-x_4 v -x_2 v -x_14) ^ (x_6 v x_2) ^ (-x_9 v -x_5 v -x_8) ^ (-x_12 v -x_10) ^ (x_12 v x_13 v -x_0) ^ (x_2 v -x_8 v -x_0) ^ (x_14 v x_3 v -x_6) ^ (x_3 v -x_7 v -x_0) ^ (x_11 v x_10 v -x_2) ^ (x_14 v -x_7 v x_2) ^ (x_14 v x_9 v x_8) ^ (-x_11 v x_10 v -x_14) ^ (-x_9 v x_4 v -x_0) ^ (x_9 v x_4 v -x_11) ^ (x_9 v x_7 v -x_13) ^ (x_10 v -x_8 v -x_14) ^ (x_14 v x_7 v x_11) ^ (x_14 v x_9 v -x_6) ^ (-x_1 v x_14 v -x_6) ^ (-x_11 v -x_13 v -x_3) ^ (-x_10 v -x_2 v x_13) ^ (x_1 v -x_7 v -x_3) ^ (-x_1 v -x_7) ^ (-x_1 v -x_10 v x_2)]
15,39,0.000518798828125,6.984100341796875,5.293200492858887,[(x_3 v -x_13 v x_0) ^ (-x_10 v x_7 v -x_3) ^ (x_10 v x_5 v -x_11) ^ (-x_0 v -x_5 v -x_3) ^ (x_10 v -x_2 v -x_6) ^ (x_0 v x_2 v -x_11) ^ (x_1 v -x_5 v x_8) ^ (-x_1 v x_12 v x_5) ^ (x_0 v -x_10 v x_7) ^ (x_3 v -x_9 v -x_13) ^ (x_12 v -x_3) ^ (x_11 v x_1 v x_2) ^ (-x_1 v -x_9 v x_7) ^ (-x_1 v x_8) ^ (x_3 v -x_7 v x_5) ^ (x_11 v x_4 v -x_0) ^ (x_3 v -x_12 v x_4) ^ (x_9 v x_12 v x_8) ^ (x_6 v -x_4 v -x_7) ^ (x_6 v x_13 v -x_3) ^ (x_12 v -x_8 v -x_14) ^ (-x_5 v x_7) ^ (x_6 v x_4 v x_13) ^ (-x_11 v x_12 v x_8) ^ (-x_1 v x_6 v -x_9) ^ (x_6 v x_13 v -x_11) ^ (x_0 v -x_2) ^ (-x_1 v x_7 v -x_13) ^ (x_14 v -x_1) ^ (x_9 v x_4 v -x_13) ^ (x_8 v x_10 v -x_3) ^ (-x_1 v x_10 v x_7) ^ (x_5 v x_13 v x_8) ^ (x_11 v x_12 v x_9) ^ (x_10 v x_5 v -x_3) ^ (x_11 v -x_10 v -x_7) ^ (-x_1 v -x_10 v -x_14) ^ (x_11 v -x_5 v -x_8) ^ (x_7 v x_5 v -x_8)]
15,32,0.0003662109375,5.59520697593689,5.408099174499512,[(-x_7 v -x_10 v -x_8) ^ (x_3 v -x_4 v -x_14) ^ (x_3 v x_10) ^ (x_6 v -x_9 v -x_10) ^ (x_3 v -x_12 v x_10) ^ (x_12 v -x_13 v x_8) ^ (x_12 v -x_5 v -x_0) ^ (x_14 v x_12 v x_10) ^ (-x_5 v x_2 v x_4) ^ (-x_4 v x_13) ^ (-x_4 v -x_2 v -x_14) ^ (x_9 v -x_3 v -x_11) ^ (x_9 v -x_8 v -x_11) ^ (-x_10 v -x_5 v -x_13) ^ (-x_12 v -x_13 v -x_3) ^ (x_6 v -x_4 v x_8) ^ (-x_13 v -x_11) ^ (x_3 v -x_7 v x_13) ^ (-x_10 v -x_11) ^ (x_14 v x_1 v -x_8) ^ (x_11 v -x_7 v x_2) ^ (x_9 v -x_7 v -x_8) ^ (x_12 v x_5 v -x_7) ^ (x_14 v -x_9 v -x_2) ^ (x_6 v x_9 v -x_10) ^ (-x_1 v -x_10 v x_11) ^ (x_1 v -x_12 v -x_4) ^ (-x_9 v -x_2 v x_13) ^ (-x_1 v x_9 v x_11) ^ (x_0 v x_12 v x_2) ^ (-x_9 v -x_4 v x_13) ^ (x_3 v -x_2 v -x_13)]
15,31,0.0003662109375,5.6135430335998535,5.152712821960449,[(-x_1 v x_14 v x_0) ^ (-x_10 v x_7 v -x_3) ^ (x_0 v -x_3 v -x_11) ^ (x_0 v x_11) ^ (x_9 v -x_10 v -x_3) ^ (x_12 v x_7 v x_2) ^ (x_9 v x_10 v -x_13) ^ (-x_5 v x_2 v -x_11) ^ (x_12 v -x_8 v -x_3) ^ (x_1 v -x_2 v x_13) ^ (x_11 v x_9 v -x_5) ^ (x_0 v -x_9 v x_1) ^ (x_14 v x_7 v -x_8) ^ (-x_2 v -x_7 v -x_5) ^ (-x_1 v x_10 v -x_2) ^ (x_11 v -x_7 v x_2) ^ (-x_9 v -x_12 v -x_13) ^ (x_11 v x_10 v x_8) ^ (x_1 v x_9 v x_5) ^ (-x_2 v x_5) ^ (-x_1 v x_6 v -x_10) ^ (-x_12 v -x_10 v x_2) ^ (-x_9 v x_13 v -x_11) ^ (x_3 v x_1 v -x_7) ^ (x_14 v -x_6) ^ (x_3 v x_12 v x_10) ^ (x_0 v x_10 v x_2) ^ (-x_1 v x_6 v x_10) ^ (x_9 v -x_6 v -x_3) ^ (-x_12 v x_13) ^ (-x_10 v x_4 v x_2)]
15,40,0.00042724609375,7.280129671096802,5.2073774337768555,[(x_2 v x_13 v -x_6) ^ (x_3 v -x_9 v x_2) ^ (x_11 v x_5 v x_0) ^ (-x_12 v -x_7 v -x_14) ^ (x_1 v -x_2 v x_5) ^ (-x_2 v x_13 v -x_11) ^ (-x_2 v -x_13 v -x_0) ^ (x_5 v x_2 v x_13) ^ (-x_13 v -x_9 v x_2) ^ (x_14 v x_12 v x_10) ^ (-x_5 v -x_13 v x_4) ^ (-x_1 v -x_9 v x_7) ^ (-x_12 v -x_5 v -x_8) ^ (x_14 v -x_2 v -x_8) ^ (x_6 v -x_10 v -x_3) ^ (x_11 v -x_9 v x_8) ^ (-x_9 v -x_14 v x_8) ^ (x_9 v -x_2 v x_4) ^ (-x_9 v -x_7 v -x_8) ^ (x_14 v -x_7 v x_2) ^ (x_3 v x_10 v -x_13) ^ (x_11 v x_7 v x_13) ^ (x_14 v x_1 v -x_8) ^ (-x_13 v x_2 v -x_11) ^ (-x_12 v -x_5 v -x_6) ^ (x_0 v x_12) ^ (x_8 v -x_5 v x_4) ^ (x_12 v -x_11) ^ (-x_1 v x_10 v -x_8) ^ (x_2 v -x_13 v -x_11) ^ (-x_4) ^ (x_6 v x_7 v -x_0) ^ (x_14 v -x_7 v x_4) ^ (x_3 v x_1 v -x_2) ^ (x_6 v x_2 v -x_0) ^ (x_11 v -x_2) ^ (x_12 v x_5 v -x_7) ^ (x_11 v x_7) ^ (-x_10 v -x_5 v x_8) ^ (-x_7 v x_4 v -x_0)]
15,38,0.00042724609375,6.9203855991363525,5.431788444519043,[(x_0 v x_6 v x_1) ^ (x_11 v -x_8) ^ (x_9 v x_2 v -x_11) ^ (x_11 v x_12 v x_5) ^ (x_11 v -x_4 v -x_14) ^ (-x_1 v x_13 v -x_11) ^ (x_14 v -x_5 v x_4) ^ (x_9 v -x_10 v x_7) ^ (x_3 v x_5 v -x_0) ^ (x_1 v -x_12 v x_13) ^ (x_3 v -x_7) ^ (-x_9 v -x_11 v -x_0) ^ (x_3 v x_8) ^ (x_3 v x_5) ^ (x_10 v x_7 v x_8) ^ (-x_9 v x_4 v -x_8) ^ (-x_9 v -x_10 v -x_13) ^ (-x_1 v -x_12 v x_5) ^ (x_13 v -x_0) ^ (x_9 v -x_5 v -x_0) ^ (x_3 v -x_4 v x_5) ^ (x_1 v -x_10 v -x_13) ^ (x_14 v x_12 v -x_5) ^ (-x_1 v x_6 v -x_14) ^ (-x_1 v -x_8 v -x_14) ^ (x_11 v -x_12 v x_10) ^ (x_0 v -x_8) ^ (x_0 v x_13 v -x_8) ^ (x_7 v x_2 v x_4) ^ (-x_11 v -x_7 v x_8) ^ (-x_1 v x_10 v -x_3) ^ (x_6 v -x_4 v -x_14) ^ (-x_1 v -x_4 v -x_7) ^ (-x_7 v -x_2 v x_4) ^ (x_0 v x_2 v -x_3) ^ (x_14 v x_12 v -x_8) ^ (-x_5 v x_13) ^ (-x_13 v x_2 v -x_14)]
15,40,0.000396728515625,7.098476409912109,5.292574882507324,[(-x_12 v -x_2 v x_5) ^ (x_6 v x_7 v x_13) ^ (x_3 v x_5) ^ (x_12 v x_13 v -x_3) ^ (x_0 v -x_8 v -x_3) ^ (x_3 v x_10 v x_7) ^ (x_6 v -x_5 v x_7) ^ (x_10 v x_13 v -x_0) ^ (-x_1 v x_5 v -x_6) ^ (-x_7 v -x_6 v -x_0) ^ (x_6 v -x_13 v -x_0) ^ (x_8 v -x_13 v -x_11) ^ (x_11 v x_1 v x_10) ^ (x_0 v x_3 v -x_8) ^ (-x_5 v -x_8 v -x_11) ^ (x_0 v x_5) ^ (x_3 v x_6 v -x_5) ^ (-x_10 v x_2 v -x_6) ^ (x_6 v x_12 v x_8) ^ (-x_12 v x_6 v x_1) ^ (x_0 v -x_13 v x_11) ^ (-x_9 v -x_5 v x_13) ^ (x_14 v -x_6 v -x_11) ^ (x_11 v -x_7 v x_14) ^ (-x_12 v -x_9 v -x_7) ^ (x_3 v x_12 v -x_10) ^ (-x_9 v x_1 v -x_0) ^ (x_7 v x_2 v -x_6) ^ (x_3 v -x_2 v -x_6) ^ (x_6 v -x_13 v -x_8) ^ (x_12 v x_7 v x_4) ^ (x_7 v -x_14 v -x_11) ^ (-x_1 v -x_4 v -x_7) ^ (x_0 v x_10 v x_2) ^ (-x_11 v x_10 v x_4) ^ (-x_1 v -x_7 v -x_13) ^ (-x_4 v x_9 v x_2) ^ (x_1 v -x_4 v -x_11) ^ (x_11 v x_12) ^ (-x_1 v x_7 v x_2)]
15,18,0.000335693359375,3.3517253398895264,5.633692741394043,[(-x_9 v x_12 v x_10) ^ (x_0 v -x_10 v x_2) ^ (-x_4 v x_12 v x_5) ^ (-x_5 v -x_2 v -x_0) ^ (x_0 v x_13 v -x_3) ^ (x_3 v x_1 v -x_8) ^ (x_0 v x_14 v -x_8) ^ (x_12 v x_10) ^ (x_0 v -x_10 v -x_11) ^ (x_3 v -x_9 v -x_13) ^ (x_0 v x_6) ^ (x_3 v x_9 v x_4) ^ (x_14 v -x_4 v -x_2) ^ (-x_7 v -x_6 v x_8) ^ (x_11 v x_2 v -x_8) ^ (x_11 v x_0) ^ (x_14 v -x_4 v -x_3) ^ (x_14 v -x_2 v x_11)]
15,17,0.000274658203125,3.2500648498535156,5.3775129318237305,[(x_9 v -x_10 v -x_0) ^ (-x_9 v x_4 v -x_13) ^ (x_1 v x_10) ^ (-x_1 v x_4 v x_5) ^ (x_11 v x_4 v x_3) ^ (x_11 v x_12 v -x_10) ^ (x_3 v x_14) ^ (x_9 v -x_2 v x_13) ^ (x_1 v x_2) ^ (-x_12 v x_2) ^ (x_14 v x_1 v -x_0) ^ (x_9 v -x_5 v -x_0) ^ (x_9 v x_7 v -x_3) ^ (x_5 v -x_9 v -x_13) ^ (x_0 v x_13 v x_11) ^ (x_14 v x_12 v -x_6) ^ (-x_11 v x_4 v x_8)]
15,24,0.00030517578125,4.428807497024536,5.147051811218262,[(x_6 v x_4 v x_7) ^ (x_14 v -x_12 v x_4) ^ (-x_6 v x_13 v -x_8) ^ (x_14 v -x_12) ^ (x_1 v -x_2 v x_8) ^ (-x_4 v -x_10 v -x_3) ^ (x_11 v -x_9 v x_8) ^ (x_12 v x_7 v -x_8) ^ (x_0 v -x_1 v x_5) ^ (x_0 v x_12) ^ (-x_9 v -x_5 v x_13) ^ (x_3 v x_2 v x_0) ^ (x_8 v -x_7 v -x_11) ^ (x_6 v -x_10 v x_13) ^ (x_11 v -x_7) ^ (-x_9 v x_1 v -x_11) ^ (x_3 v -x_9 v x_1) ^ (x_11 v -x_9 v x_5) ^ (x_0 v x_10 v -x_3) ^ (-x_6 v -x_5 v -x_11) ^ (-x_1 v x_13 v -x_0) ^ (-x_1 v -x_4 v x_7) ^ (-x_4 v x_7 v -x_8) ^ (x_11 v -x_2 v x_5)]
15,40,0.000457763671875,7.272402048110962,5.4754743576049805,[(x_0 v x_6 v x_1) ^ (x_5 v x_12 v -x_13) ^ (x_3 v -x_4 v x_8) ^ (x_11 v -x_5 v -x_14) ^ (-x_9 v -x_12 v x_4) ^ (-x_1 v -x_5 v x_2) ^ (-x_2 v x_1 v x_10) ^ (x_11 v -x_9 v x_2) ^ (x_0 v x_6 v -x_4) ^ (x_0 v -x_10 v x_2) ^ (-x_9 v x_12 v -x_11) ^ (x_3 v -x_10 v -x_11) ^ (x_11 v x_1 v -x_10) ^ (x_9 v -x_2 v -x_11) ^ (-x_12 v -x_10) ^ (-x_12 v x_4 v -x_3) ^ (x_11 v -x_12 v x_7) ^ (x_11 v x_13 v -x_0) ^ (x_3 v x_12 v x_13) ^ (-x_7 v x_10 v -x_13) ^ (-x_3 v -x_8 v -x_11) ^ (-x_9 v x_10 v -x_14) ^ (x_9 v -x_8 v -x_14) ^ (x_12 v x_9 v x_10) ^ (-x_1 v x_12 v x_13) ^ (x_1 v x_12 v x_7) ^ (-x_10 v -x_2) ^ (-x_0 v -x_5 v -x_6) ^ (-x_9 v x_2) ^ (-x_12 v -x_2 v -x_3) ^ (x_0 v -x_4 v x_7) ^ (x_7 v -x_13 v -x_11) ^ (-x_9 v x_4 v -x_3) ^ (x_6 v -x_9 v x_2) ^ (-x_5 v x_2 v -x_8) ^ (-x_12 v x_13) ^ (-x_10 v -x_3 v -x_6) ^ (-x_12 v -x_6 v x_8) ^ (-x_12 v -x_14 v -x_11) ^ (x_12 v x_4 v x_13)]
15,44,0.000518798828125,8.286916017532349,5.201930046081543,[(-x_4 v x_9 v -x_3) ^ (x_2 v -x_8 v -x_14) ^ (x_7 v x_5 v -x_3) ^ (x_10 v x_2 v x_4) ^ (x_9 v -x_3) ^ (x_1 v -x_4 v x_5) ^ (-x_9 v x_5 v -x_8) ^ (-x_1 v x_5 v -x_0) ^ (-x_9 v x_4 v x_5) ^ (-x_2 v -x_5 v -x_11) ^ (x_11 v x_6 v -x_2) ^ (-x_6 v -x_14 v -x_11) ^ (x_1 v x_12 v x_5) ^ (x_3 v -x_5 v -x_11) ^ (x_11 v x_9 v x_10) ^ (x_5 v x_13 v -x_3) ^ (-x_5 v -x_13 v x_4) ^ (-x_11 v -x_3) ^ (x_14 v x_5) ^ (x_7 v x_2 v x_13) ^ (x_0 v -x_5) ^ (-x_9 v x_7 v -x_14) ^ (-x_1 v x_9 v -x_0) ^ (-x_1 v x_7 v x_3) ^ (x_3 v -x_7 v -x_14) ^ (x_1 v -x_2 v -x_14) ^ (-x_10 v x_4 v -x_8) ^ (x_14 v -x_2 v -x_11) ^ (-x_2 v -x_5 v -x_0) ^ (x_11 v x_1 v -x_7) ^ (x_1 v -x_8 v -x_0) ^ (-x_2 v x_5 v x_8) ^ (-x_12 v x_1 v -x_3) ^ (x_5 v x_4 v x_2) ^ (x_5 v x_13 v -x_8) ^ (-x_12 v -x_4 v x_7) ^ (-x_1 v -x_10 v x_11) ^ (-x_4 v x_2 v -x_0) ^ (x_0 v x_3 v -x_14) ^ (x_14 v x_9 v -x_13) ^ (-x_2 v -x_13 v -x_3) ^ (x_1 v x_10 v x_7) ^ (x_11 v -x_10 v -x_8) ^ (x_9 v x_5)]
15,27,0.000396728515625,5.09080696105957,5.338976860046387,[(x_0 v x_14 v x_13) ^ (x_6 v x_1 v x_9) ^ (x_0 v x_7 v x_3) ^ (x_0 v -x_13 v -x_14) ^ (-x_4 v -x_5 v -x_6) ^ (x_12 v -x_2 v -x_11) ^ (x_8 v -x_5 v -x_3) ^ (x_3 v x_6 v x_2) ^ (x_1 v x_13) ^ (x_12 v x_9 v -x_2) ^ (x_6 v -x_9 v -x_8) ^ (-x_13 v -x_3 v -x_14) ^ (x_1 v -x_2 v -x_11) ^ (x_3 v -x_12 v x_4) ^ (-x_5) ^ (x_7 v -x_8 v -x_11) ^ (-x_10 v x_4 v -x_3) ^ (x_7 v -x_6) ^ (-x_1 v x_5 v x_8) ^ (x_1 v -x_9 v -x_3) ^ (-x_4 v x_10 v -x_6) ^ (-x_9 v x_13 v -x_0) ^ (-x_2 v -x_13 v -x_14) ^ (-x_10 v -x_2 v -x_7) ^ (x_3 v -x_4 v -x_8) ^ (x_6 v x_8) ^ (-x_12 v -x_4 v -x_11)]
15,28,0.0003662109375,5.196322441101074,5.528132438659668,[(x_9 v x_2 v -x_14) ^ (-x_2 v -x_13 v x_4) ^ (x_9 v -x_10 v -x_7) ^ (-x_9 v -x_2 v -x_3) ^ (-x_2 v x_13 v -x_6) ^ (x_0 v x_9 v x_12) ^ (x_10 v -x_13 v -x_3) ^ (x_14 v x_4 v -x_3) ^ (x_2 v x_13 v -x_6) ^ (x_3 v x_8 v -x_6) ^ (x_14 v x_12 v -x_10) ^ (x_11 v x_10 v x_0) ^ (x_1 v x_2 v -x_14) ^ (x_11 v x_1 v x_13) ^ (x_0 v -x_7 v x_13) ^ (x_0 v x_7 v x_11) ^ (x_11 v x_14 v x_0) ^ (-x_1 v x_12 v x_11) ^ (-x_0 v -x_10 v x_8) ^ (x_6 v x_12 v x_8) ^ (x_11 v x_7 v -x_3) ^ (-x_10 v x_4 v x_8) ^ (-x_0 v x_5 v -x_3) ^ (-x_11 v -x_7 v -x_3) ^ (-x_10 v -x_5 v x_7) ^ (-x_0 v -x_4 v -x_11) ^ (-x_11 v -x_10 v -x_3) ^ (x_11 v x_12 v -x_7)]
15,40,0.00048828125,7.1720311641693115,5.083277702331543,[(x_3 v x_2 v x_5) ^ (x_11 v -x_12 v x_2) ^ (-x_9 v -x_10 v -x_5) ^ (x_3 v -x_4 v x_2) ^ (-x_2 v -x_10 v -x_5) ^ (-x_2 v -x_8 v -x_11) ^ (-x_4 v x_9 v -x_0) ^ (-x_13 v x_5) ^ (-x_1 v x_12 v x_0) ^ (x_12 v -x_10 v -x_6) ^ (x_6 v -x_7 v x_5) ^ (-x_1 v -x_3) ^ (-x_1 v -x_4 v x_13) ^ (-x_7 v -x_14 v -x_0) ^ (-x_1 v -x_4 v x_3) ^ (x_1 v x_9 v -x_3) ^ (-x_1 v -x_10 v x_5) ^ (-x_4 v -x_13 v x_8) ^ (-x_10 v x_2 v -x_11) ^ (x_12 v x_9 v -x_2) ^ (x_2 v -x_8 v -x_0) ^ (x_3 v x_1 v -x_5) ^ (x_0 v -x_12) ^ (x_7 v x_13 v -x_11) ^ (x_11 v -x_7 v -x_14) ^ (x_3 v -x_4 v -x_11) ^ (x_2 v -x_14) ^ (-x_12 v -x_2 v x_7) ^ (x_0 v x_3 v -x_11) ^ (-x_0 v x_5 v -x_3) ^ (x_14 v x_4 v -x_6) ^ (-x_1 v x_9 v -x_11) ^ (x_12 v x_4 v -x_11) ^ (-x_4 v x_13 v -x_0) ^ (x_4 v x_13 v -x_6) ^ (-x_12 v x_1) ^ (x_14 v x_6 v x_2) ^ (x_0 v -x_4) ^ (x_12 v -x_2 v x_13) ^ (x_6 v -x_12 v x_8)]
15,32,0.0003662109375,5.733378171920776,5.283747673034668,[(-x_9 v x_7 v -x_0) ^ (-x_2 v x_13 v -x_6) ^ (x_1 v -x_5 v -x_11) ^ (x_3 v x_10) ^ (x_14 v -x_2) ^ (x_1 v x_9 v x_13) ^ (x_14 v -x_1 v -x_3) ^ (x_14 v x_2 v x_13) ^ (x_14 v -x_11 v -x_3) ^ (x_6 v x_9 v x_13) ^ (x_9 v -x_10 v x_5) ^ (-x_4 v x_5 v -x_14) ^ (-x_12 v x_7 v -x_3) ^ (-x_9 v -x_4 v -x_10) ^ (x_0 v -x_7 v x_4) ^ (x_6 v -x_2 v -x_8) ^ (x_0 v -x_12 v x_7) ^ (-x_7 v -x_2 v x_13) ^ (x_12 v -x_10 v -x_8) ^ (x_8 v x_10 v -x_6) ^ (-x_7 v -x_5 v -x_14) ^ (x_11 v x_9 v -x_2) ^ (-x_9 v x_2 v x_13) ^ (x_3 v -x_2 v -x_11) ^ (-x_4 v x_9 v -x_2) ^ (x_3 v x_1 v -x_2) ^ (x_6 v -x_13 v -x_8) ^ (-x_1 v x_12 v x_9) ^ (x_11 v -x_4 v -x_6) ^ (-x_4 v -x_5 v x_2) ^ (x_9 v x_4 v -x_14) ^ (x_11 v x_2 v -x_6)]
15,42,0.00048828125,7.679353475570679,5.237078666687012,[(x_2 v x_10 v x_5) ^ (-x_1 v -x_5 v x_13) ^ (-x_14 v x_13 v -x_11) ^ (x_14 v x_3 v x_8) ^ (-x_12 v -x_4 v -x_0) ^ (x_14 v x_7 v -x_3) ^ (x_13 v -x_8 v -x_6) ^ (x_0 v -x_7 v -x_8) ^ (-x_1 v -x_7 v x_2) ^ (-x_5 v -x_6) ^ (x_7 v x_5 v x_4) ^ (-x_9 v x_2 v -x_0) ^ (x_11 v x_9 v x_12) ^ (x_14 v x_6 v x_13) ^ (x_11 v x_7 v -x_13) ^ (x_6 v -x_2 v x_7) ^ (x_6 v x_9) ^ (x_9 v -x_2) ^ (-x_0 v -x_3 v -x_6) ^ (x_11 v -x_9 v x_14) ^ (x_12 v -x_5 v -x_14) ^ (x_11 v -x_8 v -x_3) ^ (x_9 v x_12 v -x_2) ^ (x_6 v -x_2 v -x_11) ^ (x_9 v -x_13 v -x_14) ^ (-x_10 v -x_6) ^ (x_6 v -x_12 v x_5) ^ (-x_5 v -x_7 v -x_2) ^ (-x_10 v x_4 v x_13) ^ (x_10 v -x_14) ^ (x_3 v x_4 v x_2) ^ (x_9 v -x_10 v x_4) ^ (-x_1 v x_4) ^ (x_0 v -x_10 v x_8) ^ (x_6 v -x_9 v -x_7) ^ (-x_9 v -x_2 v -x_13) ^ (x_9 v -x_5 v -x_11) ^ (-x_10 v -x_5 v x_7) ^ (-x_1 v -x_4 v x_5) ^ (x_14 v -x_2 v x_7) ^ (-x_9 v -x_14 v -x_11) ^ (x_0 v -x_4 v x_2)]
15,33,0.000518798828125,6.016826629638672,5.258425712585449,[(-x_1 v -x_2 v x_8) ^ (-x_0 v -x_2 v -x_3) ^ (-x_1 v x_12 v x_5) ^ (-x_1 v -x_9 v -x_13) ^ (-x_14 v -x_3 v x_8) ^ (-x_4 v x_5 v x_8) ^ (-x_2 v -x_14 v -x_6) ^ (x_9 v x_7 v -x_8) ^ (-x_13 v x_5 v -x_0) ^ (-x_12 v x_2 v -x_8) ^ (x_3 v -x_8 v -x_6) ^ (x_11 v x_6 v x_10) ^ (x_0 v -x_1 v x_5) ^ (x_11 v x_5 v -x_8) ^ (x_14 v x_4 v x_2) ^ (x_11 v -x_9 v -x_6) ^ (x_11 v x_13 v -x_8) ^ (-x_9 v x_12 v x_2) ^ (-x_9 v x_10 v -x_3) ^ (x_12 v x_10 v x_2) ^ (x_11 v -x_7 v x_14) ^ (-x_1 v -x_7 v -x_3) ^ (-x_1 v -x_12 v -x_2) ^ (x_1 v -x_6 v x_8) ^ (x_1 v x_12 v -x_14) ^ (x_0 v x_6 v x_5) ^ (x_12 v x_2 v -x_11) ^ (-x_11 v x_10 v -x_0) ^ (x_14 v -x_7 v x_0) ^ (x_12 v -x_10 v -x_14) ^ (x_12 v -x_7 v -x_8) ^ (x_14 v x_4 v x_13) ^ (-x_3 v x_13 v -x_8)]
15,39,0.00042724609375,6.90317702293396,5.393572807312012,[(-x_9 v -x_5 v x_2) ^ (-x_1 v -x_2 v -x_3) ^ (-x_4 v x_13 v x_8) ^ (x_9 v x_4 v x_2) ^ (x_2 v -x_13 v -x_3) ^ (x_14 v -x_1 v -x_9) ^ (x_1 v -x_6) ^ (-x_9 v -x_2 v -x_11) ^ (-x_10 v x_5 v x_13) ^ (x_1 v -x_3 v -x_0) ^ (x_3 v -x_1 v x_2) ^ (-x_12 v x_5 v -x_6) ^ (x_11 v x_6 v -x_4) ^ (-x_1 v x_12 v -x_11) ^ (x_6 v x_13 v -x_8) ^ (x_11 v -x_10 v x_4) ^ (x_11 v x_6 v x_9) ^ (x_0 v x_9 v x_2) ^ (x_10 v -x_13) ^ (-x_9 v x_2 v -x_8) ^ (x_0 v -x_12 v x_7) ^ (-x_9 v x_12 v x_13) ^ (x_6 v -x_12 v -x_5) ^ (x_14 v -x_5 v -x_3) ^ (-x_14 v -x_3 v -x_6) ^ (x_11 v -x_6 v -x_14) ^ (x_11 v -x_1 v -x_2) ^ (-x_1 v x_12 v x_7) ^ (-x_9 v -x_2 v -x_6) ^ (-x_1 v -x_9 v x_12) ^ (x_11 v -x_5 v -x_3) ^ (x_1 v x_7 v -x_14) ^ (-x_9 v x_5 v -x_3) ^ (x_1 v -x_4 v -x_11) ^ (x_1 v -x_10 v -x_6) ^ (x_1 v x_5 v -x_3) ^ (-x_1 v -x_12 v x_13) ^ (x_14 v x_10 v x_8) ^ (x_14 v x_4 v -x_8)]
15,29,0.0003662109375,5.31059455871582,5.243067741394043,[(-x_1 v x_5) ^ (x_9 v -x_2 v -x_13) ^ (x_10 v -x_8 v -x_11) ^ (x_0 v x_13 v -x_11) ^ (-x_4 v x_13 v -x_3) ^ (-x_1 v x_9 v -x_14) ^ (x_11 v x_6 v -x_14) ^ (x_0 v x_7 v -x_14) ^ (x_11 v x_7 v x_2) ^ (-x_0 v -x_13 v -x_11) ^ (x_3 v -x_12 v -x_4) ^ (-x_9 v x_7) ^ (x_6 v -x_9) ^ (x_3 v -x_7 v x_4) ^ (x_11 v -x_12 v x_5) ^ (x_12 v x_5 v -x_6) ^ (x_14 v -x_2 v x_8) ^ (-x_9 v x_7 v -x_14) ^ (x_14 v x_7) ^ (x_6 v -x_12 v x_9) ^ (-x_7 v -x_14 v x_8) ^ (x_9 v -x_6 v -x_14) ^ (-x_4 v -x_5 v -x_14) ^ (x_1 v -x_7) ^ (-x_12 v -x_7 v x_8) ^ (x_10 v x_5 v -x_3) ^ (-x_1 v -x_2 v x_5) ^ (-x_13 v x_5 v x_8) ^ (-x_6 v x_2 v -x_3)]
15,37,0.00042724609375,8.011135339736938,5.248019218444824,[(x_1 v x_7 v x_2) ^ (x_11 v x_13) ^ (x_0 v x_9 v -x_13) ^ (-x_12 v x_10 v -x_8) ^ (-x_2 v x_10 v -x_13) ^ (x_11 v -x_5 v x_2) ^ (x_10 v x_5 v -x_0) ^ (-x_7 v x_13 v -x_6) ^ (-x_12 v x_10 v x_8) ^ (x_0 v x_2 v x_11) ^ (-x_5 v x_4) ^ (x_7 v -x_3 v -x_6) ^ (-x_0 v x_10 v x_8) ^ (x_0 v -x_2 v -x_3) ^ (-x_1 v -x_7 v x_5) ^ (x_3 v -x_13 v x_11) ^ (-x_12 v x_5 v -x_11) ^ (x_14 v -x_5 v -x_2) ^ (x_12 v x_9 v x_8) ^ (-x_1 v -x_8 v -x_14) ^ (-x_2 v x_7 v -x_8) ^ (x_14 v -x_9 v -x_3) ^ (x_5 v x_13 v -x_6) ^ (x_8 v -x_5 v x_4) ^ (x_10 v x_2) ^ (-x_7 v -x_13 v x_8) ^ (x_2 v x_7 v -x_13) ^ (-x_4 v -x_3 v -x_0) ^ (x_9 v x_10 v -x_3) ^ (x_14 v -x_7 v -x_0) ^ (x_14 v -x_13 v x_5) ^ (x_0 v -x_3) ^ (-x_9 v x_1 v -x_8) ^ (x_14 v -x_4 v -x_2) ^ (-x_1 v x_5 v x_2) ^ (-x_1 v -x_9 v -x_8) ^ (-x_1 v -x_7 v x_8)]
15,35,0.000396728515625,6.304500341415405,5.191866874694824,[(x_14 v x_12 v x_2) ^ (x_12 v x_10 v -x_13) ^ (x_14 v -x_2 v -x_3) ^ (x_3 v -x_1 v x_5) ^ (x_12 v -x_14) ^ (-x_0 v x_6 v x_8) ^ (x_14 v x_4 v x_8) ^ (x_14 v -x_4 v x_10) ^ (x_4 v x_2 v x_8) ^ (-x_9 v -x_7 v x_4) ^ (x_11 v x_6 v -x_14) ^ (-x_1 v -x_4 v x_13) ^ (-x_1 v -x_6) ^ (x_3 v x_6 v x_1) ^ (x_3 v x_6 v -x_4) ^ (x_9 v x_5 v x_13) ^ (x_12 v x_13 v -x_6) ^ (-x_12 v x_4 v -x_8) ^ (x_9 v -x_4 v -x_5) ^ (x_11 v x_10 v x_2) ^ (x_12 v x_7 v x_13) ^ (-x_12 v x_4 v -x_11) ^ (-x_1 v -x_13 v -x_14) ^ (-x_12 v x_1 v x_7) ^ (x_1 v x_7 v -x_8) ^ (-x_12 v -x_10 v x_2) ^ (-x_2 v x_7 v x_8) ^ (x_0 v -x_4 v -x_7) ^ (x_3 v x_1 v -x_14) ^ (-x_13 v x_2 v -x_6) ^ (x_0 v x_9 v -x_10) ^ (x_0 v -x_10) ^ (x_3 v x_2) ^ (x_14 v x_5 v x_11) ^ (-x_1 v -x_7 v x_13)]
15,29,0.00042724609375,5.27368950843811,5.290919303894043,[(-x_9 v -x_6) ^ (-x_4 v -x_2 v -x_6) ^ (-x_9 v -x_6 v -x_11) ^ (x_3 v -x_12 v x_10) ^ (x_1 v -x_7 v x_13) ^ (x_14 v x_6 v -x_11) ^ (-x_2 v x_12 v -x_10) ^ (x_14 v x_5 v -x_3) ^ (x_1 v -x_5 v x_13) ^ (x_7 v x_2 v -x_0) ^ (x_3 v -x_10 v -x_5) ^ (x_6 v -x_9 v -x_8) ^ (x_1 v -x_6 v -x_11) ^ (-x_4 v -x_2 v x_8) ^ (x_10 v -x_11) ^ (x_14 v -x_12 v x_8) ^ (x_12 v x_13 v -x_6) ^ (-x_12 v x_2 v x_13) ^ (x_1 v x_5 v -x_8) ^ (x_0 v x_12 v -x_6) ^ (x_0 v x_7 v -x_6) ^ (-x_12 v -x_8 v -x_0) ^ (x_10 v x_2 v -x_8) ^ (x_8 v -x_7 v -x_11) ^ (-x_9 v -x_4 v -x_6) ^ (x_11 v -x_6) ^ (x_1 v x_9 v -x_11) ^ (x_11 v -x_9 v x_0) ^ (x_0 v x_2 v x_14)]
15,44,0.00054931640625,8.097725629806519,4.9676313400268555,[(x_3 v -x_8 v -x_0) ^ (-x_11 v x_9 v -x_6) ^ (-x_0 v x_6 v x_8) ^ (x_11 v x_6 v -x_13) ^ (x_14 v -x_2) ^ (x_11 v x_7 v -x_14) ^ (-x_9 v x_7 v -x_8) ^ (x_7 v x_13 v -x_0) ^ (x_3 v -x_14 v -x_6) ^ (x_1 v -x_2 v -x_8) ^ (x_3 v x_7 v x_2) ^ (x_14 v -x_5) ^ (x_6 v -x_5 v x_7) ^ (-x_12 v x_9 v -x_8) ^ (x_14 v x_9 v x_12) ^ (x_14 v x_9 v -x_8) ^ (x_1 v -x_2 v -x_11) ^ (x_4 v x_5 v -x_14) ^ (-x_9 v x_12 v -x_14) ^ (x_11 v x_1 v x_10) ^ (-x_7 v -x_8 v -x_0) ^ (x_4 v -x_13 v x_8) ^ (x_1 v -x_7 v -x_0) ^ (x_12 v x_4 v -x_8) ^ (x_1 v x_9 v -x_5) ^ (x_1 v -x_5 v -x_0) ^ (-x_0 v x_13 v -x_3) ^ (-x_1 v x_7 v -x_14) ^ (-x_10 v x_4 v x_13) ^ (x_5 v -x_9 v -x_13) ^ (-x_1 v x_2 v -x_8) ^ (x_14 v x_10 v x_11) ^ (-x_10 v x_5 v -x_3) ^ (x_3 v -x_8 v -x_11) ^ (x_14 v -x_13 v x_5) ^ (x_0 v -x_10) ^ (x_3 v -x_4 v -x_6) ^ (x_10 v x_5 v -x_3) ^ (-x_1 v -x_9 v x_5) ^ (x_3 v x_9 v x_10) ^ (x_6 v x_10 v -x_14) ^ (x_11 v x_7) ^ (x_14 v x_4 v -x_11) ^ (x_14 v x_10 v -x_13)]
15,27,0.0003662109375,4.9576451778411865,5.1564435958862305,[(x_6 v -x_10 v x_4) ^ (x_3 v -x_12) ^ (x_6 v x_12 v -x_3) ^ (-x_6 v x_7 v -x_11) ^ (-x_10 v x_4 v -x_7) ^ (x_1 v -x_7 v -x_8) ^ (x_12 v -x_4 v -x_11) ^ (-x_1 v -x_3 v -x_11) ^ (x_0 v x_1 v -x_6) ^ (-x_10 v x_2 v -x_11) ^ (x_12 v x_4 v -x_7) ^ (x_11 v x_12 v -x_13) ^ (-x_2 v -x_13 v -x_11) ^ (x_3 v x_6 v -x_5) ^ (x_3 v -x_6 v -x_14) ^ (x_14 v -x_13 v x_11) ^ (-x_12 v -x_7 v -x_8) ^ (-x_4 v x_9 v -x_2) ^ (-x_0 v -x_4 v x_8) ^ (x_14 v -x_6) ^ (x_0 v -x_12 v -x_5) ^ (x_11 v -x_10 v -x_2) ^ (-x_9 v x_2 v -x_14) ^ (x_14 v -x_2 v x_7) ^ (x_6 v x_12 v -x_7) ^ (x_3 v x_4) ^ (x_1 v x_4 v -x_13)]
15,33,0.0003662109375,6.810353517532349,5.623530387878418,[(x_3 v -x_4 v x_7) ^ (-x_4 v x_2 v -x_14) ^ (x_1 v -x_9 v x_5) ^ (x_11 v -x_6 v -x_3) ^ (-x_4 v x_13 v -x_3) ^ (-x_0 v -x_7 v -x_3) ^ (x_1 v x_9 v x_7) ^ (x_1 v x_10 v x_5) ^ (x_6 v -x_9 v -x_0) ^ (-x_12 v x_10 v x_8) ^ (x_12 v x_6 v x_9) ^ (-x_7 v -x_8 v -x_11) ^ (x_6 v -x_9) ^ (x_3 v -x_7 v x_5) ^ (-x_7 v -x_5 v -x_6) ^ (x_12 v x_9 v x_2) ^ (x_11 v x_14) ^ (-x_12 v -x_9 v -x_2) ^ (x_14 v -x_1) ^ (x_12 v -x_7 v -x_0) ^ (x_3 v -x_13 v x_14) ^ (x_8 v -x_5 v x_4) ^ (x_3 v -x_1 v -x_13) ^ (x_1 v -x_6 v -x_3) ^ (x_11 v x_4 v -x_8) ^ (x_14 v -x_8 v -x_11) ^ (x_11 v x_9 v x_2) ^ (-x_1 v -x_4 v -x_0) ^ (-x_1 v -x_12 v x_4) ^ (-x_10 v -x_3 v -x_0) ^ (-x_12 v -x_10 v -x_0) ^ (x_0 v -x_4) ^ (x_0 v -x_12 v x_11)]
15,15,0.00030517578125,2.9725983142852783,4.891497611999512,[(x_1 v x_12 v -x_2) ^ (x_11 v -x_0 v -x_14) ^ (x_0 v -x_10 v -x_11) ^ (x_6 v x_12 v -x_3) ^ (x_11 v x_1 v -x_3) ^ (-x_7 v x_2 v -x_8) ^ (x_0 v -x_7 v -x_3) ^ (-x_2 v x_12 v x_10) ^ (x_10 v -x_3) ^ (x_9 v -x_4 v -x_10) ^ (x_0 v x_6 v x_7) ^ (-x_5 v x_7 v x_4) ^ (-x_12 v -x_4 v x_5) ^ (x_6 v -x_13 v -x_0) ^ (-x_9 v x_7 v x_4)]
15,23,0.000335693359375,4.961148738861084,5.183306694030762,[(x_1 v -x_4 v -x_0) ^ (x_11 v -x_7 v x_8) ^ (x_12 v x_7) ^ (x_11 v x_9 v x_8) ^ (x_6 v x_10 v -x_8) ^ (x_12 v x_5 v -x_3) ^ (x_6 v x_10 v x_8) ^ (x_14 v x_13 v x_11) ^ (-x_1 v -x_4 v -x_6) ^ (x_8 v x_9 v -x_6) ^ (-x_1 v -x_13 v x_8) ^ (-x_1 v x_4 v x_11) ^ (x_14 v -x_6 v -x_0) ^ (x_9 v -x_13 v x_8) ^ (x_3 v -x_4 v -x_6) ^ (x_11 v -x_10 v -x_2) ^ (-x_13 v -x_14) ^ (x_14 v -x_7 v x_0) ^ (-x_12 v -x_11 v -x_0) ^ (x_3 v -x_10) ^ (x_0 v x_12 v x_2) ^ (x_1 v -x_4 v -x_5) ^ (-x_6 v x_2 v -x_3)]
15,42,0.00048828125,7.588756561279297,5.340884208679199,[(x_9 v x_10 v x_5) ^ (-x_2 v x_5 v -x_14) ^ (x_12 v -x_8 v -x_6) ^ (x_14 v -x_0 v -x_11) ^ (x_14 v x_4 v x_8) ^ (x_14 v -x_2 v -x_0) ^ (-x_9 v -x_7 v x_5) ^ (x_6 v -x_10 v -x_7) ^ (-x_0 v x_12 v -x_3) ^ (-x_2 v x_7 v x_4) ^ (-x_0 v -x_9 v -x_6) ^ (x_5 v -x_8 v -x_14) ^ (x_9 v -x_4 v -x_14) ^ (x_10 v x_5 v -x_14) ^ (x_3 v x_1 v x_8) ^ (-x_1 v -x_12 v x_5) ^ (x_14 v -x_7) ^ (x_12 v x_4 v -x_14) ^ (-x_1 v -x_13) ^ (x_3 v -x_13 v -x_8) ^ (x_3 v x_1 v x_10) ^ (-x_9 v x_7 v -x_14) ^ (x_9 v -x_14) ^ (-x_12 v -x_3) ^ (x_11 v x_1 v x_9) ^ (-x_10 v -x_5 v -x_14) ^ (-x_1 v x_12 v x_4) ^ (x_14 v x_1 v x_12) ^ (x_11 v x_5 v -x_8) ^ (x_10 v -x_7 v -x_5) ^ (-x_0 v x_10 v -x_14) ^ (-x_9 v -x_6 v x_8) ^ (-x_10 v -x_3) ^ (-x_1 v -x_9 v x_10) ^ (-x_9 v x_2 v x_13) ^ (-x_12 v -x_7 v -x_8) ^ (x_12 v -x_2 v -x_0) ^ (-x_1 v -x_4 v x_11) ^ (-x_9 v -x_4 v -x_6) ^ (x_6 v -x_8 v -x_0) ^ (x_14 v -x_4 v x_2) ^ (x_6 v x_4 v -x_8)]
15,15,0.000244140625,2.855354070663452,5.3740339279174805,[(-x_1 v x_10 v x_14) ^ (x_11 v x_2) ^ (x_3 v -x_1 v -x_9) ^ (-x_12 v -x_9 v -x_10) ^ (x_0 v -x_13 v x_14) ^ (-x_1 v -x_8 v -x_14) ^ (-x_10 v -x_5 v x_7) ^ (-x_1 v x_2 v -x_11) ^ (x_12 v -x_10 v -x_14) ^ (x_12 v -x_7 v -x_3) ^ (x_6 v -x_4 v -x_5) ^ (-x_1 v x_10 v x_2) ^ (x_1 v x_2 v -x_14) ^ (x_3 v -x_10 v x_5) ^ (-x_1 v x_10 v -x_8)]
