size,edges,kappa,time_encoding,time_iteration,tot. time,memory (MB),graph
5,3,1,0.016261577606201172,0.032911062240600586,0.04917263984680176,0.16431140899658203,"(Vertices: [0, 1, 2, 3, 4]) -- (Edges: [(2, 3), (0, 2), (2, 4)])"
5,1,6,0.0039017200469970703,0.005312681198120117,0.009214401245117188,0.07270622253417969,"(Vertices: [0, 1, 2, 3, 4]) -- (Edges: [(1, 3)])"
5,3,1,0.01357579231262207,0.007838726043701172,0.021414518356323242,0.16495895385742188,"(Vertices: [0, 1, 2, 3, 4]) -- (Edges: [(2, 4), (0, 3), (1, 4)])"
5,2,6,0.0077667236328125,0.019657373428344727,0.027424097061157227,0.08888721466064453,"(Vertices: [0, 1, 2, 3, 4]) -- (Edges: [(1, 2), (0, 3)])"
5,6,1,0.02703571319580078,0.053685665130615234,0.08072137832641602,0.24208641052246094,"(Vertices: [0, 1, 2, 3, 4]) -- (Edges: [(0, 4), (3, 4), (0, 3), (2, 3), (0, 2), (1, 3)])"
5,4,6,0.0643465518951416,1.9874889850616455,2.051835536956787,0.6652002334594727,"(Vertices: [0, 1, 2, 3, 4]) -- (Edges: [(2, 3), (0, 3), (0, 4), (3, 4)])"
5,3,1,0.017095088958740234,0.029288530349731445,0.04638361930847168,0.16045093536376953,"(Vertices: [0, 1, 2, 3, 4]) -- (Edges: [(0, 1), (0, 3), (0, 4)])"
5,2,6,0.024451017379760742,0.009325265884399414,0.033776283264160156,0.23271751403808594,"(Vertices: [0, 1, 2, 3, 4]) -- (Edges: [(3, 4), (1, 4)])"
5,2,1,0.013701200485229492,0.008559465408325195,0.022260665893554688,0.1494770050048828,"(Vertices: [0, 1, 2, 3, 4]) -- (Edges: [(0, 1), (0, 2)])"
5,3,6,0.030415058135986328,0.02838134765625,0.05879640579223633,0.27205562591552734,"(Vertices: [0, 1, 2, 3, 4]) -- (Edges: [(1, 2), (0, 3), (2, 4)])"
5,6,1,0.02626633644104004,0.05130767822265625,0.07757401466369629,0.2445840835571289,"(Vertices: [0, 1, 2, 3, 4]) -- (Edges: [(2, 4), (1, 2), (3, 4), (0, 3), (2, 3), (0, 2)])"
5,5,6,0.08131623268127441,12.45582914352417,12.537145376205444,0.8949069976806641,"(Vertices: [0, 1, 2, 3, 4]) -- (Edges: [(2, 4), (1, 2), (3, 4), (1, 4), (0, 2)])"
5,3,1,0.02151036262512207,0.033141136169433594,0.054651498794555664,0.1838235855102539,"(Vertices: [0, 1, 2, 3, 4]) -- (Edges: [(0, 2), (0, 3), (1, 3)])"
5,4,6,0.06978297233581543,5.587286472320557,5.657069444656372,0.6601095199584961,"(Vertices: [0, 1, 2, 3, 4]) -- (Edges: [(2, 3), (1, 3), (0, 2), (0, 4)])"
5,4,1,0.04055953025817871,0.015651941299438477,0.05621147155761719,0.2010784149169922,"(Vertices: [0, 1, 2, 3, 4]) -- (Edges: [(2, 3), (1, 2), (0, 3), (2, 4)])"
5,5,6,0.07922792434692383,10.906821012496948,10.986048936843872,0.8309831619262695,"(Vertices: [0, 1, 2, 3, 4]) -- (Edges: [(0, 4), (3, 4), (2, 3), (0, 2), (1, 3)])"
5,4,1,0.021733760833740234,0.03558945655822754,0.05732321739196777,0.21118736267089844,"(Vertices: [0, 1, 2, 3, 4]) -- (Edges: [(0, 1), (2, 4), (2, 3), (0, 4)])"
5,3,6,0.03945422172546387,0.011487483978271484,0.05094170570373535,0.38005828857421875,"(Vertices: [0, 1, 2, 3, 4]) -- (Edges: [(0, 2), (1, 3), (3, 4)])"
5,4,1,0.02850508689880371,0.03528618812561035,0.06379127502441406,0.2111644744873047,"(Vertices: [0, 1, 2, 3, 4]) -- (Edges: [(1, 3), (0, 2), (1, 2), (0, 4)])"
5,2,6,0.03812241554260254,0.1596686840057373,0.19779109954833984,0.3444862365722656,"(Vertices: [0, 1, 2, 3, 4]) -- (Edges: [(0, 1), (1, 4)])"
5,4,1,0.022020578384399414,0.05238819122314453,0.07440876960754395,0.20662307739257812,"(Vertices: [0, 1, 2, 3, 4]) -- (Edges: [(0, 1), (2, 4), (0, 3), (0, 4)])"
5,3,6,0.04328155517578125,0.010062456130981445,0.053344011306762695,0.37676334381103516,"(Vertices: [0, 1, 2, 3, 4]) -- (Edges: [(2, 3), (1, 3), (0, 4)])"
5,3,1,0.013605117797851562,0.0073320865631103516,0.020937204360961914,0.16437530517578125,"(Vertices: [0, 1, 2, 3, 4]) -- (Edges: [(0, 2), (2, 4), (1, 4)])"
5,3,6,0.043564558029174805,0.09364104270935059,0.1372056007385254,0.3510599136352539,"(Vertices: [0, 1, 2, 3, 4]) -- (Edges: [(2, 4), (0, 4), (1, 4)])"
5,4,1,0.025800704956054688,0.045174598693847656,0.07097530364990234,0.20612716674804688,"(Vertices: [0, 1, 2, 3, 4]) -- (Edges: [(0, 2), (0, 3), (0, 4), (1, 4)])"
5,3,6,0.04313254356384277,0.15773653984069824,0.20086908340454102,0.37999629974365234,"(Vertices: [0, 1, 2, 3, 4]) -- (Edges: [(0, 1), (2, 3), (1, 4)])"
5,4,1,0.013614654541015625,0.012485265731811523,0.02609992027282715,0.17865371704101562,"(Vertices: [0, 1, 2, 3, 4]) -- (Edges: [(2, 3), (0, 2), (1, 3), (3, 4)])"
5,2,6,0.027388572692871094,0.07370567321777344,0.10109424591064453,0.2326984405517578,"(Vertices: [0, 1, 2, 3, 4]) -- (Edges: [(2, 3), (0, 3)])"
5,1,1,0.007305622100830078,0.013379573822021484,0.020685195922851562,0.1386737823486328,"(Vertices: [0, 1, 2, 3, 4]) -- (Edges: [(1, 2)])"
5,2,6,0.008166790008544922,0.02421426773071289,0.03238105773925781,0.08888816833496094,"(Vertices: [0, 1, 2, 3, 4]) -- (Edges: [(0, 2), (1, 3)])"
5,3,1,0.018720626831054688,0.011936426162719727,0.030657052993774414,0.16303730010986328,"(Vertices: [0, 1, 2, 3, 4]) -- (Edges: [(2, 4), (1, 2), (1, 3)])"
5,7,6,0.09289097785949707,7.773611545562744,7.866502523422241,0.8480205535888672,"(Vertices: [0, 1, 2, 3, 4]) -- (Edges: [(0, 1), (2, 4), (1, 2), (1, 4), (2, 3), (0, 2), (1, 3)])"
5,6,1,0.033772945404052734,0.02947711944580078,0.06325006484985352,0.2443246841430664,"(Vertices: [0, 1, 2, 3, 4]) -- (Edges: [(1, 2), (0, 4), (0, 3), (1, 4), (2, 3), (1, 3)])"
5,2,6,0.03582119941711426,0.16045022010803223,0.19627141952514648,0.3441781997680664,"(Vertices: [0, 1, 2, 3, 4]) -- (Edges: [(0, 4), (1, 4)])"
5,3,1,0.016544342041015625,0.008471965789794922,0.025016307830810547,0.16437625885009766,"(Vertices: [0, 1, 2, 3, 4]) -- (Edges: [(2, 3), (3, 4), (1, 4)])"
5,3,6,0.03605222702026367,0.17537331581115723,0.2114255428314209,0.3427467346191406,"(Vertices: [0, 1, 2, 3, 4]) -- (Edges: [(0, 1), (0, 2), (0, 3)])"
5,8,1,0.03419232368469238,0.04140925407409668,0.07560157775878906,0.2924995422363281,"(Vertices: [0, 1, 2, 3, 4]) -- (Edges: [(0, 1), (1, 2), (0, 4), (3, 4), (0, 3), (1, 4), (2, 3), (1, 3)])"
5,4,6,0.06081795692443848,0.015645742416381836,0.07646369934082031,0.6269874572753906,"(Vertices: [0, 1, 2, 3, 4]) -- (Edges: [(2, 3), (2, 4), (1, 2), (1, 4)])"
5,5,1,0.024152040481567383,0.011920452117919922,0.036072492599487305,0.22057533264160156,"(Vertices: [0, 1, 2, 3, 4]) -- (Edges: [(2, 4), (0, 3), (1, 4), (2, 3), (1, 3)])"
5,4,6,0.08072829246520996,5.309208631515503,5.389936923980713,0.684992790222168,"(Vertices: [0, 1, 2, 3, 4]) -- (Edges: [(0, 2), (0, 4), (3, 4), (1, 4)])"
5,3,1,0.01611614227294922,0.0340120792388916,0.05012822151184082,0.18384361267089844,"(Vertices: [0, 1, 2, 3, 4]) -- (Edges: [(2, 4), (0, 3), (0, 4)])"
5,3,6,0.050385236740112305,0.7390174865722656,0.7894027233123779,0.4700508117675781,"(Vertices: [0, 1, 2, 3, 4]) -- (Edges: [(0, 1), (1, 3), (0, 4)])"
5,4,1,0.016252994537353516,0.009259939193725586,0.0255129337310791,0.17815780639648438,"(Vertices: [0, 1, 2, 3, 4]) -- (Edges: [(2, 3), (0, 3), (1, 3), (3, 4)])"
5,5,6,0.05998706817626953,1.0350532531738281,1.0950403213500977,0.5909929275512695,"(Vertices: [0, 1, 2, 3, 4]) -- (Edges: [(1, 2), (0, 3), (2, 3), (0, 2), (1, 3)])"
5,4,1,0.022725582122802734,0.007101535797119141,0.029827117919921875,0.17607498168945312,"(Vertices: [0, 1, 2, 3, 4]) -- (Edges: [(0, 1), (1, 2), (0, 3), (2, 3)])"
5,3,6,0.03692317008972168,0.0661163330078125,0.10303950309753418,0.34794044494628906,"(Vertices: [0, 1, 2, 3, 4]) -- (Edges: [(0, 3), (1, 3), (1, 4)])"
5,2,1,0.010880470275878906,0.006612300872802734,0.01749277114868164,0.1589212417602539,"(Vertices: [0, 1, 2, 3, 4]) -- (Edges: [(3, 4), (1, 4)])"
5,3,6,0.05760955810546875,0.012099504470825195,0.06970906257629395,0.5190019607543945,"(Vertices: [0, 1, 2, 3, 4]) -- (Edges: [(2, 3), (1, 3), (1, 4)])"
5,5,1,0.019325733184814453,0.010179996490478516,0.02950572967529297,0.1893329620361328,"(Vertices: [0, 1, 2, 3, 4]) -- (Edges: [(0, 1), (2, 4), (0, 4), (2, 3), (1, 3)])"
5,6,6,0.0678403377532959,4.059957027435303,4.127797365188599,0.7152509689331055,"(Vertices: [0, 1, 2, 3, 4]) -- (Edges: [(0, 1), (2, 4), (0, 3), (2, 3), (0, 2), (1, 3)])"
5,1,1,0.007818222045898438,0.00840616226196289,0.016224384307861328,0.1386737823486328,"(Vertices: [0, 1, 2, 3, 4]) -- (Edges: [(1, 3)])"
5,5,6,0.06669473648071289,0.892519474029541,0.9592142105102539,0.6060476303100586,"(Vertices: [0, 1, 2, 3, 4]) -- (Edges: [(2, 4), (1, 2), (0, 4), (3, 4), (2, 3)])"
5,5,1,0.01773357391357422,0.010311603546142578,0.028045177459716797,0.18934249877929688,"(Vertices: [0, 1, 2, 3, 4]) -- (Edges: [(0, 1), (1, 4), (2, 3), (0, 2), (1, 3)])"
5,4,6,0.05090594291687012,0.014665365219116211,0.06557130813598633,0.48552513122558594,"(Vertices: [0, 1, 2, 3, 4]) -- (Edges: [(2, 3), (1, 2), (1, 3), (3, 4)])"
5,2,1,0.009823083877563477,0.006567716598510742,0.01639080047607422,0.14949512481689453,"(Vertices: [0, 1, 2, 3, 4]) -- (Edges: [(1, 2), (1, 4)])"
5,2,6,0.02474832534790039,0.07483124732971191,0.0995795726776123,0.2326517105102539,"(Vertices: [0, 1, 2, 3, 4]) -- (Edges: [(0, 4), (3, 4)])"
5,3,1,0.015511751174926758,0.008691787719726562,0.02420353889465332,0.16176700592041016,"(Vertices: [0, 1, 2, 3, 4]) -- (Edges: [(1, 2), (1, 3), (3, 4)])"
5,2,6,0.007836580276489258,0.005450010299682617,0.013286590576171875,0.09341907501220703,"(Vertices: [0, 1, 2, 3, 4]) -- (Edges: [(0, 3), (1, 4)])"
5,5,1,0.020430326461791992,0.012426614761352539,0.03285694122314453,0.19322967529296875,"(Vertices: [0, 1, 2, 3, 4]) -- (Edges: [(2, 4), (1, 2), (0, 4), (3, 4), (2, 3)])"
5,4,6,0.0516047477722168,1.0364305973052979,1.0880353450775146,0.47660064697265625,"(Vertices: [0, 1, 2, 3, 4]) -- (Edges: [(2, 3), (0, 2), (1, 2), (0, 4)])"
5,3,1,0.02005767822265625,0.008597850799560547,0.028655529022216797,0.18279266357421875,"(Vertices: [0, 1, 2, 3, 4]) -- (Edges: [(2, 4), (1, 3), (3, 4)])"
5,3,6,0.04500246047973633,0.011802911758422852,0.05680537223815918,0.3809089660644531,"(Vertices: [0, 1, 2, 3, 4]) -- (Edges: [(1, 3), (1, 2), (0, 4)])"
5,3,1,0.019270658493041992,0.03563809394836426,0.05490875244140625,0.18377971649169922,"(Vertices: [0, 1, 2, 3, 4]) -- (Edges: [(0, 1), (2, 4), (0, 4)])"
5,4,6,0.06809210777282715,2.003110647201538,2.0712027549743652,0.6555957794189453,"(Vertices: [0, 1, 2, 3, 4]) -- (Edges: [(0, 1), (1, 3), (0, 3), (0, 4)])"
5,3,1,0.012460947036743164,0.010329723358154297,0.02279067039489746,0.16176605224609375,"(Vertices: [0, 1, 2, 3, 4]) -- (Edges: [(0, 1), (0, 2), (2, 4)])"
5,1,6,0.006231069564819336,0.017328977584838867,0.023560047149658203,0.0726461410522461,"(Vertices: [0, 1, 2, 3, 4]) -- (Edges: [(0, 4)])"
5,7,1,0.02795124053955078,0.05289411544799805,0.08084535598754883,0.2713203430175781,"(Vertices: [0, 1, 2, 3, 4]) -- (Edges: [(0, 1), (2, 4), (1, 2), (0, 4), (0, 3), (1, 4), (0, 2)])"
5,2,6,0.008500099182128906,0.009715557098388672,0.018215656280517578,0.09295272827148438,"(Vertices: [0, 1, 2, 3, 4]) -- (Edges: [(1, 3), (0, 4)])"
5,2,1,0.015189170837402344,0.00919032096862793,0.024379491806030273,0.1510763168334961,"(Vertices: [0, 1, 2, 3, 4]) -- (Edges: [(2, 3), (1, 2)])"
5,4,6,0.06118655204772949,0.49970436096191406,0.5608909130096436,0.4750032424926758,"(Vertices: [0, 1, 2, 3, 4]) -- (Edges: [(0, 1), (2, 4), (2, 3), (1, 3)])"
5,3,1,0.021770238876342773,0.01127934455871582,0.033049583435058594,0.16304683685302734,"(Vertices: [0, 1, 2, 3, 4]) -- (Edges: [(2, 3), (1, 2), (1, 3)])"
5,6,6,0.07222437858581543,6.267294883728027,6.339519262313843,0.7282018661499023,"(Vertices: [0, 1, 2, 3, 4]) -- (Edges: [(0, 1), (3, 4), (0, 3), (1, 4), (2, 3), (0, 2)])"
5,6,1,0.01988983154296875,0.031737327575683594,0.051627159118652344,0.20129108428955078,"(Vertices: [0, 1, 2, 3, 4]) -- (Edges: [(0, 1), (2, 4), (1, 2), (0, 4), (0, 3), (0, 2)])"
5,4,6,0.04671168327331543,0.26944994926452637,0.3161616325378418,0.46366214752197266,"(Vertices: [0, 1, 2, 3, 4]) -- (Edges: [(1, 3), (0, 2), (1, 2), (0, 4)])"
5,3,1,0.01689624786376953,0.032530784606933594,0.049427032470703125,0.17523574829101562,"(Vertices: [0, 1, 2, 3, 4]) -- (Edges: [(0, 1), (0, 3), (1, 3)])"
5,3,6,0.05220651626586914,0.5711312294006348,0.6233377456665039,0.4584484100341797,"(Vertices: [0, 1, 2, 3, 4]) -- (Edges: [(2, 4), (1, 2), (0, 4)])"
5,3,1,0.01900959014892578,0.009751558303833008,0.02876114845275879,0.1842355728149414,"(Vertices: [0, 1, 2, 3, 4]) -- (Edges: [(2, 3), (2, 4), (1, 2)])"
5,5,6,0.07890439033508301,7.0364744663238525,7.1153788566589355,0.8925886154174805,"(Vertices: [0, 1, 2, 3, 4]) -- (Edges: [(1, 2), (0, 4), (3, 4), (2, 3), (1, 3)])"
5,1,1,0.009607315063476562,0.009883403778076172,0.019490718841552734,0.1386728286743164,"(Vertices: [0, 1, 2, 3, 4]) -- (Edges: [(0, 2)])"
5,3,6,0.03899121284484863,0.0845022201538086,0.12349343299865723,0.3511238098144531,"(Vertices: [0, 1, 2, 3, 4]) -- (Edges: [(0, 4), (3, 4), (1, 4)])"
5,3,1,0.02290964126586914,0.04184079170227051,0.06475043296813965,0.1855297088623047,"(Vertices: [0, 1, 2, 3, 4]) -- (Edges: [(2, 3), (0, 3), (0, 4)])"
5,5,6,0.08682775497436523,11.014350175857544,11.10117793083191,0.8271856307983398,"(Vertices: [0, 1, 2, 3, 4]) -- (Edges: [(1, 2), (3, 4), (0, 3), (1, 4), (0, 2)])"
5,3,1,0.011335372924804688,0.006601572036743164,0.01793694496154785,0.16174888610839844,"(Vertices: [0, 1, 2, 3, 4]) -- (Edges: [(0, 1), (0, 2), (1, 3)])"
5,3,6,0.025821447372436523,0.06688117980957031,0.09270262718200684,0.26214599609375,"(Vertices: [0, 1, 2, 3, 4]) -- (Edges: [(0, 2), (1, 2), (3, 4)])"
5,2,1,0.014030694961547852,0.012281417846679688,0.02631211280822754,0.1510934829711914,"(Vertices: [0, 1, 2, 3, 4]) -- (Edges: [(2, 4), (1, 4)])"
5,1,6,0.006669759750366211,0.006116151809692383,0.012785911560058594,0.07271099090576172,"(Vertices: [0, 1, 2, 3, 4]) -- (Edges: [(3, 4)])"
5,5,1,0.025393247604370117,0.04765129089355469,0.0730445384979248,0.22996997833251953,"(Vertices: [0, 1, 2, 3, 4]) -- (Edges: [(1, 2), (0, 4), (2, 3), (0, 2), (1, 3)])"
5,3,6,0.052143096923828125,1.243394374847412,1.2955374717712402,0.5141983032226562,"(Vertices: [0, 1, 2, 3, 4]) -- (Edges: [(2, 4), (0, 3), (0, 4)])"
5,5,1,0.027307510375976562,0.03323078155517578,0.060538291931152344,0.1893911361694336,"(Vertices: [0, 1, 2, 3, 4]) -- (Edges: [(0, 1), (1, 2), (0, 4), (3, 4), (0, 3)])"
5,4,6,0.05542111396789551,0.43943071365356445,0.49485182762145996,0.475616455078125,"(Vertices: [0, 1, 2, 3, 4]) -- (Edges: [(0, 2), (0, 4), (2, 4), (1, 4)])"
5,4,1,0.014081239700317383,0.00840139389038086,0.022482633590698242,0.17684364318847656,"(Vertices: [0, 1, 2, 3, 4]) -- (Edges: [(2, 3), (0, 2), (0, 4), (1, 4)])"
5,2,6,0.024159908294677734,0.008883476257324219,0.03304338455200195,0.22956371307373047,"(Vertices: [0, 1, 2, 3, 4]) -- (Edges: [(1, 3), (1, 4)])"
5,5,1,0.039565324783325195,0.060207366943359375,0.09977269172668457,0.2261180877685547,"(Vertices: [0, 1, 2, 3, 4]) -- (Edges: [(0, 1), (2, 4), (3, 4), (0, 3), (2, 3)])"
5,6,6,0.09550809860229492,17.362071752548218,17.457579851150513,0.9608650207519531,"(Vertices: [0, 1, 2, 3, 4]) -- (Edges: [(0, 1), (1, 2), (0, 4), (3, 4), (0, 3), (0, 2)])"
5,1,1,0.008189678192138672,0.006377220153808594,0.014566898345947266,0.13868999481201172,"(Vertices: [0, 1, 2, 3, 4]) -- (Edges: [(0, 4)])"
5,2,6,0.007214069366455078,0.02261185646057129,0.029825925827026367,0.08889293670654297,"(Vertices: [0, 1, 2, 3, 4]) -- (Edges: [(0, 2), (1, 4)])"
5,4,1,0.025377511978149414,0.0410614013671875,0.06643891334533691,0.2134866714477539,"(Vertices: [0, 1, 2, 3, 4]) -- (Edges: [(0, 1), (0, 2), (0, 3), (2, 4)])"
5,5,6,0.08459663391113281,13.399405717849731,13.484002351760864,0.8314580917358398,"(Vertices: [0, 1, 2, 3, 4]) -- (Edges: [(0, 1), (0, 4), (0, 3), (2, 3), (0, 2)])"
5,7,1,0.02822256088256836,0.03413271903991699,0.06235527992248535,0.21425151824951172,"(Vertices: [0, 1, 2, 3, 4]) -- (Edges: [(0, 1), (2, 4), (1, 2), (0, 3), (2, 3), (0, 2), (1, 3)])"
5,3,6,0.04048466682434082,0.1316685676574707,0.17215323448181152,0.36478614807128906,"(Vertices: [0, 1, 2, 3, 4]) -- (Edges: [(2, 3), (0, 2), (1, 2)])"
6,4,1,0.013180017471313477,0.00774383544921875,0.020923852920532227,0.1758108139038086,"(Vertices: [0, 1, 2, 3, 4, 5]) -- (Edges: [(0, 1), (0, 2), (2, 5), (1, 3)])"
6,5,8,0.07428717613220215,6.384782314300537,6.459069490432739,0.8048677444458008,"(Vertices: [0, 1, 2, 3, 4, 5]) -- (Edges: [(0, 1), (1, 2), (0, 4), (4, 5), (3, 5)])"
6,4,1,0.014244556427001953,0.010165929794311523,0.024410486221313477,0.1769580841064453,"(Vertices: [0, 1, 2, 3, 4, 5]) -- (Edges: [(1, 3), (0, 4), (3, 4), (3, 5)])"
6,6,8,0.09401631355285645,13.980064392089844,14.0740807056427,0.9643774032592773,"(Vertices: [0, 1, 2, 3, 4, 5]) -- (Edges: [(0, 1), (2, 4), (1, 5), (4, 5), (2, 5), (3, 5)])"
6,6,1,0.02687811851501465,0.04621315002441406,0.07309126853942871,0.252593994140625,"(Vertices: [0, 1, 2, 3, 4, 5]) -- (Edges: [(2, 4), (0, 3), (2, 3), (0, 2), (4, 5), (3, 5)])"
6,7,8,0.13568878173828125,261.172199010849,261.3078877925873,1.5897703170776367,"(Vertices: [0, 1, 2, 3, 4, 5]) -- (Edges: [(2, 4), (1, 2), (0, 4), (3, 4), (2, 3), (0, 5), (3, 5)])"
6,3,1,0.013339042663574219,0.012331485748291016,0.025670528411865234,0.16320133209228516,"(Vertices: [0, 1, 2, 3, 4, 5]) -- (Edges: [(0, 4), (0, 5), (1, 5)])"
6,4,8,0.06697440147399902,0.1414496898651123,0.20842409133911133,0.6148481369018555,"(Vertices: [0, 1, 2, 3, 4, 5]) -- (Edges: [(1, 4), (1, 2), (3, 5), (0, 5)])"
6,6,1,0.03231668472290039,0.039142608642578125,0.07145929336547852,0.2548494338989258,"(Vertices: [0, 1, 2, 3, 4, 5]) -- (Edges: [(0, 1), (3, 4), (1, 4), (0, 2), (0, 5), (3, 5)])"
6,2,8,0.008555173873901367,0.0070612430572509766,0.015616416931152344,0.0931396484375,"(Vertices: [0, 1, 2, 3, 4, 5]) -- (Edges: [(2, 4), (1, 3)])"
6,3,1,0.013735532760620117,0.011090993881225586,0.024826526641845703,0.1651611328125,"(Vertices: [0, 1, 2, 3, 4, 5]) -- (Edges: [(2, 4), (0, 4), (3, 4)])"
6,5,8,0.10288095474243164,4.372244119644165,4.475125074386597,0.8060073852539062,"(Vertices: [0, 1, 2, 3, 4, 5]) -- (Edges: [(1, 2), (0, 4), (3, 4), (1, 4), (2, 3)])"
6,3,1,0.017387866973876953,0.00888681411743164,0.026274681091308594,0.1651620864868164,"(Vertices: [0, 1, 2, 3, 4, 5]) -- (Edges: [(2, 5), (3, 5), (1, 4)])"
6,5,8,0.08830618858337402,4.132028579711914,4.220334768295288,0.8049488067626953,"(Vertices: [0, 1, 2, 3, 4, 5]) -- (Edges: [(0, 4), (3, 4), (4, 5), (0, 2), (2, 5)])"
6,3,1,0.018958330154418945,0.033525943756103516,0.05248427391052246,0.1775064468383789,"(Vertices: [0, 1, 2, 3, 4, 5]) -- (Edges: [(0, 3), (1, 3), (0, 5)])"
6,3,8,0.04646587371826172,0.017018795013427734,0.06348466873168945,0.47991466522216797,"(Vertices: [0, 1, 2, 3, 4, 5]) -- (Edges: [(2, 4), (2, 5), (1, 4)])"
6,6,1,0.020877599716186523,0.023967742919921875,0.0448453426361084,0.20368480682373047,"(Vertices: [0, 1, 2, 3, 4, 5]) -- (Edges: [(0, 1), (0, 4), (3, 4), (0, 3), (2, 3), (1, 3)])"
6,7,8,0.1074066162109375,52.84649324417114,52.95389986038208,1.114851951599121,"(Vertices: [0, 1, 2, 3, 4, 5]) -- (Edges: [(2, 4), (3, 4), (0, 3), (2, 3), (4, 5), (0, 5), (1, 3)])"
6,4,1,0.02166128158569336,0.0447850227355957,0.06644630432128906,0.21094894409179688,"(Vertices: [0, 1, 2, 3, 4, 5]) -- (Edges: [(1, 3), (1, 4), (0, 4), (0, 5)])"
6,4,8,0.06671261787414551,0.019187211990356445,0.08589982986450195,0.6673336029052734,"(Vertices: [0, 1, 2, 3, 4, 5]) -- (Edges: [(1, 2), (0, 3), (2, 5), (2, 4)])"
6,9,1,0.03622770309448242,0.04918384552001953,0.08541154861450195,0.33203983306884766,"(Vertices: [0, 1, 2, 3, 4, 5]) -- (Edges: [(0, 1), (1, 2), (1, 5), (0, 3), (2, 3), (0, 2), (4, 5), (2, 5), (3, 5)])"
6,3,8,0.04835677146911621,0.23333740234375,0.2816941738128662,0.49118709564208984,"(Vertices: [0, 1, 2, 3, 4, 5]) -- (Edges: [(0, 1), (2, 3), (1, 4)])"
6,2,1,0.014061689376831055,0.0075724124908447266,0.02163410186767578,0.16911029815673828,"(Vertices: [0, 1, 2, 3, 4, 5]) -- (Edges: [(1, 3), (1, 5)])"
6,7,8,0.13054275512695312,314.2941880226135,314.4247307777405,1.599776268005371,"(Vertices: [0, 1, 2, 3, 4, 5]) -- (Edges: [(0, 4), (3, 4), (0, 3), (2, 3), (0, 5), (1, 3), (3, 5)])"
6,2,1,0.017418861389160156,0.01237344741821289,0.029792308807373047,0.15094757080078125,"(Vertices: [0, 1, 2, 3, 4, 5]) -- (Edges: [(2, 3), (3, 4)])"
6,4,8,0.06881999969482422,1.1567745208740234,1.2255945205688477,0.6148929595947266,"(Vertices: [0, 1, 2, 3, 4, 5]) -- (Edges: [(2, 4), (2, 5), (3, 5), (0, 5)])"
6,4,1,0.017663955688476562,0.011008739471435547,0.02867269515991211,0.20229721069335938,"(Vertices: [0, 1, 2, 3, 4, 5]) -- (Edges: [(2, 3), (1, 2), (0, 3), (3, 5)])"
6,4,8,0.09640145301818848,0.2893979549407959,0.3857994079589844,0.9155645370483398,"(Vertices: [0, 1, 2, 3, 4, 5]) -- (Edges: [(2, 3), (2, 4), (0, 5), (1, 5)])"
6,3,1,0.019382953643798828,0.012663602828979492,0.03204655647277832,0.18407535552978516,"(Vertices: [0, 1, 2, 3, 4, 5]) -- (Edges: [(0, 2), (1, 2), (2, 4)])"
6,6,8,0.13358592987060547,141.98844003677368,142.1220259666443,1.353623390197754,"(Vertices: [0, 1, 2, 3, 4, 5]) -- (Edges: [(1, 2), (3, 4), (1, 5), (2, 3), (4, 5), (0, 5)])"
6,5,1,0.027826547622680664,0.00893712043762207,0.036763668060302734,0.22544384002685547,"(Vertices: [0, 1, 2, 3, 4, 5]) -- (Edges: [(1, 2), (0, 4), (2, 3), (1, 3), (3, 5)])"
6,6,8,0.15299654006958008,35.35810613632202,35.5111026763916,1.3353309631347656,"(Vertices: [0, 1, 2, 3, 4, 5]) -- (Edges: [(2, 4), (0, 4), (3, 4), (4, 5), (0, 5), (3, 5)])"
6,6,1,0.0265810489654541,0.028199195861816406,0.05478024482727051,0.20095157623291016,"(Vertices: [0, 1, 2, 3, 4, 5]) -- (Edges: [(0, 1), (1, 5), (0, 3), (0, 2), (4, 5), (0, 5)])"
6,7,8,0.1036221981048584,78.41591215133667,78.51953434944153,1.1276683807373047,"(Vertices: [0, 1, 2, 3, 4, 5]) -- (Edges: [(2, 4), (1, 2), (0, 3), (2, 3), (0, 2), (4, 5), (1, 3)])"
6,7,1,0.026516437530517578,0.036881446838378906,0.06339788436889648,0.2323923110961914,"(Vertices: [0, 1, 2, 3, 4, 5]) -- (Edges: [(0, 1), (2, 4), (0, 4), (1, 5), (0, 3), (1, 4), (1, 3)])"
6,4,8,0.06633901596069336,0.12294507026672363,0.189284086227417,0.7011871337890625,"(Vertices: [0, 1, 2, 3, 4, 5]) -- (Edges: [(0, 1), (4, 5), (0, 2), (3, 4)])"
6,3,1,0.023430585861206055,0.011193990707397461,0.034624576568603516,0.1890697479248047,"(Vertices: [0, 1, 2, 3, 4, 5]) -- (Edges: [(4, 5), (1, 2), (1, 3)])"
6,5,8,0.1103370189666748,0.30615830421447754,0.41649532318115234,1.106379508972168,"(Vertices: [0, 1, 2, 3, 4, 5]) -- (Edges: [(1, 2), (2, 3), (4, 5), (0, 5), (1, 3)])"
6,5,1,0.019763946533203125,0.009816646575927734,0.02958059310913086,0.19015026092529297,"(Vertices: [0, 1, 2, 3, 4, 5]) -- (Edges: [(2, 4), (1, 5), (0, 2), (0, 5), (1, 3)])"
6,5,8,0.08934640884399414,0.021835803985595703,0.11118221282958984,0.8049564361572266,"(Vertices: [0, 1, 2, 3, 4, 5]) -- (Edges: [(1, 4), (4, 5), (2, 5), (1, 3), (3, 5)])"
6,5,1,0.03171133995056152,0.04973268508911133,0.08144402503967285,0.22323131561279297,"(Vertices: [0, 1, 2, 3, 4, 5]) -- (Edges: [(2, 4), (0, 4), (3, 4), (0, 3), (0, 5)])"
6,5,8,0.10050153732299805,67.28370499610901,67.384206533432,1.1061973571777344,"(Vertices: [0, 1, 2, 3, 4, 5]) -- (Edges: [(1, 2), (0, 4), (1, 4), (2, 5), (3, 5)])"
6,1,1,0.011368751525878906,0.012206315994262695,0.0235750675201416,0.1451253890991211,"(Vertices: [0, 1, 2, 3, 4, 5]) -- (Edges: [(2, 3)])"
6,9,8,0.2100214958190918,411.5871078968048,411.7971293926239,1.9979171752929688,"(Vertices: [0, 1, 2, 3, 4, 5]) -- (Edges: [(0, 1), (2, 4), (1, 2), (3, 4), (1, 5), (0, 3), (2, 3), (4, 5), (2, 5)])"
6,5,1,0.03581976890563965,0.037415504455566406,0.07323527336120605,0.2357168197631836,"(Vertices: [0, 1, 2, 3, 4, 5]) -- (Edges: [(0, 1), (0, 4), (2, 3), (0, 2), (2, 5)])"
6,8,8,0.17003893852233887,380.6600422859192,380.8300812244415,1.7037010192871094,"(Vertices: [0, 1, 2, 3, 4, 5]) -- (Edges: [(2, 4), (3, 4), (1, 5), (0, 3), (1, 4), (0, 2), (4, 5), (0, 5)])"
6,4,1,0.01160573959350586,0.006918668746948242,0.0185244083404541,0.17693138122558594,"(Vertices: [0, 1, 2, 3, 4, 5]) -- (Edges: [(0, 1), (2, 5), (0, 4), (1, 4)])"
6,4,8,0.05046272277832031,0.8952581882476807,0.945720911026001,0.6359148025512695,"(Vertices: [0, 1, 2, 3, 4, 5]) -- (Edges: [(4, 5), (0, 4), (3, 5), (1, 5)])"
6,5,1,0.03043532371520996,0.03672456741333008,0.06715989112854004,0.23407554626464844,"(Vertices: [0, 1, 2, 3, 4, 5]) -- (Edges: [(0, 1), (1, 2), (1, 5), (2, 3), (0, 2)])"
6,4,8,0.09114289283752441,0.2175154685974121,0.3086583614349365,0.9225387573242188,"(Vertices: [0, 1, 2, 3, 4, 5]) -- (Edges: [(0, 1), (2, 3), (3, 5), (1, 4)])"
6,7,1,0.03089594841003418,0.05775952339172363,0.08865547180175781,0.28322792053222656,"(Vertices: [0, 1, 2, 3, 4, 5]) -- (Edges: [(2, 4), (1, 2), (0, 3), (2, 3), (0, 2), (0, 5), (3, 5)])"
6,4,8,0.06221151351928711,7.632650852203369,7.694862365722656,0.8495149612426758,"(Vertices: [0, 1, 2, 3, 4, 5]) -- (Edges: [(0, 1), (1, 2), (2, 3), (0, 5)])"
6,5,1,0.0178835391998291,0.02977585792541504,0.04765939712524414,0.2257528305053711,"(Vertices: [0, 1, 2, 3, 4, 5]) -- (Edges: [(0, 1), (3, 4), (1, 5), (1, 4), (0, 2)])"
6,7,8,0.11844682693481445,479.29349088668823,479.41193771362305,1.5512371063232422,"(Vertices: [0, 1, 2, 3, 4, 5]) -- (Edges: [(2, 4), (1, 2), (0, 4), (3, 4), (0, 3), (1, 4), (4, 5)])"
6,6,1,0.016713380813598633,0.037584543228149414,0.05429792404174805,0.2467660903930664,"(Vertices: [0, 1, 2, 3, 4, 5]) -- (Edges: [(2, 4), (0, 4), (0, 3), (2, 3), (0, 2), (1, 3)])"
6,9,8,0.15094399452209473,203.4689826965332,203.6199266910553,1.9961919784545898,"(Vertices: [0, 1, 2, 3, 4, 5]) -- (Edges: [(1, 2), (0, 4), (3, 4), (1, 5), (2, 3), (4, 5), (2, 5), (1, 3), (3, 5)])"
6,5,1,0.028774261474609375,0.04034137725830078,0.06911563873291016,0.2334156036376953,"(Vertices: [0, 1, 2, 3, 4, 5]) -- (Edges: [(1, 2), (0, 4), (2, 3), (4, 5), (0, 5)])"
6,3,8,0.07463884353637695,2.433978319168091,2.5086171627044678,0.6678371429443359,"(Vertices: [0, 1, 2, 3, 4, 5]) -- (Edges: [(2, 4), (0, 4), (1, 4)])"
6,8,1,0.03747916221618652,0.07964253425598145,0.11712169647216797,0.32156848907470703,"(Vertices: [0, 1, 2, 3, 4, 5]) -- (Edges: [(0, 1), (2, 4), (1, 5), (2, 3), (0, 2), (4, 5), (0, 5), (2, 5)])"
6,7,8,0.18635225296020508,45.74667954444885,45.93303179740906,1.5794038772583008,"(Vertices: [0, 1, 2, 3, 4, 5]) -- (Edges: [(0, 4), (3, 4), (2, 3), (0, 2), (4, 5), (0, 5), (3, 5)])"
6,2,1,0.009569883346557617,0.010357856750488281,0.0199277400970459,0.15129661560058594,"(Vertices: [0, 1, 2, 3, 4, 5]) -- (Edges: [(2, 3), (0, 3)])"
6,3,8,0.035939931869506836,0.1030571460723877,0.13899707794189453,0.46343994140625,"(Vertices: [0, 1, 2, 3, 4, 5]) -- (Edges: [(2, 4), (2, 5), (0, 4)])"
6,2,1,0.012282371520996094,0.005997419357299805,0.0182797908782959,0.16292476654052734,"(Vertices: [0, 1, 2, 3, 4, 5]) -- (Edges: [(1, 2), (3, 4)])"
6,5,8,0.09033036231994629,14.389310121536255,14.479640483856201,1.0527667999267578,"(Vertices: [0, 1, 2, 3, 4, 5]) -- (Edges: [(0, 1), (1, 2), (1, 5), (2, 3), (1, 3)])"
6,7,1,0.033802032470703125,0.025409221649169922,0.05921125411987305,0.21543407440185547,"(Vertices: [0, 1, 2, 3, 4, 5]) -- (Edges: [(0, 1), (0, 4), (3, 4), (1, 4), (2, 3), (0, 5), (2, 5)])"
6,6,8,0.09924054145812988,15.035284996032715,15.134525537490845,0.9612979888916016,"(Vertices: [0, 1, 2, 3, 4, 5]) -- (Edges: [(0, 4), (0, 3), (1, 4), (0, 2), (2, 5), (3, 5)])"
6,4,1,0.02196025848388672,0.008862733840942383,0.0308229923248291,0.20685100555419922,"(Vertices: [0, 1, 2, 3, 4, 5]) -- (Edges: [(2, 3), (2, 4), (2, 5), (0, 5)])"
6,5,8,0.1039893627166748,23.203895092010498,23.307884454727173,1.1692008972167969,"(Vertices: [0, 1, 2, 3, 4, 5]) -- (Edges: [(1, 2), (0, 3), (0, 2), (2, 5), (3, 5)])"
6,4,1,0.028642892837524414,0.009045839309692383,0.0376887321472168,0.20707035064697266,"(Vertices: [0, 1, 2, 3, 4, 5]) -- (Edges: [(1, 2), (2, 5), (3, 4), (1, 4)])"
6,7,8,0.1392514705657959,inf,inf,1.5308408737182617,"(Vertices: [0, 1, 2, 3, 4, 5]) -- (Edges: [(0, 4), (1, 5), (1, 4), (2, 3), (0, 2), (4, 5), (1, 3)])"
6,2,1,0.011697053909301758,0.009143590927124023,0.02084064483642578,0.15133380889892578,"(Vertices: [0, 1, 2, 3, 4, 5]) -- (Edges: [(4, 5), (1, 5)])"
6,7,8,0.11393857002258301,42.634217500686646,42.74815607070923,1.1010055541992188,"(Vertices: [0, 1, 2, 3, 4, 5]) -- (Edges: [(2, 4), (1, 2), (0, 4), (1, 5), (0, 2), (2, 5), (3, 5)])"
6,5,1,0.0293428897857666,0.009051322937011719,0.03839421272277832,0.18918323516845703,"(Vertices: [0, 1, 2, 3, 4, 5]) -- (Edges: [(1, 2), (1, 5), (1, 4), (4, 5), (0, 2)])"
6,7,8,0.11007118225097656,100.25728607177734,100.36735725402832,1.1087408065795898,"(Vertices: [0, 1, 2, 3, 4, 5]) -- (Edges: [(0, 1), (0, 4), (3, 4), (1, 5), (1, 4), (0, 2), (1, 3)])"
6,7,1,0.02317070960998535,0.007955074310302734,0.031125783920288086,0.2164773941040039,"(Vertices: [0, 1, 2, 3, 4, 5]) -- (Edges: [(0, 1), (3, 4), (1, 5), (2, 3), (2, 5), (1, 3), (3, 5)])"
6,5,8,0.07400345802307129,1.8137142658233643,1.8877177238464355,0.6604213714599609,"(Vertices: [0, 1, 2, 3, 4, 5]) -- (Edges: [(0, 1), (3, 4), (0, 2), (0, 5), (2, 5)])"
6,7,1,0.03152275085449219,0.01946854591369629,0.05099129676818848,0.21500396728515625,"(Vertices: [0, 1, 2, 3, 4, 5]) -- (Edges: [(0, 4), (0, 3), (1, 4), (2, 3), (0, 2), (2, 5), (1, 3)])"
6,5,8,0.07394218444824219,1.9768059253692627,2.050748109817505,0.7737464904785156,"(Vertices: [0, 1, 2, 3, 4, 5]) -- (Edges: [(1, 5), (0, 3), (2, 3), (4, 5), (1, 3)])"
6,9,1,0.02667689323425293,0.027209043502807617,0.05388593673706055,0.24637794494628906,"(Vertices: [0, 1, 2, 3, 4, 5]) -- (Edges: [(0, 1), (2, 4), (1, 2), (1, 4), (0, 2), (4, 5), (0, 5), (2, 5), (3, 5)])"
6,3,8,0.05507612228393555,0.14158368110656738,0.19665980339050293,0.48117828369140625,"(Vertices: [0, 1, 2, 3, 4, 5]) -- (Edges: [(4, 5), (3, 4), (0, 5)])"
6,4,1,0.016775131225585938,0.010162591934204102,0.02693772315979004,0.1769542694091797,"(Vertices: [0, 1, 2, 3, 4, 5]) -- (Edges: [(1, 2), (2, 5), (0, 5), (1, 5)])"
6,5,8,0.07711315155029297,3.656785249710083,3.733898401260376,0.7968330383300781,"(Vertices: [0, 1, 2, 3, 4, 5]) -- (Edges: [(0, 1), (0, 4), (1, 5), (0, 3), (3, 5)])"
6,4,1,0.016939163208007812,0.006571054458618164,0.023510217666625977,0.17694377899169922,"(Vertices: [0, 1, 2, 3, 4, 5]) -- (Edges: [(0, 1), (0, 2), (4, 5), (1, 5)])"
6,6,8,0.11368727684020996,21.170079946517944,21.283767223358154,0.9674539566040039,"(Vertices: [0, 1, 2, 3, 4, 5]) -- (Edges: [(0, 4), (3, 4), (2, 3), (4, 5), (1, 3), (3, 5)])"
6,7,1,0.026719093322753906,0.023474454879760742,0.05019354820251465,0.21351146697998047,"(Vertices: [0, 1, 2, 3, 4, 5]) -- (Edges: [(0, 1), (0, 3), (1, 4), (2, 3), (0, 2), (0, 5), (1, 3)])"
6,4,8,0.05867743492126465,0.022973299026489258,0.0816507339477539,0.5088157653808594,"(Vertices: [0, 1, 2, 3, 4, 5]) -- (Edges: [(4, 5), (0, 2), (3, 4), (1, 4)])"
6,7,1,0.02470850944519043,0.010805368423461914,0.035513877868652344,0.2168865203857422,"(Vertices: [0, 1, 2, 3, 4, 5]) -- (Edges: [(1, 2), (0, 4), (3, 4), (1, 5), (2, 5), (1, 3), (3, 5)])"
6,7,8,0.10160946846008301,59.23985171318054,59.341461181640625,1.1137895584106445,"(Vertices: [0, 1, 2, 3, 4, 5]) -- (Edges: [(2, 4), (1, 2), (0, 4), (0, 3), (2, 3), (0, 5), (3, 5)])"
6,6,1,0.025974750518798828,0.010622262954711914,0.03659701347351074,0.23320865631103516,"(Vertices: [0, 1, 2, 3, 4, 5]) -- (Edges: [(3, 4), (1, 5), (4, 5), (0, 5), (2, 5), (3, 5)])"
6,3,8,0.054470062255859375,0.29343748092651367,0.34790754318237305,0.4923667907714844,"(Vertices: [0, 1, 2, 3, 4, 5]) -- (Edges: [(0, 2), (0, 4), (3, 5)])"
6,3,1,0.02301025390625,0.01202249526977539,0.03503274917602539,0.18172168731689453,"(Vertices: [0, 1, 2, 3, 4, 5]) -- (Edges: [(0, 1), (4, 5), (3, 4)])"
6,6,8,0.1511995792388916,155.95552372932434,156.10672330856323,1.3124809265136719,"(Vertices: [0, 1, 2, 3, 4, 5]) -- (Edges: [(0, 1), (0, 4), (0, 3), (0, 2), (4, 5), (3, 5)])"
6,9,1,0.03315258026123047,0.0433049201965332,0.07645750045776367,0.2755403518676758,"(Vertices: [0, 1, 2, 3, 4, 5]) -- (Edges: [(2, 4), (1, 2), (0, 3), (1, 4), (0, 2), (4, 5), (0, 5), (1, 3), (3, 5)])"
6,4,8,0.07024121284484863,0.016690731048583984,0.08693194389343262,0.7341537475585938,"(Vertices: [0, 1, 2, 3, 4, 5]) -- (Edges: [(4, 5), (2, 4), (1, 3), (3, 4)])"
6,6,1,0.021136999130249023,0.011153459548950195,0.03229045867919922,0.20230579376220703,"(Vertices: [0, 1, 2, 3, 4, 5]) -- (Edges: [(0, 1), (2, 4), (1, 4), (2, 3), (4, 5), (0, 5)])"
6,4,8,0.0722799301147461,0.1238546371459961,0.1961345672607422,0.6148710250854492,"(Vertices: [0, 1, 2, 3, 4, 5]) -- (Edges: [(0, 2), (1, 2), (3, 5), (1, 5)])"
6,4,1,0.01430821418762207,0.0073244571685791016,0.021632671356201172,0.17834949493408203,"(Vertices: [0, 1, 2, 3, 4, 5]) -- (Edges: [(0, 1), (4, 5), (2, 3), (1, 5)])"
6,6,8,0.10754871368408203,27.465741395950317,27.5732901096344,0.9454193115234375,"(Vertices: [0, 1, 2, 3, 4, 5]) -- (Edges: [(1, 2), (0, 4), (0, 3), (1, 4), (0, 5), (2, 5)])"
6,5,1,0.018334150314331055,0.010037422180175781,0.028371572494506836,0.19099044799804688,"(Vertices: [0, 1, 2, 3, 4, 5]) -- (Edges: [(2, 4), (3, 4), (2, 5), (1, 3), (3, 5)])"
6,4,8,0.07163500785827637,0.9384527206420898,1.0100877285003662,0.6328458786010742,"(Vertices: [0, 1, 2, 3, 4, 5]) -- (Edges: [(4, 5), (1, 4), (0, 3), (0, 5)])"
7,9,1,0.02982044219970703,0.010818958282470703,0.040639400482177734,0.24627208709716797,"(Vertices: [0, 1, 2, 3, 4, 5, 6]) -- (Edges: [(3, 4), (4, 6), (1, 4), (4, 5), (5, 6), (0, 5), (3, 6), (1, 6), (1, 3)])"
7,7,12,0.22671270370483398,276.9197120666504,277.1464247703552,1.67706298828125,"(Vertices: [0, 1, 2, 3, 4, 5, 6]) -- (Edges: [(0, 1), (2, 4), (3, 4), (5, 6), (1, 6), (2, 5), (3, 5)])"
7,6,1,0.03306078910827637,0.010202646255493164,0.04326343536376953,0.25077152252197266,"(Vertices: [0, 1, 2, 3, 4, 5, 6]) -- (Edges: [(2, 4), (3, 4), (0, 2), (4, 5), (3, 6), (1, 3)])"
7,5,12,0.0047152042388916016,0.011425495147705078,0.01614069938659668,0.07495594024658203,"(Vertices: [0, 1, 2, 3, 4, 5, 6]) -- (Edges: [(0, 1), (3, 4), (5, 6), (1, 6), (2, 5)])"
7,7,1,0.02903294563293457,0.010658502578735352,0.03969144821166992,0.21718883514404297,"(Vertices: [0, 1, 2, 3, 4, 5, 6]) -- (Edges: [(2, 4), (3, 4), (2, 3), (4, 5), (3, 6), (1, 6), (1, 3)])"
7,6,12,0.17267346382141113,4.570234060287476,4.742907524108887,1.4681968688964844,"(Vertices: [0, 1, 2, 3, 4, 5, 6]) -- (Edges: [(0, 1), (2, 4), (0, 6), (4, 5), (3, 6), (1, 3)])"
7,8,1,0.028677701950073242,0.007856130599975586,0.03653383255004883,0.23031139373779297,"(Vertices: [0, 1, 2, 3, 4, 5, 6]) -- (Edges: [(2, 4), (1, 5), (4, 6), (1, 4), (2, 3), (0, 2), (1, 6), (2, 5)])"
7,5,12,0.13100695610046387,47.83515167236328,47.966158628463745,1.2159099578857422,"(Vertices: [0, 1, 2, 3, 4, 5, 6]) -- (Edges: [(2, 4), (3, 4), (0, 2), (5, 6), (0, 5)])"
7,6,1,0.02160477638244629,0.010917186737060547,0.032521963119506836,0.20116329193115234,"(Vertices: [0, 1, 2, 3, 4, 5, 6]) -- (Edges: [(1, 2), (1, 4), (0, 6), (2, 3), (2, 5), (1, 3)])"
5,6,1,0.010092496871948242,0.021465301513671875,0.03155779838562012,0.24271392822265625,"(Vertices: [0, 1, 2, 3, 4]) -- (Edges: [(0, 1), (0, 4), (3, 4), (1, 4), (0, 2), (1, 3)])"
5,4,6,0.028209209442138672,3.3205149173736572,3.348724126815796,0.7239522933959961,"(Vertices: [0, 1, 2, 3, 4]) -- (Edges: [(2, 4), (0, 3), (1, 3), (3, 4)])"
5,4,1,0.0049326419830322266,0.00908970832824707,0.014022350311279297,0.17482566833496094,"(Vertices: [0, 1, 2, 3, 4]) -- (Edges: [(0, 2), (0, 3), (0, 4), (3, 4)])"
5,3,6,0.015674829483032227,0.006005287170410156,0.021680116653442383,0.3577404022216797,"(Vertices: [0, 1, 2, 3, 4]) -- (Edges: [(2, 4), (1, 2), (1, 4)])"
5,4,1,0.0065653324127197266,0.01332235336303711,0.019887685775756836,0.20679569244384766,"(Vertices: [0, 1, 2, 3, 4]) -- (Edges: [(0, 2), (0, 3), (1, 3), (2, 4)])"
5,1,6,0.0018379688262939453,0.002738475799560547,0.004576444625854492,0.07490158081054688,"(Vertices: [0, 1, 2, 3, 4]) -- (Edges: [(1, 3)])"
5,3,1,0.004060506820678711,0.002753019332885742,0.006813526153564453,0.16297531127929688,"(Vertices: [0, 1, 2, 3, 4]) -- (Edges: [(0, 1), (0, 4), (3, 4)])"
5,2,6,0.009162664413452148,0.00492548942565918,0.014088153839111328,0.2296276092529297,"(Vertices: [0, 1, 2, 3, 4]) -- (Edges: [(1, 2), (1, 4)])"
5,4,1,0.0057299137115478516,0.0035550594329833984,0.00928497314453125,0.17734050750732422,"(Vertices: [0, 1, 2, 3, 4]) -- (Edges: [(0, 2), (0, 4), (3, 4), (1, 4)])"
5,2,6,0.009470939636230469,0.003758668899536133,0.013229608535766602,0.22954654693603516,"(Vertices: [0, 1, 2, 3, 4]) -- (Edges: [(1, 2), (1, 3)])"
5,3,1,0.004171848297119141,0.004996776580810547,0.009168624877929688,0.17765140533447266,"(Vertices: [0, 1, 2, 3, 4]) -- (Edges: [(2, 4), (0, 3), (1, 4)])"
5,3,6,0.0202634334564209,0.37428760528564453,0.39455103874206543,0.5211601257324219,"(Vertices: [0, 1, 2, 3, 4]) -- (Edges: [(0, 1), (2, 4), (1, 2)])"
5,4,1,0.006380558013916016,0.011262178421020508,0.017642736434936523,0.2049121856689453,"(Vertices: [0, 1, 2, 3, 4]) -- (Edges: [(0, 1), (1, 2), (0, 3), (1, 3)])"
5,6,6,0.04123687744140625,7.048079490661621,7.089316368103027,0.9870290756225586,"(Vertices: [0, 1, 2, 3, 4]) -- (Edges: [(0, 1), (2, 4), (0, 4), (0, 3), (2, 3), (1, 3)])"
5,3,1,0.005242347717285156,0.003016948699951172,0.008259296417236328,0.18288326263427734,"(Vertices: [0, 1, 2, 3, 4]) -- (Edges: [(2, 4), (1, 2), (1, 4)])"
5,1,6,0.0017960071563720703,0.002446889877319336,0.004242897033691406,0.07455921173095703,"(Vertices: [0, 1, 2, 3, 4]) -- (Edges: [(1, 2)])"
5,3,1,0.003710031509399414,0.002897977828979492,0.006608009338378906,0.16489505767822266,"(Vertices: [0, 1, 2, 3, 4]) -- (Edges: [(2, 3), (0, 2), (1, 4)])"
5,1,6,0.0017404556274414062,0.002429962158203125,0.004170417785644531,0.07270622253417969,"(Vertices: [0, 1, 2, 3, 4]) -- (Edges: [(2, 3)])"
5,4,1,0.005116701126098633,0.0030400753021240234,0.008156776428222656,0.17615699768066406,"(Vertices: [0, 1, 2, 3, 4]) -- (Edges: [(0, 1), (0, 3), (3, 4), (1, 4)])"
5,3,6,0.01468968391418457,0.05961918830871582,0.07430887222290039,0.3637533187866211,"(Vertices: [0, 1, 2, 3, 4]) -- (Edges: [(2, 3), (0, 2), (2, 4)])"
5,2,1,0.0026001930236816406,0.003950834274291992,0.006551027297973633,0.15106773376464844,"(Vertices: [0, 1, 2, 3, 4]) -- (Edges: [(0, 3), (1, 3)])"
5,3,6,0.014558792114257812,0.11623191833496094,0.13079071044921875,0.3566446304321289,"(Vertices: [0, 1, 2, 3, 4]) -- (Edges: [(0, 1), (1, 3), (0, 4)])"
5,3,1,0.004847049713134766,0.0029478073120117188,0.007794857025146484,0.18799209594726562,"(Vertices: [0, 1, 2, 3, 4]) -- (Edges: [(2, 4), (1, 2), (1, 3)])"
5,5,6,0.03354072570800781,4.812026500701904,4.845567226409912,0.8787422180175781,"(Vertices: [0, 1, 2, 3, 4]) -- (Edges: [(0, 1), (2, 4), (1, 4), (2, 3), (0, 2)])"
5,4,1,0.0043718814849853516,0.007279872894287109,0.011651754379272461,0.17478466033935547,"(Vertices: [0, 1, 2, 3, 4]) -- (Edges: [(0, 1), (1, 3), (0, 2), (0, 4)])"
5,2,6,0.009148359298706055,0.023099422454833984,0.03224778175354004,0.2429666519165039,"(Vertices: [0, 1, 2, 3, 4]) -- (Edges: [(0, 1), (1, 4)])"
5,3,1,0.004784345626831055,0.00368499755859375,0.008469343185424805,0.18385887145996094,"(Vertices: [0, 1, 2, 3, 4]) -- (Edges: [(2, 3), (2, 4), (0, 4)])"
5,4,6,0.025960445404052734,0.00714111328125,0.033101558685302734,0.7000827789306641,"(Vertices: [0, 1, 2, 3, 4]) -- (Edges: [(2, 3), (2, 4), (1, 2), (3, 4)])"
5,7,1,0.01086568832397461,0.020647525787353516,0.031513214111328125,0.28223609924316406,"(Vertices: [0, 1, 2, 3, 4]) -- (Edges: [(0, 1), (1, 2), (0, 4), (0, 3), (1, 4), (2, 3), (0, 2)])"
5,3,6,0.01888585090637207,0.3605167865753174,0.37940263748168945,0.5142621994018555,"(Vertices: [0, 1, 2, 3, 4]) -- (Edges: [(2, 3), (2, 4), (0, 4)])"
5,3,1,0.0036468505859375,0.0026390552520751953,0.006285905838012695,0.1617898941040039,"(Vertices: [0, 1, 2, 3, 4]) -- (Edges: [(0, 1), (0, 4), (1, 4)])"
5,2,6,0.009302139282226562,0.025609970092773438,0.034912109375,0.22962570190429688,"(Vertices: [0, 1, 2, 3, 4]) -- (Edges: [(0, 1), (0, 4)])"
5,4,1,0.007447957992553711,0.012431621551513672,0.019879579544067383,0.20916461944580078,"(Vertices: [0, 1, 2, 3, 4]) -- (Edges: [(0, 2), (0, 3), (1, 3), (3, 4)])"
5,1,6,0.001605987548828125,0.0023698806762695312,0.003975868225097656,0.07497024536132812,"(Vertices: [0, 1, 2, 3, 4]) -- (Edges: [(2, 4)])"
5,1,1,0.0029413700103759766,0.002264261245727539,0.005205631256103516,0.1386737823486328,"(Vertices: [0, 1, 2, 3, 4]) -- (Edges: [(2, 3)])"
5,2,6,0.01058506965637207,0.025442123413085938,0.03602719306945801,0.22962570190429688,"(Vertices: [0, 1, 2, 3, 4]) -- (Edges: [(0, 2), (0, 4)])"
5,3,1,0.0041468143463134766,0.004499673843383789,0.008646488189697266,0.16297531127929688,"(Vertices: [0, 1, 2, 3, 4]) -- (Edges: [(0, 2), (1, 2), (1, 4)])"
5,2,6,0.010320663452148438,0.0032498836517333984,0.013570547103881836,0.2429046630859375,"(Vertices: [0, 1, 2, 3, 4]) -- (Edges: [(1, 3), (3, 4)])"
5,3,1,0.003790140151977539,0.006457090377807617,0.010247230529785156,0.16437625885009766,"(Vertices: [0, 1, 2, 3, 4]) -- (Edges: [(2, 3), (1, 3), (3, 4)])"
5,4,6,0.020557403564453125,0.07636594772338867,0.0969233512878418,0.4992971420288086,"(Vertices: [0, 1, 2, 3, 4]) -- (Edges: [(0, 1), (1, 2), (2, 3), (3, 4)])"
5,1,1,0.002286195755004883,0.003549814224243164,0.005836009979248047,0.14446449279785156,"(Vertices: [0, 1, 2, 3, 4]) -- (Edges: [(1, 3)])"
5,3,6,0.014822959899902344,0.08003568649291992,0.09485864639282227,0.3809080123901367,"(Vertices: [0, 1, 2, 3, 4]) -- (Edges: [(1, 2), (0, 3), (0, 4)])"
5,5,1,0.005038261413574219,0.002920866012573242,0.007959127426147461,0.1899700164794922,"(Vertices: [0, 1, 2, 3, 4]) -- (Edges: [(2, 4), (0, 4), (0, 3), (2, 3), (1, 3)])"
5,4,6,0.019262313842773438,0.11433959007263184,0.13360190391540527,0.48844242095947266,"(Vertices: [0, 1, 2, 3, 4]) -- (Edges: [(0, 1), (2, 4), (1, 2), (3, 4)])"
5,3,1,0.0040895938873291016,0.00276947021484375,0.0068590641021728516,0.16437530517578125,"(Vertices: [0, 1, 2, 3, 4]) -- (Edges: [(0, 2), (2, 4), (3, 4)])"
5,4,6,0.018851041793823242,0.5902047157287598,0.609055757522583,0.48451709747314453,"(Vertices: [0, 1, 2, 3, 4]) -- (Edges: [(0, 1), (0, 2), (1, 3), (3, 4)])"
5,2,1,0.0026276111602783203,0.003700733184814453,0.0063283443450927734,0.14949417114257812,"(Vertices: [0, 1, 2, 3, 4]) -- (Edges: [(0, 1), (0, 4)])"
5,4,6,0.016974449157714844,0.12367033958435059,0.14064478874206543,0.4750089645385742,"(Vertices: [0, 1, 2, 3, 4]) -- (Edges: [(0, 1), (2, 4), (1, 3), (1, 4)])"
5,3,1,0.005494356155395508,0.002706766128540039,0.008201122283935547,0.18155479431152344,"(Vertices: [0, 1, 2, 3, 4]) -- (Edges: [(2, 3), (1, 2), (0, 4)])"
5,1,6,0.0015208721160888672,0.0023076534271240234,0.0038285255432128906,0.0746145248413086,"(Vertices: [0, 1, 2, 3, 4]) -- (Edges: [(0, 2)])"
5,5,1,0.006170988082885742,0.01525259017944336,0.0214235782623291,0.2168741226196289,"(Vertices: [0, 1, 2, 3, 4]) -- (Edges: [(2, 4), (3, 4), (0, 3), (1, 4), (0, 2)])"
5,1,6,0.0017383098602294922,0.002128124237060547,0.003866434097290039,0.07496929168701172,"(Vertices: [0, 1, 2, 3, 4]) -- (Edges: [(0, 4)])"
5,1,1,0.0017690658569335938,0.0020987987518310547,0.0038678646087646484,0.13854598999023438,"(Vertices: [0, 1, 2, 3, 4]) -- (Edges: [(2, 3)])"
5,3,6,0.012664079666137695,0.06448841094970703,0.07715249061584473,0.34794044494628906,"(Vertices: [0, 1, 2, 3, 4]) -- (Edges: [(2, 3), (0, 3), (0, 4)])"
5,4,1,0.004080295562744141,0.002660989761352539,0.00674128532409668,0.176239013671875,"(Vertices: [0, 1, 2, 3, 4]) -- (Edges: [(2, 3), (1, 2), (1, 3), (3, 4)])"
5,4,6,0.01661062240600586,0.3401825428009033,0.3567931652069092,0.47565650939941406,"(Vertices: [0, 1, 2, 3, 4]) -- (Edges: [(0, 1), (1, 3), (2, 4), (0, 4)])"
5,3,1,0.004461765289306641,0.003833293914794922,0.008295059204101562,0.1855611801147461,"(Vertices: [0, 1, 2, 3, 4]) -- (Edges: [(0, 3), (1, 3), (1, 4)])"
5,3,6,0.01882648468017578,0.0047986507415771484,0.02362513542175293,0.5406398773193359,"(Vertices: [0, 1, 2, 3, 4]) -- (Edges: [(2, 4), (1, 3), (3, 4)])"
5,4,1,0.003681659698486328,0.0025262832641601562,0.006207942962646484,0.17673301696777344,"(Vertices: [0, 1, 2, 3, 4]) -- (Edges: [(0, 1), (0, 2), (2, 4), (3, 4)])"
5,4,6,0.017781496047973633,0.09361696243286133,0.11139845848083496,0.47864723205566406,"(Vertices: [0, 1, 2, 3, 4]) -- (Edges: [(2, 3), (0, 3), (3, 4), (1, 4)])"
5,5,1,0.005607128143310547,0.003033161163330078,0.008640289306640625,0.1913738250732422,"(Vertices: [0, 1, 2, 3, 4]) -- (Edges: [(2, 4), (3, 4), (1, 4), (2, 3), (0, 2)])"
5,2,6,0.009706497192382812,0.01983952522277832,0.029546022415161133,0.2429494857788086,"(Vertices: [0, 1, 2, 3, 4]) -- (Edges: [(0, 1), (1, 2)])"
5,2,1,0.003072977066040039,0.0021467208862304688,0.005219697952270508,0.1589212417602539,"(Vertices: [0, 1, 2, 3, 4]) -- (Edges: [(2, 4), (1, 4)])"
5,4,6,0.026912450790405273,3.0824947357177734,3.1094071865081787,0.7243871688842773,"(Vertices: [0, 1, 2, 3, 4]) -- (Edges: [(2, 4), (0, 3), (1, 3), (3, 4)])"
5,4,1,0.005334138870239258,0.008439302444458008,0.013773441314697266,0.17926502227783203,"(Vertices: [0, 1, 2, 3, 4]) -- (Edges: [(2, 4), (1, 2), (0, 4), (3, 4)])"
5,4,6,0.017482757568359375,0.7142140865325928,0.7316968441009521,0.47266483306884766,"(Vertices: [0, 1, 2, 3, 4]) -- (Edges: [(0, 1), (0, 2), (0, 3), (2, 4)])"
5,4,1,0.006049156188964844,0.01214456558227539,0.018193721771240234,0.2049427032470703,"(Vertices: [0, 1, 2, 3, 4]) -- (Edges: [(0, 1), (2, 4), (1, 2), (0, 4)])"
5,5,6,0.029817819595336914,5.712100505828857,5.741918325424194,0.8795700073242188,"(Vertices: [0, 1, 2, 3, 4]) -- (Edges: [(2, 4), (3, 4), (0, 3), (1, 4), (0, 2)])"
5,4,1,0.005190610885620117,0.002874612808227539,0.008065223693847656,0.177276611328125,"(Vertices: [0, 1, 2, 3, 4]) -- (Edges: [(2, 4), (0, 3), (1, 3), (1, 4)])"
5,6,6,0.027513742446899414,2.4125025272369385,2.440016269683838,0.697479248046875,"(Vertices: [0, 1, 2, 3, 4]) -- (Edges: [(0, 1), (1, 2), (0, 4), (0, 3), (1, 4), (0, 2)])"
5,4,1,0.004307746887207031,0.003263235092163086,0.007570981979370117,0.17486286163330078,"(Vertices: [0, 1, 2, 3, 4]) -- (Edges: [(2, 4), (1, 2), (1, 3), (1, 4)])"
5,5,6,0.02371811866760254,0.7874910831451416,0.8112092018127441,0.6044950485229492,"(Vertices: [0, 1, 2, 3, 4]) -- (Edges: [(0, 4), (3, 4), (2, 3), (0, 2), (1, 3)])"
5,4,1,0.007407426834106445,0.002938508987426758,0.010345935821533203,0.20325279235839844,"(Vertices: [0, 1, 2, 3, 4]) -- (Edges: [(2, 3), (2, 4), (1, 3), (3, 4)])"
5,4,6,0.025244951248168945,0.8817453384399414,0.9069902896881104,0.6585502624511719,"(Vertices: [0, 1, 2, 3, 4]) -- (Edges: [(0, 2), (0, 4), (2, 4), (1, 4)])"
5,7,1,0.007000923156738281,0.0030622482299804688,0.01006317138671875,0.21416568756103516,"(Vertices: [0, 1, 2, 3, 4]) -- (Edges: [(0, 1), (1, 2), (3, 4), (0, 3), (1, 4), (2, 3), (1, 3)])"
5,3,6,0.010119915008544922,0.009101152420043945,0.019221067428588867,0.2624340057373047,"(Vertices: [0, 1, 2, 3, 4]) -- (Edges: [(0, 1), (2, 4), (3, 4)])"
5,4,1,0.004780769348144531,0.003206968307495117,0.007987737655639648,0.1767559051513672,"(Vertices: [0, 1, 2, 3, 4]) -- (Edges: [(2, 3), (0, 3), (0, 4), (3, 4)])"
5,6,6,0.029284954071044922,2.114246368408203,2.143531322479248,0.7271547317504883,"(Vertices: [0, 1, 2, 3, 4]) -- (Edges: [(0, 1), (1, 2), (3, 4), (0, 3), (1, 4), (2, 3)])"
5,5,1,0.0048732757568359375,0.00738525390625,0.012258529663085938,0.1899728775024414,"(Vertices: [0, 1, 2, 3, 4]) -- (Edges: [(0, 4), (3, 4), (0, 3), (0, 2), (1, 3)])"
5,5,6,0.023533344268798828,0.44027161598205566,0.4638049602508545,0.6044931411743164,"(Vertices: [0, 1, 2, 3, 4]) -- (Edges: [(2, 4), (3, 4), (1, 4), (0, 2), (1, 3)])"
5,2,1,0.003180265426635742,0.0027513504028320312,0.0059316158294677734,0.15108585357666016,"(Vertices: [0, 1, 2, 3, 4]) -- (Edges: [(2, 4), (1, 2)])"
5,1,6,0.0013360977172851562,0.009396553039550781,0.010732650756835938,0.07270526885986328,"(Vertices: [0, 1, 2, 3, 4]) -- (Edges: [(0, 1)])"
5,2,1,0.003381013870239258,0.0027692317962646484,0.006150245666503906,0.15078163146972656,"(Vertices: [0, 1, 2, 3, 4]) -- (Edges: [(0, 3), (3, 4)])"
5,2,6,0.0028243064880371094,0.003963470458984375,0.006787776947021484,0.08889389038085938,"(Vertices: [0, 1, 2, 3, 4]) -- (Edges: [(2, 3), (1, 4)])"
5,1,1,0.002066373825073242,0.002196788787841797,0.004263162612915039,0.14446449279785156,"(Vertices: [0, 1, 2, 3, 4]) -- (Edges: [(1, 2)])"
5,6,6,0.03638815879821777,6.440091371536255,6.476479530334473,0.9453983306884766,"(Vertices: [0, 1, 2, 3, 4]) -- (Edges: [(0, 1), (2, 4), (1, 2), (0, 3), (1, 4), (0, 2)])"
5,5,1,0.00553441047668457,0.004549503326416016,0.010083913803100586,0.19322967529296875,"(Vertices: [0, 1, 2, 3, 4]) -- (Edges: [(2, 4), (1, 2), (0, 4), (3, 4), (2, 3)])"
5,2,6,0.0025534629821777344,0.002157926559448242,0.0047113895416259766,0.08917999267578125,"(Vertices: [0, 1, 2, 3, 4]) -- (Edges: [(1, 2), (3, 4)])"
5,2,1,0.0033555030822753906,0.0026092529296875,0.005964756011962891,0.16688060760498047,"(Vertices: [0, 1, 2, 3, 4]) -- (Edges: [(0, 3), (3, 4)])"
5,2,6,0.002536773681640625,0.002832174301147461,0.005368947982788086,0.09294891357421875,"(Vertices: [0, 1, 2, 3, 4]) -- (Edges: [(0, 2), (1, 3)])"
5,4,1,0.0045549869537353516,0.0030930042266845703,0.007647991180419922,0.17615699768066406,"(Vertices: [0, 1, 2, 3, 4]) -- (Edges: [(0, 1), (0, 3), (3, 4), (1, 4)])"
5,1,6,0.001901388168334961,0.003026723861694336,0.004928112030029297,0.07271099090576172,"(Vertices: [0, 1, 2, 3, 4]) -- (Edges: [(3, 4)])"
5,4,1,0.004546403884887695,0.00283050537109375,0.007376909255981445,0.17867374420166016,"(Vertices: [0, 1, 2, 3, 4]) -- (Edges: [(2, 3), (0, 3), (3, 4), (1, 4)])"
5,1,6,0.0013549327850341797,0.010244607925415039,0.011599540710449219,0.07271003723144531,"(Vertices: [0, 1, 2, 3, 4]) -- (Edges: [(0, 4)])"
5,5,1,0.006750583648681641,0.003004789352416992,0.009755373001098633,0.2160968780517578,"(Vertices: [0, 1, 2, 3, 4]) -- (Edges: [(2, 4), (1, 2), (3, 4), (2, 3), (0, 2)])"
5,1,6,0.0015726089477539062,0.0019893646240234375,0.0035619735717773438,0.0749654769897461,"(Vertices: [0, 1, 2, 3, 4]) -- (Edges: [(1, 3)])"
5,3,1,0.003487110137939453,0.002540111541748047,0.0060272216796875,0.1643514633178711,"(Vertices: [0, 1, 2, 3, 4]) -- (Edges: [(0, 2), (1, 3), (2, 4)])"
5,5,6,0.024251937866210938,1.5834672451019287,1.6077191829681396,0.5877275466918945,"(Vertices: [0, 1, 2, 3, 4]) -- (Edges: [(0, 1), (0, 4), (0, 3), (1, 4), (0, 2)])"
5,3,1,0.004673480987548828,0.0024766921997070312,0.007150173187255859,0.16489505767822266,"(Vertices: [0, 1, 2, 3, 4]) -- (Edges: [(2, 3), (0, 2), (1, 4)])"
5,5,6,0.024132728576660156,0.48140788078308105,0.5055406093597412,0.6005067825317383,"(Vertices: [0, 1, 2, 3, 4]) -- (Edges: [(0, 1), (3, 4), (0, 3), (1, 4), (1, 3)])"
5,2,1,0.0028269290924072266,0.004060506820678711,0.0068874359130859375,0.15078163146972656,"(Vertices: [0, 1, 2, 3, 4]) -- (Edges: [(0, 1), (1, 4)])"
5,5,6,0.023151397705078125,0.9593698978424072,0.9825212955474854,0.5913228988647461,"(Vertices: [0, 1, 2, 3, 4]) -- (Edges: [(1, 2), (0, 4), (3, 4), (0, 3), (1, 4)])"
5,4,1,0.004955291748046875,0.00449681282043457,0.009452104568481445,0.17482757568359375,"(Vertices: [0, 1, 2, 3, 4]) -- (Edges: [(1, 2), (1, 3), (3, 4), (1, 4)])"
5,2,6,0.009790658950805664,0.003438711166381836,0.0132293701171875,0.23271751403808594,"(Vertices: [0, 1, 2, 3, 4]) -- (Edges: [(3, 4), (1, 4)])"
5,4,1,0.0066416263580322266,0.004305124282836914,0.01094675064086914,0.2005167007446289,"(Vertices: [0, 1, 2, 3, 4]) -- (Edges: [(0, 1), (2, 4), (1, 2), (3, 4)])"
5,3,6,0.01888418197631836,0.359769344329834,0.37865352630615234,0.5218534469604492,"(Vertices: [0, 1, 2, 3, 4]) -- (Edges: [(0, 1), (2, 4), (1, 2)])"
5,5,1,0.006345272064208984,0.0029718875885009766,0.009317159652709961,0.1899738311767578,"(Vertices: [0, 1, 2, 3, 4]) -- (Edges: [(0, 4), (0, 3), (1, 4), (2, 3), (1, 3)])"
5,5,6,0.02378535270690918,0.506289005279541,0.5300743579864502,0.5888166427612305,"(Vertices: [0, 1, 2, 3, 4]) -- (Edges: [(2, 4), (0, 4), (0, 3), (2, 3), (0, 2)])"
5,4,1,0.0049686431884765625,0.012746572494506836,0.0177152156829834,0.18239116668701172,"(Vertices: [0, 1, 2, 3, 4]) -- (Edges: [(2, 3), (0, 2), (0, 3), (1, 3)])"
5,2,6,0.00905156135559082,0.03483176231384277,0.043883323669433594,0.2450571060180664,"(Vertices: [0, 1, 2, 3, 4]) -- (Edges: [(0, 2), (0, 4)])"
5,4,1,0.006143331527709961,0.012505531311035156,0.018648862838745117,0.2067861557006836,"(Vertices: [0, 1, 2, 3, 4]) -- (Edges: [(0, 1), (1, 3), (2, 3), (0, 4)])"
5,6,6,0.03394436836242676,10.825340509414673,10.8592848777771,0.9292488098144531,"(Vertices: [0, 1, 2, 3, 4]) -- (Edges: [(0, 1), (1, 2), (0, 4), (1, 4), (0, 2), (1, 3)])"
5,2,1,0.002816915512084961,0.0025377273559570312,0.005354642868041992,0.14947795867919922,"(Vertices: [0, 1, 2, 3, 4]) -- (Edges: [(1, 2), (1, 3)])"
5,3,6,0.014453411102294922,0.0039827823638916016,0.018436193466186523,0.3637266159057617,"(Vertices: [0, 1, 2, 3, 4]) -- (Edges: [(2, 3), (3, 4), (1, 4)])"
6,5,1,0.005883216857910156,0.003592967987060547,0.009476184844970703,0.1920938491821289,"(Vertices: [0, 1, 2, 3, 4, 5]) -- (Edges: [(3, 4), (1, 5), (0, 3), (2, 3), (1, 3)])"
6,5,8,0.03213167190551758,1.1700243949890137,1.2021560668945312,0.8048677444458008,"(Vertices: [0, 1, 2, 3, 4, 5]) -- (Edges: [(1, 2), (1, 4), (2, 3), (4, 5), (0, 5)])"
6,6,1,0.006299734115600586,0.00544428825378418,0.011744022369384766,0.2037057876586914,"(Vertices: [0, 1, 2, 3, 4, 5]) -- (Edges: [(0, 4), (3, 4), (2, 3), (4, 5), (0, 5), (2, 5)])"
6,4,8,0.027909278869628906,0.05588722229003906,0.08379650115966797,0.6148319244384766,"(Vertices: [0, 1, 2, 3, 4, 5]) -- (Edges: [(2, 4), (2, 5), (3, 4), (0, 5)])"
6,4,1,0.007004976272583008,0.003027677536010742,0.01003265380859375,0.20842456817626953,"(Vertices: [0, 1, 2, 3, 4, 5]) -- (Edges: [(2, 3), (2, 4), (4, 5), (1, 4)])"
6,7,8,0.06134462356567383,inf,inf,1.6306896209716797,"(Vertices: [0, 1, 2, 3, 4, 5]) -- (Edges: [(0, 4), (0, 3), (1, 4), (2, 3), (4, 5), (0, 5), (2, 5)])"
6,5,1,0.007604122161865234,0.02007603645324707,0.027680158615112305,0.23157978057861328,"(Vertices: [0, 1, 2, 3, 4, 5]) -- (Edges: [(1, 2), (0, 4), (1, 4), (2, 3), (0, 2)])"
6,3,8,0.019997835159301758,0.006967782974243164,0.026965618133544922,0.4848909378051758,"(Vertices: [0, 1, 2, 3, 4, 5]) -- (Edges: [(0, 3), (2, 5), (1, 5)])"
6,2,1,0.005019187927246094,0.0033638477325439453,0.008383035659790039,0.16911029815673828,"(Vertices: [0, 1, 2, 3, 4, 5]) -- (Edges: [(1, 2), (1, 5)])"
6,4,8,0.037166595458984375,7.397707939147949,7.434874534606934,0.9256753921508789,"(Vertices: [0, 1, 2, 3, 4, 5]) -- (Edges: [(2, 3), (0, 3), (1, 3), (3, 4)])"
6,7,1,0.006871223449707031,0.009255647659301758,0.01612687110900879,0.21381282806396484,"(Vertices: [0, 1, 2, 3, 4, 5]) -- (Edges: [(0, 1), (1, 2), (1, 5), (2, 3), (0, 2), (0, 5), (3, 5)])"
6,3,8,0.019724369049072266,0.23371052742004395,0.2534348964691162,0.4768085479736328,"(Vertices: [0, 1, 2, 3, 4, 5]) -- (Edges: [(0, 3), (0, 4), (3, 5)])"
6,2,1,0.003202676773071289,0.0049343109130859375,0.008136987686157227,0.15073013305664062,"(Vertices: [0, 1, 2, 3, 4, 5]) -- (Edges: [(0, 3), (1, 4)])"
6,3,8,0.013743162155151367,0.004773378372192383,0.01851654052734375,0.3345937728881836,"(Vertices: [0, 1, 2, 3, 4, 5]) -- (Edges: [(2, 5), (1, 3), (1, 4)])"
6,6,1,0.00709223747253418,0.0033142566680908203,0.010406494140625,0.20283126831054688,"(Vertices: [0, 1, 2, 3, 4, 5]) -- (Edges: [(0, 1), (0, 3), (1, 4), (2, 5), (1, 3), (3, 5)])"
6,8,8,0.05117440223693848,inf,inf,1.2659835815429688,"(Vertices: [0, 1, 2, 3, 4, 5]) -- (Edges: [(0, 1), (0, 4), (3, 4), (0, 3), (4, 5), (0, 5), (2, 5), (3, 5)])"
6,5,1,0.005908489227294922,0.004166364669799805,0.010074853897094727,0.19089794158935547,"(Vertices: [0, 1, 2, 3, 4, 5]) -- (Edges: [(0, 1), (3, 4), (1, 5), (1, 4), (2, 3)])"
6,6,8,0.03729391098022461,0.008726119995117188,0.0460200309753418,0.9614219665527344,"(Vertices: [0, 1, 2, 3, 4, 5]) -- (Edges: [(1, 2), (3, 4), (1, 4), (2, 5), (1, 3), (3, 5)])"
6,6,1,0.009333372116088867,0.01447439193725586,0.023807764053344727,0.26856231689453125,"(Vertices: [0, 1, 2, 3, 4, 5]) -- (Edges: [(1, 5), (0, 3), (1, 4), (0, 2), (4, 5), (1, 3)])"
6,7,8,0.0579683780670166,78.86980438232422,78.92777276039124,1.594496726989746,"(Vertices: [0, 1, 2, 3, 4, 5]) -- (Edges: [(0, 1), (3, 4), (1, 5), (1, 4), (2, 3), (4, 5), (0, 5)])"
6,6,1,0.007086277008056641,0.003038167953491211,0.010124444961547852,0.2023296356201172,"(Vertices: [0, 1, 2, 3, 4, 5]) -- (Edges: [(0, 1), (2, 4), (1, 5), (0, 3), (4, 5), (2, 5)])"
6,7,8,0.0431370735168457,23.56247901916504,23.605616092681885,1.0959787368774414,"(Vertices: [0, 1, 2, 3, 4, 5]) -- (Edges: [(1, 2), (0, 4), (3, 4), (0, 3), (1, 4), (0, 5), (1, 3)])"
6,3,1,0.003616809844970703,0.002810955047607422,0.006427764892578125,0.16503334045410156,"(Vertices: [0, 1, 2, 3, 4, 5]) -- (Edges: [(0, 4), (3, 5), (1, 5)])"
6,9,8,0.055361270904541016,69.2184088230133,69.27377009391785,1.4361763000488281,"(Vertices: [0, 1, 2, 3, 4, 5]) -- (Edges: [(2, 4), (1, 2), (3, 4), (1, 5), (0, 3), (1, 4), (2, 3), (0, 2), (1, 3)])"
6,3,1,0.003968238830566406,0.0029261112213134766,0.006894350051879883,0.1626882553100586,"(Vertices: [0, 1, 2, 3, 4, 5]) -- (Edges: [(0, 2), (1, 2), (1, 5)])"
6,2,8,0.0026335716247558594,0.0027780532836914062,0.005411624908447266,0.089508056640625,"(Vertices: [0, 1, 2, 3, 4, 5]) -- (Edges: [(3, 4), (1, 5)])"
6,3,1,0.005018949508666992,0.009677886962890625,0.014696836471557617,0.18906688690185547,"(Vertices: [0, 1, 2, 3, 4, 5]) -- (Edges: [(2, 5), (0, 3), (0, 4)])"
6,4,8,0.031245708465576172,1.1370534896850586,1.1682991981506348,0.8222436904907227,"(Vertices: [0, 1, 2, 3, 4, 5]) -- (Edges: [(0, 1), (1, 4), (0, 5), (1, 5)])"
6,3,1,0.005590915679931641,0.011464595794677734,0.017055511474609375,0.18904590606689453,"(Vertices: [0, 1, 2, 3, 4, 5]) -- (Edges: [(0, 2), (0, 3), (1, 4)])"
6,4,8,0.03200125694274902,4.82320237159729,4.855203628540039,0.8781471252441406,"(Vertices: [0, 1, 2, 3, 4, 5]) -- (Edges: [(1, 4), (0, 3), (3, 4), (0, 5)])"
6,2,1,0.00418853759765625,0.011017084121704102,0.015205621719360352,0.16909217834472656,"(Vertices: [0, 1, 2, 3, 4, 5]) -- (Edges: [(0, 1), (0, 4)])"
6,10,8,0.1295921802520752,209.3808934688568,209.5104856491089,2.1717844009399414,"(Vertices: [0, 1, 2, 3, 4, 5]) -- (Edges: [(0, 1), (1, 2), (0, 4), (1, 5), (1, 4), (0, 2), (0, 5), (2, 5), (1, 3), (3, 5)])"
6,7,1,0.007953405380249023,0.004860401153564453,0.012813806533813477,0.21749305725097656,"(Vertices: [0, 1, 2, 3, 4, 5]) -- (Edges: [(2, 4), (1, 2), (0, 4), (3, 4), (0, 3), (1, 3), (3, 5)])"
6,5,8,0.03152918815612793,2.94215989112854,2.973689079284668,0.7865886688232422,"(Vertices: [0, 1, 2, 3, 4, 5]) -- (Edges: [(0, 4), (2, 3), (0, 5), (1, 3), (3, 5)])"
6,4,1,0.006762981414794922,0.003827810287475586,0.010590791702270508,0.2012767791748047,"(Vertices: [0, 1, 2, 3, 4, 5]) -- (Edges: [(2, 4), (1, 2), (2, 5), (3, 4)])"
6,3,8,0.02905583381652832,1.0249474048614502,1.0540032386779785,0.7143287658691406,"(Vertices: [0, 1, 2, 3, 4, 5]) -- (Edges: [(4, 5), (0, 2), (2, 5)])"
6,7,1,0.010049581527709961,0.004816293716430664,0.014865875244140625,0.2822151184082031,"(Vertices: [0, 1, 2, 3, 4, 5]) -- (Edges: [(0, 1), (2, 4), (1, 2), (3, 4), (2, 3), (4, 5), (3, 5)])"
6,3,8,0.026646852493286133,0.007016420364379883,0.033663272857666016,0.7138967514038086,"(Vertices: [0, 1, 2, 3, 4, 5]) -- (Edges: [(4, 5), (1, 3), (3, 5)])"
6,7,1,0.010040998458862305,0.0035610198974609375,0.013602018356323242,0.2780637741088867,"(Vertices: [0, 1, 2, 3, 4, 5]) -- (Edges: [(2, 4), (0, 4), (3, 4), (1, 5), (1, 4), (2, 3), (1, 3)])"
6,5,8,0.04520916938781738,63.22251009941101,63.26771926879883,1.1438770294189453,"(Vertices: [0, 1, 2, 3, 4, 5]) -- (Edges: [(0, 1), (1, 2), (3, 4), (1, 5), (1, 3)])"
6,5,1,0.006250143051147461,0.0036568641662597656,0.009907007217407227,0.1909618377685547,"(Vertices: [0, 1, 2, 3, 4, 5]) -- (Edges: [(1, 2), (3, 4), (0, 2), (0, 5), (2, 5)])"
6,5,8,0.030381441116333008,0.03616929054260254,0.06655073165893555,0.8049602508544922,"(Vertices: [0, 1, 2, 3, 4, 5]) -- (Edges: [(0, 1), (1, 4), (2, 3), (2, 5), (3, 5)])"
6,8,1,0.008771181106567383,0.01056218147277832,0.019333362579345703,0.2299795150756836,"(Vertices: [0, 1, 2, 3, 4, 5]) -- (Edges: [(0, 1), (0, 4), (3, 4), (2, 3), (0, 2), (4, 5), (0, 5), (3, 5)])"
6,3,8,0.015227556228637695,0.047530412673950195,0.06275796890258789,0.3380441665649414,"(Vertices: [0, 1, 2, 3, 4, 5]) -- (Edges: [(0, 4), (3, 5), (1, 4)])"
6,8,1,0.011654853820800781,0.012490034103393555,0.024144887924194336,0.30983829498291016,"(Vertices: [0, 1, 2, 3, 4, 5]) -- (Edges: [(1, 2), (0, 4), (0, 3), (1, 4), (2, 3), (4, 5), (2, 5), (3, 5)])"
6,5,8,0.0475614070892334,10.777053117752075,10.824614524841309,1.175501823425293,"(Vertices: [0, 1, 2, 3, 4, 5]) -- (Edges: [(0, 3), (0, 5), (2, 5), (1, 3), (3, 5)])"
6,6,1,0.008479118347167969,0.005532979965209961,0.01401209831237793,0.24637985229492188,"(Vertices: [0, 1, 2, 3, 4, 5]) -- (Edges: [(0, 4), (3, 4), (1, 4), (2, 3), (4, 5), (2, 5)])"
6,7,8,0.057389020919799805,280.3889231681824,280.4463121891022,1.5969743728637695,"(Vertices: [0, 1, 2, 3, 4, 5]) -- (Edges: [(0, 4), (2, 3), (0, 2), (4, 5), (2, 5), (1, 3), (3, 5)])"
6,4,1,0.0042400360107421875,0.010569095611572266,0.014809131622314453,0.17449092864990234,"(Vertices: [0, 1, 2, 3, 4, 5]) -- (Edges: [(0, 2), (0, 3), (0, 4), (3, 5)])"
6,3,8,0.013294219970703125,0.05011582374572754,0.06341004371643066,0.33847904205322266,"(Vertices: [0, 1, 2, 3, 4, 5]) -- (Edges: [(0, 4), (3, 5), (1, 4)])"
6,4,1,0.006257057189941406,0.00312042236328125,0.009377479553222656,0.20887470245361328,"(Vertices: [0, 1, 2, 3, 4, 5]) -- (Edges: [(2, 3), (1, 2), (3, 5), (1, 5)])"
6,4,8,0.03304290771484375,0.10341382026672363,0.13645672798156738,0.9155645370483398,"(Vertices: [0, 1, 2, 3, 4, 5]) -- (Edges: [(2, 3), (2, 4), (0, 5), (1, 5)])"
6,5,1,0.006239891052246094,0.00279998779296875,0.009039878845214844,0.19100570678710938,"(Vertices: [0, 1, 2, 3, 4, 5]) -- (Edges: [(0, 3), (2, 3), (4, 5), (2, 5), (3, 5)])"
6,6,8,0.03869462013244629,10.773339033126831,10.812033653259277,0.9643802642822266,"(Vertices: [0, 1, 2, 3, 4, 5]) -- (Edges: [(1, 5), (0, 2), (4, 5), (2, 5), (1, 3), (3, 5)])"
6,8,1,0.00839686393737793,0.007849693298339844,0.016246557235717773,0.22971725463867188,"(Vertices: [0, 1, 2, 3, 4, 5]) -- (Edges: [(0, 1), (1, 2), (3, 4), (0, 3), (2, 3), (0, 5), (1, 3), (3, 5)])"
6,7,8,0.044429779052734375,43.0704243183136,43.11485409736633,1.1243181228637695,"(Vertices: [0, 1, 2, 3, 4, 5]) -- (Edges: [(0, 1), (1, 2), (3, 4), (1, 4), (0, 5), (2, 5), (1, 3)])"
6,7,1,0.009211540222167969,0.01622486114501953,0.0254364013671875,0.2741813659667969,"(Vertices: [0, 1, 2, 3, 4, 5]) -- (Edges: [(0, 1), (1, 2), (0, 4), (3, 4), (0, 3), (2, 3), (1, 3)])"
6,9,8,0.07544112205505371,inf,inf,2.0229063034057617,"(Vertices: [0, 1, 2, 3, 4, 5]) -- (Edges: [(0, 1), (2, 4), (1, 2), (0, 4), (0, 3), (2, 3), (0, 2), (1, 3), (3, 5)])"
6,9,1,0.007670164108276367,0.005266666412353516,0.012936830520629883,0.2447185516357422,"(Vertices: [0, 1, 2, 3, 4, 5]) -- (Edges: [(1, 2), (1, 5), (1, 4), (2, 3), (0, 2), (4, 5), (2, 5), (1, 3), (3, 5)])"
6,4,8,0.026056766510009766,0.3026573657989502,0.32871413230895996,0.6313991546630859,"(Vertices: [0, 1, 2, 3, 4, 5]) -- (Edges: [(1, 4), (1, 2), (2, 5), (0, 5)])"
6,4,1,0.006073951721191406,0.006178855895996094,0.0122528076171875,0.21084117889404297,"(Vertices: [0, 1, 2, 3, 4, 5]) -- (Edges: [(1, 3), (1, 2), (0, 4), (3, 5)])"
6,6,8,0.05278825759887695,119.83291244506836,119.88570070266724,1.4210271835327148,"(Vertices: [0, 1, 2, 3, 4, 5]) -- (Edges: [(2, 4), (0, 4), (1, 4), (2, 3), (4, 5), (2, 5)])"
6,7,1,0.010116100311279297,0.014079093933105469,0.024195194244384766,0.2789468765258789,"(Vertices: [0, 1, 2, 3, 4, 5]) -- (Edges: [(0, 1), (2, 4), (0, 4), (3, 4), (1, 4), (0, 2), (3, 5)])"
6,6,8,0.05037546157836914,59.6609570980072,59.71133255958557,1.3552331924438477,"(Vertices: [0, 1, 2, 3, 4, 5]) -- (Edges: [(2, 4), (1, 5), (0, 3), (1, 4), (2, 3), (2, 5)])"
6,4,1,0.004729509353637695,0.0032792091369628906,0.008008718490600586,0.17897415161132812,"(Vertices: [0, 1, 2, 3, 4, 5]) -- (Edges: [(2, 5), (0, 4), (3, 4), (1, 5)])"
6,1,8,0.002402067184448242,0.007937431335449219,0.010339498519897461,0.07333946228027344,"(Vertices: [0, 1, 2, 3, 4, 5]) -- (Edges: [(0, 2)])"
6,3,1,0.0037796497344970703,0.00385284423828125,0.00763249397277832,0.1623830795288086,"(Vertices: [0, 1, 2, 3, 4, 5]) -- (Edges: [(0, 1), (0, 3), (1, 3)])"
6,7,8,0.04318118095397949,46.98836803436279,47.03154921531677,1.1087398529052734,"(Vertices: [0, 1, 2, 3, 4, 5]) -- (Edges: [(0, 1), (2, 4), (1, 2), (0, 3), (0, 2), (0, 5), (1, 3)])"
6,5,1,0.007349729537963867,0.01459646224975586,0.021946191787719727,0.22735595703125,"(Vertices: [0, 1, 2, 3, 4, 5]) -- (Edges: [(0, 3), (2, 3), (0, 2), (0, 5), (3, 5)])"
6,3,8,0.0042266845703125,0.0027854442596435547,0.007012128829956055,0.11273193359375,"(Vertices: [0, 1, 2, 3, 4, 5]) -- (Edges: [(4, 5), (1, 2), (0, 3)])"
6,6,1,0.00900721549987793,0.003352642059326172,0.012359857559204102,0.25350284576416016,"(Vertices: [0, 1, 2, 3, 4, 5]) -- (Edges: [(2, 4), (1, 4), (2, 3), (0, 2), (4, 5), (2, 5)])"
6,7,8,0.05861806869506836,inf,inf,1.5864629745483398,"(Vertices: [0, 1, 2, 3, 4, 5]) -- (Edges: [(2, 4), (0, 4), (1, 4), (0, 2), (4, 5), (0, 5), (3, 5)])"
6,6,1,0.007585763931274414,0.01723003387451172,0.024815797805786133,0.2344226837158203,"(Vertices: [0, 1, 2, 3, 4, 5]) -- (Edges: [(2, 4), (1, 5), (0, 2), (4, 5), (0, 5), (1, 3)])"
6,5,8,0.03019547462463379,35.87104034423828,35.901235818862915,0.8037681579589844,"(Vertices: [0, 1, 2, 3, 4, 5]) -- (Edges: [(0, 1), (0, 3), (1, 4), (0, 5), (2, 5)])"
6,6,1,0.006487131118774414,0.01060342788696289,0.017090559005737305,0.2023630142211914,"(Vertices: [0, 1, 2, 3, 4, 5]) -- (Edges: [(1, 2), (0, 4), (3, 4), (0, 3), (0, 2), (1, 3)])"
6,2,8,0.0024776458740234375,0.008507251739501953,0.01098489761352539,0.08989429473876953,"(Vertices: [0, 1, 2, 3, 4, 5]) -- (Edges: [(0, 2), (1, 4)])"
6,7,1,0.008328914642333984,0.004481077194213867,0.012809991836547852,0.2202901840209961,"(Vertices: [0, 1, 2, 3, 4, 5]) -- (Edges: [(2, 4), (3, 4), (1, 5), (0, 3), (1, 4), (4, 5), (3, 5)])"
6,5,8,0.02987051010131836,9.08789348602295,9.117763996124268,0.7845783233642578,"(Vertices: [0, 1, 2, 3, 4, 5]) -- (Edges: [(2, 4), (1, 2), (0, 2), (0, 5), (1, 3)])"
6,7,1,0.010154485702514648,0.0034317970275878906,0.013586282730102539,0.2168865203857422,"(Vertices: [0, 1, 2, 3, 4, 5]) -- (Edges: [(0, 1), (0, 4), (3, 4), (1, 5), (1, 4), (4, 5), (2, 5)])"
6,5,8,0.032277822494506836,7.626974821090698,7.659252643585205,0.7967729568481445,"(Vertices: [0, 1, 2, 3, 4, 5]) -- (Edges: [(0, 1), (0, 3), (1, 4), (0, 2), (3, 5)])"
6,6,1,0.008254289627075195,0.004672527313232422,0.012926816940307617,0.2532978057861328,"(Vertices: [0, 1, 2, 3, 4, 5]) -- (Edges: [(1, 2), (0, 4), (3, 4), (1, 5), (1, 4), (1, 3)])"
6,9,8,0.07490086555480957,390.70108008384705,390.77598094940186,2.029726982116699,"(Vertices: [0, 1, 2, 3, 4, 5]) -- (Edges: [(0, 1), (1, 2), (0, 4), (1, 5), (1, 4), (0, 2), (4, 5), (2, 5), (3, 5)])"
6,6,1,0.00899958610534668,0.019160032272338867,0.028159618377685547,0.25817298889160156,"(Vertices: [0, 1, 2, 3, 4, 5]) -- (Edges: [(3, 4), (1, 5), (1, 4), (0, 2), (4, 5), (0, 5)])"
6,7,8,0.05812644958496094,116.20370531082153,116.2618317604065,1.4982824325561523,"(Vertices: [0, 1, 2, 3, 4, 5]) -- (Edges: [(2, 4), (0, 4), (1, 5), (0, 2), (0, 5), (2, 5), (3, 5)])"
6,3,1,0.00421142578125,0.0028312206268310547,0.007042646408081055,0.1645669937133789,"(Vertices: [0, 1, 2, 3, 4, 5]) -- (Edges: [(0, 2), (2, 4), (3, 5)])"
6,2,8,0.0025033950805664062,0.007792234420776367,0.010295629501342773,0.08954334259033203,"(Vertices: [0, 1, 2, 3, 4, 5]) -- (Edges: [(1, 3), (0, 4)])"
6,4,1,0.005242347717285156,0.0047626495361328125,0.010004997253417969,0.1788501739501953,"(Vertices: [0, 1, 2, 3, 4, 5]) -- (Edges: [(0, 1), (2, 5), (3, 5), (1, 4)])"
6,4,8,0.020050525665283203,0.10463070869445801,0.12468123435974121,0.5035429000854492,"(Vertices: [0, 1, 2, 3, 4, 5]) -- (Edges: [(2, 5), (0, 3), (0, 4), (3, 4)])"
6,5,1,0.005113840103149414,0.005114555358886719,0.010228395462036133,0.18961715698242188,"(Vertices: [0, 1, 2, 3, 4, 5]) -- (Edges: [(0, 1), (1, 2), (0, 4), (3, 4), (1, 4)])"
6,4,8,0.02787637710571289,0.005501270294189453,0.033377647399902344,0.6480159759521484,"(Vertices: [0, 1, 2, 3, 4, 5]) -- (Edges: [(2, 3), (1, 2), (2, 5), (3, 5)])"
6,6,1,0.010114192962646484,0.013335704803466797,0.02344989776611328,0.2575845718383789,"(Vertices: [0, 1, 2, 3, 4, 5]) -- (Edges: [(0, 4), (2, 3), (0, 2), (4, 5), (1, 3), (3, 5)])"
6,3,8,0.02729034423828125,1.0947399139404297,1.122030258178711,0.723729133605957,"(Vertices: [0, 1, 2, 3, 4, 5]) -- (Edges: [(4, 5), (2, 4), (0, 5)])"
6,5,1,0.008352279663085938,0.015119791030883789,0.023472070693969727,0.23056602478027344,"(Vertices: [0, 1, 2, 3, 4, 5]) -- (Edges: [(0, 1), (1, 2), (1, 4), (0, 2), (1, 3)])"
6,5,8,0.04503822326660156,64.10373544692993,64.14877367019653,1.1441917419433594,"(Vertices: [0, 1, 2, 3, 4, 5]) -- (Edges: [(0, 1), (2, 4), (0, 4), (2, 3), (2, 5)])"
6,7,1,0.010756731033325195,0.020025968551635742,0.030782699584960938,0.2814464569091797,"(Vertices: [0, 1, 2, 3, 4, 5]) -- (Edges: [(0, 1), (1, 2), (0, 3), (1, 4), (0, 2), (0, 5), (1, 3)])"
6,5,8,0.042189598083496094,10.345587730407715,10.387777328491211,1.1380128860473633,"(Vertices: [0, 1, 2, 3, 4, 5]) -- (Edges: [(2, 4), (0, 3), (0, 2), (2, 5), (3, 5)])"
6,7,1,0.011072874069213867,0.019080162048339844,0.03015303611755371,0.2985115051269531,"(Vertices: [0, 1, 2, 3, 4, 5]) -- (Edges: [(0, 1), (1, 2), (3, 4), (1, 5), (2, 3), (0, 2), (4, 5)])"
6,4,8,0.03729367256164551,6.504037380218506,6.541331052780151,0.9446516036987305,"(Vertices: [0, 1, 2, 3, 4, 5]) -- (Edges: [(0, 1), (2, 3), (3, 5), (0, 5)])"
6,4,1,0.006620168685913086,0.011438369750976562,0.01805853843688965,0.20994853973388672,"(Vertices: [0, 1, 2, 3, 4, 5]) -- (Edges: [(0, 1), (1, 2), (0, 3), (1, 4)])"
6,3,8,0.025856733322143555,0.8866405487060547,0.9124972820281982,0.686004638671875,"(Vertices: [0, 1, 2, 3, 4, 5]) -- (Edges: [(2, 3), (0, 3), (0, 4)])"
7,8,1,0.009690999984741211,0.0158231258392334,0.02551412582397461,0.23040390014648438,"(Vertices: [0, 1, 2, 3, 4, 5, 6]) -- (Edges: [(2, 4), (1, 2), (0, 4), (0, 3), (0, 2), (4, 5), (0, 5), (3, 5)])"
7,3,12,0.02679920196533203,0.005293846130371094,0.032093048095703125,0.6886768341064453,"(Vertices: [0, 1, 2, 3, 4, 5, 6]) -- (Edges: [(2, 6), (3, 4), (3, 6)])"
7,8,1,0.012119054794311523,0.012866973876953125,0.02498602867126465,0.31500816345214844,"(Vertices: [0, 1, 2, 3, 4, 5, 6]) -- (Edges: [(1, 2), (1, 5), (0, 3), (1, 4), (0, 6), (2, 6), (3, 6), (3, 5)])"
7,7,12,0.00030732154846191406,0.0025177001953125,0.002825021743774414,0.05673789978027344,"(Vertices: [0, 1, 2, 3, 4, 5, 6]) -- (Edges: [(1, 2), (0, 4), (3, 4), (1, 5), (0, 3), (5, 6), (3, 6)])"
7,10,1,0.013885021209716797,0.02008223533630371,0.03396725654602051,0.36423683166503906,"(Vertices: [0, 1, 2, 3, 4, 5, 6]) -- (Edges: [(0, 1), (2, 4), (1, 2), (0, 3), (2, 3), (0, 2), (2, 6), (5, 6), (3, 6), (1, 3)])"
7,5,12,0.0006949901580810547,0.003378152847290039,0.004073143005371094,0.05673789978027344,"(Vertices: [0, 1, 2, 3, 4, 5, 6]) -- (Edges: [(1, 2), (0, 6), (0, 2), (2, 6), (5, 6)])"
7,7,1,0.009545564651489258,0.004217386245727539,0.013762950897216797,0.2801685333251953,"(Vertices: [0, 1, 2, 3, 4, 5, 6]) -- (Edges: [(1, 2), (1, 5), (4, 5), (0, 5), (3, 6), (1, 6), (1, 3)])"
7,5,12,0.0003285408020019531,0.002019166946411133,0.002347707748413086,0.05673789978027344,"(Vertices: [0, 1, 2, 3, 4, 5, 6]) -- (Edges: [(2, 4), (3, 4), (4, 6), (5, 6), (3, 6)])"
7,10,1,0.010332107543945312,0.012688159942626953,0.023020267486572266,0.26646995544433594,"(Vertices: [0, 1, 2, 3, 4, 5, 6]) -- (Edges: [(0, 1), (0, 4), (3, 4), (0, 3), (4, 6), (1, 4), (5, 6), (0, 5), (3, 6), (1, 3)])"
7,7,12,0.055741310119628906,0.017608165740966797,0.0733494758605957,1.4913520812988281,"(Vertices: [0, 1, 2, 3, 4, 5, 6]) -- (Edges: [(1, 2), (3, 4), (1, 5), (0, 6), (2, 3), (4, 5), (3, 5)])"
7,11,1,0.009727001190185547,0.011317968368530273,0.02104496955871582,0.28516292572021484,"(Vertices: [0, 1, 2, 3, 4, 5, 6]) -- (Edges: [(0, 1), (2, 4), (1, 2), (0, 4), (1, 5), (4, 6), (0, 2), (4, 5), (0, 5), (3, 6), (3, 5)])"
7,5,12,0.04666709899902344,12.169137477874756,12.21580457687378,1.1766014099121094,"(Vertices: [0, 1, 2, 3, 4, 5, 6]) -- (Edges: [(1, 2), (2, 3), (0, 5), (1, 6), (2, 5)])"
7,7,1,0.007743358612060547,0.009051799774169922,0.01679515838623047,0.21451282501220703,"(Vertices: [0, 1, 2, 3, 4, 5, 6]) -- (Edges: [(0, 1), (1, 2), (3, 4), (1, 5), (0, 2), (2, 6), (0, 5)])"
7,7,12,0.10199236869812012,inf,inf,1.6732406616210938,"(Vertices: [0, 1, 2, 3, 4, 5, 6]) -- (Edges: [(0, 1), (2, 4), (1, 4), (0, 6), (2, 3), (0, 5), (3, 6)])"
7,7,1,0.011573076248168945,0.012555122375488281,0.024128198623657227,0.29763221740722656,"(Vertices: [0, 1, 2, 3, 4, 5, 6]) -- (Edges: [(0, 1), (2, 4), (3, 4), (1, 4), (2, 6), (0, 5), (3, 5)])"
7,8,12,0.0005154609680175781,0.00394129753112793,0.004456758499145508,0.05673789978027344,"(Vertices: [0, 1, 2, 3, 4, 5, 6]) -- (Edges: [(0, 1), (1, 2), (0, 4), (3, 4), (1, 5), (0, 6), (2, 6), (2, 5)])"
7,4,1,0.004277706146240234,0.002947568893432617,0.0072252750396728516,0.17906475067138672,"(Vertices: [0, 1, 2, 3, 4, 5, 6]) -- (Edges: [(1, 6), (4, 5), (2, 6), (5, 6)])"
7,7,12,0.10052871704101562,145.40363931655884,145.50416803359985,1.6719751358032227,"(Vertices: [0, 1, 2, 3, 4, 5, 6]) -- (Edges: [(2, 4), (0, 4), (0, 3), (5, 6), (0, 5), (3, 6), (3, 5)])"
7,8,1,0.011503219604492188,0.003928661346435547,0.015431880950927734,0.3122072219848633,"(Vertices: [0, 1, 2, 3, 4, 5, 6]) -- (Edges: [(0, 1), (3, 4), (4, 5), (2, 6), (3, 6), (1, 6), (1, 3), (3, 5)])"
7,10,12,0.0002999305725097656,0.002560853958129883,0.0028607845306396484,0.05673789978027344,"(Vertices: [0, 1, 2, 3, 4, 5, 6]) -- (Edges: [(2, 4), (1, 2), (3, 4), (1, 5), (0, 6), (2, 3), (4, 5), (3, 6), (1, 6), (1, 3)])"
7,10,1,0.013744115829467773,0.01901841163635254,0.03276252746582031,0.37318897247314453,"(Vertices: [0, 1, 2, 3, 4, 5, 6]) -- (Edges: [(2, 4), (0, 4), (0, 3), (1, 4), (0, 6), (0, 5), (3, 6), (1, 6), (2, 5), (1, 3)])"
7,6,12,0.0003142356872558594,0.002402782440185547,0.0027170181274414062,0.056610107421875,"(Vertices: [0, 1, 2, 3, 4, 5, 6]) -- (Edges: [(1, 2), (3, 4), (0, 6), (2, 6), (2, 5), (3, 5)])"
7,9,1,0.009643077850341797,0.009776830673217773,0.01941990852355957,0.2462615966796875,"(Vertices: [0, 1, 2, 3, 4, 5, 6]) -- (Edges: [(1, 2), (0, 4), (3, 4), (0, 3), (4, 6), (0, 2), (2, 6), (3, 6), (2, 5)])"
7,5,12,0.047104597091674805,17.159729480743408,17.206834077835083,1.1792793273925781,"(Vertices: [0, 1, 2, 3, 4, 5, 6]) -- (Edges: [(0, 1), (1, 5), (0, 2), (4, 5), (3, 5)])"
7,9,1,0.012550830841064453,0.012815713882446289,0.025366544723510742,0.35967159271240234,"(Vertices: [0, 1, 2, 3, 4, 5, 6]) -- (Edges: [(2, 4), (1, 5), (0, 6), (0, 2), (4, 5), (3, 6), (2, 5), (1, 3), (3, 5)])"
7,6,12,0.0017979145050048828,0.003942728042602539,0.005740642547607422,0.07500362396240234,"(Vertices: [0, 1, 2, 3, 4, 5, 6]) -- (Edges: [(0, 1), (2, 4), (1, 2), (3, 4), (5, 6), (1, 3)])"
7,4,1,0.005961894989013672,0.002858877182006836,0.008820772171020508,0.20674514770507812,"(Vertices: [0, 1, 2, 3, 4, 5, 6]) -- (Edges: [(0, 1), (2, 6), (1, 3), (1, 4)])"
7,5,12,0.0004019737243652344,0.002057790756225586,0.0024597644805908203,0.05673789978027344,"(Vertices: [0, 1, 2, 3, 4, 5, 6]) -- (Edges: [(2, 3), (4, 5), (5, 6), (1, 6), (1, 3)])"
7,3,1,0.004069805145263672,0.0039288997650146484,0.00799870491027832,0.16296863555908203,"(Vertices: [0, 1, 2, 3, 4, 5, 6]) -- (Edges: [(1, 6), (0, 3), (0, 5)])"
7,5,12,0.03913593292236328,1.1761951446533203,1.2153310775756836,1.0021657943725586,"(Vertices: [0, 1, 2, 3, 4, 5, 6]) -- (Edges: [(2, 4), (4, 5), (0, 2), (2, 5), (1, 3)])"
7,8,1,0.01266932487487793,0.015084028244018555,0.027753353118896484,0.32342052459716797,"(Vertices: [0, 1, 2, 3, 4, 5, 6]) -- (Edges: [(0, 1), (1, 2), (0, 3), (4, 6), (0, 2), (4, 5), (3, 6), (3, 5)])"
7,9,12,0.0006589889526367188,0.0036118030548095703,0.004270792007446289,0.05673789978027344,"(Vertices: [0, 1, 2, 3, 4, 5, 6]) -- (Edges: [(0, 1), (3, 4), (0, 3), (1, 4), (4, 5), (0, 5), (3, 6), (1, 3), (3, 5)])"
7,6,1,0.006603717803955078,0.0031752586364746094,0.009778976440429688,0.20346355438232422,"(Vertices: [0, 1, 2, 3, 4, 5, 6]) -- (Edges: [(2, 4), (1, 2), (1, 5), (0, 3), (1, 4), (2, 5)])"
7,5,12,0.03938627243041992,1.522752285003662,1.562138557434082,0.9751615524291992,"(Vertices: [0, 1, 2, 3, 4, 5, 6]) -- (Edges: [(4, 6), (0, 3), (0, 2), (0, 5), (3, 5)])"
7,3,1,0.0049762725830078125,0.003154277801513672,0.008130550384521484,0.18443679809570312,"(Vertices: [0, 1, 2, 3, 4, 5, 6]) -- (Edges: [(1, 6), (5, 6), (1, 5)])"
7,5,12,0.00035500526428222656,0.0024368762969970703,0.002791881561279297,0.05673789978027344,"(Vertices: [0, 1, 2, 3, 4, 5, 6]) -- (Edges: [(0, 4), (1, 4), (2, 3), (2, 5), (3, 5)])"
7,12,1,0.016356706619262695,0.051673173904418945,0.06802988052368164,0.44110870361328125,"(Vertices: [0, 1, 2, 3, 4, 5, 6]) -- (Edges: [(1, 2), (0, 4), (3, 4), (0, 3), (4, 6), (1, 4), (4, 5), (2, 6), (5, 6), (0, 5), (3, 6), (1, 3)])"
7,7,12,0.0003516674041748047,0.0023963451385498047,0.0027480125427246094,0.05673789978027344,"(Vertices: [0, 1, 2, 3, 4, 5, 6]) -- (Edges: [(2, 4), (0, 4), (0, 6), (2, 3), (5, 6), (0, 5), (3, 6)])"
7,6,1,0.007966041564941406,0.0043561458587646484,0.012322187423706055,0.24478721618652344,"(Vertices: [0, 1, 2, 3, 4, 5, 6]) -- (Edges: [(2, 4), (4, 6), (1, 4), (4, 5), (0, 5), (3, 6)])"
7,8,12,0.0003478527069091797,0.00416254997253418,0.004510402679443359,0.05673789978027344,"(Vertices: [0, 1, 2, 3, 4, 5, 6]) -- (Edges: [(0, 1), (0, 4), (0, 6), (0, 2), (4, 5), (5, 6), (1, 6), (1, 3)])"
7,5,1,0.008221626281738281,0.004766941070556641,0.012988567352294922,0.23321151733398438,"(Vertices: [0, 1, 2, 3, 4, 5, 6]) -- (Edges: [(0, 1), (2, 4), (3, 4), (1, 6), (2, 5)])"
7,5,12,0.0003361701965332031,0.0019147396087646484,0.0022509098052978516,0.05673789978027344,"(Vertices: [0, 1, 2, 3, 4, 5, 6]) -- (Edges: [(0, 1), (1, 4), (0, 6), (0, 2), (2, 5)])"
7,5,1,0.0052127838134765625,0.004096508026123047,0.00930929183959961,0.19257164001464844,"(Vertices: [0, 1, 2, 3, 4, 5, 6]) -- (Edges: [(1, 5), (2, 3), (0, 2), (5, 6), (2, 5)])"
7,6,12,0.05620169639587402,0.010905981063842773,0.0671076774597168,1.4374761581420898,"(Vertices: [0, 1, 2, 3, 4, 5, 6]) -- (Edges: [(3, 4), (1, 5), (1, 4), (4, 5), (5, 6), (2, 5)])"
7,7,1,0.011748790740966797,0.015064001083374023,0.02681279182434082,0.2848339080810547,"(Vertices: [0, 1, 2, 3, 4, 5, 6]) -- (Edges: [(0, 1), (1, 2), (2, 3), (0, 2), (4, 5), (1, 6), (2, 5)])"
7,5,12,0.0003368854522705078,0.002199411392211914,0.002536296844482422,0.056610107421875,"(Vertices: [0, 1, 2, 3, 4, 5, 6]) -- (Edges: [(3, 4), (1, 5), (4, 6), (5, 6), (0, 5)])"
7,10,1,0.009067058563232422,0.004217863082885742,0.013284921646118164,0.26757335662841797,"(Vertices: [0, 1, 2, 3, 4, 5, 6]) -- (Edges: [(2, 4), (0, 4), (3, 4), (1, 5), (0, 3), (1, 4), (4, 5), (3, 6), (1, 6), (1, 3)])"
7,10,12,0.08887672424316406,inf,inf,2.367568016052246,"(Vertices: [0, 1, 2, 3, 4, 5, 6]) -- (Edges: [(2, 4), (1, 5), (0, 3), (4, 6), (0, 6), (2, 3), (0, 2), (2, 6), (0, 5), (2, 5)])"
7,6,1,0.008112430572509766,0.018764495849609375,0.02687692642211914,0.24968624114990234,"(Vertices: [0, 1, 2, 3, 4, 5, 6]) -- (Edges: [(0, 1), (0, 3), (4, 6), (0, 6), (0, 5), (3, 5)])"
7,5,12,0.0015583038330078125,0.005259513854980469,0.006817817687988281,0.07488632202148438,"(Vertices: [0, 1, 2, 3, 4, 5, 6]) -- (Edges: [(1, 5), (4, 5), (0, 2), (3, 6), (1, 6)])"
7,10,1,0.013870477676391602,0.020819902420043945,0.03469038009643555,0.38119983673095703,"(Vertices: [0, 1, 2, 3, 4, 5, 6]) -- (Edges: [(0, 1), (1, 2), (0, 4), (1, 5), (4, 6), (1, 4), (2, 3), (0, 5), (3, 6), (2, 5)])"
7,4,12,0.0011091232299804688,0.0041506290435791016,0.00525975227355957,0.05673789978027344,"(Vertices: [0, 1, 2, 3, 4, 5, 6]) -- (Edges: [(2, 6), (4, 6), (0, 4), (0, 5)])"
7,7,1,0.010894298553466797,0.004370927810668945,0.015265226364135742,0.2881622314453125,"(Vertices: [0, 1, 2, 3, 4, 5, 6]) -- (Edges: [(0, 1), (1, 2), (3, 4), (2, 3), (1, 6), (1, 3), (3, 5)])"
7,9,12,0.00037598609924316406,0.0026526451110839844,0.0030286312103271484,0.05673789978027344,"(Vertices: [0, 1, 2, 3, 4, 5, 6]) -- (Edges: [(0, 3), (4, 6), (2, 3), (2, 6), (5, 6), (0, 5), (2, 5), (1, 3), (3, 5)])"
7,10,1,0.009777307510375977,0.012420177459716797,0.022197484970092773,0.2593421936035156,"(Vertices: [0, 1, 2, 3, 4, 5, 6]) -- (Edges: [(1, 2), (0, 4), (1, 5), (0, 3), (4, 6), (1, 4), (0, 2), (0, 5), (1, 6), (1, 3)])"
7,4,12,0.04168891906738281,0.006571054458618164,0.04825997352600098,0.9491767883300781,"(Vertices: [0, 1, 2, 3, 4, 5, 6]) -- (Edges: [(1, 6), (1, 2), (2, 6), (3, 6)])"
7,4,1,0.005045413970947266,0.003295421600341797,0.008340835571289062,0.17767810821533203,"(Vertices: [0, 1, 2, 3, 4, 5, 6]) -- (Edges: [(0, 1), (4, 5), (0, 2), (3, 4)])"
7,8,12,0.07570695877075195,inf,inf,1.9409818649291992,"(Vertices: [0, 1, 2, 3, 4, 5, 6]) -- (Edges: [(2, 4), (1, 5), (0, 3), (4, 6), (2, 3), (0, 2), (4, 5), (3, 5)])"
7,7,1,0.006857633590698242,0.003727436065673828,0.01058506965637207,0.21712589263916016,"(Vertices: [0, 1, 2, 3, 4, 5, 6]) -- (Edges: [(3, 4), (1, 5), (4, 6), (0, 6), (0, 2), (5, 6), (1, 3)])"
7,4,12,0.03892159461975098,0.007292747497558594,0.04621434211730957,0.9504795074462891,"(Vertices: [0, 1, 2, 3, 4, 5, 6]) -- (Edges: [(4, 5), (1, 6), (2, 4), (1, 4)])"
7,5,1,0.0076715946197509766,0.005358457565307617,0.013030052185058594,0.22626781463623047,"(Vertices: [0, 1, 2, 3, 4, 5, 6]) -- (Edges: [(3, 4), (1, 5), (0, 6), (5, 6), (3, 5)])"
7,6,12,0.00034880638122558594,0.0027387142181396484,0.0030875205993652344,0.05673789978027344,"(Vertices: [0, 1, 2, 3, 4, 5, 6]) -- (Edges: [(0, 1), (1, 2), (0, 4), (0, 3), (4, 6), (3, 6)])"
7,8,1,0.012350797653198242,0.01370692253112793,0.026057720184326172,0.32407474517822266,"(Vertices: [0, 1, 2, 3, 4, 5, 6]) -- (Edges: [(0, 4), (3, 4), (1, 4), (2, 3), (2, 6), (0, 5), (1, 3), (3, 5)])"
7,6,12,0.0004220008850097656,0.0022897720336914062,0.002711772918701172,0.05673789978027344,"(Vertices: [0, 1, 2, 3, 4, 5, 6]) -- (Edges: [(1, 2), (1, 4), (2, 3), (4, 5), (3, 6), (1, 6)])"
7,6,1,0.006491899490356445,0.003488302230834961,0.009980201721191406,0.20811748504638672,"(Vertices: [0, 1, 2, 3, 4, 5, 6]) -- (Edges: [(3, 4), (1, 4), (2, 3), (4, 5), (0, 2), (5, 6)])"
7,7,12,0.10814332962036133,0.014098167419433594,0.12224149703979492,1.6981163024902344,"(Vertices: [0, 1, 2, 3, 4, 5, 6]) -- (Edges: [(2, 4), (1, 2), (3, 4), (1, 5), (4, 6), (5, 6), (3, 6)])"
7,6,1,0.0060939788818359375,0.004785299301147461,0.010879278182983398,0.20449161529541016,"(Vertices: [0, 1, 2, 3, 4, 5, 6]) -- (Edges: [(1, 5), (4, 6), (2, 3), (2, 6), (0, 5), (1, 6)])"
7,6,12,0.05561041831970215,10.772762775421143,10.828373193740845,1.388991355895996,"(Vertices: [0, 1, 2, 3, 4, 5, 6]) -- (Edges: [(2, 4), (0, 4), (0, 3), (0, 6), (2, 6), (1, 3)])"
7,9,1,0.013350725173950195,0.015557050704956055,0.02890777587890625,0.34737300872802734,"(Vertices: [0, 1, 2, 3, 4, 5, 6]) -- (Edges: [(2, 4), (1, 2), (1, 5), (0, 3), (0, 2), (4, 5), (2, 6), (1, 6), (3, 5)])"
7,7,12,0.0003197193145751953,0.003762483596801758,0.004082202911376953,0.05673789978027344,"(Vertices: [0, 1, 2, 3, 4, 5, 6]) -- (Edges: [(4, 6), (0, 6), (2, 3), (0, 2), (2, 6), (3, 6), (1, 6)])"
7,11,1,0.014157772064208984,0.019922733306884766,0.03408050537109375,0.41332435607910156,"(Vertices: [0, 1, 2, 3, 4, 5, 6]) -- (Edges: [(1, 2), (0, 4), (3, 4), (1, 5), (0, 3), (4, 6), (1, 4), (0, 2), (4, 5), (5, 6), (3, 6)])"
7,6,12,0.0006856918334960938,0.00414729118347168,0.0048329830169677734,0.05673789978027344,"(Vertices: [0, 1, 2, 3, 4, 5, 6]) -- (Edges: [(1, 5), (1, 4), (2, 3), (0, 2), (0, 5), (1, 3)])"
7,7,1,0.007766008377075195,0.003785848617553711,0.011551856994628906,0.21579837799072266,"(Vertices: [0, 1, 2, 3, 4, 5, 6]) -- (Edges: [(2, 4), (3, 4), (1, 5), (2, 3), (2, 6), (1, 6), (3, 5)])"
7,8,12,0.0758969783782959,inf,inf,1.9409866333007812,"(Vertices: [0, 1, 2, 3, 4, 5, 6]) -- (Edges: [(1, 2), (3, 4), (1, 5), (4, 6), (0, 6), (2, 3), (1, 6), (2, 5)])"
7,9,1,0.011079549789428711,0.012117385864257812,0.023196935653686523,0.3226299285888672,"(Vertices: [0, 1, 2, 3, 4, 5, 6]) -- (Edges: [(2, 4), (0, 4), (4, 6), (0, 2), (4, 5), (2, 6), (5, 6), (1, 6), (3, 5)])"
7,4,12,0.00035452842712402344,0.002298116683959961,0.0026526451110839844,0.05673789978027344,"(Vertices: [0, 1, 2, 3, 4, 5, 6]) -- (Edges: [(0, 1), (2, 5), (1, 4), (1, 5)])"
7,8,1,0.010744810104370117,0.005358219146728516,0.016103029251098633,0.31072044372558594,"(Vertices: [0, 1, 2, 3, 4, 5, 6]) -- (Edges: [(0, 1), (1, 2), (4, 6), (1, 4), (4, 5), (1, 6), (1, 3), (3, 5)])"
7,9,12,0.0003933906555175781,0.0033974647521972656,0.0037908554077148438,0.05673789978027344,"(Vertices: [0, 1, 2, 3, 4, 5, 6]) -- (Edges: [(0, 1), (1, 2), (0, 4), (4, 6), (0, 6), (2, 3), (2, 5), (1, 3), (3, 5)])"
7,6,1,0.006528615951538086,0.003755807876586914,0.010284423828125,0.20592880249023438,"(Vertices: [0, 1, 2, 3, 4, 5, 6]) -- (Edges: [(0, 4), (3, 4), (1, 4), (2, 3), (3, 6), (3, 5)])"
7,5,12,0.04826998710632324,9.661510229110718,9.709780216217041,1.2152252197265625,"(Vertices: [0, 1, 2, 3, 4, 5, 6]) -- (Edges: [(2, 4), (3, 4), (4, 6), (0, 3), (0, 6)])"
7,6,1,0.0084991455078125,0.0048809051513671875,0.013380050659179688,0.2442026138305664,"(Vertices: [0, 1, 2, 3, 4, 5, 6]) -- (Edges: [(3, 4), (4, 5), (0, 5), (2, 5), (1, 3), (3, 5)])"
7,7,12,0.00039267539978027344,0.0028204917907714844,0.003213167190551758,0.05673789978027344,"(Vertices: [0, 1, 2, 3, 4, 5, 6]) -- (Edges: [(0, 1), (2, 4), (1, 5), (4, 6), (0, 2), (4, 5), (2, 6)])"
7,3,1,0.004281759262084961,0.0029892921447753906,0.0072710514068603516,0.17693519592285156,"(Vertices: [0, 1, 2, 3, 4, 5, 6]) -- (Edges: [(4, 6), (3, 4), (0, 6)])"
7,9,12,0.000339508056640625,0.002683401107788086,0.003022909164428711,0.05673789978027344,"(Vertices: [0, 1, 2, 3, 4, 5, 6]) -- (Edges: [(2, 4), (1, 2), (3, 4), (0, 3), (4, 6), (2, 3), (0, 2), (0, 5), (2, 5)])"
7,8,1,0.011839628219604492,0.013638019561767578,0.02547764778137207,0.3276500701904297,"(Vertices: [0, 1, 2, 3, 4, 5, 6]) -- (Edges: [(0, 1), (2, 4), (3, 4), (0, 6), (2, 6), (3, 6), (1, 6), (3, 5)])"
7,5,12,0.0003101825714111328,0.0024292469024658203,0.002739429473876953,0.05673789978027344,"(Vertices: [0, 1, 2, 3, 4, 5, 6]) -- (Edges: [(3, 4), (4, 6), (0, 3), (1, 4), (1, 3)])"
7,8,1,0.007798671722412109,0.00791168212890625,0.01571035385131836,0.22884178161621094,"(Vertices: [0, 1, 2, 3, 4, 5, 6]) -- (Edges: [(1, 2), (0, 4), (3, 4), (1, 4), (0, 2), (2, 6), (0, 5), (3, 5)])"
7,11,12,0.09643030166625977,inf,inf,2.6166906356811523,"(Vertices: [0, 1, 2, 3, 4, 5, 6]) -- (Edges: [(2, 4), (0, 4), (1, 5), (4, 6), (0, 6), (2, 3), (0, 2), (4, 5), (2, 6), (3, 6), (3, 5)])"
7,8,1,0.011182546615600586,0.014841556549072266,0.02602410316467285,0.32410335540771484,"(Vertices: [0, 1, 2, 3, 4, 5, 6]) -- (Edges: [(2, 4), (0, 6), (2, 3), (2, 6), (0, 5), (3, 6), (1, 3), (3, 5)])"
7,8,12,0.0005488395690917969,0.0043599605560302734,0.00490880012512207,0.05673789978027344,"(Vertices: [0, 1, 2, 3, 4, 5, 6]) -- (Edges: [(2, 4), (1, 2), (0, 4), (0, 3), (0, 6), (0, 2), (0, 5), (1, 3)])"
7,10,1,0.009812116622924805,0.011541604995727539,0.021353721618652344,0.2628602981567383,"(Vertices: [0, 1, 2, 3, 4, 5, 6]) -- (Edges: [(0, 1), (2, 4), (1, 2), (0, 4), (0, 3), (0, 6), (2, 3), (0, 2), (2, 6), (1, 3)])"
7,10,12,0.09296536445617676,inf,inf,2.36765193939209,"(Vertices: [0, 1, 2, 3, 4, 5, 6]) -- (Edges: [(1, 2), (1, 5), (4, 6), (0, 2), (4, 5), (2, 6), (0, 5), (1, 6), (1, 3), (3, 5)])"
7,6,1,0.009284019470214844,0.0051686763763427734,0.014452695846557617,0.26279449462890625,"(Vertices: [0, 1, 2, 3, 4, 5, 6]) -- (Edges: [(1, 2), (3, 4), (1, 5), (1, 4), (3, 6), (1, 3)])"
7,8,12,0.0003788471221923828,0.0022649765014648438,0.0026438236236572266,0.05673789978027344,"(Vertices: [0, 1, 2, 3, 4, 5, 6]) -- (Edges: [(0, 1), (0, 4), (1, 5), (0, 3), (4, 6), (0, 5), (3, 6), (1, 3)])"
7,9,1,0.008292436599731445,0.003423929214477539,0.011716365814208984,0.24675464630126953,"(Vertices: [0, 1, 2, 3, 4, 5, 6]) -- (Edges: [(0, 1), (2, 4), (3, 4), (1, 4), (2, 3), (4, 5), (3, 6), (2, 5), (1, 3)])"
7,8,12,0.0726313591003418,195.56153225898743,195.63416361808777,1.9376554489135742,"(Vertices: [0, 1, 2, 3, 4, 5, 6]) -- (Edges: [(0, 1), (3, 4), (1, 5), (0, 3), (1, 4), (4, 5), (0, 5), (1, 6)])"
7,4,1,0.0056917667388916016,0.0032770633697509766,0.008968830108642578,0.1779947280883789,"(Vertices: [0, 1, 2, 3, 4, 5, 6]) -- (Edges: [(4, 5), (1, 2), (2, 5), (5, 6)])"
7,5,12,0.045442819595336914,0.23526358604431152,0.28070640563964844,1.1594104766845703,"(Vertices: [0, 1, 2, 3, 4, 5, 6]) -- (Edges: [(0, 1), (4, 6), (0, 6), (2, 5), (3, 5)])"
7,6,1,0.00648951530456543,0.0046308040618896484,0.011120319366455078,0.2058429718017578,"(Vertices: [0, 1, 2, 3, 4, 5, 6]) -- (Edges: [(0, 4), (4, 6), (1, 4), (0, 6), (2, 3), (5, 6)])"
7,6,12,0.05684232711791992,12.181029558181763,12.237871885299683,1.434457778930664,"(Vertices: [0, 1, 2, 3, 4, 5, 6]) -- (Edges: [(0, 4), (3, 4), (4, 6), (4, 5), (5, 6), (0, 5)])"
8,8,1,0.008988618850708008,0.012740135192871094,0.0217287540435791,0.2297983169555664,"(Vertices: [0, 1, 2, 3, 4, 5, 6, 7]) -- (Edges: [(0, 4), (2, 7), (1, 5), (1, 4), (0, 6), (2, 6), (3, 6), (3, 5)])"
8,7,16,0.08240509033203125,inf,inf,2.2115068435668945,"(Vertices: [0, 1, 2, 3, 4, 5, 6, 7]) -- (Edges: [(0, 4), (0, 3), (4, 6), (5, 7), (2, 3), (1, 7), (1, 6)])"
8,10,1,0.011394500732421875,0.005082368850708008,0.016476869583129883,0.2689809799194336,"(Vertices: [0, 1, 2, 3, 4, 5, 6, 7]) -- (Edges: [(2, 7), (0, 3), (0, 6), (2, 3), (1, 7), (5, 6), (1, 6), (1, 3), (4, 7), (3, 5)])"
8,4,16,0.03890347480773926,0.0077686309814453125,0.04667210578918457,0.9839820861816406,"(Vertices: [0, 1, 2, 3, 4, 5, 6, 7]) -- (Edges: [(1, 2), (2, 7), (1, 4), (5, 6)])"
8,7,1,0.007282257080078125,0.004498004913330078,0.011780261993408203,0.21483421325683594,"(Vertices: [0, 1, 2, 3, 4, 5, 6, 7]) -- (Edges: [(1, 2), (0, 4), (1, 5), (5, 7), (0, 2), (2, 6), (1, 6)])"
8,11,16,0.1358482837677002,inf,inf,3.500560760498047,"(Vertices: [0, 1, 2, 3, 4, 5, 6, 7]) -- (Edges: [(1, 5), (4, 6), (5, 7), (0, 6), (4, 5), (2, 6), (5, 6), (3, 6), (1, 6), (2, 5), (3, 5)])"
8,7,1,0.00759124755859375,0.010651826858520508,0.018243074417114258,0.21780872344970703,"(Vertices: [0, 1, 2, 3, 4, 5, 6, 7]) -- (Edges: [(0, 3), (6, 7), (0, 2), (0, 5), (1, 6), (2, 5), (3, 5)])"
8,9,16,0.10562634468078613,inf,inf,2.8580760955810547,"(Vertices: [0, 1, 2, 3, 4, 5, 6, 7]) -- (Edges: [(0, 7), (1, 2), (3, 4), (0, 6), (0, 2), (5, 6), (1, 6), (1, 3), (4, 7)])"
8,10,1,0.012557744979858398,0.0052721500396728516,0.01782989501953125,0.3478889465332031,"(Vertices: [0, 1, 2, 3, 4, 5, 6, 7]) -- (Edges: [(2, 4), (2, 7), (1, 5), (4, 6), (5, 7), (6, 7), (2, 6), (5, 6), (0, 5), (3, 6)])"
8,7,16,0.001750946044921875,0.004200935363769531,0.005951881408691406,0.0753936767578125,"(Vertices: [0, 1, 2, 3, 4, 5, 6, 7]) -- (Edges: [(0, 1), (2, 4), (5, 7), (6, 7), (2, 6), (5, 6), (2, 5)])"
8,8,1,0.011208772659301758,0.021472930908203125,0.03268170356750488,0.31432342529296875,"(Vertices: [0, 1, 2, 3, 4, 5, 6, 7]) -- (Edges: [(1, 2), (1, 5), (4, 6), (5, 7), (0, 6), (2, 3), (0, 5), (3, 5)])"
8,11,16,0.0008852481842041016,0.0032863616943359375,0.004171609878540039,0.05690288543701172,"(Vertices: [0, 1, 2, 3, 4, 5, 6, 7]) -- (Edges: [(0, 7), (1, 2), (2, 7), (3, 7), (0, 3), (4, 6), (1, 4), (6, 7), (2, 6), (3, 6), (3, 5)])"
8,12,1,0.01145792007446289,0.010755538940429688,0.022213459014892578,0.3003807067871094,"(Vertices: [0, 1, 2, 3, 4, 5, 6, 7]) -- (Edges: [(0, 1), (0, 7), (1, 2), (0, 4), (1, 5), (0, 3), (4, 6), (1, 4), (5, 7), (0, 2), (1, 3), (4, 7)])"
8,12,16,0.14442062377929688,inf,inf,3.783724784851074,"(Vertices: [0, 1, 2, 3, 4, 5, 6, 7]) -- (Edges: [(1, 2), (0, 4), (1, 5), (3, 7), (4, 6), (0, 2), (5, 6), (0, 5), (3, 6), (1, 6), (4, 7), (3, 5)])"
8,8,1,0.011441469192504883,0.006129741668701172,0.017571210861206055,0.31656360626220703,"(Vertices: [0, 1, 2, 3, 4, 5, 6, 7]) -- (Edges: [(1, 2), (3, 7), (2, 3), (0, 2), (4, 5), (5, 6), (3, 6), (4, 7)])"
8,13,16,0.0003368854522705078,0.003314495086669922,0.0036513805389404297,0.05690288543701172,"(Vertices: [0, 1, 2, 3, 4, 5, 6, 7]) -- (Edges: [(0, 7), (2, 4), (0, 4), (3, 4), (2, 7), (1, 5), (1, 4), (0, 6), (6, 7), (0, 2), (2, 6), (0, 5), (3, 6)])"
8,15,1,0.019532203674316406,0.015222787857055664,0.03475499153137207,0.5013961791992188,"(Vertices: [0, 1, 2, 3, 4, 5, 6, 7]) -- (Edges: [(0, 1), (2, 4), (1, 2), (2, 7), (0, 3), (4, 6), (2, 3), (1, 7), (2, 6), (0, 5), (3, 6), (1, 6), (2, 5), (1, 3), (4, 7)])"
8,12,16,0.00034928321838378906,0.0025482177734375,0.002897500991821289,0.05690288543701172,"(Vertices: [0, 1, 2, 3, 4, 5, 6, 7]) -- (Edges: [(0, 1), (2, 4), (1, 2), (3, 4), (1, 5), (2, 6), (5, 6), (0, 5), (1, 6), (2, 5), (4, 7), (3, 5)])"
8,11,1,0.014595985412597656,0.01529073715209961,0.029886722564697266,0.3983879089355469,"(Vertices: [0, 1, 2, 3, 4, 5, 6, 7]) -- (Edges: [(0, 1), (1, 2), (3, 4), (1, 5), (4, 6), (1, 4), (0, 6), (5, 7), (5, 6), (3, 6), (1, 6)])"
8,8,16,0.0003695487976074219,0.0028998851776123047,0.0032694339752197266,0.0568389892578125,"(Vertices: [0, 1, 2, 3, 4, 5, 6, 7]) -- (Edges: [(0, 1), (2, 4), (0, 4), (3, 4), (6, 7), (5, 6), (3, 6), (2, 5)])"
8,6,1,0.00854802131652832,0.014709234237670898,0.02325725555419922,0.26181602478027344,"(Vertices: [0, 1, 2, 3, 4, 5, 6, 7]) -- (Edges: [(3, 7), (0, 3), (1, 4), (0, 6), (1, 7), (2, 5)])"
8,12,16,0.0009365081787109375,0.004271984100341797,0.005208492279052734,0.05690288543701172,"(Vertices: [0, 1, 2, 3, 4, 5, 6, 7]) -- (Edges: [(2, 4), (3, 4), (1, 5), (0, 3), (4, 6), (5, 7), (0, 6), (6, 7), (1, 7), (0, 5), (1, 6), (1, 3)])"
8,9,1,0.00925898551940918,0.0036950111389160156,0.012953996658325195,0.24567031860351562,"(Vertices: [0, 1, 2, 3, 4, 5, 6, 7]) -- (Edges: [(2, 4), (1, 2), (0, 4), (3, 4), (1, 4), (1, 7), (0, 2), (4, 5), (3, 6)])"
8,14,16,0.1765279769897461,inf,inf,4.554080963134766,"(Vertices: [0, 1, 2, 3, 4, 5, 6, 7]) -- (Edges: [(1, 2), (2, 7), (1, 5), (3, 7), (5, 7), (2, 3), (6, 7), (0, 2), (2, 6), (0, 5), (3, 6), (1, 6), (2, 5), (1, 3)])"
8,6,1,0.00844717025756836,0.0036144256591796875,0.012061595916748047,0.2490253448486328,"(Vertices: [0, 1, 2, 3, 4, 5, 6, 7]) -- (Edges: [(0, 1), (1, 2), (3, 4), (6, 7), (1, 7), (5, 6)])"
8,13,16,0.0002894401550292969,0.00426483154296875,0.004554271697998047,0.05690288543701172,"(Vertices: [0, 1, 2, 3, 4, 5, 6, 7]) -- (Edges: [(2, 4), (2, 7), (3, 7), (1, 4), (0, 6), (2, 3), (5, 7), (4, 5), (2, 6), (5, 6), (3, 6), (1, 3), (3, 5)])"
8,6,1,0.008143424987792969,0.017003774642944336,0.025147199630737305,0.24310016632080078,"(Vertices: [0, 1, 2, 3, 4, 5, 6, 7]) -- (Edges: [(2, 4), (3, 4), (0, 3), (1, 4), (0, 2), (5, 6)])"
8,11,16,0.0008082389831542969,0.004204750061035156,0.005012989044189453,0.05690288543701172,"(Vertices: [0, 1, 2, 3, 4, 5, 6, 7]) -- (Edges: [(1, 2), (0, 4), (1, 5), (0, 6), (6, 7), (1, 7), (2, 6), (0, 5), (3, 6), (1, 3), (4, 7)])"
8,9,1,0.008622884750366211,0.010162353515625,0.01878523826599121,0.24280166625976562,"(Vertices: [0, 1, 2, 3, 4, 5, 6, 7]) -- (Edges: [(1, 2), (0, 4), (0, 3), (4, 6), (0, 6), (2, 6), (0, 5), (1, 6), (4, 7)])"
8,13,16,0.16737890243530273,inf,inf,4.157652854919434,"(Vertices: [0, 1, 2, 3, 4, 5, 6, 7]) -- (Edges: [(0, 7), (0, 4), (1, 5), (3, 7), (5, 7), (6, 7), (0, 2), (4, 5), (2, 6), (3, 6), (1, 6), (2, 5), (4, 7)])"
8,10,1,0.010022401809692383,0.004143953323364258,0.01416635513305664,0.2698841094970703,"(Vertices: [0, 1, 2, 3, 4, 5, 6, 7]) -- (Edges: [(0, 7), (1, 2), (3, 7), (0, 3), (1, 4), (5, 6), (2, 5), (1, 3), (4, 7), (3, 5)])"
8,13,16,0.157210111618042,inf,inf,4.160707473754883,"(Vertices: [0, 1, 2, 3, 4, 5, 6, 7]) -- (Edges: [(0, 7), (2, 4), (3, 4), (3, 7), (5, 7), (0, 6), (2, 3), (1, 7), (3, 6), (2, 5), (1, 3), (4, 7), (3, 5)])"
8,9,1,0.01186990737915039,0.004403352737426758,0.01627326011657715,0.3473939895629883,"(Vertices: [0, 1, 2, 3, 4, 5, 6, 7]) -- (Edges: [(2, 7), (1, 4), (0, 6), (2, 3), (6, 7), (1, 7), (2, 6), (5, 6), (3, 6)])"
8,5,16,0.001804351806640625,0.0034410953521728516,0.0052454471588134766,0.0753936767578125,"(Vertices: [0, 1, 2, 3, 4, 5, 6, 7]) -- (Edges: [(0, 1), (3, 7), (6, 7), (4, 5), (4, 7)])"
8,12,1,0.01679515838623047,0.022006511688232422,0.03880167007446289,0.4269113540649414,"(Vertices: [0, 1, 2, 3, 4, 5, 6, 7]) -- (Edges: [(0, 1), (0, 7), (1, 2), (0, 4), (1, 5), (0, 3), (6, 7), (1, 7), (2, 6), (0, 5), (2, 5), (1, 3)])"
8,14,16,0.00042510032653808594,0.0023772716522216797,0.0028023719787597656,0.05690288543701172,"(Vertices: [0, 1, 2, 3, 4, 5, 6, 7]) -- (Edges: [(0, 7), (2, 4), (1, 2), (3, 4), (2, 7), (3, 7), (1, 4), (0, 6), (2, 3), (5, 7), (0, 2), (4, 5), (2, 6), (1, 6)])"
8,10,1,0.010158300399780273,0.008756399154663086,0.01891469955444336,0.2677726745605469,"(Vertices: [0, 1, 2, 3, 4, 5, 6, 7]) -- (Edges: [(0, 1), (0, 4), (1, 5), (3, 7), (2, 3), (6, 7), (0, 5), (1, 6), (1, 3), (3, 5)])"
8,13,16,0.16945123672485352,inf,inf,4.184739112854004,"(Vertices: [0, 1, 2, 3, 4, 5, 6, 7]) -- (Edges: [(0, 1), (0, 7), (1, 2), (0, 4), (0, 3), (5, 7), (0, 6), (6, 7), (0, 2), (4, 5), (3, 6), (1, 6), (1, 3)])"
8,8,1,0.007435798645019531,0.009705543518066406,0.017141342163085938,0.23297119140625,"(Vertices: [0, 1, 2, 3, 4, 5, 6, 7]) -- (Edges: [(0, 3), (0, 6), (1, 7), (2, 6), (5, 6), (0, 5), (3, 6), (2, 5)])"
8,10,16,0.1181788444519043,inf,inf,3.241469383239746,"(Vertices: [0, 1, 2, 3, 4, 5, 6, 7]) -- (Edges: [(1, 2), (0, 4), (2, 7), (3, 7), (4, 6), (5, 7), (2, 3), (0, 2), (1, 7), (3, 5)])"
8,14,1,0.013599157333374023,0.016553640365600586,0.03015279769897461,0.3505592346191406,"(Vertices: [0, 1, 2, 3, 4, 5, 6, 7]) -- (Edges: [(0, 7), (3, 4), (2, 7), (1, 5), (3, 7), (0, 3), (1, 4), (0, 6), (5, 7), (0, 2), (4, 5), (2, 6), (5, 6), (0, 5)])"
8,8,16,0.09202361106872559,inf,inf,2.516818046569824,"(Vertices: [0, 1, 2, 3, 4, 5, 6, 7]) -- (Edges: [(0, 1), (2, 4), (0, 4), (3, 7), (5, 7), (5, 6), (3, 6), (4, 7)])"
8,9,1,0.010498523712158203,0.005057811737060547,0.01555633544921875,0.2464580535888672,"(Vertices: [0, 1, 2, 3, 4, 5, 6, 7]) -- (Edges: [(1, 2), (3, 4), (2, 7), (3, 7), (0, 2), (2, 6), (3, 6), (2, 5), (4, 7)])"
8,16,16,0.194990873336792,inf,inf,5.143491744995117,"(Vertices: [0, 1, 2, 3, 4, 5, 6, 7]) -- (Edges: [(0, 1), (2, 4), (1, 2), (3, 4), (3, 7), (0, 3), (1, 4), (2, 3), (0, 2), (1, 7), (5, 6), (0, 5), (3, 6), (1, 6), (2, 5), (3, 5)])"
8,9,1,0.01325845718383789,0.01959705352783203,0.03285551071166992,0.3577566146850586,"(Vertices: [0, 1, 2, 3, 4, 5, 6, 7]) -- (Edges: [(0, 1), (2, 4), (1, 2), (2, 7), (5, 7), (0, 2), (3, 6), (4, 7), (3, 5)])"
8,11,16,0.0003457069396972656,0.002137899398803711,0.0024836063385009766,0.05690288543701172,"(Vertices: [0, 1, 2, 3, 4, 5, 6, 7]) -- (Edges: [(0, 7), (1, 2), (0, 4), (3, 4), (4, 6), (5, 7), (0, 6), (0, 2), (3, 6), (2, 5), (3, 5)])"
8,7,1,0.00998687744140625,0.00400090217590332,0.01398777961730957,0.2843751907348633,"(Vertices: [0, 1, 2, 3, 4, 5, 6, 7]) -- (Edges: [(2, 4), (3, 4), (2, 7), (4, 6), (0, 5), (4, 7), (3, 5)])"
8,9,16,0.0008213520050048828,0.002326488494873047,0.0031478404998779297,0.05690288543701172,"(Vertices: [0, 1, 2, 3, 4, 5, 6, 7]) -- (Edges: [(0, 7), (2, 4), (3, 4), (1, 5), (6, 7), (1, 7), (2, 6), (1, 6), (4, 7)])"
8,5,1,0.00836491584777832,0.010665416717529297,0.019030332565307617,0.2425374984741211,"(Vertices: [0, 1, 2, 3, 4, 5, 6, 7]) -- (Edges: [(0, 7), (2, 4), (0, 3), (1, 6), (2, 5)])"
8,8,16,0.0011494159698486328,0.003359079360961914,0.004508495330810547,0.05690288543701172,"(Vertices: [0, 1, 2, 3, 4, 5, 6, 7]) -- (Edges: [(0, 1), (0, 3), (0, 6), (1, 7), (5, 6), (2, 5), (1, 3), (4, 7)])"
8,11,1,0.010816812515258789,0.01181650161743164,0.02263331413269043,0.28739261627197266,"(Vertices: [0, 1, 2, 3, 4, 5, 6, 7]) -- (Edges: [(0, 1), (0, 7), (0, 4), (2, 7), (5, 7), (0, 6), (2, 3), (0, 5), (1, 3), (4, 7), (3, 5)])"
8,7,16,0.08659243583679199,inf,inf,2.2341718673706055,"(Vertices: [0, 1, 2, 3, 4, 5, 6, 7]) -- (Edges: [(0, 1), (0, 4), (4, 6), (0, 2), (0, 5), (1, 3), (4, 7)])"
8,13,1,0.013686418533325195,0.008596181869506836,0.02228260040283203,0.32793331146240234,"(Vertices: [0, 1, 2, 3, 4, 5, 6, 7]) -- (Edges: [(0, 7), (2, 4), (1, 2), (2, 7), (3, 7), (1, 4), (0, 6), (0, 2), (1, 7), (4, 5), (1, 6), (2, 5), (3, 5)])"
8,6,16,0.07072234153747559,inf,inf,1.8849000930786133,"(Vertices: [0, 1, 2, 3, 4, 5, 6, 7]) -- (Edges: [(0, 1), (2, 4), (3, 4), (1, 5), (1, 7), (3, 5)])"
8,12,1,0.01601099967956543,0.01812148094177246,0.03413248062133789,0.4317893981933594,"(Vertices: [0, 1, 2, 3, 4, 5, 6, 7]) -- (Edges: [(0, 1), (2, 4), (0, 4), (2, 7), (0, 3), (6, 7), (0, 2), (4, 5), (3, 6), (1, 6), (2, 5), (3, 5)])"
8,12,16,0.0007088184356689453,0.003748655319213867,0.0044574737548828125,0.05690288543701172,"(Vertices: [0, 1, 2, 3, 4, 5, 6, 7]) -- (Edges: [(0, 1), (1, 2), (1, 5), (0, 6), (6, 7), (0, 2), (1, 7), (2, 6), (5, 6), (0, 5), (3, 6), (3, 5)])"
8,8,1,0.010993480682373047,0.0055391788482666016,0.01653265953063965,0.29596900939941406,"(Vertices: [0, 1, 2, 3, 4, 5, 6, 7]) -- (Edges: [(2, 7), (3, 7), (5, 7), (1, 7), (5, 6), (0, 5), (4, 7), (3, 5)])"
8,7,16,0.00043392181396484375,0.003401041030883789,0.003834962844848633,0.0568389892578125,"(Vertices: [0, 1, 2, 3, 4, 5, 6, 7]) -- (Edges: [(3, 7), (0, 3), (1, 4), (1, 7), (0, 5), (1, 6), (2, 5)])"
8,13,1,0.011687517166137695,0.011043071746826172,0.022730588912963867,0.3305063247680664,"(Vertices: [0, 1, 2, 3, 4, 5, 6, 7]) -- (Edges: [(0, 1), (0, 7), (2, 4), (1, 2), (0, 4), (3, 4), (0, 3), (2, 3), (6, 7), (2, 6), (5, 6), (1, 6), (4, 7)])"
8,8,16,0.09657645225524902,inf,inf,2.546627998352051,"(Vertices: [0, 1, 2, 3, 4, 5, 6, 7]) -- (Edges: [(0, 1), (0, 7), (3, 7), (0, 6), (2, 3), (0, 2), (4, 5), (3, 5)])"
8,13,1,0.01685333251953125,0.02742910385131836,0.04428243637084961,0.46101951599121094,"(Vertices: [0, 1, 2, 3, 4, 5, 6, 7]) -- (Edges: [(0, 1), (0, 7), (2, 4), (0, 4), (2, 7), (0, 3), (4, 6), (5, 7), (2, 6), (0, 5), (3, 6), (1, 6), (4, 7)])"
8,4,16,0.002351999282836914,0.0042684078216552734,0.0066204071044921875,0.07539939880371094,"(Vertices: [0, 1, 2, 3, 4, 5, 6, 7]) -- (Edges: [(0, 7), (2, 6), (1, 4), (0, 6)])"
8,10,1,0.01184844970703125,0.003551006317138672,0.015399456024169922,0.27102184295654297,"(Vertices: [0, 1, 2, 3, 4, 5, 6, 7]) -- (Edges: [(1, 5), (3, 7), (0, 3), (4, 6), (5, 7), (2, 6), (3, 6), (2, 5), (4, 7), (3, 5)])"
8,9,16,0.10770559310913086,inf,inf,2.856679916381836,"(Vertices: [0, 1, 2, 3, 4, 5, 6, 7]) -- (Edges: [(0, 4), (3, 4), (1, 4), (0, 2), (4, 5), (0, 5), (3, 6), (1, 6), (2, 5)])"
8,10,1,0.013843536376953125,0.013523578643798828,0.027367115020751953,0.37200450897216797,"(Vertices: [0, 1, 2, 3, 4, 5, 6, 7]) -- (Edges: [(0, 7), (0, 4), (2, 7), (3, 7), (5, 7), (0, 6), (2, 3), (1, 7), (2, 6), (3, 5)])"
8,12,16,0.0009272098541259766,0.004047393798828125,0.0049746036529541016,0.05690288543701172,"(Vertices: [0, 1, 2, 3, 4, 5, 6, 7]) -- (Edges: [(0, 1), (2, 7), (3, 7), (4, 6), (0, 6), (2, 3), (0, 2), (1, 7), (2, 6), (3, 6), (4, 7), (3, 5)])"
8,10,1,0.01036214828491211,0.004500150680541992,0.014862298965454102,0.26947593688964844,"(Vertices: [0, 1, 2, 3, 4, 5, 6, 7]) -- (Edges: [(0, 4), (3, 4), (3, 7), (1, 4), (6, 7), (1, 7), (1, 6), (2, 5), (1, 3), (4, 7)])"
8,10,16,0.11921286582946777,inf,inf,3.2071876525878906,"(Vertices: [0, 1, 2, 3, 4, 5, 6, 7]) -- (Edges: [(1, 2), (0, 4), (3, 4), (2, 7), (1, 5), (3, 7), (6, 7), (2, 5), (1, 3), (4, 7)])"
8,11,1,0.01376652717590332,0.025486469268798828,0.03925299644470215,0.41071128845214844,"(Vertices: [0, 1, 2, 3, 4, 5, 6, 7]) -- (Edges: [(0, 4), (1, 5), (1, 4), (0, 6), (5, 7), (6, 7), (0, 2), (4, 5), (0, 5), (1, 3), (4, 7)])"
8,11,16,0.00054168701171875,0.0033676624298095703,0.00390934944152832,0.05690288543701172,"(Vertices: [0, 1, 2, 3, 4, 5, 6, 7]) -- (Edges: [(0, 1), (1, 2), (2, 7), (1, 5), (0, 3), (4, 6), (0, 6), (2, 3), (1, 6), (2, 5), (4, 7)])"
8,8,1,0.010998964309692383,0.015502214431762695,0.026501178741455078,0.3148336410522461,"(Vertices: [0, 1, 2, 3, 4, 5, 6, 7]) -- (Edges: [(2, 7), (4, 6), (5, 7), (0, 2), (2, 6), (0, 5), (1, 3), (4, 7)])"
8,8,16,0.0004246234893798828,0.003960371017456055,0.0043849945068359375,0.05690288543701172,"(Vertices: [0, 1, 2, 3, 4, 5, 6, 7]) -- (Edges: [(0, 1), (0, 4), (3, 7), (1, 4), (0, 6), (5, 7), (4, 5), (4, 7)])"
8,17,1,0.015787601470947266,0.011840105056762695,0.02762770652770996,0.40325927734375,"(Vertices: [0, 1, 2, 3, 4, 5, 6, 7]) -- (Edges: [(0, 1), (2, 4), (1, 2), (0, 4), (2, 7), (1, 5), (0, 3), (1, 4), (2, 3), (0, 2), (1, 7), (4, 5), (5, 6), (3, 6), (2, 5), (1, 3), (4, 7)])"
8,8,16,0.11330890655517578,inf,inf,2.54764461517334,"(Vertices: [0, 1, 2, 3, 4, 5, 6, 7]) -- (Edges: [(0, 7), (3, 4), (1, 5), (0, 3), (1, 4), (2, 3), (6, 7), (0, 2)])"
8,9,1,0.009955644607543945,0.00934147834777832,0.019297122955322266,0.2444896697998047,"(Vertices: [0, 1, 2, 3, 4, 5, 6, 7]) -- (Edges: [(0, 1), (0, 7), (0, 4), (1, 5), (1, 4), (4, 5), (2, 6), (0, 5), (3, 5)])"
8,10,16,0.11753726005554199,inf,inf,3.203075408935547,"(Vertices: [0, 1, 2, 3, 4, 5, 6, 7]) -- (Edges: [(0, 7), (1, 2), (0, 4), (2, 7), (4, 6), (1, 4), (2, 3), (0, 2), (3, 6), (3, 5)])"
8,13,1,0.01119089126586914,0.010164022445678711,0.02135491371154785,0.3236122131347656,"(Vertices: [0, 1, 2, 3, 4, 5, 6, 7]) -- (Edges: [(0, 1), (0, 7), (0, 4), (1, 5), (0, 3), (1, 7), (2, 6), (0, 5), (3, 6), (2, 5), (1, 3), (4, 7), (3, 5)])"
8,7,16,0.08254599571228027,0.014711380004882812,0.09725737571716309,2.208616256713867,"(Vertices: [0, 1, 2, 3, 4, 5, 6, 7]) -- (Edges: [(1, 5), (4, 6), (2, 3), (6, 7), (1, 7), (4, 5), (2, 6)])"
8,10,1,0.009786128997802734,0.003952503204345703,0.013738632202148438,0.2699298858642578,"(Vertices: [0, 1, 2, 3, 4, 5, 6, 7]) -- (Edges: [(0, 1), (3, 4), (2, 7), (1, 5), (2, 3), (6, 7), (5, 6), (3, 6), (1, 6), (1, 3)])"
8,14,16,0.17106914520263672,inf,inf,4.523089408874512,"(Vertices: [0, 1, 2, 3, 4, 5, 6, 7]) -- (Edges: [(0, 1), (3, 7), (0, 3), (4, 6), (1, 4), (0, 6), (6, 7), (0, 2), (4, 5), (0, 5), (3, 6), (1, 6), (2, 5), (3, 5)])"
8,7,1,0.007470846176147461,0.0034885406494140625,0.010959386825561523,0.21483421325683594,"(Vertices: [0, 1, 2, 3, 4, 5, 6, 7]) -- (Edges: [(1, 5), (0, 3), (1, 4), (5, 7), (0, 2), (1, 6), (2, 5)])"
8,6,16,0.07139897346496582,112.04351282119751,112.11491179466248,1.9680500030517578,"(Vertices: [0, 1, 2, 3, 4, 5, 6, 7]) -- (Edges: [(0, 1), (2, 4), (4, 5), (0, 2), (2, 6), (5, 6)])"
8,8,1,0.011017560958862305,0.0036270618438720703,0.014644622802734375,0.31162548065185547,"(Vertices: [0, 1, 2, 3, 4, 5, 6, 7]) -- (Edges: [(3, 4), (3, 7), (4, 6), (1, 4), (6, 7), (2, 6), (1, 3), (4, 7)])"
8,13,16,0.0003809928894042969,0.002105236053466797,0.0024862289428710938,0.05690288543701172,"(Vertices: [0, 1, 2, 3, 4, 5, 6, 7]) -- (Edges: [(0, 4), (2, 7), (1, 5), (0, 3), (4, 6), (2, 3), (6, 7), (0, 2), (4, 5), (5, 6), (3, 6), (1, 6), (3, 5)])"
8,6,1,0.00669550895690918,0.0031332969665527344,0.009828805923461914,0.20555496215820312,"(Vertices: [0, 1, 2, 3, 4, 5, 6, 7]) -- (Edges: [(0, 1), (2, 4), (5, 7), (1, 7), (1, 3), (4, 7)])"
8,15,16,0.18709278106689453,inf,inf,4.818428039550781,"(Vertices: [0, 1, 2, 3, 4, 5, 6, 7]) -- (Edges: [(0, 1), (2, 4), (1, 2), (1, 5), (4, 6), (5, 7), (0, 6), (2, 3), (4, 5), (5, 6), (0, 5), (1, 6), (2, 5), (1, 3), (4, 7)])"
8,9,1,0.011474847793579102,0.003993988037109375,0.015468835830688477,0.32953834533691406,"(Vertices: [0, 1, 2, 3, 4, 5, 6, 7]) -- (Edges: [(0, 7), (1, 2), (1, 5), (6, 7), (2, 6), (5, 6), (1, 6), (2, 5), (3, 5)])"
8,11,16,0.0003955364227294922,0.0025970935821533203,0.0029926300048828125,0.05690288543701172,"(Vertices: [0, 1, 2, 3, 4, 5, 6, 7]) -- (Edges: [(2, 4), (2, 7), (3, 7), (4, 6), (2, 3), (6, 7), (0, 2), (4, 5), (3, 6), (1, 3), (3, 5)])"
8,11,1,0.014938831329345703,0.025846242904663086,0.04078507423400879,0.3880462646484375,"(Vertices: [0, 1, 2, 3, 4, 5, 6, 7]) -- (Edges: [(2, 4), (1, 2), (0, 4), (2, 7), (3, 7), (0, 3), (0, 6), (1, 7), (4, 5), (0, 5), (1, 6)])"
8,11,16,0.0003807544708251953,0.0020241737365722656,0.002404928207397461,0.05690288543701172,"(Vertices: [0, 1, 2, 3, 4, 5, 6, 7]) -- (Edges: [(0, 1), (2, 7), (3, 7), (0, 6), (2, 3), (6, 7), (1, 7), (4, 5), (0, 5), (3, 6), (3, 5)])"
8,12,1,0.014701604843139648,0.018654823303222656,0.033356428146362305,0.41861438751220703,"(Vertices: [0, 1, 2, 3, 4, 5, 6, 7]) -- (Edges: [(0, 7), (3, 7), (1, 4), (5, 7), (2, 3), (6, 7), (4, 5), (2, 6), (0, 5), (3, 6), (1, 3), (3, 5)])"
8,7,16,0.0019118785858154297,0.004107236862182617,0.006019115447998047,0.07541561126708984,"(Vertices: [0, 1, 2, 3, 4, 5, 6, 7]) -- (Edges: [(0, 7), (3, 4), (0, 3), (5, 7), (2, 6), (1, 3), (4, 7)])"
8,7,1,0.010119199752807617,0.005032062530517578,0.015151262283325195,0.2822380065917969,"(Vertices: [0, 1, 2, 3, 4, 5, 6, 7]) -- (Edges: [(1, 2), (3, 4), (3, 7), (1, 4), (1, 7), (5, 6), (2, 5)])"
8,9,16,0.0003733634948730469,0.0027794837951660156,0.0031528472900390625,0.05690288543701172,"(Vertices: [0, 1, 2, 3, 4, 5, 6, 7]) -- (Edges: [(0, 7), (3, 4), (3, 7), (0, 3), (2, 3), (6, 7), (0, 2), (1, 6), (1, 3)])"
8,12,1,0.011626720428466797,0.004616498947143555,0.01624321937561035,0.3058052062988281,"(Vertices: [0, 1, 2, 3, 4, 5, 6, 7]) -- (Edges: [(0, 7), (2, 4), (1, 2), (3, 4), (2, 7), (1, 5), (4, 6), (0, 6), (2, 3), (1, 7), (1, 6), (1, 3)])"
8,13,16,0.1599102020263672,inf,inf,4.15757942199707,"(Vertices: [0, 1, 2, 3, 4, 5, 6, 7]) -- (Edges: [(0, 1), (3, 4), (2, 7), (4, 6), (1, 4), (5, 7), (1, 7), (4, 5), (3, 6), (1, 6), (2, 5), (4, 7), (3, 5)])"
8,8,1,0.010719776153564453,0.004060029983520508,0.014779806137084961,0.30622196197509766,"(Vertices: [0, 1, 2, 3, 4, 5, 6, 7]) -- (Edges: [(1, 2), (4, 6), (5, 7), (0, 6), (1, 7), (2, 6), (1, 3), (3, 5)])"
8,13,16,0.0003705024719238281,0.004327535629272461,0.004698038101196289,0.05690288543701172,"(Vertices: [0, 1, 2, 3, 4, 5, 6, 7]) -- (Edges: [(0, 7), (2, 4), (1, 2), (0, 4), (3, 4), (0, 3), (4, 6), (1, 7), (2, 6), (3, 6), (1, 6), (1, 3), (4, 7)])"
8,8,1,0.008652687072753906,0.0032269954681396484,0.011879682540893555,0.2374134063720703,"(Vertices: [0, 1, 2, 3, 4, 5, 6, 7]) -- (Edges: [(2, 4), (1, 2), (0, 4), (2, 7), (3, 7), (6, 7), (5, 6), (2, 5)])"
8,10,16,0.12241077423095703,inf,inf,3.2362489700317383,"(Vertices: [0, 1, 2, 3, 4, 5, 6, 7]) -- (Edges: [(0, 1), (0, 7), (1, 2), (1, 5), (4, 6), (5, 7), (6, 7), (1, 6), (2, 5), (1, 3)])"
9,12,1,0.01161050796508789,0.010949373245239258,0.02255988121032715,0.30568599700927734,"(Vertices: [0, 1, 2, 3, 4, 5, 6, 7, 8]) -- (Edges: [(0, 1), (1, 2), (8, 4), (3, 4), (8, 7), (0, 6), (2, 3), (2, 6), (8, 6), (8, 2), (8, 5), (3, 5)])"
9,12,23,0.0015039443969726562,0.004119157791137695,0.0056231021881103516,0.06834220886230469,"(Vertices: [0, 1, 2, 3, 4, 5, 6, 7, 8]) -- (Edges: [(8, 4), (3, 4), (1, 5), (3, 7), (1, 4), (8, 0), (2, 3), (1, 7), (0, 2), (8, 3), (8, 2), (0, 8)])"
9,7,1,0.007914304733276367,0.003718137741088867,0.011632442474365234,0.21637821197509766,"(Vertices: [0, 1, 2, 3, 4, 5, 6, 7, 8]) -- (Edges: [(8, 4), (8, 1), (3, 7), (0, 6), (8, 6), (3, 6), (1, 3)])"
9,12,23,0.0015411376953125,0.00419926643371582,0.00574040412902832,0.07030010223388672,"(Vertices: [0, 1, 2, 3, 4, 5, 6, 7, 8]) -- (Edges: [(2, 4), (1, 2), (8, 4), (2, 7), (6, 7), (8, 3), (4, 5), (2, 6), (8, 6), (3, 6), (1, 6), (2, 5)])"
9,15,1,0.013547420501708984,0.012581110000610352,0.026128530502319336,0.3636198043823242,"(Vertices: [0, 1, 2, 3, 4, 5, 6, 7, 8]) -- (Edges: [(0, 1), (0, 7), (1, 2), (0, 4), (3, 4), (2, 7), (1, 5), (8, 7), (3, 7), (0, 6), (8, 3), (4, 5), (1, 6), (1, 3), (4, 7)])"
9,13,23,0.001661062240600586,0.00648808479309082,0.008149147033691406,0.07147693634033203,"(Vertices: [0, 1, 2, 3, 4, 5, 6, 7, 8]) -- (Edges: [(8, 4), (8, 1), (8, 7), (3, 7), (8, 5), (2, 3), (0, 2), (8, 3), (2, 6), (5, 6), (8, 6), (1, 3), (4, 7)])"
9,16,1,0.019516944885253906,0.0208432674407959,0.040360212326049805,0.5685062408447266,"(Vertices: [0, 1, 2, 3, 4, 5, 6, 7, 8]) -- (Edges: [(2, 4), (0, 4), (8, 4), (2, 7), (8, 1), (0, 3), (1, 4), (2, 3), (0, 2), (8, 3), (2, 6), (5, 6), (8, 6), (8, 2), (2, 5), (3, 5)])"
9,12,23,0.0003864765167236328,0.002354860305786133,0.0027413368225097656,0.057643890380859375,"(Vertices: [0, 1, 2, 3, 4, 5, 6, 7, 8]) -- (Edges: [(0, 1), (8, 4), (8, 7), (4, 6), (1, 4), (0, 6), (0, 2), (1, 7), (5, 6), (1, 6), (4, 7), (8, 2)])"
9,14,1,0.013123273849487305,0.0056340694427490234,0.018757343292236328,0.35401153564453125,"(Vertices: [0, 1, 2, 3, 4, 5, 6, 7, 8]) -- (Edges: [(0, 7), (2, 4), (0, 4), (3, 4), (2, 7), (4, 6), (1, 4), (5, 7), (6, 7), (1, 7), (8, 3), (1, 6), (2, 5), (8, 2)])"
9,10,23,0.0012886524200439453,0.0035915374755859375,0.004880189895629883,0.06834697723388672,"(Vertices: [0, 1, 2, 3, 4, 5, 6, 7, 8]) -- (Edges: [(0, 1), (1, 2), (0, 4), (3, 4), (8, 4), (1, 5), (8, 7), (5, 7), (2, 3), (8, 3)])"
9,18,1,0.024199962615966797,0.18205785751342773,0.20625782012939453,0.6082744598388672,"(Vertices: [0, 1, 2, 3, 4, 5, 6, 7, 8]) -- (Edges: [(1, 2), (8, 4), (2, 7), (1, 5), (3, 7), (0, 3), (1, 4), (8, 0), (2, 3), (0, 2), (8, 3), (5, 6), (8, 6), (3, 6), (8, 2), (0, 8), (2, 5), (4, 7)])"
9,12,23,0.0004074573516845703,0.0033583641052246094,0.0037658214569091797,0.057643890380859375,"(Vertices: [0, 1, 2, 3, 4, 5, 6, 7, 8]) -- (Edges: [(2, 4), (8, 4), (3, 4), (8, 7), (8, 0), (0, 6), (1, 7), (0, 2), (8, 6), (1, 6), (0, 8), (8, 5)])"
9,10,1,0.010684728622436523,0.004506349563598633,0.015191078186035156,0.2677440643310547,"(Vertices: [0, 1, 2, 3, 4, 5, 6, 7, 8]) -- (Edges: [(1, 2), (0, 4), (2, 7), (0, 3), (6, 7), (1, 7), (2, 6), (1, 6), (8, 5), (3, 5)])"
9,14,23,0.0015649795532226562,0.004387378692626953,0.005952358245849609,0.07153606414794922,"(Vertices: [0, 1, 2, 3, 4, 5, 6, 7, 8]) -- (Edges: [(0, 1), (2, 4), (1, 2), (3, 4), (2, 7), (3, 7), (0, 3), (4, 6), (1, 4), (5, 7), (2, 3), (8, 3), (0, 5), (1, 3)])"
9,12,1,0.015566349029541016,0.0188751220703125,0.034441471099853516,0.39885520935058594,"(Vertices: [0, 1, 2, 3, 4, 5, 6, 7, 8]) -- (Edges: [(2, 4), (8, 4), (2, 7), (8, 7), (0, 3), (8, 0), (2, 3), (1, 7), (4, 5), (0, 8), (4, 7), (3, 5)])"
9,18,23,0.0003662109375,0.0022885799407958984,0.0026547908782958984,0.057643890380859375,"(Vertices: [0, 1, 2, 3, 4, 5, 6, 7, 8]) -- (Edges: [(0, 1), (0, 7), (1, 2), (0, 4), (3, 4), (2, 7), (1, 5), (8, 1), (8, 4), (8, 7), (0, 3), (5, 6), (1, 6), (2, 5), (1, 3), (8, 5), (3, 5), (8, 2)])"
9,11,1,0.014731168746948242,0.0268707275390625,0.04160189628601074,0.41149234771728516,"(Vertices: [0, 1, 2, 3, 4, 5, 6, 7, 8]) -- (Edges: [(0, 1), (0, 7), (2, 7), (8, 7), (8, 0), (8, 5), (8, 6), (3, 6), (0, 8), (4, 7), (3, 5)])"
9,13,23,0.0008814334869384766,0.0035982131958007812,0.004479646682739258,0.057643890380859375,"(Vertices: [0, 1, 2, 3, 4, 5, 6, 7, 8]) -- (Edges: [(0, 1), (0, 7), (0, 4), (4, 6), (1, 4), (0, 6), (0, 2), (5, 6), (0, 5), (3, 6), (2, 5), (8, 5), (3, 5)])"
9,13,1,0.011535167694091797,0.003728628158569336,0.015263795852661133,0.3297872543334961,"(Vertices: [0, 1, 2, 3, 4, 5, 6, 7, 8]) -- (Edges: [(1, 2), (3, 4), (2, 7), (1, 5), (3, 7), (4, 6), (1, 4), (0, 6), (8, 3), (5, 6), (8, 6), (1, 6), (3, 5)])"
9,14,23,0.001514434814453125,0.003403186798095703,0.004917621612548828,0.07152652740478516,"(Vertices: [0, 1, 2, 3, 4, 5, 6, 7, 8]) -- (Edges: [(0, 7), (0, 4), (8, 4), (2, 7), (3, 7), (8, 0), (2, 3), (2, 6), (0, 5), (3, 6), (8, 6), (1, 6), (0, 8), (1, 3)])"
9,18,1,0.016836166381835938,0.014559030532836914,0.03139519691467285,0.4322652816772461,"(Vertices: [0, 1, 2, 3, 4, 5, 6, 7, 8]) -- (Edges: [(0, 7), (2, 4), (1, 2), (0, 4), (8, 4), (2, 7), (3, 7), (1, 4), (0, 6), (5, 7), (8, 5), (0, 2), (5, 6), (0, 5), (3, 6), (1, 6), (4, 7), (3, 5)])"
9,14,23,0.001722097396850586,0.003995418548583984,0.00571751594543457,0.07152462005615234,"(Vertices: [0, 1, 2, 3, 4, 5, 6, 7, 8]) -- (Edges: [(0, 7), (8, 4), (2, 7), (3, 7), (0, 3), (0, 2), (1, 7), (4, 5), (8, 6), (1, 6), (2, 5), (1, 3), (3, 5), (8, 2)])"
9,10,1,0.012472152709960938,0.0037953853607177734,0.01626753807067871,0.3129615783691406,"(Vertices: [0, 1, 2, 3, 4, 5, 6, 7, 8]) -- (Edges: [(2, 4), (1, 2), (3, 4), (2, 7), (1, 5), (3, 7), (4, 6), (1, 4), (2, 3), (1, 6)])"
9,12,23,0.0003757476806640625,0.003416299819946289,0.0037920475006103516,0.057643890380859375,"(Vertices: [0, 1, 2, 3, 4, 5, 6, 7, 8]) -- (Edges: [(0, 1), (1, 2), (3, 4), (1, 5), (3, 7), (1, 4), (2, 3), (0, 2), (1, 7), (2, 6), (8, 5), (3, 5)])"
9,11,1,0.014631986618041992,0.03435873985290527,0.048990726470947266,0.41550350189208984,"(Vertices: [0, 1, 2, 3, 4, 5, 6, 7, 8]) -- (Edges: [(0, 1), (2, 4), (2, 7), (3, 7), (0, 3), (8, 0), (0, 2), (8, 6), (8, 2), (0, 8), (3, 5)])"
9,10,23,0.00040912628173828125,0.004224300384521484,0.004633426666259766,0.057643890380859375,"(Vertices: [0, 1, 2, 3, 4, 5, 6, 7, 8]) -- (Edges: [(0, 7), (2, 7), (0, 3), (4, 6), (8, 3), (2, 6), (5, 6), (0, 5), (8, 2), (8, 5)])"
9,12,1,0.011847734451293945,0.008944272994995117,0.020792007446289062,0.30631065368652344,"(Vertices: [0, 1, 2, 3, 4, 5, 6, 7, 8]) -- (Edges: [(0, 1), (1, 2), (4, 6), (0, 6), (2, 3), (8, 3), (2, 6), (5, 6), (0, 5), (1, 6), (2, 5), (8, 2)])"
9,11,23,0.0013332366943359375,0.0035233497619628906,0.004856586456298828,0.06989097595214844,"(Vertices: [0, 1, 2, 3, 4, 5, 6, 7, 8]) -- (Edges: [(2, 4), (1, 2), (3, 4), (1, 5), (8, 7), (0, 3), (4, 6), (6, 7), (0, 5), (8, 6), (1, 3)])"
9,9,1,0.009496927261352539,0.009042501449584961,0.0185394287109375,0.24805355072021484,"(Vertices: [0, 1, 2, 3, 4, 5, 6, 7, 8]) -- (Edges: [(0, 1), (0, 7), (0, 4), (8, 1), (3, 7), (1, 4), (5, 6), (8, 2), (2, 5)])"
9,10,23,0.0015459060668945312,0.004621982574462891,0.006167888641357422,0.06833076477050781,"(Vertices: [0, 1, 2, 3, 4, 5, 6, 7, 8]) -- (Edges: [(0, 7), (2, 7), (0, 3), (6, 7), (0, 2), (8, 3), (2, 6), (5, 6), (1, 3), (8, 5)])"
9,16,1,0.019951581954956055,0.06630277633666992,0.08625435829162598,0.5700702667236328,"(Vertices: [0, 1, 2, 3, 4, 5, 6, 7, 8]) -- (Edges: [(8, 4), (3, 4), (2, 7), (8, 1), (8, 7), (0, 3), (4, 6), (8, 0), (8, 3), (0, 5), (3, 6), (8, 2), (0, 8), (2, 5), (1, 3), (4, 7)])"
9,11,23,0.0006878376007080078,0.0031991004943847656,0.0038869380950927734,0.057643890380859375,"(Vertices: [0, 1, 2, 3, 4, 5, 6, 7, 8]) -- (Edges: [(0, 4), (3, 4), (8, 4), (1, 5), (8, 1), (1, 7), (4, 5), (0, 5), (8, 2), (2, 5), (8, 5)])"
9,13,1,0.011710643768310547,0.010173797607421875,0.021884441375732422,0.32474803924560547,"(Vertices: [0, 1, 2, 3, 4, 5, 6, 7, 8]) -- (Edges: [(0, 7), (2, 4), (0, 4), (8, 4), (0, 3), (4, 6), (2, 3), (8, 3), (4, 5), (8, 2), (2, 5), (8, 5), (3, 5)])"
9,12,23,0.0013680458068847656,0.003778219223022461,0.0051462650299072266,0.0698843002319336,"(Vertices: [0, 1, 2, 3, 4, 5, 6, 7, 8]) -- (Edges: [(0, 1), (0, 7), (2, 4), (3, 4), (2, 7), (8, 7), (1, 4), (4, 5), (8, 6), (1, 6), (1, 3), (8, 2)])"
9,11,1,0.015415430068969727,0.0058269500732421875,0.021242380142211914,0.38555145263671875,"(Vertices: [0, 1, 2, 3, 4, 5, 6, 7, 8]) -- (Edges: [(0, 7), (2, 4), (1, 2), (8, 4), (2, 7), (8, 7), (2, 3), (6, 7), (8, 3), (1, 6), (1, 3)])"
9,14,23,0.0009500980377197266,0.0034477710723876953,0.004397869110107422,0.057643890380859375,"(Vertices: [0, 1, 2, 3, 4, 5, 6, 7, 8]) -- (Edges: [(0, 4), (1, 5), (4, 6), (5, 7), (8, 0), (2, 3), (8, 3), (4, 5), (8, 6), (8, 2), (0, 8), (2, 5), (1, 3), (3, 5)])"
9,11,1,0.01642894744873047,0.014391660690307617,0.030820608139038086,0.4228706359863281,"(Vertices: [0, 1, 2, 3, 4, 5, 6, 7, 8]) -- (Edges: [(0, 1), (8, 4), (3, 4), (1, 5), (4, 6), (1, 4), (6, 7), (0, 2), (5, 6), (8, 6), (8, 5)])"
9,7,23,0.0006272792816162109,0.003660440444946289,0.0042877197265625,0.057643890380859375,"(Vertices: [0, 1, 2, 3, 4, 5, 6, 7, 8]) -- (Edges: [(0, 7), (2, 4), (4, 6), (8, 0), (8, 6), (0, 8), (4, 7)])"
9,15,1,0.019944429397583008,0.022326231002807617,0.042270660400390625,0.5258693695068359,"(Vertices: [0, 1, 2, 3, 4, 5, 6, 7, 8]) -- (Edges: [(0, 1), (0, 7), (3, 4), (2, 7), (8, 1), (3, 7), (1, 4), (0, 6), (0, 2), (1, 7), (8, 3), (0, 5), (3, 6), (8, 2), (2, 5)])"
9,13,23,0.0004298686981201172,0.002356290817260742,0.0027861595153808594,0.057643890380859375,"(Vertices: [0, 1, 2, 3, 4, 5, 6, 7, 8]) -- (Edges: [(0, 7), (1, 2), (1, 5), (8, 1), (8, 7), (0, 6), (6, 7), (1, 7), (8, 3), (0, 5), (3, 6), (1, 6), (2, 5)])"
9,9,1,0.01332998275756836,0.03202652931213379,0.04535651206970215,0.34981346130371094,"(Vertices: [0, 1, 2, 3, 4, 5, 6, 7, 8]) -- (Edges: [(0, 1), (0, 7), (2, 4), (0, 4), (8, 0), (6, 7), (0, 2), (8, 3), (0, 8)])"
9,9,23,0.00035309791564941406,0.0022945404052734375,0.0026476383209228516,0.057643890380859375,"(Vertices: [0, 1, 2, 3, 4, 5, 6, 7, 8]) -- (Edges: [(2, 4), (1, 5), (3, 7), (0, 6), (2, 3), (6, 7), (0, 2), (4, 5), (2, 5)])"
9,12,1,0.015518426895141602,0.04070401191711426,0.05622243881225586,0.4440727233886719,"(Vertices: [0, 1, 2, 3, 4, 5, 6, 7, 8]) -- (Edges: [(0, 1), (8, 4), (3, 4), (0, 3), (4, 6), (5, 7), (8, 0), (6, 7), (4, 5), (8, 6), (0, 8), (1, 3)])"
9,14,23,0.0008981227874755859,0.003720521926879883,0.004618644714355469,0.057643890380859375,"(Vertices: [0, 1, 2, 3, 4, 5, 6, 7, 8]) -- (Edges: [(2, 4), (0, 4), (3, 4), (2, 7), (1, 5), (8, 1), (1, 4), (1, 7), (8, 3), (2, 6), (5, 6), (8, 6), (3, 6), (8, 2)])"
9,15,1,0.012569665908813477,0.011379480361938477,0.023949146270751953,0.36423492431640625,"(Vertices: [0, 1, 2, 3, 4, 5, 6, 7, 8]) -- (Edges: [(0, 1), (1, 2), (0, 4), (3, 4), (8, 4), (0, 3), (4, 6), (5, 7), (1, 7), (4, 5), (0, 5), (8, 6), (1, 6), (1, 3), (8, 2)])"
9,15,23,0.0014252662658691406,0.0032007694244384766,0.004626035690307617,0.06993770599365234,"(Vertices: [0, 1, 2, 3, 4, 5, 6, 7, 8]) -- (Edges: [(0, 1), (0, 4), (8, 4), (2, 7), (5, 7), (8, 0), (6, 7), (1, 7), (8, 3), (0, 5), (3, 6), (8, 6), (1, 6), (0, 8), (3, 5)])"
9,14,1,0.014816999435424805,0.013007879257202148,0.027824878692626953,0.3549652099609375,"(Vertices: [0, 1, 2, 3, 4, 5, 6, 7, 8]) -- (Edges: [(0, 1), (0, 7), (0, 4), (3, 4), (3, 7), (5, 7), (0, 6), (6, 7), (4, 5), (5, 6), (3, 6), (1, 6), (2, 5), (8, 5)])"
9,9,23,0.0011715888977050781,0.0033032894134521484,0.0044748783111572266,0.0668487548828125,"(Vertices: [0, 1, 2, 3, 4, 5, 6, 7, 8]) -- (Edges: [(8, 4), (3, 4), (1, 4), (6, 7), (1, 7), (8, 3), (5, 6), (8, 6), (3, 5)])"
9,8,1,0.012403488159179688,0.004038095474243164,0.01644158363342285,0.3394174575805664,"(Vertices: [0, 1, 2, 3, 4, 5, 6, 7, 8]) -- (Edges: [(0, 1), (2, 4), (8, 4), (2, 7), (2, 3), (4, 5), (1, 6), (2, 5)])"
9,13,23,0.00034427642822265625,0.003994464874267578,0.004338741302490234,0.057643890380859375,"(Vertices: [0, 1, 2, 3, 4, 5, 6, 7, 8]) -- (Edges: [(0, 4), (8, 4), (4, 6), (1, 4), (8, 0), (1, 7), (4, 5), (2, 6), (8, 6), (1, 6), (0, 8), (1, 3), (8, 2)])"
9,15,1,0.014014244079589844,0.009073019027709961,0.023087263107299805,0.36800193786621094,"(Vertices: [0, 1, 2, 3, 4, 5, 6, 7, 8]) -- (Edges: [(0, 1), (0, 7), (8, 4), (2, 7), (1, 4), (0, 6), (5, 7), (0, 2), (1, 7), (8, 3), (5, 6), (3, 6), (2, 5), (1, 3), (3, 5)])"
9,18,23,0.00215911865234375,0.005892515182495117,0.008051633834838867,0.07146739959716797,"(Vertices: [0, 1, 2, 3, 4, 5, 6, 7, 8]) -- (Edges: [(0, 1), (2, 4), (1, 2), (1, 5), (8, 1), (8, 7), (0, 3), (4, 6), (1, 4), (5, 7), (6, 7), (8, 3), (5, 6), (0, 5), (1, 6), (2, 5), (1, 3), (8, 2)])"
9,9,1,0.012182950973510742,0.0049190521240234375,0.01710200309753418,0.3497018814086914,"(Vertices: [0, 1, 2, 3, 4, 5, 6, 7, 8]) -- (Edges: [(2, 4), (3, 4), (8, 1), (3, 7), (4, 6), (1, 4), (2, 6), (5, 6), (1, 3)])"
9,14,23,0.00041484832763671875,0.0031976699829101562,0.003612518310546875,0.057643890380859375,"(Vertices: [0, 1, 2, 3, 4, 5, 6, 7, 8]) -- (Edges: [(0, 7), (0, 4), (2, 7), (1, 5), (8, 7), (0, 3), (4, 6), (1, 4), (0, 6), (4, 5), (2, 6), (0, 5), (8, 6), (8, 5)])"
9,10,1,0.013817787170410156,0.006517887115478516,0.020335674285888672,0.40018558502197266,"(Vertices: [0, 1, 2, 3, 4, 5, 6, 7, 8]) -- (Edges: [(2, 4), (1, 2), (8, 7), (8, 5), (8, 3), (2, 6), (3, 6), (8, 2), (2, 5), (4, 7)])"
9,17,23,0.0005135536193847656,0.0030777454376220703,0.003591299057006836,0.057643890380859375,"(Vertices: [0, 1, 2, 3, 4, 5, 6, 7, 8]) -- (Edges: [(0, 1), (2, 4), (1, 2), (3, 4), (1, 5), (0, 3), (4, 6), (5, 7), (0, 6), (8, 0), (0, 2), (8, 3), (4, 5), (0, 5), (8, 2), (0, 8), (4, 7)])"
9,7,1,0.009482145309448242,0.0034232139587402344,0.012905359268188477,0.2217702865600586,"(Vertices: [0, 1, 2, 3, 4, 5, 6, 7, 8]) -- (Edges: [(2, 7), (1, 5), (8, 1), (4, 5), (0, 5), (1, 6), (8, 5)])"
9,17,23,0.003879070281982422,0.0036602020263671875,0.007539272308349609,0.07189464569091797,"(Vertices: [0, 1, 2, 3, 4, 5, 6, 7, 8]) -- (Edges: [(0, 1), (0, 7), (3, 4), (3, 7), (1, 4), (8, 0), (6, 7), (0, 2), (1, 7), (8, 3), (4, 5), (5, 6), (3, 6), (8, 6), (1, 6), (0, 8), (3, 5)])"
9,10,1,0.010760307312011719,0.006863117218017578,0.017623424530029297,0.26076602935791016,"(Vertices: [0, 1, 2, 3, 4, 5, 6, 7, 8]) -- (Edges: [(1, 2), (1, 5), (1, 4), (0, 6), (0, 2), (1, 7), (0, 5), (8, 6), (1, 6), (8, 5)])"
9,17,23,0.0014011859893798828,0.0036962032318115234,0.005097389221191406,0.07153511047363281,"(Vertices: [0, 1, 2, 3, 4, 5, 6, 7, 8]) -- (Edges: [(0, 1), (0, 7), (0, 4), (1, 5), (5, 7), (0, 6), (8, 0), (1, 7), (8, 3), (2, 6), (4, 5), (5, 6), (3, 6), (8, 6), (0, 8), (1, 3), (3, 5)])"
9,13,1,0.018035888671875,0.04847216606140137,0.06650805473327637,0.4644298553466797,"(Vertices: [0, 1, 2, 3, 4, 5, 6, 7, 8]) -- (Edges: [(0, 1), (2, 4), (0, 4), (8, 4), (3, 7), (8, 0), (0, 6), (0, 2), (8, 6), (0, 8), (2, 5), (1, 3), (3, 5)])"
9,10,23,0.0007193088531494141,0.0028467178344726562,0.0035660266876220703,0.057643890380859375,"(Vertices: [0, 1, 2, 3, 4, 5, 6, 7, 8]) -- (Edges: [(0, 4), (8, 7), (3, 7), (5, 7), (0, 6), (2, 3), (0, 2), (4, 5), (8, 6), (3, 5)])"
9,15,1,0.016827821731567383,0.005391836166381836,0.02221965789794922,0.37187862396240234,"(Vertices: [0, 1, 2, 3, 4, 5, 6, 7, 8]) -- (Edges: [(1, 2), (8, 4), (8, 7), (0, 3), (4, 6), (1, 4), (5, 7), (8, 0), (1, 7), (8, 3), (3, 6), (1, 6), (0, 8), (2, 5), (8, 5)])"
9,17,23,0.0013031959533691406,0.003542184829711914,0.004845380783081055,0.06992816925048828,"(Vertices: [0, 1, 2, 3, 4, 5, 6, 7, 8]) -- (Edges: [(0, 1), (2, 4), (0, 4), (3, 4), (8, 7), (0, 3), (4, 6), (1, 4), (5, 7), (2, 3), (6, 7), (8, 3), (8, 0), (8, 2), (0, 8), (2, 5), (3, 5)])"
9,12,1,0.016655921936035156,0.0054395198822021484,0.022095441818237305,0.42590808868408203,"(Vertices: [0, 1, 2, 3, 4, 5, 6, 7, 8]) -- (Edges: [(3, 4), (8, 1), (3, 7), (0, 3), (1, 4), (5, 7), (2, 3), (8, 3), (2, 6), (5, 6), (1, 3), (8, 5)])"
9,14,23,0.0004086494445800781,0.0019192695617675781,0.0023279190063476562,0.057643890380859375,"(Vertices: [0, 1, 2, 3, 4, 5, 6, 7, 8]) -- (Edges: [(0, 7), (2, 4), (1, 2), (3, 4), (1, 5), (1, 4), (5, 7), (8, 0), (8, 3), (4, 5), (5, 6), (3, 6), (0, 8), (2, 5)])"
9,10,1,0.009476423263549805,0.012213468551635742,0.021689891815185547,0.2677936553955078,"(Vertices: [0, 1, 2, 3, 4, 5, 6, 7, 8]) -- (Edges: [(0, 1), (0, 7), (2, 4), (8, 4), (3, 4), (8, 0), (2, 3), (1, 7), (8, 2), (0, 8)])"
9,9,23,0.001528024673461914,0.0022995471954345703,0.0038275718688964844,0.06832218170166016,"(Vertices: [0, 1, 2, 3, 4, 5, 6, 7, 8]) -- (Edges: [(2, 4), (1, 5), (3, 7), (0, 3), (1, 4), (6, 7), (3, 6), (1, 6), (1, 3)])"
9,9,1,0.014152050018310547,0.03636884689331055,0.050520896911621094,0.33794593811035156,"(Vertices: [0, 1, 2, 3, 4, 5, 6, 7, 8]) -- (Edges: [(0, 1), (1, 2), (1, 5), (0, 3), (5, 7), (6, 7), (0, 2), (5, 6), (0, 5)])"
9,19,23,0.00041675567626953125,0.002045154571533203,0.0024619102478027344,0.057643890380859375,"(Vertices: [0, 1, 2, 3, 4, 5, 6, 7, 8]) -- (Edges: [(3, 4), (0, 2), (8, 3), (1, 6), (1, 3), (4, 5), (5, 6), (8, 5), (0, 7), (1, 2), (2, 7), (6, 7), (8, 4), (8, 1), (8, 7), (0, 3), (1, 4), (2, 3), (1, 7)])"
9,11,1,0.015656709671020508,0.021790027618408203,0.03744673728942871,0.41233158111572266,"(Vertices: [0, 1, 2, 3, 4, 5, 6, 7, 8]) -- (Edges: [(1, 5), (8, 7), (3, 7), (5, 7), (8, 0), (8, 3), (1, 7), (4, 5), (1, 6), (0, 8), (3, 5)])"
9,11,23,0.00038361549377441406,0.002406597137451172,0.002790212631225586,0.057643890380859375,"(Vertices: [0, 1, 2, 3, 4, 5, 6, 7, 8]) -- (Edges: [(0, 1), (0, 7), (2, 4), (0, 4), (2, 7), (8, 1), (1, 4), (0, 6), (6, 7), (2, 6), (4, 7)])"
9,10,1,0.012587785720825195,0.015924453735351562,0.028512239456176758,0.3725881576538086,"(Vertices: [0, 1, 2, 3, 4, 5, 6, 7, 8]) -- (Edges: [(0, 1), (2, 4), (0, 4), (8, 4), (1, 5), (3, 7), (0, 3), (1, 7), (8, 3), (3, 5)])"
9,11,23,0.0003521442413330078,0.0034325122833251953,0.003784656524658203,0.057643890380859375,"(Vertices: [0, 1, 2, 3, 4, 5, 6, 7, 8]) -- (Edges: [(2, 4), (8, 4), (2, 7), (3, 7), (1, 7), (0, 5), (3, 6), (1, 6), (2, 5), (4, 7), (8, 2)])"
9,17,1,0.021449565887451172,0.04141497611999512,0.06286454200744629,0.6013145446777344,"(Vertices: [0, 1, 2, 3, 4, 5, 6, 7, 8]) -- (Edges: [(0, 7), (1, 2), (0, 4), (8, 4), (4, 6), (5, 7), (8, 0), (0, 2), (1, 7), (8, 3), (4, 5), (8, 6), (1, 6), (0, 8), (1, 3), (4, 7), (3, 5)])"
9,8,23,0.0003688335418701172,0.003065824508666992,0.0034346580505371094,0.057643890380859375,"(Vertices: [0, 1, 2, 3, 4, 5, 6, 7, 8]) -- (Edges: [(0, 7), (8, 1), (1, 7), (2, 6), (0, 5), (3, 6), (8, 2), (2, 5)])"
9,15,1,0.019767045974731445,0.03454709053039551,0.05431413650512695,0.5209016799926758,"(Vertices: [0, 1, 2, 3, 4, 5, 6, 7, 8]) -- (Edges: [(1, 2), (0, 4), (8, 1), (4, 6), (5, 7), (0, 6), (2, 3), (6, 7), (1, 7), (8, 0), (5, 6), (8, 2), (0, 8), (1, 3), (4, 7)])"
9,12,23,0.00042819976806640625,0.004290580749511719,0.004718780517578125,0.057587623596191406,"(Vertices: [0, 1, 2, 3, 4, 5, 6, 7, 8]) -- (Edges: [(0, 4), (3, 4), (8, 4), (3, 7), (4, 6), (5, 7), (8, 0), (2, 3), (1, 7), (0, 5), (3, 6), (0, 8)])"
9,11,1,0.01010584831237793,0.010148048400878906,0.020253896713256836,0.2893381118774414,"(Vertices: [0, 1, 2, 3, 4, 5, 6, 7, 8]) -- (Edges: [(0, 1), (8, 1), (0, 3), (8, 0), (0, 6), (8, 3), (4, 5), (5, 6), (0, 8), (1, 3), (3, 5)])"
9,12,23,0.0019097328186035156,0.004807472229003906,0.006717205047607422,0.06993293762207031,"(Vertices: [0, 1, 2, 3, 4, 5, 6, 7, 8]) -- (Edges: [(0, 7), (1, 2), (5, 7), (2, 3), (0, 2), (5, 6), (0, 5), (8, 6), (1, 6), (2, 5), (8, 5), (3, 5)])"
9,10,1,0.014402151107788086,0.010046243667602539,0.024448394775390625,0.3857860565185547,"(Vertices: [0, 1, 2, 3, 4, 5, 6, 7, 8]) -- (Edges: [(0, 7), (0, 4), (1, 5), (8, 1), (4, 6), (1, 4), (5, 7), (8, 6), (3, 6), (8, 5)])"
9,10,23,0.00048470497131347656,0.0032923221588134766,0.003777027130126953,0.057643890380859375,"(Vertices: [0, 1, 2, 3, 4, 5, 6, 7, 8]) -- (Edges: [(1, 2), (0, 4), (8, 4), (1, 4), (0, 6), (5, 7), (2, 6), (0, 5), (2, 5), (8, 5)])"
9,17,1,0.01670050621032715,0.015876054763793945,0.032576560974121094,0.40627479553222656,"(Vertices: [0, 1, 2, 3, 4, 5, 6, 7, 8]) -- (Edges: [(0, 1), (0, 4), (3, 4), (8, 7), (3, 7), (0, 3), (1, 4), (0, 6), (2, 3), (6, 7), (8, 3), (0, 5), (8, 6), (1, 6), (4, 7), (3, 5), (8, 2)])"
9,16,23,0.0016102790832519531,0.005149364471435547,0.0067596435546875,0.07152462005615234,"(Vertices: [0, 1, 2, 3, 4, 5, 6, 7, 8]) -- (Edges: [(0, 4), (8, 4), (2, 7), (1, 5), (8, 7), (3, 7), (4, 6), (0, 6), (6, 7), (0, 5), (3, 6), (1, 6), (2, 5), (1, 3), (4, 7), (3, 5)])"
9,11,1,0.015472650527954102,0.03728747367858887,0.05276012420654297,0.4039325714111328,"(Vertices: [0, 1, 2, 3, 4, 5, 6, 7, 8]) -- (Edges: [(0, 1), (0, 4), (8, 4), (8, 1), (3, 7), (0, 3), (5, 7), (8, 0), (2, 6), (0, 5), (0, 8)])"
9,13,23,0.00034332275390625,0.002206563949584961,0.002549886703491211,0.057643890380859375,"(Vertices: [0, 1, 2, 3, 4, 5, 6, 7, 8]) -- (Edges: [(8, 4), (2, 7), (8, 1), (0, 3), (4, 6), (8, 0), (0, 6), (6, 7), (4, 5), (0, 5), (3, 6), (0, 8), (3, 5)])"
9,13,1,0.016518592834472656,0.05306243896484375,0.0695810317993164,0.46535587310791016,"(Vertices: [0, 1, 2, 3, 4, 5, 6, 7, 8]) -- (Edges: [(0, 1), (2, 4), (1, 2), (8, 4), (1, 5), (0, 6), (2, 3), (6, 7), (0, 2), (8, 3), (5, 6), (0, 5), (1, 6)])"
9,9,23,0.0006551742553710938,0.003608226776123047,0.004263401031494141,0.057643890380859375,"(Vertices: [0, 1, 2, 3, 4, 5, 6, 7, 8]) -- (Edges: [(0, 7), (1, 2), (3, 7), (4, 6), (5, 7), (1, 7), (4, 5), (2, 6), (3, 5)])"
9,11,1,0.014009952545166016,0.020987272262573242,0.03499722480773926,0.38716602325439453,"(Vertices: [0, 1, 2, 3, 4, 5, 6, 7, 8]) -- (Edges: [(0, 1), (0, 7), (0, 4), (8, 7), (0, 3), (8, 0), (4, 5), (2, 6), (0, 8), (4, 7), (3, 5)])"
9,13,23,0.00043129920959472656,0.003389120101928711,0.0038204193115234375,0.057643890380859375,"(Vertices: [0, 1, 2, 3, 4, 5, 6, 7, 8]) -- (Edges: [(0, 7), (1, 2), (0, 4), (3, 4), (1, 5), (8, 7), (4, 6), (0, 6), (1, 7), (2, 6), (8, 6), (2, 5), (8, 5)])"
9,19,1,0.022310972213745117,0.05216813087463379,0.0744791030883789,0.6403217315673828,"(Vertices: [0, 1, 2, 3, 4, 5, 6, 7, 8]) -- (Edges: [(3, 4), (5, 7), (8, 0), (8, 3), (1, 6), (0, 8), (4, 5), (5, 6), (0, 1), (0, 7), (0, 4), (2, 7), (1, 5), (6, 7), (4, 7), (8, 4), (0, 3), (2, 3), (1, 7)])"
9,16,23,0.0003497600555419922,0.0023734569549560547,0.002723217010498047,0.057643890380859375,"(Vertices: [0, 1, 2, 3, 4, 5, 6, 7, 8]) -- (Edges: [(0, 1), (2, 4), (0, 4), (8, 1), (8, 7), (5, 7), (0, 6), (8, 0), (2, 6), (5, 6), (8, 6), (0, 8), (2, 5), (1, 3), (4, 7), (3, 5)])"
9,13,1,0.012166261672973633,0.00525355339050293,0.017419815063476562,0.3333768844604492,"(Vertices: [0, 1, 2, 3, 4, 5, 6, 7, 8]) -- (Edges: [(0, 7), (2, 4), (1, 2), (0, 4), (3, 4), (8, 4), (8, 1), (1, 5), (5, 7), (2, 3), (8, 6), (1, 3), (4, 7)])"
9,13,23,0.0022916793823242188,0.004313468933105469,0.0066051483154296875,0.0844888687133789,"(Vertices: [0, 1, 2, 3, 4, 5, 6, 7, 8]) -- (Edges: [(1, 2), (8, 1), (1, 5), (0, 3), (0, 6), (0, 2), (2, 6), (8, 6), (3, 6), (1, 6), (4, 7), (3, 5), (8, 2)])"
9,13,1,0.017612695693969727,0.022419452667236328,0.040032148361206055,0.47352027893066406,"(Vertices: [0, 1, 2, 3, 4, 5, 6, 7, 8]) -- (Edges: [(0, 7), (0, 4), (2, 7), (1, 5), (0, 3), (8, 5), (0, 2), (8, 3), (2, 6), (5, 6), (8, 6), (1, 6), (4, 7)])"
9,8,23,0.0003402233123779297,0.003106832504272461,0.0034470558166503906,0.057643890380859375,"(Vertices: [0, 1, 2, 3, 4, 5, 6, 7, 8]) -- (Edges: [(3, 4), (1, 5), (8, 1), (8, 7), (4, 6), (0, 2), (4, 5), (8, 2)])"
9,14,1,0.013624429702758789,0.00893402099609375,0.02255845069885254,0.3561086654663086,"(Vertices: [0, 1, 2, 3, 4, 5, 6, 7, 8]) -- (Edges: [(2, 4), (1, 2), (0, 4), (8, 1), (0, 3), (1, 4), (5, 7), (6, 7), (0, 2), (1, 7), (2, 6), (8, 2), (8, 5), (3, 5)])"
9,6,23,0.0016009807586669922,0.0036211013793945312,0.0052220821380615234,0.06992912292480469,"(Vertices: [0, 1, 2, 3, 4, 5, 6, 7, 8]) -- (Edges: [(2, 4), (3, 7), (0, 6), (2, 6), (1, 6), (3, 5)])"
9,15,1,0.014229536056518555,0.0110931396484375,0.025322675704956055,0.37294960021972656,"(Vertices: [0, 1, 2, 3, 4, 5, 6, 7, 8]) -- (Edges: [(0, 1), (2, 4), (0, 4), (3, 4), (8, 7), (0, 3), (8, 5), (2, 3), (6, 7), (8, 3), (5, 6), (3, 6), (1, 6), (1, 3), (4, 7)])"
9,10,23,0.002030611038208008,0.004591464996337891,0.0066220760345458984,0.07152938842773438,"(Vertices: [0, 1, 2, 3, 4, 5, 6, 7, 8]) -- (Edges: [(0, 1), (0, 7), (0, 4), (2, 7), (8, 1), (4, 5), (8, 6), (3, 6), (8, 2), (3, 5)])"
10,20,1,0.0239870548248291,0.2376246452331543,0.2616117000579834,0.6840200424194336,"(Vertices: [0, 1, 2, 3, 4, 5, 6, 7, 8, 9]) -- (Edges: [(3, 4), (3, 7), (5, 7), (8, 3), (8, 9), (0, 5), (5, 6), (3, 6), (9, 7), (1, 2), (2, 7), (6, 7), (4, 7), (8, 1), (8, 7), (0, 3), (0, 9), (1, 4), (0, 6), (1, 7)])"
10,16,32,0.0007526874542236328,0.003752470016479492,0.004505157470703125,0.057808876037597656,"(Vertices: [0, 1, 2, 3, 4, 5, 6, 7, 8, 9]) -- (Edges: [(0, 1), (2, 4), (9, 7), (8, 4), (4, 6), (0, 9), (0, 6), (2, 3), (0, 2), (1, 7), (2, 6), (8, 3), (8, 6), (1, 6), (1, 3), (4, 7)])"
10,18,1,0.023444175720214844,0.028526782989501953,0.0519709587097168,0.6422023773193359,"(Vertices: [0, 1, 2, 3, 4, 5, 6, 7, 8, 9]) -- (Edges: [(0, 1), (9, 7), (3, 4), (9, 3), (1, 5), (8, 7), (3, 7), (9, 6), (4, 6), (8, 0), (8, 5), (4, 7), (9, 1), (0, 8), (2, 5), (1, 3), (1, 9), (3, 5)])"
10,13,32,0.000377655029296875,0.0024306774139404297,0.0028083324432373047,0.057808876037597656,"(Vertices: [0, 1, 2, 3, 4, 5, 6, 7, 8, 9]) -- (Edges: [(0, 1), (2, 4), (0, 4), (3, 4), (8, 7), (3, 7), (0, 9), (9, 2), (8, 0), (0, 6), (2, 3), (0, 8), (3, 5)])"
10,15,1,0.014111518859863281,0.01114797592163086,0.02525949478149414,0.37337303161621094,"(Vertices: [0, 1, 2, 3, 4, 5, 6, 7, 8, 9]) -- (Edges: [(0, 1), (0, 7), (2, 4), (1, 2), (0, 4), (9, 6), (0, 9), (9, 2), (6, 7), (4, 5), (0, 5), (8, 6), (8, 2), (8, 5), (3, 5)])"
10,13,32,0.0015108585357666016,0.003301382064819336,0.0048122406005859375,0.07324028015136719,"(Vertices: [0, 1, 2, 3, 4, 5, 6, 7, 8, 9]) -- (Edges: [(0, 7), (1, 2), (8, 4), (0, 3), (0, 9), (1, 4), (2, 3), (1, 7), (8, 9), (5, 6), (2, 5), (8, 5), (3, 5)])"
10,21,1,0.027359724044799805,0.09467339515686035,0.12203311920166016,0.7027378082275391,"(Vertices: [0, 1, 2, 3, 4, 5, 6, 7, 8, 9]) -- (Edges: [(3, 4), (3, 7), (5, 7), (9, 5), (0, 5), (8, 6), (1, 6), (2, 5), (5, 6), (8, 2), (0, 1), (0, 7), (2, 4), (1, 2), (6, 7), (8, 7), (9, 6), (0, 9), (2, 3), (1, 7), (2, 6)])"
10,11,32,0.0008184909820556641,0.003139019012451172,0.003957509994506836,0.057808876037597656,"(Vertices: [0, 1, 2, 3, 4, 5, 6, 7, 8, 9]) -- (Edges: [(0, 7), (0, 4), (8, 4), (2, 7), (8, 1), (9, 6), (0, 3), (0, 6), (8, 9), (2, 6), (8, 5)])"
10,13,1,0.013579130172729492,0.0038547515869140625,0.017433881759643555,0.33339691162109375,"(Vertices: [0, 1, 2, 3, 4, 5, 6, 7, 8, 9]) -- (Edges: [(0, 1), (2, 4), (8, 4), (3, 4), (9, 3), (1, 5), (0, 3), (5, 7), (8, 3), (8, 2), (2, 5), (8, 5), (3, 5)])"
10,19,32,0.0016748905181884766,0.003633737564086914,0.005308628082275391,0.07323360443115234,"(Vertices: [0, 1, 2, 3, 4, 5, 6, 7, 8, 9]) -- (Edges: [(4, 6), (0, 2), (8, 3), (8, 9), (2, 5), (4, 5), (9, 7), (0, 7), (1, 2), (2, 7), (1, 5), (6, 7), (8, 7), (9, 6), (0, 3), (0, 9), (0, 6), (1, 7), (2, 6)])"
10,4,1,0.006199836730957031,0.0030901432037353516,0.009289979934692383,0.19864368438720703,"(Vertices: [0, 1, 2, 3, 4, 5, 6, 7, 8, 9]) -- (Edges: [(6, 7), (9, 7), (0, 9), (5, 7)])"
10,15,32,0.0008351802825927734,0.004435300827026367,0.005270481109619141,0.057808876037597656,"(Vertices: [0, 1, 2, 3, 4, 5, 6, 7, 8, 9]) -- (Edges: [(0, 7), (2, 4), (1, 2), (0, 4), (8, 7), (3, 7), (0, 9), (0, 2), (8, 3), (5, 6), (0, 5), (9, 1), (1, 9), (3, 5), (9, 4)])"
10,13,1,0.01137685775756836,0.008691549301147461,0.02006840705871582,0.31963443756103516,"(Vertices: [0, 1, 2, 3, 4, 5, 6, 7, 8, 9]) -- (Edges: [(0, 1), (0, 7), (9, 3), (1, 4), (8, 5), (6, 7), (0, 2), (1, 7), (2, 6), (9, 1), (1, 9), (3, 5), (9, 4)])"
10,14,32,0.0022945404052734375,0.005211830139160156,0.007506370544433594,0.07171916961669922,"(Vertices: [0, 1, 2, 3, 4, 5, 6, 7, 8, 9]) -- (Edges: [(0, 1), (9, 3), (0, 3), (1, 4), (0, 6), (5, 7), (9, 5), (8, 3), (8, 0), (8, 9), (0, 8), (2, 5), (1, 3), (8, 5)])"
10,16,1,0.020446062088012695,0.06870317459106445,0.08914923667907715,0.5548763275146484,"(Vertices: [0, 1, 2, 3, 4, 5, 6, 7, 8, 9]) -- (Edges: [(0, 7), (2, 4), (8, 4), (2, 7), (9, 3), (8, 7), (0, 3), (0, 9), (9, 2), (2, 3), (0, 2), (1, 7), (8, 3), (8, 5), (3, 5), (9, 4)])"
10,16,32,0.0005028247833251953,0.002821207046508789,0.0033240318298339844,0.057808876037597656,"(Vertices: [0, 1, 2, 3, 4, 5, 6, 7, 8, 9]) -- (Edges: [(0, 7), (2, 4), (0, 4), (2, 7), (9, 6), (5, 7), (0, 6), (2, 3), (6, 7), (8, 0), (0, 5), (8, 2), (0, 8), (9, 7), (4, 7), (9, 4)])"
10,16,1,0.019258499145507812,0.014954805374145508,0.03421330451965332,0.5510873794555664,"(Vertices: [0, 1, 2, 3, 4, 5, 6, 7, 8, 9]) -- (Edges: [(0, 1), (2, 4), (1, 2), (0, 4), (8, 4), (0, 3), (1, 4), (8, 5), (1, 7), (4, 5), (8, 2), (9, 1), (9, 7), (1, 9), (3, 5), (9, 4)])"
10,14,32,0.0004820823669433594,0.0034613609313964844,0.003943443298339844,0.057808876037597656,"(Vertices: [0, 1, 2, 3, 4, 5, 6, 7, 8, 9]) -- (Edges: [(0, 1), (0, 4), (3, 4), (0, 3), (0, 9), (1, 4), (0, 6), (8, 9), (0, 5), (3, 6), (8, 6), (8, 2), (1, 3), (8, 5)])"
10,14,1,0.013401985168457031,0.011399030685424805,0.024801015853881836,0.3484230041503906,"(Vertices: [0, 1, 2, 3, 4, 5, 6, 7, 8, 9]) -- (Edges: [(0, 1), (3, 4), (1, 5), (8, 7), (0, 3), (0, 9), (9, 2), (0, 6), (9, 5), (0, 2), (8, 3), (2, 6), (8, 9), (9, 7)])"
10,10,32,0.0017266273498535156,0.003505229949951172,0.0052318572998046875,0.0699462890625,"(Vertices: [0, 1, 2, 3, 4, 5, 6, 7, 8, 9]) -- (Edges: [(0, 7), (0, 4), (9, 3), (0, 9), (0, 6), (8, 5), (8, 9), (2, 6), (9, 1), (1, 9)])"
10,17,1,0.02064204216003418,0.16620326042175293,0.1868453025817871,0.580653190612793,"(Vertices: [0, 1, 2, 3, 4, 5, 6, 7, 8, 9]) -- (Edges: [(0, 7), (0, 4), (3, 4), (2, 7), (8, 1), (1, 5), (8, 7), (5, 7), (8, 0), (6, 7), (0, 2), (1, 7), (0, 5), (3, 6), (8, 2), (0, 8), (1, 3)])"
10,18,32,0.0006933212280273438,0.0035102367401123047,0.0042035579681396484,0.057808876037597656,"(Vertices: [0, 1, 2, 3, 4, 5, 6, 7, 8, 9]) -- (Edges: [(0, 7), (2, 4), (9, 7), (8, 1), (1, 5), (3, 7), (0, 3), (0, 9), (9, 2), (4, 6), (0, 6), (8, 0), (2, 6), (5, 6), (8, 6), (0, 8), (1, 3), (9, 4)])"
10,16,1,0.015283584594726562,0.00507807731628418,0.020361661911010742,0.39579296112060547,"(Vertices: [0, 1, 2, 3, 4, 5, 6, 7, 8, 9]) -- (Edges: [(1, 2), (8, 4), (8, 1), (0, 3), (1, 4), (8, 0), (8, 3), (4, 5), (2, 6), (5, 6), (3, 6), (8, 2), (0, 8), (9, 7), (8, 5), (9, 4)])"
10,19,32,0.0015099048614501953,0.003421306610107422,0.004931211471557617,0.07194328308105469,"(Vertices: [0, 1, 2, 3, 4, 5, 6, 7, 8, 9]) -- (Edges: [(3, 4), (4, 6), (2, 5), (8, 2), (8, 5), (9, 4), (0, 1), (0, 7), (1, 2), (2, 7), (1, 5), (4, 7), (3, 5), (8, 4), (8, 1), (8, 7), (9, 6), (1, 4), (2, 3)])"
10,12,1,0.011779308319091797,0.015427350997924805,0.0272066593170166,0.3105897903442383,"(Vertices: [0, 1, 2, 3, 4, 5, 6, 7, 8, 9]) -- (Edges: [(2, 4), (0, 4), (3, 7), (9, 6), (0, 3), (8, 0), (0, 6), (2, 3), (8, 6), (0, 8), (9, 7), (3, 5)])"
10,13,32,0.0024619102478027344,0.005284786224365234,0.007746696472167969,0.07323646545410156,"(Vertices: [0, 1, 2, 3, 4, 5, 6, 7, 8, 9]) -- (Edges: [(0, 1), (8, 1), (9, 6), (0, 3), (5, 7), (8, 5), (2, 3), (6, 7), (0, 2), (4, 5), (0, 5), (8, 6), (4, 7)])"
10,13,1,0.017035722732543945,0.04015159606933594,0.05718731880187988,0.4909191131591797,"(Vertices: [0, 1, 2, 3, 4, 5, 6, 7, 8, 9]) -- (Edges: [(0, 1), (2, 4), (9, 7), (8, 4), (3, 4), (2, 7), (3, 7), (4, 6), (8, 0), (8, 3), (2, 6), (0, 8), (1, 3)])"
10,18,32,0.0007812976837158203,0.0031900405883789062,0.0039713382720947266,0.057808876037597656,"(Vertices: [0, 1, 2, 3, 4, 5, 6, 7, 8, 9]) -- (Edges: [(0, 1), (0, 7), (2, 4), (1, 2), (0, 4), (3, 4), (2, 7), (8, 4), (1, 4), (8, 0), (2, 3), (9, 5), (0, 2), (8, 6), (1, 6), (0, 8), (2, 5), (9, 4)])"
10,17,1,0.020673036575317383,0.02182745933532715,0.04250049591064453,0.5839500427246094,"(Vertices: [0, 1, 2, 3, 4, 5, 6, 7, 8, 9]) -- (Edges: [(0, 7), (2, 4), (1, 2), (9, 7), (3, 4), (9, 3), (8, 1), (0, 3), (4, 6), (9, 2), (2, 3), (6, 7), (8, 9), (8, 6), (9, 1), (1, 3), (1, 9)])"
10,17,32,0.00036716461181640625,0.0027725696563720703,0.0031397342681884766,0.057808876037597656,"(Vertices: [0, 1, 2, 3, 4, 5, 6, 7, 8, 9]) -- (Edges: [(8, 4), (9, 3), (8, 1), (3, 7), (0, 3), (9, 2), (8, 0), (8, 5), (2, 3), (6, 7), (0, 2), (0, 5), (3, 6), (8, 2), (0, 8), (1, 3), (4, 7)])"
10,16,1,0.01584768295288086,0.004659414291381836,0.020507097244262695,0.3936185836791992,"(Vertices: [0, 1, 2, 3, 4, 5, 6, 7, 8, 9]) -- (Edges: [(0, 1), (1, 2), (2, 7), (8, 1), (9, 6), (1, 4), (2, 3), (6, 7), (8, 3), (2, 6), (5, 6), (0, 5), (3, 6), (2, 5), (1, 3), (3, 5)])"
10,12,32,0.001928091049194336,0.003580808639526367,0.005508899688720703,0.07008838653564453,"(Vertices: [0, 1, 2, 3, 4, 5, 6, 7, 8, 9]) -- (Edges: [(3, 4), (1, 5), (9, 6), (8, 5), (2, 3), (6, 7), (1, 7), (8, 9), (2, 6), (1, 6), (4, 7), (8, 2)])"
10,11,1,0.014800310134887695,0.020619630813598633,0.03541994094848633,0.4182147979736328,"(Vertices: [0, 1, 2, 3, 4, 5, 6, 7, 8, 9]) -- (Edges: [(0, 7), (9, 7), (1, 2), (2, 7), (8, 0), (5, 6), (8, 6), (0, 8), (1, 3), (4, 7), (3, 5)])"
10,15,32,0.0005340576171875,0.004044294357299805,0.004578351974487305,0.057808876037597656,"(Vertices: [0, 1, 2, 3, 4, 5, 6, 7, 8, 9]) -- (Edges: [(0, 7), (8, 4), (8, 7), (3, 7), (0, 3), (1, 4), (0, 2), (1, 7), (2, 6), (5, 6), (8, 6), (3, 6), (8, 2), (9, 7), (3, 5)])"
10,15,1,0.0171506404876709,0.021318912506103516,0.038469552993774414,0.4778633117675781,"(Vertices: [0, 1, 2, 3, 4, 5, 6, 7, 8, 9]) -- (Edges: [(0, 1), (2, 4), (0, 4), (3, 4), (2, 7), (9, 3), (1, 4), (2, 6), (5, 6), (0, 5), (3, 6), (9, 1), (1, 9), (3, 5), (9, 4)])"
10,16,32,0.0007963180541992188,0.003339052200317383,0.0041353702545166016,0.057808876037597656,"(Vertices: [0, 1, 2, 3, 4, 5, 6, 7, 8, 9]) -- (Edges: [(0, 7), (3, 4), (2, 7), (8, 1), (9, 3), (3, 7), (8, 7), (8, 0), (9, 5), (1, 7), (4, 5), (0, 8), (9, 1), (9, 7), (1, 9), (9, 4)])"
10,24,1,0.020984888076782227,0.031021833419799805,0.05200672149658203,0.5505142211914062,"(Vertices: [0, 1, 2, 3, 4, 5, 6, 7, 8, 9]) -- (Edges: [(3, 4), (4, 6), (8, 0), (9, 5), (8, 3), (0, 8), (2, 5), (3, 6), (8, 2), (9, 7), (8, 5), (9, 4), (0, 7), (2, 4), (1, 2), (2, 7), (6, 7), (4, 7), (3, 5), (8, 4), (8, 1), (0, 3), (0, 6), (2, 3)])"
10,19,32,0.002051115036010742,0.004563570022583008,0.00661468505859375,0.07322406768798828,"(Vertices: [0, 1, 2, 3, 4, 5, 6, 7, 8, 9]) -- (Edges: [(4, 6), (5, 7), (0, 2), (8, 6), (1, 6), (2, 5), (1, 3), (1, 9), (3, 6), (9, 1), (8, 5), (0, 7), (6, 7), (3, 5), (9, 3), (0, 9), (1, 4), (0, 6), (1, 7)])"
10,23,1,0.01964402198791504,0.04404091835021973,0.06368494033813477,0.5106668472290039,"(Vertices: [0, 1, 2, 3, 4, 5, 6, 7, 8, 9]) -- (Edges: [(3, 4), (5, 7), (0, 2), (1, 6), (2, 5), (1, 3), (1, 9), (4, 5), (9, 1), (9, 7), (9, 4), (0, 7), (1, 2), (2, 7), (1, 5), (4, 7), (3, 5), (0, 3), (0, 9), (1, 4), (0, 6), (1, 7), (2, 6)])"
10,12,32,0.002436399459838867,0.00399327278137207,0.0064296722412109375,0.07181930541992188,"(Vertices: [0, 1, 2, 3, 4, 5, 6, 7, 8, 9]) -- (Edges: [(0, 1), (0, 7), (0, 4), (9, 1), (0, 9), (8, 5), (4, 5), (2, 6), (8, 2), (2, 5), (1, 3), (1, 9)])"
10,18,1,0.017192840576171875,0.01084589958190918,0.028038740158081055,0.4326324462890625,"(Vertices: [0, 1, 2, 3, 4, 5, 6, 7, 8, 9]) -- (Edges: [(0, 1), (9, 7), (8, 4), (1, 5), (8, 7), (0, 3), (0, 9), (4, 6), (2, 3), (0, 2), (4, 5), (5, 6), (0, 5), (3, 6), (1, 3), (8, 5), (3, 5), (9, 4)])"
10,19,32,0.0017654895782470703,0.0041773319244384766,0.005942821502685547,0.07322311401367188,"(Vertices: [0, 1, 2, 3, 4, 5, 6, 7, 8, 9]) -- (Edges: [(5, 7), (8, 0), (9, 5), (8, 3), (8, 9), (1, 6), (0, 8), (2, 5), (1, 9), (3, 6), (9, 1), (8, 5), (0, 1), (2, 4), (1, 2), (6, 7), (4, 7), (0, 3), (2, 3)])"
10,22,1,0.025346994400024414,0.1256875991821289,0.15103459358215332,0.7093038558959961,"(Vertices: [0, 1, 2, 3, 4, 5, 6, 7, 8, 9]) -- (Edges: [(4, 6), (9, 5), (0, 2), (0, 5), (8, 6), (1, 6), (2, 5), (1, 9), (4, 5), (5, 6), (8, 2), (9, 1), (8, 5), (9, 4), (1, 2), (1, 5), (4, 7), (8, 4), (8, 1), (0, 3), (0, 9), (0, 6)])"
10,10,32,0.0006487369537353516,0.003529071807861328,0.00417780876159668,0.057808876037597656,"(Vertices: [0, 1, 2, 3, 4, 5, 6, 7, 8, 9]) -- (Edges: [(0, 1), (0, 4), (3, 4), (8, 0), (2, 3), (2, 6), (0, 5), (3, 6), (0, 8), (1, 3)])"
10,11,1,0.015490055084228516,0.012570381164550781,0.028060436248779297,0.40267086029052734,"(Vertices: [0, 1, 2, 3, 4, 5, 6, 7, 8, 9]) -- (Edges: [(2, 7), (1, 5), (3, 7), (0, 9), (1, 4), (0, 6), (5, 7), (1, 7), (2, 6), (5, 6), (3, 6)])"
10,20,32,0.0009658336639404297,0.0033690929412841797,0.004334926605224609,0.057808876037597656,"(Vertices: [0, 1, 2, 3, 4, 5, 6, 7, 8, 9]) -- (Edges: [(4, 6), (9, 2), (5, 7), (0, 2), (2, 5), (1, 3), (5, 6), (3, 6), (8, 2), (2, 4), (0, 4), (2, 7), (1, 5), (6, 7), (4, 7), (8, 4), (8, 1), (9, 6), (2, 3), (1, 7)])"
10,16,1,0.016861677169799805,0.07736682891845703,0.09422850608825684,0.47278881072998047,"(Vertices: [0, 1, 2, 3, 4, 5, 6, 7, 8, 9]) -- (Edges: [(9, 7), (1, 2), (0, 4), (4, 6), (0, 9), (8, 0), (9, 5), (0, 2), (2, 6), (5, 6), (8, 6), (3, 6), (8, 2), (0, 8), (1, 3), (4, 7)])"
10,10,32,0.0007224082946777344,0.0033271312713623047,0.004049539566040039,0.057808876037597656,"(Vertices: [0, 1, 2, 3, 4, 5, 6, 7, 8, 9]) -- (Edges: [(2, 4), (1, 2), (2, 7), (8, 7), (4, 6), (4, 7), (1, 6), (9, 1), (1, 9), (9, 4)])"
10,17,1,0.02365708351135254,0.0332489013671875,0.05690598487854004,0.587855339050293,"(Vertices: [0, 1, 2, 3, 4, 5, 6, 7, 8, 9]) -- (Edges: [(0, 7), (0, 4), (3, 4), (8, 4), (1, 5), (3, 7), (4, 6), (0, 9), (1, 4), (5, 7), (2, 3), (8, 0), (4, 5), (8, 9), (3, 6), (0, 8), (9, 7)])"
10,16,32,0.00036597251892089844,0.0020284652709960938,0.002394437789916992,0.057808876037597656,"(Vertices: [0, 1, 2, 3, 4, 5, 6, 7, 8, 9]) -- (Edges: [(9, 7), (3, 4), (9, 3), (8, 1), (3, 7), (9, 4), (4, 6), (0, 9), (9, 2), (2, 3), (4, 5), (1, 6), (1, 3), (4, 7), (3, 5), (8, 2)])"
10,15,1,0.018923044204711914,0.03743600845336914,0.056359052658081055,0.5248785018920898,"(Vertices: [0, 1, 2, 3, 4, 5, 6, 7, 8, 9]) -- (Edges: [(0, 7), (0, 4), (9, 3), (1, 5), (9, 2), (5, 7), (4, 7), (8, 3), (4, 5), (8, 9), (5, 6), (0, 5), (8, 2), (9, 1), (1, 9)])"
10,16,32,0.00047016143798828125,0.0037088394165039062,0.0041790008544921875,0.057808876037597656,"(Vertices: [0, 1, 2, 3, 4, 5, 6, 7, 8, 9]) -- (Edges: [(2, 4), (8, 7), (3, 7), (4, 6), (8, 5), (2, 3), (4, 7), (8, 3), (4, 5), (2, 6), (5, 6), (0, 5), (8, 6), (9, 1), (9, 7), (1, 9)])"
10,18,1,0.021365642547607422,0.01590561866760254,0.03727126121520996,0.607783317565918,"(Vertices: [0, 1, 2, 3, 4, 5, 6, 7, 8, 9]) -- (Edges: [(0, 7), (1, 2), (0, 4), (8, 4), (9, 3), (8, 1), (8, 7), (9, 6), (4, 6), (1, 4), (0, 2), (1, 7), (2, 6), (4, 5), (8, 9), (3, 6), (9, 1), (1, 9)])"
10,18,32,0.0005342960357666016,0.0022287368774414062,0.002763032913208008,0.057808876037597656,"(Vertices: [0, 1, 2, 3, 4, 5, 6, 7, 8, 9]) -- (Edges: [(8, 4), (2, 7), (9, 3), (9, 4), (4, 6), (9, 2), (8, 0), (1, 7), (0, 2), (2, 6), (5, 6), (8, 9), (3, 6), (1, 6), (0, 8), (1, 3), (3, 5), (8, 2)])"
10,17,1,0.021357297897338867,0.04213142395019531,0.06348872184753418,0.6030654907226562,"(Vertices: [0, 1, 2, 3, 4, 5, 6, 7, 8, 9]) -- (Edges: [(0, 1), (2, 4), (2, 7), (8, 1), (8, 7), (1, 4), (0, 6), (2, 3), (9, 5), (1, 7), (4, 5), (8, 0), (3, 6), (8, 2), (0, 8), (1, 3), (9, 4)])"
10,21,32,0.0003895759582519531,0.0020856857299804688,0.002475261688232422,0.05775260925292969,"(Vertices: [0, 1, 2, 3, 4, 5, 6, 7, 8, 9]) -- (Edges: [(3, 4), (3, 7), (8, 9), (0, 5), (2, 5), (1, 3), (4, 5), (8, 2), (9, 7), (0, 1), (0, 7), (0, 4), (1, 5), (6, 7), (3, 5), (8, 4), (8, 1), (8, 7), (0, 9), (0, 6), (1, 7)])"
10,14,1,0.013027667999267578,0.0045871734619140625,0.01761484146118164,0.35860157012939453,"(Vertices: [0, 1, 2, 3, 4, 5, 6, 7, 8, 9]) -- (Edges: [(0, 7), (2, 4), (0, 4), (3, 4), (8, 4), (4, 7), (9, 5), (1, 7), (8, 9), (2, 6), (9, 1), (1, 3), (1, 9), (9, 4)])"
10,12,32,0.0016677379608154297,0.004954099655151367,0.006621837615966797,0.07319164276123047,"(Vertices: [0, 1, 2, 3, 4, 5, 6, 7, 8, 9]) -- (Edges: [(0, 1), (0, 7), (1, 2), (1, 5), (9, 2), (0, 6), (6, 7), (5, 6), (0, 5), (3, 6), (8, 6), (9, 4)])"
10,15,1,0.014125347137451172,0.011280536651611328,0.0254058837890625,0.3596916198730469,"(Vertices: [0, 1, 2, 3, 4, 5, 6, 7, 8, 9]) -- (Edges: [(0, 7), (1, 2), (0, 4), (2, 7), (3, 7), (0, 3), (8, 0), (8, 5), (2, 3), (1, 7), (5, 6), (1, 6), (0, 8), (9, 1), (1, 9)])"
10,14,32,0.001683950424194336,0.004801511764526367,0.006485462188720703,0.07186031341552734,"(Vertices: [0, 1, 2, 3, 4, 5, 6, 7, 8, 9]) -- (Edges: [(1, 2), (8, 4), (2, 7), (1, 5), (8, 1), (8, 7), (9, 5), (1, 7), (4, 5), (2, 6), (0, 5), (8, 6), (1, 6), (4, 7)])"
10,14,1,0.015350580215454102,0.010781049728393555,0.026131629943847656,0.38420772552490234,"(Vertices: [0, 1, 2, 3, 4, 5, 6, 7, 8, 9]) -- (Edges: [(1, 2), (3, 4), (2, 7), (1, 5), (9, 1), (3, 7), (4, 6), (0, 5), (3, 6), (1, 6), (2, 5), (1, 9), (3, 5), (9, 4)])"
10,12,32,0.0006992816925048828,0.003442049026489258,0.004141330718994141,0.057808876037597656,"(Vertices: [0, 1, 2, 3, 4, 5, 6, 7, 8, 9]) -- (Edges: [(8, 4), (1, 5), (8, 7), (0, 3), (0, 9), (0, 2), (1, 7), (8, 9), (1, 6), (2, 5), (8, 5), (9, 4)])"
10,19,1,0.016340970993041992,0.020925521850585938,0.03726649284362793,0.4470634460449219,"(Vertices: [0, 1, 2, 3, 4, 5, 6, 7, 8, 9]) -- (Edges: [(3, 4), (3, 7), (4, 6), (2, 5), (3, 6), (8, 2), (9, 7), (8, 5), (0, 1), (0, 7), (0, 4), (6, 7), (8, 4), (8, 1), (8, 7), (0, 3), (1, 4), (0, 6), (2, 3)])"
10,16,32,0.0015385150909423828,0.0033779144287109375,0.00491642951965332,0.07319927215576172,"(Vertices: [0, 1, 2, 3, 4, 5, 6, 7, 8, 9]) -- (Edges: [(0, 1), (2, 4), (1, 2), (8, 4), (3, 4), (3, 7), (9, 6), (1, 7), (4, 5), (8, 9), (0, 5), (3, 6), (8, 2), (2, 5), (9, 7), (9, 4)])"
10,18,1,0.016431808471679688,0.014687538146972656,0.031119346618652344,0.4313812255859375,"(Vertices: [0, 1, 2, 3, 4, 5, 6, 7, 8, 9]) -- (Edges: [(9, 7), (1, 2), (8, 4), (1, 5), (3, 7), (9, 6), (1, 4), (0, 6), (8, 0), (2, 6), (5, 6), (0, 5), (8, 6), (1, 6), (0, 8), (9, 1), (1, 3), (1, 9)])"
10,13,32,0.0015828609466552734,0.0033609867095947266,0.00494384765625,0.07320785522460938,"(Vertices: [0, 1, 2, 3, 4, 5, 6, 7, 8, 9]) -- (Edges: [(2, 4), (2, 7), (0, 3), (0, 9), (8, 5), (4, 7), (9, 5), (0, 5), (8, 6), (9, 1), (2, 5), (1, 3), (1, 9)])"
10,18,1,0.023420333862304688,0.41094231605529785,0.43436264991760254,0.6457099914550781,"(Vertices: [0, 1, 2, 3, 4, 5, 6, 7, 8, 9]) -- (Edges: [(2, 4), (9, 1), (8, 1), (8, 7), (0, 3), (0, 9), (9, 2), (8, 0), (2, 3), (4, 7), (0, 2), (8, 3), (8, 9), (8, 2), (0, 8), (2, 5), (1, 3), (1, 9)])"
10,14,32,0.0008642673492431641,0.0037178993225097656,0.00458216667175293,0.057808876037597656,"(Vertices: [0, 1, 2, 3, 4, 5, 6, 7, 8, 9]) -- (Edges: [(2, 4), (8, 4), (9, 3), (3, 7), (8, 0), (0, 6), (2, 3), (6, 7), (0, 2), (8, 3), (4, 5), (0, 5), (0, 8), (4, 7)])"
10,16,1,0.015455007553100586,0.009108543395996094,0.02456355094909668,0.3778085708618164,"(Vertices: [0, 1, 2, 3, 4, 5, 6, 7, 8, 9]) -- (Edges: [(0, 4), (3, 4), (9, 3), (8, 1), (1, 5), (0, 3), (0, 9), (4, 6), (8, 5), (4, 7), (8, 3), (8, 6), (8, 2), (9, 1), (1, 9), (9, 4)])"
10,19,32,0.00189208984375,0.004239082336425781,0.006131172180175781,0.07182979583740234,"(Vertices: [0, 1, 2, 3, 4, 5, 6, 7, 8, 9]) -- (Edges: [(9, 5), (8, 3), (0, 5), (1, 6), (2, 5), (1, 9), (5, 6), (3, 6), (9, 1), (8, 5), (0, 4), (2, 7), (1, 5), (9, 3), (0, 9), (0, 6), (2, 3), (1, 7), (2, 6)])"
10,16,1,0.014770746231079102,0.012386560440063477,0.027157306671142578,0.3917236328125,"(Vertices: [0, 1, 2, 3, 4, 5, 6, 7, 8, 9]) -- (Edges: [(3, 4), (0, 3), (0, 9), (9, 2), (1, 4), (0, 6), (4, 6), (8, 0), (1, 7), (8, 6), (1, 6), (0, 8), (9, 1), (1, 3), (1, 9), (3, 5)])"
10,13,32,0.002421855926513672,0.004141092300415039,0.006562948226928711,0.07315444946289062,"(Vertices: [0, 1, 2, 3, 4, 5, 6, 7, 8, 9]) -- (Edges: [(0, 7), (1, 2), (8, 1), (3, 7), (5, 7), (9, 5), (8, 3), (4, 5), (5, 6), (1, 6), (9, 1), (1, 9), (3, 5)])"
10,16,1,0.019504547119140625,0.07645082473754883,0.09595537185668945,0.5471105575561523,"(Vertices: [0, 1, 2, 3, 4, 5, 6, 7, 8, 9]) -- (Edges: [(0, 1), (1, 2), (3, 4), (2, 7), (1, 5), (9, 3), (0, 3), (9, 2), (1, 4), (5, 7), (8, 0), (9, 5), (0, 5), (0, 8), (4, 7), (9, 4)])"
10,15,32,0.00036907196044921875,0.0026051998138427734,0.002974271774291992,0.057808876037597656,"(Vertices: [0, 1, 2, 3, 4, 5, 6, 7, 8, 9]) -- (Edges: [(0, 7), (9, 1), (4, 6), (9, 2), (8, 0), (9, 5), (0, 2), (8, 6), (3, 6), (1, 6), (0, 8), (2, 5), (9, 7), (1, 9), (8, 2)])"
10,15,1,0.013824224472045898,0.007819175720214844,0.021643400192260742,0.3753843307495117,"(Vertices: [0, 1, 2, 3, 4, 5, 6, 7, 8, 9]) -- (Edges: [(0, 7), (2, 4), (3, 4), (8, 1), (9, 2), (1, 4), (0, 6), (2, 3), (0, 2), (4, 5), (2, 6), (5, 6), (1, 6), (1, 3), (4, 7)])"
10,16,32,0.0017223358154296875,0.0038347244262695312,0.005557060241699219,0.07317733764648438,"(Vertices: [0, 1, 2, 3, 4, 5, 6, 7, 8, 9]) -- (Edges: [(0, 1), (0, 7), (2, 4), (3, 7), (4, 6), (9, 2), (9, 5), (0, 2), (6, 7), (2, 6), (5, 6), (8, 9), (3, 6), (2, 5), (9, 7), (8, 5)])"
10,17,1,0.014449119567871094,0.012957096099853516,0.02740621566772461,0.4078512191772461,"(Vertices: [0, 1, 2, 3, 4, 5, 6, 7, 8, 9]) -- (Edges: [(1, 2), (0, 4), (8, 4), (8, 1), (8, 7), (9, 6), (0, 3), (0, 9), (4, 6), (0, 6), (8, 3), (5, 6), (0, 5), (8, 2), (9, 7), (8, 5), (3, 5)])"
10,21,32,0.0015876293182373047,0.0038776397705078125,0.005465269088745117,0.07184505462646484,"(Vertices: [0, 1, 2, 3, 4, 5, 6, 7, 8, 9]) -- (Edges: [(4, 6), (5, 7), (8, 3), (8, 9), (8, 6), (1, 6), (5, 6), (3, 6), (8, 2), (9, 4), (0, 1), (1, 2), (1, 5), (6, 7), (4, 7), (8, 1), (9, 6), (0, 3), (0, 9), (2, 3), (2, 6)])"
10,17,1,0.015964269638061523,0.011278152465820312,0.027242422103881836,0.41661548614501953,"(Vertices: [0, 1, 2, 3, 4, 5, 6, 7, 8, 9]) -- (Edges: [(0, 4), (3, 4), (8, 4), (9, 1), (8, 7), (0, 9), (8, 0), (4, 7), (6, 7), (1, 7), (8, 9), (5, 6), (8, 2), (0, 8), (2, 5), (9, 7), (1, 9)])"
10,18,32,0.0015444755554199219,0.003326892852783203,0.004871368408203125,0.07317066192626953,"(Vertices: [0, 1, 2, 3, 4, 5, 6, 7, 8, 9]) -- (Edges: [(0, 1), (0, 7), (2, 4), (1, 2), (9, 3), (8, 1), (8, 7), (3, 7), (0, 3), (1, 4), (0, 6), (8, 0), (9, 5), (4, 5), (8, 9), (0, 8), (9, 7), (3, 5)])"
10,16,1,0.014701366424560547,0.0038449764251708984,0.018546342849731445,0.39549827575683594,"(Vertices: [0, 1, 2, 3, 4, 5, 6, 7, 8, 9]) -- (Edges: [(0, 7), (2, 4), (9, 7), (8, 4), (1, 5), (3, 7), (9, 2), (1, 4), (5, 7), (2, 3), (6, 7), (8, 3), (1, 6), (1, 3), (8, 5), (8, 2)])"
10,13,32,0.0019054412841796875,0.00453948974609375,0.0064449310302734375,0.07319068908691406,"(Vertices: [0, 1, 2, 3, 4, 5, 6, 7, 8, 9]) -- (Edges: [(0, 1), (0, 4), (3, 7), (9, 6), (9, 2), (1, 4), (6, 7), (8, 9), (8, 6), (3, 6), (2, 5), (9, 7), (4, 7)])"
10,16,1,0.022919178009033203,0.024626970291137695,0.0475461483001709,0.5996589660644531,"(Vertices: [0, 1, 2, 3, 4, 5, 6, 7, 8, 9]) -- (Edges: [(0, 1), (3, 4), (2, 7), (9, 3), (9, 6), (0, 3), (0, 9), (4, 6), (8, 5), (6, 7), (8, 9), (5, 6), (3, 6), (2, 5), (9, 7), (4, 7)])"
10,12,32,0.00044727325439453125,0.002466917037963867,0.0029141902923583984,0.05774497985839844,"(Vertices: [0, 1, 2, 3, 4, 5, 6, 7, 8, 9]) -- (Edges: [(2, 4), (0, 4), (8, 4), (3, 7), (0, 6), (2, 3), (6, 7), (0, 5), (3, 6), (8, 6), (9, 7), (8, 5)])"
10,20,1,0.017077922821044922,0.010524749755859375,0.027602672576904297,0.4716062545776367,"(Vertices: [0, 1, 2, 3, 4, 5, 6, 7, 8, 9]) -- (Edges: [(9, 2), (9, 5), (0, 5), (8, 6), (1, 6), (2, 5), (3, 6), (8, 2), (0, 7), (1, 2), (2, 7), (6, 7), (4, 7), (8, 7), (9, 6), (0, 3), (1, 4), (0, 6), (1, 7), (2, 6)])"
10,24,32,0.0027284622192382812,0.0037279129028320312,0.0064563751220703125,0.0718679428100586,"(Vertices: [0, 1, 2, 3, 4, 5, 6, 7, 8, 9]) -- (Edges: [(3, 4), (3, 7), (4, 6), (9, 5), (0, 2), (0, 5), (1, 6), (2, 5), (5, 6), (3, 6), (8, 2), (9, 7), (8, 5), (0, 7), (2, 4), (1, 2), (1, 5), (3, 5), (8, 4), (8, 7), (0, 3), (0, 9), (0, 6), (1, 7)])"
10,16,1,0.02165365219116211,0.022193193435668945,0.043846845626831055,0.5848312377929688,"(Vertices: [0, 1, 2, 3, 4, 5, 6, 7, 8, 9]) -- (Edges: [(0, 7), (9, 7), (1, 2), (8, 4), (2, 7), (8, 1), (9, 3), (0, 9), (0, 6), (8, 5), (9, 5), (2, 6), (9, 1), (2, 5), (1, 3), (1, 9)])"
10,21,32,0.0005710124969482422,0.003472566604614258,0.0040435791015625,0.057808876037597656,"(Vertices: [0, 1, 2, 3, 4, 5, 6, 7, 8, 9]) -- (Edges: [(3, 4), (3, 7), (9, 2), (9, 5), (0, 5), (8, 6), (2, 5), (1, 3), (4, 5), (9, 4), (0, 1), (0, 4), (6, 7), (4, 7), (3, 5), (9, 3), (8, 1), (9, 6), (0, 3), (1, 7), (2, 6)])"
10,9,1,0.008398294448852539,0.003212451934814453,0.011610746383666992,0.24718093872070312,"(Vertices: [0, 1, 2, 3, 4, 5, 6, 7, 8, 9]) -- (Edges: [(2, 4), (1, 2), (1, 5), (9, 2), (6, 7), (1, 6), (9, 1), (9, 7), (1, 9)])"
10,13,32,0.0015244483947753906,0.0051081180572509766,0.006632566452026367,0.07186126708984375,"(Vertices: [0, 1, 2, 3, 4, 5, 6, 7, 8, 9]) -- (Edges: [(1, 2), (1, 5), (8, 1), (8, 7), (9, 6), (2, 3), (0, 2), (1, 7), (2, 6), (5, 6), (8, 2), (1, 3), (8, 5)])"
10,16,1,0.02148151397705078,0.09642958641052246,0.11791110038757324,0.5637111663818359,"(Vertices: [0, 1, 2, 3, 4, 5, 6, 7, 8, 9]) -- (Edges: [(2, 4), (2, 7), (9, 6), (9, 2), (8, 0), (0, 6), (2, 3), (8, 9), (2, 6), (5, 6), (0, 5), (8, 6), (0, 8), (1, 3), (4, 7), (3, 5)])"
10,14,32,0.0003955364227294922,0.0023779869079589844,0.0027735233306884766,0.057808876037597656,"(Vertices: [0, 1, 2, 3, 4, 5, 6, 7, 8, 9]) -- (Edges: [(0, 7), (0, 4), (2, 7), (9, 3), (9, 6), (4, 6), (9, 2), (0, 2), (1, 7), (8, 3), (5, 6), (8, 9), (2, 5), (9, 4)])"
10,13,1,0.014687776565551758,0.004328012466430664,0.019015789031982422,0.4285421371459961,"(Vertices: [0, 1, 2, 3, 4, 5, 6, 7, 8, 9]) -- (Edges: [(0, 4), (8, 4), (1, 5), (8, 7), (3, 7), (8, 5), (2, 3), (4, 7), (1, 7), (9, 1), (1, 9), (3, 5), (9, 4)])"
10,12,32,0.0016734600067138672,0.004567861557006836,0.006241321563720703,0.07614898681640625,"(Vertices: [0, 1, 2, 3, 4, 5, 6, 7, 8, 9]) -- (Edges: [(0, 7), (3, 4), (2, 7), (4, 7), (8, 3), (4, 5), (2, 6), (0, 5), (9, 1), (2, 5), (1, 9), (3, 5)])"
10,18,1,0.015582084655761719,0.011530637741088867,0.027112722396850586,0.4361152648925781,"(Vertices: [0, 1, 2, 3, 4, 5, 6, 7, 8, 9]) -- (Edges: [(2, 4), (1, 2), (0, 4), (9, 7), (2, 7), (8, 1), (8, 7), (9, 6), (5, 7), (0, 6), (0, 2), (8, 9), (2, 6), (8, 6), (8, 2), (1, 3), (3, 5), (9, 4)])"
10,17,32,0.0021042823791503906,0.004239082336425781,0.006343364715576172,0.073211669921875,"(Vertices: [0, 1, 2, 3, 4, 5, 6, 7, 8, 9]) -- (Edges: [(0, 4), (2, 7), (9, 3), (3, 7), (9, 6), (4, 6), (0, 9), (8, 0), (2, 3), (9, 5), (8, 3), (4, 5), (8, 9), (0, 8), (2, 5), (1, 3), (8, 5)])"
10,15,1,0.014333486557006836,0.012002706527709961,0.026336193084716797,0.36560535430908203,"(Vertices: [0, 1, 2, 3, 4, 5, 6, 7, 8, 9]) -- (Edges: [(0, 4), (8, 4), (2, 7), (8, 1), (8, 7), (0, 3), (4, 6), (0, 6), (0, 2), (8, 3), (2, 6), (8, 9), (8, 6), (3, 6), (9, 7)])"
10,13,32,0.0015668869018554688,0.003655672073364258,0.0052225589752197266,0.07183551788330078,"(Vertices: [0, 1, 2, 3, 4, 5, 6, 7, 8, 9]) -- (Edges: [(0, 1), (0, 4), (3, 4), (8, 7), (9, 6), (4, 6), (1, 4), (5, 7), (2, 3), (1, 7), (5, 6), (8, 2), (8, 5)])"
10,15,1,0.020488262176513672,0.027091264724731445,0.04757952690124512,0.5179958343505859,"(Vertices: [0, 1, 2, 3, 4, 5, 6, 7, 8, 9]) -- (Edges: [(2, 4), (1, 2), (0, 4), (9, 3), (3, 7), (9, 6), (0, 3), (4, 6), (9, 2), (1, 4), (1, 7), (5, 6), (0, 5), (2, 5), (1, 3)])"
10,17,32,0.00040078163146972656,0.003973960876464844,0.00437474250793457,0.057808876037597656,"(Vertices: [0, 1, 2, 3, 4, 5, 6, 7, 8, 9]) -- (Edges: [(0, 1), (2, 4), (0, 4), (8, 4), (9, 3), (8, 1), (3, 7), (9, 6), (0, 3), (5, 7), (6, 7), (1, 7), (8, 3), (1, 6), (2, 5), (1, 3), (8, 2)])"
11,25,1,0.00391840934753418,0.011641740798950195,0.015560150146484375,0.14812850952148438,"(Vertices: [0, 1, 2, 3, 4, 5, 6, 7, 8, 9, 10]) -- (Edges: [(3, 4), (4, 6), (9, 2), (8, 0), (8, 6), (0, 8), (2, 5), (1, 9), (3, 6), (9, 1), (9, 7), (8, 5), (0, 1), (2, 4), (1, 2), (10, 5), (2, 7), (4, 7), (9, 3), (8, 1), (10, 4), (0, 3), (0, 9), (10, 7), (2, 6)])"
11,26,46,0.0006830692291259766,0.003634214401245117,0.004317283630371094,0.05797386169433594,"(Vertices: [0, 1, 2, 3, 4, 5, 6, 7, 8, 9, 10]) -- (Edges: [(3, 7), (5, 7), (8, 0), (8, 3), (0, 5), (8, 6), (0, 8), (2, 5), (1, 3), (4, 5), (3, 6), (9, 7), (9, 10), (2, 4), (1, 2), (1, 5), (4, 7), (8, 4), (8, 1), (8, 7), (10, 4), (0, 9), (8, 10), (0, 6), (1, 7), (1, 10)])"
11,19,1,0.01812744140625,0.010502338409423828,0.028629779815673828,0.44936180114746094,"(Vertices: [0, 1, 2, 3, 4, 5, 6, 7, 8, 9, 10]) -- (Edges: [(9, 5), (8, 3), (8, 9), (8, 6), (1, 6), (4, 5), (3, 6), (9, 4), (0, 1), (9, 10), (10, 5), (4, 7), (8, 1), (8, 7), (0, 3), (0, 9), (10, 7), (8, 10), (1, 7)])"
11,18,46,0.0016298294067382812,0.0034704208374023438,0.005100250244140625,0.07344913482666016,"(Vertices: [0, 1, 2, 3, 4, 5, 6, 7, 8, 9, 10]) -- (Edges: [(9, 10), (0, 7), (2, 4), (0, 4), (0, 10), (2, 7), (4, 6), (8, 10), (4, 5), (8, 9), (2, 6), (5, 6), (0, 5), (9, 1), (2, 5), (1, 9), (3, 5), (9, 4)])"
11,22,1,0.021023035049438477,0.026958465576171875,0.04798150062561035,0.5073757171630859,"(Vertices: [0, 1, 2, 3, 4, 5, 6, 7, 8, 9, 10]) -- (Edges: [(9, 5), (8, 3), (8, 6), (10, 3), (2, 5), (5, 6), (9, 7), (10, 2), (9, 4), (0, 1), (9, 10), (2, 4), (1, 5), (2, 10), (6, 7), (3, 5), (9, 3), (0, 3), (0, 9), (0, 6), (1, 7), (2, 6)])"
11,25,46,0.001699686050415039,0.0036826133728027344,0.0053822994232177734,0.0750579833984375,"(Vertices: [0, 1, 2, 3, 4, 5, 6, 7, 8, 9, 10]) -- (Edges: [(8, 0), (9, 5), (0, 5), (1, 6), (0, 8), (1, 3), (8, 2), (9, 7), (8, 5), (10, 2), (9, 4), (2, 4), (1, 2), (10, 5), (2, 7), (1, 5), (2, 10), (6, 7), (3, 5), (8, 4), (8, 1), (8, 10), (1, 4), (0, 6), (1, 10)])"
11,27,1,0.024046659469604492,0.024677276611328125,0.04872393608093262,0.6022567749023438,"(Vertices: [0, 1, 2, 3, 4, 5, 6, 7, 8, 9, 10]) -- (Edges: [(3, 4), (3, 7), (5, 7), (8, 0), (0, 2), (8, 3), (8, 9), (0, 5), (10, 3), (1, 6), (0, 8), (1, 3), (1, 9), (5, 6), (9, 1), (8, 5), (10, 2), (1, 2), (0, 10), (2, 7), (2, 10), (4, 7), (3, 5), (8, 7), (0, 3), (2, 3), (1, 7)])"
11,14,46,0.002286672592163086,0.0038385391235351562,0.006125211715698242,0.07506752014160156,"(Vertices: [0, 1, 2, 3, 4, 5, 6, 7, 8, 9, 10]) -- (Edges: [(0, 1), (0, 7), (0, 4), (8, 4), (2, 7), (1, 5), (8, 1), (0, 9), (8, 10), (0, 6), (6, 7), (1, 7), (1, 3), (4, 7)])"
11,16,1,0.0008678436279296875,0.003461122512817383,0.00432896614074707,0.1206512451171875,"(Vertices: [0, 1, 2, 3, 4, 5, 6, 7, 8, 9, 10]) -- (Edges: [(0, 1), (2, 4), (0, 10), (2, 7), (10, 4), (0, 3), (0, 9), (8, 10), (1, 4), (8, 3), (0, 5), (10, 3), (8, 6), (2, 5), (1, 3), (8, 5)])"
11,18,46,0.0008025169372558594,0.009274482727050781,0.01007699966430664,0.05797386169433594,"(Vertices: [0, 1, 2, 3, 4, 5, 6, 7, 8, 9, 10]) -- (Edges: [(3, 4), (2, 7), (8, 1), (8, 7), (9, 2), (1, 4), (8, 5), (8, 0), (9, 5), (0, 2), (6, 7), (2, 6), (3, 6), (1, 10), (0, 5), (0, 8), (1, 3), (4, 7)])"
11,27,1,0.023868560791015625,0.05888962745666504,0.08275818824768066,0.6053934097290039,"(Vertices: [0, 1, 2, 3, 4, 5, 6, 7, 8, 9, 10]) -- (Edges: [(3, 4), (4, 6), (8, 9), (10, 6), (8, 6), (10, 3), (1, 3), (3, 6), (9, 7), (8, 5), (10, 2), (9, 4), (0, 1), (0, 7), (0, 4), (0, 10), (2, 7), (1, 5), (2, 10), (6, 7), (3, 5), (8, 4), (9, 3), (0, 3), (8, 10), (0, 6), (2, 6)])"
11,14,46,0.001497507095336914,0.0035104751586914062,0.00500798225402832,0.06876277923583984,"(Vertices: [0, 1, 2, 3, 4, 5, 6, 7, 8, 9, 10]) -- (Edges: [(0, 1), (3, 4), (2, 7), (9, 3), (4, 6), (2, 3), (9, 5), (0, 2), (4, 5), (8, 9), (0, 5), (1, 6), (9, 1), (1, 9)])"
11,31,1,0.0008933544158935547,0.0036134719848632812,0.004506826400756836,0.1206512451171875,"(Vertices: [0, 1, 2, 3, 4, 5, 6, 7, 8, 9, 10]) -- (Edges: [(3, 4), (9, 2), (9, 5), (0, 2), (8, 9), (0, 5), (10, 3), (2, 5), (1, 3), (3, 6), (8, 2), (8, 5), (10, 2), (9, 4), (0, 7), (2, 4), (0, 4), (2, 7), (1, 5), (2, 10), (8, 4), (9, 3), (8, 7), (9, 6), (0, 9), (10, 7), (8, 10), (2, 3), (1, 7), (2, 6), (1, 10)])"
11,15,46,0.0006866455078125,0.003372669219970703,0.004059314727783203,0.05797386169433594,"(Vertices: [0, 1, 2, 3, 4, 5, 6, 7, 8, 9, 10]) -- (Edges: [(0, 1), (2, 4), (10, 5), (0, 4), (2, 7), (1, 5), (0, 3), (4, 6), (8, 3), (8, 9), (5, 6), (8, 6), (3, 6), (9, 1), (1, 9)])"
11,19,1,0.0009336471557617188,0.003357410430908203,0.004291057586669922,0.1206512451171875,"(Vertices: [0, 1, 2, 3, 4, 5, 6, 7, 8, 9, 10]) -- (Edges: [(3, 4), (3, 7), (8, 0), (0, 2), (10, 6), (10, 3), (0, 8), (5, 6), (8, 2), (8, 5), (10, 2), (0, 7), (2, 4), (0, 4), (2, 10), (8, 1), (0, 3), (2, 6), (1, 10)])"
11,19,46,0.0004730224609375,0.0033762454986572266,0.0038492679595947266,0.05797386169433594,"(Vertices: [0, 1, 2, 3, 4, 5, 6, 7, 8, 9, 10]) -- (Edges: [(3, 4), (3, 7), (4, 6), (5, 7), (8, 3), (1, 6), (2, 5), (5, 6), (8, 2), (9, 10), (0, 7), (2, 4), (1, 2), (2, 7), (1, 5), (8, 7), (0, 3), (0, 9), (0, 6)])"
11,21,1,0.0189511775970459,0.02147197723388672,0.04042315483093262,0.4928321838378906,"(Vertices: [0, 1, 2, 3, 4, 5, 6, 7, 8, 9, 10]) -- (Edges: [(5, 7), (9, 5), (2, 5), (1, 3), (9, 7), (10, 2), (9, 4), (9, 10), (0, 7), (10, 5), (0, 10), (2, 7), (2, 10), (4, 7), (8, 7), (10, 4), (9, 6), (0, 9), (0, 6), (1, 7), (1, 10)])"
11,23,46,0.0016818046569824219,0.0034182071685791016,0.0051000118255615234,0.07343864440917969,"(Vertices: [0, 1, 2, 3, 4, 5, 6, 7, 8, 9, 10]) -- (Edges: [(5, 7), (9, 5), (8, 3), (0, 5), (10, 3), (4, 5), (5, 6), (3, 6), (8, 2), (10, 2), (9, 4), (0, 4), (2, 10), (6, 7), (3, 5), (9, 3), (8, 1), (10, 4), (8, 10), (1, 4), (0, 6), (1, 7), (1, 10)])"
11,17,1,0.016680002212524414,0.0045490264892578125,0.021229028701782227,0.4178495407104492,"(Vertices: [0, 1, 2, 3, 4, 5, 6, 7, 8, 9, 10]) -- (Edges: [(1, 2), (9, 3), (8, 1), (3, 7), (2, 10), (10, 7), (0, 6), (6, 7), (1, 7), (8, 9), (5, 6), (10, 3), (1, 6), (9, 1), (1, 3), (1, 9), (10, 2)])"
11,20,46,0.0023813247680664062,0.004014015197753906,0.0063953399658203125,0.0750579833984375,"(Vertices: [0, 1, 2, 3, 4, 5, 6, 7, 8, 9, 10]) -- (Edges: [(9, 5), (10, 6), (1, 3), (1, 9), (5, 6), (9, 1), (10, 2), (0, 7), (1, 2), (2, 10), (6, 7), (8, 4), (9, 3), (8, 1), (8, 7), (10, 4), (9, 6), (0, 3), (0, 9), (1, 7)])"
11,18,1,0.0036313533782958984,0.00436854362487793,0.007999897003173828,0.14660263061523438,"(Vertices: [0, 1, 2, 3, 4, 5, 6, 7, 8, 9, 10]) -- (Edges: [(0, 7), (1, 2), (8, 4), (2, 7), (3, 7), (0, 3), (8, 10), (10, 7), (5, 7), (0, 6), (2, 6), (1, 10), (3, 6), (8, 6), (1, 6), (9, 1), (1, 9), (3, 5)])"
11,16,46,0.0004265308380126953,0.0021834373474121094,0.0026099681854248047,0.05797386169433594,"(Vertices: [0, 1, 2, 3, 4, 5, 6, 7, 8, 9, 10]) -- (Edges: [(9, 10), (0, 7), (0, 4), (3, 4), (2, 7), (8, 4), (9, 6), (0, 3), (4, 6), (9, 2), (10, 7), (0, 2), (10, 6), (1, 6), (1, 3), (8, 5)])"
11,23,1,0.021806955337524414,0.02100992202758789,0.042816877365112305,0.5241632461547852,"(Vertices: [0, 1, 2, 3, 4, 5, 6, 7, 8, 9, 10]) -- (Edges: [(3, 7), (8, 0), (8, 6), (1, 6), (0, 8), (1, 9), (9, 1), (9, 7), (8, 5), (9, 4), (0, 1), (2, 4), (0, 4), (0, 10), (2, 7), (6, 7), (4, 7), (8, 4), (8, 1), (8, 7), (8, 10), (10, 7), (1, 10)])"
11,21,46,0.0017554759979248047,0.004290103912353516,0.00604557991027832,0.07503700256347656,"(Vertices: [0, 1, 2, 3, 4, 5, 6, 7, 8, 9, 10]) -- (Edges: [(5, 7), (9, 5), (8, 3), (10, 6), (1, 6), (8, 2), (8, 5), (10, 2), (9, 4), (9, 10), (10, 5), (0, 10), (2, 7), (2, 10), (8, 4), (8, 1), (8, 7), (0, 3), (8, 10), (10, 7), (0, 6)])"
11,18,1,0.0158541202545166,0.01627326011657715,0.03212738037109375,0.43065834045410156,"(Vertices: [0, 1, 2, 3, 4, 5, 6, 7, 8, 9, 10]) -- (Edges: [(9, 10), (0, 7), (10, 5), (0, 4), (0, 10), (1, 5), (4, 6), (9, 2), (5, 7), (0, 6), (0, 2), (1, 7), (8, 9), (5, 6), (10, 3), (8, 2), (2, 5), (4, 7)])"
11,19,46,0.0027365684509277344,0.004747629165649414,0.0074841976165771484,0.0750417709350586,"(Vertices: [0, 1, 2, 3, 4, 5, 6, 7, 8, 9, 10]) -- (Edges: [(0, 2), (8, 3), (8, 6), (10, 3), (1, 6), (4, 5), (5, 6), (9, 7), (0, 1), (0, 7), (1, 2), (2, 7), (6, 7), (3, 5), (0, 3), (10, 7), (1, 4), (2, 3), (2, 6)])"
11,19,1,0.015997886657714844,0.005316495895385742,0.021314382553100586,0.4404306411743164,"(Vertices: [0, 1, 2, 3, 4, 5, 6, 7, 8, 9, 10]) -- (Edges: [(3, 7), (5, 7), (1, 9), (5, 6), (9, 1), (8, 5), (10, 2), (9, 10), (2, 4), (1, 2), (10, 5), (2, 10), (3, 5), (8, 4), (9, 3), (0, 3), (8, 10), (10, 7), (2, 6)])"
11,23,46,0.0016949176788330078,0.00388336181640625,0.005578279495239258,0.07505321502685547,"(Vertices: [0, 1, 2, 3, 4, 5, 6, 7, 8, 9, 10]) -- (Edges: [(3, 4), (3, 7), (4, 6), (9, 5), (0, 2), (8, 3), (8, 9), (8, 6), (1, 6), (2, 5), (1, 3), (3, 6), (9, 7), (8, 5), (9, 10), (1, 2), (6, 7), (8, 7), (0, 3), (0, 9), (2, 3), (1, 7), (1, 10)])"
11,22,1,0.01959705352783203,0.014371156692504883,0.033968210220336914,0.5103778839111328,"(Vertices: [0, 1, 2, 3, 4, 5, 6, 7, 8, 9, 10]) -- (Edges: [(3, 4), (9, 2), (9, 5), (0, 2), (8, 3), (10, 3), (1, 6), (5, 6), (3, 6), (9, 7), (8, 5), (0, 1), (0, 7), (10, 5), (0, 4), (2, 7), (4, 7), (9, 3), (8, 7), (8, 10), (2, 6), (1, 10)])"
11,23,46,0.002262115478515625,0.004484891891479492,0.006747007369995117,0.07503890991210938,"(Vertices: [0, 1, 2, 3, 4, 5, 6, 7, 8, 9, 10]) -- (Edges: [(5, 7), (8, 3), (8, 9), (10, 6), (1, 6), (2, 5), (1, 9), (4, 5), (5, 6), (8, 2), (9, 1), (10, 2), (9, 4), (9, 10), (0, 4), (2, 10), (6, 7), (8, 7), (10, 4), (0, 3), (0, 9), (10, 7), (1, 4)])"
11,22,1,0.019304275512695312,0.01492619514465332,0.03423047065734863,0.5134925842285156,"(Vertices: [0, 1, 2, 3, 4, 5, 6, 7, 8, 9, 10]) -- (Edges: [(8, 0), (0, 2), (10, 3), (0, 8), (2, 5), (4, 5), (8, 2), (9, 7), (9, 4), (0, 1), (9, 10), (1, 2), (2, 7), (6, 7), (4, 7), (8, 1), (10, 4), (0, 9), (10, 7), (1, 4), (8, 10), (2, 3)])"
11,24,46,0.0014803409576416016,0.0032656192779541016,0.004745960235595703,0.07028675079345703,"(Vertices: [0, 1, 2, 3, 4, 5, 6, 7, 8, 9, 10]) -- (Edges: [(3, 7), (8, 0), (9, 5), (0, 2), (8, 3), (10, 6), (8, 9), (10, 3), (1, 6), (0, 8), (4, 5), (5, 6), (3, 6), (9, 7), (8, 5), (2, 4), (2, 7), (1, 5), (6, 7), (0, 3), (1, 4), (2, 3), (2, 6), (1, 10)])"
11,18,1,0.016401290893554688,0.017381668090820312,0.033782958984375,0.43032360076904297,"(Vertices: [0, 1, 2, 3, 4, 5, 6, 7, 8, 9, 10]) -- (Edges: [(0, 7), (2, 4), (1, 2), (8, 4), (0, 10), (1, 5), (9, 6), (8, 10), (1, 4), (0, 6), (8, 0), (1, 7), (8, 9), (0, 5), (8, 2), (0, 8), (2, 5), (9, 7)])"
11,22,46,0.0016853809356689453,0.003390789031982422,0.005076169967651367,0.07504653930664062,"(Vertices: [0, 1, 2, 3, 4, 5, 6, 7, 8, 9, 10]) -- (Edges: [(8, 0), (8, 9), (10, 6), (0, 8), (1, 3), (1, 9), (5, 6), (9, 1), (8, 5), (9, 4), (9, 10), (0, 7), (0, 4), (2, 7), (1, 5), (3, 5), (10, 4), (0, 9), (8, 10), (0, 6), (2, 3), (1, 10)])"
11,14,1,0.012781381607055664,0.005613803863525391,0.018395185470581055,0.3517627716064453,"(Vertices: [0, 1, 2, 3, 4, 5, 6, 7, 8, 9, 10]) -- (Edges: [(1, 2), (0, 4), (1, 5), (9, 4), (9, 6), (9, 2), (1, 4), (5, 7), (6, 7), (10, 6), (8, 6), (1, 6), (8, 5), (8, 2)])"
11,27,46,0.0016131401062011719,0.003297090530395508,0.00491023063659668,0.07344913482666016,"(Vertices: [0, 1, 2, 3, 4, 5, 6, 7, 8, 9, 10]) -- (Edges: [(4, 6), (9, 2), (5, 7), (8, 0), (9, 5), (8, 3), (10, 6), (0, 5), (1, 6), (0, 8), (1, 9), (9, 1), (9, 7), (8, 5), (10, 2), (0, 4), (2, 7), (2, 10), (3, 5), (9, 3), (8, 1), (10, 4), (9, 6), (0, 3), (8, 10), (0, 6), (2, 3)])"
11,24,1,0.0008158683776855469,0.0036864280700683594,0.004502296447753906,0.1206512451171875,"(Vertices: [0, 1, 2, 3, 4, 5, 6, 7, 8, 9, 10]) -- (Edges: [(3, 4), (3, 7), (5, 7), (8, 0), (0, 2), (10, 6), (0, 5), (1, 6), (0, 8), (5, 6), (3, 6), (8, 2), (10, 2), (9, 4), (0, 7), (1, 2), (0, 4), (0, 10), (2, 10), (4, 7), (9, 3), (0, 3), (1, 4), (1, 7)])"
11,16,46,0.0007116794586181641,0.003180980682373047,0.003892660140991211,0.05797386169433594,"(Vertices: [0, 1, 2, 3, 4, 5, 6, 7, 8, 9, 10]) -- (Edges: [(0, 7), (2, 4), (1, 2), (2, 7), (8, 7), (3, 7), (8, 10), (9, 2), (1, 4), (1, 7), (4, 5), (0, 5), (1, 10), (1, 6), (3, 5), (9, 4)])"
11,18,1,0.0013432502746582031,0.0037238597869873047,0.005067110061645508,0.1206512451171875,"(Vertices: [0, 1, 2, 3, 4, 5, 6, 7, 8, 9, 10]) -- (Edges: [(0, 1), (9, 7), (1, 2), (0, 10), (8, 7), (8, 10), (5, 7), (9, 5), (1, 7), (8, 3), (2, 6), (1, 10), (8, 6), (8, 2), (9, 1), (1, 3), (1, 9), (3, 5)])"
11,17,46,0.00035572052001953125,0.0022563934326171875,0.0026121139526367188,0.05797386169433594,"(Vertices: [0, 1, 2, 3, 4, 5, 6, 7, 8, 9, 10]) -- (Edges: [(8, 4), (1, 5), (3, 7), (10, 4), (4, 6), (9, 6), (9, 2), (8, 3), (4, 5), (10, 6), (3, 6), (1, 10), (10, 3), (5, 6), (8, 6), (8, 9), (9, 7)])"
11,25,1,0.022028684616088867,0.02401280403137207,0.04604148864746094,0.5651912689208984,"(Vertices: [0, 1, 2, 3, 4, 5, 6, 7, 8, 9, 10]) -- (Edges: [(9, 2), (5, 7), (0, 2), (8, 3), (10, 6), (8, 9), (0, 5), (10, 3), (1, 6), (2, 5), (1, 3), (8, 2), (0, 7), (1, 2), (0, 4), (2, 7), (9, 3), (8, 1), (9, 6), (0, 9), (10, 7), (1, 4), (0, 6), (8, 10), (1, 10)])"
11,18,46,0.0016787052154541016,0.0034780502319335938,0.005156755447387695,0.07570743560791016,"(Vertices: [0, 1, 2, 3, 4, 5, 6, 7, 8, 9, 10]) -- (Edges: [(0, 1), (0, 4), (8, 4), (9, 3), (3, 7), (0, 3), (0, 9), (8, 10), (1, 4), (0, 6), (5, 7), (6, 7), (1, 7), (8, 0), (8, 6), (1, 6), (0, 8), (8, 2)])"
11,16,1,0.0013420581817626953,0.00354766845703125,0.004889726638793945,0.1206512451171875,"(Vertices: [0, 1, 2, 3, 4, 5, 6, 7, 8, 9, 10]) -- (Edges: [(0, 1), (9, 3), (1, 5), (10, 4), (4, 6), (0, 9), (5, 7), (0, 2), (8, 3), (2, 6), (5, 6), (1, 10), (0, 5), (10, 6), (2, 5), (9, 7)])"
11,20,46,0.0004096031188964844,0.003915548324584961,0.004325151443481445,0.05797386169433594,"(Vertices: [0, 1, 2, 3, 4, 5, 6, 7, 8, 9, 10]) -- (Edges: [(3, 4), (4, 6), (9, 2), (5, 7), (8, 6), (1, 9), (3, 6), (9, 1), (0, 1), (0, 7), (2, 4), (9, 10), (6, 7), (4, 7), (8, 7), (0, 3), (8, 10), (10, 7), (2, 3), (1, 7)])"
11,21,1,0.0009200572967529297,0.003008127212524414,0.003928184509277344,0.1206512451171875,"(Vertices: [0, 1, 2, 3, 4, 5, 6, 7, 8, 9, 10]) -- (Edges: [(4, 6), (5, 7), (8, 3), (0, 5), (1, 6), (2, 5), (1, 3), (4, 5), (8, 5), (10, 2), (9, 4), (0, 7), (10, 5), (2, 7), (1, 5), (2, 10), (8, 1), (8, 7), (10, 4), (8, 10), (2, 6)])"
11,16,46,0.0009851455688476562,0.003537416458129883,0.004522562026977539,0.05797386169433594,"(Vertices: [0, 1, 2, 3, 4, 5, 6, 7, 8, 9, 10]) -- (Edges: [(0, 1), (0, 7), (2, 4), (0, 4), (0, 10), (3, 7), (5, 7), (8, 0), (2, 3), (0, 2), (4, 5), (1, 10), (0, 8), (4, 7), (3, 5), (9, 4)])"
11,19,1,0.01702260971069336,0.019246578216552734,0.036269187927246094,0.4452972412109375,"(Vertices: [0, 1, 2, 3, 4, 5, 6, 7, 8, 9, 10]) -- (Edges: [(8, 0), (9, 5), (0, 2), (0, 5), (8, 6), (1, 6), (0, 8), (5, 6), (8, 2), (9, 7), (0, 1), (0, 7), (2, 4), (1, 2), (0, 10), (2, 7), (1, 5), (8, 7), (0, 9)])"
11,20,46,0.0017826557159423828,0.0044591426849365234,0.006241798400878906,0.07505416870117188,"(Vertices: [0, 1, 2, 3, 4, 5, 6, 7, 8, 9, 10]) -- (Edges: [(8, 0), (0, 2), (8, 3), (0, 5), (10, 3), (0, 8), (1, 3), (4, 5), (3, 6), (9, 7), (8, 5), (2, 7), (1, 5), (6, 7), (3, 5), (10, 4), (0, 3), (0, 6), (1, 7), (2, 6)])"
11,22,1,0.01849842071533203,0.020922422409057617,0.03942084312438965,0.4906272888183594,"(Vertices: [0, 1, 2, 3, 4, 5, 6, 7, 8, 9, 10]) -- (Edges: [(9, 2), (8, 0), (0, 5), (10, 3), (1, 6), (0, 8), (2, 5), (1, 3), (1, 9), (4, 5), (9, 1), (10, 2), (0, 1), (0, 4), (2, 10), (8, 4), (8, 7), (9, 6), (0, 3), (0, 9), (8, 10), (1, 4)])"
11,20,46,0.0017437934875488281,0.003484964370727539,0.005228757858276367,0.0720205307006836,"(Vertices: [0, 1, 2, 3, 4, 5, 6, 7, 8, 9, 10]) -- (Edges: [(3, 7), (4, 6), (9, 2), (8, 0), (8, 3), (0, 5), (10, 3), (0, 8), (3, 6), (8, 2), (10, 2), (0, 1), (0, 7), (10, 5), (0, 4), (2, 10), (9, 3), (0, 9), (10, 7), (1, 4)])"
11,10,1,0.0008089542388916016,0.0027971267700195312,0.003606081008911133,0.12058734893798828,"(Vertices: [0, 1, 2, 3, 4, 5, 6, 7, 8, 9, 10]) -- (Edges: [(1, 2), (10, 4), (10, 7), (1, 7), (8, 3), (2, 6), (8, 6), (10, 3), (8, 2), (8, 5)])"
11,17,46,0.0009171962738037109,0.0034308433532714844,0.004348039627075195,0.05797386169433594,"(Vertices: [0, 1, 2, 3, 4, 5, 6, 7, 8, 9, 10]) -- (Edges: [(0, 1), (3, 4), (9, 3), (10, 4), (0, 9), (0, 6), (4, 7), (0, 2), (8, 3), (4, 5), (5, 6), (1, 10), (8, 9), (9, 1), (2, 5), (1, 9), (3, 5)])"
11,21,1,0.0010166168212890625,0.0035636425018310547,0.004580259323120117,0.1206512451171875,"(Vertices: [0, 1, 2, 3, 4, 5, 6, 7, 8, 9, 10]) -- (Edges: [(3, 7), (9, 2), (0, 2), (4, 5), (8, 5), (10, 2), (0, 1), (0, 7), (9, 10), (1, 2), (0, 4), (0, 10), (1, 5), (2, 10), (3, 5), (9, 3), (9, 6), (0, 9), (10, 7), (1, 4), (1, 7)])"
11,22,46,0.0008492469787597656,0.003528594970703125,0.004377841949462891,0.05797386169433594,"(Vertices: [0, 1, 2, 3, 4, 5, 6, 7, 8, 9, 10]) -- (Edges: [(3, 4), (5, 7), (8, 0), (0, 2), (8, 3), (8, 9), (8, 6), (10, 3), (1, 6), (0, 8), (2, 5), (4, 5), (8, 5), (9, 4), (0, 1), (0, 7), (2, 4), (9, 3), (8, 10), (10, 7), (2, 6), (1, 10)])"
11,19,1,0.018019676208496094,0.006496429443359375,0.02451610565185547,0.45070743560791016,"(Vertices: [0, 1, 2, 3, 4, 5, 6, 7, 8, 9, 10]) -- (Edges: [(3, 7), (9, 2), (5, 7), (0, 2), (8, 6), (2, 5), (1, 3), (4, 5), (3, 6), (8, 5), (1, 2), (1, 5), (4, 7), (3, 5), (8, 4), (9, 3), (0, 9), (1, 7), (1, 10)])"
11,23,46,0.0019724369049072266,0.0039827823638916016,0.005955219268798828,0.0734548568725586,"(Vertices: [0, 1, 2, 3, 4, 5, 6, 7, 8, 9, 10]) -- (Edges: [(3, 4), (4, 6), (9, 2), (0, 2), (0, 5), (1, 6), (8, 2), (10, 2), (9, 4), (2, 4), (1, 2), (0, 10), (2, 7), (2, 10), (6, 7), (3, 5), (8, 4), (9, 3), (8, 1), (10, 4), (1, 4), (0, 6), (1, 7)])"
11,20,1,0.01759624481201172,0.005171537399291992,0.02276778221130371,0.47306060791015625,"(Vertices: [0, 1, 2, 3, 4, 5, 6, 7, 8, 9, 10]) -- (Edges: [(4, 6), (9, 2), (8, 3), (8, 9), (10, 3), (4, 5), (9, 7), (0, 1), (9, 10), (2, 4), (6, 7), (8, 4), (8, 1), (8, 7), (10, 4), (9, 6), (0, 9), (8, 10), (1, 4), (2, 3)])"
11,25,46,0.0022344589233398438,0.004641056060791016,0.006875514984130859,0.0733633041381836,"(Vertices: [0, 1, 2, 3, 4, 5, 6, 7, 8, 9, 10]) -- (Edges: [(3, 4), (3, 7), (4, 6), (9, 2), (5, 7), (9, 5), (0, 2), (8, 3), (10, 6), (1, 3), (1, 9), (4, 5), (9, 1), (10, 2), (9, 4), (9, 10), (0, 4), (2, 10), (8, 4), (9, 3), (8, 1), (1, 4), (1, 7), (2, 6), (1, 10)])"
11,25,1,0.0034754276275634766,0.0036563873291015625,0.007131814956665039,0.14812850952148438,"(Vertices: [0, 1, 2, 3, 4, 5, 6, 7, 8, 9, 10]) -- (Edges: [(5, 7), (0, 2), (8, 3), (10, 6), (8, 9), (8, 6), (2, 5), (1, 9), (5, 6), (3, 6), (8, 2), (9, 1), (9, 7), (0, 1), (2, 4), (10, 5), (0, 10), (2, 7), (4, 7), (9, 3), (10, 4), (0, 3), (0, 9), (0, 6), (2, 6)])"
11,20,46,0.00038743019104003906,0.002222776412963867,0.0026102066040039062,0.05797386169433594,"(Vertices: [0, 1, 2, 3, 4, 5, 6, 7, 8, 9, 10]) -- (Edges: [(3, 4), (4, 6), (9, 2), (5, 7), (0, 5), (8, 6), (2, 5), (4, 5), (5, 6), (3, 6), (9, 7), (1, 2), (4, 7), (3, 5), (8, 4), (10, 4), (9, 6), (0, 9), (1, 4), (2, 6)])"
11,15,1,0.013329505920410156,0.00436091423034668,0.017690420150756836,0.3633556365966797,"(Vertices: [0, 1, 2, 3, 4, 5, 6, 7, 8, 9, 10]) -- (Edges: [(0, 4), (0, 10), (2, 7), (3, 4), (9, 3), (8, 4), (9, 6), (10, 7), (8, 3), (2, 6), (3, 6), (9, 1), (2, 5), (1, 9), (3, 5)])"
11,18,46,0.0017921924591064453,0.003574848175048828,0.0053670406341552734,0.07505226135253906,"(Vertices: [0, 1, 2, 3, 4, 5, 6, 7, 8, 9, 10]) -- (Edges: [(2, 4), (0, 10), (8, 7), (3, 7), (2, 10), (4, 6), (0, 9), (1, 4), (0, 6), (5, 7), (10, 6), (3, 6), (8, 2), (9, 1), (9, 7), (1, 9), (10, 2), (9, 4)])"
11,15,1,0.014075040817260742,0.004433870315551758,0.0185089111328125,0.37781238555908203,"(Vertices: [0, 1, 2, 3, 4, 5, 6, 7, 8, 9, 10]) -- (Edges: [(2, 10), (4, 6), (8, 10), (9, 2), (5, 7), (0, 6), (2, 3), (6, 7), (8, 9), (2, 6), (5, 6), (1, 10), (0, 5), (8, 2), (10, 2)])"
11,13,46,0.0017485618591308594,0.004458904266357422,0.006207466125488281,0.07209014892578125,"(Vertices: [0, 1, 2, 3, 4, 5, 6, 7, 8, 9, 10]) -- (Edges: [(9, 10), (0, 7), (10, 5), (2, 10), (8, 10), (9, 5), (0, 2), (8, 3), (2, 6), (10, 6), (0, 5), (10, 3), (10, 2)])"
11,11,1,0.0015034675598144531,0.0036187171936035156,0.005122184753417969,0.1206512451171875,"(Vertices: [0, 1, 2, 3, 4, 5, 6, 7, 8, 9, 10]) -- (Edges: [(0, 7), (9, 3), (8, 7), (0, 3), (0, 9), (9, 2), (0, 6), (2, 3), (1, 7), (2, 6), (3, 6)])"
11,21,46,0.00037407875061035156,0.0020220279693603516,0.002396106719970703,0.05797386169433594,"(Vertices: [0, 1, 2, 3, 4, 5, 6, 7, 8, 9, 10]) -- (Edges: [(4, 6), (9, 5), (0, 2), (10, 6), (0, 5), (10, 3), (1, 6), (1, 3), (4, 5), (3, 6), (8, 2), (10, 2), (0, 1), (9, 10), (0, 4), (2, 10), (6, 7), (9, 3), (10, 4), (10, 7), (2, 6)])"
11,21,1,0.0011200904846191406,0.00449371337890625,0.005613803863525391,0.1206512451171875,"(Vertices: [0, 1, 2, 3, 4, 5, 6, 7, 8, 9, 10]) -- (Edges: [(3, 4), (9, 2), (5, 7), (1, 6), (3, 6), (9, 7), (8, 5), (0, 1), (9, 10), (2, 4), (10, 5), (0, 4), (6, 7), (4, 7), (3, 5), (8, 4), (9, 3), (10, 4), (9, 6), (0, 6), (2, 3)])"
11,19,46,0.0009777545928955078,0.0037088394165039062,0.004686594009399414,0.05797386169433594,"(Vertices: [0, 1, 2, 3, 4, 5, 6, 7, 8, 9, 10]) -- (Edges: [(3, 4), (8, 0), (9, 5), (0, 2), (8, 3), (8, 9), (10, 3), (0, 8), (1, 3), (1, 9), (9, 1), (9, 7), (9, 10), (0, 7), (2, 4), (0, 4), (8, 1), (1, 4), (1, 10)])"
11,19,1,0.0013430118560791016,0.004326581954956055,0.005669593811035156,0.1206512451171875,"(Vertices: [0, 1, 2, 3, 4, 5, 6, 7, 8, 9, 10]) -- (Edges: [(4, 6), (9, 2), (0, 2), (8, 9), (5, 6), (3, 6), (8, 2), (8, 5), (2, 4), (10, 5), (0, 4), (0, 10), (6, 7), (3, 5), (10, 4), (0, 3), (1, 4), (2, 6), (1, 10)])"
11,14,46,0.0003352165222167969,0.0022974014282226562,0.002632617950439453,0.05797386169433594,"(Vertices: [0, 1, 2, 3, 4, 5, 6, 7, 8, 9, 10]) -- (Edges: [(2, 4), (8, 4), (3, 7), (1, 4), (0, 6), (9, 5), (6, 7), (8, 9), (2, 6), (1, 10), (8, 6), (1, 6), (2, 5), (8, 2)])"
11,24,1,0.0038399696350097656,0.004544973373413086,0.008384943008422852,0.15041542053222656,"(Vertices: [0, 1, 2, 3, 4, 5, 6, 7, 8, 9, 10]) -- (Edges: [(3, 7), (0, 2), (8, 3), (1, 6), (2, 5), (1, 9), (8, 2), (9, 1), (8, 5), (0, 1), (9, 10), (2, 4), (0, 4), (6, 7), (8, 4), (9, 3), (8, 1), (0, 3), (0, 9), (1, 4), (0, 6), (2, 3), (2, 6), (1, 10)])"
11,21,46,0.00109100341796875,0.003682851791381836,0.004773855209350586,0.05797386169433594,"(Vertices: [0, 1, 2, 3, 4, 5, 6, 7, 8, 9, 10]) -- (Edges: [(3, 7), (4, 6), (9, 2), (8, 3), (10, 3), (1, 9), (4, 5), (8, 2), (9, 1), (9, 7), (10, 2), (2, 4), (1, 2), (0, 4), (0, 10), (2, 10), (6, 7), (4, 7), (8, 7), (10, 7), (1, 10)])"
11,24,1,0.01965022087097168,0.00757598876953125,0.02722620964050293,0.5338611602783203,"(Vertices: [0, 1, 2, 3, 4, 5, 6, 7, 8, 9, 10]) -- (Edges: [(3, 4), (9, 2), (9, 5), (8, 9), (8, 6), (10, 3), (1, 9), (4, 5), (3, 6), (9, 1), (9, 4), (0, 7), (1, 2), (2, 7), (1, 5), (3, 5), (8, 4), (9, 3), (8, 1), (10, 4), (9, 6), (0, 3), (10, 7), (2, 6)])"
11,18,46,0.0019910335540771484,0.004488945007324219,0.006479978561401367,0.0750570297241211,"(Vertices: [0, 1, 2, 3, 4, 5, 6, 7, 8, 9, 10]) -- (Edges: [(0, 7), (0, 4), (3, 4), (8, 7), (2, 10), (4, 6), (0, 9), (9, 2), (1, 4), (0, 6), (8, 0), (6, 7), (8, 2), (0, 8), (9, 7), (8, 5), (10, 2), (9, 4)])"
11,14,1,0.013553619384765625,0.01155996322631836,0.025113582611083984,0.35571956634521484,"(Vertices: [0, 1, 2, 3, 4, 5, 6, 7, 8, 9, 10]) -- (Edges: [(0, 1), (0, 7), (10, 5), (0, 10), (2, 7), (0, 9), (1, 4), (6, 7), (3, 6), (1, 10), (10, 3), (1, 6), (9, 7), (3, 5)])"
11,18,46,0.0024645328521728516,0.004519939422607422,0.0069844722747802734,0.07506752014160156,"(Vertices: [0, 1, 2, 3, 4, 5, 6, 7, 8, 9, 10]) -- (Edges: [(9, 10), (0, 4), (8, 1), (1, 5), (9, 6), (0, 3), (4, 6), (9, 2), (5, 7), (8, 5), (10, 7), (6, 7), (0, 2), (4, 5), (0, 5), (9, 1), (2, 5), (1, 9)])"
11,24,1,0.02109217643737793,0.010906219482421875,0.031998395919799805,0.5383186340332031,"(Vertices: [0, 1, 2, 3, 4, 5, 6, 7, 8, 9, 10]) -- (Edges: [(3, 4), (3, 7), (4, 6), (9, 2), (8, 0), (0, 5), (10, 3), (0, 8), (2, 5), (1, 9), (9, 1), (9, 7), (8, 5), (10, 2), (2, 4), (0, 4), (1, 5), (2, 10), (4, 7), (8, 7), (10, 4), (9, 6), (10, 7), (1, 7)])"
11,21,46,0.0018377304077148438,0.004961967468261719,0.0067996978759765625,0.0750436782836914,"(Vertices: [0, 1, 2, 3, 4, 5, 6, 7, 8, 9, 10]) -- (Edges: [(3, 4), (5, 7), (8, 0), (0, 5), (10, 3), (1, 6), (0, 8), (2, 5), (1, 3), (3, 6), (8, 2), (10, 2), (9, 10), (1, 2), (2, 10), (3, 5), (10, 4), (0, 3), (2, 3), (1, 7), (2, 6)])"
11,14,1,0.013422489166259766,0.011062860488891602,0.024485349655151367,0.35536766052246094,"(Vertices: [0, 1, 2, 3, 4, 5, 6, 7, 8, 9, 10]) -- (Edges: [(10, 5), (9, 7), (0, 4), (0, 10), (2, 10), (0, 3), (0, 9), (0, 6), (2, 3), (8, 9), (3, 6), (2, 5), (1, 3), (10, 2)])"
11,21,46,0.001979351043701172,0.0047838687896728516,0.0067632198333740234,0.07505416870117188,"(Vertices: [0, 1, 2, 3, 4, 5, 6, 7, 8, 9, 10]) -- (Edges: [(4, 6), (9, 2), (5, 7), (8, 0), (0, 5), (0, 8), (1, 3), (4, 5), (3, 6), (9, 7), (8, 5), (0, 7), (1, 2), (6, 7), (8, 4), (8, 7), (10, 4), (0, 3), (10, 7), (1, 7), (2, 6)])"
11,18,1,0.017903566360473633,0.013870716094970703,0.031774282455444336,0.4341878890991211,"(Vertices: [0, 1, 2, 3, 4, 5, 6, 7, 8, 9, 10]) -- (Edges: [(10, 5), (8, 4), (0, 10), (8, 1), (3, 7), (0, 3), (0, 9), (4, 6), (10, 7), (8, 5), (2, 3), (8, 0), (0, 2), (1, 7), (8, 6), (0, 8), (9, 7), (4, 7)])"
11,26,46,0.002035856246948242,0.004874229431152344,0.006910085678100586,0.07338333129882812,"(Vertices: [0, 1, 2, 3, 4, 5, 6, 7, 8, 9, 10]) -- (Edges: [(3, 7), (5, 7), (9, 5), (0, 2), (8, 9), (1, 6), (1, 3), (1, 9), (9, 1), (9, 7), (10, 2), (9, 10), (2, 4), (10, 5), (0, 4), (0, 10), (2, 7), (2, 10), (6, 7), (4, 7), (3, 5), (0, 3), (8, 10), (1, 4), (1, 7), (2, 6)])"
11,13,1,0.01283407211303711,0.004928112030029297,0.017762184143066406,0.33866310119628906,"(Vertices: [0, 1, 2, 3, 4, 5, 6, 7, 8, 9, 10]) -- (Edges: [(9, 10), (1, 2), (2, 7), (3, 7), (0, 9), (9, 2), (5, 7), (0, 6), (10, 7), (8, 3), (1, 6), (3, 5), (9, 4)])"
11,13,46,0.0025658607482910156,0.0033066272735595703,0.005872488021850586,0.07346534729003906,"(Vertices: [0, 1, 2, 3, 4, 5, 6, 7, 8, 9, 10]) -- (Edges: [(0, 7), (8, 1), (8, 7), (8, 10), (9, 2), (8, 3), (8, 9), (5, 6), (8, 2), (2, 5), (9, 7), (4, 7), (3, 5)])"
11,21,1,0.00130462646484375,0.003308534622192383,0.004613161087036133,0.1206512451171875,"(Vertices: [0, 1, 2, 3, 4, 5, 6, 7, 8, 9, 10]) -- (Edges: [(9, 2), (0, 2), (10, 6), (0, 5), (2, 5), (1, 3), (4, 5), (5, 6), (8, 2), (9, 7), (10, 2), (0, 7), (0, 4), (2, 7), (2, 10), (6, 7), (3, 5), (8, 4), (0, 9), (1, 4), (0, 6)])"
11,16,46,0.00043272972106933594,0.002399444580078125,0.002832174301147461,0.05797386169433594,"(Vertices: [0, 1, 2, 3, 4, 5, 6, 7, 8, 9, 10]) -- (Edges: [(2, 4), (0, 10), (2, 7), (8, 1), (8, 7), (9, 6), (0, 3), (10, 7), (0, 6), (2, 3), (0, 2), (1, 7), (4, 5), (9, 7), (3, 5), (9, 4)])"
11,17,1,0.003936767578125,0.0027496814727783203,0.00668644905090332,0.14788246154785156,"(Vertices: [0, 1, 2, 3, 4, 5, 6, 7, 8, 9, 10]) -- (Edges: [(9, 10), (0, 7), (0, 10), (3, 4), (8, 1), (0, 6), (4, 7), (6, 7), (0, 2), (8, 3), (4, 5), (10, 6), (8, 9), (9, 1), (2, 5), (1, 9), (3, 5)])"
11,19,46,0.00038909912109375,0.002168416976928711,0.002557516098022461,0.05797386169433594,"(Vertices: [0, 1, 2, 3, 4, 5, 6, 7, 8, 9, 10]) -- (Edges: [(3, 4), (4, 6), (4, 5), (3, 6), (9, 10), (2, 4), (1, 2), (0, 4), (0, 10), (10, 5), (6, 7), (4, 7), (8, 4), (8, 1), (0, 3), (0, 9), (2, 3), (1, 7), (2, 6)])"
11,22,1,0.018896102905273438,0.0146942138671875,0.03359031677246094,0.5055952072143555,"(Vertices: [0, 1, 2, 3, 4, 5, 6, 7, 8, 9, 10]) -- (Edges: [(3, 7), (5, 7), (8, 0), (9, 5), (8, 9), (10, 6), (1, 6), (0, 8), (1, 9), (8, 2), (9, 1), (9, 7), (8, 5), (0, 1), (10, 5), (1, 2), (1, 5), (4, 7), (8, 7), (8, 10), (1, 4), (1, 10)])"
11,13,46,0.0015764236450195312,0.003675222396850586,0.005251646041870117,0.07209587097167969,"(Vertices: [0, 1, 2, 3, 4, 5, 6, 7, 8, 9, 10]) -- (Edges: [(0, 1), (1, 2), (9, 6), (4, 6), (0, 9), (8, 0), (2, 3), (2, 6), (0, 5), (1, 6), (0, 8), (9, 1), (1, 9)])"
11,21,1,0.0008983612060546875,0.004027366638183594,0.004925727844238281,0.1206512451171875,"(Vertices: [0, 1, 2, 3, 4, 5, 6, 7, 8, 9, 10]) -- (Edges: [(3, 4), (3, 7), (9, 2), (8, 3), (8, 9), (0, 5), (1, 6), (2, 5), (5, 6), (10, 2), (9, 4), (0, 1), (9, 10), (0, 10), (1, 5), (2, 10), (8, 1), (9, 6), (10, 7), (2, 3), (2, 6)])"
11,22,46,0.0004405975341796875,0.002288818359375,0.0027294158935546875,0.05790996551513672,"(Vertices: [0, 1, 2, 3, 4, 5, 6, 7, 8, 9, 10]) -- (Edges: [(3, 4), (3, 7), (8, 0), (0, 2), (8, 6), (10, 3), (0, 8), (1, 3), (4, 5), (8, 2), (9, 10), (0, 7), (0, 4), (0, 10), (1, 5), (4, 7), (3, 5), (10, 4), (0, 9), (1, 4), (1, 7), (1, 10)])"
11,16,1,0.0012507438659667969,0.0031499862670898438,0.004400730133056641,0.1206512451171875,"(Vertices: [0, 1, 2, 3, 4, 5, 6, 7, 8, 9, 10]) -- (Edges: [(2, 4), (0, 4), (3, 4), (8, 4), (8, 1), (9, 6), (2, 3), (0, 2), (8, 3), (4, 5), (5, 6), (1, 10), (0, 5), (8, 6), (10, 3), (3, 5)])"
11,15,46,0.0008406639099121094,0.003340005874633789,0.0041806697845458984,0.05797386169433594,"(Vertices: [0, 1, 2, 3, 4, 5, 6, 7, 8, 9, 10]) -- (Edges: [(0, 7), (0, 10), (8, 7), (3, 7), (0, 3), (0, 9), (10, 7), (2, 3), (8, 3), (4, 5), (2, 6), (10, 6), (10, 3), (9, 7), (8, 5)])"
11,20,1,0.0022552013397216797,0.004545688629150391,0.00680088996887207,0.14610671997070312,"(Vertices: [0, 1, 2, 3, 4, 5, 6, 7, 8, 9, 10]) -- (Edges: [(5, 7), (8, 0), (0, 2), (8, 3), (8, 6), (10, 3), (0, 8), (1, 9), (9, 1), (10, 2), (9, 10), (10, 5), (1, 5), (2, 10), (9, 3), (8, 1), (8, 7), (10, 4), (0, 9), (2, 3)])"
11,17,46,0.0004267692565917969,0.0028166770935058594,0.0032434463500976562,0.05797386169433594,"(Vertices: [0, 1, 2, 3, 4, 5, 6, 7, 8, 9, 10]) -- (Edges: [(0, 7), (1, 2), (8, 4), (2, 7), (8, 7), (10, 4), (0, 9), (10, 7), (1, 4), (5, 7), (0, 2), (8, 3), (2, 6), (10, 6), (1, 10), (10, 3), (9, 7)])"
11,24,1,0.002539396286010742,0.003562450408935547,0.006101846694946289,0.14942550659179688,"(Vertices: [0, 1, 2, 3, 4, 5, 6, 7, 8, 9, 10]) -- (Edges: [(4, 6), (9, 5), (8, 3), (1, 6), (1, 3), (1, 9), (4, 5), (3, 6), (8, 2), (9, 1), (10, 2), (9, 4), (10, 5), (1, 2), (0, 4), (2, 10), (3, 5), (8, 1), (0, 3), (10, 7), (1, 4), (0, 6), (2, 6), (1, 10)])"
11,22,46,0.0008094310760498047,0.0035009384155273438,0.0043103694915771484,0.05790996551513672,"(Vertices: [0, 1, 2, 3, 4, 5, 6, 7, 8, 9, 10]) -- (Edges: [(3, 4), (9, 2), (8, 0), (0, 2), (8, 9), (10, 6), (8, 6), (10, 3), (0, 8), (2, 5), (4, 5), (8, 2), (8, 5), (0, 1), (1, 2), (2, 7), (1, 5), (6, 7), (0, 3), (0, 6), (1, 7), (2, 6)])"
11,20,1,0.018982648849487305,0.013982534408569336,0.03296518325805664,0.4765625,"(Vertices: [0, 1, 2, 3, 4, 5, 6, 7, 8, 9, 10]) -- (Edges: [(0, 2), (0, 5), (10, 3), (8, 6), (2, 5), (4, 5), (8, 2), (9, 7), (9, 10), (0, 7), (10, 5), (1, 2), (0, 4), (6, 7), (3, 5), (8, 4), (8, 7), (8, 10), (1, 7), (2, 6)])"
11,25,46,0.0024797916412353516,0.003398418426513672,0.0058782100677490234,0.07210445404052734,"(Vertices: [0, 1, 2, 3, 4, 5, 6, 7, 8, 9, 10]) -- (Edges: [(3, 4), (8, 0), (9, 5), (8, 9), (0, 5), (0, 8), (1, 9), (4, 5), (5, 6), (9, 1), (9, 7), (10, 2), (9, 4), (9, 10), (2, 4), (0, 4), (2, 10), (8, 4), (9, 3), (10, 4), (0, 3), (0, 9), (10, 7), (8, 10), (1, 7)])"
12,27,1,0.001094818115234375,0.003404378890991211,0.004499197006225586,0.12086963653564453,"(Vertices: [0, 1, 2, 3, 4, 5, 6, 7, 8, 9, 10, 11]) -- (Edges: [(8, 0), (9, 5), (0, 5), (10, 3), (1, 6), (0, 8), (1, 9), (4, 5), (3, 6), (9, 1), (9, 7), (0, 7), (2, 4), (10, 11), (0, 4), (1, 5), (3, 5), (9, 3), (8, 1), (10, 4), (9, 6), (8, 10), (10, 7), (1, 4), (11, 6), (2, 3), (1, 10)])"
12,28,64,0.0009717941284179688,0.0037152767181396484,0.004687070846557617,0.05819988250732422,"(Vertices: [0, 1, 2, 3, 4, 5, 6, 7, 8, 9, 10, 11]) -- (Edges: [(0, 2), (8, 3), (8, 9), (11, 5), (10, 3), (1, 6), (9, 11), (1, 9), (0, 11), (4, 5), (3, 6), (9, 1), (9, 7), (8, 11), (9, 10), (11, 7), (10, 5), (0, 10), (6, 7), (4, 7), (3, 11), (9, 3), (8, 1), (10, 4), (11, 3), (8, 10), (2, 6), (1, 10)])"
12,30,1,0.0008111000061035156,0.003709077835083008,0.0045201778411865234,0.12086963653564453,"(Vertices: [0, 1, 2, 3, 4, 5, 6, 7, 8, 9, 10, 11]) -- (Edges: [(9, 2), (5, 7), (0, 2), (8, 3), (10, 6), (0, 5), (11, 5), (8, 6), (1, 6), (9, 11), (2, 11), (1, 9), (4, 5), (3, 6), (8, 2), (9, 1), (8, 11), (10, 2), (0, 7), (2, 4), (10, 5), (11, 7), (2, 7), (1, 11), (2, 10), (8, 4), (10, 4), (0, 3), (10, 7), (1, 7)])"
12,27,64,0.0004456043243408203,0.0019838809967041016,0.002429485321044922,0.058135986328125,"(Vertices: [0, 1, 2, 3, 4, 5, 6, 7, 8, 9, 10, 11]) -- (Edges: [(4, 6), (9, 2), (0, 2), (8, 3), (10, 6), (8, 6), (3, 6), (8, 2), (9, 7), (11, 4), (10, 2), (0, 1), (0, 7), (10, 5), (1, 2), (1, 11), (2, 10), (4, 7), (3, 11), (8, 1), (8, 7), (0, 3), (11, 3), (1, 4), (0, 6), (11, 6), (2, 6)])"
12,16,1,0.0009284019470214844,0.0034439563751220703,0.004372358322143555,0.12086963653564453,"(Vertices: [0, 1, 2, 3, 4, 5, 6, 7, 8, 9, 10, 11]) -- (Edges: [(0, 1), (0, 4), (10, 2), (1, 11), (8, 7), (2, 10), (0, 9), (4, 7), (0, 2), (2, 6), (5, 6), (10, 6), (9, 11), (9, 1), (1, 9), (8, 11)])"
12,18,64,0.0011835098266601562,0.0030515193939208984,0.004235029220581055,0.05819988250732422,"(Vertices: [0, 1, 2, 3, 4, 5, 6, 7, 8, 9, 10, 11]) -- (Edges: [(0, 1), (2, 4), (10, 11), (0, 4), (8, 1), (8, 7), (3, 7), (0, 3), (0, 9), (2, 3), (8, 3), (8, 9), (5, 6), (11, 5), (8, 11), (1, 6), (1, 3), (0, 11)])"
12,24,1,0.022546768188476562,0.013435125350952148,0.03598189353942871,0.5530691146850586,"(Vertices: [0, 1, 2, 3, 4, 5, 6, 7, 8, 9, 10, 11]) -- (Edges: [(9, 5), (8, 9), (0, 5), (10, 3), (1, 6), (2, 11), (5, 6), (8, 2), (8, 5), (0, 7), (1, 2), (0, 10), (1, 5), (6, 7), (3, 5), (3, 11), (8, 4), (9, 3), (0, 3), (11, 3), (10, 7), (8, 10), (2, 3), (2, 6)])"
12,21,64,0.002020120620727539,0.00500178337097168,0.007021903991699219,0.0752115249633789,"(Vertices: [0, 1, 2, 3, 4, 5, 6, 7, 8, 9, 10, 11]) -- (Edges: [(4, 6), (5, 7), (8, 0), (9, 11), (0, 8), (1, 3), (5, 6), (8, 11), (10, 2), (0, 4), (1, 5), (2, 10), (6, 7), (3, 11), (8, 7), (0, 3), (0, 9), (11, 3), (8, 10), (2, 3), (2, 6)])"
12,20,1,0.0013158321380615234,0.0034143924713134766,0.004730224609375,0.12086963653564453,"(Vertices: [0, 1, 2, 3, 4, 5, 6, 7, 8, 9, 10, 11]) -- (Edges: [(0, 2), (8, 6), (10, 3), (2, 5), (2, 11), (0, 11), (4, 5), (10, 5), (1, 2), (0, 10), (2, 7), (3, 5), (3, 11), (9, 3), (8, 1), (9, 6), (11, 3), (10, 7), (0, 6), (11, 6)])"
12,24,64,0.00041294097900390625,0.002089977264404297,0.002502918243408203,0.05819988250732422,"(Vertices: [0, 1, 2, 3, 4, 5, 6, 7, 8, 9, 10, 11]) -- (Edges: [(1, 6), (2, 5), (2, 11), (1, 3), (1, 9), (4, 5), (9, 1), (9, 7), (9, 4), (0, 1), (0, 7), (9, 10), (1, 5), (1, 11), (4, 7), (3, 5), (3, 11), (8, 4), (8, 1), (8, 7), (11, 3), (0, 9), (8, 10), (2, 6)])"
12,28,1,0.0010614395141601562,0.003504037857055664,0.00456547737121582,0.12080574035644531,"(Vertices: [0, 1, 2, 3, 4, 5, 6, 7, 8, 9, 10, 11]) -- (Edges: [(3, 7), (9, 2), (8, 0), (0, 2), (8, 3), (0, 5), (8, 6), (1, 6), (0, 8), (2, 5), (1, 3), (4, 5), (5, 6), (3, 6), (10, 2), (10, 11), (1, 5), (1, 11), (2, 10), (3, 5), (3, 11), (8, 4), (9, 3), (10, 4), (11, 3), (0, 9), (1, 7), (2, 6)])"
12,27,64,0.0005140304565429688,0.0032951831817626953,0.003809213638305664,0.05819988250732422,"(Vertices: [0, 1, 2, 3, 4, 5, 6, 7, 8, 9, 10, 11]) -- (Edges: [(4, 6), (8, 0), (9, 5), (0, 2), (8, 9), (10, 6), (11, 5), (10, 3), (9, 11), (0, 8), (0, 11), (3, 6), (11, 4), (10, 2), (9, 4), (0, 1), (0, 7), (2, 4), (11, 7), (1, 5), (2, 10), (8, 4), (9, 3), (8, 1), (0, 9), (1, 4), (1, 7)])"
12,19,1,0.0009481906890869141,0.0033159255981445312,0.004264116287231445,0.12086963653564453,"(Vertices: [0, 1, 2, 3, 4, 5, 6, 7, 8, 9, 10, 11]) -- (Edges: [(8, 3), (8, 6), (9, 11), (1, 6), (1, 3), (2, 11), (3, 6), (8, 5), (8, 11), (9, 4), (0, 1), (0, 7), (10, 11), (0, 4), (0, 10), (1, 11), (4, 7), (1, 4), (0, 6)])"
12,26,64,0.0011529922485351562,0.0034568309783935547,0.004609823226928711,0.05819988250732422,"(Vertices: [0, 1, 2, 3, 4, 5, 6, 7, 8, 9, 10, 11]) -- (Edges: [(3, 4), (9, 2), (10, 6), (11, 5), (1, 6), (2, 11), (1, 3), (1, 9), (0, 11), (8, 2), (9, 1), (9, 4), (0, 1), (0, 7), (9, 10), (1, 2), (0, 10), (6, 7), (4, 7), (3, 5), (3, 11), (8, 1), (11, 3), (0, 9), (2, 6), (1, 10)])"
12,23,1,0.0007848739624023438,0.0033524036407470703,0.004137277603149414,0.12086963653564453,"(Vertices: [0, 1, 2, 3, 4, 5, 6, 7, 8, 9, 10, 11]) -- (Edges: [(3, 7), (9, 5), (0, 2), (8, 3), (10, 6), (10, 3), (9, 11), (2, 11), (1, 3), (1, 9), (5, 6), (9, 1), (9, 7), (8, 5), (0, 1), (10, 11), (2, 7), (6, 7), (8, 4), (8, 7), (0, 9), (8, 10), (0, 6)])"
12,27,64,0.0004150867462158203,0.0032165050506591797,0.003631591796875,0.05819988250732422,"(Vertices: [0, 1, 2, 3, 4, 5, 6, 7, 8, 9, 10, 11]) -- (Edges: [(5, 7), (8, 0), (0, 2), (8, 3), (1, 6), (0, 8), (2, 5), (2, 11), (5, 6), (9, 7), (10, 2), (9, 4), (0, 1), (0, 7), (2, 4), (10, 5), (9, 10), (0, 10), (1, 5), (1, 11), (2, 10), (3, 5), (8, 7), (9, 6), (0, 9), (0, 6), (1, 7)])"
12,23,1,0.0014002323150634766,0.004335165023803711,0.0057353973388671875,0.12086963653564453,"(Vertices: [0, 1, 2, 3, 4, 5, 6, 7, 8, 9, 10, 11]) -- (Edges: [(3, 4), (4, 6), (5, 7), (9, 5), (10, 6), (0, 5), (10, 3), (9, 11), (1, 9), (5, 6), (8, 2), (9, 1), (8, 11), (9, 10), (0, 10), (2, 7), (1, 5), (9, 6), (8, 10), (1, 4), (0, 6), (1, 7), (1, 10)])"
12,23,64,0.0004115104675292969,0.0021567344665527344,0.0025682449340820312,0.05819988250732422,"(Vertices: [0, 1, 2, 3, 4, 5, 6, 7, 8, 9, 10, 11]) -- (Edges: [(3, 7), (4, 6), (5, 7), (9, 5), (8, 9), (10, 6), (11, 5), (8, 6), (2, 11), (4, 5), (5, 6), (9, 7), (9, 10), (10, 11), (0, 4), (2, 7), (1, 5), (1, 11), (3, 11), (8, 7), (10, 4), (11, 3), (2, 6)])"
12,18,1,0.001111745834350586,0.0040378570556640625,0.0051496028900146484,0.12086963653564453,"(Vertices: [0, 1, 2, 3, 4, 5, 6, 7, 8, 9, 10, 11]) -- (Edges: [(0, 1), (0, 7), (2, 4), (10, 11), (3, 4), (8, 7), (3, 7), (4, 6), (0, 9), (11, 6), (10, 3), (8, 3), (8, 9), (0, 5), (3, 6), (9, 11), (1, 3), (9, 4)])"
12,22,64,0.0007469654083251953,0.0036776065826416016,0.004424571990966797,0.05819988250732422,"(Vertices: [0, 1, 2, 3, 4, 5, 6, 7, 8, 9, 10, 11]) -- (Edges: [(3, 4), (11, 5), (10, 3), (8, 6), (1, 6), (1, 9), (4, 5), (9, 1), (10, 2), (9, 10), (0, 7), (10, 5), (1, 2), (0, 10), (1, 11), (2, 10), (3, 5), (9, 3), (8, 7), (9, 6), (0, 3), (0, 9)])"
12,22,1,0.0011646747589111328,0.0041124820709228516,0.005277156829833984,0.12080574035644531,"(Vertices: [0, 1, 2, 3, 4, 5, 6, 7, 8, 9, 10, 11]) -- (Edges: [(3, 4), (5, 7), (8, 0), (8, 9), (8, 6), (10, 3), (0, 8), (2, 5), (2, 11), (1, 9), (4, 5), (8, 2), (9, 1), (9, 4), (0, 7), (1, 2), (0, 4), (8, 7), (10, 7), (11, 6), (2, 3), (2, 6)])"
12,22,64,0.0006022453308105469,0.004157066345214844,0.004759311676025391,0.05819988250732422,"(Vertices: [0, 1, 2, 3, 4, 5, 6, 7, 8, 9, 10, 11]) -- (Edges: [(3, 4), (3, 7), (9, 2), (9, 5), (0, 2), (8, 6), (10, 3), (1, 3), (2, 11), (3, 6), (8, 2), (10, 2), (9, 4), (0, 4), (2, 7), (2, 10), (3, 11), (9, 3), (11, 3), (0, 6), (1, 7), (2, 6)])"
12,34,1,0.0010409355163574219,0.0034596920013427734,0.004500627517700195,0.12086963653564453,"(Vertices: [0, 1, 2, 3, 4, 5, 6, 7, 8, 9, 10, 11]) -- (Edges: [(3, 7), (9, 2), (5, 7), (8, 0), (0, 2), (8, 3), (10, 6), (0, 5), (8, 6), (0, 8), (2, 5), (1, 3), (1, 9), (8, 2), (9, 1), (0, 1), (0, 7), (10, 5), (1, 2), (11, 7), (10, 11), (6, 7), (4, 7), (3, 5), (8, 4), (9, 3), (8, 7), (9, 6), (0, 3), (0, 9), (8, 10), (1, 4), (2, 3), (1, 7)])"
12,27,64,0.0004050731658935547,0.002351045608520508,0.0027561187744140625,0.05819988250732422,"(Vertices: [0, 1, 2, 3, 4, 5, 6, 7, 8, 9, 10, 11]) -- (Edges: [(5, 7), (8, 3), (8, 9), (10, 6), (2, 11), (1, 3), (1, 9), (3, 6), (8, 2), (9, 1), (9, 7), (11, 4), (9, 4), (11, 7), (10, 5), (10, 11), (2, 7), (3, 11), (8, 4), (9, 3), (10, 4), (0, 3), (0, 9), (11, 3), (1, 4), (11, 6), (8, 10)])"
12,17,1,0.01374053955078125,0.0037512779235839844,0.017491817474365234,0.37127208709716797,"(Vertices: [0, 1, 2, 3, 4, 5, 6, 7, 8, 9, 10, 11]) -- (Edges: [(0, 7), (0, 4), (10, 2), (8, 7), (2, 10), (9, 6), (8, 10), (1, 4), (6, 7), (4, 5), (8, 9), (5, 6), (1, 10), (8, 6), (8, 2), (2, 11), (8, 11)])"
12,31,64,0.0022847652435302734,0.004567146301269531,0.006851911544799805,0.07657337188720703,"(Vertices: [0, 1, 2, 3, 4, 5, 6, 7, 8, 9, 10, 11]) -- (Edges: [(4, 6), (9, 2), (9, 5), (0, 2), (8, 9), (11, 5), (10, 3), (1, 6), (1, 9), (0, 11), (5, 6), (9, 1), (11, 4), (8, 11), (9, 4), (9, 10), (0, 7), (11, 7), (1, 2), (10, 11), (2, 7), (1, 5), (1, 11), (3, 5), (8, 4), (9, 3), (8, 7), (10, 4), (10, 7), (1, 4), (11, 6)])"
12,24,1,0.018740415573120117,0.009198427200317383,0.0279388427734375,0.5218143463134766,"(Vertices: [0, 1, 2, 3, 4, 5, 6, 7, 8, 9, 10, 11]) -- (Edges: [(3, 4), (0, 2), (10, 6), (11, 5), (1, 6), (2, 5), (1, 9), (5, 6), (9, 1), (0, 1), (2, 4), (10, 5), (10, 11), (0, 10), (1, 5), (1, 11), (6, 7), (8, 4), (8, 7), (9, 6), (8, 10), (2, 3), (1, 7), (1, 10)])"
12,23,64,0.0017604827880859375,0.004219532012939453,0.005980014801025391,0.07661151885986328,"(Vertices: [0, 1, 2, 3, 4, 5, 6, 7, 8, 9, 10, 11]) -- (Edges: [(3, 7), (4, 6), (10, 6), (11, 5), (10, 3), (0, 11), (4, 5), (5, 6), (8, 2), (9, 4), (11, 7), (2, 4), (1, 2), (10, 11), (6, 7), (3, 5), (8, 1), (8, 7), (10, 4), (8, 10), (1, 4), (1, 7), (2, 6)])"
12,25,1,0.020082473754882812,0.01004934310913086,0.030131816864013672,0.5349140167236328,"(Vertices: [0, 1, 2, 3, 4, 5, 6, 7, 8, 9, 10, 11]) -- (Edges: [(5, 7), (8, 9), (0, 5), (10, 3), (11, 5), (8, 6), (2, 11), (1, 9), (0, 11), (5, 6), (9, 1), (8, 5), (0, 1), (11, 7), (9, 10), (2, 7), (1, 5), (8, 4), (10, 4), (8, 10), (10, 7), (1, 4), (2, 3), (1, 7), (1, 10)])"
12,21,64,0.0017848014831542969,0.003911018371582031,0.005695819854736328,0.07658958435058594,"(Vertices: [0, 1, 2, 3, 4, 5, 6, 7, 8, 9, 10, 11]) -- (Edges: [(8, 9), (10, 6), (11, 5), (2, 11), (1, 9), (9, 1), (9, 7), (11, 7), (2, 4), (1, 2), (10, 5), (10, 11), (2, 7), (1, 11), (9, 3), (8, 1), (8, 7), (0, 3), (0, 6), (11, 6), (1, 10)])"
12,21,1,0.0009052753448486328,0.003523111343383789,0.004428386688232422,0.12086963653564453,"(Vertices: [0, 1, 2, 3, 4, 5, 6, 7, 8, 9, 10, 11]) -- (Edges: [(4, 6), (5, 7), (8, 0), (11, 5), (8, 6), (0, 8), (2, 11), (0, 11), (5, 6), (3, 6), (0, 7), (2, 4), (1, 2), (0, 4), (10, 5), (1, 11), (6, 7), (8, 4), (0, 9), (11, 6), (2, 6)])"
12,27,64,0.0006737709045410156,0.0032148361206054688,0.0038886070251464844,0.05807209014892578,"(Vertices: [0, 1, 2, 3, 4, 5, 6, 7, 8, 9, 10, 11]) -- (Edges: [(3, 4), (4, 6), (8, 3), (10, 6), (0, 5), (2, 5), (2, 11), (0, 11), (8, 2), (8, 5), (8, 11), (9, 4), (9, 10), (10, 5), (2, 7), (1, 11), (4, 7), (3, 5), (10, 4), (9, 6), (0, 3), (8, 10), (10, 7), (11, 6), (1, 7), (2, 6), (1, 10)])"
12,18,1,0.0014240741729736328,0.0038509368896484375,0.00527501106262207,0.12086963653564453,"(Vertices: [0, 1, 2, 3, 4, 5, 6, 7, 8, 9, 10, 11]) -- (Edges: [(0, 1), (0, 7), (2, 4), (9, 7), (10, 11), (0, 10), (3, 4), (8, 1), (2, 10), (1, 4), (1, 7), (4, 5), (8, 6), (10, 3), (8, 2), (2, 5), (1, 3), (10, 2)])"
12,17,64,0.0009915828704833984,0.003414630889892578,0.0044062137603759766,0.05819988250732422,"(Vertices: [0, 1, 2, 3, 4, 5, 6, 7, 8, 9, 10, 11]) -- (Edges: [(11, 7), (2, 7), (9, 3), (1, 11), (8, 10), (0, 6), (6, 7), (0, 2), (8, 3), (2, 6), (4, 5), (10, 6), (8, 9), (9, 11), (1, 3), (11, 4), (0, 11)])"
12,26,1,0.0010340213775634766,0.003391742706298828,0.004425764083862305,0.12086963653564453,"(Vertices: [0, 1, 2, 3, 4, 5, 6, 7, 8, 9, 10, 11]) -- (Edges: [(3, 4), (8, 0), (9, 5), (8, 3), (10, 6), (0, 5), (11, 5), (1, 6), (0, 8), (2, 11), (0, 11), (4, 5), (5, 6), (8, 11), (9, 4), (10, 5), (1, 2), (2, 7), (3, 11), (9, 3), (8, 7), (11, 3), (10, 7), (11, 6), (1, 7), (2, 6)])"
12,30,64,0.0004363059997558594,0.003519773483276367,0.0039560794830322266,0.05819988250732422,"(Vertices: [0, 1, 2, 3, 4, 5, 6, 7, 8, 9, 10, 11]) -- (Edges: [(3, 4), (4, 6), (8, 3), (8, 9), (10, 6), (8, 6), (2, 5), (4, 5), (5, 6), (8, 2), (9, 7), (8, 5), (10, 2), (0, 7), (11, 7), (0, 4), (0, 10), (1, 5), (1, 11), (2, 10), (4, 7), (3, 11), (8, 4), (9, 3), (8, 1), (9, 6), (0, 3), (0, 9), (11, 3), (0, 6)])"
12,26,1,0.022628068923950195,0.01121377944946289,0.033841848373413086,0.5893001556396484,"(Vertices: [0, 1, 2, 3, 4, 5, 6, 7, 8, 9, 10, 11]) -- (Edges: [(3, 7), (0, 2), (8, 3), (8, 9), (1, 6), (9, 11), (2, 5), (0, 11), (9, 7), (9, 10), (11, 7), (10, 5), (10, 11), (0, 4), (2, 7), (6, 7), (4, 7), (3, 5), (3, 11), (8, 4), (9, 3), (8, 7), (11, 3), (0, 9), (8, 10), (1, 7)])"
12,18,64,0.0015747547149658203,0.0035104751586914062,0.0050852298736572266,0.07587909698486328,"(Vertices: [0, 1, 2, 3, 4, 5, 6, 7, 8, 9, 10, 11]) -- (Edges: [(11, 7), (10, 5), (1, 2), (9, 7), (0, 10), (2, 7), (8, 7), (3, 7), (8, 10), (9, 2), (10, 7), (1, 7), (1, 10), (3, 6), (8, 2), (2, 5), (1, 3), (9, 4)])"
12,21,1,0.018735885620117188,0.012840986251831055,0.03157687187194824,0.49921607971191406,"(Vertices: [0, 1, 2, 3, 4, 5, 6, 7, 8, 9, 10, 11]) -- (Edges: [(3, 4), (11, 5), (10, 3), (1, 6), (0, 11), (5, 6), (3, 6), (9, 7), (8, 5), (8, 11), (0, 1), (11, 7), (0, 4), (6, 7), (4, 7), (8, 10), (10, 7), (1, 4), (0, 6), (11, 6), (1, 7)])"
12,23,64,0.0017766952514648438,0.004659414291381836,0.00643610954284668,0.07522106170654297,"(Vertices: [0, 1, 2, 3, 4, 5, 6, 7, 8, 9, 10, 11]) -- (Edges: [(9, 2), (5, 7), (8, 3), (8, 9), (8, 6), (1, 6), (2, 5), (4, 5), (0, 1), (0, 7), (10, 5), (1, 2), (1, 5), (1, 11), (6, 7), (3, 5), (8, 1), (8, 7), (10, 7), (1, 4), (11, 6), (2, 6), (1, 10)])"
12,22,1,0.0015103816986083984,0.004063844680786133,0.005574226379394531,0.12080574035644531,"(Vertices: [0, 1, 2, 3, 4, 5, 6, 7, 8, 9, 10, 11]) -- (Edges: [(3, 7), (8, 3), (11, 5), (10, 3), (8, 6), (4, 5), (8, 2), (8, 11), (9, 4), (0, 1), (11, 7), (10, 2), (10, 11), (2, 10), (9, 3), (8, 1), (8, 7), (0, 9), (1, 4), (11, 6), (1, 7), (1, 10)])"
12,23,64,0.0004782676696777344,0.004708290100097656,0.005186557769775391,0.05819988250732422,"(Vertices: [0, 1, 2, 3, 4, 5, 6, 7, 8, 9, 10, 11]) -- (Edges: [(3, 4), (9, 5), (8, 3), (10, 6), (10, 3), (1, 9), (4, 5), (5, 6), (3, 6), (9, 1), (8, 11), (11, 7), (0, 4), (0, 10), (6, 7), (4, 7), (3, 11), (8, 4), (8, 1), (10, 4), (11, 3), (0, 9), (1, 4)])"
12,14,1,0.0008459091186523438,0.0035266876220703125,0.004372596740722656,0.12073230743408203,"(Vertices: [0, 1, 2, 3, 4, 5, 6, 7, 8, 9, 10, 11]) -- (Edges: [(9, 10), (2, 4), (1, 2), (8, 4), (10, 4), (9, 6), (1, 4), (8, 0), (1, 7), (4, 5), (3, 6), (1, 6), (0, 8), (8, 11)])"
12,28,64,0.00042939186096191406,0.0033791065216064453,0.0038084983825683594,0.05819988250732422,"(Vertices: [0, 1, 2, 3, 4, 5, 6, 7, 8, 9, 10, 11]) -- (Edges: [(9, 2), (5, 7), (8, 0), (0, 2), (10, 6), (8, 6), (10, 3), (1, 6), (0, 8), (1, 9), (4, 5), (8, 2), (9, 1), (9, 7), (8, 5), (0, 7), (10, 5), (11, 7), (0, 4), (10, 11), (2, 7), (3, 11), (8, 4), (0, 3), (11, 3), (8, 10), (11, 6), (2, 6)])"
12,25,1,0.020321369171142578,0.028841257095336914,0.04916262626647949,0.5347051620483398,"(Vertices: [0, 1, 2, 3, 4, 5, 6, 7, 8, 9, 10, 11]) -- (Edges: [(3, 4), (9, 2), (10, 6), (0, 5), (8, 6), (9, 11), (2, 5), (2, 11), (1, 9), (0, 11), (8, 2), (9, 1), (8, 11), (9, 4), (10, 2), (0, 10), (1, 5), (2, 10), (3, 11), (0, 3), (0, 9), (11, 3), (10, 7), (1, 7), (2, 6)])"
12,28,64,0.003256082534790039,0.003766775131225586,0.007022857666015625,0.07657337188720703,"(Vertices: [0, 1, 2, 3, 4, 5, 6, 7, 8, 9, 10, 11]) -- (Edges: [(3, 4), (3, 7), (9, 2), (9, 5), (8, 3), (10, 6), (0, 5), (10, 3), (9, 11), (2, 11), (1, 3), (1, 9), (0, 11), (5, 6), (9, 1), (11, 4), (9, 4), (0, 1), (11, 7), (8, 1), (9, 6), (0, 3), (0, 9), (10, 7), (1, 4), (0, 6), (8, 10), (2, 6)])"
12,28,1,0.0008993148803710938,0.0037088394165039062,0.004608154296875,0.12086963653564453,"(Vertices: [0, 1, 2, 3, 4, 5, 6, 7, 8, 9, 10, 11]) -- (Edges: [(3, 7), (5, 7), (8, 0), (10, 6), (10, 3), (0, 8), (1, 3), (2, 11), (0, 11), (3, 6), (8, 5), (8, 11), (11, 7), (10, 5), (1, 2), (0, 4), (1, 5), (6, 7), (4, 7), (3, 11), (8, 4), (10, 4), (11, 3), (0, 9), (10, 7), (8, 10), (1, 7), (1, 10)])"
12,28,64,0.0005686283111572266,0.00331878662109375,0.0038874149322509766,0.058135986328125,"(Vertices: [0, 1, 2, 3, 4, 5, 6, 7, 8, 9, 10, 11]) -- (Edges: [(3, 4), (8, 0), (9, 5), (8, 9), (0, 5), (11, 5), (0, 8), (2, 5), (2, 11), (5, 6), (8, 2), (9, 7), (11, 4), (0, 1), (0, 7), (11, 7), (1, 2), (9, 10), (0, 10), (1, 11), (6, 7), (3, 11), (0, 3), (0, 9), (11, 3), (10, 7), (2, 6), (1, 10)])"
12,23,1,0.020776033401489258,0.014510393142700195,0.03528642654418945,0.534912109375,"(Vertices: [0, 1, 2, 3, 4, 5, 6, 7, 8, 9, 10, 11]) -- (Edges: [(3, 7), (4, 6), (8, 0), (9, 5), (0, 2), (8, 3), (8, 6), (10, 3), (0, 8), (11, 4), (10, 2), (9, 4), (9, 10), (2, 4), (10, 11), (2, 7), (2, 10), (8, 1), (8, 7), (10, 4), (0, 9), (1, 7), (1, 10)])"
12,19,64,0.0027589797973632812,0.003912925720214844,0.006671905517578125,0.0752420425415039,"(Vertices: [0, 1, 2, 3, 4, 5, 6, 7, 8, 9, 10, 11]) -- (Edges: [(3, 4), (8, 0), (0, 2), (8, 9), (0, 8), (2, 5), (1, 3), (10, 2), (8, 11), (9, 10), (2, 4), (10, 11), (2, 10), (4, 7), (0, 3), (8, 10), (10, 7), (11, 6), (1, 7)])"
12,23,1,0.019989013671875,0.029543161392211914,0.049532175064086914,0.5395698547363281,"(Vertices: [0, 1, 2, 3, 4, 5, 6, 7, 8, 9, 10, 11]) -- (Edges: [(3, 7), (4, 6), (5, 7), (1, 6), (2, 5), (5, 6), (3, 6), (9, 7), (9, 4), (0, 7), (11, 7), (1, 2), (1, 5), (1, 11), (3, 5), (8, 1), (9, 6), (0, 3), (0, 9), (10, 7), (8, 10), (0, 6), (1, 10)])"
12,28,64,0.0019330978393554688,0.004464387893676758,0.0063974857330322266,0.0735464096069336,"(Vertices: [0, 1, 2, 3, 4, 5, 6, 7, 8, 9, 10, 11]) -- (Edges: [(3, 7), (8, 0), (0, 5), (11, 5), (9, 11), (0, 8), (2, 5), (1, 9), (0, 11), (8, 2), (9, 1), (8, 5), (11, 4), (9, 4), (9, 10), (1, 2), (10, 11), (1, 11), (6, 7), (8, 1), (8, 7), (9, 6), (0, 9), (8, 10), (1, 4), (1, 7), (2, 6), (1, 10)])"
12,29,1,0.0010938644409179688,0.003565073013305664,0.004658937454223633,0.12086963653564453,"(Vertices: [0, 1, 2, 3, 4, 5, 6, 7, 8, 9, 10, 11]) -- (Edges: [(3, 4), (3, 7), (9, 2), (5, 7), (8, 0), (9, 5), (8, 3), (8, 9), (0, 5), (10, 3), (1, 6), (0, 8), (1, 3), (1, 9), (4, 5), (3, 6), (8, 2), (9, 1), (11, 4), (10, 2), (0, 7), (2, 7), (1, 5), (1, 11), (2, 10), (6, 7), (8, 7), (0, 3), (2, 6)])"
12,20,64,0.0005831718444824219,0.003313779830932617,0.003896951675415039,0.05819988250732422,"(Vertices: [0, 1, 2, 3, 4, 5, 6, 7, 8, 9, 10, 11]) -- (Edges: [(4, 6), (9, 2), (9, 5), (1, 6), (2, 11), (1, 9), (5, 6), (9, 1), (9, 4), (9, 10), (1, 2), (0, 4), (1, 11), (4, 7), (8, 7), (10, 4), (9, 6), (0, 6), (1, 7), (2, 6)])"
12,20,1,0.01620960235595703,0.011687517166137695,0.027897119522094727,0.44214534759521484,"(Vertices: [0, 1, 2, 3, 4, 5, 6, 7, 8, 9, 10, 11]) -- (Edges: [(4, 6), (9, 2), (5, 7), (8, 0), (9, 5), (8, 3), (11, 5), (10, 3), (9, 11), (0, 8), (1, 9), (4, 5), (9, 1), (1, 2), (2, 7), (6, 7), (8, 4), (0, 3), (1, 4), (1, 10)])"
12,21,64,0.0024962425231933594,0.004535675048828125,0.007031917572021484,0.07515525817871094,"(Vertices: [0, 1, 2, 3, 4, 5, 6, 7, 8, 9, 10, 11]) -- (Edges: [(0, 2), (8, 3), (10, 6), (0, 5), (11, 5), (1, 6), (2, 5), (0, 11), (9, 7), (8, 11), (10, 2), (2, 4), (0, 10), (2, 7), (2, 10), (6, 7), (4, 7), (8, 4), (10, 7), (0, 6), (1, 7)])"
12,23,1,0.0012009143829345703,0.003646373748779297,0.004847288131713867,0.12080574035644531,"(Vertices: [0, 1, 2, 3, 4, 5, 6, 7, 8, 9, 10, 11]) -- (Edges: [(4, 6), (0, 2), (8, 9), (0, 5), (1, 6), (4, 5), (3, 6), (8, 2), (9, 7), (9, 4), (0, 7), (10, 5), (0, 4), (2, 7), (1, 5), (6, 7), (9, 3), (0, 9), (10, 7), (0, 6), (1, 7), (2, 6), (1, 10)])"
12,23,64,0.00041866302490234375,0.0024504661560058594,0.002869129180908203,0.05819988250732422,"(Vertices: [0, 1, 2, 3, 4, 5, 6, 7, 8, 9, 10, 11]) -- (Edges: [(5, 7), (11, 5), (9, 11), (2, 11), (0, 11), (3, 6), (9, 7), (10, 2), (9, 4), (1, 2), (0, 4), (2, 7), (2, 10), (6, 7), (8, 1), (0, 3), (0, 9), (10, 7), (1, 4), (11, 6), (2, 3), (8, 10), (2, 6)])"
12,29,1,0.02349400520324707,0.009615659713745117,0.03310966491699219,0.6165761947631836,"(Vertices: [0, 1, 2, 3, 4, 5, 6, 7, 8, 9, 10, 11]) -- (Edges: [(4, 6), (9, 2), (8, 0), (9, 5), (9, 11), (0, 8), (2, 5), (1, 3), (5, 6), (3, 6), (11, 4), (8, 5), (9, 4), (9, 10), (0, 7), (2, 4), (1, 2), (10, 5), (11, 7), (2, 7), (10, 11), (3, 5), (8, 1), (10, 4), (9, 6), (1, 4), (0, 6), (11, 6), (1, 10)])"
12,30,64,0.0019121170043945312,0.0036230087280273438,0.005535125732421875,0.07659149169921875,"(Vertices: [0, 1, 2, 3, 4, 5, 6, 7, 8, 9, 10, 11]) -- (Edges: [(3, 7), (9, 2), (5, 7), (0, 2), (10, 6), (0, 5), (9, 11), (2, 5), (2, 11), (1, 9), (3, 6), (8, 2), (9, 1), (9, 7), (11, 4), (10, 2), (0, 1), (0, 7), (10, 5), (10, 11), (1, 5), (2, 10), (4, 7), (8, 4), (8, 1), (8, 7), (10, 4), (9, 6), (8, 10), (1, 10)])"
12,27,1,0.0009679794311523438,0.004662275314331055,0.0056302547454833984,0.12086963653564453,"(Vertices: [0, 1, 2, 3, 4, 5, 6, 7, 8, 9, 10, 11]) -- (Edges: [(3, 4), (3, 7), (9, 2), (0, 2), (8, 3), (8, 9), (11, 5), (8, 6), (4, 5), (3, 6), (10, 2), (9, 4), (0, 7), (10, 5), (10, 11), (1, 5), (2, 10), (6, 7), (3, 5), (9, 3), (8, 1), (8, 7), (9, 6), (0, 3), (1, 4), (0, 6), (1, 10)])"
12,26,64,0.0004317760467529297,0.0020904541015625,0.0025222301483154297,0.05819988250732422,"(Vertices: [0, 1, 2, 3, 4, 5, 6, 7, 8, 9, 10, 11]) -- (Edges: [(4, 6), (9, 2), (0, 5), (10, 3), (11, 5), (1, 6), (9, 11), (0, 11), (4, 5), (3, 6), (9, 7), (8, 5), (10, 2), (0, 7), (2, 4), (1, 2), (2, 7), (1, 5), (1, 11), (2, 10), (6, 7), (10, 4), (9, 6), (11, 6), (2, 3), (1, 10)])"
12,25,1,0.020509719848632812,0.02247166633605957,0.04298138618469238,0.5364255905151367,"(Vertices: [0, 1, 2, 3, 4, 5, 6, 7, 8, 9, 10, 11]) -- (Edges: [(3, 7), (4, 6), (9, 2), (8, 0), (9, 5), (8, 9), (10, 6), (8, 6), (1, 6), (0, 8), (1, 9), (3, 6), (9, 1), (9, 4), (0, 1), (0, 7), (11, 7), (9, 10), (0, 4), (10, 11), (1, 11), (9, 6), (0, 3), (2, 3), (1, 7)])"
12,27,64,0.0016050338745117188,0.0037076473236083984,0.005312681198120117,0.07514190673828125,"(Vertices: [0, 1, 2, 3, 4, 5, 6, 7, 8, 9, 10, 11]) -- (Edges: [(3, 4), (3, 7), (5, 7), (9, 5), (8, 9), (10, 6), (0, 5), (8, 6), (1, 6), (2, 5), (3, 6), (8, 2), (9, 7), (8, 5), (10, 2), (9, 4), (0, 7), (10, 5), (0, 4), (2, 7), (2, 10), (3, 5), (3, 11), (9, 3), (11, 3), (0, 9), (10, 7)])"
12,19,1,0.016069889068603516,0.01085209846496582,0.026921987533569336,0.45156097412109375,"(Vertices: [0, 1, 2, 3, 4, 5, 6, 7, 8, 9, 10, 11]) -- (Edges: [(4, 6), (8, 3), (0, 5), (10, 3), (0, 11), (4, 5), (0, 7), (10, 5), (11, 7), (3, 5), (3, 11), (9, 3), (8, 1), (9, 6), (11, 3), (0, 9), (2, 3), (1, 7), (2, 6)])"
12,21,64,0.0018291473388671875,0.004018068313598633,0.00584721565246582,0.07228755950927734,"(Vertices: [0, 1, 2, 3, 4, 5, 6, 7, 8, 9, 10, 11]) -- (Edges: [(4, 6), (5, 7), (8, 0), (9, 5), (1, 6), (0, 8), (1, 3), (5, 6), (3, 6), (11, 4), (9, 4), (2, 4), (10, 5), (10, 11), (6, 7), (4, 7), (8, 4), (9, 3), (8, 1), (10, 7), (11, 6)])"
12,27,1,0.0013396739959716797,0.0037703514099121094,0.005110025405883789,0.1207418441772461,"(Vertices: [0, 1, 2, 3, 4, 5, 6, 7, 8, 9, 10, 11]) -- (Edges: [(5, 7), (9, 5), (8, 9), (0, 5), (8, 6), (2, 5), (0, 11), (4, 5), (9, 7), (8, 5), (9, 10), (11, 7), (10, 5), (1, 2), (0, 4), (0, 10), (1, 11), (6, 7), (4, 7), (3, 11), (9, 3), (9, 6), (11, 3), (8, 10), (0, 6), (11, 6), (1, 10)])"
12,19,64,0.0012576580047607422,0.0037462711334228516,0.005003929138183594,0.05819988250732422,"(Vertices: [0, 1, 2, 3, 4, 5, 6, 7, 8, 9, 10, 11]) -- (Edges: [(9, 2), (5, 7), (0, 2), (1, 3), (2, 11), (11, 4), (10, 2), (9, 4), (9, 10), (10, 5), (10, 11), (2, 10), (3, 5), (9, 3), (8, 1), (8, 7), (9, 6), (1, 4), (11, 6)])"
12,24,1,0.01974630355834961,0.01471400260925293,0.03446030616760254,0.5142374038696289,"(Vertices: [0, 1, 2, 3, 4, 5, 6, 7, 8, 9, 10, 11]) -- (Edges: [(5, 7), (9, 5), (0, 2), (8, 3), (8, 9), (1, 6), (2, 5), (1, 3), (0, 11), (5, 6), (11, 4), (8, 11), (9, 10), (0, 7), (10, 5), (11, 7), (6, 7), (3, 11), (10, 4), (11, 3), (0, 9), (0, 6), (2, 6), (1, 10)])"
12,27,64,0.0017001628875732422,0.0036454200744628906,0.005345582962036133,0.07657814025878906,"(Vertices: [0, 1, 2, 3, 4, 5, 6, 7, 8, 9, 10, 11]) -- (Edges: [(3, 7), (8, 0), (10, 6), (8, 6), (10, 3), (0, 8), (2, 11), (3, 6), (8, 11), (9, 4), (0, 1), (10, 11), (0, 4), (1, 5), (1, 11), (6, 7), (3, 11), (8, 4), (10, 4), (0, 3), (0, 9), (11, 3), (10, 7), (11, 6), (2, 3), (8, 10), (1, 7)])"
12,23,1,0.019933223724365234,0.012633323669433594,0.03256654739379883,0.5326728820800781,"(Vertices: [0, 1, 2, 3, 4, 5, 6, 7, 8, 9, 10, 11]) -- (Edges: [(3, 4), (9, 2), (5, 7), (8, 0), (0, 2), (11, 5), (9, 11), (0, 8), (1, 3), (2, 11), (9, 4), (9, 10), (11, 7), (1, 2), (1, 5), (4, 7), (9, 3), (9, 6), (0, 9), (10, 7), (1, 4), (11, 6), (1, 10)])"
12,23,64,0.002470254898071289,0.004446268081665039,0.006916522979736328,0.07658576965332031,"(Vertices: [0, 1, 2, 3, 4, 5, 6, 7, 8, 9, 10, 11]) -- (Edges: [(3, 7), (4, 6), (9, 2), (8, 9), (0, 5), (11, 5), (8, 6), (1, 6), (9, 11), (1, 3), (0, 11), (4, 5), (3, 6), (9, 7), (11, 4), (8, 11), (10, 2), (2, 7), (2, 10), (4, 7), (0, 3), (10, 7), (0, 6)])"
12,25,1,0.001383066177368164,0.004431724548339844,0.005814790725708008,0.12086963653564453,"(Vertices: [0, 1, 2, 3, 4, 5, 6, 7, 8, 9, 10, 11]) -- (Edges: [(3, 4), (4, 6), (9, 2), (5, 7), (8, 3), (10, 6), (8, 6), (9, 11), (1, 9), (4, 5), (5, 6), (8, 2), (9, 1), (9, 7), (9, 4), (9, 10), (10, 11), (0, 4), (2, 7), (1, 5), (6, 7), (9, 6), (8, 10), (2, 6), (1, 10)])"
12,19,64,0.0007529258728027344,0.0032701492309570312,0.004023075103759766,0.05819988250732422,"(Vertices: [0, 1, 2, 3, 4, 5, 6, 7, 8, 9, 10, 11]) -- (Edges: [(5, 7), (8, 9), (9, 11), (1, 6), (5, 6), (10, 2), (0, 1), (0, 7), (2, 4), (1, 11), (2, 10), (6, 7), (9, 3), (10, 4), (9, 6), (10, 7), (1, 4), (0, 6), (2, 6)])"
12,23,1,0.01790618896484375,0.022446155548095703,0.04035234451293945,0.49001502990722656,"(Vertices: [0, 1, 2, 3, 4, 5, 6, 7, 8, 9, 10, 11]) -- (Edges: [(3, 4), (9, 2), (8, 0), (9, 5), (8, 3), (10, 6), (8, 6), (0, 8), (4, 5), (8, 5), (9, 4), (0, 1), (9, 10), (0, 4), (2, 7), (3, 11), (10, 4), (11, 3), (0, 9), (10, 7), (1, 4), (8, 10), (1, 10)])"
12,26,64,0.004128694534301758,0.004377126693725586,0.008505821228027344,0.07654953002929688,"(Vertices: [0, 1, 2, 3, 4, 5, 6, 7, 8, 9, 10, 11]) -- (Edges: [(3, 4), (4, 6), (9, 2), (9, 5), (10, 6), (0, 5), (10, 3), (1, 6), (1, 3), (5, 6), (8, 11), (9, 4), (9, 10), (10, 2), (10, 11), (0, 10), (1, 11), (2, 10), (9, 3), (8, 1), (8, 7), (10, 4), (9, 6), (10, 7), (1, 4), (0, 6)])"
12,28,1,0.0016570091247558594,0.0033178329467773438,0.004974842071533203,0.12080574035644531,"(Vertices: [0, 1, 2, 3, 4, 5, 6, 7, 8, 9, 10, 11]) -- (Edges: [(3, 4), (4, 6), (8, 0), (9, 5), (8, 3), (10, 6), (0, 5), (8, 6), (0, 8), (2, 11), (1, 9), (0, 11), (9, 1), (9, 7), (8, 5), (9, 4), (0, 1), (10, 5), (0, 10), (6, 7), (9, 3), (8, 1), (10, 4), (8, 10), (0, 6), (11, 6), (1, 7), (2, 6)])"
12,23,64,0.0005388259887695312,0.0026891231536865234,0.0032279491424560547,0.05819988250732422,"(Vertices: [0, 1, 2, 3, 4, 5, 6, 7, 8, 9, 10, 11]) -- (Edges: [(8, 0), (10, 6), (8, 6), (10, 3), (0, 8), (2, 5), (2, 11), (1, 9), (8, 2), (9, 1), (9, 10), (2, 4), (1, 2), (0, 4), (1, 5), (3, 5), (3, 11), (9, 3), (8, 1), (10, 4), (11, 3), (0, 9), (1, 10)])"
12,24,1,0.0009930133819580078,0.004549503326416016,0.0055425167083740234,0.12086963653564453,"(Vertices: [0, 1, 2, 3, 4, 5, 6, 7, 8, 9, 10, 11]) -- (Edges: [(3, 7), (5, 7), (8, 0), (0, 2), (8, 3), (8, 6), (9, 11), (0, 8), (3, 6), (8, 5), (11, 4), (8, 11), (11, 7), (0, 10), (2, 7), (1, 5), (6, 7), (3, 5), (9, 3), (0, 9), (10, 7), (1, 4), (0, 6), (2, 3)])"
12,26,64,0.0004374980926513672,0.0031931400299072266,0.0036306381225585938,0.05819988250732422,"(Vertices: [0, 1, 2, 3, 4, 5, 6, 7, 8, 9, 10, 11]) -- (Edges: [(3, 4), (4, 6), (11, 5), (10, 3), (8, 6), (1, 6), (9, 11), (2, 5), (4, 5), (8, 2), (11, 4), (10, 2), (9, 4), (0, 7), (2, 4), (11, 7), (0, 4), (1, 11), (2, 10), (8, 7), (9, 6), (0, 3), (10, 7), (1, 4), (0, 6), (1, 7)])"
12,26,1,0.020877361297607422,0.009750843048095703,0.030628204345703125,0.5565938949584961,"(Vertices: [0, 1, 2, 3, 4, 5, 6, 7, 8, 9, 10, 11]) -- (Edges: [(3, 7), (4, 6), (9, 2), (5, 7), (9, 5), (10, 6), (0, 5), (10, 3), (8, 6), (1, 6), (2, 11), (1, 9), (9, 1), (11, 4), (10, 2), (9, 4), (0, 1), (9, 10), (10, 5), (1, 2), (0, 10), (2, 10), (3, 5), (8, 7), (1, 7), (1, 10)])"
12,30,64,0.0023391246795654297,0.004075050354003906,0.006414175033569336,0.07719802856445312,"(Vertices: [0, 1, 2, 3, 4, 5, 6, 7, 8, 9, 10, 11]) -- (Edges: [(3, 4), (3, 7), (4, 6), (9, 5), (8, 3), (8, 9), (10, 6), (8, 6), (1, 6), (9, 11), (2, 11), (8, 2), (11, 4), (8, 5), (9, 4), (8, 11), (9, 10), (10, 5), (1, 2), (0, 4), (0, 10), (2, 7), (1, 5), (3, 5), (9, 3), (8, 1), (0, 3), (1, 4), (2, 3), (1, 10)])"
12,24,1,0.0008709430694580078,0.0028874874114990234,0.0037584304809570312,0.12086963653564453,"(Vertices: [0, 1, 2, 3, 4, 5, 6, 7, 8, 9, 10, 11]) -- (Edges: [(9, 5), (0, 5), (8, 6), (10, 3), (9, 11), (0, 11), (4, 5), (5, 6), (0, 1), (9, 10), (2, 4), (1, 2), (0, 4), (0, 10), (10, 11), (4, 7), (3, 5), (8, 1), (8, 10), (10, 7), (0, 6), (1, 7), (2, 6), (1, 10)])"
12,20,64,0.0005812644958496094,0.0033636093139648438,0.003944873809814453,0.05819988250732422,"(Vertices: [0, 1, 2, 3, 4, 5, 6, 7, 8, 9, 10, 11]) -- (Edges: [(3, 7), (0, 2), (8, 3), (10, 6), (11, 5), (9, 11), (1, 3), (4, 5), (3, 6), (8, 2), (11, 4), (9, 4), (0, 1), (2, 4), (1, 2), (0, 4), (6, 7), (4, 7), (8, 7), (0, 9)])"
12,21,1,0.0008487701416015625,0.003825664520263672,0.004674434661865234,0.12086963653564453,"(Vertices: [0, 1, 2, 3, 4, 5, 6, 7, 8, 9, 10, 11]) -- (Edges: [(3, 7), (5, 7), (1, 3), (2, 11), (0, 11), (10, 2), (2, 4), (0, 10), (1, 5), (1, 11), (2, 10), (9, 3), (8, 7), (9, 6), (0, 3), (0, 9), (10, 7), (1, 4), (0, 6), (2, 6), (1, 10)])"
12,24,64,0.001055002212524414,0.0037055015563964844,0.0047605037689208984,0.05819988250732422,"(Vertices: [0, 1, 2, 3, 4, 5, 6, 7, 8, 9, 10, 11]) -- (Edges: [(3, 7), (0, 2), (8, 9), (11, 5), (9, 11), (2, 11), (0, 11), (4, 5), (8, 2), (8, 5), (11, 4), (9, 4), (8, 11), (11, 7), (10, 5), (10, 11), (0, 4), (1, 5), (1, 11), (6, 7), (4, 7), (0, 3), (8, 10), (0, 6)])"
12,18,1,0.0012104511260986328,0.003661632537841797,0.00487208366394043,0.12086963653564453,"(Vertices: [0, 1, 2, 3, 4, 5, 6, 7, 8, 9, 10, 11]) -- (Edges: [(11, 7), (2, 4), (10, 2), (2, 7), (1, 11), (2, 10), (11, 3), (9, 6), (9, 11), (10, 6), (11, 5), (10, 3), (9, 1), (2, 5), (2, 11), (1, 9), (8, 11), (3, 11)])"
12,26,64,0.0004990100860595703,0.003425121307373047,0.003924131393432617,0.05819988250732422,"(Vertices: [0, 1, 2, 3, 4, 5, 6, 7, 8, 9, 10, 11]) -- (Edges: [(3, 4), (4, 6), (5, 7), (8, 0), (8, 3), (8, 6), (10, 3), (9, 11), (0, 8), (2, 5), (2, 11), (4, 5), (0, 1), (0, 7), (2, 4), (10, 5), (10, 11), (0, 10), (1, 11), (6, 7), (9, 3), (8, 1), (10, 4), (9, 6), (10, 7), (1, 4)])"
12,22,1,0.017589569091796875,0.011831998825073242,0.029421567916870117,0.48165225982666016,"(Vertices: [0, 1, 2, 3, 4, 5, 6, 7, 8, 9, 10, 11]) -- (Edges: [(8, 0), (11, 5), (0, 8), (0, 11), (5, 6), (8, 2), (9, 7), (8, 5), (9, 10), (0, 7), (1, 2), (0, 10), (2, 7), (3, 5), (3, 11), (8, 4), (9, 3), (8, 1), (8, 7), (11, 3), (1, 4), (2, 6)])"
12,25,64,0.001550912857055664,0.0035600662231445312,0.005110979080200195,0.07521438598632812,"(Vertices: [0, 1, 2, 3, 4, 5, 6, 7, 8, 9, 10, 11]) -- (Edges: [(3, 4), (3, 7), (8, 9), (11, 5), (1, 6), (2, 11), (1, 3), (1, 9), (5, 6), (8, 2), (9, 1), (9, 7), (10, 2), (9, 4), (2, 4), (0, 4), (2, 7), (2, 10), (8, 7), (0, 9), (10, 7), (1, 4), (0, 6), (11, 6), (2, 6)])"
12,26,1,0.0008156299591064453,0.0034062862396240234,0.004221916198730469,0.12086963653564453,"(Vertices: [0, 1, 2, 3, 4, 5, 6, 7, 8, 9, 10, 11]) -- (Edges: [(3, 4), (4, 6), (0, 2), (8, 9), (8, 6), (9, 11), (2, 5), (1, 3), (1, 9), (0, 11), (9, 1), (8, 11), (0, 1), (11, 7), (10, 5), (9, 10), (0, 4), (1, 5), (4, 7), (8, 4), (9, 3), (9, 6), (10, 7), (1, 4), (0, 6), (11, 6)])"
12,25,64,0.0003876686096191406,0.0025196075439453125,0.002907276153564453,0.05819988250732422,"(Vertices: [0, 1, 2, 3, 4, 5, 6, 7, 8, 9, 10, 11]) -- (Edges: [(3, 7), (9, 5), (0, 2), (8, 9), (10, 6), (8, 6), (9, 11), (1, 3), (5, 6), (3, 6), (9, 7), (8, 5), (9, 10), (0, 7), (10, 5), (11, 7), (10, 11), (0, 10), (6, 7), (8, 7), (9, 6), (0, 3), (0, 9), (0, 6), (1, 7)])"
12,20,1,0.0008172988891601562,0.003797292709350586,0.004614591598510742,0.12086963653564453,"(Vertices: [0, 1, 2, 3, 4, 5, 6, 7, 8, 9, 10, 11]) -- (Edges: [(3, 4), (5, 7), (8, 3), (9, 7), (10, 2), (9, 4), (0, 7), (1, 2), (2, 7), (2, 10), (6, 7), (3, 11), (9, 3), (0, 3), (0, 9), (11, 3), (8, 10), (11, 6), (1, 7), (1, 10)])"
12,25,64,0.0014805793762207031,0.0037691593170166016,0.005249738693237305,0.05819988250732422,"(Vertices: [0, 1, 2, 3, 4, 5, 6, 7, 8, 9, 10, 11]) -- (Edges: [(3, 4), (4, 6), (9, 5), (0, 2), (8, 9), (1, 6), (2, 5), (1, 9), (0, 11), (4, 5), (8, 2), (9, 1), (8, 5), (10, 2), (0, 1), (0, 10), (2, 10), (3, 11), (8, 4), (9, 3), (8, 1), (11, 3), (8, 10), (10, 7), (1, 4)])"
12,23,1,0.0009555816650390625,0.004334449768066406,0.005290031433105469,0.12074947357177734,"(Vertices: [0, 1, 2, 3, 4, 5, 6, 7, 8, 9, 10, 11]) -- (Edges: [(3, 4), (3, 7), (9, 2), (5, 7), (8, 0), (0, 2), (8, 3), (11, 5), (1, 6), (0, 8), (2, 5), (4, 5), (8, 2), (9, 10), (2, 4), (0, 4), (0, 10), (8, 4), (8, 7), (10, 7), (11, 6), (2, 3), (1, 7)])"
12,24,64,0.0006411075592041016,0.0034394264221191406,0.004080533981323242,0.05819988250732422,"(Vertices: [0, 1, 2, 3, 4, 5, 6, 7, 8, 9, 10, 11]) -- (Edges: [(3, 4), (3, 7), (5, 7), (8, 0), (9, 5), (0, 2), (8, 3), (8, 9), (0, 5), (0, 8), (2, 5), (2, 11), (4, 5), (3, 6), (8, 2), (10, 2), (10, 5), (1, 5), (2, 10), (3, 5), (9, 3), (8, 1), (0, 3), (8, 10)])"
12,23,1,0.020564556121826172,0.022367477416992188,0.04293203353881836,0.5328741073608398,"(Vertices: [0, 1, 2, 3, 4, 5, 6, 7, 8, 9, 10, 11]) -- (Edges: [(5, 7), (9, 5), (10, 6), (1, 6), (0, 11), (4, 5), (3, 6), (8, 2), (8, 5), (11, 4), (10, 2), (0, 7), (11, 7), (1, 2), (0, 10), (2, 10), (3, 5), (8, 4), (9, 3), (0, 9), (1, 4), (0, 6), (2, 3)])"
12,20,64,0.0018203258514404297,0.0036394596099853516,0.005459785461425781,0.07523345947265625,"(Vertices: [0, 1, 2, 3, 4, 5, 6, 7, 8, 9, 10, 11]) -- (Edges: [(3, 7), (4, 6), (9, 2), (5, 7), (9, 5), (0, 2), (8, 9), (8, 6), (10, 3), (3, 6), (11, 4), (9, 4), (0, 1), (10, 5), (6, 7), (10, 4), (0, 9), (1, 4), (0, 6), (1, 7)])"
12,19,1,0.0014209747314453125,0.0034520626068115234,0.004873037338256836,0.12086963653564453,"(Vertices: [0, 1, 2, 3, 4, 5, 6, 7, 8, 9, 10, 11]) -- (Edges: [(3, 7), (9, 2), (9, 5), (0, 2), (8, 3), (10, 6), (8, 9), (10, 3), (1, 9), (9, 1), (0, 7), (0, 4), (3, 5), (8, 7), (0, 3), (0, 9), (8, 10), (1, 4), (2, 6)])"
12,26,64,0.0003898143768310547,0.002750396728515625,0.0031402111053466797,0.05819988250732422,"(Vertices: [0, 1, 2, 3, 4, 5, 6, 7, 8, 9, 10, 11]) -- (Edges: [(3, 4), (3, 7), (8, 0), (9, 5), (8, 3), (10, 6), (8, 6), (10, 3), (1, 6), (0, 8), (2, 5), (1, 3), (4, 5), (8, 5), (0, 1), (11, 7), (0, 4), (1, 11), (6, 7), (8, 4), (8, 1), (10, 4), (0, 3), (0, 9), (0, 6), (2, 3)])"
13,31,1,0.002178192138671875,0.00487065315246582,0.007048845291137695,0.13564014434814453,"(Vertices: [0, 1, 2, 3, 4, 5, 6, 7, 8, 9, 10, 11, 12]) -- (Edges: [(12, 4), (3, 4), (3, 7), (4, 12), (5, 7), (0, 5), (10, 3), (8, 6), (1, 3), (2, 11), (10, 12), (5, 6), (3, 12), (8, 2), (8, 5), (10, 2), (0, 1), (11, 7), (2, 4), (1, 5), (2, 10), (12, 5), (8, 1), (9, 6), (0, 9), (10, 7), (1, 4), (11, 6), (0, 12), (11, 12), (1, 7)])"
13,32,91,0.0035660266876220703,0.003501415252685547,0.007067441940307617,0.07853984832763672,"(Vertices: [0, 1, 2, 3, 4, 5, 6, 7, 8, 9, 10, 11, 12]) -- (Edges: [(3, 4), (8, 0), (9, 5), (8, 9), (10, 6), (11, 5), (9, 11), (0, 8), (2, 5), (1, 3), (10, 12), (0, 11), (12, 6), (5, 6), (3, 12), (8, 2), (8, 5), (10, 2), (0, 1), (11, 7), (10, 5), (0, 10), (1, 5), (2, 10), (6, 7), (3, 5), (8, 1), (10, 4), (9, 12), (0, 9), (10, 7), (1, 4)])"
13,32,1,0.002159595489501953,0.003448963165283203,0.005608558654785156,0.12088966369628906,"(Vertices: [0, 1, 2, 3, 4, 5, 6, 7, 8, 9, 10, 11, 12]) -- (Edges: [(3, 7), (4, 6), (8, 0), (0, 2), (8, 3), (10, 6), (10, 3), (8, 12), (1, 6), (0, 8), (2, 5), (2, 11), (1, 9), (10, 12), (4, 5), (12, 6), (3, 6), (9, 1), (8, 5), (9, 4), (0, 1), (9, 10), (2, 4), (10, 5), (0, 10), (1, 11), (8, 4), (0, 6), (0, 12), (11, 12), (2, 6), (1, 10)])"
13,25,91,0.0007481575012207031,0.003701925277709961,0.004450082778930664,0.0583648681640625,"(Vertices: [0, 1, 2, 3, 4, 5, 6, 7, 8, 9, 10, 11, 12]) -- (Edges: [(4, 6), (5, 7), (10, 6), (8, 6), (10, 3), (1, 6), (9, 11), (8, 2), (9, 7), (8, 11), (9, 4), (0, 1), (11, 7), (9, 10), (10, 11), (2, 7), (1, 5), (12, 5), (4, 7), (3, 11), (11, 3), (10, 7), (1, 4), (11, 12), (2, 6)])"
13,29,1,0.0012767314910888672,0.0035953521728515625,0.00487208366394043,0.12088966369628906,"(Vertices: [0, 1, 2, 3, 4, 5, 6, 7, 8, 9, 10, 11, 12]) -- (Edges: [(12, 4), (4, 6), (4, 12), (9, 2), (8, 9), (10, 6), (10, 3), (8, 12), (9, 11), (10, 12), (1, 12), (12, 6), (3, 6), (8, 5), (9, 4), (2, 4), (1, 2), (10, 5), (12, 5), (3, 5), (3, 11), (10, 4), (9, 6), (0, 3), (11, 3), (8, 10), (1, 4), (11, 6), (1, 10)])"
13,22,91,0.0004105567932128906,0.003323078155517578,0.0037336349487304688,0.0583648681640625,"(Vertices: [0, 1, 2, 3, 4, 5, 6, 7, 8, 9, 10, 11, 12]) -- (Edges: [(12, 7), (3, 7), (5, 7), (8, 9), (11, 5), (0, 11), (8, 2), (9, 7), (8, 11), (0, 7), (10, 5), (10, 11), (0, 4), (6, 7), (3, 5), (8, 4), (0, 9), (1, 4), (0, 6), (11, 12), (2, 12), (1, 10)])"
13,37,1,0.001962423324584961,0.0048940181732177734,0.006856441497802734,0.13872814178466797,"(Vertices: [0, 1, 2, 3, 4, 5, 6, 7, 8, 9, 10, 11, 12]) -- (Edges: [(9, 2), (5, 7), (9, 5), (8, 3), (8, 9), (8, 6), (8, 12), (1, 6), (2, 11), (1, 12), (12, 6), (5, 6), (3, 6), (8, 2), (9, 7), (8, 5), (10, 2), (9, 4), (0, 7), (2, 4), (1, 2), (0, 4), (10, 5), (2, 7), (1, 5), (1, 11), (11, 7), (2, 10), (6, 7), (9, 3), (9, 6), (0, 3), (1, 4), (2, 3), (11, 12), (2, 6), (1, 10)])"
13,26,91,0.002767801284790039,0.0033473968505859375,0.0061151981353759766,0.0785360336303711,"(Vertices: [0, 1, 2, 3, 4, 5, 6, 7, 8, 9, 10, 11, 12]) -- (Edges: [(3, 7), (5, 7), (8, 0), (9, 5), (10, 6), (0, 5), (0, 8), (4, 5), (3, 12), (8, 2), (8, 5), (8, 11), (9, 4), (0, 1), (9, 10), (10, 5), (0, 4), (0, 10), (2, 7), (1, 5), (1, 11), (8, 4), (8, 1), (8, 7), (0, 9), (1, 4)])"
13,27,1,0.0028357505798339844,0.00498199462890625,0.007817745208740234,0.14170169830322266,"(Vertices: [0, 1, 2, 3, 4, 5, 6, 7, 8, 9, 10, 11, 12]) -- (Edges: [(3, 4), (4, 6), (8, 0), (0, 2), (10, 3), (1, 6), (0, 8), (9, 11), (4, 5), (3, 6), (3, 12), (11, 4), (0, 1), (0, 7), (11, 7), (0, 10), (12, 5), (3, 11), (8, 1), (8, 7), (10, 4), (11, 3), (0, 9), (0, 6), (11, 6), (11, 12), (1, 10)])"
13,30,91,0.0024313926696777344,0.004094600677490234,0.006525993347167969,0.07854175567626953,"(Vertices: [0, 1, 2, 3, 4, 5, 6, 7, 8, 9, 10, 11, 12]) -- (Edges: [(12, 7), (3, 7), (9, 2), (8, 9), (10, 6), (0, 5), (11, 5), (8, 12), (1, 6), (2, 5), (1, 3), (10, 12), (0, 11), (1, 12), (3, 12), (8, 5), (0, 10), (6, 7), (8, 4), (8, 7), (10, 4), (9, 6), (0, 3), (8, 10), (10, 7), (11, 6), (0, 12), (11, 12), (2, 6), (1, 10)])"
13,35,1,0.0008859634399414062,0.003747701644897461,0.004633665084838867,0.12088966369628906,"(Vertices: [0, 1, 2, 3, 4, 5, 6, 7, 8, 9, 10, 11, 12]) -- (Edges: [(12, 4), (3, 4), (4, 12), (9, 2), (5, 7), (0, 2), (10, 6), (11, 5), (10, 3), (8, 12), (9, 11), (2, 5), (1, 3), (2, 11), (10, 12), (1, 12), (4, 5), (3, 12), (8, 2), (11, 4), (8, 5), (0, 7), (2, 4), (1, 2), (0, 4), (10, 5), (2, 7), (11, 7), (3, 11), (8, 1), (11, 3), (0, 9), (1, 4), (2, 6), (2, 12)])"
13,27,91,0.00048661231994628906,0.0037932395935058594,0.0042798519134521484,0.0583648681640625,"(Vertices: [0, 1, 2, 3, 4, 5, 6, 7, 8, 9, 10, 11, 12]) -- (Edges: [(12, 4), (12, 7), (3, 4), (4, 12), (9, 2), (5, 7), (11, 5), (8, 12), (9, 4), (0, 1), (9, 10), (10, 5), (1, 2), (0, 4), (0, 10), (10, 11), (3, 5), (3, 11), (10, 4), (11, 3), (0, 9), (9, 12), (0, 12), (2, 3), (1, 7), (2, 6), (2, 12)])"
13,25,1,0.0018200874328613281,0.0034923553466796875,0.005312442779541016,0.13566017150878906,"(Vertices: [0, 1, 2, 3, 4, 5, 6, 7, 8, 9, 10, 11, 12]) -- (Edges: [(12, 4), (3, 4), (4, 12), (9, 2), (5, 7), (10, 6), (11, 5), (10, 3), (9, 7), (11, 4), (8, 11), (9, 4), (9, 10), (10, 2), (10, 5), (10, 11), (0, 4), (2, 10), (12, 5), (4, 7), (9, 3), (11, 12), (1, 7), (2, 6), (1, 10)])"
13,23,91,0.0018146038055419922,0.004927635192871094,0.006742238998413086,0.07540416717529297,"(Vertices: [0, 1, 2, 3, 4, 5, 6, 7, 8, 9, 10, 11, 12]) -- (Edges: [(9, 2), (0, 2), (0, 5), (11, 5), (1, 3), (10, 12), (5, 6), (3, 6), (8, 5), (9, 4), (0, 7), (11, 7), (10, 11), (6, 7), (3, 5), (8, 4), (9, 6), (0, 9), (8, 10), (0, 6), (2, 3), (1, 7), (2, 12)])"
13,28,1,0.001163482666015625,0.003668069839477539,0.004831552505493164,0.12088966369628906,"(Vertices: [0, 1, 2, 3, 4, 5, 6, 7, 8, 9, 10, 11, 12]) -- (Edges: [(12, 7), (3, 4), (3, 7), (8, 0), (8, 3), (8, 9), (10, 6), (11, 5), (0, 8), (2, 11), (1, 9), (0, 11), (4, 5), (12, 6), (8, 2), (9, 1), (11, 4), (10, 2), (10, 5), (2, 10), (6, 7), (3, 5), (8, 4), (10, 4), (0, 3), (1, 4), (0, 12), (2, 6)])"
13,35,91,0.0009624958038330078,0.003256082534790039,0.004218578338623047,0.0583648681640625,"(Vertices: [0, 1, 2, 3, 4, 5, 6, 7, 8, 9, 10, 11, 12]) -- (Edges: [(12, 7), (3, 4), (9, 2), (8, 0), (8, 9), (10, 6), (11, 5), (8, 6), (8, 12), (1, 6), (0, 8), (2, 5), (0, 11), (1, 12), (4, 5), (5, 6), (8, 2), (11, 4), (9, 4), (0, 7), (10, 5), (1, 2), (2, 7), (3, 11), (9, 3), (8, 1), (8, 7), (10, 4), (11, 3), (0, 9), (8, 10), (0, 6), (11, 6), (2, 6), (2, 12)])"
13,30,1,0.0030455589294433594,0.0041294097900390625,0.007174968719482422,0.14186763763427734,"(Vertices: [0, 1, 2, 3, 4, 5, 6, 7, 8, 9, 10, 11, 12]) -- (Edges: [(12, 4), (12, 7), (3, 7), (4, 6), (4, 12), (10, 6), (11, 5), (10, 3), (8, 6), (8, 12), (10, 12), (12, 6), (8, 5), (0, 1), (11, 7), (10, 5), (1, 2), (9, 10), (0, 10), (10, 11), (4, 7), (8, 4), (8, 1), (0, 3), (2, 3), (11, 12), (1, 7), (2, 6), (2, 12), (1, 10)])"
13,32,91,0.0024671554565429688,0.004189014434814453,0.006656169891357422,0.07854557037353516,"(Vertices: [0, 1, 2, 3, 4, 5, 6, 7, 8, 9, 10, 11, 12]) -- (Edges: [(12, 4), (12, 7), (4, 12), (9, 5), (0, 2), (10, 6), (0, 5), (10, 3), (8, 6), (1, 3), (1, 9), (0, 11), (1, 12), (3, 12), (9, 1), (8, 5), (10, 2), (0, 7), (2, 4), (1, 5), (2, 10), (12, 5), (4, 7), (8, 1), (10, 4), (9, 12), (8, 10), (1, 4), (0, 6), (2, 3), (1, 7), (1, 10)])"
13,33,1,0.0025370121002197266,0.004851102828979492,0.007388114929199219,0.14359188079833984,"(Vertices: [0, 1, 2, 3, 4, 5, 6, 7, 8, 9, 10, 11, 12]) -- (Edges: [(9, 2), (5, 7), (8, 0), (8, 9), (9, 11), (0, 8), (1, 12), (12, 6), (8, 2), (11, 4), (8, 5), (8, 11), (11, 7), (2, 4), (1, 2), (0, 4), (0, 10), (2, 7), (1, 5), (1, 11), (10, 5), (6, 7), (8, 4), (8, 1), (8, 7), (10, 4), (0, 3), (0, 9), (10, 7), (1, 4), (9, 12), (1, 7), (2, 6)])"
13,28,91,0.002523660659790039,0.0045375823974609375,0.0070612430572509766,0.0738067626953125,"(Vertices: [0, 1, 2, 3, 4, 5, 6, 7, 8, 9, 10, 11, 12]) -- (Edges: [(12, 7), (3, 7), (4, 6), (9, 2), (8, 0), (9, 5), (0, 2), (8, 9), (0, 5), (11, 5), (0, 8), (2, 5), (12, 6), (8, 2), (8, 5), (8, 11), (1, 2), (1, 5), (9, 3), (9, 6), (0, 9), (10, 7), (1, 4), (11, 6), (0, 12), (8, 10), (2, 6), (1, 10)])"
13,24,1,0.0009891986846923828,0.004361867904663086,0.005351066589355469,0.12082576751708984,"(Vertices: [0, 1, 2, 3, 4, 5, 6, 7, 8, 9, 10, 11, 12]) -- (Edges: [(12, 7), (4, 6), (5, 7), (8, 0), (11, 5), (10, 3), (8, 6), (9, 11), (0, 8), (12, 6), (3, 6), (8, 2), (9, 4), (3, 5), (3, 11), (8, 1), (10, 4), (11, 3), (8, 10), (10, 7), (1, 4), (11, 12), (1, 7), (1, 10)])"
13,29,91,0.0005047321319580078,0.002072572708129883,0.0025773048400878906,0.05830097198486328,"(Vertices: [0, 1, 2, 3, 4, 5, 6, 7, 8, 9, 10, 11, 12]) -- (Edges: [(12, 4), (3, 7), (4, 12), (0, 2), (0, 5), (8, 6), (4, 5), (5, 6), (3, 12), (8, 2), (10, 2), (0, 7), (2, 4), (0, 4), (0, 10), (2, 10), (4, 7), (3, 5), (9, 3), (8, 1), (10, 4), (9, 6), (0, 3), (8, 10), (10, 7), (1, 4), (9, 12), (11, 12), (2, 6)])"
13,33,1,0.001375436782836914,0.0034809112548828125,0.0048563480377197266,0.12088966369628906,"(Vertices: [0, 1, 2, 3, 4, 5, 6, 7, 8, 9, 10, 11, 12]) -- (Edges: [(12, 4), (3, 7), (4, 12), (9, 2), (5, 7), (8, 0), (8, 12), (9, 11), (0, 8), (10, 12), (1, 12), (12, 6), (8, 2), (11, 4), (0, 1), (2, 4), (10, 5), (1, 5), (12, 5), (3, 11), (8, 4), (9, 3), (8, 1), (8, 7), (10, 4), (9, 6), (11, 3), (1, 4), (0, 6), (0, 12), (2, 6), (2, 12), (1, 10)])"
13,23,91,0.0003974437713623047,0.0038373470306396484,0.004234790802001953,0.0583648681640625,"(Vertices: [0, 1, 2, 3, 4, 5, 6, 7, 8, 9, 10, 11, 12]) -- (Edges: [(12, 7), (4, 6), (8, 0), (0, 5), (0, 8), (2, 5), (1, 3), (2, 11), (4, 5), (3, 6), (3, 12), (8, 5), (8, 11), (10, 2), (0, 1), (10, 5), (0, 10), (2, 10), (8, 10), (0, 12), (2, 3), (2, 6), (1, 10)])"
13,24,1,0.002885103225708008,0.003618478775024414,0.006503582000732422,0.1369953155517578,"(Vertices: [0, 1, 2, 3, 4, 5, 6, 7, 8, 9, 10, 11, 12]) -- (Edges: [(12, 4), (3, 4), (4, 12), (9, 2), (5, 7), (9, 5), (0, 2), (8, 3), (0, 5), (2, 5), (4, 5), (5, 6), (3, 12), (8, 11), (10, 11), (2, 7), (12, 5), (4, 7), (3, 5), (8, 7), (8, 10), (1, 4), (0, 6), (1, 7)])"
13,35,91,0.002546072006225586,0.004296541213989258,0.006842613220214844,0.0768280029296875,"(Vertices: [0, 1, 2, 3, 4, 5, 6, 7, 8, 9, 10, 11, 12]) -- (Edges: [(12, 4), (3, 4), (4, 12), (5, 7), (0, 2), (8, 3), (8, 9), (8, 6), (2, 11), (5, 6), (3, 6), (3, 12), (8, 2), (9, 7), (11, 4), (8, 5), (9, 4), (0, 1), (11, 7), (2, 4), (9, 10), (0, 4), (0, 10), (12, 5), (3, 11), (10, 4), (0, 3), (11, 3), (10, 7), (1, 4), (0, 6), (0, 12), (9, 12), (2, 6), (1, 10)])"
13,20,1,0.0025386810302734375,0.0036783218383789062,0.006217002868652344,0.14370155334472656,"(Vertices: [0, 1, 2, 3, 4, 5, 6, 7, 8, 9, 10, 11, 12]) -- (Edges: [(5, 7), (8, 9), (0, 5), (9, 11), (2, 11), (10, 12), (12, 6), (5, 6), (11, 4), (10, 2), (9, 10), (0, 7), (2, 7), (2, 10), (12, 5), (9, 6), (9, 12), (0, 9), (2, 3), (1, 10)])"
13,25,91,0.001984119415283203,0.0048673152923583984,0.0068514347076416016,0.07854366302490234,"(Vertices: [0, 1, 2, 3, 4, 5, 6, 7, 8, 9, 10, 11, 12]) -- (Edges: [(3, 4), (3, 7), (9, 2), (11, 5), (8, 6), (8, 12), (2, 11), (4, 5), (5, 6), (8, 11), (2, 7), (1, 11), (6, 7), (4, 7), (3, 11), (9, 3), (8, 1), (11, 3), (0, 9), (8, 10), (1, 4), (0, 6), (9, 12), (11, 12), (1, 10)])"
13,24,1,0.0021364688873291016,0.004918098449707031,0.007054567337036133,0.1417980194091797,"(Vertices: [0, 1, 2, 3, 4, 5, 6, 7, 8, 9, 10, 11, 12]) -- (Edges: [(5, 7), (8, 0), (9, 5), (8, 3), (8, 9), (1, 6), (0, 8), (2, 5), (10, 12), (4, 5), (12, 6), (5, 6), (3, 6), (9, 7), (11, 4), (9, 4), (9, 10), (2, 7), (1, 5), (6, 7), (12, 5), (10, 4), (9, 6), (0, 3)])"
13,23,91,0.001878976821899414,0.0041484832763671875,0.0060274600982666016,0.075439453125,"(Vertices: [0, 1, 2, 3, 4, 5, 6, 7, 8, 9, 10, 11, 12]) -- (Edges: [(12, 7), (4, 6), (5, 7), (8, 9), (11, 5), (9, 11), (11, 4), (8, 11), (9, 4), (9, 10), (0, 7), (11, 7), (10, 11), (1, 5), (12, 5), (4, 7), (9, 3), (8, 1), (10, 4), (9, 12), (0, 6), (11, 6), (1, 7)])"
13,28,1,0.0016481876373291016,0.004227638244628906,0.005875825881958008,0.12088966369628906,"(Vertices: [0, 1, 2, 3, 4, 5, 6, 7, 8, 9, 10, 11, 12]) -- (Edges: [(12, 4), (3, 4), (4, 12), (8, 0), (0, 2), (0, 5), (11, 5), (8, 6), (1, 6), (0, 8), (2, 11), (1, 12), (5, 6), (3, 12), (10, 2), (9, 10), (11, 7), (10, 5), (1, 2), (10, 11), (2, 7), (1, 11), (2, 10), (3, 5), (8, 1), (10, 7), (1, 4), (11, 12)])"
13,25,91,0.0004978179931640625,0.0034372806549072266,0.003935098648071289,0.0583648681640625,"(Vertices: [0, 1, 2, 3, 4, 5, 6, 7, 8, 9, 10, 11, 12]) -- (Edges: [(4, 6), (5, 7), (9, 5), (0, 2), (8, 3), (10, 6), (0, 5), (1, 6), (2, 11), (1, 12), (12, 6), (8, 11), (10, 2), (0, 1), (9, 10), (2, 4), (2, 10), (9, 3), (8, 7), (0, 3), (0, 9), (9, 12), (11, 6), (1, 7), (2, 6)])"
13,18,1,0.002305746078491211,0.0049097537994384766,0.0072154998779296875,0.14177417755126953,"(Vertices: [0, 1, 2, 3, 4, 5, 6, 7, 8, 9, 10, 11, 12]) -- (Edges: [(9, 10), (0, 7), (11, 7), (1, 5), (10, 4), (2, 10), (0, 9), (0, 6), (0, 12), (11, 6), (0, 2), (1, 7), (2, 12), (12, 5), (1, 6), (2, 11), (8, 5), (10, 2)])"
13,22,91,0.002080678939819336,0.0033774375915527344,0.00545811653137207,0.07854270935058594,"(Vertices: [0, 1, 2, 3, 4, 5, 6, 7, 8, 9, 10, 11, 12]) -- (Edges: [(12, 7), (5, 7), (9, 5), (0, 2), (1, 3), (10, 12), (4, 5), (8, 2), (9, 4), (11, 7), (1, 5), (6, 7), (3, 5), (8, 4), (9, 3), (8, 1), (10, 4), (0, 3), (10, 7), (0, 12), (11, 12), (1, 10)])"
13,25,1,0.0008556842803955078,0.003371000289916992,0.0042266845703125,0.1208333969116211,"(Vertices: [0, 1, 2, 3, 4, 5, 6, 7, 8, 9, 10, 11, 12]) -- (Edges: [(12, 4), (12, 7), (3, 7), (4, 6), (4, 12), (9, 5), (10, 3), (8, 12), (2, 5), (4, 5), (8, 2), (8, 11), (2, 4), (1, 5), (1, 11), (6, 7), (12, 5), (4, 7), (8, 10), (10, 7), (1, 4), (0, 6), (0, 12), (11, 12), (1, 10)])"
13,33,91,0.0008456707000732422,0.0036246776580810547,0.004470348358154297,0.0583648681640625,"(Vertices: [0, 1, 2, 3, 4, 5, 6, 7, 8, 9, 10, 11, 12]) -- (Edges: [(12, 7), (3, 7), (5, 7), (8, 0), (9, 5), (0, 2), (8, 3), (10, 6), (11, 5), (10, 3), (8, 6), (9, 11), (0, 8), (2, 11), (4, 5), (3, 6), (8, 5), (10, 2), (0, 7), (10, 5), (10, 11), (2, 10), (12, 5), (3, 5), (9, 3), (8, 1), (10, 4), (0, 3), (0, 9), (10, 7), (8, 10), (2, 3), (1, 10)])"
13,35,1,0.002271890640258789,0.004354715347290039,0.006626605987548828,0.13877201080322266,"(Vertices: [0, 1, 2, 3, 4, 5, 6, 7, 8, 9, 10, 11, 12]) -- (Edges: [(3, 4), (9, 2), (5, 7), (8, 0), (9, 5), (8, 9), (10, 6), (1, 6), (0, 8), (2, 5), (1, 3), (2, 11), (0, 11), (9, 11), (4, 5), (5, 6), (9, 7), (11, 7), (2, 4), (10, 5), (10, 11), (0, 10), (1, 5), (4, 7), (8, 1), (8, 7), (9, 6), (9, 12), (0, 9), (10, 7), (1, 4), (0, 6), (0, 12), (2, 6), (1, 10)])"
13,25,91,0.0030045509338378906,0.0038404464721679688,0.006844997406005859,0.07854175567626953,"(Vertices: [0, 1, 2, 3, 4, 5, 6, 7, 8, 9, 10, 11, 12]) -- (Edges: [(12, 7), (3, 7), (9, 5), (0, 2), (10, 6), (0, 5), (10, 12), (0, 11), (1, 12), (8, 2), (11, 4), (8, 11), (10, 2), (0, 1), (1, 2), (10, 11), (1, 5), (2, 10), (3, 5), (8, 4), (0, 3), (10, 7), (0, 12), (2, 3), (1, 7)])"
13,23,1,0.0021305084228515625,0.00432276725769043,0.006453275680541992,0.14176177978515625,"(Vertices: [0, 1, 2, 3, 4, 5, 6, 7, 8, 9, 10, 11, 12]) -- (Edges: [(5, 7), (9, 5), (9, 11), (2, 5), (1, 3), (0, 11), (4, 5), (12, 6), (3, 6), (3, 12), (0, 7), (10, 5), (11, 7), (2, 7), (1, 5), (12, 5), (9, 3), (8, 7), (10, 4), (1, 4), (0, 6), (0, 12), (2, 12)])"
13,29,91,0.0019001960754394531,0.004605770111083984,0.0065059661865234375,0.07854080200195312,"(Vertices: [0, 1, 2, 3, 4, 5, 6, 7, 8, 9, 10, 11, 12]) -- (Edges: [(12, 4), (12, 7), (4, 12), (8, 0), (8, 9), (11, 5), (9, 11), (0, 8), (1, 3), (1, 9), (0, 11), (10, 12), (5, 6), (3, 12), (9, 1), (10, 2), (0, 1), (9, 10), (1, 2), (2, 10), (3, 5), (8, 4), (9, 3), (8, 7), (10, 7), (1, 4), (11, 6), (2, 3), (2, 12)])"
13,27,1,0.002154111862182617,0.0047190189361572266,0.006873130798339844,0.13881874084472656,"(Vertices: [0, 1, 2, 3, 4, 5, 6, 7, 8, 9, 10, 11, 12]) -- (Edges: [(12, 7), (3, 7), (0, 2), (10, 6), (0, 5), (1, 6), (9, 11), (0, 11), (4, 5), (3, 12), (8, 2), (11, 4), (8, 11), (9, 4), (10, 2), (1, 2), (0, 4), (0, 10), (10, 11), (2, 10), (9, 3), (8, 7), (8, 10), (10, 7), (0, 12), (11, 12), (2, 12)])"
13,26,91,0.0024318695068359375,0.00465083122253418,0.007082700729370117,0.07683563232421875,"(Vertices: [0, 1, 2, 3, 4, 5, 6, 7, 8, 9, 10, 11, 12]) -- (Edges: [(12, 7), (3, 7), (8, 9), (0, 5), (1, 6), (9, 11), (2, 5), (2, 11), (0, 11), (3, 6), (3, 12), (8, 2), (9, 7), (2, 7), (1, 11), (6, 7), (8, 7), (10, 4), (9, 6), (10, 7), (1, 4), (0, 6), (0, 12), (2, 6), (2, 12), (1, 10)])"
13,23,1,0.0009741783142089844,0.0035979747772216797,0.004572153091430664,0.12088966369628906,"(Vertices: [0, 1, 2, 3, 4, 5, 6, 7, 8, 9, 10, 11, 12]) -- (Edges: [(3, 7), (0, 2), (8, 9), (10, 6), (10, 3), (1, 6), (9, 11), (1, 12), (4, 5), (8, 2), (9, 4), (2, 4), (1, 2), (10, 5), (1, 5), (3, 5), (8, 4), (9, 3), (9, 6), (1, 4), (0, 12), (11, 12), (1, 10)])"
13,25,91,0.0012884140014648438,0.0033745765686035156,0.004662990570068359,0.0583648681640625,"(Vertices: [0, 1, 2, 3, 4, 5, 6, 7, 8, 9, 10, 11, 12]) -- (Edges: [(9, 5), (8, 3), (8, 9), (8, 6), (1, 6), (1, 3), (1, 12), (5, 6), (3, 6), (3, 12), (9, 4), (9, 10), (2, 4), (10, 5), (0, 10), (6, 7), (4, 7), (3, 5), (3, 11), (10, 4), (11, 3), (0, 9), (10, 7), (8, 10), (1, 7)])"
13,26,1,0.0009992122650146484,0.0036296844482421875,0.004628896713256836,0.12088966369628906,"(Vertices: [0, 1, 2, 3, 4, 5, 6, 7, 8, 9, 10, 11, 12]) -- (Edges: [(12, 4), (4, 12), (9, 5), (0, 2), (8, 9), (11, 5), (10, 3), (9, 11), (1, 12), (5, 6), (9, 7), (8, 5), (11, 4), (9, 4), (0, 1), (9, 10), (0, 4), (4, 7), (3, 11), (8, 7), (11, 3), (0, 9), (9, 12), (1, 4), (0, 12), (2, 12)])"
13,24,91,0.0004432201385498047,0.002386331558227539,0.0028295516967773438,0.0583648681640625,"(Vertices: [0, 1, 2, 3, 4, 5, 6, 7, 8, 9, 10, 11, 12]) -- (Edges: [(4, 6), (8, 0), (11, 5), (9, 11), (0, 8), (2, 5), (4, 5), (3, 6), (3, 12), (8, 2), (11, 4), (0, 1), (2, 4), (0, 4), (2, 7), (3, 11), (9, 3), (9, 6), (11, 3), (8, 10), (1, 4), (2, 3), (1, 7), (2, 12)])"
13,32,1,0.0026154518127441406,0.004282236099243164,0.006897687911987305,0.14369869232177734,"(Vertices: [0, 1, 2, 3, 4, 5, 6, 7, 8, 9, 10, 11, 12]) -- (Edges: [(3, 7), (5, 7), (8, 0), (8, 3), (10, 6), (8, 6), (9, 11), (0, 8), (1, 3), (2, 11), (10, 12), (1, 12), (3, 6), (8, 2), (9, 7), (11, 4), (8, 5), (0, 1), (0, 7), (2, 4), (9, 10), (0, 4), (10, 11), (2, 7), (1, 5), (12, 5), (3, 11), (9, 3), (8, 7), (11, 3), (0, 6), (1, 10)])"
13,30,91,0.0025053024291992188,0.004134654998779297,0.006639957427978516,0.0768423080444336,"(Vertices: [0, 1, 2, 3, 4, 5, 6, 7, 8, 9, 10, 11, 12]) -- (Edges: [(4, 6), (5, 7), (8, 0), (9, 5), (0, 2), (8, 3), (11, 5), (8, 12), (1, 6), (0, 8), (2, 5), (1, 3), (1, 12), (11, 4), (8, 5), (0, 1), (0, 7), (2, 4), (11, 7), (0, 4), (0, 10), (6, 7), (12, 5), (3, 5), (9, 3), (10, 4), (0, 9), (0, 6), (1, 7), (1, 10)])"
13,25,1,0.0017559528350830078,0.003341197967529297,0.005097150802612305,0.13695526123046875,"(Vertices: [0, 1, 2, 3, 4, 5, 6, 7, 8, 9, 10, 11, 12]) -- (Edges: [(9, 2), (8, 0), (9, 5), (0, 5), (8, 12), (9, 11), (0, 8), (10, 12), (1, 9), (3, 12), (9, 1), (8, 5), (10, 2), (9, 4), (9, 10), (10, 11), (0, 10), (2, 10), (12, 5), (4, 7), (8, 4), (0, 3), (9, 12), (10, 7), (1, 4)])"
13,23,91,0.0033321380615234375,0.0036666393280029297,0.006998777389526367,0.07854938507080078,"(Vertices: [0, 1, 2, 3, 4, 5, 6, 7, 8, 9, 10, 11, 12]) -- (Edges: [(3, 4), (5, 7), (0, 2), (10, 6), (10, 3), (1, 6), (2, 5), (1, 3), (8, 5), (10, 2), (9, 10), (0, 7), (11, 7), (2, 7), (1, 5), (1, 11), (2, 10), (3, 5), (8, 1), (8, 7), (11, 6), (2, 6), (2, 12)])"
13,26,1,0.003134489059448242,0.005405426025390625,0.008539915084838867,0.143646240234375,"(Vertices: [0, 1, 2, 3, 4, 5, 6, 7, 8, 9, 10, 11, 12]) -- (Edges: [(3, 4), (9, 5), (0, 2), (8, 3), (11, 5), (8, 6), (8, 12), (9, 11), (2, 5), (5, 6), (8, 2), (8, 11), (11, 7), (10, 5), (1, 11), (6, 7), (4, 7), (3, 5), (9, 3), (8, 7), (1, 4), (0, 12), (2, 3), (11, 12), (2, 12), (1, 10)])"
13,30,91,0.002482175827026367,0.005129098892211914,0.007611274719238281,0.07683086395263672,"(Vertices: [0, 1, 2, 3, 4, 5, 6, 7, 8, 9, 10, 11, 12]) -- (Edges: [(12, 4), (3, 4), (4, 12), (5, 7), (8, 0), (10, 3), (1, 6), (0, 8), (5, 6), (3, 12), (8, 2), (9, 7), (8, 11), (9, 4), (0, 7), (10, 11), (0, 4), (2, 7), (3, 5), (3, 11), (8, 4), (8, 1), (8, 7), (10, 4), (11, 3), (9, 12), (10, 7), (1, 4), (1, 7), (2, 12)])"
13,26,1,0.0017447471618652344,0.004354238510131836,0.00609898567199707,0.13455677032470703,"(Vertices: [0, 1, 2, 3, 4, 5, 6, 7, 8, 9, 10, 11, 12]) -- (Edges: [(5, 7), (8, 9), (1, 6), (2, 5), (10, 12), (1, 9), (3, 6), (9, 1), (11, 4), (10, 2), (9, 4), (0, 1), (11, 7), (2, 4), (10, 5), (0, 4), (2, 7), (1, 11), (2, 10), (3, 11), (9, 3), (8, 7), (10, 4), (11, 3), (0, 9), (0, 12)])"
13,31,91,0.002020597457885742,0.004746437072753906,0.0067670345306396484,0.07854747772216797,"(Vertices: [0, 1, 2, 3, 4, 5, 6, 7, 8, 9, 10, 11, 12]) -- (Edges: [(12, 4), (12, 7), (3, 7), (4, 12), (8, 0), (9, 5), (8, 6), (0, 8), (2, 11), (1, 9), (10, 12), (4, 5), (12, 6), (3, 6), (9, 1), (9, 4), (0, 1), (10, 5), (10, 11), (1, 11), (4, 7), (3, 5), (8, 4), (9, 12), (0, 9), (10, 7), (8, 10), (0, 6), (2, 3), (2, 12), (1, 10)])"
13,28,1,0.0008361339569091797,0.0037970542907714844,0.004633188247680664,0.12088966369628906,"(Vertices: [0, 1, 2, 3, 4, 5, 6, 7, 8, 9, 10, 11, 12]) -- (Edges: [(12, 7), (3, 4), (3, 7), (8, 0), (9, 5), (8, 3), (0, 5), (8, 6), (0, 8), (1, 3), (2, 11), (4, 5), (5, 6), (3, 6), (8, 2), (8, 5), (8, 11), (9, 4), (0, 1), (0, 7), (2, 4), (9, 3), (8, 1), (8, 10), (10, 7), (1, 7), (2, 12), (1, 10)])"
13,36,91,0.0005919933319091797,0.003529787063598633,0.0041217803955078125,0.0583648681640625,"(Vertices: [0, 1, 2, 3, 4, 5, 6, 7, 8, 9, 10, 11, 12]) -- (Edges: [(3, 4), (8, 0), (8, 3), (8, 9), (10, 6), (8, 6), (8, 12), (1, 6), (0, 8), (2, 5), (1, 3), (12, 6), (5, 6), (8, 2), (9, 7), (8, 11), (10, 2), (9, 10), (0, 7), (1, 2), (10, 11), (2, 10), (3, 5), (8, 1), (10, 4), (9, 6), (9, 12), (0, 9), (10, 7), (1, 4), (8, 10), (0, 12), (2, 3), (2, 6), (2, 12), (1, 10)])"
13,22,1,0.0020835399627685547,0.0038001537322998047,0.005883693695068359,0.14175987243652344,"(Vertices: [0, 1, 2, 3, 4, 5, 6, 7, 8, 9, 10, 11, 12]) -- (Edges: [(3, 4), (8, 3), (8, 9), (10, 6), (9, 11), (2, 11), (10, 12), (0, 11), (12, 6), (3, 12), (0, 1), (0, 7), (9, 10), (10, 11), (0, 4), (1, 5), (6, 7), (8, 4), (8, 10), (11, 6), (0, 12), (11, 12)])"
13,35,91,0.0022084712982177734,0.0047931671142578125,0.007001638412475586,0.0767812728881836,"(Vertices: [0, 1, 2, 3, 4, 5, 6, 7, 8, 9, 10, 11, 12]) -- (Edges: [(12, 4), (3, 4), (4, 6), (4, 12), (5, 7), (8, 0), (8, 3), (8, 9), (10, 6), (10, 3), (1, 6), (0, 8), (2, 5), (2, 11), (1, 9), (0, 11), (12, 6), (3, 6), (9, 1), (10, 2), (9, 4), (0, 1), (0, 7), (11, 7), (1, 2), (9, 10), (1, 5), (2, 10), (6, 7), (3, 11), (10, 4), (11, 3), (11, 6), (11, 12), (2, 6)])"
13,30,1,0.002798318862915039,0.003718852996826172,0.006517171859741211,0.14076519012451172,"(Vertices: [0, 1, 2, 3, 4, 5, 6, 7, 8, 9, 10, 11, 12]) -- (Edges: [(3, 4), (4, 6), (5, 7), (9, 5), (8, 6), (10, 3), (1, 6), (2, 11), (0, 11), (12, 6), (3, 6), (9, 7), (11, 4), (11, 7), (2, 4), (1, 2), (2, 7), (1, 11), (6, 7), (12, 5), (3, 11), (9, 3), (11, 3), (9, 12), (0, 6), (0, 12), (11, 6), (11, 12), (2, 6), (1, 10)])"
13,29,91,0.0017518997192382812,0.003657102584838867,0.0054090023040771484,0.0768442153930664,"(Vertices: [0, 1, 2, 3, 4, 5, 6, 7, 8, 9, 10, 11, 12]) -- (Edges: [(12, 7), (3, 7), (8, 6), (10, 3), (8, 12), (9, 11), (1, 3), (2, 11), (10, 12), (4, 5), (12, 6), (3, 6), (8, 2), (8, 5), (11, 4), (9, 10), (0, 7), (10, 5), (1, 5), (6, 7), (4, 7), (8, 4), (9, 12), (8, 10), (0, 6), (0, 12), (11, 12), (2, 6), (1, 10)])"
13,35,1,0.004029989242553711,0.0036640167236328125,0.0076940059661865234,0.14485931396484375,"(Vertices: [0, 1, 2, 3, 4, 5, 6, 7, 8, 9, 10, 11, 12]) -- (Edges: [(3, 7), (9, 2), (5, 7), (9, 5), (0, 2), (0, 5), (10, 3), (8, 6), (2, 11), (10, 12), (0, 11), (1, 12), (4, 5), (8, 11), (10, 2), (0, 1), (0, 7), (11, 7), (0, 10), (2, 7), (2, 10), (8, 4), (9, 3), (10, 4), (9, 6), (0, 3), (0, 9), (10, 7), (1, 4), (11, 6), (0, 12), (2, 3), (1, 7), (9, 12), (2, 6)])"
13,25,91,0.002139568328857422,0.004853248596191406,0.006992816925048828,0.07684326171875,"(Vertices: [0, 1, 2, 3, 4, 5, 6, 7, 8, 9, 10, 11, 12]) -- (Edges: [(5, 7), (8, 3), (8, 9), (10, 6), (11, 5), (8, 6), (2, 11), (5, 6), (3, 12), (8, 5), (8, 11), (0, 7), (10, 5), (11, 7), (0, 4), (2, 7), (1, 5), (4, 7), (3, 5), (8, 4), (8, 1), (0, 9), (2, 3), (2, 12), (1, 10)])"
13,23,1,0.0021567344665527344,0.004970073699951172,0.007126808166503906,0.14068889617919922,"(Vertices: [0, 1, 2, 3, 4, 5, 6, 7, 8, 9, 10, 11, 12]) -- (Edges: [(4, 6), (9, 2), (5, 7), (9, 5), (0, 2), (8, 3), (8, 9), (2, 5), (1, 12), (3, 6), (9, 7), (8, 5), (9, 10), (2, 4), (10, 11), (1, 5), (3, 5), (9, 3), (10, 4), (11, 6), (0, 12), (11, 12), (1, 7)])"
13,28,91,0.0019598007202148438,0.00461125373840332,0.006571054458618164,0.0754079818725586,"(Vertices: [0, 1, 2, 3, 4, 5, 6, 7, 8, 9, 10, 11, 12]) -- (Edges: [(12, 4), (12, 7), (3, 4), (4, 12), (5, 7), (0, 5), (5, 6), (8, 11), (9, 4), (0, 1), (0, 7), (2, 4), (10, 5), (9, 10), (10, 11), (1, 11), (12, 5), (3, 5), (3, 11), (9, 3), (8, 1), (0, 3), (11, 3), (8, 10), (0, 6), (11, 12), (1, 7), (2, 12)])"
13,25,1,0.00241851806640625,0.00400090217590332,0.00641942024230957,0.14368152618408203,"(Vertices: [0, 1, 2, 3, 4, 5, 6, 7, 8, 9, 10, 11, 12]) -- (Edges: [(3, 4), (5, 7), (10, 6), (10, 3), (8, 12), (10, 12), (1, 9), (4, 5), (8, 2), (9, 1), (9, 7), (8, 5), (9, 4), (0, 1), (0, 7), (9, 10), (1, 2), (0, 4), (12, 5), (8, 4), (10, 4), (9, 6), (0, 9), (11, 6), (2, 12)])"
13,29,91,0.0032722949981689453,0.0035321712493896484,0.006804466247558594,0.07848644256591797,"(Vertices: [0, 1, 2, 3, 4, 5, 6, 7, 8, 9, 10, 11, 12]) -- (Edges: [(12, 4), (4, 12), (5, 7), (8, 0), (0, 2), (8, 6), (10, 3), (8, 12), (0, 8), (2, 11), (1, 3), (1, 9), (0, 11), (3, 6), (9, 1), (9, 7), (0, 1), (9, 10), (10, 11), (1, 11), (12, 5), (4, 7), (3, 11), (11, 3), (9, 12), (0, 6), (0, 12), (1, 7), (2, 6)])"
13,30,1,0.0019330978393554688,0.0048220157623291016,0.00675511360168457,0.1388235092163086,"(Vertices: [0, 1, 2, 3, 4, 5, 6, 7, 8, 9, 10, 11, 12]) -- (Edges: [(3, 4), (8, 0), (11, 5), (10, 3), (8, 6), (1, 6), (0, 8), (2, 11), (1, 9), (10, 12), (12, 6), (9, 1), (9, 7), (11, 4), (0, 7), (2, 4), (10, 5), (10, 11), (2, 7), (6, 7), (3, 11), (8, 1), (0, 3), (0, 9), (11, 3), (1, 4), (8, 10), (2, 3), (2, 6), (2, 12)])"
13,24,91,0.001969575881958008,0.0039539337158203125,0.00592350959777832,0.07683944702148438,"(Vertices: [0, 1, 2, 3, 4, 5, 6, 7, 8, 9, 10, 11, 12]) -- (Edges: [(12, 4), (3, 4), (4, 12), (8, 3), (11, 5), (8, 6), (8, 12), (1, 9), (1, 12), (5, 6), (3, 6), (9, 1), (9, 7), (9, 4), (0, 7), (11, 7), (2, 7), (12, 5), (3, 11), (8, 1), (8, 7), (10, 4), (11, 3), (0, 12)])"
13,29,1,0.000934600830078125,0.003498554229736328,0.004433155059814453,0.12088966369628906,"(Vertices: [0, 1, 2, 3, 4, 5, 6, 7, 8, 9, 10, 11, 12]) -- (Edges: [(12, 4), (12, 7), (3, 4), (3, 7), (4, 12), (0, 2), (8, 9), (11, 5), (8, 12), (0, 11), (1, 12), (12, 6), (8, 5), (0, 1), (0, 7), (2, 4), (1, 2), (10, 5), (12, 5), (4, 7), (8, 1), (8, 7), (9, 12), (0, 9), (8, 10), (1, 4), (11, 6), (11, 12), (2, 6)])"
13,34,91,0.000457763671875,0.0044138431549072266,0.0048716068267822266,0.0583648681640625,"(Vertices: [0, 1, 2, 3, 4, 5, 6, 7, 8, 9, 10, 11, 12]) -- (Edges: [(3, 4), (4, 6), (9, 2), (5, 7), (0, 5), (10, 3), (11, 5), (1, 6), (9, 11), (2, 11), (1, 3), (1, 9), (4, 5), (5, 6), (9, 1), (9, 7), (10, 2), (9, 4), (0, 1), (1, 2), (2, 7), (1, 5), (2, 10), (12, 5), (3, 5), (8, 1), (8, 7), (0, 3), (8, 10), (0, 6), (0, 12), (2, 3), (11, 6), (2, 12)])"
13,27,1,0.0011172294616699219,0.0038840770721435547,0.0050013065338134766,0.12088966369628906,"(Vertices: [0, 1, 2, 3, 4, 5, 6, 7, 8, 9, 10, 11, 12]) -- (Edges: [(12, 4), (4, 12), (5, 7), (8, 0), (8, 9), (8, 6), (9, 11), (0, 8), (1, 3), (1, 9), (0, 11), (4, 5), (12, 6), (8, 2), (9, 1), (11, 4), (2, 4), (1, 2), (0, 4), (10, 11), (3, 11), (8, 4), (11, 3), (0, 9), (10, 7), (0, 12), (2, 12)])"
13,26,91,0.000446319580078125,0.0033736228942871094,0.0038199424743652344,0.0583648681640625,"(Vertices: [0, 1, 2, 3, 4, 5, 6, 7, 8, 9, 10, 11, 12]) -- (Edges: [(3, 7), (4, 6), (9, 2), (9, 5), (10, 6), (11, 5), (2, 11), (1, 3), (1, 9), (1, 12), (8, 2), (9, 1), (9, 7), (8, 5), (9, 10), (0, 7), (10, 5), (0, 4), (0, 10), (2, 7), (3, 5), (10, 4), (0, 9), (10, 7), (0, 12), (2, 6)])"
13,21,1,0.002471923828125,0.006085872650146484,0.008557796478271484,0.1369638442993164,"(Vertices: [0, 1, 2, 3, 4, 5, 6, 7, 8, 9, 10, 11, 12]) -- (Edges: [(12, 4), (3, 7), (4, 12), (9, 2), (8, 0), (8, 9), (10, 6), (0, 5), (9, 11), (0, 8), (1, 3), (9, 7), (10, 11), (0, 10), (12, 5), (3, 5), (9, 3), (9, 6), (0, 3), (0, 9), (0, 6)])"
13,31,91,0.002125263214111328,0.004170656204223633,0.006295919418334961,0.07853317260742188,"(Vertices: [0, 1, 2, 3, 4, 5, 6, 7, 8, 9, 10, 11, 12]) -- (Edges: [(12, 7), (3, 4), (8, 0), (9, 5), (8, 9), (10, 6), (0, 5), (10, 3), (8, 12), (0, 8), (2, 11), (1, 9), (0, 11), (10, 12), (1, 12), (4, 5), (5, 6), (9, 1), (9, 7), (8, 11), (9, 10), (11, 7), (2, 4), (0, 4), (2, 7), (1, 11), (3, 11), (9, 3), (11, 3), (9, 12), (1, 4)])"
13,25,1,0.0009083747863769531,0.003856182098388672,0.004764556884765625,0.12088966369628906,"(Vertices: [0, 1, 2, 3, 4, 5, 6, 7, 8, 9, 10, 11, 12]) -- (Edges: [(12, 7), (3, 7), (8, 0), (0, 2), (8, 9), (9, 11), (0, 8), (2, 5), (2, 11), (10, 12), (3, 12), (8, 2), (8, 11), (0, 7), (2, 4), (10, 5), (0, 10), (2, 7), (1, 11), (12, 5), (3, 5), (8, 7), (10, 7), (1, 4), (2, 12)])"
13,32,91,0.0004544258117675781,0.00382232666015625,0.004276752471923828,0.0583648681640625,"(Vertices: [0, 1, 2, 3, 4, 5, 6, 7, 8, 9, 10, 11, 12]) -- (Edges: [(12, 7), (3, 7), (8, 0), (9, 5), (0, 2), (8, 3), (8, 9), (11, 5), (10, 3), (9, 11), (0, 8), (2, 5), (1, 3), (2, 11), (10, 12), (3, 6), (9, 7), (11, 7), (1, 2), (0, 4), (10, 11), (4, 7), (9, 3), (8, 7), (10, 4), (0, 3), (8, 10), (10, 7), (9, 12), (0, 6), (0, 12), (2, 6)])"
13,29,1,0.0009357929229736328,0.0035278797149658203,0.004463672637939453,0.12088966369628906,"(Vertices: [0, 1, 2, 3, 4, 5, 6, 7, 8, 9, 10, 11, 12]) -- (Edges: [(12, 7), (3, 4), (4, 6), (9, 2), (0, 5), (8, 6), (10, 12), (1, 12), (4, 5), (5, 6), (3, 6), (0, 7), (1, 2), (0, 4), (2, 7), (1, 11), (6, 7), (4, 7), (3, 5), (8, 1), (10, 4), (0, 3), (0, 9), (10, 7), (8, 10), (0, 6), (0, 12), (9, 12), (1, 10)])"
13,26,91,0.0003943443298339844,0.002718210220336914,0.0031125545501708984,0.0583648681640625,"(Vertices: [0, 1, 2, 3, 4, 5, 6, 7, 8, 9, 10, 11, 12]) -- (Edges: [(12, 7), (3, 7), (4, 6), (5, 7), (9, 5), (10, 6), (11, 5), (10, 3), (1, 6), (2, 11), (12, 6), (5, 6), (8, 2), (8, 11), (10, 2), (0, 1), (11, 7), (9, 10), (2, 10), (3, 11), (9, 3), (8, 1), (11, 3), (1, 4), (11, 6), (0, 12)])"
13,26,1,0.0008428096771240234,0.004457712173461914,0.0053005218505859375,0.12088966369628906,"(Vertices: [0, 1, 2, 3, 4, 5, 6, 7, 8, 9, 10, 11, 12]) -- (Edges: [(5, 7), (8, 3), (10, 3), (1, 6), (2, 11), (1, 12), (4, 5), (12, 6), (8, 2), (8, 5), (11, 4), (8, 11), (0, 1), (11, 7), (0, 4), (0, 10), (2, 7), (1, 5), (6, 7), (3, 5), (9, 3), (8, 7), (9, 6), (10, 7), (1, 7), (1, 10)])"
13,30,91,0.0011649131774902344,0.00327301025390625,0.004437923431396484,0.05830097198486328,"(Vertices: [0, 1, 2, 3, 4, 5, 6, 7, 8, 9, 10, 11, 12]) -- (Edges: [(12, 4), (12, 7), (3, 4), (3, 7), (4, 12), (9, 5), (8, 6), (9, 11), (2, 5), (3, 12), (8, 5), (8, 11), (10, 2), (0, 1), (0, 7), (11, 7), (10, 11), (0, 4), (0, 10), (2, 10), (12, 5), (3, 5), (8, 4), (9, 3), (10, 4), (0, 3), (0, 9), (10, 7), (0, 6), (2, 6)])"
13,25,1,0.0016117095947265625,0.0038518905639648438,0.005463600158691406,0.12088966369628906,"(Vertices: [0, 1, 2, 3, 4, 5, 6, 7, 8, 9, 10, 11, 12]) -- (Edges: [(3, 7), (8, 0), (9, 5), (10, 6), (0, 5), (11, 5), (8, 6), (8, 12), (0, 8), (2, 11), (1, 3), (1, 9), (1, 12), (4, 5), (3, 12), (8, 2), (9, 1), (0, 1), (1, 11), (3, 5), (9, 3), (9, 6), (0, 9), (8, 10), (11, 6)])"
13,31,91,0.0007805824279785156,0.004075527191162109,0.004856109619140625,0.0583648681640625,"(Vertices: [0, 1, 2, 3, 4, 5, 6, 7, 8, 9, 10, 11, 12]) -- (Edges: [(12, 7), (3, 7), (4, 6), (9, 2), (8, 3), (11, 5), (10, 3), (8, 12), (1, 3), (10, 12), (0, 11), (12, 6), (8, 11), (0, 1), (0, 7), (11, 7), (10, 11), (0, 4), (1, 5), (4, 7), (3, 11), (9, 3), (8, 1), (8, 7), (9, 6), (11, 3), (0, 9), (11, 6), (0, 12), (1, 7), (2, 6)])"
13,34,1,0.002526521682739258,0.004380464553833008,0.006906986236572266,0.14174556732177734,"(Vertices: [0, 1, 2, 3, 4, 5, 6, 7, 8, 9, 10, 11, 12]) -- (Edges: [(3, 7), (4, 6), (8, 9), (8, 6), (10, 3), (8, 12), (1, 6), (2, 11), (4, 5), (8, 2), (9, 7), (8, 11), (9, 4), (9, 10), (11, 7), (10, 5), (1, 2), (0, 4), (10, 2), (2, 7), (1, 11), (2, 10), (8, 4), (8, 1), (8, 7), (0, 3), (9, 12), (10, 7), (0, 6), (2, 3), (11, 6), (1, 7), (2, 6), (2, 12)])"
13,27,91,0.0020761489868164062,0.005117893218994141,0.007194042205810547,0.07853889465332031,"(Vertices: [0, 1, 2, 3, 4, 5, 6, 7, 8, 9, 10, 11, 12]) -- (Edges: [(12, 4), (12, 7), (3, 7), (4, 12), (8, 3), (11, 5), (8, 12), (2, 5), (1, 3), (2, 11), (0, 11), (4, 5), (5, 6), (3, 12), (8, 2), (0, 7), (0, 10), (1, 11), (3, 5), (8, 7), (10, 4), (9, 6), (0, 3), (10, 7), (0, 6), (0, 12), (2, 3)])"
13,31,1,0.0023331642150878906,0.005100250244140625,0.007433414459228516,0.1448822021484375,"(Vertices: [0, 1, 2, 3, 4, 5, 6, 7, 8, 9, 10, 11, 12]) -- (Edges: [(12, 7), (3, 7), (4, 6), (5, 7), (8, 0), (0, 5), (11, 5), (8, 6), (0, 8), (2, 5), (0, 11), (1, 12), (11, 4), (10, 2), (9, 4), (0, 1), (11, 7), (2, 4), (1, 2), (9, 10), (10, 11), (1, 5), (2, 10), (8, 1), (9, 6), (0, 9), (10, 7), (0, 12), (1, 7), (2, 12), (1, 10)])"
13,20,91,0.0018489360809326172,0.003882169723510742,0.005731105804443359,0.07853984832763672,"(Vertices: [0, 1, 2, 3, 4, 5, 6, 7, 8, 9, 10, 11, 12]) -- (Edges: [(12, 4), (3, 7), (4, 6), (4, 12), (9, 2), (5, 7), (0, 2), (8, 9), (1, 6), (2, 5), (10, 12), (3, 12), (8, 5), (10, 2), (1, 5), (2, 10), (10, 4), (9, 12), (0, 6), (11, 12)])"
13,28,1,0.002199888229370117,0.004571676254272461,0.006771564483642578,0.14175891876220703,"(Vertices: [0, 1, 2, 3, 4, 5, 6, 7, 8, 9, 10, 11, 12]) -- (Edges: [(12, 7), (4, 6), (9, 2), (5, 7), (9, 5), (8, 9), (11, 5), (10, 3), (8, 6), (1, 6), (8, 12), (0, 11), (4, 5), (11, 4), (9, 4), (0, 1), (11, 7), (9, 10), (10, 11), (0, 10), (6, 7), (3, 5), (9, 3), (8, 7), (10, 4), (9, 12), (0, 9), (1, 7)])"
13,32,91,0.0019106864929199219,0.005106687545776367,0.007017374038696289,0.07684135437011719,"(Vertices: [0, 1, 2, 3, 4, 5, 6, 7, 8, 9, 10, 11, 12]) -- (Edges: [(9, 2), (5, 7), (8, 0), (9, 5), (0, 2), (8, 9), (8, 6), (10, 3), (1, 6), (0, 8), (9, 11), (1, 3), (2, 11), (0, 11), (1, 12), (9, 7), (8, 5), (11, 7), (0, 4), (0, 10), (2, 7), (6, 7), (4, 7), (3, 5), (3, 11), (8, 4), (9, 3), (0, 3), (11, 3), (11, 12), (2, 12), (1, 10)])"
13,27,1,0.0008296966552734375,0.0034804344177246094,0.004310131072998047,0.12082576751708984,"(Vertices: [0, 1, 2, 3, 4, 5, 6, 7, 8, 9, 10, 11, 12]) -- (Edges: [(12, 4), (4, 6), (4, 12), (0, 2), (8, 3), (9, 11), (2, 5), (2, 11), (1, 3), (1, 9), (1, 12), (8, 2), (9, 1), (10, 2), (10, 5), (10, 11), (1, 11), (2, 10), (4, 7), (3, 11), (9, 3), (10, 4), (11, 3), (0, 9), (9, 12), (2, 3), (11, 12)])"
13,41,91,0.0004131793975830078,0.0024750232696533203,0.002888202667236328,0.0583648681640625,"(Vertices: [0, 1, 2, 3, 4, 5, 6, 7, 8, 9, 10, 11, 12]) -- (Edges: [(12, 4), (3, 4), (4, 6), (4, 12), (9, 2), (5, 7), (9, 5), (8, 9), (8, 6), (1, 6), (9, 11), (2, 11), (1, 9), (0, 11), (10, 12), (12, 6), (5, 6), (3, 6), (9, 1), (9, 7), (11, 4), (8, 11), (9, 4), (10, 2), (1, 2), (2, 7), (1, 5), (1, 11), (2, 10), (6, 7), (4, 7), (3, 5), (3, 11), (8, 4), (9, 3), (11, 3), (8, 10), (0, 6), (2, 3), (11, 6), (11, 12)])"
13,30,1,0.0022530555725097656,0.004926443099975586,0.0071794986724853516,0.14496612548828125,"(Vertices: [0, 1, 2, 3, 4, 5, 6, 7, 8, 9, 10, 11, 12]) -- (Edges: [(3, 7), (4, 6), (5, 7), (9, 5), (0, 5), (10, 3), (11, 5), (8, 6), (10, 12), (1, 12), (12, 6), (10, 2), (9, 4), (0, 1), (11, 7), (0, 4), (0, 10), (2, 7), (1, 5), (2, 10), (6, 7), (3, 5), (8, 4), (10, 4), (0, 3), (8, 10), (9, 12), (0, 6), (11, 6), (1, 10)])"
13,23,91,0.0026597976684570312,0.003762960433959961,0.006422758102416992,0.07684040069580078,"(Vertices: [0, 1, 2, 3, 4, 5, 6, 7, 8, 9, 10, 11, 12]) -- (Edges: [(12, 4), (3, 4), (3, 7), (4, 12), (9, 2), (5, 7), (9, 5), (0, 2), (0, 5), (11, 5), (9, 11), (10, 12), (4, 5), (12, 6), (3, 6), (3, 12), (0, 1), (10, 5), (1, 5), (6, 7), (8, 7), (1, 4), (1, 10)])"
13,35,1,0.0022859573364257812,0.0050067901611328125,0.007292747497558594,0.1387643814086914,"(Vertices: [0, 1, 2, 3, 4, 5, 6, 7, 8, 9, 10, 11, 12]) -- (Edges: [(12, 4), (4, 12), (5, 7), (8, 0), (0, 2), (8, 9), (10, 6), (10, 3), (0, 8), (2, 5), (1, 3), (2, 11), (10, 12), (1, 12), (12, 6), (8, 2), (8, 5), (8, 11), (0, 7), (10, 5), (11, 7), (0, 10), (1, 5), (6, 7), (4, 7), (3, 5), (3, 11), (8, 4), (8, 7), (10, 4), (11, 3), (0, 9), (10, 7), (0, 12), (11, 12)])"
13,27,91,0.0027666091918945312,0.0035631656646728516,0.006329774856567383,0.07854366302490234,"(Vertices: [0, 1, 2, 3, 4, 5, 6, 7, 8, 9, 10, 11, 12]) -- (Edges: [(12, 4), (3, 7), (4, 12), (9, 2), (9, 5), (0, 2), (8, 3), (1, 6), (2, 5), (10, 12), (1, 9), (5, 6), (9, 1), (8, 11), (9, 4), (0, 1), (10, 2), (2, 4), (0, 10), (2, 10), (4, 7), (9, 3), (1, 4), (2, 3), (1, 7), (2, 6), (2, 12)])"
13,26,1,0.0015325546264648438,0.0041332244873046875,0.005665779113769531,0.12088966369628906,"(Vertices: [0, 1, 2, 3, 4, 5, 6, 7, 8, 9, 10, 11, 12]) -- (Edges: [(12, 4), (3, 7), (4, 6), (4, 12), (9, 2), (1, 6), (1, 3), (0, 11), (4, 5), (5, 6), (8, 5), (11, 4), (9, 4), (8, 11), (1, 2), (0, 4), (10, 11), (1, 5), (6, 7), (3, 11), (8, 7), (11, 3), (8, 10), (9, 12), (0, 6), (11, 12)])"
13,27,91,0.0007045269012451172,0.0030014514923095703,0.0037059783935546875,0.0583648681640625,"(Vertices: [0, 1, 2, 3, 4, 5, 6, 7, 8, 9, 10, 11, 12]) -- (Edges: [(4, 6), (9, 2), (8, 3), (10, 6), (11, 5), (10, 3), (8, 12), (1, 6), (2, 5), (2, 11), (10, 12), (12, 6), (8, 2), (9, 7), (11, 4), (8, 11), (9, 4), (1, 2), (0, 4), (12, 5), (8, 4), (9, 3), (8, 7), (0, 9), (8, 10), (1, 7), (1, 10)])"
13,27,1,0.0022614002227783203,0.0041239261627197266,0.006385326385498047,0.14064502716064453,"(Vertices: [0, 1, 2, 3, 4, 5, 6, 7, 8, 9, 10, 11, 12]) -- (Edges: [(12, 4), (12, 7), (4, 12), (9, 5), (0, 2), (8, 3), (11, 5), (1, 9), (0, 11), (1, 12), (12, 6), (5, 6), (3, 6), (9, 1), (8, 5), (9, 10), (2, 4), (10, 5), (0, 10), (2, 7), (1, 5), (1, 11), (8, 7), (0, 3), (8, 10), (9, 12), (1, 7)])"
13,20,91,0.002373218536376953,0.0040547847747802734,0.0064280033111572266,0.0768575668334961,"(Vertices: [0, 1, 2, 3, 4, 5, 6, 7, 8, 9, 10, 11, 12]) -- (Edges: [(5, 7), (9, 5), (8, 9), (11, 5), (1, 6), (10, 12), (1, 3), (1, 9), (3, 6), (9, 1), (8, 11), (2, 4), (6, 7), (4, 7), (8, 1), (9, 6), (0, 3), (9, 12), (11, 12), (1, 10)])"
13,28,1,0.0012967586517333984,0.004090309143066406,0.005387067794799805,0.12088966369628906,"(Vertices: [0, 1, 2, 3, 4, 5, 6, 7, 8, 9, 10, 11, 12]) -- (Edges: [(9, 5), (8, 9), (10, 6), (0, 5), (8, 12), (1, 6), (2, 5), (1, 3), (2, 11), (10, 12), (12, 6), (5, 6), (3, 6), (8, 2), (9, 7), (8, 5), (8, 11), (1, 2), (10, 11), (1, 11), (3, 11), (9, 3), (8, 7), (9, 6), (0, 3), (11, 3), (10, 7), (2, 6)])"
13,28,91,0.001024007797241211,0.003328561782836914,0.004352569580078125,0.0583648681640625,"(Vertices: [0, 1, 2, 3, 4, 5, 6, 7, 8, 9, 10, 11, 12]) -- (Edges: [(12, 4), (12, 7), (4, 12), (5, 7), (9, 5), (0, 2), (0, 5), (9, 11), (10, 12), (0, 11), (1, 12), (12, 6), (5, 6), (3, 6), (9, 7), (0, 1), (0, 7), (1, 5), (1, 11), (6, 7), (12, 5), (3, 11), (8, 4), (8, 1), (0, 3), (11, 3), (10, 7), (8, 10)])"
14,32,1,0.0025005340576171875,0.004573345184326172,0.007073879241943359,0.1438751220703125,"(Vertices: [0, 1, 2, 3, 4, 5, 6, 7, 8, 9, 10, 11, 12, 13]) -- (Edges: [(12, 7), (3, 4), (3, 7), (4, 6), (0, 2), (8, 3), (11, 5), (9, 11), (2, 11), (1, 3), (1, 9), (5, 6), (3, 6), (8, 2), (9, 1), (11, 4), (10, 2), (9, 4), (0, 7), (9, 13), (0, 10), (1, 5), (2, 10), (3, 11), (4, 13), (8, 1), (8, 7), (10, 4), (11, 3), (0, 9), (2, 3), (1, 7)])"
14,30,128,0.0005996227264404297,0.002077817916870117,0.002677440643310547,0.060250282287597656,"(Vertices: [0, 1, 2, 3, 4, 5, 6, 7, 8, 9, 10, 11, 12, 13]) -- (Edges: [(3, 7), (12, 13), (9, 2), (8, 0), (5, 13), (3, 13), (0, 2), (9, 5), (0, 5), (1, 6), (0, 8), (13, 5), (3, 6), (3, 12), (10, 2), (9, 4), (1, 5), (11, 13), (2, 10), (6, 7), (12, 5), (3, 11), (8, 4), (4, 13), (8, 7), (11, 3), (9, 12), (1, 4), (0, 12), (1, 7)])"
14,29,1,0.0008053779602050781,0.0037271976470947266,0.004532575607299805,0.12142086029052734,"(Vertices: [0, 1, 2, 3, 4, 5, 6, 7, 8, 9, 10, 11, 12, 13]) -- (Edges: [(3, 7), (5, 7), (5, 13), (3, 13), (9, 5), (10, 6), (0, 5), (10, 3), (11, 5), (1, 6), (8, 12), (2, 11), (13, 5), (5, 6), (8, 2), (8, 5), (0, 1), (11, 13), (6, 7), (4, 13), (9, 3), (10, 4), (1, 4), (0, 6), (2, 3), (10, 13), (1, 7), (11, 12), (13, 6)])"
14,36,128,0.0009877681732177734,0.003530263900756836,0.004518032073974609,0.05862140655517578,"(Vertices: [0, 1, 2, 3, 4, 5, 6, 7, 8, 9, 10, 11, 12, 13]) -- (Edges: [(12, 13), (5, 7), (5, 13), (3, 13), (8, 9), (10, 6), (0, 5), (11, 5), (1, 6), (9, 11), (13, 5), (1, 9), (1, 12), (4, 5), (12, 6), (9, 1), (9, 7), (8, 5), (11, 4), (9, 4), (8, 11), (0, 7), (0, 4), (11, 13), (12, 5), (3, 5), (8, 1), (8, 7), (10, 4), (9, 6), (9, 12), (8, 10), (0, 12), (2, 3), (1, 7), (1, 10)])"
14,34,1,0.0025587081909179688,0.0050356388092041016,0.00759434700012207,0.1397533416748047,"(Vertices: [0, 1, 2, 3, 4, 5, 6, 7, 8, 9, 10, 11, 12, 13]) -- (Edges: [(12, 4), (12, 7), (3, 4), (4, 6), (4, 12), (9, 2), (9, 5), (8, 3), (8, 9), (10, 6), (0, 5), (11, 5), (8, 6), (8, 12), (2, 11), (12, 6), (5, 6), (9, 7), (8, 5), (10, 2), (9, 4), (9, 13), (11, 13), (2, 10), (3, 5), (8, 4), (4, 13), (9, 3), (8, 1), (0, 9), (8, 10), (1, 13), (2, 12), (1, 10)])"
14,33,128,0.000751495361328125,0.0027511119842529297,0.0035026073455810547,0.05862140655517578,"(Vertices: [0, 1, 2, 3, 4, 5, 6, 7, 8, 9, 10, 11, 12, 13]) -- (Edges: [(12, 4), (4, 6), (4, 12), (5, 7), (8, 0), (9, 5), (0, 2), (8, 9), (0, 5), (8, 6), (0, 8), (2, 5), (2, 11), (1, 12), (3, 6), (3, 12), (11, 4), (8, 11), (11, 7), (10, 5), (10, 11), (0, 4), (13, 7), (1, 11), (2, 13), (3, 5), (9, 6), (8, 10), (1, 4), (10, 13), (2, 6), (13, 6), (1, 10)])"
14,31,1,0.0008630752563476562,0.0035719871520996094,0.004435062408447266,0.1215057373046875,"(Vertices: [0, 1, 2, 3, 4, 5, 6, 7, 8, 9, 10, 11, 12, 13]) -- (Edges: [(12, 4), (3, 4), (3, 7), (4, 12), (5, 7), (8, 0), (3, 13), (8, 9), (0, 5), (0, 8), (2, 5), (1, 3), (10, 12), (0, 11), (9, 7), (11, 7), (10, 11), (9, 13), (0, 13), (2, 13), (12, 5), (3, 5), (3, 11), (4, 13), (10, 4), (11, 3), (0, 9), (10, 7), (1, 4), (8, 10), (0, 12)])"
14,32,128,0.0011208057403564453,0.003935813903808594,0.005056619644165039,0.05862140655517578,"(Vertices: [0, 1, 2, 3, 4, 5, 6, 7, 8, 9, 10, 11, 12, 13]) -- (Edges: [(12, 7), (3, 7), (4, 6), (12, 13), (8, 0), (0, 5), (1, 6), (0, 8), (2, 5), (2, 11), (10, 12), (9, 7), (11, 4), (10, 2), (9, 10), (0, 7), (10, 5), (11, 7), (2, 7), (1, 5), (2, 10), (12, 5), (3, 11), (9, 3), (11, 3), (8, 10), (1, 4), (0, 6), (2, 3), (1, 13), (2, 12), (1, 10)])"
14,39,1,0.0026273727416992188,0.004233598709106445,0.006860971450805664,0.1453418731689453,"(Vertices: [0, 1, 2, 3, 4, 5, 6, 7, 8, 9, 10, 11, 12, 13]) -- (Edges: [(3, 4), (3, 7), (4, 6), (9, 2), (5, 13), (3, 13), (0, 2), (8, 3), (10, 6), (8, 9), (0, 5), (11, 5), (8, 12), (9, 11), (2, 5), (1, 3), (13, 5), (0, 11), (10, 12), (9, 7), (11, 4), (9, 4), (0, 7), (10, 5), (11, 7), (13, 7), (11, 13), (2, 13), (3, 5), (0, 3), (0, 9), (8, 10), (9, 12), (10, 13), (2, 3), (8, 13), (1, 13), (2, 6), (1, 10)])"
14,28,128,0.0007450580596923828,0.0032052993774414062,0.003950357437133789,0.05862140655517578,"(Vertices: [0, 1, 2, 3, 4, 5, 6, 7, 8, 9, 10, 11, 12, 13]) -- (Edges: [(9, 2), (3, 13), (9, 5), (11, 5), (8, 12), (9, 11), (2, 5), (4, 5), (12, 6), (5, 6), (9, 7), (10, 2), (0, 10), (13, 7), (1, 11), (11, 13), (2, 10), (2, 13), (6, 7), (3, 11), (0, 3), (0, 9), (11, 3), (1, 4), (10, 7), (8, 10), (1, 7), (1, 13)])"
14,25,1,0.003570556640625,0.0041315555572509766,0.0077021121978759766,0.14230823516845703,"(Vertices: [0, 1, 2, 3, 4, 5, 6, 7, 8, 9, 10, 11, 12, 13]) -- (Edges: [(12, 4), (3, 7), (4, 12), (0, 2), (8, 9), (10, 3), (1, 3), (0, 11), (9, 7), (9, 4), (9, 10), (0, 7), (11, 7), (9, 13), (0, 10), (1, 11), (6, 7), (3, 11), (10, 4), (11, 3), (0, 6), (11, 6), (11, 12), (1, 7), (2, 6)])"
14,31,128,0.0006711483001708984,0.003409147262573242,0.004080295562744141,0.05862140655517578,"(Vertices: [0, 1, 2, 3, 4, 5, 6, 7, 8, 9, 10, 11, 12, 13]) -- (Edges: [(12, 4), (3, 4), (4, 12), (5, 7), (5, 13), (8, 9), (0, 5), (11, 5), (2, 11), (13, 5), (4, 5), (5, 6), (3, 6), (8, 2), (0, 1), (1, 2), (0, 4), (10, 11), (1, 5), (11, 13), (4, 7), (8, 4), (9, 3), (0, 3), (8, 10), (9, 12), (1, 4), (1, 7), (2, 6), (2, 12), (1, 10)])"
14,42,1,0.0008196830749511719,0.0036864280700683594,0.004506111145019531,0.12135696411132812,"(Vertices: [0, 1, 2, 3, 4, 5, 6, 7, 8, 9, 10, 11, 12, 13]) -- (Edges: [(12, 4), (3, 4), (4, 12), (9, 2), (5, 7), (8, 0), (9, 5), (8, 3), (8, 9), (10, 6), (11, 5), (10, 3), (0, 8), (1, 3), (1, 9), (5, 6), (3, 6), (3, 12), (9, 1), (11, 4), (8, 11), (9, 4), (0, 1), (11, 7), (2, 4), (10, 5), (0, 4), (0, 10), (2, 7), (0, 13), (11, 13), (12, 5), (4, 7), (3, 5), (3, 11), (4, 13), (9, 3), (10, 4), (11, 3), (10, 7), (2, 12), (1, 10)])"
14,38,128,0.00048279762268066406,0.003298044204711914,0.003780841827392578,0.05862140655517578,"(Vertices: [0, 1, 2, 3, 4, 5, 6, 7, 8, 9, 10, 11, 12, 13]) -- (Edges: [(3, 7), (12, 13), (5, 13), (3, 13), (0, 2), (9, 5), (8, 6), (10, 3), (2, 11), (1, 9), (0, 11), (13, 5), (10, 12), (1, 12), (8, 2), (9, 1), (8, 11), (9, 4), (10, 2), (11, 7), (2, 4), (0, 4), (2, 7), (1, 5), (0, 13), (2, 10), (6, 7), (12, 5), (3, 11), (4, 13), (10, 4), (11, 3), (1, 4), (0, 12), (8, 13), (1, 7), (1, 13), (2, 12)])"
14,42,1,0.0009362697601318359,0.0035369396209716797,0.004473209381103516,0.12142086029052734,"(Vertices: [0, 1, 2, 3, 4, 5, 6, 7, 8, 9, 10, 11, 12, 13]) -- (Edges: [(9, 2), (5, 7), (8, 0), (3, 13), (0, 2), (8, 3), (8, 9), (0, 5), (8, 6), (0, 8), (2, 11), (1, 9), (0, 11), (10, 12), (1, 12), (9, 1), (9, 7), (8, 11), (10, 2), (0, 7), (2, 4), (11, 7), (10, 11), (0, 10), (2, 7), (13, 7), (0, 13), (2, 10), (6, 7), (4, 7), (3, 11), (4, 13), (9, 3), (8, 1), (8, 7), (0, 3), (11, 3), (8, 10), (11, 6), (11, 12), (2, 12), (1, 10)])"
14,26,128,0.0008606910705566406,0.0034580230712890625,0.004318714141845703,0.05862140655517578,"(Vertices: [0, 1, 2, 3, 4, 5, 6, 7, 8, 9, 10, 11, 12, 13]) -- (Edges: [(12, 13), (3, 13), (11, 5), (10, 3), (8, 6), (9, 11), (1, 12), (9, 7), (11, 4), (8, 11), (9, 4), (9, 10), (11, 7), (1, 5), (13, 7), (11, 13), (6, 7), (3, 11), (9, 3), (8, 7), (11, 3), (10, 13), (0, 12), (8, 13), (13, 6), (1, 10)])"
14,36,1,0.0008852481842041016,0.003551959991455078,0.00443720817565918,0.12135696411132812,"(Vertices: [0, 1, 2, 3, 4, 5, 6, 7, 8, 9, 10, 11, 12, 13]) -- (Edges: [(3, 7), (8, 0), (5, 13), (3, 13), (0, 2), (8, 3), (8, 12), (1, 6), (0, 8), (9, 11), (1, 3), (13, 5), (5, 6), (3, 12), (11, 4), (8, 5), (8, 11), (0, 1), (0, 7), (2, 4), (1, 2), (11, 7), (2, 7), (1, 5), (6, 7), (12, 5), (3, 11), (8, 4), (9, 6), (0, 3), (11, 3), (10, 7), (8, 10), (8, 13), (2, 12), (1, 10)])"
14,32,128,0.0011267662048339844,0.0035576820373535156,0.0046844482421875,0.05862140655517578,"(Vertices: [0, 1, 2, 3, 4, 5, 6, 7, 8, 9, 10, 11, 12, 13]) -- (Edges: [(12, 7), (3, 4), (4, 6), (5, 13), (3, 13), (0, 2), (0, 5), (10, 3), (8, 12), (9, 11), (1, 3), (13, 5), (1, 12), (12, 6), (3, 12), (10, 5), (2, 7), (0, 13), (2, 13), (4, 7), (3, 5), (3, 11), (8, 1), (8, 7), (11, 3), (0, 9), (0, 6), (11, 6), (8, 13), (1, 7), (2, 12), (1, 10)])"
14,36,1,0.0026547908782958984,0.004415035247802734,0.007069826126098633,0.14392471313476562,"(Vertices: [0, 1, 2, 3, 4, 5, 6, 7, 8, 9, 10, 11, 12, 13]) -- (Edges: [(3, 4), (3, 7), (3, 13), (0, 2), (8, 9), (0, 5), (11, 5), (2, 5), (2, 11), (10, 12), (0, 11), (4, 5), (5, 6), (11, 4), (8, 5), (9, 4), (0, 1), (9, 10), (10, 5), (10, 11), (1, 11), (2, 13), (3, 11), (8, 4), (8, 1), (8, 7), (11, 3), (8, 10), (10, 7), (10, 13), (0, 6), (2, 3), (11, 6), (1, 7), (13, 6), (1, 10)])"
14,39,128,0.0008642673492431641,0.003435373306274414,0.004299640655517578,0.06171226501464844,"(Vertices: [0, 1, 2, 3, 4, 5, 6, 7, 8, 9, 10, 11, 12, 13]) -- (Edges: [(12, 7), (3, 7), (12, 13), (5, 13), (3, 13), (11, 5), (10, 3), (8, 6), (2, 5), (2, 11), (1, 9), (13, 5), (10, 12), (3, 6), (9, 1), (9, 7), (8, 5), (8, 11), (9, 4), (0, 1), (11, 7), (2, 4), (9, 10), (13, 7), (0, 13), (2, 13), (6, 7), (12, 5), (4, 7), (3, 11), (8, 4), (4, 13), (11, 3), (0, 9), (9, 12), (10, 13), (11, 6), (0, 12), (1, 7)])"
14,38,1,0.0025298595428466797,0.0044460296630859375,0.006975889205932617,0.1439342498779297,"(Vertices: [0, 1, 2, 3, 4, 5, 6, 7, 8, 9, 10, 11, 12, 13]) -- (Edges: [(3, 7), (12, 13), (8, 0), (5, 13), (3, 13), (9, 5), (10, 6), (11, 5), (8, 12), (0, 8), (1, 3), (13, 5), (10, 12), (1, 12), (5, 6), (3, 12), (9, 7), (8, 11), (0, 1), (9, 10), (10, 11), (0, 4), (0, 10), (2, 7), (1, 5), (1, 11), (9, 13), (6, 7), (4, 7), (3, 5), (8, 4), (0, 3), (0, 9), (10, 7), (8, 10), (0, 12), (2, 3), (2, 6)])"
14,36,128,0.00044918060302734375,0.003384828567504883,0.0038340091705322266,0.05862140655517578,"(Vertices: [0, 1, 2, 3, 4, 5, 6, 7, 8, 9, 10, 11, 12, 13]) -- (Edges: [(12, 7), (9, 2), (5, 7), (9, 5), (8, 3), (8, 9), (0, 5), (11, 5), (8, 12), (9, 11), (1, 3), (10, 12), (1, 12), (4, 5), (12, 6), (8, 2), (11, 4), (0, 1), (0, 7), (2, 4), (10, 5), (11, 7), (13, 7), (1, 11), (6, 7), (8, 4), (8, 1), (9, 6), (0, 3), (8, 10), (9, 12), (2, 3), (11, 12), (1, 7), (2, 6), (1, 10)])"
14,32,1,0.0018873214721679688,0.0050547122955322266,0.006942033767700195,0.1361103057861328,"(Vertices: [0, 1, 2, 3, 4, 5, 6, 7, 8, 9, 10, 11, 12, 13]) -- (Edges: [(12, 4), (12, 7), (4, 12), (10, 6), (8, 6), (10, 3), (8, 12), (1, 6), (1, 9), (12, 6), (3, 6), (3, 12), (9, 1), (8, 11), (9, 10), (0, 7), (1, 2), (0, 10), (1, 11), (2, 13), (4, 7), (3, 5), (3, 11), (8, 4), (9, 3), (8, 1), (11, 3), (1, 4), (10, 13), (8, 13), (2, 6), (2, 12)])"
14,38,128,0.0004353523254394531,0.0020487308502197266,0.0024840831756591797,0.05862140655517578,"(Vertices: [0, 1, 2, 3, 4, 5, 6, 7, 8, 9, 10, 11, 12, 13]) -- (Edges: [(12, 7), (12, 13), (9, 2), (5, 7), (8, 0), (11, 5), (8, 6), (0, 8), (10, 12), (0, 11), (1, 12), (5, 6), (3, 12), (10, 5), (1, 2), (9, 13), (2, 7), (1, 5), (1, 11), (0, 13), (2, 13), (4, 7), (3, 11), (4, 13), (8, 7), (0, 3), (11, 3), (10, 7), (1, 4), (11, 6), (0, 12), (9, 12), (1, 7), (10, 13), (2, 6), (2, 12), (1, 10), (13, 6)])"
14,41,1,0.002268075942993164,0.004617214202880859,0.0068852901458740234,0.1421976089477539,"(Vertices: [0, 1, 2, 3, 4, 5, 6, 7, 8, 9, 10, 11, 12, 13]) -- (Edges: [(12, 4), (12, 7), (3, 4), (3, 7), (4, 6), (4, 12), (9, 2), (5, 7), (8, 0), (9, 5), (0, 2), (8, 3), (8, 9), (0, 8), (10, 12), (3, 12), (8, 2), (11, 4), (8, 5), (10, 2), (0, 1), (0, 7), (11, 7), (9, 10), (0, 4), (13, 7), (11, 13), (2, 10), (2, 13), (12, 5), (3, 5), (3, 11), (9, 3), (8, 7), (10, 4), (11, 3), (0, 9), (10, 7), (10, 13), (2, 6), (13, 6)])"
14,31,128,0.0009007453918457031,0.003343820571899414,0.004244565963745117,0.05856513977050781,"(Vertices: [0, 1, 2, 3, 4, 5, 6, 7, 8, 9, 10, 11, 12, 13]) -- (Edges: [(3, 4), (9, 2), (5, 7), (5, 13), (0, 2), (8, 6), (1, 6), (9, 11), (13, 5), (1, 9), (1, 12), (9, 1), (8, 5), (0, 1), (10, 5), (10, 11), (0, 4), (1, 5), (0, 13), (11, 13), (2, 13), (4, 7), (3, 5), (4, 13), (8, 7), (10, 7), (0, 6), (0, 12), (11, 12), (2, 6), (13, 6)])"
14,35,1,0.002955198287963867,0.004421710968017578,0.007376909255981445,0.14393997192382812,"(Vertices: [0, 1, 2, 3, 4, 5, 6, 7, 8, 9, 10, 11, 12, 13]) -- (Edges: [(12, 7), (3, 7), (5, 7), (8, 0), (5, 13), (8, 9), (10, 6), (11, 5), (8, 6), (1, 6), (0, 8), (1, 3), (1, 9), (13, 5), (3, 6), (9, 1), (9, 7), (11, 4), (8, 11), (9, 4), (10, 2), (1, 11), (2, 10), (2, 13), (6, 7), (3, 5), (3, 11), (9, 3), (10, 4), (11, 3), (0, 9), (8, 10), (1, 4), (10, 13), (0, 12)])"
14,23,128,0.0008935928344726562,0.003726482391357422,0.004620075225830078,0.05862140655517578,"(Vertices: [0, 1, 2, 3, 4, 5, 6, 7, 8, 9, 10, 11, 12, 13]) -- (Edges: [(12, 4), (4, 12), (12, 13), (8, 0), (3, 13), (8, 9), (10, 6), (0, 8), (12, 6), (9, 7), (8, 5), (9, 4), (11, 7), (1, 5), (2, 13), (6, 7), (4, 7), (3, 5), (3, 11), (9, 3), (0, 3), (11, 3), (9, 12)])"
14,22,1,0.0015985965728759766,0.0040819644927978516,0.005680561065673828,0.12142086029052734,"(Vertices: [0, 1, 2, 3, 4, 5, 6, 7, 8, 9, 10, 11, 12, 13]) -- (Edges: [(3, 7), (5, 7), (9, 5), (8, 9), (10, 6), (0, 5), (1, 6), (1, 3), (1, 12), (12, 6), (9, 7), (9, 4), (10, 5), (1, 2), (10, 11), (0, 10), (3, 5), (1, 4), (0, 6), (2, 3), (11, 6), (8, 13)])"
14,29,128,0.0004665851593017578,0.0027282238006591797,0.0031948089599609375,0.05862140655517578,"(Vertices: [0, 1, 2, 3, 4, 5, 6, 7, 8, 9, 10, 11, 12, 13]) -- (Edges: [(3, 4), (12, 13), (5, 7), (9, 5), (8, 3), (10, 6), (11, 5), (1, 3), (2, 11), (10, 12), (8, 2), (9, 7), (11, 4), (9, 10), (10, 5), (1, 2), (10, 11), (2, 7), (1, 5), (4, 7), (3, 5), (0, 3), (0, 9), (10, 7), (10, 13), (8, 13), (2, 12), (1, 10), (13, 6)])"
14,25,1,0.002620697021484375,0.003226757049560547,0.005847454071044922,0.140869140625,"(Vertices: [0, 1, 2, 3, 4, 5, 6, 7, 8, 9, 10, 11, 12, 13]) -- (Edges: [(9, 2), (5, 13), (0, 2), (11, 5), (8, 6), (13, 5), (3, 6), (11, 7), (10, 11), (2, 7), (0, 13), (3, 11), (8, 4), (9, 3), (10, 4), (11, 3), (0, 9), (10, 7), (1, 4), (8, 10), (0, 12), (8, 13), (11, 12), (1, 13), (13, 6)])"
14,35,128,0.0004298686981201172,0.0037260055541992188,0.004155874252319336,0.05862140655517578,"(Vertices: [0, 1, 2, 3, 4, 5, 6, 7, 8, 9, 10, 11, 12, 13]) -- (Edges: [(4, 6), (9, 2), (5, 7), (5, 13), (0, 2), (8, 3), (10, 6), (8, 9), (0, 5), (10, 3), (8, 12), (13, 5), (3, 6), (3, 12), (9, 7), (11, 4), (10, 2), (10, 5), (1, 2), (0, 4), (0, 10), (13, 7), (0, 13), (2, 10), (11, 13), (6, 7), (4, 13), (9, 12), (0, 9), (1, 4), (0, 6), (2, 3), (1, 13), (2, 6), (2, 12)])"
14,35,1,0.0026814937591552734,0.00400233268737793,0.006683826446533203,0.14391803741455078,"(Vertices: [0, 1, 2, 3, 4, 5, 6, 7, 8, 9, 10, 11, 12, 13]) -- (Edges: [(12, 7), (4, 6), (5, 7), (8, 0), (8, 9), (11, 5), (8, 6), (1, 6), (0, 8), (9, 11), (10, 12), (12, 6), (3, 6), (3, 12), (9, 7), (11, 4), (0, 1), (0, 7), (11, 7), (0, 10), (1, 11), (6, 7), (4, 7), (3, 11), (8, 4), (4, 13), (8, 1), (9, 6), (11, 3), (0, 6), (0, 12), (2, 3), (11, 6), (1, 13), (8, 13)])"
14,37,128,0.0009510517120361328,0.003530263900756836,0.004481315612792969,0.05862140655517578,"(Vertices: [0, 1, 2, 3, 4, 5, 6, 7, 8, 9, 10, 11, 12, 13]) -- (Edges: [(12, 4), (4, 6), (4, 12), (8, 0), (5, 13), (3, 13), (8, 3), (9, 5), (10, 6), (10, 3), (8, 12), (0, 8), (1, 3), (13, 5), (5, 6), (11, 4), (8, 11), (0, 1), (2, 4), (1, 2), (9, 13), (10, 11), (1, 5), (11, 13), (2, 13), (12, 5), (10, 4), (0, 3), (10, 7), (10, 13), (11, 6), (2, 3), (1, 7), (1, 13), (2, 6), (2, 12), (13, 6)])"
14,28,1,0.003544330596923828,0.002789020538330078,0.006333351135253906,0.14537334442138672,"(Vertices: [0, 1, 2, 3, 4, 5, 6, 7, 8, 9, 10, 11, 12, 13]) -- (Edges: [(9, 5), (0, 2), (0, 5), (10, 3), (11, 5), (1, 3), (2, 11), (10, 12), (3, 12), (9, 7), (8, 11), (9, 4), (10, 2), (0, 7), (11, 7), (1, 2), (0, 4), (9, 13), (2, 10), (12, 5), (10, 4), (9, 6), (0, 9), (10, 13), (11, 6), (2, 3), (11, 12), (13, 6)])"
14,27,128,0.0007796287536621094,0.0035262107849121094,0.004305839538574219,0.06025123596191406,"(Vertices: [0, 1, 2, 3, 4, 5, 6, 7, 8, 9, 10, 11, 12, 13]) -- (Edges: [(12, 7), (8, 0), (10, 6), (0, 5), (0, 8), (1, 3), (1, 9), (3, 6), (3, 12), (8, 2), (9, 1), (8, 11), (0, 7), (10, 11), (2, 7), (1, 11), (0, 13), (11, 13), (4, 13), (9, 3), (9, 6), (0, 3), (8, 10), (1, 4), (8, 13), (11, 12), (2, 12)])"
14,27,1,0.002218484878540039,0.004614114761352539,0.006832599639892578,0.1407918930053711,"(Vertices: [0, 1, 2, 3, 4, 5, 6, 7, 8, 9, 10, 11, 12, 13]) -- (Edges: [(12, 13), (8, 0), (8, 3), (10, 6), (8, 6), (1, 6), (0, 8), (1, 3), (0, 11), (1, 12), (4, 5), (3, 6), (8, 2), (9, 7), (9, 4), (10, 11), (2, 7), (1, 11), (0, 13), (12, 5), (8, 4), (9, 6), (9, 12), (8, 10), (0, 12), (1, 7), (2, 6)])"
14,34,128,0.001398324966430664,0.003281116485595703,0.004679441452026367,0.05862140655517578,"(Vertices: [0, 1, 2, 3, 4, 5, 6, 7, 8, 9, 10, 11, 12, 13]) -- (Edges: [(3, 7), (4, 6), (9, 2), (5, 13), (3, 13), (8, 3), (9, 5), (10, 3), (8, 12), (1, 6), (9, 11), (1, 3), (13, 5), (0, 11), (8, 2), (8, 5), (0, 1), (0, 7), (10, 5), (0, 4), (0, 10), (3, 5), (4, 13), (9, 3), (8, 1), (10, 4), (0, 9), (10, 13), (0, 6), (0, 12), (1, 7), (1, 13), (2, 12), (1, 10)])"
14,34,1,0.002670764923095703,0.00391840934753418,0.006589174270629883,0.13927459716796875,"(Vertices: [0, 1, 2, 3, 4, 5, 6, 7, 8, 9, 10, 11, 12, 13]) -- (Edges: [(3, 7), (9, 2), (5, 13), (9, 5), (0, 2), (10, 6), (8, 12), (9, 11), (2, 11), (13, 5), (0, 11), (10, 12), (3, 6), (8, 2), (11, 4), (8, 5), (9, 4), (8, 11), (0, 7), (11, 7), (9, 10), (0, 4), (10, 11), (2, 7), (1, 5), (2, 13), (4, 13), (1, 4), (0, 6), (2, 3), (11, 6), (10, 13), (2, 6), (13, 6)])"
14,36,128,0.0006773471832275391,0.0025031566619873047,0.0031805038452148438,0.06024932861328125,"(Vertices: [0, 1, 2, 3, 4, 5, 6, 7, 8, 9, 10, 11, 12, 13]) -- (Edges: [(12, 4), (4, 12), (12, 13), (8, 0), (5, 13), (8, 3), (8, 6), (10, 3), (8, 12), (0, 8), (2, 11), (1, 9), (13, 5), (10, 12), (9, 1), (8, 11), (9, 4), (10, 5), (9, 13), (0, 10), (2, 7), (2, 13), (6, 7), (12, 5), (8, 4), (4, 13), (8, 1), (8, 7), (9, 12), (0, 9), (0, 12), (2, 3), (8, 13), (1, 13), (13, 6), (1, 10)])"
14,30,1,0.0008544921875,0.0034685134887695312,0.004323005676269531,0.12142086029052734,"(Vertices: [0, 1, 2, 3, 4, 5, 6, 7, 8, 9, 10, 11, 12, 13]) -- (Edges: [(12, 7), (3, 4), (12, 13), (9, 2), (5, 7), (9, 5), (8, 9), (11, 5), (10, 3), (1, 6), (3, 12), (8, 5), (11, 4), (9, 4), (10, 2), (10, 11), (9, 13), (1, 5), (0, 13), (2, 10), (11, 13), (2, 13), (12, 5), (3, 5), (8, 1), (9, 6), (8, 10), (0, 12), (2, 12), (1, 10)])"
14,31,128,0.0007028579711914062,0.003265380859375,0.003968238830566406,0.05862140655517578,"(Vertices: [0, 1, 2, 3, 4, 5, 6, 7, 8, 9, 10, 11, 12, 13]) -- (Edges: [(12, 7), (5, 13), (3, 13), (8, 6), (1, 3), (13, 5), (0, 11), (1, 12), (5, 6), (3, 12), (8, 2), (9, 7), (8, 11), (0, 1), (0, 7), (2, 4), (10, 5), (0, 4), (0, 10), (2, 7), (10, 11), (0, 13), (12, 5), (3, 5), (9, 6), (0, 9), (8, 10), (1, 4), (0, 12), (2, 3), (8, 13)])"
14,29,1,0.0024423599243164062,0.004687786102294922,0.007130146026611328,0.14535903930664062,"(Vertices: [0, 1, 2, 3, 4, 5, 6, 7, 8, 9, 10, 11, 12, 13]) -- (Edges: [(12, 7), (3, 7), (4, 6), (9, 5), (0, 5), (8, 12), (9, 11), (2, 11), (10, 12), (4, 5), (3, 6), (3, 12), (8, 2), (9, 7), (2, 4), (10, 11), (2, 7), (1, 5), (11, 13), (4, 7), (9, 3), (8, 1), (8, 7), (0, 3), (10, 13), (0, 6), (11, 6), (1, 13), (2, 6)])"
14,32,128,0.0005984306335449219,0.0030019283294677734,0.0036003589630126953,0.05862140655517578,"(Vertices: [0, 1, 2, 3, 4, 5, 6, 7, 8, 9, 10, 11, 12, 13]) -- (Edges: [(8, 0), (8, 3), (10, 6), (0, 5), (9, 11), (0, 8), (2, 5), (1, 3), (2, 11), (0, 11), (1, 12), (8, 2), (9, 10), (0, 7), (10, 5), (10, 11), (2, 7), (13, 7), (0, 13), (11, 13), (2, 13), (6, 7), (8, 4), (8, 1), (8, 7), (10, 4), (10, 7), (1, 4), (11, 6), (2, 3), (10, 13), (2, 6)])"
14,33,1,0.0028231143951416016,0.003476858139038086,0.0062999725341796875,0.14229869842529297,"(Vertices: [0, 1, 2, 3, 4, 5, 6, 7, 8, 9, 10, 11, 12, 13]) -- (Edges: [(12, 4), (12, 7), (4, 6), (4, 12), (5, 7), (3, 13), (0, 2), (8, 3), (8, 9), (11, 5), (9, 11), (1, 9), (5, 6), (3, 12), (8, 2), (9, 1), (8, 5), (0, 1), (0, 7), (1, 5), (0, 13), (11, 13), (4, 7), (3, 11), (8, 1), (0, 3), (11, 3), (11, 6), (0, 12), (2, 3), (8, 13), (11, 12), (2, 12)])"
14,31,128,0.0006945133209228516,0.0035436153411865234,0.004238128662109375,0.06024932861328125,"(Vertices: [0, 1, 2, 3, 4, 5, 6, 7, 8, 9, 10, 11, 12, 13]) -- (Edges: [(12, 4), (4, 12), (5, 7), (5, 13), (10, 6), (1, 6), (9, 11), (13, 5), (10, 12), (0, 11), (5, 6), (3, 12), (9, 7), (8, 11), (0, 1), (0, 7), (0, 4), (0, 10), (1, 5), (13, 7), (3, 11), (8, 1), (10, 4), (11, 3), (0, 9), (10, 7), (8, 10), (0, 12), (1, 13), (2, 6), (1, 10)])"
14,27,1,0.0027909278869628906,0.004096508026123047,0.0068874359130859375,0.14391708374023438,"(Vertices: [0, 1, 2, 3, 4, 5, 6, 7, 8, 9, 10, 11, 12, 13]) -- (Edges: [(4, 6), (5, 13), (3, 13), (0, 2), (9, 5), (8, 12), (2, 5), (13, 5), (0, 11), (3, 6), (11, 4), (0, 1), (0, 7), (11, 7), (1, 2), (2, 7), (1, 5), (1, 11), (13, 7), (12, 5), (3, 5), (4, 13), (0, 9), (11, 6), (2, 3), (1, 7), (2, 12)])"
14,32,128,0.00127410888671875,0.003262042999267578,0.004536151885986328,0.05862140655517578,"(Vertices: [0, 1, 2, 3, 4, 5, 6, 7, 8, 9, 10, 11, 12, 13]) -- (Edges: [(12, 13), (9, 2), (5, 7), (5, 13), (9, 5), (0, 2), (1, 3), (13, 5), (0, 11), (12, 6), (8, 11), (9, 4), (0, 1), (0, 7), (2, 4), (10, 11), (0, 10), (2, 7), (0, 13), (2, 13), (12, 5), (3, 11), (4, 13), (9, 3), (8, 1), (8, 7), (11, 3), (0, 9), (9, 12), (0, 12), (2, 3), (2, 6)])"
14,31,1,0.0023224353790283203,0.005029916763305664,0.007352352142333984,0.1439189910888672,"(Vertices: [0, 1, 2, 3, 4, 5, 6, 7, 8, 9, 10, 11, 12, 13]) -- (Edges: [(4, 6), (5, 13), (0, 2), (8, 3), (10, 3), (1, 6), (9, 11), (2, 5), (13, 5), (2, 11), (3, 12), (9, 7), (8, 11), (0, 7), (10, 5), (1, 2), (11, 7), (9, 13), (10, 11), (13, 7), (6, 7), (4, 7), (9, 3), (8, 7), (0, 9), (1, 4), (11, 6), (8, 13), (10, 13), (1, 7), (2, 6)])"
14,27,128,0.0004475116729736328,0.0027489662170410156,0.0031964778900146484,0.05862140655517578,"(Vertices: [0, 1, 2, 3, 4, 5, 6, 7, 8, 9, 10, 11, 12, 13]) -- (Edges: [(12, 4), (12, 7), (4, 6), (4, 12), (12, 13), (3, 13), (10, 6), (8, 12), (0, 11), (9, 7), (8, 11), (10, 2), (0, 7), (2, 4), (10, 5), (0, 10), (2, 7), (1, 5), (2, 10), (3, 11), (8, 1), (11, 3), (8, 10), (10, 13), (0, 6), (1, 7), (13, 6)])"
14,27,1,0.0011210441589355469,0.0042417049407958984,0.005362749099731445,0.12142086029052734,"(Vertices: [0, 1, 2, 3, 4, 5, 6, 7, 8, 9, 10, 11, 12, 13]) -- (Edges: [(12, 7), (12, 13), (9, 2), (10, 6), (9, 11), (2, 5), (10, 12), (0, 11), (4, 5), (12, 6), (8, 5), (8, 11), (0, 1), (0, 7), (2, 4), (10, 5), (11, 7), (9, 13), (2, 7), (1, 11), (9, 3), (9, 6), (11, 6), (2, 3), (8, 13), (1, 13), (2, 12)])"
14,31,128,0.0007545948028564453,0.003411531448364258,0.004166126251220703,0.05862140655517578,"(Vertices: [0, 1, 2, 3, 4, 5, 6, 7, 8, 9, 10, 11, 12, 13]) -- (Edges: [(12, 7), (3, 4), (3, 7), (4, 6), (12, 13), (3, 13), (9, 5), (11, 5), (2, 11), (1, 9), (0, 11), (1, 12), (3, 6), (3, 12), (8, 2), (9, 1), (9, 4), (0, 1), (9, 10), (0, 4), (13, 7), (12, 5), (3, 5), (8, 1), (8, 7), (0, 3), (10, 7), (10, 13), (11, 12), (2, 6), (13, 6)])"
14,32,1,0.0016045570373535156,0.0038628578186035156,0.005467414855957031,0.12136459350585938,"(Vertices: [0, 1, 2, 3, 4, 5, 6, 7, 8, 9, 10, 11, 12, 13]) -- (Edges: [(12, 7), (3, 4), (5, 7), (5, 13), (9, 5), (8, 3), (8, 9), (8, 6), (8, 12), (1, 6), (13, 5), (1, 3), (12, 6), (3, 6), (3, 12), (9, 4), (2, 4), (9, 13), (0, 10), (2, 7), (3, 5), (4, 13), (9, 3), (9, 6), (8, 10), (10, 13), (11, 6), (2, 3), (11, 12), (1, 7), (2, 6), (13, 6)])"
14,44,128,0.001068115234375,0.003292083740234375,0.004360198974609375,0.05855751037597656,"(Vertices: [0, 1, 2, 3, 4, 5, 6, 7, 8, 9, 10, 11, 12, 13]) -- (Edges: [(12, 4), (3, 7), (4, 6), (4, 12), (9, 2), (12, 13), (5, 13), (3, 13), (8, 3), (9, 5), (8, 9), (8, 6), (8, 12), (9, 11), (2, 5), (2, 11), (1, 9), (13, 5), (10, 12), (4, 5), (9, 1), (8, 5), (8, 11), (10, 2), (2, 4), (1, 2), (10, 11), (0, 10), (1, 5), (13, 7), (2, 10), (6, 7), (12, 5), (3, 5), (3, 11), (9, 3), (8, 1), (11, 3), (8, 10), (9, 12), (11, 6), (11, 12), (1, 7), (1, 13)])"
14,23,1,0.0028955936431884766,0.0036787986755371094,0.006574392318725586,0.14393329620361328,"(Vertices: [0, 1, 2, 3, 4, 5, 6, 7, 8, 9, 10, 11, 12, 13]) -- (Edges: [(8, 0), (0, 5), (8, 6), (1, 6), (0, 8), (1, 3), (2, 11), (4, 5), (11, 4), (9, 10), (11, 7), (2, 4), (0, 4), (0, 10), (13, 7), (6, 7), (4, 7), (3, 5), (8, 4), (1, 7), (2, 12), (1, 10), (13, 6)])"
14,43,128,0.0012118816375732422,0.0033538341522216797,0.004565715789794922,0.05862140655517578,"(Vertices: [0, 1, 2, 3, 4, 5, 6, 7, 8, 9, 10, 11, 12, 13]) -- (Edges: [(12, 4), (12, 7), (3, 4), (4, 6), (4, 12), (5, 13), (8, 3), (8, 9), (11, 5), (8, 6), (13, 5), (10, 12), (4, 5), (12, 6), (5, 6), (3, 12), (9, 7), (11, 4), (9, 4), (0, 1), (10, 5), (1, 2), (0, 4), (13, 7), (3, 5), (3, 11), (8, 4), (9, 3), (8, 1), (8, 7), (9, 6), (0, 3), (0, 9), (11, 3), (1, 4), (0, 6), (9, 12), (11, 12), (1, 7), (1, 13), (2, 6), (2, 12), (1, 10)])"
14,32,1,0.0023598670959472656,0.0045070648193359375,0.006866931915283203,0.14534282684326172,"(Vertices: [0, 1, 2, 3, 4, 5, 6, 7, 8, 9, 10, 11, 12, 13]) -- (Edges: [(12, 4), (12, 7), (4, 12), (9, 5), (8, 6), (9, 11), (2, 5), (2, 11), (1, 9), (4, 5), (5, 6), (3, 6), (3, 12), (8, 2), (9, 1), (8, 5), (9, 4), (0, 1), (0, 7), (1, 2), (12, 5), (3, 11), (4, 13), (8, 1), (0, 3), (11, 3), (10, 13), (0, 6), (2, 3), (11, 12), (1, 7), (2, 12)])"
14,32,128,0.0009365081787109375,0.004366874694824219,0.005303382873535156,0.06025123596191406,"(Vertices: [0, 1, 2, 3, 4, 5, 6, 7, 8, 9, 10, 11, 12, 13]) -- (Edges: [(8, 0), (3, 13), (9, 5), (8, 12), (0, 8), (1, 9), (0, 11), (4, 5), (5, 6), (9, 1), (9, 7), (8, 5), (8, 11), (9, 4), (10, 2), (1, 2), (0, 4), (0, 10), (2, 7), (1, 5), (11, 13), (2, 10), (3, 5), (3, 11), (8, 7), (11, 3), (10, 7), (1, 4), (0, 6), (2, 3), (8, 13), (10, 13)])"
14,29,1,0.0023818016052246094,0.004785060882568359,0.007166862487792969,0.1439361572265625,"(Vertices: [0, 1, 2, 3, 4, 5, 6, 7, 8, 9, 10, 11, 12, 13]) -- (Edges: [(4, 6), (5, 13), (8, 3), (8, 6), (8, 12), (13, 5), (1, 3), (2, 11), (0, 11), (1, 12), (12, 6), (3, 6), (3, 12), (8, 5), (9, 10), (0, 4), (0, 10), (9, 13), (11, 13), (6, 7), (12, 5), (3, 5), (3, 11), (9, 6), (0, 3), (11, 3), (8, 10), (0, 6), (0, 12)])"
14,38,128,0.001847982406616211,0.004324436187744141,0.0061724185943603516,0.06171131134033203,"(Vertices: [0, 1, 2, 3, 4, 5, 6, 7, 8, 9, 10, 11, 12, 13]) -- (Edges: [(12, 7), (4, 6), (12, 13), (5, 7), (8, 0), (8, 3), (0, 5), (10, 3), (11, 5), (9, 11), (0, 8), (10, 12), (1, 9), (5, 6), (3, 6), (9, 1), (9, 7), (10, 2), (0, 7), (1, 2), (0, 4), (9, 13), (2, 7), (1, 11), (11, 13), (2, 10), (2, 13), (3, 11), (8, 4), (8, 1), (10, 4), (9, 6), (11, 3), (0, 9), (1, 4), (0, 12), (1, 7), (13, 6)])"
14,27,1,0.002573728561401367,0.003931999206542969,0.006505727767944336,0.14229297637939453,"(Vertices: [0, 1, 2, 3, 4, 5, 6, 7, 8, 9, 10, 11, 12, 13]) -- (Edges: [(9, 5), (0, 5), (11, 5), (8, 6), (1, 3), (4, 5), (12, 6), (5, 6), (3, 6), (3, 12), (8, 11), (9, 4), (10, 5), (0, 4), (0, 10), (1, 5), (13, 7), (0, 13), (2, 13), (6, 7), (9, 3), (10, 4), (10, 13), (0, 6), (0, 12), (11, 6), (8, 13)])"
14,40,128,0.0013065338134765625,0.0033452510833740234,0.004651784896850586,0.06025123596191406,"(Vertices: [0, 1, 2, 3, 4, 5, 6, 7, 8, 9, 10, 11, 12, 13]) -- (Edges: [(12, 7), (3, 7), (12, 13), (5, 13), (3, 13), (0, 2), (9, 5), (11, 5), (10, 3), (2, 11), (1, 9), (13, 5), (12, 6), (8, 2), (9, 1), (9, 7), (11, 4), (8, 5), (8, 11), (10, 5), (10, 11), (9, 13), (0, 10), (13, 7), (1, 11), (2, 13), (6, 7), (4, 7), (3, 5), (4, 13), (9, 3), (9, 6), (10, 7), (0, 6), (11, 6), (8, 13), (1, 7), (11, 12), (2, 6), (2, 12)])"
14,27,1,0.0025501251220703125,0.004630565643310547,0.007180690765380859,0.14393997192382812,"(Vertices: [0, 1, 2, 3, 4, 5, 6, 7, 8, 9, 10, 11, 12, 13]) -- (Edges: [(4, 6), (9, 2), (8, 0), (11, 5), (8, 6), (8, 12), (1, 6), (0, 8), (1, 3), (2, 11), (4, 5), (3, 6), (11, 4), (9, 10), (2, 4), (10, 11), (0, 4), (9, 13), (2, 7), (11, 13), (12, 5), (4, 7), (8, 7), (0, 9), (10, 13), (0, 6), (2, 6)])"
14,31,128,0.0005755424499511719,0.0025119781494140625,0.0030875205993652344,0.05862140655517578,"(Vertices: [0, 1, 2, 3, 4, 5, 6, 7, 8, 9, 10, 11, 12, 13]) -- (Edges: [(12, 7), (3, 4), (4, 6), (8, 0), (9, 5), (8, 9), (10, 3), (1, 6), (0, 8), (2, 5), (2, 11), (12, 6), (9, 7), (8, 5), (8, 11), (0, 1), (0, 7), (1, 2), (9, 13), (0, 10), (10, 11), (1, 5), (2, 13), (10, 4), (9, 6), (0, 3), (1, 4), (0, 6), (2, 3), (1, 7), (1, 13)])"
14,34,1,0.002771615982055664,0.004250526428222656,0.00702214241027832,0.1439371109008789,"(Vertices: [0, 1, 2, 3, 4, 5, 6, 7, 8, 9, 10, 11, 12, 13]) -- (Edges: [(12, 4), (4, 12), (9, 2), (12, 13), (3, 13), (0, 2), (9, 5), (10, 6), (0, 5), (8, 6), (2, 5), (2, 11), (12, 6), (8, 2), (9, 4), (9, 10), (2, 4), (0, 4), (2, 7), (1, 11), (0, 13), (4, 7), (3, 5), (9, 3), (8, 7), (0, 3), (9, 12), (10, 7), (1, 4), (10, 13), (0, 12), (2, 3), (11, 12), (2, 12)])"
14,29,128,0.00058746337890625,0.003144979476928711,0.003732442855834961,0.05862140655517578,"(Vertices: [0, 1, 2, 3, 4, 5, 6, 7, 8, 9, 10, 11, 12, 13]) -- (Edges: [(12, 7), (5, 13), (8, 9), (10, 6), (11, 5), (8, 6), (1, 6), (9, 11), (13, 5), (1, 3), (1, 12), (4, 5), (12, 6), (10, 2), (10, 5), (9, 13), (2, 10), (2, 13), (6, 7), (12, 5), (4, 7), (3, 5), (10, 4), (8, 10), (10, 7), (10, 13), (0, 12), (2, 3), (8, 13)])"
14,35,1,0.0024650096893310547,0.004464626312255859,0.006929636001586914,0.14536762237548828,"(Vertices: [0, 1, 2, 3, 4, 5, 6, 7, 8, 9, 10, 11, 12, 13]) -- (Edges: [(12, 7), (3, 4), (9, 2), (5, 13), (9, 5), (8, 9), (11, 5), (8, 12), (9, 11), (2, 5), (2, 11), (13, 5), (0, 11), (10, 12), (1, 12), (12, 6), (5, 6), (8, 2), (0, 7), (2, 4), (10, 11), (11, 13), (2, 13), (6, 7), (3, 11), (8, 4), (9, 3), (9, 6), (11, 3), (0, 9), (10, 7), (8, 10), (0, 12), (11, 12), (2, 12)])"
14,31,128,0.0008344650268554688,0.003598451614379883,0.0044329166412353516,0.05862140655517578,"(Vertices: [0, 1, 2, 3, 4, 5, 6, 7, 8, 9, 10, 11, 12, 13]) -- (Edges: [(12, 4), (4, 12), (9, 2), (5, 7), (8, 0), (0, 2), (11, 5), (1, 6), (0, 8), (4, 5), (12, 6), (5, 6), (3, 6), (3, 12), (8, 2), (9, 7), (8, 5), (10, 5), (0, 10), (1, 5), (1, 11), (13, 7), (11, 13), (8, 4), (4, 13), (8, 7), (10, 4), (0, 12), (11, 12), (2, 12), (13, 6)])"
14,37,1,0.0026984214782714844,0.005833148956298828,0.008531570434570312,0.14391422271728516,"(Vertices: [0, 1, 2, 3, 4, 5, 6, 7, 8, 9, 10, 11, 12, 13]) -- (Edges: [(12, 13), (5, 7), (3, 13), (8, 3), (9, 5), (10, 6), (0, 5), (10, 3), (11, 5), (8, 12), (2, 5), (10, 12), (5, 6), (3, 6), (3, 12), (11, 4), (8, 5), (9, 4), (0, 1), (11, 7), (2, 4), (1, 2), (0, 4), (1, 11), (0, 13), (2, 13), (3, 5), (3, 11), (8, 1), (11, 3), (8, 10), (10, 13), (0, 6), (8, 13), (1, 7), (1, 13), (13, 6)])"
14,41,128,0.0014023780822753906,0.003372669219970703,0.004775047302246094,0.06024932861328125,"(Vertices: [0, 1, 2, 3, 4, 5, 6, 7, 8, 9, 10, 11, 12, 13]) -- (Edges: [(12, 4), (3, 7), (4, 12), (9, 2), (5, 13), (3, 13), (0, 2), (0, 5), (8, 6), (1, 6), (2, 5), (13, 5), (9, 7), (11, 4), (8, 11), (9, 4), (0, 1), (11, 7), (10, 2), (10, 11), (0, 10), (0, 13), (2, 10), (2, 13), (6, 7), (4, 7), (3, 11), (9, 3), (8, 1), (8, 7), (11, 3), (9, 12), (10, 7), (10, 13), (0, 6), (0, 12), (11, 6), (1, 7), (8, 13), (2, 12), (1, 10)])"
14,34,1,0.0025856494903564453,0.005080699920654297,0.007666349411010742,0.14393901824951172,"(Vertices: [0, 1, 2, 3, 4, 5, 6, 7, 8, 9, 10, 11, 12, 13]) -- (Edges: [(3, 4), (3, 7), (12, 13), (5, 7), (8, 6), (10, 3), (1, 6), (9, 11), (1, 3), (2, 11), (10, 12), (8, 2), (11, 4), (9, 10), (11, 7), (10, 5), (9, 13), (0, 10), (2, 7), (13, 7), (1, 11), (0, 13), (3, 11), (8, 1), (10, 4), (9, 6), (11, 3), (8, 10), (9, 12), (0, 6), (8, 13), (1, 7), (2, 12), (13, 6)])"
14,31,128,0.0004477500915527344,0.002146482467651367,0.0025942325592041016,0.05862140655517578,"(Vertices: [0, 1, 2, 3, 4, 5, 6, 7, 8, 9, 10, 11, 12, 13]) -- (Edges: [(5, 7), (0, 2), (0, 5), (10, 3), (11, 5), (8, 6), (9, 11), (1, 3), (2, 11), (4, 5), (0, 1), (0, 7), (2, 4), (10, 5), (9, 10), (9, 13), (13, 7), (1, 11), (11, 13), (12, 5), (4, 13), (8, 1), (9, 6), (0, 3), (8, 10), (1, 4), (0, 6), (8, 13), (1, 7), (1, 13), (13, 6)])"
14,35,1,0.001247406005859375,0.003360271453857422,0.004607677459716797,0.12142086029052734,"(Vertices: [0, 1, 2, 3, 4, 5, 6, 7, 8, 9, 10, 11, 12, 13]) -- (Edges: [(12, 7), (5, 7), (5, 13), (9, 5), (10, 6), (0, 5), (10, 3), (8, 12), (9, 11), (13, 5), (2, 11), (1, 9), (0, 11), (4, 5), (12, 6), (9, 1), (9, 7), (8, 5), (11, 4), (10, 11), (0, 4), (0, 10), (13, 7), (11, 13), (6, 7), (4, 13), (9, 3), (9, 12), (0, 9), (2, 3), (8, 13), (11, 12), (2, 12), (1, 10), (13, 6)])"
14,32,128,0.0010409355163574219,0.0035457611083984375,0.004586696624755859,0.05862140655517578,"(Vertices: [0, 1, 2, 3, 4, 5, 6, 7, 8, 9, 10, 11, 12, 13]) -- (Edges: [(12, 4), (12, 7), (3, 4), (4, 12), (9, 2), (12, 13), (0, 2), (0, 5), (2, 5), (2, 11), (0, 11), (4, 5), (5, 6), (9, 7), (11, 4), (10, 2), (9, 4), (0, 7), (11, 7), (0, 10), (1, 11), (0, 13), (2, 10), (11, 13), (2, 13), (3, 5), (8, 4), (4, 13), (9, 12), (11, 12), (2, 12), (13, 6)])"
14,32,1,0.0021982192993164062,0.004398822784423828,0.006597042083740234,0.13973712921142578,"(Vertices: [0, 1, 2, 3, 4, 5, 6, 7, 8, 9, 10, 11, 12, 13]) -- (Edges: [(12, 7), (9, 2), (5, 7), (8, 0), (3, 13), (0, 5), (8, 12), (9, 11), (0, 8), (1, 3), (4, 5), (12, 6), (5, 6), (3, 12), (9, 7), (11, 4), (9, 4), (0, 1), (2, 4), (9, 13), (1, 5), (1, 11), (13, 7), (11, 13), (4, 7), (3, 11), (9, 3), (11, 3), (9, 12), (11, 6), (0, 12), (13, 6)])"
14,28,128,0.0008347034454345703,0.0025708675384521484,0.0034055709838867188,0.060230255126953125,"(Vertices: [0, 1, 2, 3, 4, 5, 6, 7, 8, 9, 10, 11, 12, 13]) -- (Edges: [(3, 4), (5, 13), (8, 3), (11, 5), (10, 3), (8, 6), (13, 5), (4, 5), (12, 6), (11, 4), (8, 11), (9, 10), (0, 7), (10, 5), (1, 2), (9, 13), (1, 11), (0, 13), (3, 11), (4, 13), (9, 6), (11, 3), (0, 9), (0, 6), (2, 3), (8, 13), (1, 7), (2, 12)])"
14,26,1,0.002987384796142578,0.0038728713989257812,0.006860256195068359,0.14083194732666016,"(Vertices: [0, 1, 2, 3, 4, 5, 6, 7, 8, 9, 10, 11, 12, 13]) -- (Edges: [(12, 7), (12, 13), (9, 2), (3, 13), (8, 3), (0, 5), (9, 11), (2, 11), (10, 12), (0, 11), (1, 12), (8, 11), (10, 2), (0, 7), (10, 5), (11, 7), (0, 10), (0, 13), (2, 10), (2, 13), (12, 5), (4, 13), (0, 9), (10, 13), (0, 6), (1, 13)])"
14,37,128,0.0006856918334960938,0.003409862518310547,0.004095554351806641,0.05862140655517578,"(Vertices: [0, 1, 2, 3, 4, 5, 6, 7, 8, 9, 10, 11, 12, 13]) -- (Edges: [(12, 7), (3, 4), (3, 7), (12, 13), (3, 13), (9, 5), (8, 9), (10, 6), (0, 5), (1, 6), (9, 11), (2, 11), (10, 12), (4, 5), (12, 6), (5, 6), (11, 4), (10, 2), (9, 10), (0, 7), (2, 4), (10, 5), (11, 7), (1, 11), (2, 10), (6, 7), (12, 5), (3, 5), (0, 3), (10, 7), (1, 4), (11, 6), (0, 12), (10, 13), (2, 6), (2, 12), (13, 6)])"
14,32,1,0.0024170875549316406,0.004651308059692383,0.0070683956146240234,0.14225101470947266,"(Vertices: [0, 1, 2, 3, 4, 5, 6, 7, 8, 9, 10, 11, 12, 13]) -- (Edges: [(12, 4), (12, 7), (3, 4), (3, 7), (4, 12), (9, 2), (8, 0), (0, 2), (8, 3), (11, 5), (8, 12), (0, 8), (2, 11), (0, 11), (1, 12), (4, 5), (8, 2), (9, 7), (8, 11), (10, 2), (9, 10), (1, 2), (10, 11), (1, 11), (2, 10), (3, 5), (8, 4), (4, 13), (9, 12), (8, 10), (1, 4), (11, 12)])"
14,30,128,0.0008533000946044922,0.0032777786254882812,0.0041310787200927734,0.05862140655517578,"(Vertices: [0, 1, 2, 3, 4, 5, 6, 7, 8, 9, 10, 11, 12, 13]) -- (Edges: [(12, 7), (5, 7), (8, 0), (9, 5), (8, 3), (8, 9), (0, 5), (8, 6), (8, 12), (9, 11), (0, 8), (1, 3), (5, 6), (3, 6), (3, 12), (8, 5), (9, 4), (9, 13), (0, 13), (2, 13), (6, 7), (8, 4), (8, 1), (10, 7), (0, 6), (2, 3), (11, 6), (8, 13), (2, 6), (13, 6)])"
14,33,1,0.002190113067626953,0.00445866584777832,0.0066487789154052734,0.1423015594482422,"(Vertices: [0, 1, 2, 3, 4, 5, 6, 7, 8, 9, 10, 11, 12, 13]) -- (Edges: [(12, 4), (12, 7), (4, 12), (8, 0), (3, 13), (0, 2), (9, 5), (0, 5), (11, 5), (8, 12), (9, 11), (0, 8), (1, 3), (10, 12), (0, 11), (4, 5), (12, 6), (3, 6), (8, 11), (10, 2), (10, 11), (9, 13), (0, 10), (2, 7), (1, 5), (13, 7), (0, 13), (2, 10), (11, 13), (4, 13), (8, 10), (2, 3), (2, 6)])"
14,26,128,0.00095367431640625,0.0037736892700195312,0.004727363586425781,0.06023120880126953,"(Vertices: [0, 1, 2, 3, 4, 5, 6, 7, 8, 9, 10, 11, 12, 13]) -- (Edges: [(4, 6), (12, 13), (9, 2), (0, 2), (8, 9), (10, 6), (0, 5), (11, 5), (1, 6), (9, 11), (2, 11), (0, 11), (4, 5), (9, 7), (10, 2), (0, 4), (1, 5), (11, 13), (2, 10), (2, 13), (6, 7), (0, 9), (8, 10), (11, 6), (1, 13), (13, 6)])"
14,32,1,0.0010821819305419922,0.003522157669067383,0.004604339599609375,0.12142086029052734,"(Vertices: [0, 1, 2, 3, 4, 5, 6, 7, 8, 9, 10, 11, 12, 13]) -- (Edges: [(12, 4), (3, 4), (3, 7), (4, 6), (4, 12), (9, 2), (8, 9), (8, 12), (2, 5), (10, 12), (0, 11), (5, 6), (3, 12), (8, 5), (9, 10), (0, 7), (2, 4), (11, 7), (0, 4), (0, 10), (1, 5), (11, 13), (6, 7), (12, 5), (8, 4), (8, 1), (10, 4), (10, 13), (0, 12), (1, 7), (2, 6), (2, 12)])"
14,42,128,0.001565694808959961,0.0036013126373291016,0.0051670074462890625,0.05862140655517578,"(Vertices: [0, 1, 2, 3, 4, 5, 6, 7, 8, 9, 10, 11, 12, 13]) -- (Edges: [(3, 4), (3, 7), (4, 6), (0, 2), (8, 3), (10, 6), (8, 9), (11, 5), (10, 3), (8, 12), (10, 12), (1, 9), (4, 5), (12, 6), (5, 6), (8, 2), (9, 1), (9, 7), (11, 4), (8, 5), (9, 4), (0, 1), (0, 7), (10, 2), (10, 11), (2, 10), (2, 13), (3, 5), (3, 11), (4, 13), (9, 3), (0, 3), (11, 3), (10, 7), (1, 4), (8, 10), (8, 13), (11, 12), (1, 7), (1, 13), (2, 12), (1, 10)])"
14,34,1,0.0008113384246826172,0.003644227981567383,0.00445556640625,0.12142086029052734,"(Vertices: [0, 1, 2, 3, 4, 5, 6, 7, 8, 9, 10, 11, 12, 13]) -- (Edges: [(12, 4), (4, 12), (5, 13), (9, 5), (0, 2), (0, 5), (1, 6), (13, 5), (10, 12), (0, 11), (12, 6), (5, 6), (9, 7), (8, 11), (11, 7), (2, 4), (10, 5), (9, 13), (0, 10), (2, 7), (11, 13), (6, 7), (12, 5), (4, 7), (3, 11), (8, 1), (10, 4), (0, 3), (0, 9), (11, 3), (1, 4), (9, 12), (2, 3), (1, 13)])"
14,30,128,0.0007989406585693359,0.0033636093139648438,0.00416254997253418,0.05862140655517578,"(Vertices: [0, 1, 2, 3, 4, 5, 6, 7, 8, 9, 10, 11, 12, 13]) -- (Edges: [(3, 4), (3, 7), (9, 2), (5, 13), (8, 9), (9, 11), (2, 5), (13, 5), (10, 12), (0, 11), (12, 6), (9, 7), (8, 5), (0, 1), (11, 7), (9, 13), (0, 10), (1, 5), (0, 13), (11, 13), (3, 5), (8, 7), (0, 3), (8, 10), (9, 12), (0, 6), (11, 6), (8, 13), (1, 7), (13, 6)])"
14,35,1,0.0014717578887939453,0.003751039505004883,0.005222797393798828,0.12142086029052734,"(Vertices: [0, 1, 2, 3, 4, 5, 6, 7, 8, 9, 10, 11, 12, 13]) -- (Edges: [(12, 4), (4, 6), (4, 12), (5, 7), (5, 13), (0, 2), (0, 5), (10, 3), (8, 12), (13, 5), (4, 5), (12, 6), (9, 7), (8, 5), (11, 4), (8, 11), (9, 10), (2, 4), (1, 2), (10, 5), (10, 11), (0, 13), (6, 7), (12, 5), (4, 7), (3, 5), (8, 7), (10, 4), (0, 3), (0, 9), (10, 7), (10, 13), (0, 6), (11, 6), (2, 12)])"
14,40,128,0.0015079975128173828,0.0034177303314208984,0.004925727844238281,0.05862140655517578,"(Vertices: [0, 1, 2, 3, 4, 5, 6, 7, 8, 9, 10, 11, 12, 13]) -- (Edges: [(3, 4), (3, 7), (4, 6), (5, 13), (3, 13), (0, 2), (9, 5), (8, 9), (0, 5), (8, 12), (1, 6), (1, 3), (2, 11), (13, 5), (10, 12), (4, 5), (3, 12), (8, 2), (9, 7), (11, 4), (8, 5), (0, 1), (10, 11), (1, 11), (0, 13), (2, 13), (12, 5), (4, 7), (8, 4), (9, 3), (8, 7), (9, 12), (8, 10), (10, 7), (11, 6), (2, 3), (8, 13), (2, 12), (1, 10), (13, 6)])"
14,28,1,0.0008423328399658203,0.004759073257446289,0.005601406097412109,0.12142086029052734,"(Vertices: [0, 1, 2, 3, 4, 5, 6, 7, 8, 9, 10, 11, 12, 13]) -- (Edges: [(3, 7), (5, 7), (9, 5), (10, 6), (10, 3), (10, 12), (0, 11), (5, 6), (8, 2), (0, 7), (2, 4), (1, 2), (10, 5), (11, 7), (0, 13), (2, 13), (6, 7), (12, 5), (3, 11), (4, 13), (9, 3), (0, 3), (11, 3), (10, 7), (8, 10), (9, 12), (2, 12), (1, 10)])"
14,32,128,0.0004677772521972656,0.0034418106079101562,0.003909587860107422,0.05862140655517578,"(Vertices: [0, 1, 2, 3, 4, 5, 6, 7, 8, 9, 10, 11, 12, 13]) -- (Edges: [(4, 6), (9, 2), (8, 0), (3, 13), (8, 3), (10, 3), (9, 11), (0, 8), (10, 12), (3, 6), (8, 2), (11, 4), (9, 4), (0, 1), (2, 4), (0, 4), (2, 7), (6, 7), (12, 5), (4, 7), (3, 5), (8, 4), (4, 13), (9, 3), (8, 1), (0, 3), (0, 9), (0, 6), (2, 3), (1, 7), (2, 6), (13, 6)])"
14,28,1,0.0009570121765136719,0.004880428314208984,0.005837440490722656,0.12135696411132812,"(Vertices: [0, 1, 2, 3, 4, 5, 6, 7, 8, 9, 10, 11, 12, 13]) -- (Edges: [(3, 7), (4, 6), (5, 7), (8, 0), (5, 13), (8, 3), (8, 9), (1, 6), (0, 8), (2, 5), (13, 5), (4, 5), (8, 2), (11, 7), (2, 4), (10, 11), (0, 4), (9, 13), (2, 7), (1, 11), (6, 7), (4, 7), (4, 13), (8, 7), (9, 12), (1, 13), (2, 6), (1, 10)])"
14,26,128,0.0006361007690429688,0.003439664840698242,0.004075765609741211,0.05856513977050781,"(Vertices: [0, 1, 2, 3, 4, 5, 6, 7, 8, 9, 10, 11, 12, 13]) -- (Edges: [(3, 4), (4, 6), (9, 2), (5, 13), (0, 2), (8, 3), (8, 12), (13, 5), (1, 3), (2, 11), (12, 6), (5, 6), (8, 11), (11, 7), (2, 4), (2, 7), (13, 7), (11, 13), (2, 13), (6, 7), (9, 3), (8, 13), (11, 12), (1, 13), (2, 12), (13, 6)])"
14,34,1,0.0023126602172851562,0.004769563674926758,0.007082223892211914,0.14086532592773438,"(Vertices: [0, 1, 2, 3, 4, 5, 6, 7, 8, 9, 10, 11, 12, 13]) -- (Edges: [(3, 7), (0, 2), (8, 9), (8, 6), (10, 3), (8, 12), (9, 11), (2, 11), (10, 12), (1, 12), (4, 5), (3, 12), (8, 2), (9, 7), (11, 4), (10, 2), (2, 4), (10, 11), (9, 13), (2, 7), (0, 13), (2, 10), (2, 13), (4, 7), (3, 5), (3, 11), (10, 4), (0, 3), (11, 3), (8, 10), (11, 6), (11, 12), (1, 7), (2, 12)])"
14,26,128,0.0006334781646728516,0.0032813549041748047,0.003914833068847656,0.05862140655517578,"(Vertices: [0, 1, 2, 3, 4, 5, 6, 7, 8, 9, 10, 11, 12, 13]) -- (Edges: [(12, 7), (5, 13), (9, 5), (8, 6), (13, 5), (1, 3), (2, 11), (10, 12), (1, 12), (12, 6), (5, 6), (9, 7), (8, 11), (9, 4), (13, 7), (1, 11), (11, 13), (3, 5), (9, 3), (8, 1), (0, 9), (0, 12), (2, 3), (1, 7), (2, 6), (13, 6)])"
14,31,1,0.002142190933227539,0.0046710968017578125,0.0068132877349853516,0.1408529281616211,"(Vertices: [0, 1, 2, 3, 4, 5, 6, 7, 8, 9, 10, 11, 12, 13]) -- (Edges: [(3, 7), (12, 13), (5, 7), (8, 0), (8, 9), (10, 6), (8, 6), (9, 11), (0, 8), (1, 3), (2, 11), (9, 7), (11, 4), (8, 11), (10, 2), (11, 7), (10, 5), (1, 2), (1, 5), (1, 11), (0, 13), (2, 10), (2, 13), (12, 5), (8, 7), (1, 4), (2, 3), (8, 13), (11, 12), (1, 13), (1, 10)])"
14,34,128,0.0010809898376464844,0.003050088882446289,0.0041310787200927734,0.05862140655517578,"(Vertices: [0, 1, 2, 3, 4, 5, 6, 7, 8, 9, 10, 11, 12, 13]) -- (Edges: [(12, 4), (12, 7), (3, 7), (4, 6), (4, 12), (5, 13), (0, 2), (0, 5), (8, 6), (2, 11), (13, 5), (1, 12), (4, 5), (9, 7), (10, 2), (0, 1), (0, 7), (2, 4), (9, 10), (9, 13), (1, 5), (1, 11), (2, 10), (12, 5), (4, 7), (4, 13), (8, 7), (10, 4), (9, 12), (10, 13), (0, 12), (8, 13), (11, 12), (2, 12)])"
14,30,1,0.0026755332946777344,0.0042612552642822266,0.006936788558959961,0.14389514923095703,"(Vertices: [0, 1, 2, 3, 4, 5, 6, 7, 8, 9, 10, 11, 12, 13]) -- (Edges: [(12, 4), (4, 12), (5, 13), (9, 5), (8, 9), (0, 5), (11, 5), (1, 6), (9, 11), (13, 5), (0, 11), (1, 12), (4, 5), (12, 6), (9, 10), (11, 7), (2, 4), (10, 5), (0, 4), (0, 10), (2, 7), (6, 7), (4, 7), (3, 5), (9, 6), (1, 4), (2, 3), (1, 7), (2, 12), (13, 6)])"
14,38,128,0.0005609989166259766,0.00223541259765625,0.0027964115142822266,0.05862140655517578,"(Vertices: [0, 1, 2, 3, 4, 5, 6, 7, 8, 9, 10, 11, 12, 13]) -- (Edges: [(12, 7), (4, 6), (5, 7), (5, 13), (3, 13), (8, 3), (9, 5), (11, 5), (8, 12), (1, 6), (2, 5), (2, 11), (1, 3), (1, 9), (13, 5), (10, 12), (1, 12), (9, 1), (11, 4), (10, 2), (0, 1), (11, 7), (1, 2), (2, 7), (0, 13), (2, 10), (11, 13), (6, 7), (4, 13), (8, 1), (8, 7), (8, 10), (10, 13), (0, 6), (8, 13), (11, 12), (2, 6), (2, 12)])"
14,29,1,0.0008709430694580078,0.002653837203979492,0.0035247802734375,0.12142086029052734,"(Vertices: [0, 1, 2, 3, 4, 5, 6, 7, 8, 9, 10, 11, 12, 13]) -- (Edges: [(3, 4), (3, 7), (12, 13), (5, 7), (8, 0), (8, 9), (11, 5), (8, 12), (0, 8), (2, 5), (1, 3), (8, 2), (0, 7), (10, 5), (1, 2), (2, 7), (13, 7), (1, 11), (6, 7), (8, 1), (9, 6), (8, 10), (1, 4), (0, 6), (10, 13), (1, 13), (2, 6), (2, 12), (13, 6)])"
14,35,128,0.0005812644958496094,0.0038819313049316406,0.00446319580078125,0.05862140655517578,"(Vertices: [0, 1, 2, 3, 4, 5, 6, 7, 8, 9, 10, 11, 12, 13]) -- (Edges: [(12, 4), (12, 7), (3, 7), (4, 12), (8, 0), (5, 13), (10, 6), (11, 5), (8, 6), (0, 8), (1, 3), (2, 11), (13, 5), (4, 5), (5, 6), (11, 4), (8, 5), (9, 4), (0, 1), (0, 7), (8, 11), (10, 11), (2, 7), (1, 5), (6, 7), (4, 13), (9, 3), (10, 4), (10, 7), (1, 4), (0, 12), (1, 7), (1, 13), (2, 6), (13, 6)])"
15,42,1,0.002561330795288086,0.004420280456542969,0.006981611251831055,0.14702987670898438,"(Vertices: [0, 1, 2, 3, 4, 5, 6, 7, 8, 9, 10, 11, 12, 13, 14]) -- (Edges: [(14, 7), (8, 0), (9, 5), (0, 2), (8, 3), (9, 14), (10, 3), (9, 11), (0, 8), (1, 3), (1, 9), (1, 12), (6, 14), (14, 6), (12, 6), (4, 14), (3, 12), (9, 1), (9, 7), (11, 4), (8, 5), (10, 2), (0, 1), (9, 10), (10, 5), (1, 2), (1, 5), (0, 13), (2, 10), (12, 5), (3, 5), (3, 11), (12, 14), (3, 14), (8, 1), (8, 7), (11, 3), (0, 9), (0, 6), (1, 7), (2, 6), (1, 10)])"
15,40,182,0.0005252361297607422,0.0022683143615722656,0.002793550491333008,0.05878639221191406,"(Vertices: [0, 1, 2, 3, 4, 5, 6, 7, 8, 9, 10, 11, 12, 13, 14]) -- (Edges: [(12, 4), (3, 4), (3, 7), (4, 12), (0, 2), (0, 5), (10, 3), (8, 6), (1, 6), (8, 12), (1, 9), (0, 11), (1, 12), (6, 14), (14, 6), (8, 2), (9, 1), (9, 7), (8, 5), (8, 11), (11, 7), (2, 4), (10, 11), (0, 10), (13, 7), (1, 14), (6, 7), (12, 5), (4, 7), (12, 14), (3, 14), (8, 4), (4, 13), (8, 7), (10, 4), (0, 9), (10, 7), (1, 4), (0, 6), (2, 3)])"
15,33,1,0.0012998580932617188,0.0037164688110351562,0.005016326904296875,0.12128067016601562,"(Vertices: [0, 1, 2, 3, 4, 5, 6, 7, 8, 9, 10, 11, 12, 13, 14]) -- (Edges: [(3, 7), (14, 7), (4, 6), (12, 13), (9, 5), (0, 2), (8, 12), (9, 11), (2, 11), (1, 9), (10, 12), (6, 14), (14, 6), (12, 6), (9, 1), (11, 4), (8, 11), (0, 1), (10, 5), (0, 4), (0, 10), (1, 5), (1, 11), (10, 14), (1, 14), (2, 13), (4, 7), (3, 14), (4, 13), (0, 3), (8, 10), (1, 4), (1, 7)])"
15,34,182,0.00110626220703125,0.003361225128173828,0.004467487335205078,0.05878639221191406,"(Vertices: [0, 1, 2, 3, 4, 5, 6, 7, 8, 9, 10, 11, 12, 13, 14]) -- (Edges: [(12, 7), (12, 13), (8, 0), (3, 13), (8, 9), (11, 5), (8, 6), (0, 8), (0, 14), (11, 14), (0, 11), (5, 6), (3, 6), (0, 1), (9, 10), (10, 5), (10, 11), (0, 10), (1, 11), (11, 13), (2, 13), (3, 11), (3, 14), (8, 4), (9, 3), (8, 1), (5, 14), (8, 7), (11, 3), (1, 4), (10, 13), (2, 3), (8, 13), (11, 12)])"
15,36,1,0.00130462646484375,0.0045490264892578125,0.0058536529541015625,0.12128067016601562,"(Vertices: [0, 1, 2, 3, 4, 5, 6, 7, 8, 9, 10, 11, 12, 13, 14]) -- (Edges: [(3, 4), (9, 2), (5, 7), (0, 2), (0, 5), (10, 3), (8, 6), (9, 14), (2, 5), (0, 14), (13, 14), (5, 6), (3, 12), (8, 2), (9, 7), (8, 5), (10, 2), (0, 1), (2, 4), (1, 2), (10, 5), (0, 10), (10, 11), (0, 13), (2, 10), (2, 13), (12, 5), (4, 7), (8, 4), (9, 3), (10, 4), (0, 6), (1, 7), (1, 13), (2, 6), (2, 12)])"
15,53,182,0.001394033432006836,0.0034646987915039062,0.004858732223510742,0.05878639221191406,"(Vertices: [0, 1, 2, 3, 4, 5, 6, 7, 8, 9, 10, 11, 12, 13, 14]) -- (Edges: [(12, 4), (3, 4), (14, 7), (4, 12), (9, 2), (5, 7), (12, 13), (5, 13), (8, 9), (0, 5), (8, 6), (8, 12), (1, 6), (9, 11), (2, 5), (13, 5), (9, 14), (0, 11), (2, 14), (13, 14), (4, 5), (12, 6), (3, 6), (3, 12), (11, 4), (10, 2), (9, 4), (0, 7), (11, 7), (10, 11), (0, 4), (0, 10), (9, 13), (1, 5), (1, 11), (10, 14), (2, 10), (11, 13), (12, 5), (4, 7), (12, 14), (3, 11), (8, 1), (8, 7), (10, 4), (9, 6), (0, 3), (11, 3), (8, 10), (1, 4), (10, 13), (11, 12), (1, 10)])"
15,38,1,0.0008587837219238281,0.003665924072265625,0.004524707794189453,0.1212167739868164,"(Vertices: [0, 1, 2, 3, 4, 5, 6, 7, 8, 9, 10, 11, 12, 13, 14]) -- (Edges: [(12, 7), (3, 4), (14, 7), (12, 13), (9, 2), (8, 9), (8, 6), (9, 14), (9, 11), (0, 14), (0, 11), (1, 12), (8, 2), (9, 7), (8, 5), (10, 2), (9, 4), (11, 7), (9, 13), (2, 7), (11, 13), (2, 10), (6, 7), (12, 5), (3, 11), (4, 13), (9, 3), (8, 1), (8, 7), (10, 4), (9, 6), (0, 3), (11, 3), (8, 10), (1, 4), (9, 12), (2, 3), (11, 12)])"
15,37,182,0.0009219646453857422,0.0032079219818115234,0.004129886627197266,0.05878639221191406,"(Vertices: [0, 1, 2, 3, 4, 5, 6, 7, 8, 9, 10, 11, 12, 13, 14]) -- (Edges: [(12, 4), (3, 4), (14, 7), (4, 12), (5, 13), (0, 2), (8, 3), (8, 9), (8, 6), (10, 3), (8, 12), (0, 14), (1, 3), (13, 5), (6, 14), (14, 6), (3, 6), (3, 12), (8, 2), (11, 4), (10, 2), (9, 4), (0, 1), (0, 4), (1, 5), (13, 7), (2, 10), (12, 5), (9, 3), (8, 7), (10, 7), (11, 6), (2, 3), (1, 7), (1, 13), (2, 6), (1, 10)])"
15,31,1,0.0008244514465332031,0.0033922195434570312,0.004216670989990234,0.12130165100097656,"(Vertices: [0, 1, 2, 3, 4, 5, 6, 7, 8, 9, 10, 11, 12, 13, 14]) -- (Edges: [(12, 7), (12, 13), (9, 2), (8, 0), (5, 13), (11, 5), (8, 12), (1, 6), (0, 8), (13, 5), (13, 14), (4, 5), (5, 6), (8, 11), (11, 7), (2, 4), (8, 14), (0, 10), (2, 7), (1, 11), (0, 13), (12, 5), (3, 5), (3, 14), (8, 7), (10, 4), (9, 6), (9, 12), (0, 12), (2, 6), (13, 6)])"
15,40,182,0.0011448860168457031,0.0034601688385009766,0.00460505485534668,0.05878639221191406,"(Vertices: [0, 1, 2, 3, 4, 5, 6, 7, 8, 9, 10, 11, 12, 13, 14]) -- (Edges: [(14, 7), (9, 2), (5, 7), (5, 13), (8, 9), (10, 6), (8, 6), (8, 12), (2, 5), (13, 5), (1, 9), (0, 11), (10, 12), (3, 12), (9, 1), (10, 2), (9, 4), (0, 1), (0, 7), (2, 4), (8, 14), (9, 10), (10, 11), (2, 7), (1, 5), (1, 11), (0, 13), (2, 10), (10, 14), (2, 13), (3, 5), (4, 13), (8, 1), (9, 6), (9, 12), (8, 10), (10, 7), (1, 4), (0, 6), (2, 3)])"
15,29,1,0.002062082290649414,0.003627777099609375,0.005689859390258789,0.1412982940673828,"(Vertices: [0, 1, 2, 3, 4, 5, 6, 7, 8, 9, 10, 11, 12, 13, 14]) -- (Edges: [(3, 4), (12, 13), (5, 13), (8, 3), (0, 5), (8, 6), (1, 6), (2, 5), (13, 5), (2, 14), (13, 14), (6, 14), (14, 6), (4, 5), (5, 6), (9, 7), (11, 4), (10, 5), (1, 2), (0, 4), (0, 10), (10, 11), (13, 7), (11, 13), (9, 3), (5, 14), (0, 3), (8, 10), (11, 12)])"
15,33,182,0.0009095668792724609,0.0033779144287109375,0.0042874813079833984,0.06041431427001953,"(Vertices: [0, 1, 2, 3, 4, 5, 6, 7, 8, 9, 10, 11, 12, 13, 14]) -- (Edges: [(12, 4), (12, 7), (3, 7), (4, 12), (5, 13), (3, 13), (10, 6), (0, 5), (9, 14), (9, 11), (13, 5), (1, 3), (1, 9), (10, 12), (5, 6), (3, 12), (9, 1), (9, 7), (0, 7), (2, 4), (1, 2), (10, 5), (0, 10), (1, 5), (11, 13), (12, 5), (9, 6), (8, 10), (1, 4), (11, 6), (0, 12), (8, 13), (11, 12)])"
15,24,1,0.0008399486541748047,0.0034067630767822266,0.004246711730957031,0.1212167739868164,"(Vertices: [0, 1, 2, 3, 4, 5, 6, 7, 8, 9, 10, 11, 12, 13, 14]) -- (Edges: [(3, 4), (3, 7), (8, 9), (9, 11), (1, 12), (13, 14), (8, 2), (8, 5), (8, 14), (9, 13), (1, 11), (12, 5), (4, 7), (4, 13), (9, 3), (5, 14), (9, 6), (0, 3), (0, 9), (8, 10), (0, 12), (8, 13), (1, 7), (1, 13)])"
15,38,182,0.0007691383361816406,0.004053592681884766,0.004822731018066406,0.05878639221191406,"(Vertices: [0, 1, 2, 3, 4, 5, 6, 7, 8, 9, 10, 11, 12, 13, 14]) -- (Edges: [(12, 4), (4, 12), (9, 2), (5, 7), (8, 0), (8, 3), (9, 14), (1, 6), (0, 8), (9, 11), (10, 12), (1, 9), (1, 12), (3, 6), (9, 1), (9, 7), (0, 7), (10, 5), (11, 7), (0, 4), (8, 14), (10, 14), (0, 13), (2, 13), (4, 7), (3, 11), (3, 14), (8, 4), (4, 13), (5, 14), (10, 4), (11, 3), (0, 9), (8, 10), (9, 12), (11, 6), (1, 7), (13, 6)])"
15,45,1,0.0026314258575439453,0.004652261734008789,0.007283687591552734,0.14263343811035156,"(Vertices: [0, 1, 2, 3, 4, 5, 6, 7, 8, 9, 10, 11, 12, 13, 14]) -- (Edges: [(12, 4), (14, 7), (4, 6), (4, 12), (5, 7), (8, 0), (3, 13), (0, 2), (8, 3), (8, 12), (1, 6), (0, 8), (9, 11), (1, 3), (2, 14), (13, 14), (5, 6), (4, 14), (3, 12), (8, 11), (9, 4), (2, 4), (1, 2), (10, 11), (13, 7), (1, 11), (2, 13), (6, 7), (4, 7), (12, 14), (3, 11), (8, 7), (10, 4), (9, 6), (0, 3), (0, 9), (11, 3), (10, 7), (0, 6), (2, 3), (8, 13), (11, 12), (2, 6), (13, 6), (1, 10)])"
15,42,182,0.0016884803771972656,0.004362821578979492,0.006051301956176758,0.05878639221191406,"(Vertices: [0, 1, 2, 3, 4, 5, 6, 7, 8, 9, 10, 11, 12, 13, 14]) -- (Edges: [(3, 4), (3, 7), (14, 7), (9, 2), (9, 5), (0, 2), (10, 6), (10, 3), (0, 11), (12, 6), (5, 6), (3, 12), (8, 2), (9, 7), (11, 4), (9, 10), (0, 7), (2, 4), (11, 7), (8, 14), (2, 7), (13, 7), (2, 13), (6, 7), (3, 5), (3, 11), (12, 14), (4, 13), (5, 14), (8, 7), (9, 6), (0, 3), (0, 9), (11, 3), (1, 4), (0, 6), (0, 12), (8, 10), (8, 13), (9, 12), (11, 12), (1, 10)])"
15,43,1,0.0026557445526123047,0.004179716110229492,0.006835460662841797,0.1442098617553711,"(Vertices: [0, 1, 2, 3, 4, 5, 6, 7, 8, 9, 10, 11, 12, 13, 14]) -- (Edges: [(12, 4), (12, 7), (3, 7), (4, 12), (5, 7), (3, 13), (0, 2), (9, 5), (8, 6), (10, 3), (2, 5), (0, 14), (2, 11), (1, 9), (10, 12), (13, 14), (4, 5), (3, 12), (9, 1), (11, 4), (8, 5), (10, 2), (0, 1), (11, 7), (8, 14), (0, 10), (2, 7), (1, 11), (2, 10), (1, 14), (6, 7), (12, 5), (3, 11), (3, 14), (9, 3), (5, 14), (8, 7), (11, 3), (1, 4), (2, 3), (8, 13), (2, 6), (13, 6)])"
15,37,182,0.0006418228149414062,0.002405405044555664,0.0030472278594970703,0.05878639221191406,"(Vertices: [0, 1, 2, 3, 4, 5, 6, 7, 8, 9, 10, 11, 12, 13, 14]) -- (Edges: [(12, 4), (3, 4), (3, 7), (4, 12), (9, 2), (3, 13), (0, 2), (8, 9), (10, 6), (8, 6), (1, 6), (9, 11), (1, 3), (3, 6), (8, 2), (0, 7), (2, 4), (1, 2), (0, 4), (8, 14), (2, 7), (1, 5), (1, 11), (0, 13), (6, 7), (4, 7), (12, 14), (3, 11), (8, 4), (8, 1), (5, 14), (10, 4), (9, 6), (11, 3), (11, 6), (2, 12), (1, 10)])"
15,29,1,0.0009965896606445312,0.0037038326263427734,0.004700422286987305,0.12128067016601562,"(Vertices: [0, 1, 2, 3, 4, 5, 6, 7, 8, 9, 10, 11, 12, 13, 14]) -- (Edges: [(12, 4), (3, 7), (4, 6), (4, 12), (9, 2), (0, 5), (10, 3), (8, 12), (9, 11), (9, 14), (13, 14), (8, 2), (9, 4), (0, 7), (11, 7), (1, 2), (0, 4), (8, 14), (13, 7), (1, 14), (3, 5), (3, 11), (8, 7), (0, 3), (11, 3), (10, 7), (8, 10), (11, 12), (2, 6)])"
15,42,182,0.0010352134704589844,0.003543376922607422,0.004578590393066406,0.05878639221191406,"(Vertices: [0, 1, 2, 3, 4, 5, 6, 7, 8, 9, 10, 11, 12, 13, 14]) -- (Edges: [(12, 4), (4, 6), (4, 12), (9, 2), (5, 7), (8, 0), (8, 3), (0, 8), (0, 14), (11, 14), (1, 9), (13, 14), (6, 14), (14, 6), (5, 6), (4, 14), (9, 1), (9, 7), (9, 4), (9, 10), (11, 7), (8, 14), (10, 11), (0, 4), (2, 7), (0, 13), (2, 13), (6, 7), (12, 5), (4, 7), (12, 14), (8, 4), (9, 3), (8, 7), (0, 3), (0, 9), (10, 7), (8, 10), (9, 12), (8, 13), (2, 12), (13, 6)])"
15,32,1,0.0014417171478271484,0.00448918342590332,0.005930900573730469,0.12128067016601562,"(Vertices: [0, 1, 2, 3, 4, 5, 6, 7, 8, 9, 10, 11, 12, 13, 14]) -- (Edges: [(12, 7), (3, 7), (8, 0), (0, 2), (10, 6), (0, 8), (12, 6), (9, 7), (11, 4), (8, 11), (10, 2), (0, 7), (10, 5), (2, 10), (1, 14), (2, 13), (6, 7), (12, 5), (3, 11), (4, 13), (9, 3), (8, 1), (10, 4), (11, 3), (8, 10), (0, 6), (0, 12), (11, 6), (1, 7), (11, 12), (2, 6), (1, 10)])"
15,49,182,0.0004787445068359375,0.0034079551696777344,0.003886699676513672,0.05878639221191406,"(Vertices: [0, 1, 2, 3, 4, 5, 6, 7, 8, 9, 10, 11, 12, 13, 14]) -- (Edges: [(12, 4), (3, 7), (14, 7), (4, 6), (4, 12), (8, 0), (5, 13), (0, 2), (8, 3), (8, 9), (10, 3), (8, 12), (0, 8), (11, 14), (1, 3), (1, 9), (0, 11), (13, 5), (1, 12), (12, 6), (5, 6), (4, 14), (9, 1), (8, 11), (9, 10), (0, 7), (10, 5), (1, 2), (0, 4), (2, 7), (1, 5), (1, 11), (0, 13), (10, 14), (11, 13), (6, 7), (4, 7), (3, 11), (3, 14), (4, 13), (9, 3), (5, 14), (10, 4), (0, 3), (11, 3), (1, 4), (0, 6), (2, 6), (13, 6)])"
15,30,1,0.0020716190338134766,0.005519866943359375,0.0075914859771728516,0.1391305923461914,"(Vertices: [0, 1, 2, 3, 4, 5, 6, 7, 8, 9, 10, 11, 12, 13, 14]) -- (Edges: [(3, 4), (14, 7), (4, 6), (10, 6), (11, 14), (2, 11), (2, 14), (12, 6), (4, 14), (3, 12), (9, 7), (9, 10), (11, 7), (2, 4), (8, 14), (1, 5), (1, 11), (2, 13), (6, 7), (12, 5), (4, 7), (8, 1), (0, 3), (0, 9), (9, 12), (10, 13), (0, 12), (8, 13), (11, 12), (13, 6)])"
15,34,182,0.0005385875701904297,0.002226591110229492,0.002765178680419922,0.05878639221191406,"(Vertices: [0, 1, 2, 3, 4, 5, 6, 7, 8, 9, 10, 11, 12, 13, 14]) -- (Edges: [(12, 7), (3, 7), (12, 13), (3, 13), (0, 2), (8, 3), (10, 6), (0, 14), (1, 3), (11, 14), (9, 7), (8, 5), (8, 11), (9, 10), (0, 7), (10, 11), (0, 10), (1, 11), (1, 14), (2, 13), (4, 7), (3, 5), (3, 14), (8, 4), (8, 7), (10, 4), (9, 6), (0, 3), (0, 6), (2, 3), (11, 6), (8, 13), (2, 6), (2, 12)])"
15,40,1,0.0024902820587158203,0.005136728286743164,0.007627010345458984,0.14521503448486328,"(Vertices: [0, 1, 2, 3, 4, 5, 6, 7, 8, 9, 10, 11, 12, 13, 14]) -- (Edges: [(3, 4), (12, 13), (5, 7), (5, 13), (9, 5), (8, 9), (11, 5), (10, 3), (9, 14), (1, 6), (13, 5), (13, 14), (6, 14), (14, 6), (5, 6), (3, 12), (10, 2), (9, 4), (0, 1), (11, 7), (1, 2), (13, 7), (11, 13), (2, 10), (12, 14), (3, 11), (3, 14), (4, 13), (9, 3), (5, 14), (11, 3), (0, 9), (8, 10), (0, 6), (11, 6), (8, 13), (11, 12), (1, 13), (13, 6), (1, 10)])"
15,35,182,0.0010635852813720703,0.0031647682189941406,0.004228353500366211,0.05878639221191406,"(Vertices: [0, 1, 2, 3, 4, 5, 6, 7, 8, 9, 10, 11, 12, 13, 14]) -- (Edges: [(4, 6), (5, 7), (8, 0), (0, 2), (8, 9), (10, 6), (8, 12), (0, 8), (13, 14), (4, 5), (3, 6), (9, 7), (0, 1), (0, 7), (11, 7), (10, 11), (9, 13), (1, 5), (1, 11), (1, 14), (12, 5), (12, 14), (3, 11), (8, 4), (5, 14), (10, 4), (11, 3), (8, 10), (10, 7), (9, 12), (0, 12), (2, 3), (1, 13), (2, 12), (1, 10)])"
15,43,1,0.0012745857238769531,0.003467082977294922,0.004741668701171875,0.12128067016601562,"(Vertices: [0, 1, 2, 3, 4, 5, 6, 7, 8, 9, 10, 11, 12, 13, 14]) -- (Edges: [(3, 4), (3, 7), (5, 7), (8, 0), (5, 13), (11, 5), (8, 12), (9, 14), (0, 8), (2, 5), (2, 11), (1, 9), (13, 5), (2, 14), (13, 14), (12, 6), (5, 6), (8, 2), (9, 1), (8, 11), (9, 10), (8, 14), (1, 2), (9, 13), (0, 10), (2, 7), (13, 7), (10, 11), (10, 14), (6, 7), (3, 5), (10, 4), (0, 3), (8, 10), (10, 7), (1, 4), (0, 6), (0, 12), (9, 12), (1, 7), (10, 13), (2, 6), (1, 10)])"
15,37,182,0.0008411407470703125,0.0022864341735839844,0.003127574920654297,0.05878639221191406,"(Vertices: [0, 1, 2, 3, 4, 5, 6, 7, 8, 9, 10, 11, 12, 13, 14]) -- (Edges: [(12, 7), (4, 6), (12, 13), (8, 0), (5, 13), (0, 2), (8, 9), (0, 5), (10, 3), (8, 6), (1, 6), (0, 8), (0, 14), (2, 11), (1, 3), (1, 9), (13, 5), (4, 5), (3, 6), (9, 1), (8, 5), (8, 11), (1, 11), (11, 13), (3, 11), (4, 13), (5, 14), (8, 7), (11, 3), (8, 10), (10, 7), (10, 13), (11, 6), (8, 13), (1, 7), (1, 13), (2, 6)])"
15,35,1,0.0026941299438476562,0.003989219665527344,0.006683349609375,0.1412496566772461,"(Vertices: [0, 1, 2, 3, 4, 5, 6, 7, 8, 9, 10, 11, 12, 13, 14]) -- (Edges: [(12, 7), (14, 7), (8, 0), (3, 13), (0, 2), (8, 9), (0, 5), (10, 3), (8, 6), (0, 8), (0, 14), (1, 3), (10, 12), (0, 11), (1, 12), (6, 14), (14, 6), (8, 11), (0, 1), (0, 7), (11, 7), (1, 2), (9, 10), (13, 7), (1, 11), (3, 5), (12, 14), (8, 1), (9, 12), (0, 9), (10, 7), (8, 10), (8, 13), (2, 12), (1, 10)])"
15,45,182,0.0010879039764404297,0.0035054683685302734,0.004593372344970703,0.06041431427001953,"(Vertices: [0, 1, 2, 3, 4, 5, 6, 7, 8, 9, 10, 11, 12, 13, 14]) -- (Edges: [(12, 7), (14, 7), (5, 7), (3, 13), (8, 3), (10, 6), (0, 5), (8, 12), (9, 11), (11, 14), (2, 11), (1, 3), (1, 9), (0, 11), (10, 12), (13, 14), (12, 6), (8, 2), (9, 1), (9, 7), (10, 2), (0, 7), (8, 14), (9, 13), (2, 7), (1, 5), (0, 13), (2, 10), (11, 13), (3, 5), (12, 14), (9, 3), (8, 1), (10, 4), (9, 12), (0, 9), (10, 7), (1, 4), (0, 6), (0, 12), (2, 3), (1, 7), (1, 13), (8, 10), (10, 13)])"
15,36,1,0.0012843608856201172,0.0050563812255859375,0.006340742111206055,0.12128067016601562,"(Vertices: [0, 1, 2, 3, 4, 5, 6, 7, 8, 9, 10, 11, 12, 13, 14]) -- (Edges: [(12, 4), (3, 4), (4, 12), (8, 0), (8, 3), (8, 9), (1, 6), (0, 8), (0, 14), (1, 3), (9, 11), (13, 14), (12, 6), (3, 12), (9, 7), (11, 4), (8, 11), (2, 4), (1, 2), (0, 4), (10, 5), (8, 14), (1, 5), (13, 7), (9, 13), (1, 14), (12, 14), (5, 14), (0, 3), (0, 9), (9, 12), (1, 4), (10, 13), (2, 3), (8, 13), (2, 12)])"
15,31,182,0.0004405975341796875,0.003712177276611328,0.004152774810791016,0.05878639221191406,"(Vertices: [0, 1, 2, 3, 4, 5, 6, 7, 8, 9, 10, 11, 12, 13, 14]) -- (Edges: [(5, 13), (8, 9), (10, 6), (0, 5), (10, 3), (8, 6), (8, 12), (13, 5), (2, 14), (1, 12), (4, 5), (12, 6), (4, 14), (3, 6), (11, 4), (8, 11), (1, 2), (0, 10), (1, 5), (1, 11), (0, 13), (1, 14), (2, 13), (12, 5), (5, 14), (10, 4), (8, 7), (0, 9), (11, 6), (8, 13), (1, 7)])"
15,42,1,0.0012402534484863281,0.003549337387084961,0.004789590835571289,0.12128067016601562,"(Vertices: [0, 1, 2, 3, 4, 5, 6, 7, 8, 9, 10, 11, 12, 13, 14]) -- (Edges: [(3, 7), (14, 7), (4, 6), (8, 3), (8, 9), (10, 6), (10, 3), (8, 12), (11, 14), (1, 3), (1, 9), (10, 12), (2, 14), (1, 12), (5, 6), (9, 1), (9, 7), (11, 4), (10, 2), (0, 7), (8, 14), (0, 10), (2, 7), (13, 7), (0, 13), (2, 10), (2, 13), (4, 7), (3, 5), (12, 14), (3, 14), (8, 4), (8, 1), (0, 3), (0, 9), (10, 7), (9, 12), (0, 6), (0, 12), (10, 13), (1, 7), (2, 6)])"
15,40,182,0.0009028911590576172,0.0035886764526367188,0.004491567611694336,0.05878639221191406,"(Vertices: [0, 1, 2, 3, 4, 5, 6, 7, 8, 9, 10, 11, 12, 13, 14]) -- (Edges: [(3, 4), (9, 2), (5, 7), (8, 0), (5, 13), (3, 13), (8, 3), (10, 6), (0, 5), (0, 8), (11, 14), (13, 5), (10, 12), (2, 14), (6, 14), (14, 6), (12, 6), (5, 6), (4, 14), (9, 7), (8, 11), (9, 4), (9, 10), (0, 7), (11, 7), (9, 13), (0, 10), (1, 14), (2, 13), (6, 7), (4, 7), (0, 9), (1, 4), (11, 6), (0, 12), (8, 13), (1, 7), (2, 6), (2, 12), (1, 10)])"
15,28,1,0.0014538764953613281,0.005277872085571289,0.006731748580932617,0.12128067016601562,"(Vertices: [0, 1, 2, 3, 4, 5, 6, 7, 8, 9, 10, 11, 12, 13, 14]) -- (Edges: [(4, 6), (8, 9), (10, 6), (9, 14), (8, 12), (1, 6), (2, 5), (1, 3), (13, 14), (5, 6), (3, 12), (8, 11), (9, 4), (10, 2), (1, 2), (0, 4), (10, 11), (1, 5), (1, 11), (2, 10), (3, 5), (3, 11), (9, 3), (8, 7), (0, 3), (11, 3), (1, 4), (13, 6)])"
15,23,182,0.0007572174072265625,0.0020897388458251953,0.002846956253051758,0.05878639221191406,"(Vertices: [0, 1, 2, 3, 4, 5, 6, 7, 8, 9, 10, 11, 12, 13, 14]) -- (Edges: [(5, 7), (5, 13), (8, 12), (2, 5), (13, 5), (0, 14), (2, 11), (0, 11), (2, 14), (12, 6), (8, 14), (10, 14), (2, 13), (6, 7), (3, 5), (5, 14), (10, 4), (8, 7), (0, 3), (8, 10), (0, 6), (0, 12), (11, 6)])"
15,36,1,0.002756357192993164,0.003602266311645508,0.006358623504638672,0.1470937728881836,"(Vertices: [0, 1, 2, 3, 4, 5, 6, 7, 8, 9, 10, 11, 12, 13, 14]) -- (Edges: [(3, 4), (14, 7), (5, 7), (5, 13), (3, 13), (9, 5), (10, 6), (1, 6), (0, 14), (13, 5), (10, 12), (0, 11), (11, 14), (1, 12), (4, 5), (4, 14), (8, 2), (8, 5), (9, 4), (9, 10), (11, 7), (2, 13), (4, 7), (3, 5), (3, 11), (12, 14), (3, 14), (8, 4), (0, 3), (11, 3), (9, 12), (10, 13), (2, 3), (8, 13), (2, 6), (1, 10)])"
15,35,182,0.0008955001831054688,0.003383159637451172,0.004278659820556641,0.06041431427001953,"(Vertices: [0, 1, 2, 3, 4, 5, 6, 7, 8, 9, 10, 11, 12, 13, 14]) -- (Edges: [(14, 7), (12, 13), (5, 13), (9, 5), (8, 9), (0, 5), (8, 12), (1, 6), (9, 11), (2, 11), (13, 5), (0, 11), (1, 12), (13, 14), (8, 2), (9, 7), (8, 5), (9, 10), (11, 7), (2, 4), (1, 2), (0, 10), (2, 7), (1, 5), (0, 13), (1, 14), (12, 5), (3, 11), (8, 7), (9, 6), (11, 3), (11, 12), (2, 6), (13, 6), (1, 10)])"
15,32,1,0.0024046897888183594,0.0042018890380859375,0.006606578826904297,0.14521312713623047,"(Vertices: [0, 1, 2, 3, 4, 5, 6, 7, 8, 9, 10, 11, 12, 13, 14]) -- (Edges: [(3, 4), (9, 5), (8, 3), (8, 9), (10, 3), (1, 6), (1, 3), (1, 9), (0, 11), (6, 14), (14, 6), (12, 6), (4, 14), (3, 12), (9, 1), (8, 5), (8, 11), (0, 1), (11, 7), (8, 14), (0, 4), (13, 7), (1, 14), (4, 7), (3, 5), (9, 6), (9, 12), (0, 9), (1, 4), (0, 6), (2, 3), (8, 13)])"
15,40,182,0.00147247314453125,0.0034973621368408203,0.00496983528137207,0.05878639221191406,"(Vertices: [0, 1, 2, 3, 4, 5, 6, 7, 8, 9, 10, 11, 12, 13, 14]) -- (Edges: [(12, 4), (3, 7), (4, 6), (4, 12), (3, 13), (0, 2), (8, 3), (10, 3), (8, 12), (2, 14), (1, 12), (4, 5), (12, 6), (5, 6), (3, 6), (3, 12), (8, 2), (4, 14), (9, 7), (8, 5), (8, 11), (0, 1), (0, 7), (2, 4), (10, 5), (8, 14), (0, 10), (2, 7), (1, 5), (10, 11), (1, 14), (2, 13), (3, 5), (3, 11), (8, 1), (0, 3), (11, 3), (10, 7), (1, 7), (1, 10)])"
15,34,1,0.0019335746765136719,0.0051653385162353516,0.0070989131927490234,0.13908863067626953,"(Vertices: [0, 1, 2, 3, 4, 5, 6, 7, 8, 9, 10, 11, 12, 13, 14]) -- (Edges: [(4, 6), (5, 13), (0, 5), (8, 6), (2, 5), (0, 14), (2, 11), (13, 5), (11, 14), (6, 14), (14, 6), (3, 6), (4, 14), (11, 4), (8, 11), (0, 7), (2, 4), (8, 14), (2, 7), (13, 7), (1, 11), (10, 14), (6, 7), (4, 7), (3, 14), (4, 13), (8, 1), (10, 7), (1, 4), (0, 12), (2, 3), (1, 7), (1, 13), (1, 10)])"
15,31,182,0.0004744529724121094,0.002263307571411133,0.002737760543823242,0.05878639221191406,"(Vertices: [0, 1, 2, 3, 4, 5, 6, 7, 8, 9, 10, 11, 12, 13, 14]) -- (Edges: [(12, 7), (3, 4), (5, 7), (9, 5), (8, 9), (8, 6), (8, 12), (9, 14), (1, 6), (11, 14), (1, 3), (10, 12), (5, 6), (3, 6), (8, 2), (11, 4), (9, 10), (0, 7), (10, 11), (2, 7), (10, 14), (1, 11), (10, 4), (9, 6), (8, 10), (10, 13), (0, 6), (11, 6), (8, 13), (2, 12), (13, 6)])"
15,41,1,0.0029535293579101562,0.004274606704711914,0.00722813606262207,0.14519596099853516,"(Vertices: [0, 1, 2, 3, 4, 5, 6, 7, 8, 9, 10, 11, 12, 13, 14]) -- (Edges: [(14, 7), (9, 2), (5, 13), (9, 5), (10, 6), (9, 14), (10, 3), (1, 6), (9, 11), (0, 14), (2, 11), (1, 3), (1, 9), (13, 5), (13, 14), (6, 14), (14, 6), (5, 6), (4, 14), (3, 12), (9, 1), (9, 7), (10, 2), (2, 4), (0, 4), (2, 7), (1, 5), (10, 14), (2, 10), (9, 3), (5, 14), (8, 7), (9, 12), (8, 10), (10, 7), (1, 4), (0, 6), (11, 6), (8, 13), (2, 6), (1, 10)])"
15,39,182,0.0009145736694335938,0.0033414363861083984,0.004256010055541992,0.060413360595703125,"(Vertices: [0, 1, 2, 3, 4, 5, 6, 7, 8, 9, 10, 11, 12, 13, 14]) -- (Edges: [(3, 4), (3, 7), (14, 7), (4, 6), (12, 13), (9, 2), (8, 0), (9, 5), (0, 5), (10, 3), (9, 14), (0, 8), (0, 14), (6, 14), (14, 6), (5, 6), (9, 7), (8, 5), (9, 4), (0, 1), (8, 14), (0, 4), (0, 10), (1, 5), (13, 7), (0, 13), (11, 13), (6, 7), (12, 5), (3, 14), (9, 3), (5, 14), (8, 7), (0, 9), (1, 4), (11, 6), (0, 12), (2, 3), (2, 6)])"
15,34,1,0.002156496047973633,0.004736185073852539,0.006892681121826172,0.14222049713134766,"(Vertices: [0, 1, 2, 3, 4, 5, 6, 7, 8, 9, 10, 11, 12, 13, 14]) -- (Edges: [(12, 4), (3, 4), (3, 7), (4, 12), (12, 13), (8, 0), (9, 5), (8, 9), (0, 5), (8, 6), (0, 8), (1, 12), (13, 14), (9, 7), (9, 10), (11, 7), (8, 14), (10, 11), (9, 13), (10, 14), (0, 13), (11, 13), (1, 14), (2, 13), (6, 7), (12, 5), (3, 11), (8, 4), (9, 6), (11, 3), (9, 12), (2, 3), (8, 13), (11, 12)])"
15,39,182,0.0004863739013671875,0.0024874210357666016,0.002973794937133789,0.05878639221191406,"(Vertices: [0, 1, 2, 3, 4, 5, 6, 7, 8, 9, 10, 11, 12, 13, 14]) -- (Edges: [(3, 4), (14, 7), (4, 6), (12, 13), (8, 0), (0, 2), (10, 6), (8, 6), (8, 12), (0, 8), (11, 14), (2, 11), (1, 12), (5, 6), (3, 12), (9, 7), (11, 4), (8, 5), (2, 4), (10, 5), (10, 11), (2, 7), (10, 14), (2, 13), (6, 7), (4, 7), (3, 5), (12, 14), (3, 14), (5, 14), (10, 4), (8, 7), (9, 12), (0, 9), (10, 13), (11, 6), (2, 3), (11, 12), (1, 7)])"
15,34,1,0.0009331703186035156,0.00397491455078125,0.004908084869384766,0.12128067016601562,"(Vertices: [0, 1, 2, 3, 4, 5, 6, 7, 8, 9, 10, 11, 12, 13, 14]) -- (Edges: [(12, 7), (5, 7), (8, 6), (9, 11), (2, 5), (0, 14), (1, 9), (1, 12), (4, 5), (4, 14), (8, 2), (9, 1), (8, 11), (11, 7), (1, 2), (0, 4), (0, 10), (10, 11), (1, 5), (13, 7), (10, 14), (2, 13), (3, 5), (3, 11), (8, 4), (4, 13), (5, 14), (10, 4), (0, 3), (11, 3), (8, 10), (0, 6), (11, 12), (1, 13)])"
15,37,182,0.0013039112091064453,0.0033407211303710938,0.004644632339477539,0.05878639221191406,"(Vertices: [0, 1, 2, 3, 4, 5, 6, 7, 8, 9, 10, 11, 12, 13, 14]) -- (Edges: [(12, 4), (12, 7), (3, 4), (14, 7), (4, 12), (9, 2), (8, 0), (0, 2), (10, 6), (8, 6), (10, 3), (8, 12), (1, 6), (0, 8), (9, 14), (2, 11), (1, 9), (0, 11), (12, 6), (9, 1), (11, 4), (8, 11), (9, 4), (0, 1), (11, 7), (9, 10), (10, 2), (13, 7), (1, 11), (2, 10), (2, 13), (12, 5), (8, 7), (8, 13), (1, 7), (2, 12), (1, 10)])"
15,35,1,0.002405405044555664,0.0049381256103515625,0.0073435306549072266,0.14706802368164062,"(Vertices: [0, 1, 2, 3, 4, 5, 6, 7, 8, 9, 10, 11, 12, 13, 14]) -- (Edges: [(14, 7), (9, 5), (0, 2), (8, 9), (8, 6), (8, 12), (1, 6), (9, 11), (2, 5), (0, 11), (13, 14), (6, 14), (14, 6), (4, 5), (3, 6), (9, 7), (8, 5), (11, 4), (9, 4), (0, 1), (8, 11), (2, 4), (10, 5), (9, 13), (0, 10), (2, 7), (1, 5), (2, 13), (12, 5), (8, 1), (9, 12), (10, 7), (0, 12), (2, 3), (1, 7)])"
15,46,182,0.0011401176452636719,0.003559589385986328,0.00469970703125,0.060413360595703125,"(Vertices: [0, 1, 2, 3, 4, 5, 6, 7, 8, 9, 10, 11, 12, 13, 14]) -- (Edges: [(12, 7), (3, 4), (14, 7), (8, 0), (3, 13), (8, 3), (10, 6), (0, 5), (11, 5), (9, 11), (0, 8), (0, 14), (2, 11), (2, 14), (13, 14), (6, 14), (14, 6), (4, 5), (3, 6), (11, 4), (10, 2), (9, 10), (10, 5), (2, 7), (1, 5), (1, 11), (0, 13), (2, 10), (10, 14), (1, 14), (6, 7), (4, 7), (3, 5), (3, 11), (12, 14), (3, 14), (9, 3), (8, 1), (10, 4), (11, 3), (0, 9), (10, 7), (9, 12), (0, 6), (0, 12), (1, 7)])"
15,35,1,0.0019643306732177734,0.004118442535400391,0.006082773208618164,0.13913536071777344,"(Vertices: [0, 1, 2, 3, 4, 5, 6, 7, 8, 9, 10, 11, 12, 13, 14]) -- (Edges: [(3, 4), (5, 7), (0, 2), (11, 5), (10, 3), (9, 14), (2, 5), (0, 14), (1, 9), (11, 14), (1, 12), (12, 6), (4, 14), (3, 12), (8, 2), (9, 1), (2, 4), (0, 4), (13, 7), (0, 13), (2, 13), (12, 5), (12, 14), (3, 14), (9, 3), (9, 6), (9, 12), (0, 9), (10, 7), (1, 4), (11, 6), (2, 3), (8, 13), (13, 6), (1, 10)])"
15,36,182,0.0007202625274658203,0.0034613609313964844,0.004181623458862305,0.05878639221191406,"(Vertices: [0, 1, 2, 3, 4, 5, 6, 7, 8, 9, 10, 11, 12, 13, 14]) -- (Edges: [(3, 4), (3, 7), (5, 7), (8, 0), (3, 13), (11, 5), (8, 6), (9, 14), (1, 6), (0, 8), (1, 3), (10, 12), (13, 14), (4, 5), (5, 6), (3, 6), (11, 4), (9, 4), (8, 14), (1, 2), (10, 11), (2, 7), (1, 14), (2, 13), (12, 5), (4, 7), (8, 1), (9, 6), (8, 10), (0, 12), (2, 3), (8, 13), (1, 13), (2, 6), (11, 12), (1, 10)])"
15,37,1,0.003504037857055664,0.004072666168212891,0.007576704025268555,0.1471099853515625,"(Vertices: [0, 1, 2, 3, 4, 5, 6, 7, 8, 9, 10, 11, 12, 13, 14]) -- (Edges: [(12, 7), (3, 4), (4, 6), (12, 13), (9, 2), (5, 7), (0, 2), (8, 9), (10, 6), (0, 5), (11, 5), (1, 6), (9, 11), (10, 12), (13, 14), (8, 11), (9, 4), (0, 7), (2, 4), (1, 2), (10, 5), (0, 10), (11, 7), (9, 13), (10, 11), (11, 13), (12, 5), (3, 5), (4, 13), (10, 4), (9, 6), (10, 13), (11, 6), (2, 3), (8, 13), (1, 13), (1, 10)])"
15,53,182,0.001247406005859375,0.003296375274658203,0.004543781280517578,0.060413360595703125,"(Vertices: [0, 1, 2, 3, 4, 5, 6, 7, 8, 9, 10, 11, 12, 13, 14]) -- (Edges: [(3, 7), (14, 7), (4, 6), (12, 13), (8, 0), (5, 13), (3, 13), (9, 5), (8, 9), (0, 5), (10, 3), (8, 12), (1, 6), (0, 8), (2, 5), (0, 14), (1, 3), (2, 11), (13, 5), (9, 11), (13, 14), (6, 14), (14, 6), (4, 5), (4, 14), (8, 2), (8, 5), (10, 2), (9, 4), (0, 1), (11, 7), (2, 4), (1, 2), (10, 11), (10, 14), (1, 11), (0, 13), (2, 10), (11, 13), (1, 14), (3, 5), (3, 14), (9, 3), (8, 7), (10, 4), (9, 6), (0, 3), (8, 10), (10, 7), (1, 4), (11, 6), (1, 7), (2, 6)])"
15,35,1,0.002772092819213867,0.00481867790222168,0.007590770721435547,0.1451244354248047,"(Vertices: [0, 1, 2, 3, 4, 5, 6, 7, 8, 9, 10, 11, 12, 13, 14]) -- (Edges: [(12, 7), (12, 13), (5, 7), (5, 13), (0, 2), (10, 6), (1, 6), (2, 11), (1, 9), (13, 5), (1, 12), (4, 5), (12, 6), (4, 14), (8, 2), (9, 1), (8, 5), (10, 2), (0, 7), (11, 7), (10, 11), (13, 7), (1, 11), (2, 10), (1, 14), (6, 7), (3, 5), (9, 3), (8, 7), (11, 6), (0, 12), (11, 12), (1, 13), (2, 12), (13, 6)])"
15,50,182,0.0035653114318847656,0.0033321380615234375,0.006897449493408203,0.060413360595703125,"(Vertices: [0, 1, 2, 3, 4, 5, 6, 7, 8, 9, 10, 11, 12, 13, 14]) -- (Edges: [(3, 4), (14, 7), (9, 2), (8, 0), (3, 13), (8, 3), (9, 5), (10, 6), (11, 5), (8, 6), (0, 8), (11, 14), (0, 11), (6, 14), (14, 6), (4, 5), (12, 6), (5, 6), (4, 14), (9, 7), (8, 11), (9, 4), (10, 2), (0, 7), (2, 4), (1, 2), (10, 5), (0, 10), (8, 14), (13, 7), (0, 13), (2, 10), (11, 13), (2, 13), (4, 7), (8, 4), (4, 13), (9, 3), (10, 4), (9, 6), (0, 3), (8, 10), (9, 12), (10, 13), (0, 12), (8, 13), (11, 12), (1, 13), (2, 6), (13, 6)])"
15,33,1,0.0026907920837402344,0.004621267318725586,0.00731205940246582,0.14208698272705078,"(Vertices: [0, 1, 2, 3, 4, 5, 6, 7, 8, 9, 10, 11, 12, 13, 14]) -- (Edges: [(3, 4), (8, 0), (5, 13), (10, 3), (8, 12), (0, 8), (2, 5), (13, 5), (1, 9), (2, 14), (1, 12), (12, 6), (9, 1), (10, 2), (9, 4), (0, 1), (0, 7), (11, 7), (9, 10), (0, 4), (2, 7), (1, 11), (2, 10), (2, 13), (6, 7), (8, 4), (8, 1), (9, 6), (0, 3), (0, 9), (0, 6), (11, 6), (1, 13)])"
15,23,182,0.0006735324859619141,0.0028076171875,0.003481149673461914,0.05878639221191406,"(Vertices: [0, 1, 2, 3, 4, 5, 6, 7, 8, 9, 10, 11, 12, 13, 14]) -- (Edges: [(3, 4), (8, 3), (10, 6), (1, 6), (9, 11), (1, 3), (2, 11), (0, 11), (2, 14), (1, 12), (8, 2), (0, 1), (0, 7), (10, 5), (9, 13), (1, 5), (9, 3), (5, 14), (0, 9), (0, 6), (11, 6), (13, 6), (1, 10)])"
15,33,1,0.001275777816772461,0.0036363601684570312,0.004912137985229492,0.12128067016601562,"(Vertices: [0, 1, 2, 3, 4, 5, 6, 7, 8, 9, 10, 11, 12, 13, 14]) -- (Edges: [(12, 4), (12, 7), (4, 12), (9, 2), (5, 13), (3, 13), (8, 9), (10, 6), (0, 5), (8, 6), (1, 6), (0, 14), (13, 5), (10, 12), (3, 6), (11, 4), (10, 2), (9, 10), (9, 13), (0, 10), (1, 5), (10, 14), (2, 10), (2, 13), (12, 14), (3, 14), (9, 3), (0, 3), (0, 9), (1, 4), (11, 12), (13, 6), (1, 10)])"
15,41,182,0.0020728111267089844,0.004633903503417969,0.006706714630126953,0.05878639221191406,"(Vertices: [0, 1, 2, 3, 4, 5, 6, 7, 8, 9, 10, 11, 12, 13, 14]) -- (Edges: [(12, 4), (4, 12), (3, 13), (9, 5), (8, 9), (8, 6), (10, 3), (8, 12), (2, 11), (1, 9), (10, 12), (2, 14), (1, 12), (6, 14), (14, 6), (4, 5), (9, 1), (8, 11), (9, 4), (0, 7), (10, 5), (11, 7), (10, 11), (0, 10), (1, 5), (0, 13), (2, 13), (6, 7), (4, 7), (3, 5), (12, 14), (3, 14), (8, 4), (9, 3), (9, 6), (0, 3), (8, 10), (10, 13), (0, 6), (1, 7), (13, 6)])"
15,41,1,0.0012259483337402344,0.00395965576171875,0.005185604095458984,0.1212167739868164,"(Vertices: [0, 1, 2, 3, 4, 5, 6, 7, 8, 9, 10, 11, 12, 13, 14]) -- (Edges: [(12, 13), (8, 0), (5, 13), (3, 13), (8, 9), (1, 6), (0, 8), (2, 5), (0, 14), (1, 3), (2, 11), (0, 11), (13, 5), (11, 14), (13, 14), (4, 5), (5, 6), (11, 4), (8, 5), (10, 2), (2, 4), (10, 14), (1, 11), (2, 10), (1, 14), (2, 13), (6, 7), (12, 5), (3, 5), (3, 11), (12, 14), (8, 4), (4, 13), (8, 1), (10, 4), (0, 3), (11, 3), (9, 12), (1, 4), (13, 6), (1, 10)])"
15,39,182,0.0005631446838378906,0.0037848949432373047,0.004348039627075195,0.05878639221191406,"(Vertices: [0, 1, 2, 3, 4, 5, 6, 7, 8, 9, 10, 11, 12, 13, 14]) -- (Edges: [(3, 7), (14, 7), (4, 6), (12, 13), (9, 2), (5, 7), (8, 0), (5, 13), (8, 9), (10, 3), (8, 12), (1, 6), (0, 8), (0, 14), (1, 3), (13, 5), (0, 11), (10, 12), (12, 6), (5, 6), (3, 12), (9, 4), (9, 10), (11, 7), (10, 11), (9, 13), (0, 10), (1, 5), (1, 14), (4, 7), (4, 13), (9, 3), (0, 3), (8, 10), (0, 6), (11, 6), (11, 12), (2, 6), (2, 12)])"
15,37,1,0.0025703907012939453,0.004595279693603516,0.007165670394897461,0.1470794677734375,"(Vertices: [0, 1, 2, 3, 4, 5, 6, 7, 8, 9, 10, 11, 12, 13, 14]) -- (Edges: [(12, 7), (3, 4), (8, 3), (11, 5), (8, 6), (1, 6), (9, 11), (0, 14), (1, 3), (2, 11), (11, 14), (13, 14), (6, 14), (14, 6), (5, 6), (8, 2), (11, 4), (8, 11), (9, 10), (0, 7), (2, 4), (10, 5), (9, 13), (2, 7), (0, 13), (1, 14), (2, 13), (6, 7), (5, 14), (9, 6), (0, 3), (9, 12), (10, 7), (0, 12), (1, 13), (2, 6), (2, 12)])"
15,34,182,0.0014541149139404297,0.004310131072998047,0.0057642459869384766,0.06041431427001953,"(Vertices: [0, 1, 2, 3, 4, 5, 6, 7, 8, 9, 10, 11, 12, 13, 14]) -- (Edges: [(3, 4), (12, 13), (3, 13), (8, 9), (8, 6), (9, 14), (1, 6), (9, 11), (2, 5), (1, 9), (0, 11), (4, 5), (12, 6), (4, 14), (9, 1), (9, 4), (0, 1), (8, 14), (0, 4), (1, 5), (11, 13), (2, 13), (12, 5), (4, 7), (3, 5), (3, 11), (4, 13), (9, 6), (11, 3), (10, 13), (0, 12), (2, 3), (2, 6), (2, 12)])"
15,34,1,0.0008966922760009766,0.004110097885131836,0.0050067901611328125,0.12128067016601562,"(Vertices: [0, 1, 2, 3, 4, 5, 6, 7, 8, 9, 10, 11, 12, 13, 14]) -- (Edges: [(12, 7), (4, 6), (5, 7), (5, 13), (3, 13), (9, 5), (10, 6), (11, 5), (10, 3), (2, 5), (0, 14), (1, 3), (13, 5), (11, 14), (2, 14), (4, 5), (3, 12), (9, 7), (8, 5), (8, 11), (2, 4), (10, 5), (10, 11), (0, 10), (13, 7), (10, 14), (2, 13), (12, 5), (4, 7), (8, 4), (4, 13), (9, 3), (8, 7), (0, 9)])"
15,35,182,0.0012879371643066406,0.003414154052734375,0.004702091217041016,0.05878639221191406,"(Vertices: [0, 1, 2, 3, 4, 5, 6, 7, 8, 9, 10, 11, 12, 13, 14]) -- (Edges: [(12, 7), (3, 4), (14, 7), (8, 0), (9, 5), (8, 9), (1, 6), (0, 8), (2, 14), (1, 12), (13, 14), (4, 5), (12, 6), (3, 6), (8, 2), (8, 5), (8, 11), (9, 4), (9, 10), (13, 7), (1, 11), (10, 14), (11, 13), (2, 13), (6, 7), (8, 4), (4, 13), (9, 6), (0, 3), (9, 12), (1, 4), (0, 6), (2, 6), (2, 12), (1, 10)])"
15,33,1,0.0014462471008300781,0.0035278797149658203,0.0049741268157958984,0.12128067016601562,"(Vertices: [0, 1, 2, 3, 4, 5, 6, 7, 8, 9, 10, 11, 12, 13, 14]) -- (Edges: [(14, 7), (5, 7), (9, 5), (8, 3), (8, 12), (1, 3), (10, 12), (2, 14), (13, 14), (6, 14), (14, 6), (4, 5), (3, 6), (11, 4), (9, 10), (0, 7), (10, 5), (11, 7), (0, 4), (0, 10), (10, 11), (13, 7), (0, 13), (11, 13), (1, 14), (6, 7), (4, 13), (10, 4), (9, 12), (8, 10), (8, 13), (2, 12), (1, 10)])"
15,37,182,0.0012750625610351562,0.003380298614501953,0.004655361175537109,0.05878639221191406,"(Vertices: [0, 1, 2, 3, 4, 5, 6, 7, 8, 9, 10, 11, 12, 13, 14]) -- (Edges: [(12, 4), (4, 6), (4, 12), (5, 7), (9, 5), (0, 2), (8, 3), (8, 9), (9, 14), (2, 11), (1, 9), (0, 11), (6, 14), (14, 6), (5, 6), (3, 6), (9, 1), (0, 1), (11, 7), (2, 4), (10, 5), (0, 4), (9, 10), (2, 7), (1, 5), (1, 11), (0, 13), (9, 13), (10, 11), (6, 7), (3, 5), (8, 4), (8, 1), (9, 6), (8, 10), (10, 13), (1, 13)])"
15,36,1,0.0022521018981933594,0.005038261413574219,0.007290363311767578,0.14263153076171875,"(Vertices: [0, 1, 2, 3, 4, 5, 6, 7, 8, 9, 10, 11, 12, 13, 14]) -- (Edges: [(12, 7), (9, 2), (3, 13), (8, 3), (0, 5), (9, 14), (2, 5), (1, 3), (1, 9), (0, 11), (12, 6), (4, 14), (9, 1), (11, 4), (9, 4), (9, 10), (11, 7), (1, 2), (9, 13), (0, 10), (13, 7), (10, 14), (2, 13), (4, 7), (3, 5), (3, 14), (4, 13), (9, 3), (8, 7), (0, 9), (1, 4), (2, 3), (8, 13), (11, 12), (2, 6), (1, 10)])"
15,28,182,0.0008351802825927734,0.003299713134765625,0.0041348934173583984,0.06041526794433594,"(Vertices: [0, 1, 2, 3, 4, 5, 6, 7, 8, 9, 10, 11, 12, 13, 14]) -- (Edges: [(5, 7), (0, 2), (9, 14), (8, 12), (1, 3), (6, 14), (14, 6), (3, 6), (8, 11), (9, 4), (0, 1), (10, 5), (10, 11), (9, 13), (0, 10), (0, 13), (12, 5), (4, 7), (3, 5), (8, 4), (4, 13), (8, 1), (9, 6), (0, 9), (10, 13), (1, 7), (2, 6), (13, 6)])"
15,35,1,0.0013606548309326172,0.004621982574462891,0.005982637405395508,0.1212167739868164,"(Vertices: [0, 1, 2, 3, 4, 5, 6, 7, 8, 9, 10, 11, 12, 13, 14]) -- (Edges: [(12, 7), (9, 2), (8, 9), (10, 6), (9, 14), (10, 3), (1, 6), (2, 5), (2, 11), (4, 14), (8, 2), (11, 4), (8, 11), (10, 2), (0, 1), (2, 4), (13, 7), (2, 10), (1, 14), (2, 13), (6, 7), (3, 5), (3, 11), (12, 14), (8, 4), (8, 1), (8, 7), (10, 4), (0, 3), (0, 9), (11, 3), (8, 10), (0, 6), (2, 3), (8, 13)])"
15,32,182,0.0015938282012939453,0.003687620162963867,0.0052814483642578125,0.05878639221191406,"(Vertices: [0, 1, 2, 3, 4, 5, 6, 7, 8, 9, 10, 11, 12, 13, 14]) -- (Edges: [(12, 4), (4, 12), (3, 13), (8, 3), (0, 5), (9, 11), (11, 14), (2, 11), (1, 9), (0, 11), (13, 14), (4, 5), (3, 6), (4, 14), (9, 1), (10, 2), (0, 4), (0, 10), (1, 5), (11, 13), (2, 10), (1, 14), (4, 7), (4, 13), (9, 6), (0, 3), (8, 10), (0, 6), (1, 7), (2, 6), (2, 12), (1, 10)])"
15,35,1,0.0012249946594238281,0.004530906677246094,0.005755901336669922,0.12128067016601562,"(Vertices: [0, 1, 2, 3, 4, 5, 6, 7, 8, 9, 10, 11, 12, 13, 14]) -- (Edges: [(12, 4), (3, 4), (4, 12), (5, 7), (3, 13), (0, 2), (8, 3), (8, 9), (0, 5), (10, 3), (11, 5), (8, 6), (2, 11), (1, 9), (4, 5), (5, 6), (9, 1), (10, 2), (2, 4), (9, 13), (2, 7), (1, 5), (13, 7), (2, 10), (4, 7), (12, 14), (8, 4), (0, 3), (8, 10), (9, 12), (0, 6), (0, 12), (2, 3), (1, 7), (11, 12)])"
15,42,182,0.0010104179382324219,0.0032923221588134766,0.0043027400970458984,0.05878639221191406,"(Vertices: [0, 1, 2, 3, 4, 5, 6, 7, 8, 9, 10, 11, 12, 13, 14]) -- (Edges: [(12, 4), (14, 7), (4, 6), (4, 12), (12, 13), (8, 0), (0, 5), (8, 6), (8, 12), (1, 6), (0, 8), (9, 14), (1, 3), (0, 11), (2, 14), (1, 12), (13, 14), (12, 6), (8, 2), (9, 7), (9, 4), (0, 1), (11, 7), (2, 4), (1, 2), (9, 13), (13, 7), (11, 13), (1, 14), (2, 13), (6, 7), (3, 14), (9, 3), (5, 14), (0, 3), (0, 9), (10, 7), (1, 4), (11, 6), (0, 12), (8, 10), (1, 10)])"
15,31,1,0.0023140907287597656,0.004483461380004883,0.0067975521087646484,0.14373016357421875,"(Vertices: [0, 1, 2, 3, 4, 5, 6, 7, 8, 9, 10, 11, 12, 13, 14]) -- (Edges: [(3, 4), (3, 7), (0, 5), (10, 3), (9, 14), (9, 11), (0, 14), (1, 3), (1, 12), (4, 5), (4, 14), (9, 7), (11, 7), (10, 5), (8, 14), (0, 4), (9, 13), (1, 5), (13, 7), (4, 7), (4, 13), (8, 7), (9, 6), (0, 3), (9, 12), (10, 13), (11, 6), (11, 12), (2, 6), (2, 12), (1, 10)])"
15,32,182,0.0013968944549560547,0.003563404083251953,0.004960298538208008,0.05878639221191406,"(Vertices: [0, 1, 2, 3, 4, 5, 6, 7, 8, 9, 10, 11, 12, 13, 14]) -- (Edges: [(14, 7), (11, 5), (10, 3), (9, 14), (9, 11), (0, 14), (1, 3), (2, 14), (6, 14), (14, 6), (9, 7), (1, 2), (9, 13), (0, 10), (10, 14), (1, 14), (2, 13), (6, 7), (12, 5), (3, 11), (3, 14), (0, 3), (0, 9), (11, 3), (1, 4), (11, 6), (0, 12), (10, 7), (8, 13), (9, 12), (2, 6), (2, 12)])"
15,39,1,0.0014085769653320312,0.004985809326171875,0.006394386291503906,0.12128067016601562,"(Vertices: [0, 1, 2, 3, 4, 5, 6, 7, 8, 9, 10, 11, 12, 13, 14]) -- (Edges: [(12, 4), (3, 7), (14, 7), (4, 6), (4, 12), (3, 13), (8, 9), (0, 5), (11, 5), (8, 6), (1, 6), (0, 14), (2, 11), (10, 12), (0, 11), (4, 5), (5, 6), (3, 6), (4, 14), (8, 2), (8, 5), (9, 4), (10, 5), (8, 14), (9, 13), (0, 10), (10, 11), (1, 11), (6, 7), (12, 14), (3, 14), (8, 1), (5, 14), (10, 4), (9, 12), (0, 9), (10, 13), (0, 6), (1, 7)])"
15,43,182,0.00045418739318847656,0.001974344253540039,0.0024285316467285156,0.05878639221191406,"(Vertices: [0, 1, 2, 3, 4, 5, 6, 7, 8, 9, 10, 11, 12, 13, 14]) -- (Edges: [(12, 4), (14, 7), (4, 12), (9, 2), (5, 7), (8, 0), (3, 13), (8, 3), (10, 6), (0, 5), (9, 14), (0, 8), (0, 14), (1, 3), (13, 14), (6, 14), (14, 6), (12, 6), (5, 6), (4, 14), (8, 2), (9, 7), (11, 4), (8, 5), (10, 2), (11, 7), (10, 5), (0, 4), (2, 7), (1, 5), (13, 7), (0, 13), (2, 10), (10, 14), (1, 14), (11, 13), (12, 5), (3, 5), (5, 14), (10, 4), (0, 9), (10, 13), (8, 13)])"
15,33,1,0.003245830535888672,0.003722667694091797,0.006968498229980469,0.14378833770751953,"(Vertices: [0, 1, 2, 3, 4, 5, 6, 7, 8, 9, 10, 11, 12, 13, 14]) -- (Edges: [(12, 4), (4, 6), (4, 12), (12, 13), (5, 13), (0, 2), (8, 3), (10, 6), (0, 5), (8, 6), (9, 11), (11, 14), (13, 5), (0, 11), (13, 14), (4, 5), (8, 5), (11, 4), (9, 4), (9, 10), (2, 4), (8, 14), (9, 13), (0, 10), (10, 14), (11, 13), (10, 4), (9, 6), (8, 10), (1, 4), (2, 3), (2, 6), (2, 12)])"
15,36,182,0.000698089599609375,0.003719329833984375,0.00441741943359375,0.06041526794433594,"(Vertices: [0, 1, 2, 3, 4, 5, 6, 7, 8, 9, 10, 11, 12, 13, 14]) -- (Edges: [(12, 4), (12, 7), (4, 6), (4, 12), (12, 13), (5, 13), (10, 6), (8, 6), (8, 12), (1, 3), (13, 5), (1, 12), (4, 5), (3, 6), (8, 2), (8, 5), (9, 10), (0, 7), (2, 4), (0, 4), (0, 10), (9, 13), (0, 13), (8, 4), (10, 4), (0, 9), (10, 7), (1, 4), (0, 6), (0, 12), (11, 6), (8, 10), (10, 13), (2, 6), (11, 12), (1, 10)])"
15,36,1,0.002291440963745117,0.004988431930541992,0.007279872894287109,0.14519500732421875,"(Vertices: [0, 1, 2, 3, 4, 5, 6, 7, 8, 9, 10, 11, 12, 13, 14]) -- (Edges: [(3, 4), (3, 7), (4, 6), (9, 2), (8, 0), (9, 5), (1, 6), (0, 8), (11, 14), (0, 11), (12, 6), (3, 6), (3, 12), (4, 14), (11, 4), (0, 1), (8, 14), (0, 10), (10, 14), (1, 11), (0, 13), (1, 14), (2, 13), (12, 5), (3, 14), (8, 1), (5, 14), (8, 7), (0, 9), (8, 10), (10, 13), (11, 6), (2, 3), (8, 13), (1, 7), (2, 6)])"
15,27,182,0.0009284019470214844,0.0034160614013671875,0.004344463348388672,0.060413360595703125,"(Vertices: [0, 1, 2, 3, 4, 5, 6, 7, 8, 9, 10, 11, 12, 13, 14]) -- (Edges: [(12, 7), (9, 2), (5, 13), (0, 5), (11, 5), (8, 6), (10, 3), (11, 14), (13, 5), (6, 14), (14, 6), (12, 6), (3, 6), (8, 11), (0, 1), (1, 14), (12, 5), (3, 11), (3, 14), (8, 7), (9, 6), (0, 3), (11, 3), (10, 7), (0, 6), (1, 7), (1, 13)])"
15,46,1,0.0015385150909423828,0.003415346145629883,0.004953861236572266,0.12128067016601562,"(Vertices: [0, 1, 2, 3, 4, 5, 6, 7, 8, 9, 10, 11, 12, 13, 14]) -- (Edges: [(12, 4), (3, 7), (4, 6), (4, 12), (9, 2), (5, 7), (12, 13), (9, 5), (8, 3), (0, 5), (1, 6), (9, 11), (2, 5), (2, 11), (0, 14), (1, 3), (1, 9), (2, 14), (1, 12), (13, 14), (6, 14), (14, 6), (4, 5), (3, 6), (4, 14), (9, 1), (10, 2), (0, 1), (11, 7), (9, 10), (9, 13), (1, 11), (11, 13), (2, 10), (1, 14), (6, 7), (3, 5), (10, 4), (9, 6), (8, 10), (10, 7), (10, 13), (0, 6), (11, 12), (1, 13), (2, 12)])"
15,36,182,0.00138092041015625,0.003444194793701172,0.004825115203857422,0.05878639221191406,"(Vertices: [0, 1, 2, 3, 4, 5, 6, 7, 8, 9, 10, 11, 12, 13, 14]) -- (Edges: [(12, 7), (3, 4), (3, 7), (12, 13), (0, 2), (10, 6), (9, 14), (1, 6), (9, 11), (0, 14), (1, 3), (2, 11), (2, 14), (5, 6), (3, 12), (9, 4), (0, 7), (10, 5), (1, 2), (0, 4), (8, 14), (10, 11), (1, 5), (1, 11), (13, 7), (6, 7), (4, 7), (3, 11), (9, 3), (11, 3), (8, 10), (10, 13), (11, 6), (0, 12), (2, 6), (1, 10)])"
15,37,1,0.0031845569610595703,0.0034720897674560547,0.006656646728515625,0.14519214630126953,"(Vertices: [0, 1, 2, 3, 4, 5, 6, 7, 8, 9, 10, 11, 12, 13, 14]) -- (Edges: [(4, 6), (5, 7), (5, 13), (8, 3), (11, 5), (10, 3), (8, 12), (1, 6), (9, 14), (2, 11), (1, 9), (13, 5), (6, 14), (14, 6), (4, 5), (12, 6), (4, 14), (3, 6), (9, 1), (9, 7), (11, 4), (8, 11), (0, 1), (10, 5), (10, 11), (1, 11), (3, 11), (8, 1), (10, 4), (0, 3), (0, 9), (11, 3), (8, 10), (11, 6), (8, 13), (9, 12), (1, 10)])"
15,33,182,0.0010259151458740234,0.00362396240234375,0.0046498775482177734,0.060413360595703125,"(Vertices: [0, 1, 2, 3, 4, 5, 6, 7, 8, 9, 10, 11, 12, 13, 14]) -- (Edges: [(12, 7), (3, 4), (5, 13), (9, 5), (0, 2), (11, 5), (8, 6), (8, 12), (9, 14), (0, 14), (1, 3), (2, 11), (0, 11), (13, 5), (1, 12), (6, 14), (14, 6), (8, 2), (10, 2), (9, 4), (0, 7), (10, 11), (2, 10), (1, 14), (12, 5), (3, 5), (10, 4), (9, 6), (8, 10), (10, 13), (11, 12), (1, 7), (1, 10)])"
15,36,1,0.0008363723754882812,0.003912448883056641,0.004748821258544922,0.12128067016601562,"(Vertices: [0, 1, 2, 3, 4, 5, 6, 7, 8, 9, 10, 11, 12, 13, 14]) -- (Edges: [(12, 4), (14, 7), (4, 12), (8, 0), (0, 2), (11, 5), (8, 6), (1, 6), (0, 8), (11, 14), (10, 12), (0, 11), (4, 5), (3, 6), (4, 14), (11, 4), (2, 4), (10, 5), (0, 4), (0, 10), (1, 5), (1, 11), (13, 7), (11, 13), (1, 14), (2, 13), (12, 14), (3, 14), (4, 13), (5, 14), (10, 4), (8, 7), (0, 9), (8, 10), (0, 12), (2, 12)])"
15,33,182,0.0011603832244873047,0.004185199737548828,0.005345582962036133,0.058730125427246094,"(Vertices: [0, 1, 2, 3, 4, 5, 6, 7, 8, 9, 10, 11, 12, 13, 14]) -- (Edges: [(12, 7), (3, 7), (5, 7), (8, 0), (0, 2), (8, 9), (11, 5), (10, 3), (9, 11), (0, 8), (11, 14), (2, 11), (0, 11), (3, 6), (8, 2), (9, 7), (8, 11), (10, 2), (0, 7), (9, 13), (13, 7), (10, 14), (2, 10), (2, 13), (9, 3), (5, 14), (8, 7), (9, 6), (8, 10), (1, 4), (0, 6), (11, 6), (8, 13)])"
15,45,1,0.0025806427001953125,0.0038170814514160156,0.006397724151611328,0.14125442504882812,"(Vertices: [0, 1, 2, 3, 4, 5, 6, 7, 8, 9, 10, 11, 12, 13, 14]) -- (Edges: [(3, 4), (14, 7), (4, 6), (8, 0), (3, 13), (0, 2), (10, 6), (10, 3), (1, 6), (0, 8), (2, 5), (1, 3), (1, 9), (2, 11), (9, 11), (1, 12), (4, 5), (12, 6), (5, 6), (3, 6), (9, 1), (8, 11), (10, 2), (0, 1), (0, 7), (10, 11), (9, 13), (2, 7), (1, 11), (0, 13), (2, 10), (11, 13), (1, 14), (12, 5), (4, 7), (3, 5), (3, 14), (9, 3), (8, 1), (8, 7), (0, 3), (0, 6), (0, 12), (2, 3), (1, 7)])"
15,36,182,0.0007457733154296875,0.0035326480865478516,0.004278421401977539,0.061913490295410156,"(Vertices: [0, 1, 2, 3, 4, 5, 6, 7, 8, 9, 10, 11, 12, 13, 14]) -- (Edges: [(12, 7), (14, 7), (4, 6), (8, 3), (9, 14), (11, 14), (0, 11), (6, 14), (14, 6), (4, 5), (4, 14), (3, 6), (9, 7), (8, 11), (9, 4), (0, 1), (0, 7), (10, 5), (11, 7), (8, 14), (9, 13), (10, 2), (1, 5), (13, 7), (0, 13), (2, 10), (2, 13), (3, 5), (4, 13), (8, 1), (8, 7), (10, 4), (9, 12), (10, 7), (0, 12), (1, 10)])"
15,39,1,0.0013697147369384766,0.003461122512817383,0.004830837249755859,0.12128067016601562,"(Vertices: [0, 1, 2, 3, 4, 5, 6, 7, 8, 9, 10, 11, 12, 13, 14]) -- (Edges: [(4, 6), (9, 2), (5, 7), (3, 13), (10, 6), (10, 3), (9, 11), (1, 9), (0, 11), (1, 12), (13, 14), (6, 14), (14, 6), (5, 6), (8, 2), (9, 1), (9, 7), (11, 4), (8, 11), (9, 4), (0, 1), (0, 4), (13, 7), (11, 13), (1, 14), (3, 5), (3, 11), (8, 4), (8, 1), (8, 7), (9, 6), (11, 3), (1, 4), (11, 6), (2, 3), (11, 12), (1, 13), (2, 6), (2, 12)])"
15,42,182,0.0015926361083984375,0.0033829212188720703,0.004975557327270508,0.05878639221191406,"(Vertices: [0, 1, 2, 3, 4, 5, 6, 7, 8, 9, 10, 11, 12, 13, 14]) -- (Edges: [(12, 4), (12, 7), (3, 4), (4, 12), (8, 0), (5, 13), (0, 2), (8, 9), (0, 5), (11, 5), (1, 6), (0, 8), (11, 14), (13, 5), (0, 11), (12, 6), (4, 14), (3, 12), (10, 2), (9, 4), (9, 10), (0, 7), (11, 7), (9, 13), (0, 10), (2, 7), (2, 10), (1, 14), (2, 13), (3, 5), (8, 4), (10, 4), (0, 3), (0, 9), (10, 7), (9, 12), (2, 3), (8, 13), (1, 7), (11, 12), (2, 6), (13, 6)])"
15,32,1,0.0024199485778808594,0.005103588104248047,0.007523536682128906,0.14514732360839844,"(Vertices: [0, 1, 2, 3, 4, 5, 6, 7, 8, 9, 10, 11, 12, 13, 14]) -- (Edges: [(3, 4), (12, 13), (0, 2), (8, 3), (8, 9), (11, 5), (9, 14), (2, 5), (0, 14), (1, 3), (2, 14), (4, 5), (9, 4), (0, 1), (11, 7), (8, 14), (9, 10), (0, 4), (1, 5), (11, 13), (4, 13), (8, 1), (5, 14), (10, 4), (8, 7), (0, 3), (8, 10), (10, 7), (1, 4), (0, 6), (2, 12), (1, 10)])"
15,40,182,0.0006618499755859375,0.0039103031158447266,0.004572153091430664,0.05878639221191406,"(Vertices: [0, 1, 2, 3, 4, 5, 6, 7, 8, 9, 10, 11, 12, 13, 14]) -- (Edges: [(9, 2), (5, 7), (5, 13), (9, 5), (0, 2), (8, 9), (10, 6), (0, 5), (11, 5), (8, 12), (1, 6), (1, 3), (1, 9), (13, 5), (4, 5), (3, 12), (9, 1), (9, 7), (11, 4), (10, 2), (11, 7), (8, 14), (0, 4), (0, 10), (2, 7), (1, 5), (1, 11), (11, 13), (2, 10), (1, 14), (12, 5), (12, 14), (4, 13), (9, 3), (8, 1), (10, 7), (1, 4), (11, 6), (1, 13), (1, 10)])"
15,45,1,0.00115966796875,0.003816366195678711,0.004976034164428711,0.12128067016601562,"(Vertices: [0, 1, 2, 3, 4, 5, 6, 7, 8, 9, 10, 11, 12, 13, 14]) -- (Edges: [(12, 4), (3, 4), (4, 6), (4, 12), (3, 13), (0, 2), (10, 6), (0, 5), (8, 12), (9, 14), (0, 14), (1, 9), (13, 14), (6, 14), (14, 6), (5, 6), (4, 14), (3, 12), (8, 2), (9, 1), (9, 7), (11, 4), (8, 11), (9, 4), (0, 7), (1, 2), (0, 4), (2, 7), (1, 5), (0, 13), (2, 13), (12, 5), (4, 7), (12, 14), (10, 4), (0, 3), (0, 9), (1, 4), (0, 6), (0, 12), (10, 13), (1, 7), (11, 12), (2, 12), (13, 6)])"
15,35,182,0.0004546642303466797,0.0022656917572021484,0.002720355987548828,0.05878639221191406,"(Vertices: [0, 1, 2, 3, 4, 5, 6, 7, 8, 9, 10, 11, 12, 13, 14]) -- (Edges: [(12, 4), (3, 4), (4, 12), (9, 2), (8, 0), (9, 5), (10, 3), (8, 12), (1, 6), (0, 8), (2, 5), (1, 3), (2, 11), (9, 11), (1, 12), (5, 6), (2, 4), (10, 5), (8, 14), (10, 11), (2, 7), (1, 5), (13, 7), (0, 13), (11, 13), (1, 14), (2, 13), (4, 7), (3, 11), (8, 4), (11, 3), (0, 9), (10, 13), (2, 3), (1, 7)])"
15,38,1,0.000827789306640625,0.0035855770111083984,0.0044133663177490234,0.12128067016601562,"(Vertices: [0, 1, 2, 3, 4, 5, 6, 7, 8, 9, 10, 11, 12, 13, 14]) -- (Edges: [(12, 13), (3, 13), (0, 2), (9, 5), (11, 5), (8, 6), (9, 14), (9, 11), (0, 14), (1, 9), (2, 14), (12, 6), (5, 6), (9, 1), (8, 5), (9, 4), (8, 14), (1, 2), (9, 13), (0, 10), (13, 7), (10, 14), (0, 13), (3, 5), (3, 11), (8, 4), (8, 7), (10, 4), (11, 3), (8, 10), (10, 7), (9, 12), (11, 6), (0, 12), (2, 3), (11, 12), (2, 6), (2, 12)])"
15,44,182,0.0004315376281738281,0.0021812915802001953,0.0026128292083740234,0.05878639221191406,"(Vertices: [0, 1, 2, 3, 4, 5, 6, 7, 8, 9, 10, 11, 12, 13, 14]) -- (Edges: [(12, 7), (3, 7), (12, 13), (9, 2), (5, 13), (3, 13), (0, 5), (10, 3), (1, 6), (2, 5), (0, 14), (13, 5), (11, 14), (2, 14), (13, 14), (6, 14), (14, 6), (3, 12), (8, 2), (8, 11), (9, 4), (0, 1), (10, 2), (8, 14), (1, 2), (2, 10), (2, 13), (4, 7), (3, 5), (3, 11), (9, 3), (8, 7), (10, 4), (0, 3), (0, 9), (11, 3), (10, 13), (11, 6), (0, 12), (2, 3), (1, 7), (8, 13), (2, 6), (1, 10)])"
15,36,1,0.002360820770263672,0.004846334457397461,0.007207155227661133,0.14522171020507812,"(Vertices: [0, 1, 2, 3, 4, 5, 6, 7, 8, 9, 10, 11, 12, 13, 14]) -- (Edges: [(3, 4), (4, 6), (12, 13), (5, 7), (9, 5), (8, 3), (8, 9), (10, 6), (11, 5), (2, 5), (2, 11), (1, 3), (1, 9), (10, 12), (2, 14), (1, 12), (11, 14), (13, 14), (3, 6), (8, 2), (9, 1), (11, 4), (8, 5), (0, 7), (11, 7), (10, 11), (0, 13), (11, 13), (6, 7), (12, 5), (3, 11), (10, 4), (11, 3), (0, 9), (13, 6), (1, 10)])"
15,45,182,0.0015134811401367188,0.0032858848571777344,0.004799365997314453,0.058722496032714844,"(Vertices: [0, 1, 2, 3, 4, 5, 6, 7, 8, 9, 10, 11, 12, 13, 14]) -- (Edges: [(12, 4), (12, 7), (3, 4), (4, 6), (4, 12), (5, 7), (8, 0), (9, 5), (8, 3), (11, 5), (10, 3), (8, 12), (0, 8), (0, 14), (2, 14), (13, 14), (12, 6), (3, 6), (4, 14), (8, 2), (8, 5), (0, 7), (1, 2), (9, 13), (0, 10), (10, 11), (1, 5), (13, 7), (2, 13), (6, 7), (3, 5), (8, 4), (4, 13), (5, 14), (8, 7), (0, 3), (0, 9), (10, 7), (8, 10), (10, 13), (0, 12), (1, 7), (1, 13), (2, 6), (2, 12)])"
