size,edges,time_lumping,kappa,time_iteration,memory (MB),graph
5,4,0.0012748241424560547,1,8.416175842285156e-05,0.026824951171875,"(Vertices: [0, 1, 2, 3, 4]) -- (Edges: [(0, 1), (0, 3), (0, 4), (1, 4)])"
5,4,0.0016837120056152344,6,6.890296936035156e-05,0.0148773193359375,"(Vertices: [0, 1, 2, 3, 4]) -- (Edges: [(1, 3), (1, 2), (0, 4), (1, 4)])"
5,4,0.0012886524200439453,1,3.910064697265625e-05,0.02652740478515625,"(Vertices: [0, 1, 2, 3, 4]) -- (Edges: [(0, 2), (0, 3), (2, 4), (3, 4)])"
5,2,0.0008738040924072266,6,0.00018405914306640625,0.0117645263671875,"(Vertices: [0, 1, 2, 3, 4]) -- (Edges: [(2, 3), (2, 4)])"
5,3,0.0013434886932373047,1,0.00011563301086425781,0.026824951171875,"(Vertices: [0, 1, 2, 3, 4]) -- (Edges: [(0, 1), (2, 4), (1, 2)])"
5,5,0.0012774467468261719,6,6.246566772460938e-05,0.0148773193359375,"(Vertices: [0, 1, 2, 3, 4]) -- (Edges: [(1, 2), (0, 4), (3, 4), (2, 3), (1, 3)])"
5,1,0.0018379688262939453,1,9.012222290039062e-05,0.024078369140625,"(Vertices: [0, 1, 2, 3, 4]) -- (Edges: [(0, 3)])"
5,5,0.0010325908660888672,6,0.00012159347534179688,0.01549530029296875,"(Vertices: [0, 1, 2, 3, 4]) -- (Edges: [(2, 4), (0, 4), (0, 3), (0, 2), (1, 3)])"
5,3,0.0015804767608642578,1,0.00010943412780761719,0.026824951171875,"(Vertices: [0, 1, 2, 3, 4]) -- (Edges: [(2, 3), (0, 4), (1, 4)])"
5,1,0.0008707046508789062,6,7.367134094238281e-05,0.0103759765625,"(Vertices: [0, 1, 2, 3, 4]) -- (Edges: [(0, 3)])"
5,6,0.0014145374298095703,1,3.886222839355469e-05,0.03070831298828125,"(Vertices: [0, 1, 2, 3, 4]) -- (Edges: [(1, 2), (3, 4), (1, 4), (2, 3), (0, 2), (1, 3)])"
5,3,0.0026428699493408203,6,0.00014519691467285156,0.0122833251953125,"(Vertices: [0, 1, 2, 3, 4]) -- (Edges: [(0, 1), (0, 3), (1, 4)])"
5,4,0.0015876293182373047,1,4.363059997558594e-05,0.026824951171875,"(Vertices: [0, 1, 2, 3, 4]) -- (Edges: [(2, 3), (0, 2), (1, 2), (1, 3)])"
5,3,0.0008044242858886719,6,0.00010061264038085938,0.012237548828125,"(Vertices: [0, 1, 2, 3, 4]) -- (Edges: [(0, 1), (0, 3), (0, 4)])"
5,4,0.001390218734741211,1,8.320808410644531e-05,0.0295867919921875,"(Vertices: [0, 1, 2, 3, 4]) -- (Edges: [(2, 3), (0, 2), (1, 2), (1, 4)])"
5,4,0.0010006427764892578,6,0.0005331039428710938,0.014739990234375,"(Vertices: [0, 1, 2, 3, 4]) -- (Edges: [(0, 2), (0, 3), (2, 4), (1, 4)])"
5,3,0.0014185905456542969,1,3.9577484130859375e-05,0.025787353515625,"(Vertices: [0, 1, 2, 3, 4]) -- (Edges: [(1, 3), (3, 4), (1, 4)])"
5,2,0.0007143020629882812,6,8.034706115722656e-05,0.01190185546875,"(Vertices: [0, 1, 2, 3, 4]) -- (Edges: [(3, 4), (1, 4)])"
5,8,0.0008904933929443359,1,0.00012135505676269531,0.03070831298828125,"(Vertices: [0, 1, 2, 3, 4]) -- (Edges: [(2, 4), (0, 4), (3, 4), (0, 3), (1, 4), (2, 3), (0, 2), (1, 3)])"
5,2,0.0010106563568115234,6,0.00018405914306640625,0.0116729736328125,"(Vertices: [0, 1, 2, 3, 4]) -- (Edges: [(0, 1), (0, 3)])"
5,5,0.0017099380493164062,1,8.821487426757812e-05,0.030975341796875,"(Vertices: [0, 1, 2, 3, 4]) -- (Edges: [(0, 1), (1, 2), (3, 4), (0, 3), (1, 4)])"
5,5,0.0009112358093261719,6,9.655952453613281e-05,0.01476287841796875,"(Vertices: [0, 1, 2, 3, 4]) -- (Edges: [(0, 1), (2, 4), (1, 2), (3, 4), (0, 2)])"
5,2,0.0011496543884277344,1,0.00011777877807617188,0.0257720947265625,"(Vertices: [0, 1, 2, 3, 4]) -- (Edges: [(0, 2), (1, 3)])"
5,4,0.0010309219360351562,6,6.222724914550781e-05,0.0153350830078125,"(Vertices: [0, 1, 2, 3, 4]) -- (Edges: [(2, 3), (1, 2), (0, 3), (3, 4)])"
5,5,0.0010859966278076172,1,3.457069396972656e-05,0.0266265869140625,"(Vertices: [0, 1, 2, 3, 4]) -- (Edges: [(0, 1), (1, 2), (0, 4), (3, 4), (2, 3)])"
5,5,0.001184701919555664,6,7.176399230957031e-05,0.01517486572265625,"(Vertices: [0, 1, 2, 3, 4]) -- (Edges: [(0, 1), (3, 4), (0, 3), (0, 2), (1, 3)])"
5,5,0.001270294189453125,1,5.2928924560546875e-05,0.0295867919921875,"(Vertices: [0, 1, 2, 3, 4]) -- (Edges: [(2, 4), (0, 4), (3, 4), (2, 3), (1, 3)])"
5,2,0.0009253025054931641,6,0.00017189979553222656,0.011810302734375,"(Vertices: [0, 1, 2, 3, 4]) -- (Edges: [(0, 2), (0, 4)])"
5,3,0.001003265380859375,1,2.8848648071289062e-05,0.026824951171875,"(Vertices: [0, 1, 2, 3, 4]) -- (Edges: [(2, 3), (1, 2), (1, 4)])"
5,4,0.0007462501525878906,6,7.104873657226562e-05,0.0148773193359375,"(Vertices: [0, 1, 2, 3, 4]) -- (Edges: [(1, 2), (0, 2), (0, 3), (1, 4)])"
5,5,0.0015676021575927734,1,4.124641418457031e-05,0.0295867919921875,"(Vertices: [0, 1, 2, 3, 4]) -- (Edges: [(2, 4), (0, 4), (3, 4), (1, 4), (0, 2)])"
5,2,0.0008788108825683594,6,9.751319885253906e-05,0.011810302734375,"(Vertices: [0, 1, 2, 3, 4]) -- (Edges: [(2, 4), (1, 3)])"
5,3,0.0016655921936035156,1,5.1021575927734375e-05,0.026824951171875,"(Vertices: [0, 1, 2, 3, 4]) -- (Edges: [(2, 3), (0, 3), (1, 3)])"
5,5,0.0011789798736572266,6,7.152557373046875e-05,0.012481689453125,"(Vertices: [0, 1, 2, 3, 4]) -- (Edges: [(2, 4), (1, 2), (0, 4), (0, 3), (1, 3)])"
5,4,0.0012784004211425781,1,0.00010156631469726562,0.026824951171875,"(Vertices: [0, 1, 2, 3, 4]) -- (Edges: [(1, 2), (1, 3), (3, 4), (1, 4)])"
5,3,0.0011820793151855469,6,9.369850158691406e-05,0.012237548828125,"(Vertices: [0, 1, 2, 3, 4]) -- (Edges: [(1, 2), (0, 3), (1, 4)])"
5,3,0.0013227462768554688,1,4.7206878662109375e-05,0.026824951171875,"(Vertices: [0, 1, 2, 3, 4]) -- (Edges: [(2, 3), (2, 4), (0, 4)])"
5,3,0.0009186267852783203,6,0.0001773834228515625,0.012237548828125,"(Vertices: [0, 1, 2, 3, 4]) -- (Edges: [(0, 2), (0, 3), (3, 4)])"
5,4,0.0015835762023925781,1,4.506111145019531e-05,0.0295867919921875,"(Vertices: [0, 1, 2, 3, 4]) -- (Edges: [(1, 2), (0, 2), (0, 3), (0, 4)])"
5,2,0.0008485317230224609,6,9.870529174804688e-05,0.011810302734375,"(Vertices: [0, 1, 2, 3, 4]) -- (Edges: [(0, 3), (1, 4)])"
5,3,0.0016465187072753906,1,9.703636169433594e-05,0.026824951171875,"(Vertices: [0, 1, 2, 3, 4]) -- (Edges: [(0, 1), (0, 4), (3, 4)])"
5,1,0.0009644031524658203,6,0.0001819133758544922,0.01032257080078125,"(Vertices: [0, 1, 2, 3, 4]) -- (Edges: [(1, 4)])"
5,3,0.0014328956604003906,1,3.0517578125e-05,0.026824951171875,"(Vertices: [0, 1, 2, 3, 4]) -- (Edges: [(0, 1), (2, 4), (0, 3)])"
5,4,0.000766754150390625,6,6.747245788574219e-05,0.0148773193359375,"(Vertices: [0, 1, 2, 3, 4]) -- (Edges: [(1, 3), (1, 2), (0, 4), (1, 4)])"
5,3,0.0014235973358154297,1,3.5762786865234375e-05,0.025787353515625,"(Vertices: [0, 1, 2, 3, 4]) -- (Edges: [(1, 3), (3, 4), (1, 4)])"
5,3,0.0007157325744628906,6,3.981590270996094e-05,0.0128326416015625,"(Vertices: [0, 1, 2, 3, 4]) -- (Edges: [(0, 2), (1, 2), (0, 4)])"
5,3,0.0015106201171875,1,6.532669067382812e-05,0.026824951171875,"(Vertices: [0, 1, 2, 3, 4]) -- (Edges: [(0, 1), (1, 3), (1, 4)])"
5,3,0.0011038780212402344,6,0.00014448165893554688,0.012237548828125,"(Vertices: [0, 1, 2, 3, 4]) -- (Edges: [(0, 1), (2, 4), (0, 4)])"
5,2,0.0015115737915039062,1,5.269050598144531e-05,0.0257720947265625,"(Vertices: [0, 1, 2, 3, 4]) -- (Edges: [(0, 1), (3, 4)])"
5,1,0.0010533332824707031,6,0.0001323223114013672,0.01035308837890625,"(Vertices: [0, 1, 2, 3, 4]) -- (Edges: [(0, 4)])"
5,3,0.0017843246459960938,1,4.220008850097656e-05,0.026824951171875,"(Vertices: [0, 1, 2, 3, 4]) -- (Edges: [(2, 3), (2, 4), (0, 4)])"
5,2,0.001692056655883789,6,6.198883056640625e-05,0.01178741455078125,"(Vertices: [0, 1, 2, 3, 4]) -- (Edges: [(0, 1), (1, 3)])"
5,3,0.001382589340209961,1,5.698204040527344e-05,0.025787353515625,"(Vertices: [0, 1, 2, 3, 4]) -- (Edges: [(2, 3), (1, 2), (1, 3)])"
5,2,0.0015990734100341797,6,6.937980651855469e-05,0.01190185546875,"(Vertices: [0, 1, 2, 3, 4]) -- (Edges: [(0, 1), (0, 3)])"
5,1,0.0014896392822265625,1,0.00014448165893554688,0.024078369140625,"(Vertices: [0, 1, 2, 3, 4]) -- (Edges: [(1, 4)])"
5,1,0.0016412734985351562,6,8.153915405273438e-05,0.0103302001953125,"(Vertices: [0, 1, 2, 3, 4]) -- (Edges: [(1, 2)])"
5,5,0.001241922378540039,1,9.012222290039062e-05,0.0295867919921875,"(Vertices: [0, 1, 2, 3, 4]) -- (Edges: [(3, 4), (0, 3), (1, 4), (2, 3), (1, 3)])"
5,4,0.0009365081787109375,6,0.00010323524475097656,0.01226043701171875,"(Vertices: [0, 1, 2, 3, 4]) -- (Edges: [(2, 4), (1, 2), (1, 3), (1, 4)])"
5,4,0.0014336109161376953,1,0.0001227855682373047,0.02652740478515625,"(Vertices: [0, 1, 2, 3, 4]) -- (Edges: [(0, 2), (1, 2), (0, 4), (1, 4)])"
5,3,0.0009963512420654297,6,6.270408630371094e-05,0.0123748779296875,"(Vertices: [0, 1, 2, 3, 4]) -- (Edges: [(2, 3), (1, 3), (0, 4)])"
5,4,0.0011315345764160156,1,4.267692565917969e-05,0.0295867919921875,"(Vertices: [0, 1, 2, 3, 4]) -- (Edges: [(1, 2), (0, 3), (3, 4), (1, 4)])"
5,4,0.0014691352844238281,6,0.00013828277587890625,0.01226043701171875,"(Vertices: [0, 1, 2, 3, 4]) -- (Edges: [(2, 4), (0, 3), (0, 4), (3, 4)])"
5,4,0.0011849403381347656,1,4.124641418457031e-05,0.026824951171875,"(Vertices: [0, 1, 2, 3, 4]) -- (Edges: [(0, 1), (2, 3), (0, 4), (1, 4)])"
5,5,0.0008182525634765625,6,0.00018477439880371094,0.0148773193359375,"(Vertices: [0, 1, 2, 3, 4]) -- (Edges: [(0, 1), (0, 4), (3, 4), (0, 3), (2, 3)])"
5,4,0.0009915828704833984,1,2.5987625122070312e-05,0.02652740478515625,"(Vertices: [0, 1, 2, 3, 4]) -- (Edges: [(2, 3), (2, 4), (0, 3), (0, 4)])"
5,5,0.0007081031799316406,6,5.91278076171875e-05,0.0150146484375,"(Vertices: [0, 1, 2, 3, 4]) -- (Edges: [(0, 1), (1, 2), (3, 4), (1, 4), (1, 3)])"
5,6,0.0012142658233642578,1,4.1484832763671875e-05,0.02542877197265625,"(Vertices: [0, 1, 2, 3, 4]) -- (Edges: [(1, 2), (0, 4), (3, 4), (0, 3), (2, 3), (1, 3)])"
5,3,0.0008649826049804688,6,0.00013947486877441406,0.01253509521484375,"(Vertices: [0, 1, 2, 3, 4]) -- (Edges: [(1, 2), (1, 3), (3, 4)])"
5,2,0.0014154911041259766,1,4.5299530029296875e-05,0.0257720947265625,"(Vertices: [0, 1, 2, 3, 4]) -- (Edges: [(0, 2), (1, 3)])"
5,3,0.0011470317840576172,6,0.0001049041748046875,0.0126953125,"(Vertices: [0, 1, 2, 3, 4]) -- (Edges: [(0, 2), (0, 3), (0, 4)])"
5,4,0.0014905929565429688,1,3.719329833984375e-05,0.0295867919921875,"(Vertices: [0, 1, 2, 3, 4]) -- (Edges: [(1, 3), (1, 2), (0, 4), (3, 4)])"
5,5,0.0015676021575927734,6,8.034706115722656e-05,0.014739990234375,"(Vertices: [0, 1, 2, 3, 4]) -- (Edges: [(2, 4), (0, 4), (3, 4), (0, 3), (1, 3)])"
5,2,0.001332998275756836,1,0.00023937225341796875,0.0257720947265625,"(Vertices: [0, 1, 2, 3, 4]) -- (Edges: [(2, 4), (0, 3)])"
5,5,0.001173257827758789,6,0.00011134147644042969,0.0153350830078125,"(Vertices: [0, 1, 2, 3, 4]) -- (Edges: [(2, 4), (1, 2), (0, 3), (1, 4), (2, 3)])"
5,3,0.0012660026550292969,1,0.00014209747314453125,0.026824951171875,"(Vertices: [0, 1, 2, 3, 4]) -- (Edges: [(2, 4), (3, 4), (1, 4)])"
5,6,0.0012311935424804688,6,0.00016641616821289062,0.0148773193359375,"(Vertices: [0, 1, 2, 3, 4]) -- (Edges: [(0, 1), (2, 4), (3, 4), (1, 4), (2, 3), (0, 2)])"
5,2,0.0014617443084716797,1,4.673004150390625e-05,0.0257720947265625,"(Vertices: [0, 1, 2, 3, 4]) -- (Edges: [(0, 1), (2, 4)])"
5,3,0.001089334487915039,6,6.365776062011719e-05,0.0126953125,"(Vertices: [0, 1, 2, 3, 4]) -- (Edges: [(2, 3), (1, 3), (0, 4)])"
5,4,0.0011110305786132812,1,3.8623809814453125e-05,0.0295867919921875,"(Vertices: [0, 1, 2, 3, 4]) -- (Edges: [(0, 1), (1, 2), (0, 3), (3, 4)])"
5,4,0.0008554458618164062,6,6.461143493652344e-05,0.014739990234375,"(Vertices: [0, 1, 2, 3, 4]) -- (Edges: [(0, 2), (1, 2), (1, 3), (1, 4)])"
5,3,0.0016810894012451172,1,4.2438507080078125e-05,0.025787353515625,"(Vertices: [0, 1, 2, 3, 4]) -- (Edges: [(0, 2), (0, 4), (2, 4)])"
5,7,0.0010666847229003906,6,6.580352783203125e-05,0.01666259765625,"(Vertices: [0, 1, 2, 3, 4]) -- (Edges: [(0, 1), (1, 2), (0, 4), (3, 4), (1, 4), (2, 3), (0, 2)])"
5,4,0.0014443397521972656,1,0.00014448165893554688,0.0295867919921875,"(Vertices: [0, 1, 2, 3, 4]) -- (Edges: [(0, 1), (2, 3), (1, 3), (1, 4)])"
5,6,0.0014274120330810547,6,7.200241088867188e-05,0.0158233642578125,"(Vertices: [0, 1, 2, 3, 4]) -- (Edges: [(0, 1), (1, 2), (3, 4), (2, 3), (0, 2), (1, 3)])"
5,3,0.001430511474609375,1,3.147125244140625e-05,0.026824951171875,"(Vertices: [0, 1, 2, 3, 4]) -- (Edges: [(0, 2), (1, 2), (1, 3)])"
5,5,0.0007109642028808594,6,0.00010585784912109375,0.0148773193359375,"(Vertices: [0, 1, 2, 3, 4]) -- (Edges: [(0, 1), (0, 4), (3, 4), (1, 4), (0, 2)])"
5,3,0.0018985271453857422,1,5.602836608886719e-05,0.026824951171875,"(Vertices: [0, 1, 2, 3, 4]) -- (Edges: [(0, 2), (1, 2), (3, 4)])"
5,1,0.0008223056793212891,6,0.00014853477478027344,0.0103759765625,"(Vertices: [0, 1, 2, 3, 4]) -- (Edges: [(2, 3)])"
5,2,0.001468658447265625,1,3.5762786865234375e-05,0.0257720947265625,"(Vertices: [0, 1, 2, 3, 4]) -- (Edges: [(0, 2), (1, 2)])"
5,4,0.0010209083557128906,6,8.797645568847656e-05,0.0153350830078125,"(Vertices: [0, 1, 2, 3, 4]) -- (Edges: [(2, 4), (0, 3), (0, 4), (1, 4)])"
5,1,0.0013666152954101562,1,0.00018072128295898438,0.024078369140625,"(Vertices: [0, 1, 2, 3, 4]) -- (Edges: [(0, 1)])"
5,3,0.0009310245513916016,6,0.00010943412780761719,0.0128326416015625,"(Vertices: [0, 1, 2, 3, 4]) -- (Edges: [(1, 3), (1, 2), (0, 4)])"
5,1,0.0010502338409423828,1,6.413459777832031e-05,0.024078369140625,"(Vertices: [0, 1, 2, 3, 4]) -- (Edges: [(0, 4)])"
5,3,0.0008282661437988281,6,7.653236389160156e-05,0.0128326416015625,"(Vertices: [0, 1, 2, 3, 4]) -- (Edges: [(0, 2), (1, 2), (1, 4)])"
5,3,0.001318216323852539,1,0.0001690387725830078,0.026824951171875,"(Vertices: [0, 1, 2, 3, 4]) -- (Edges: [(0, 2), (1, 2), (2, 4)])"
5,5,0.0011038780212402344,6,6.008148193359375e-05,0.0148773193359375,"(Vertices: [0, 1, 2, 3, 4]) -- (Edges: [(2, 4), (1, 2), (0, 3), (2, 3), (1, 3)])"
5,6,0.0012965202331542969,1,4.38690185546875e-05,0.03070831298828125,"(Vertices: [0, 1, 2, 3, 4]) -- (Edges: [(2, 4), (1, 2), (0, 4), (3, 4), (1, 4), (2, 3)])"
5,4,0.0008985996246337891,6,0.00013017654418945312,0.01476287841796875,"(Vertices: [0, 1, 2, 3, 4]) -- (Edges: [(0, 1), (0, 2), (1, 3), (1, 4)])"
5,2,0.0010273456573486328,1,4.029273986816406e-05,0.0257720947265625,"(Vertices: [0, 1, 2, 3, 4]) -- (Edges: [(0, 2), (1, 2)])"
5,2,0.0007412433624267578,6,7.176399230957031e-05,0.0117645263671875,"(Vertices: [0, 1, 2, 3, 4]) -- (Edges: [(1, 3), (1, 4)])"
6,3,0.0015690326690673828,1,4.363059997558594e-05,0.03266143798828125,"(Vertices: [0, 1, 2, 3, 4, 5]) -- (Edges: [(4, 5), (3, 4), (1, 5)])"
6,3,0.0014948844909667969,8,7.748603820800781e-05,0.01767730712890625,"(Vertices: [0, 1, 2, 3, 4, 5]) -- (Edges: [(2, 3), (0, 4), (1, 4)])"
6,3,0.0017635822296142578,1,5.435943603515625e-05,0.03266143798828125,"(Vertices: [0, 1, 2, 3, 4, 5]) -- (Edges: [(0, 1), (0, 2), (0, 3)])"
6,6,0.0016853809356689453,8,6.413459777832031e-05,0.01995086669921875,"(Vertices: [0, 1, 2, 3, 4, 5]) -- (Edges: [(0, 4), (1, 5), (2, 3), (0, 2), (4, 5), (0, 5)])"
6,5,0.002165079116821289,1,4.315376281738281e-05,0.03578948974609375,"(Vertices: [0, 1, 2, 3, 4, 5]) -- (Edges: [(2, 4), (1, 5), (0, 3), (4, 5), (1, 3)])"
6,4,0.0015494823455810547,8,0.00016069412231445312,0.01721954345703125,"(Vertices: [0, 1, 2, 3, 4, 5]) -- (Edges: [(4, 5), (0, 2), (2, 5), (1, 5)])"
6,8,0.0016300678253173828,1,7.081031799316406e-05,0.0354461669921875,"(Vertices: [0, 1, 2, 3, 4, 5]) -- (Edges: [(0, 1), (2, 4), (3, 4), (1, 5), (2, 3), (0, 5), (2, 5), (3, 5)])"
6,6,0.0022077560424804688,8,5.507469177246094e-05,0.0202178955078125,"(Vertices: [0, 1, 2, 3, 4, 5]) -- (Edges: [(0, 1), (1, 2), (1, 5), (1, 4), (4, 5), (2, 5)])"
6,5,0.00201416015625,1,5.5789947509765625e-05,0.0333709716796875,"(Vertices: [0, 1, 2, 3, 4, 5]) -- (Edges: [(0, 1), (3, 4), (0, 3), (1, 3), (3, 5)])"
6,3,0.0019266605377197266,8,0.00012445449829101562,0.01764678955078125,"(Vertices: [0, 1, 2, 3, 4, 5]) -- (Edges: [(0, 1), (0, 2), (1, 4)])"
6,5,0.0015189647674560547,1,3.457069396972656e-05,0.03578948974609375,"(Vertices: [0, 1, 2, 3, 4, 5]) -- (Edges: [(1, 2), (1, 4), (0, 2), (1, 3), (3, 5)])"
6,6,0.0013239383697509766,8,4.5299530029296875e-05,0.0197296142578125,"(Vertices: [0, 1, 2, 3, 4, 5]) -- (Edges: [(0, 1), (1, 2), (0, 4), (1, 5), (2, 3), (0, 5)])"
6,4,0.002020120620727539,1,0.00017333030700683594,0.03266143798828125,"(Vertices: [0, 1, 2, 3, 4, 5]) -- (Edges: [(2, 3), (0, 3), (0, 4), (3, 4)])"
6,5,0.0015337467193603516,8,6.4849853515625e-05,0.0203399658203125,"(Vertices: [0, 1, 2, 3, 4, 5]) -- (Edges: [(0, 1), (2, 4), (1, 2), (0, 3), (2, 3)])"
6,7,0.0019009113311767578,1,0.00021719932556152344,0.03339385986328125,"(Vertices: [0, 1, 2, 3, 4, 5]) -- (Edges: [(1, 2), (0, 4), (3, 4), (1, 5), (2, 3), (0, 5), (1, 3)])"
6,5,0.001607656478881836,8,6.985664367675781e-05,0.0201568603515625,"(Vertices: [0, 1, 2, 3, 4, 5]) -- (Edges: [(1, 2), (0, 3), (1, 4), (2, 5), (1, 3)])"
6,7,0.0017979145050048828,1,4.220008850097656e-05,0.0366363525390625,"(Vertices: [0, 1, 2, 3, 4, 5]) -- (Edges: [(0, 1), (2, 4), (1, 2), (3, 4), (1, 4), (0, 2), (3, 5)])"
6,6,0.002245187759399414,8,0.00012874603271484375,0.0196990966796875,"(Vertices: [0, 1, 2, 3, 4, 5]) -- (Edges: [(0, 1), (3, 4), (1, 5), (1, 4), (0, 2), (0, 5)])"
6,4,0.00176239013671875,1,4.673004150390625e-05,0.02945709228515625,"(Vertices: [0, 1, 2, 3, 4, 5]) -- (Edges: [(0, 1), (0, 3), (3, 4), (1, 4)])"
6,8,0.0016353130340576172,8,6.127357482910156e-05,0.01956939697265625,"(Vertices: [0, 1, 2, 3, 4, 5]) -- (Edges: [(0, 1), (2, 4), (1, 5), (1, 4), (2, 3), (4, 5), (2, 5), (3, 5)])"
6,5,0.0029239654541015625,1,5.745887756347656e-05,0.03559112548828125,"(Vertices: [0, 1, 2, 3, 4, 5]) -- (Edges: [(0, 1), (1, 2), (1, 5), (0, 3), (3, 5)])"
6,7,0.0016486644744873047,8,7.653236389160156e-05,0.01776123046875,"(Vertices: [0, 1, 2, 3, 4, 5]) -- (Edges: [(0, 1), (2, 4), (1, 2), (3, 4), (1, 4), (0, 5), (3, 5)])"
6,6,0.0019192695617675781,1,8.344650268554688e-05,0.0300445556640625,"(Vertices: [0, 1, 2, 3, 4, 5]) -- (Edges: [(2, 4), (0, 4), (1, 5), (1, 4), (0, 2), (4, 5)])"
6,5,0.0018050670623779297,8,8.702278137207031e-05,0.01824188232421875,"(Vertices: [0, 1, 2, 3, 4, 5]) -- (Edges: [(2, 4), (4, 5), (0, 2), (2, 5), (1, 3)])"
6,4,0.002052783966064453,1,0.00011444091796875,0.0327606201171875,"(Vertices: [0, 1, 2, 3, 4, 5]) -- (Edges: [(0, 1), (0, 2), (0, 3), (1, 4)])"
6,7,0.0017969608306884766,8,6.604194641113281e-05,0.02001953125,"(Vertices: [0, 1, 2, 3, 4, 5]) -- (Edges: [(2, 4), (3, 4), (0, 3), (1, 4), (2, 3), (4, 5), (0, 5)])"
6,6,0.0019016265869140625,1,0.00012159347534179688,0.03578948974609375,"(Vertices: [0, 1, 2, 3, 4, 5]) -- (Edges: [(0, 1), (2, 4), (1, 4), (2, 3), (0, 5), (2, 5)])"
6,4,0.002046823501586914,8,7.867813110351562e-05,0.01721954345703125,"(Vertices: [0, 1, 2, 3, 4, 5]) -- (Edges: [(2, 3), (3, 4), (3, 5), (1, 5)])"
6,5,0.0019588470458984375,1,9.036064147949219e-05,0.03578948974609375,"(Vertices: [0, 1, 2, 3, 4, 5]) -- (Edges: [(2, 4), (1, 5), (2, 3), (0, 2), (1, 3)])"
6,7,0.0015954971313476562,8,6.985664367675781e-05,0.02092742919921875,"(Vertices: [0, 1, 2, 3, 4, 5]) -- (Edges: [(1, 5), (2, 3), (0, 2), (4, 5), (2, 5), (1, 3), (3, 5)])"
6,4,0.0019452571868896484,1,7.605552673339844e-05,0.0327606201171875,"(Vertices: [0, 1, 2, 3, 4, 5]) -- (Edges: [(4, 5), (2, 5), (0, 5), (1, 5)])"
6,4,0.002603769302368164,8,0.00014901161193847656,0.01708984375,"(Vertices: [0, 1, 2, 3, 4, 5]) -- (Edges: [(0, 2), (0, 3), (1, 3), (3, 5)])"
6,4,0.0020172595977783203,1,5.054473876953125e-05,0.0327606201171875,"(Vertices: [0, 1, 2, 3, 4, 5]) -- (Edges: [(1, 4), (0, 3), (0, 5), (1, 5)])"
6,6,0.0015566349029541016,8,0.00014495849609375,0.0197601318359375,"(Vertices: [0, 1, 2, 3, 4, 5]) -- (Edges: [(1, 2), (0, 3), (1, 4), (2, 3), (0, 5), (1, 3)])"
6,5,0.001603841781616211,1,4.863739013671875e-05,0.0333709716796875,"(Vertices: [0, 1, 2, 3, 4, 5]) -- (Edges: [(3, 4), (1, 4), (4, 5), (0, 5), (3, 5)])"
6,3,0.0016376972198486328,8,7.009506225585938e-05,0.01764678955078125,"(Vertices: [0, 1, 2, 3, 4, 5]) -- (Edges: [(4, 5), (2, 5), (3, 5)])"
6,3,0.0017275810241699219,1,0.00024580955505371094,0.03266143798828125,"(Vertices: [0, 1, 2, 3, 4, 5]) -- (Edges: [(2, 4), (0, 4), (1, 5)])"
6,5,0.0015299320220947266,8,5.9604644775390625e-05,0.0157012939453125,"(Vertices: [0, 1, 2, 3, 4, 5]) -- (Edges: [(0, 3), (2, 3), (0, 2), (0, 5), (2, 5)])"
6,4,0.0016994476318359375,1,9.441375732421875e-05,0.0327606201171875,"(Vertices: [0, 1, 2, 3, 4, 5]) -- (Edges: [(2, 5), (0, 4), (3, 4), (1, 5)])"
6,6,0.0016567707061767578,8,0.00012421607971191406,0.0197601318359375,"(Vertices: [0, 1, 2, 3, 4, 5]) -- (Edges: [(2, 4), (0, 3), (2, 3), (4, 5), (2, 5), (1, 3)])"
6,6,0.002089977264404297,1,0.0002548694610595703,0.0352020263671875,"(Vertices: [0, 1, 2, 3, 4, 5]) -- (Edges: [(0, 1), (0, 3), (1, 4), (4, 5), (2, 5), (1, 3)])"
6,2,0.0017545223236083984,8,5.817413330078125e-05,0.0142364501953125,"(Vertices: [0, 1, 2, 3, 4, 5]) -- (Edges: [(2, 3), (0, 5)])"
6,4,0.001753091812133789,1,3.62396240234375e-05,0.0327606201171875,"(Vertices: [0, 1, 2, 3, 4, 5]) -- (Edges: [(0, 4), (3, 5), (1, 4), (1, 5)])"
6,6,0.0016183853149414062,8,0.00013780593872070312,0.019927978515625,"(Vertices: [0, 1, 2, 3, 4, 5]) -- (Edges: [(3, 4), (1, 4), (4, 5), (0, 5), (1, 3), (3, 5)])"
6,7,0.0019562244415283203,1,4.410743713378906e-05,0.03339385986328125,"(Vertices: [0, 1, 2, 3, 4, 5]) -- (Edges: [(0, 1), (1, 2), (0, 4), (1, 5), (0, 3), (1, 4), (2, 5)])"
6,4,0.0016241073608398438,8,5.555152893066406e-05,0.01721954345703125,"(Vertices: [0, 1, 2, 3, 4, 5]) -- (Edges: [(0, 1), (0, 2), (3, 4), (1, 5)])"
6,6,0.002490997314453125,1,0.00015497207641601562,0.0360260009765625,"(Vertices: [0, 1, 2, 3, 4, 5]) -- (Edges: [(0, 1), (0, 4), (1, 5), (2, 3), (4, 5), (2, 5)])"
6,6,0.0016384124755859375,8,8.606910705566406e-05,0.0196990966796875,"(Vertices: [0, 1, 2, 3, 4, 5]) -- (Edges: [(0, 1), (2, 4), (0, 4), (0, 2), (4, 5), (3, 5)])"
6,10,0.001922607421875,1,0.00014662742614746094,0.035858154296875,"(Vertices: [0, 1, 2, 3, 4, 5]) -- (Edges: [(0, 1), (2, 4), (1, 2), (0, 4), (1, 5), (1, 4), (0, 2), (0, 5), (2, 5), (1, 3)])"
6,6,0.0015535354614257812,8,7.2479248046875e-05,0.0196990966796875,"(Vertices: [0, 1, 2, 3, 4, 5]) -- (Edges: [(2, 4), (3, 4), (1, 5), (0, 3), (4, 5), (2, 5)])"
6,6,0.001802206039428711,1,5.2928924560546875e-05,0.0327606201171875,"(Vertices: [0, 1, 2, 3, 4, 5]) -- (Edges: [(0, 1), (0, 4), (3, 4), (1, 5), (4, 5), (1, 3)])"
6,5,0.0015094280242919922,8,5.555152893066406e-05,0.0201873779296875,"(Vertices: [0, 1, 2, 3, 4, 5]) -- (Edges: [(2, 4), (0, 4), (3, 4), (0, 5), (1, 3)])"
6,4,0.0020172595977783203,1,7.128715515136719e-05,0.0327606201171875,"(Vertices: [0, 1, 2, 3, 4, 5]) -- (Edges: [(4, 5), (1, 2), (3, 4), (1, 5)])"
6,10,0.0018398761749267578,8,0.00012493133544921875,0.01943206787109375,"(Vertices: [0, 1, 2, 3, 4, 5]) -- (Edges: [(2, 4), (1, 2), (0, 4), (3, 4), (1, 5), (0, 3), (1, 4), (0, 2), (0, 5), (3, 5)])"
6,5,0.0015974044799804688,1,0.00014400482177734375,0.03578948974609375,"(Vertices: [0, 1, 2, 3, 4, 5]) -- (Edges: [(2, 4), (1, 2), (3, 4), (1, 5), (0, 5)])"
6,5,0.0015747547149658203,8,0.00021958351135253906,0.01782989501953125,"(Vertices: [0, 1, 2, 3, 4, 5]) -- (Edges: [(2, 4), (0, 3), (2, 3), (4, 5), (0, 2)])"
6,7,0.001988649368286133,1,0.000152587890625,0.0366363525390625,"(Vertices: [0, 1, 2, 3, 4, 5]) -- (Edges: [(0, 3), (1, 4), (2, 3), (0, 2), (4, 5), (0, 5), (2, 5)])"
6,3,0.001567840576171875,8,0.00011396408081054688,0.01758575439453125,"(Vertices: [0, 1, 2, 3, 4, 5]) -- (Edges: [(1, 2), (1, 3), (3, 5)])"
6,8,0.0017185211181640625,1,7.939338684082031e-05,0.03466033935546875,"(Vertices: [0, 1, 2, 3, 4, 5]) -- (Edges: [(0, 4), (3, 4), (0, 3), (1, 4), (2, 3), (0, 5), (1, 3), (3, 5)])"
6,3,0.0018770694732666016,8,7.05718994140625e-05,0.01758575439453125,"(Vertices: [0, 1, 2, 3, 4, 5]) -- (Edges: [(2, 4), (0, 3), (1, 3)])"
6,6,0.001961946487426758,1,7.43865966796875e-05,0.0352020263671875,"(Vertices: [0, 1, 2, 3, 4, 5]) -- (Edges: [(0, 1), (1, 2), (1, 4), (2, 3), (0, 2), (0, 5)])"
6,7,0.0018427371978759766,8,6.580352783203125e-05,0.01486968994140625,"(Vertices: [0, 1, 2, 3, 4, 5]) -- (Edges: [(1, 2), (3, 4), (0, 3), (2, 3), (4, 5), (0, 5), (1, 3)])"
6,1,0.0016396045684814453,1,5.602836608886719e-05,0.02869415283203125,"(Vertices: [0, 1, 2, 3, 4, 5]) -- (Edges: [(1, 5)])"
6,6,0.0014185905456542969,8,0.00012302398681640625,0.01861572265625,"(Vertices: [0, 1, 2, 3, 4, 5]) -- (Edges: [(2, 4), (3, 4), (1, 5), (1, 4), (2, 3), (3, 5)])"
6,3,0.0018310546875,1,4.0531158447265625e-05,0.03266143798828125,"(Vertices: [0, 1, 2, 3, 4, 5]) -- (Edges: [(0, 1), (4, 5), (0, 4)])"
6,5,0.002722024917602539,8,6.437301635742188e-05,0.01821136474609375,"(Vertices: [0, 1, 2, 3, 4, 5]) -- (Edges: [(0, 1), (2, 4), (0, 4), (3, 4), (0, 2)])"
6,3,0.002304553985595703,1,0.0002372264862060547,0.03266143798828125,"(Vertices: [0, 1, 2, 3, 4, 5]) -- (Edges: [(2, 3), (0, 5), (1, 5)])"
6,6,0.002231121063232422,8,8.797645568847656e-05,0.020721435546875,"(Vertices: [0, 1, 2, 3, 4, 5]) -- (Edges: [(0, 1), (3, 4), (1, 4), (2, 3), (4, 5), (2, 5)])"
6,6,0.0018279552459716797,1,4.696846008300781e-05,0.0300445556640625,"(Vertices: [0, 1, 2, 3, 4, 5]) -- (Edges: [(0, 1), (0, 4), (1, 5), (1, 4), (1, 3), (3, 5)])"
6,7,0.0016901493072509766,8,0.00015473365783691406,0.02138519287109375,"(Vertices: [0, 1, 2, 3, 4, 5]) -- (Edges: [(1, 2), (3, 4), (0, 3), (1, 4), (2, 3), (1, 3), (3, 5)])"
6,4,0.0017600059509277344,1,4.2438507080078125e-05,0.0327606201171875,"(Vertices: [0, 1, 2, 3, 4, 5]) -- (Edges: [(2, 3), (1, 3), (2, 4), (0, 4)])"
6,1,0.0015249252319335938,8,0.00021982192993164062,0.01435089111328125,"(Vertices: [0, 1, 2, 3, 4, 5]) -- (Edges: [(0, 2)])"
6,3,0.0020236968994140625,1,8.368492126464844e-05,0.03266143798828125,"(Vertices: [0, 1, 2, 3, 4, 5]) -- (Edges: [(2, 4), (0, 4), (0, 5)])"
6,4,0.0017824172973632812,8,0.00010347366333007812,0.01760101318359375,"(Vertices: [0, 1, 2, 3, 4, 5]) -- (Edges: [(0, 1), (2, 5), (0, 4), (1, 5)])"
6,8,0.0019235610961914062,1,6.771087646484375e-05,0.0337371826171875,"(Vertices: [0, 1, 2, 3, 4, 5]) -- (Edges: [(0, 1), (3, 4), (1, 5), (0, 3), (2, 3), (0, 2), (4, 5), (3, 5)])"
6,4,0.0014927387237548828,8,0.0001990795135498047,0.0173797607421875,"(Vertices: [0, 1, 2, 3, 4, 5]) -- (Edges: [(0, 1), (0, 2), (0, 4), (1, 5)])"
6,8,0.0016291141510009766,1,7.05718994140625e-05,0.03551483154296875,"(Vertices: [0, 1, 2, 3, 4, 5]) -- (Edges: [(0, 1), (2, 4), (3, 4), (1, 5), (1, 4), (0, 2), (2, 5), (3, 5)])"
6,5,0.0014851093292236328,8,6.127357482910156e-05,0.01779937744140625,"(Vertices: [0, 1, 2, 3, 4, 5]) -- (Edges: [(2, 4), (3, 4), (1, 5), (4, 5), (3, 5)])"
6,6,0.0018544197082519531,1,0.00011658668518066406,0.0360260009765625,"(Vertices: [0, 1, 2, 3, 4, 5]) -- (Edges: [(0, 4), (3, 4), (1, 5), (1, 4), (2, 3), (3, 5)])"
6,2,0.001659393310546875,8,5.14984130859375e-05,0.0142059326171875,"(Vertices: [0, 1, 2, 3, 4, 5]) -- (Edges: [(2, 3), (4, 5)])"
6,4,0.0022301673889160156,1,0.00012874603271484375,0.0327606201171875,"(Vertices: [0, 1, 2, 3, 4, 5]) -- (Edges: [(0, 1), (0, 2), (0, 4), (3, 4)])"
6,7,0.0017535686492919922,8,6.699562072753906e-05,0.0207977294921875,"(Vertices: [0, 1, 2, 3, 4, 5]) -- (Edges: [(0, 1), (2, 4), (0, 4), (3, 4), (4, 5), (2, 5), (3, 5)])"
6,4,0.0022618770599365234,1,0.0002033710479736328,0.0327606201171875,"(Vertices: [0, 1, 2, 3, 4, 5]) -- (Edges: [(0, 2), (2, 5), (1, 3), (3, 4)])"
6,7,0.0016834735870361328,8,6.29425048828125e-05,0.02001953125,"(Vertices: [0, 1, 2, 3, 4, 5]) -- (Edges: [(1, 2), (1, 5), (0, 3), (1, 4), (2, 3), (0, 2), (0, 5)])"
6,6,0.0017242431640625,1,5.078315734863281e-05,0.0352020263671875,"(Vertices: [0, 1, 2, 3, 4, 5]) -- (Edges: [(2, 4), (1, 2), (0, 4), (3, 4), (1, 5), (0, 2)])"
6,3,0.00157928466796875,8,7.557868957519531e-05,0.01761627197265625,"(Vertices: [0, 1, 2, 3, 4, 5]) -- (Edges: [(0, 1), (3, 4), (3, 5)])"
6,6,0.0018532276153564453,1,0.0001385211944580078,0.0352020263671875,"(Vertices: [0, 1, 2, 3, 4, 5]) -- (Edges: [(2, 4), (0, 4), (3, 4), (1, 5), (1, 3), (3, 5)])"
6,6,0.0018897056579589844,8,5.173683166503906e-05,0.0197296142578125,"(Vertices: [0, 1, 2, 3, 4, 5]) -- (Edges: [(0, 4), (1, 5), (1, 4), (2, 3), (1, 3), (3, 5)])"
6,4,0.0018994808197021484,1,0.0001418590545654297,0.0327606201171875,"(Vertices: [0, 1, 2, 3, 4, 5]) -- (Edges: [(2, 3), (2, 4), (0, 3), (1, 5)])"
6,4,0.0015361309051513672,8,6.580352783203125e-05,0.01708984375,"(Vertices: [0, 1, 2, 3, 4, 5]) -- (Edges: [(0, 1), (4, 5), (3, 4), (1, 5)])"
6,6,0.0016491413116455078,1,3.504753112792969e-05,0.0360260009765625,"(Vertices: [0, 1, 2, 3, 4, 5]) -- (Edges: [(0, 1), (1, 2), (0, 4), (1, 5), (4, 5), (3, 5)])"
6,4,0.0014536380767822266,8,0.0001995563507080078,0.01702880859375,"(Vertices: [0, 1, 2, 3, 4, 5]) -- (Edges: [(1, 2), (0, 4), (3, 4), (0, 5)])"
6,3,0.0019371509552001953,1,0.00018358230590820312,0.03266143798828125,"(Vertices: [0, 1, 2, 3, 4, 5]) -- (Edges: [(0, 1), (2, 5), (0, 5)])"
6,7,0.0019197463989257812,8,8.130073547363281e-05,0.0205535888671875,"(Vertices: [0, 1, 2, 3, 4, 5]) -- (Edges: [(0, 1), (2, 4), (0, 3), (2, 3), (0, 2), (4, 5), (3, 5)])"
6,5,0.0016224384307861328,1,4.9114227294921875e-05,0.03578948974609375,"(Vertices: [0, 1, 2, 3, 4, 5]) -- (Edges: [(0, 1), (2, 4), (1, 2), (4, 5), (3, 5)])"
6,3,0.001806497573852539,8,0.00013589859008789062,0.01761627197265625,"(Vertices: [0, 1, 2, 3, 4, 5]) -- (Edges: [(0, 1), (0, 2), (1, 4)])"
6,4,0.0017898082733154297,1,6.246566772460938e-05,0.0327606201171875,"(Vertices: [0, 1, 2, 3, 4, 5]) -- (Edges: [(1, 3), (2, 4), (0, 3), (0, 4)])"
6,6,0.0014188289642333984,8,7.009506225585938e-05,0.019927978515625,"(Vertices: [0, 1, 2, 3, 4, 5]) -- (Edges: [(0, 1), (2, 4), (0, 4), (3, 4), (0, 3), (0, 2)])"
6,8,0.002075672149658203,1,0.0001506805419921875,0.03783416748046875,"(Vertices: [0, 1, 2, 3, 4, 5]) -- (Edges: [(0, 1), (2, 4), (0, 4), (1, 5), (1, 4), (4, 5), (0, 5), (1, 3)])"
6,6,0.001748800277709961,8,9.322166442871094e-05,0.0196990966796875,"(Vertices: [0, 1, 2, 3, 4, 5]) -- (Edges: [(2, 4), (0, 4), (0, 3), (1, 4), (0, 2), (2, 5)])"
7,3,0.002353191375732422,1,3.6716461181640625e-05,0.0368499755859375,"(Vertices: [0, 1, 2, 3, 4, 5, 6]) -- (Edges: [(4, 6), (0, 4), (1, 5)])"
7,5,0.002225637435913086,12,5.817413330078125e-05,0.025506019592285156,"(Vertices: [0, 1, 2, 3, 4, 5, 6]) -- (Edges: [(0, 4), (4, 6), (0, 5), (3, 6), (2, 5)])"
7,10,0.0030965805053710938,1,6.532669067382812e-05,0.046234130859375,"(Vertices: [0, 1, 2, 3, 4, 5, 6]) -- (Edges: [(0, 1), (1, 2), (0, 4), (1, 5), (4, 6), (1, 4), (0, 2), (4, 5), (2, 5), (1, 3)])"
7,3,0.0022542476654052734,12,0.0002040863037109375,0.020783424377441406,"(Vertices: [0, 1, 2, 3, 4, 5, 6]) -- (Edges: [(4, 5), (0, 4), (1, 4)])"
7,9,0.0031769275665283203,1,3.504753112792969e-05,0.04572296142578125,"(Vertices: [0, 1, 2, 3, 4, 5, 6]) -- (Edges: [(0, 1), (0, 3), (4, 6), (0, 6), (2, 3), (2, 6), (1, 6), (2, 5), (1, 3)])"
7,8,0.0025224685668945312,12,5.412101745605469e-05,0.026406288146972656,"(Vertices: [0, 1, 2, 3, 4, 5, 6]) -- (Edges: [(2, 4), (1, 2), (3, 4), (0, 6), (2, 3), (5, 6), (0, 5), (1, 6)])"
7,6,0.002813100814819336,1,3.528594970703125e-05,0.0417633056640625,"(Vertices: [0, 1, 2, 3, 4, 5, 6]) -- (Edges: [(0, 4), (0, 2), (2, 6), (3, 6), (1, 6), (1, 3)])"
7,8,0.002348184585571289,12,4.935264587402344e-05,0.030335426330566406,"(Vertices: [0, 1, 2, 3, 4, 5, 6]) -- (Edges: [(2, 4), (1, 5), (4, 6), (1, 4), (0, 6), (5, 6), (2, 5), (3, 5)])"
7,6,0.0033016204833984375,1,3.814697265625e-05,0.04329681396484375,"(Vertices: [0, 1, 2, 3, 4, 5, 6]) -- (Edges: [(0, 1), (1, 2), (0, 4), (4, 5), (1, 6), (1, 3)])"
7,4,0.0024213790893554688,12,7.152557373046875e-05,0.024140357971191406,"(Vertices: [0, 1, 2, 3, 4, 5, 6]) -- (Edges: [(2, 3), (1, 2), (0, 3), (0, 5)])"
7,8,0.0027370452880859375,1,4.100799560546875e-05,0.0450439453125,"(Vertices: [0, 1, 2, 3, 4, 5, 6]) -- (Edges: [(0, 4), (3, 4), (0, 3), (4, 6), (0, 6), (2, 3), (2, 6), (1, 3)])"
7,8,0.002473592758178711,12,7.295608520507812e-05,0.028107643127441406,"(Vertices: [0, 1, 2, 3, 4, 5, 6]) -- (Edges: [(0, 1), (4, 6), (0, 6), (0, 2), (5, 6), (2, 5), (1, 3), (3, 5)])"
7,6,0.0027742385864257812,1,4.2438507080078125e-05,0.0417633056640625,"(Vertices: [0, 1, 2, 3, 4, 5, 6]) -- (Edges: [(1, 5), (1, 4), (0, 6), (2, 3), (5, 6), (0, 5)])"
7,8,0.002441883087158203,12,5.0067901611328125e-05,0.028588294982910156,"(Vertices: [0, 1, 2, 3, 4, 5, 6]) -- (Edges: [(2, 4), (1, 2), (4, 6), (0, 6), (2, 3), (2, 6), (5, 6), (3, 6)])"
7,7,0.0031518936157226562,1,0.00016880035400390625,0.04251861572265625,"(Vertices: [0, 1, 2, 3, 4, 5, 6]) -- (Edges: [(0, 4), (3, 4), (0, 3), (5, 6), (0, 5), (3, 6), (1, 3)])"
7,5,0.0023539066314697266,12,5.745887756347656e-05,0.023392677307128906,"(Vertices: [0, 1, 2, 3, 4, 5, 6]) -- (Edges: [(2, 4), (0, 4), (2, 3), (0, 5), (3, 5)])"
7,7,0.0031425952911376953,1,4.4345855712890625e-05,0.04449462890625,"(Vertices: [0, 1, 2, 3, 4, 5, 6]) -- (Edges: [(2, 4), (1, 5), (4, 6), (2, 3), (5, 6), (0, 5), (3, 5)])"
7,6,0.0027818679809570312,12,8.034706115722656e-05,0.026917457580566406,"(Vertices: [0, 1, 2, 3, 4, 5, 6]) -- (Edges: [(2, 4), (1, 5), (1, 4), (2, 3), (1, 6), (1, 3)])"
7,4,0.0027704238891601562,1,4.220008850097656e-05,0.0405426025390625,"(Vertices: [0, 1, 2, 3, 4, 5, 6]) -- (Edges: [(4, 5), (4, 6), (1, 3), (1, 5)])"
7,9,0.0026640892028808594,12,6.031990051269531e-05,0.029046058654785156,"(Vertices: [0, 1, 2, 3, 4, 5, 6]) -- (Edges: [(1, 2), (0, 4), (1, 4), (0, 2), (4, 5), (2, 6), (0, 5), (2, 5), (3, 5)])"
7,6,0.0028340816497802734,1,4.124641418457031e-05,0.0417633056640625,"(Vertices: [0, 1, 2, 3, 4, 5, 6]) -- (Edges: [(2, 4), (0, 4), (0, 2), (4, 5), (2, 6), (1, 6)])"
7,8,0.0024802684783935547,12,6.628036499023438e-05,0.027504920959472656,"(Vertices: [0, 1, 2, 3, 4, 5, 6]) -- (Edges: [(0, 1), (0, 3), (4, 6), (1, 4), (0, 6), (4, 5), (0, 5), (3, 5)])"
7,4,0.0024793148040771484,1,3.3855438232421875e-05,0.0405426025390625,"(Vertices: [0, 1, 2, 3, 4, 5, 6]) -- (Edges: [(1, 2), (3, 6), (1, 4), (0, 6)])"
7,5,0.002229452133178711,12,5.316734313964844e-05,0.025345802307128906,"(Vertices: [0, 1, 2, 3, 4, 5, 6]) -- (Edges: [(0, 4), (1, 5), (0, 3), (2, 6), (1, 6)])"
7,10,0.0030655860900878906,1,4.00543212890625e-05,0.04412078857421875,"(Vertices: [0, 1, 2, 3, 4, 5, 6]) -- (Edges: [(2, 4), (0, 4), (3, 4), (1, 5), (0, 3), (0, 2), (4, 5), (0, 5), (3, 6), (1, 6)])"
7,10,0.002474546432495117,12,6.67572021484375e-05,0.027871131896972656,"(Vertices: [0, 1, 2, 3, 4, 5, 6]) -- (Edges: [(0, 1), (1, 2), (1, 5), (0, 3), (0, 6), (0, 2), (4, 5), (0, 5), (3, 6), (1, 3)])"
7,6,0.0038683414459228516,1,5.412101745605469e-05,0.0417633056640625,"(Vertices: [0, 1, 2, 3, 4, 5, 6]) -- (Edges: [(2, 4), (4, 6), (1, 4), (2, 3), (2, 6), (2, 5)])"
7,4,0.0025031566619873047,12,5.078315734863281e-05,0.024140357971191406,"(Vertices: [0, 1, 2, 3, 4, 5, 6]) -- (Edges: [(1, 6), (1, 2), (0, 3), (2, 4)])"
7,10,0.002901792526245117,1,0.0001366138458251953,0.0454864501953125,"(Vertices: [0, 1, 2, 3, 4, 5, 6]) -- (Edges: [(0, 1), (1, 2), (0, 4), (3, 4), (1, 5), (4, 6), (0, 6), (2, 3), (3, 6), (3, 5)])"
7,5,0.0026502609252929688,12,5.745887756347656e-05,0.025185585021972656,"(Vertices: [0, 1, 2, 3, 4, 5, 6]) -- (Edges: [(0, 1), (0, 3), (5, 6), (2, 5), (3, 5)])"
7,7,0.002760648727416992,1,4.8160552978515625e-05,0.04364013671875,"(Vertices: [0, 1, 2, 3, 4, 5, 6]) -- (Edges: [(1, 5), (0, 3), (1, 4), (0, 6), (2, 5), (1, 3), (3, 5)])"
7,7,0.0023093223571777344,12,0.00011610984802246094,0.026909828186035156,"(Vertices: [0, 1, 2, 3, 4, 5, 6]) -- (Edges: [(0, 1), (2, 4), (0, 4), (3, 4), (0, 2), (2, 6), (3, 5)])"
7,5,0.0033516883850097656,1,4.863739013671875e-05,0.04080963134765625,"(Vertices: [0, 1, 2, 3, 4, 5, 6]) -- (Edges: [(1, 2), (0, 4), (1, 4), (2, 3), (1, 3)])"
7,7,0.0028536319732666016,12,8.344650268554688e-05,0.026612281799316406,"(Vertices: [0, 1, 2, 3, 4, 5, 6]) -- (Edges: [(0, 1), (3, 4), (0, 2), (2, 6), (5, 6), (1, 6), (1, 3)])"
7,6,0.0028040409088134766,1,0.0001583099365234375,0.0438079833984375,"(Vertices: [0, 1, 2, 3, 4, 5, 6]) -- (Edges: [(0, 4), (3, 4), (1, 5), (2, 3), (0, 2), (5, 6)])"
7,5,0.0025627613067626953,12,5.125999450683594e-05,0.024407386779785156,"(Vertices: [0, 1, 2, 3, 4, 5, 6]) -- (Edges: [(0, 4), (1, 5), (2, 3), (1, 3), (3, 5)])"
7,10,0.003297090530395508,1,7.605552673339844e-05,0.046844482421875,"(Vertices: [0, 1, 2, 3, 4, 5, 6]) -- (Edges: [(1, 2), (0, 4), (1, 5), (0, 3), (2, 3), (5, 6), (0, 5), (1, 6), (2, 5), (1, 3)])"
7,8,0.0028433799743652344,12,9.179115295410156e-05,0.028107643127441406,"(Vertices: [0, 1, 2, 3, 4, 5, 6]) -- (Edges: [(0, 4), (3, 4), (1, 5), (0, 3), (2, 3), (0, 2), (5, 6), (2, 5)])"
7,7,0.0029206275939941406,1,4.8160552978515625e-05,0.04449462890625,"(Vertices: [0, 1, 2, 3, 4, 5, 6]) -- (Edges: [(1, 5), (1, 4), (0, 6), (0, 2), (1, 6), (2, 5), (1, 3)])"
7,9,0.002530336380004883,12,0.0003027915954589844,0.030701637268066406,"(Vertices: [0, 1, 2, 3, 4, 5, 6]) -- (Edges: [(1, 2), (0, 3), (4, 6), (0, 6), (2, 6), (0, 5), (2, 5), (1, 3), (3, 5)])"
7,5,0.0031812191009521484,1,5.555152893066406e-05,0.04080963134765625,"(Vertices: [0, 1, 2, 3, 4, 5, 6]) -- (Edges: [(0, 1), (2, 4), (1, 2), (0, 2), (1, 6)])"
7,7,0.002808809280395508,12,8.082389831542969e-05,0.025948524475097656,"(Vertices: [0, 1, 2, 3, 4, 5, 6]) -- (Edges: [(2, 4), (1, 5), (1, 4), (2, 6), (5, 6), (0, 5), (2, 5)])"
7,5,0.002646207809448242,1,0.000110626220703125,0.041839599609375,"(Vertices: [0, 1, 2, 3, 4, 5, 6]) -- (Edges: [(1, 2), (3, 4), (0, 6), (2, 5), (3, 5)])"
7,7,0.0025932788848876953,12,6.389617919921875e-05,0.026207923889160156,"(Vertices: [0, 1, 2, 3, 4, 5, 6]) -- (Edges: [(2, 4), (3, 4), (1, 5), (2, 3), (4, 5), (5, 6), (1, 6)])"
7,8,0.002942323684692383,1,0.00019741058349609375,0.04407501220703125,"(Vertices: [0, 1, 2, 3, 4, 5, 6]) -- (Edges: [(0, 1), (1, 2), (0, 4), (3, 4), (4, 6), (0, 2), (1, 6), (1, 3)])"
7,10,0.0031976699829101562,12,0.00014972686767578125,0.027871131896972656,"(Vertices: [0, 1, 2, 3, 4, 5, 6]) -- (Edges: [(1, 2), (4, 6), (0, 6), (2, 3), (0, 2), (2, 6), (3, 6), (2, 5), (1, 3), (3, 5)])"
7,4,0.002933025360107422,1,4.0531158447265625e-05,0.0405426025390625,"(Vertices: [0, 1, 2, 3, 4, 5, 6]) -- (Edges: [(0, 3), (3, 4), (3, 5), (5, 6)])"
7,7,0.0026950836181640625,12,0.00019216537475585938,0.027070045471191406,"(Vertices: [0, 1, 2, 3, 4, 5, 6]) -- (Edges: [(1, 4), (4, 5), (2, 6), (5, 6), (0, 5), (3, 6), (2, 5)])"
7,8,0.0031173229217529297,1,0.00010800361633300781,0.04521942138671875,"(Vertices: [0, 1, 2, 3, 4, 5, 6]) -- (Edges: [(2, 4), (4, 6), (2, 6), (5, 6), (0, 5), (1, 6), (2, 5), (3, 5)])"
7,10,0.004728794097900391,12,0.00010561943054199219,0.028565406799316406,"(Vertices: [0, 1, 2, 3, 4, 5, 6]) -- (Edges: [(2, 4), (3, 4), (0, 3), (4, 6), (1, 4), (2, 3), (4, 5), (2, 6), (5, 6), (3, 6)])"
7,6,0.0029561519622802734,1,3.62396240234375e-05,0.0417633056640625,"(Vertices: [0, 1, 2, 3, 4, 5, 6]) -- (Edges: [(2, 4), (1, 5), (4, 6), (2, 6), (5, 6), (3, 6)])"
7,9,0.0025115013122558594,12,9.5367431640625e-05,0.029046058654785156,"(Vertices: [0, 1, 2, 3, 4, 5, 6]) -- (Edges: [(0, 1), (0, 4), (3, 4), (1, 5), (0, 3), (4, 6), (2, 6), (0, 5), (2, 5)])"
7,5,0.002827167510986328,1,8.893013000488281e-05,0.041839599609375,"(Vertices: [0, 1, 2, 3, 4, 5, 6]) -- (Edges: [(0, 1), (0, 3), (0, 2), (4, 5), (3, 6)])"
7,9,0.0028409957885742188,12,7.2479248046875e-05,0.030861854553222656,"(Vertices: [0, 1, 2, 3, 4, 5, 6]) -- (Edges: [(0, 1), (2, 4), (0, 3), (1, 4), (2, 3), (4, 5), (5, 6), (0, 5), (3, 5)])"
7,6,0.0025894641876220703,1,4.458427429199219e-05,0.04329681396484375,"(Vertices: [0, 1, 2, 3, 4, 5, 6]) -- (Edges: [(0, 1), (2, 4), (0, 4), (3, 4), (0, 6), (3, 5)])"
7,7,0.0024552345275878906,12,0.00013446807861328125,0.026909828186035156,"(Vertices: [0, 1, 2, 3, 4, 5, 6]) -- (Edges: [(0, 1), (0, 4), (4, 5), (5, 6), (3, 6), (2, 5), (3, 5)])"
7,8,0.004605531692504883,1,6.866455078125e-05,0.04650115966796875,"(Vertices: [0, 1, 2, 3, 4, 5, 6]) -- (Edges: [(1, 2), (0, 4), (0, 3), (1, 4), (0, 2), (2, 6), (3, 6), (2, 5)])"
7,7,0.002881288528442383,12,0.0001685619354248047,0.025628089904785156,"(Vertices: [0, 1, 2, 3, 4, 5, 6]) -- (Edges: [(2, 4), (0, 4), (4, 6), (0, 6), (5, 6), (1, 6), (2, 5)])"
7,7,0.0026886463165283203,1,0.00014448165893554688,0.043243408203125,"(Vertices: [0, 1, 2, 3, 4, 5, 6]) -- (Edges: [(0, 1), (2, 4), (0, 4), (1, 5), (0, 3), (2, 3), (3, 6)])"
7,7,0.0025000572204589844,12,8.487701416015625e-05,0.026131629943847656,"(Vertices: [0, 1, 2, 3, 4, 5, 6]) -- (Edges: [(0, 1), (3, 4), (1, 5), (2, 3), (0, 2), (3, 6), (1, 3)])"
7,7,0.00312042236328125,1,4.57763671875e-05,0.043243408203125,"(Vertices: [0, 1, 2, 3, 4, 5, 6]) -- (Edges: [(1, 2), (0, 4), (0, 3), (0, 6), (1, 6), (1, 3), (3, 5)])"
7,6,0.002547740936279297,12,0.0002982616424560547,0.025269508361816406,"(Vertices: [0, 1, 2, 3, 4, 5, 6]) -- (Edges: [(2, 4), (1, 2), (0, 3), (1, 4), (2, 3), (4, 5)])"
7,7,0.0028696060180664062,1,3.790855407714844e-05,0.0459747314453125,"(Vertices: [0, 1, 2, 3, 4, 5, 6]) -- (Edges: [(0, 1), (2, 4), (0, 3), (4, 5), (2, 6), (0, 5), (1, 6)])"
7,5,0.0024797916412353516,12,0.00018095970153808594,0.025185585021972656,"(Vertices: [0, 1, 2, 3, 4, 5, 6]) -- (Edges: [(0, 1), (2, 4), (1, 2), (2, 3), (1, 6)])"
7,8,0.002900838851928711,1,0.00015616416931152344,0.04329681396484375,"(Vertices: [0, 1, 2, 3, 4, 5, 6]) -- (Edges: [(0, 1), (4, 6), (1, 4), (2, 3), (4, 5), (2, 6), (3, 6), (1, 6)])"
7,7,0.003270864486694336,12,9.918212890625e-05,0.026909828186035156,"(Vertices: [0, 1, 2, 3, 4, 5, 6]) -- (Edges: [(1, 2), (0, 4), (1, 5), (4, 6), (2, 6), (1, 6), (1, 3)])"
7,9,0.004005908966064453,1,7.295608520507812e-05,0.04302978515625,"(Vertices: [0, 1, 2, 3, 4, 5, 6]) -- (Edges: [(0, 1), (2, 4), (1, 2), (4, 6), (1, 4), (0, 6), (0, 2), (2, 6), (3, 5)])"
7,6,0.004545450210571289,12,8.96453857421875e-05,0.026406288146972656,"(Vertices: [0, 1, 2, 3, 4, 5, 6]) -- (Edges: [(0, 6), (2, 3), (4, 5), (5, 6), (1, 6), (3, 5)])"
7,10,0.003317594528198242,1,0.0001499652862548828,0.045989990234375,"(Vertices: [0, 1, 2, 3, 4, 5, 6]) -- (Edges: [(0, 1), (2, 4), (3, 4), (1, 5), (4, 6), (2, 3), (3, 6), (2, 5), (1, 3), (3, 5)])"
7,11,0.0030176639556884766,12,0.0002682209014892578,0.030831336975097656,"(Vertices: [0, 1, 2, 3, 4, 5, 6]) -- (Edges: [(2, 4), (1, 2), (0, 4), (0, 3), (1, 4), (0, 2), (2, 6), (0, 5), (3, 6), (1, 6), (1, 3)])"
7,4,0.0029091835021972656,1,0.0002033710479736328,0.0405426025390625,"(Vertices: [0, 1, 2, 3, 4, 5, 6]) -- (Edges: [(4, 6), (4, 5), (1, 2), (2, 5)])"
7,8,0.0035715103149414062,12,9.632110595703125e-05,0.028588294982910156,"(Vertices: [0, 1, 2, 3, 4, 5, 6]) -- (Edges: [(1, 2), (3, 4), (2, 3), (2, 6), (5, 6), (0, 5), (1, 6), (1, 3)])"
7,2,0.0028586387634277344,1,0.00016117095947265625,0.0355072021484375,"(Vertices: [0, 1, 2, 3, 4, 5, 6]) -- (Edges: [(1, 6), (3, 6)])"
7,9,0.002679586410522461,12,0.00029397010803222656,0.030945777893066406,"(Vertices: [0, 1, 2, 3, 4, 5, 6]) -- (Edges: [(1, 2), (1, 5), (0, 3), (4, 6), (1, 4), (0, 2), (5, 6), (3, 6), (3, 5)])"
7,6,0.0030019283294677734,1,0.00016307830810546875,0.0438079833984375,"(Vertices: [0, 1, 2, 3, 4, 5, 6]) -- (Edges: [(2, 4), (1, 5), (1, 4), (1, 6), (2, 5), (1, 3)])"
7,10,0.002673625946044922,12,7.891654968261719e-05,0.026558876037597656,"(Vertices: [0, 1, 2, 3, 4, 5, 6]) -- (Edges: [(0, 1), (2, 4), (0, 3), (1, 4), (2, 3), (2, 6), (5, 6), (3, 6), (2, 5), (1, 3)])"
7,8,0.0028612613677978516,1,0.0002586841583251953,0.043243408203125,"(Vertices: [0, 1, 2, 3, 4, 5, 6]) -- (Edges: [(0, 1), (3, 4), (0, 3), (0, 2), (2, 6), (5, 6), (0, 5), (1, 3)])"
7,6,0.002990245819091797,12,5.888938903808594e-05,0.025269508361816406,"(Vertices: [0, 1, 2, 3, 4, 5, 6]) -- (Edges: [(0, 1), (0, 3), (0, 6), (2, 3), (0, 5), (1, 6)])"
7,6,0.005297660827636719,1,0.00014901161193847656,0.0417633056640625,"(Vertices: [0, 1, 2, 3, 4, 5, 6]) -- (Edges: [(2, 4), (1, 5), (4, 6), (1, 4), (4, 5), (3, 5)])"
7,3,0.0030977725982666016,12,6.580352783203125e-05,0.020783424377441406,"(Vertices: [0, 1, 2, 3, 4, 5, 6]) -- (Edges: [(2, 4), (2, 6), (3, 5)])"
7,9,0.0028922557830810547,1,0.00010704994201660156,0.044952392578125,"(Vertices: [0, 1, 2, 3, 4, 5, 6]) -- (Edges: [(0, 1), (2, 4), (1, 2), (0, 3), (4, 6), (2, 3), (0, 2), (3, 6), (1, 6)])"
7,4,0.002604246139526367,12,0.0001423358917236328,0.023995399475097656,"(Vertices: [0, 1, 2, 3, 4, 5, 6]) -- (Edges: [(4, 5), (2, 4), (1, 2), (1, 5)])"
7,6,0.002706289291381836,1,0.0001964569091796875,0.04329681396484375,"(Vertices: [0, 1, 2, 3, 4, 5, 6]) -- (Edges: [(0, 1), (4, 6), (2, 3), (0, 5), (3, 6), (1, 3)])"
7,7,0.0026268959045410156,12,0.00010037422180175781,0.026909828186035156,"(Vertices: [0, 1, 2, 3, 4, 5, 6]) -- (Edges: [(0, 4), (3, 4), (4, 6), (3, 6), (1, 6), (2, 5), (3, 5)])"
7,7,0.0026178359985351562,1,4.0531158447265625e-05,0.04407501220703125,"(Vertices: [0, 1, 2, 3, 4, 5, 6]) -- (Edges: [(1, 2), (1, 5), (1, 4), (2, 3), (1, 6), (2, 5), (1, 3)])"
7,11,0.0025501251220703125,12,0.00016045570373535156,0.029847145080566406,"(Vertices: [0, 1, 2, 3, 4, 5, 6]) -- (Edges: [(0, 1), (2, 4), (3, 4), (0, 3), (4, 6), (2, 3), (5, 6), (0, 5), (3, 6), (1, 6), (1, 3)])"
7,9,0.002852201461791992,1,5.030632019042969e-05,0.046844482421875,"(Vertices: [0, 1, 2, 3, 4, 5, 6]) -- (Edges: [(1, 2), (0, 4), (3, 4), (0, 3), (4, 6), (2, 3), (3, 6), (1, 6), (2, 5)])"
7,3,0.0023784637451171875,12,7.081031799316406e-05,0.020783424377441406,"(Vertices: [0, 1, 2, 3, 4, 5, 6]) -- (Edges: [(0, 2), (0, 4), (0, 6)])"
7,9,0.003488302230834961,1,9.894371032714844e-05,0.04398345947265625,"(Vertices: [0, 1, 2, 3, 4, 5, 6]) -- (Edges: [(2, 4), (3, 4), (4, 6), (0, 6), (2, 3), (0, 2), (2, 6), (5, 6), (0, 5)])"
7,6,0.0029163360595703125,12,0.00010800361633300781,0.026406288146972656,"(Vertices: [0, 1, 2, 3, 4, 5, 6]) -- (Edges: [(0, 1), (0, 4), (0, 3), (0, 6), (2, 6), (2, 5)])"
7,4,0.0028238296508789062,1,4.291534423828125e-05,0.0405426025390625,"(Vertices: [0, 1, 2, 3, 4, 5, 6]) -- (Edges: [(4, 6), (4, 5), (1, 2), (0, 4)])"
7,7,0.002496004104614258,12,0.00010323524475097656,0.026612281799316406,"(Vertices: [0, 1, 2, 3, 4, 5, 6]) -- (Edges: [(2, 4), (0, 4), (1, 5), (4, 5), (2, 6), (5, 6), (1, 3)])"
7,7,0.002966165542602539,1,0.00021648406982421875,0.04364013671875,"(Vertices: [0, 1, 2, 3, 4, 5, 6]) -- (Edges: [(1, 5), (1, 4), (0, 2), (3, 6), (1, 6), (2, 5), (1, 3)])"
7,10,0.0029129981994628906,12,0.00019025802612304688,0.026719093322753906,"(Vertices: [0, 1, 2, 3, 4, 5, 6]) -- (Edges: [(0, 1), (2, 4), (1, 2), (0, 4), (0, 3), (0, 6), (4, 5), (0, 5), (3, 6), (1, 6)])"
7,9,0.003561735153198242,1,5.0067901611328125e-05,0.04521942138671875,"(Vertices: [0, 1, 2, 3, 4, 5, 6]) -- (Edges: [(1, 2), (0, 4), (3, 4), (0, 3), (4, 6), (0, 6), (0, 2), (4, 5), (3, 5)])"
7,10,0.0030183792114257812,12,9.441375732421875e-05,0.029686927795410156,"(Vertices: [0, 1, 2, 3, 4, 5, 6]) -- (Edges: [(0, 1), (2, 4), (3, 4), (4, 6), (1, 4), (2, 3), (0, 2), (2, 6), (1, 6), (3, 5)])"
7,7,0.0026154518127441406,1,0.00011968612670898438,0.04364013671875,"(Vertices: [0, 1, 2, 3, 4, 5, 6]) -- (Edges: [(1, 2), (0, 4), (3, 4), (1, 5), (0, 3), (2, 6), (3, 6)])"
7,5,0.00229644775390625,12,0.0001761913299560547,0.024407386779785156,"(Vertices: [0, 1, 2, 3, 4, 5, 6]) -- (Edges: [(4, 6), (4, 5), (0, 2), (5, 6), (1, 6)])"
7,4,0.0034008026123046875,1,4.744529724121094e-05,0.0405426025390625,"(Vertices: [0, 1, 2, 3, 4, 5, 6]) -- (Edges: [(1, 2), (3, 4), (3, 5), (5, 6)])"
7,7,0.003026247024536133,12,0.00022935867309570312,0.024575233459472656,"(Vertices: [0, 1, 2, 3, 4, 5, 6]) -- (Edges: [(0, 4), (4, 6), (0, 2), (4, 5), (2, 6), (0, 5), (2, 5)])"
8,9,0.005842685699462891,1,6.175041198730469e-05,0.057129859924316406,"(Vertices: [0, 1, 2, 3, 4, 5, 6, 7]) -- (Edges: [(3, 4), (4, 6), (5, 7), (6, 7), (1, 7), (4, 5), (2, 6), (0, 5), (2, 5)])"
8,9,0.006113767623901367,16,9.441375732421875e-05,0.03849029541015625,"(Vertices: [0, 1, 2, 3, 4, 5, 6, 7]) -- (Edges: [(0, 7), (2, 7), (3, 7), (4, 6), (0, 6), (4, 5), (0, 5), (3, 6), (1, 6)])"
8,9,0.0053806304931640625,1,6.151199340820312e-05,0.054848670959472656,"(Vertices: [0, 1, 2, 3, 4, 5, 6, 7]) -- (Edges: [(3, 4), (2, 7), (0, 3), (2, 3), (4, 5), (2, 6), (5, 6), (1, 6), (2, 5)])"
8,12,0.0052645206451416016,16,0.00020432472229003906,0.0409698486328125,"(Vertices: [0, 1, 2, 3, 4, 5, 6, 7]) -- (Edges: [(0, 1), (3, 4), (2, 7), (1, 5), (3, 7), (0, 3), (4, 6), (0, 6), (4, 5), (3, 6), (1, 3), (3, 5)])"
8,11,0.0053751468658447266,1,6.628036499023438e-05,0.056748390197753906,"(Vertices: [0, 1, 2, 3, 4, 5, 6, 7]) -- (Edges: [(2, 4), (3, 4), (2, 7), (1, 5), (4, 6), (1, 4), (6, 7), (4, 5), (2, 6), (1, 6), (4, 7)])"
8,10,0.009372472763061523,16,0.00030493736267089844,0.03730010986328125,"(Vertices: [0, 1, 2, 3, 4, 5, 6, 7]) -- (Edges: [(0, 1), (1, 2), (0, 4), (3, 4), (2, 7), (1, 4), (5, 7), (0, 2), (4, 5), (3, 5)])"
8,10,0.005875825881958008,1,6.4849853515625e-05,0.056992530822753906,"(Vertices: [0, 1, 2, 3, 4, 5, 6, 7]) -- (Edges: [(3, 7), (0, 3), (4, 6), (5, 7), (6, 7), (0, 2), (2, 6), (5, 6), (3, 6), (2, 5)])"
8,10,0.017009973526000977,16,0.00012159347534179688,0.0412445068359375,"(Vertices: [0, 1, 2, 3, 4, 5, 6, 7]) -- (Edges: [(0, 1), (0, 7), (2, 4), (3, 4), (1, 4), (5, 7), (0, 2), (0, 5), (2, 5), (4, 7)])"
8,7,0.005144596099853516,1,4.553794860839844e-05,0.052613258361816406,"(Vertices: [0, 1, 2, 3, 4, 5, 6, 7]) -- (Edges: [(1, 5), (0, 3), (5, 7), (0, 6), (4, 5), (0, 5), (2, 5)])"
8,8,0.008265972137451172,16,0.00024366378784179688,0.038604736328125,"(Vertices: [0, 1, 2, 3, 4, 5, 6, 7]) -- (Edges: [(0, 7), (2, 4), (0, 4), (2, 7), (1, 7), (4, 5), (2, 5), (3, 5)])"
8,8,0.005923032760620117,1,5.5789947509765625e-05,0.057602882385253906,"(Vertices: [0, 1, 2, 3, 4, 5, 6, 7]) -- (Edges: [(2, 4), (0, 4), (3, 7), (0, 3), (1, 7), (5, 6), (0, 5), (2, 5)])"
8,11,0.016608238220214844,16,0.0001990795135498047,0.04238128662109375,"(Vertices: [0, 1, 2, 3, 4, 5, 6, 7]) -- (Edges: [(0, 7), (0, 4), (2, 7), (1, 5), (0, 3), (5, 7), (2, 3), (6, 7), (0, 2), (1, 7), (3, 6)])"
8,10,0.005033016204833984,1,3.838539123535156e-05,0.054848670959472656,"(Vertices: [0, 1, 2, 3, 4, 5, 6, 7]) -- (Edges: [(0, 1), (3, 4), (1, 4), (2, 3), (6, 7), (4, 5), (2, 6), (0, 5), (4, 7), (3, 5)])"
8,9,0.005978822708129883,16,9.72747802734375e-05,0.03762054443359375,"(Vertices: [0, 1, 2, 3, 4, 5, 6, 7]) -- (Edges: [(0, 4), (3, 4), (5, 7), (2, 3), (0, 2), (1, 6), (2, 5), (1, 3), (3, 5)])"
8,6,0.006721973419189453,1,8.559226989746094e-05,0.059037208557128906,"(Vertices: [0, 1, 2, 3, 4, 5, 6, 7]) -- (Edges: [(2, 3), (0, 2), (1, 7), (4, 5), (0, 5), (4, 7)])"
8,14,0.0056345462799072266,16,0.00011134147644042969,0.046966552734375,"(Vertices: [0, 1, 2, 3, 4, 5, 6, 7]) -- (Edges: [(0, 1), (1, 2), (3, 4), (3, 7), (4, 6), (1, 4), (5, 7), (6, 7), (4, 5), (2, 6), (0, 5), (2, 5), (1, 3), (3, 5)])"
8,11,0.006350994110107422,1,6.008148193359375e-05,0.058770179748535156,"(Vertices: [0, 1, 2, 3, 4, 5, 6, 7]) -- (Edges: [(2, 4), (1, 5), (3, 7), (4, 6), (1, 4), (5, 7), (2, 6), (0, 5), (3, 6), (2, 5), (4, 7)])"
8,11,0.006072044372558594,16,0.00015425682067871094,0.03971099853515625,"(Vertices: [0, 1, 2, 3, 4, 5, 6, 7]) -- (Edges: [(0, 1), (1, 4), (0, 6), (5, 7), (0, 2), (4, 5), (5, 6), (0, 5), (2, 5), (1, 3), (3, 5)])"
8,11,0.005335807800292969,1,4.410743713378906e-05,0.058594703674316406,"(Vertices: [0, 1, 2, 3, 4, 5, 6, 7]) -- (Edges: [(2, 4), (3, 7), (1, 4), (0, 6), (2, 3), (5, 7), (0, 2), (1, 7), (4, 5), (3, 6), (3, 5)])"
8,10,0.004980564117431641,16,7.152557373046875e-05,0.04114532470703125,"(Vertices: [0, 1, 2, 3, 4, 5, 6, 7]) -- (Edges: [(0, 1), (2, 4), (3, 4), (2, 7), (3, 7), (4, 6), (5, 7), (2, 6), (1, 6), (4, 7)])"
8,9,0.005224943161010742,1,9.059906005859375e-05,0.055893898010253906,"(Vertices: [0, 1, 2, 3, 4, 5, 6, 7]) -- (Edges: [(0, 7), (2, 4), (0, 4), (0, 6), (4, 5), (5, 6), (0, 5), (1, 3), (3, 5)])"
8,7,0.013319253921508789,16,0.00014829635620117188,0.0424957275390625,"(Vertices: [0, 1, 2, 3, 4, 5, 6, 7]) -- (Edges: [(0, 4), (5, 7), (0, 6), (6, 7), (0, 2), (2, 5), (1, 3)])"
8,15,0.005393028259277344,1,6.532669067382812e-05,0.06301212310791016,"(Vertices: [0, 1, 2, 3, 4, 5, 6, 7]) -- (Edges: [(0, 7), (0, 4), (3, 4), (2, 7), (5, 7), (6, 7), (0, 2), (1, 7), (2, 6), (5, 6), (1, 6), (2, 5), (1, 3), (4, 7), (3, 5)])"
8,11,0.006112337112426758,16,0.00021767616271972656,0.043426513671875,"(Vertices: [0, 1, 2, 3, 4, 5, 6, 7]) -- (Edges: [(2, 4), (0, 4), (3, 7), (1, 4), (0, 6), (2, 3), (5, 7), (1, 7), (6, 7), (3, 6), (1, 3)])"
8,9,0.005159139633178711,1,8.654594421386719e-05,0.055893898010253906,"(Vertices: [0, 1, 2, 3, 4, 5, 6, 7]) -- (Edges: [(0, 1), (1, 5), (3, 7), (4, 6), (5, 7), (0, 2), (1, 7), (4, 7), (3, 5)])"
8,6,0.005123138427734375,16,9.942054748535156e-05,0.04213714599609375,"(Vertices: [0, 1, 2, 3, 4, 5, 6, 7]) -- (Edges: [(0, 1), (3, 4), (3, 7), (0, 3), (0, 6), (6, 7)])"
8,15,0.00558924674987793,1,4.5299530029296875e-05,0.062401771545410156,"(Vertices: [0, 1, 2, 3, 4, 5, 6, 7]) -- (Edges: [(0, 1), (0, 7), (2, 4), (1, 2), (0, 4), (0, 3), (4, 6), (0, 6), (2, 3), (6, 7), (0, 2), (1, 7), (2, 6), (0, 5), (3, 5)])"
8,9,0.014753580093383789,16,0.00010371208190917969,0.040130615234375,"(Vertices: [0, 1, 2, 3, 4, 5, 6, 7]) -- (Edges: [(0, 7), (1, 2), (2, 7), (1, 5), (4, 6), (1, 4), (2, 6), (3, 6), (3, 5)])"
8,10,0.005399465560913086,1,5.841255187988281e-05,0.059273719787597656,"(Vertices: [0, 1, 2, 3, 4, 5, 6, 7]) -- (Edges: [(0, 7), (0, 4), (2, 7), (1, 5), (4, 6), (1, 7), (4, 5), (0, 5), (3, 6), (1, 3)])"
8,6,0.005105495452880859,16,9.942054748535156e-05,0.042236328125,"(Vertices: [0, 1, 2, 3, 4, 5, 6, 7]) -- (Edges: [(0, 1), (0, 3), (1, 4), (0, 6), (2, 3), (5, 6)])"
8,13,0.005166769027709961,1,6.461143493652344e-05,0.06354618072509766,"(Vertices: [0, 1, 2, 3, 4, 5, 6, 7]) -- (Edges: [(1, 2), (2, 7), (1, 5), (0, 3), (1, 4), (0, 6), (2, 3), (0, 2), (0, 5), (3, 6), (1, 6), (2, 5), (4, 7)])"
8,10,0.0061872005462646484,16,0.00011014938354492188,0.0439300537109375,"(Vertices: [0, 1, 2, 3, 4, 5, 6, 7]) -- (Edges: [(1, 2), (0, 4), (3, 4), (3, 7), (5, 7), (0, 6), (4, 5), (2, 6), (5, 6), (3, 6)])"
8,14,0.00665283203125,1,7.05718994140625e-05,0.059807777404785156,"(Vertices: [0, 1, 2, 3, 4, 5, 6, 7]) -- (Edges: [(1, 2), (0, 4), (3, 4), (2, 7), (1, 5), (3, 7), (0, 3), (1, 4), (6, 7), (1, 7), (4, 5), (2, 6), (3, 6), (4, 7)])"
8,11,0.02114248275756836,16,0.0002856254577636719,0.04064178466796875,"(Vertices: [0, 1, 2, 3, 4, 5, 6, 7]) -- (Edges: [(0, 1), (0, 7), (0, 4), (2, 7), (1, 5), (1, 4), (0, 6), (4, 5), (1, 6), (4, 7), (3, 5)])"
8,9,0.006956815719604492,1,0.00019121170043945312,0.054268836975097656,"(Vertices: [0, 1, 2, 3, 4, 5, 6, 7]) -- (Edges: [(0, 7), (2, 4), (3, 4), (1, 5), (3, 7), (5, 7), (0, 6), (2, 3), (1, 7)])"
8,9,0.007976531982421875,16,0.0001773834228515625,0.03740692138671875,"(Vertices: [0, 1, 2, 3, 4, 5, 6, 7]) -- (Edges: [(2, 4), (1, 2), (3, 7), (1, 4), (0, 6), (0, 2), (2, 6), (0, 5), (4, 7)])"
8,7,0.005222797393798828,1,6.127357482910156e-05,0.059136390686035156,"(Vertices: [0, 1, 2, 3, 4, 5, 6, 7]) -- (Edges: [(3, 4), (1, 5), (1, 4), (0, 6), (2, 3), (1, 6), (2, 5)])"
8,10,0.005511760711669922,16,0.00019550323486328125,0.04146575927734375,"(Vertices: [0, 1, 2, 3, 4, 5, 6, 7]) -- (Edges: [(2, 4), (0, 4), (4, 6), (5, 7), (6, 7), (1, 7), (4, 5), (2, 6), (1, 3), (4, 7)])"
8,11,0.00552678108215332,1,5.650520324707031e-05,0.058594703674316406,"(Vertices: [0, 1, 2, 3, 4, 5, 6, 7]) -- (Edges: [(2, 4), (2, 7), (1, 5), (1, 4), (6, 7), (0, 2), (4, 5), (2, 6), (5, 6), (0, 5), (1, 3)])"
8,8,0.005709648132324219,16,0.00010085105895996094,0.038604736328125,"(Vertices: [0, 1, 2, 3, 4, 5, 6, 7]) -- (Edges: [(0, 7), (1, 2), (2, 7), (5, 7), (0, 6), (2, 3), (0, 2), (1, 6)])"
8,5,0.005739450454711914,1,5.91278076171875e-05,0.060685157775878906,"(Vertices: [0, 1, 2, 3, 4, 5, 6, 7]) -- (Edges: [(2, 4), (3, 4), (3, 7), (2, 6), (3, 5)])"
8,10,0.008120059967041016,16,0.0002586841583251953,0.042816162109375,"(Vertices: [0, 1, 2, 3, 4, 5, 6, 7]) -- (Edges: [(0, 1), (2, 4), (1, 2), (5, 7), (0, 6), (4, 5), (2, 6), (5, 6), (3, 6), (1, 6)])"
8,8,0.009758949279785156,1,0.00010561943054199219,0.053788185119628906,"(Vertices: [0, 1, 2, 3, 4, 5, 6, 7]) -- (Edges: [(3, 4), (3, 7), (5, 7), (0, 2), (5, 6), (0, 5), (2, 5), (3, 5)])"
8,13,0.0055370330810546875,16,0.0007052421569824219,0.0425872802734375,"(Vertices: [0, 1, 2, 3, 4, 5, 6, 7]) -- (Edges: [(2, 4), (1, 2), (0, 4), (3, 4), (1, 5), (0, 3), (4, 6), (2, 3), (1, 7), (4, 5), (1, 6), (4, 7), (3, 5)])"
8,5,0.007980585098266602,1,0.00012922286987304688,0.060685157775878906,"(Vertices: [0, 1, 2, 3, 4, 5, 6, 7]) -- (Edges: [(0, 7), (1, 2), (5, 6), (1, 6), (4, 7)])"
8,11,0.006138324737548828,16,0.00015354156494140625,0.0445404052734375,"(Vertices: [0, 1, 2, 3, 4, 5, 6, 7]) -- (Edges: [(0, 1), (1, 2), (0, 3), (4, 6), (5, 7), (0, 6), (6, 7), (2, 6), (0, 5), (2, 5), (4, 7)])"
8,7,0.007328033447265625,1,7.43865966796875e-05,0.052613258361816406,"(Vertices: [0, 1, 2, 3, 4, 5, 6, 7]) -- (Edges: [(0, 1), (0, 4), (1, 5), (5, 7), (2, 3), (4, 5), (1, 6)])"
8,7,0.005831241607666016,16,0.00018095970153808594,0.03592681884765625,"(Vertices: [0, 1, 2, 3, 4, 5, 6, 7]) -- (Edges: [(0, 1), (0, 4), (1, 5), (6, 7), (5, 6), (1, 3), (4, 7)])"
8,10,0.006078958511352539,1,7.2479248046875e-05,0.057602882385253906,"(Vertices: [0, 1, 2, 3, 4, 5, 6, 7]) -- (Edges: [(0, 7), (1, 5), (3, 7), (4, 6), (6, 7), (4, 5), (5, 6), (0, 5), (3, 6), (2, 5)])"
8,5,0.005543708801269531,16,0.0003714561462402344,0.04444122314453125,"(Vertices: [0, 1, 2, 3, 4, 5, 6, 7]) -- (Edges: [(0, 7), (2, 7), (6, 7), (4, 5), (2, 5)])"
8,6,0.0050792694091796875,1,5.841255187988281e-05,0.059037208557128906,"(Vertices: [0, 1, 2, 3, 4, 5, 6, 7]) -- (Edges: [(3, 4), (2, 7), (0, 3), (4, 6), (2, 3), (3, 5)])"
8,10,0.005074262619018555,16,9.1552734375e-05,0.04233551025390625,"(Vertices: [0, 1, 2, 3, 4, 5, 6, 7]) -- (Edges: [(0, 1), (1, 2), (0, 4), (1, 5), (3, 7), (2, 3), (0, 2), (4, 5), (5, 6), (1, 3)])"
8,14,0.005846500396728516,1,4.8160552978515625e-05,0.06260013580322266,"(Vertices: [0, 1, 2, 3, 4, 5, 6, 7]) -- (Edges: [(2, 4), (2, 7), (1, 5), (0, 3), (1, 4), (5, 7), (6, 7), (1, 7), (2, 6), (5, 6), (1, 6), (2, 5), (4, 7), (3, 5)])"
8,10,0.005597591400146484,16,0.00029349327087402344,0.0395965576171875,"(Vertices: [0, 1, 2, 3, 4, 5, 6, 7]) -- (Edges: [(2, 4), (2, 7), (1, 5), (3, 7), (0, 3), (2, 3), (0, 2), (2, 6), (5, 6), (2, 5)])"
8,8,0.005484104156494141,1,4.6253204345703125e-05,0.055123329162597656,"(Vertices: [0, 1, 2, 3, 4, 5, 6, 7]) -- (Edges: [(2, 7), (0, 3), (4, 6), (5, 7), (0, 6), (2, 3), (2, 6), (0, 5)])"
8,8,0.010910987854003906,16,0.00019025802612304688,0.03911590576171875,"(Vertices: [0, 1, 2, 3, 4, 5, 6, 7]) -- (Edges: [(2, 4), (1, 2), (1, 5), (5, 7), (0, 6), (2, 3), (1, 6), (4, 7)])"
8,11,0.005417346954345703,1,5.2928924560546875e-05,0.056511878967285156,"(Vertices: [0, 1, 2, 3, 4, 5, 6, 7]) -- (Edges: [(0, 7), (3, 4), (1, 5), (1, 4), (0, 6), (6, 7), (0, 2), (5, 6), (1, 6), (2, 5), (1, 3)])"
8,14,0.005526065826416016,16,0.00013756752014160156,0.04242706298828125,"(Vertices: [0, 1, 2, 3, 4, 5, 6, 7]) -- (Edges: [(0, 1), (0, 7), (0, 4), (3, 4), (3, 7), (1, 4), (5, 7), (6, 7), (1, 7), (4, 5), (0, 5), (1, 6), (2, 5), (4, 7)])"
8,3,0.005029201507568359,1,5.412101745605469e-05,0.059937477111816406,"(Vertices: [0, 1, 2, 3, 4, 5, 6, 7]) -- (Edges: [(4, 6), (0, 3), (2, 5)])"
8,10,0.005918025970458984,16,0.0003046989440917969,0.04494476318359375,"(Vertices: [0, 1, 2, 3, 4, 5, 6, 7]) -- (Edges: [(0, 1), (3, 4), (3, 7), (0, 3), (6, 7), (4, 5), (0, 5), (3, 6), (1, 6), (1, 3)])"
8,11,0.005210161209106445,1,0.00010251998901367188,0.055314064025878906,"(Vertices: [0, 1, 2, 3, 4, 5, 6, 7]) -- (Edges: [(0, 7), (2, 7), (3, 7), (4, 6), (1, 4), (0, 6), (2, 3), (6, 7), (1, 6), (2, 5), (3, 5)])"
8,6,0.013998985290527344,16,0.00011086463928222656,0.04444122314453125,"(Vertices: [0, 1, 2, 3, 4, 5, 6, 7]) -- (Edges: [(2, 4), (0, 4), (0, 3), (2, 5), (1, 3), (3, 5)])"
8,8,0.0051648616790771484,1,6.151199340820312e-05,0.054757118225097656,"(Vertices: [0, 1, 2, 3, 4, 5, 6, 7]) -- (Edges: [(0, 7), (2, 4), (0, 4), (0, 6), (2, 3), (5, 6), (0, 5), (3, 6)])"
8,10,0.004866838455200195,16,0.00010561943054199219,0.0395965576171875,"(Vertices: [0, 1, 2, 3, 4, 5, 6, 7]) -- (Edges: [(0, 1), (2, 7), (1, 5), (0, 3), (1, 4), (6, 7), (0, 2), (2, 6), (0, 5), (3, 5)])"
8,13,0.00536799430847168,1,0.000194549560546875,0.061890602111816406,"(Vertices: [0, 1, 2, 3, 4, 5, 6, 7]) -- (Edges: [(0, 1), (2, 4), (1, 2), (3, 4), (3, 7), (1, 4), (0, 6), (2, 3), (0, 2), (4, 5), (5, 6), (0, 5), (2, 5)])"
8,13,0.008655071258544922,16,9.5367431640625e-05,0.042999267578125,"(Vertices: [0, 1, 2, 3, 4, 5, 6, 7]) -- (Edges: [(0, 7), (1, 2), (3, 4), (3, 7), (1, 4), (6, 7), (0, 2), (2, 6), (0, 5), (3, 6), (2, 5), (1, 3), (4, 7)])"
8,9,0.006479740142822266,1,4.601478576660156e-05,0.0637979507446289,"(Vertices: [0, 1, 2, 3, 4, 5, 6, 7]) -- (Edges: [(0, 4), (3, 4), (5, 7), (6, 7), (2, 6), (5, 6), (3, 6), (2, 5), (3, 5)])"
8,14,0.00620269775390625,16,0.00011110305786132812,0.04584503173828125,"(Vertices: [0, 1, 2, 3, 4, 5, 6, 7]) -- (Edges: [(0, 7), (2, 4), (0, 4), (3, 4), (2, 7), (3, 7), (0, 3), (0, 6), (2, 3), (6, 7), (1, 7), (5, 6), (0, 5), (3, 6)])"
8,8,0.005719661712646484,1,0.00012087821960449219,0.055977821350097656,"(Vertices: [0, 1, 2, 3, 4, 5, 6, 7]) -- (Edges: [(0, 7), (2, 7), (6, 7), (1, 7), (0, 5), (1, 6), (1, 3), (4, 7)])"
8,13,0.0163271427154541,16,0.0002391338348388672,0.04483795166015625,"(Vertices: [0, 1, 2, 3, 4, 5, 6, 7]) -- (Edges: [(0, 7), (2, 4), (1, 2), (3, 4), (0, 3), (4, 6), (5, 7), (0, 6), (4, 5), (0, 5), (3, 6), (2, 5), (3, 5)])"
8,13,0.00572657585144043,1,6.031990051269531e-05,0.059807777404785156,"(Vertices: [0, 1, 2, 3, 4, 5, 6, 7]) -- (Edges: [(0, 7), (1, 2), (2, 7), (5, 7), (0, 6), (6, 7), (0, 2), (4, 5), (3, 6), (1, 6), (2, 5), (1, 3), (4, 7)])"
8,8,0.013268470764160156,16,0.00022530555725097656,0.03911590576171875,"(Vertices: [0, 1, 2, 3, 4, 5, 6, 7]) -- (Edges: [(1, 2), (0, 4), (0, 3), (0, 6), (0, 2), (1, 7), (5, 6), (3, 6)])"
8,11,0.006437063217163086,1,0.00020265579223632812,0.057564735412597656,"(Vertices: [0, 1, 2, 3, 4, 5, 6, 7]) -- (Edges: [(0, 1), (0, 7), (1, 2), (2, 7), (1, 5), (4, 6), (6, 7), (1, 7), (3, 6), (1, 6), (2, 5)])"
8,5,0.008215665817260742,16,8.368492126464844e-05,0.04444122314453125,"(Vertices: [0, 1, 2, 3, 4, 5, 6, 7]) -- (Edges: [(0, 1), (3, 4), (3, 6), (1, 6), (3, 5)])"
8,11,0.005803108215332031,1,5.459785461425781e-05,0.059029579162597656,"(Vertices: [0, 1, 2, 3, 4, 5, 6, 7]) -- (Edges: [(0, 1), (0, 7), (0, 4), (1, 5), (0, 3), (0, 2), (1, 7), (2, 6), (5, 6), (0, 5), (2, 5)])"
8,10,0.010732412338256836,16,0.0002052783966064453,0.04169464111328125,"(Vertices: [0, 1, 2, 3, 4, 5, 6, 7]) -- (Edges: [(2, 4), (0, 4), (3, 7), (1, 4), (4, 5), (2, 6), (0, 5), (1, 6), (1, 3), (3, 5)])"
8,7,0.005399942398071289,1,0.0001704692840576172,0.052079200744628906,"(Vertices: [0, 1, 2, 3, 4, 5, 6, 7]) -- (Edges: [(2, 7), (3, 7), (1, 4), (0, 6), (2, 3), (6, 7), (0, 5)])"
8,8,0.0055425167083740234,16,0.00011706352233886719,0.039276123046875,"(Vertices: [0, 1, 2, 3, 4, 5, 6, 7]) -- (Edges: [(1, 2), (0, 4), (1, 4), (5, 7), (6, 7), (5, 6), (0, 5), (3, 5)])"
8,12,0.005773782730102539,1,7.915496826171875e-05,0.061013221740722656,"(Vertices: [0, 1, 2, 3, 4, 5, 6, 7]) -- (Edges: [(0, 1), (2, 4), (3, 4), (2, 7), (4, 6), (0, 2), (4, 5), (2, 6), (5, 6), (0, 5), (1, 3), (3, 5)])"
8,15,0.005208492279052734,16,0.0005311965942382812,0.04267120361328125,"(Vertices: [0, 1, 2, 3, 4, 5, 6, 7]) -- (Edges: [(0, 1), (2, 4), (3, 4), (2, 7), (1, 5), (0, 3), (1, 4), (0, 6), (5, 7), (0, 2), (4, 5), (5, 6), (0, 5), (1, 3), (3, 5)])"
8,14,0.0053098201751708984,1,8.20159912109375e-05,0.060837745666503906,"(Vertices: [0, 1, 2, 3, 4, 5, 6, 7]) -- (Edges: [(0, 1), (2, 4), (0, 4), (3, 4), (1, 5), (0, 3), (5, 7), (2, 3), (1, 7), (4, 5), (2, 6), (3, 6), (2, 5), (4, 7)])"
8,5,0.017527341842651367,16,9.942054748535156e-05,0.04444122314453125,"(Vertices: [0, 1, 2, 3, 4, 5, 6, 7]) -- (Edges: [(2, 4), (0, 4), (3, 4), (1, 5), (2, 5)])"
8,7,0.005827188491821289,1,0.00017762184143066406,0.052079200744628906,"(Vertices: [0, 1, 2, 3, 4, 5, 6, 7]) -- (Edges: [(0, 7), (0, 4), (3, 4), (1, 4), (0, 5), (3, 6), (4, 7)])"
8,11,0.013914108276367188,16,0.0001971721649169922,0.041717529296875,"(Vertices: [0, 1, 2, 3, 4, 5, 6, 7]) -- (Edges: [(2, 4), (3, 4), (3, 7), (0, 3), (4, 6), (1, 4), (1, 7), (0, 2), (4, 5), (1, 3), (3, 5)])"
8,9,0.005217790603637695,1,5.316734313964844e-05,0.054848670959472656,"(Vertices: [0, 1, 2, 3, 4, 5, 6, 7]) -- (Edges: [(2, 7), (1, 4), (5, 7), (1, 7), (0, 5), (3, 6), (1, 6), (1, 3), (3, 5)])"
8,9,0.008373737335205078,16,0.0002658367156982422,0.04056549072265625,"(Vertices: [0, 1, 2, 3, 4, 5, 6, 7]) -- (Edges: [(0, 1), (2, 4), (3, 7), (5, 7), (6, 7), (0, 2), (4, 5), (2, 6), (3, 5)])"
8,9,0.006085395812988281,1,5.841255187988281e-05,0.057358741760253906,"(Vertices: [0, 1, 2, 3, 4, 5, 6, 7]) -- (Edges: [(0, 1), (0, 4), (3, 4), (1, 5), (4, 6), (6, 7), (2, 6), (1, 6), (3, 5)])"
8,16,0.005456209182739258,16,0.00010180473327636719,0.04730987548828125,"(Vertices: [0, 1, 2, 3, 4, 5, 6, 7]) -- (Edges: [(0, 1), (0, 7), (1, 2), (2, 7), (1, 5), (3, 7), (4, 6), (1, 4), (0, 6), (5, 7), (1, 7), (5, 6), (0, 5), (3, 6), (1, 6), (4, 7)])"
8,7,0.0065882205963134766,1,6.67572021484375e-05,0.051056861877441406,"(Vertices: [0, 1, 2, 3, 4, 5, 6, 7]) -- (Edges: [(0, 7), (4, 6), (5, 7), (6, 7), (0, 5), (4, 7), (3, 5)])"
8,7,0.00728297233581543,16,0.00010561943054199219,0.03623199462890625,"(Vertices: [0, 1, 2, 3, 4, 5, 6, 7]) -- (Edges: [(0, 7), (0, 4), (4, 6), (0, 2), (2, 6), (0, 5), (1, 3)])"
8,11,0.005633831024169922,1,5.054473876953125e-05,0.056504249572753906,"(Vertices: [0, 1, 2, 3, 4, 5, 6, 7]) -- (Edges: [(2, 4), (1, 2), (2, 7), (3, 7), (1, 4), (0, 6), (2, 3), (5, 7), (0, 5), (3, 6), (3, 5)])"
8,8,0.012888908386230469,16,0.00013828277587890625,0.038604736328125,"(Vertices: [0, 1, 2, 3, 4, 5, 6, 7]) -- (Edges: [(2, 4), (3, 7), (4, 6), (1, 4), (5, 7), (2, 3), (2, 6), (4, 7)])"
8,7,0.005843162536621094,1,7.176399230957031e-05,0.052079200744628906,"(Vertices: [0, 1, 2, 3, 4, 5, 6, 7]) -- (Edges: [(1, 2), (4, 6), (5, 7), (4, 5), (0, 2), (2, 5), (4, 7)])"
8,8,0.005608797073364258,16,0.00010061264038085938,0.038421630859375,"(Vertices: [0, 1, 2, 3, 4, 5, 6, 7]) -- (Edges: [(2, 4), (3, 4), (2, 7), (4, 6), (5, 7), (2, 3), (1, 7), (4, 7)])"
8,12,0.00535273551940918,1,0.00012493133544921875,0.058495521545410156,"(Vertices: [0, 1, 2, 3, 4, 5, 6, 7]) -- (Edges: [(2, 4), (1, 2), (3, 4), (2, 7), (1, 5), (5, 7), (6, 7), (0, 2), (1, 7), (0, 5), (1, 6), (1, 3)])"
8,6,0.005129575729370117,16,8.535385131835938e-05,0.0418701171875,"(Vertices: [0, 1, 2, 3, 4, 5, 6, 7]) -- (Edges: [(2, 4), (2, 7), (3, 7), (0, 2), (4, 5), (2, 5)])"
8,9,0.005214691162109375,1,0.00012373924255371094,0.055123329162597656,"(Vertices: [0, 1, 2, 3, 4, 5, 6, 7]) -- (Edges: [(0, 1), (0, 7), (2, 4), (2, 7), (4, 6), (1, 7), (2, 6), (5, 6), (4, 7)])"
8,10,0.005099773406982422,16,8.153915405273438e-05,0.04227447509765625,"(Vertices: [0, 1, 2, 3, 4, 5, 6, 7]) -- (Edges: [(0, 1), (0, 7), (3, 4), (1, 5), (3, 7), (4, 6), (5, 7), (0, 5), (2, 5), (1, 3)])"
8,8,0.0051767826080322266,1,0.00012135505676269531,0.057602882385253906,"(Vertices: [0, 1, 2, 3, 4, 5, 6, 7]) -- (Edges: [(0, 1), (2, 4), (2, 7), (1, 5), (4, 6), (4, 5), (3, 6), (1, 6)])"
8,9,0.012318849563598633,16,0.00017189979553222656,0.03740692138671875,"(Vertices: [0, 1, 2, 3, 4, 5, 6, 7]) -- (Edges: [(1, 2), (3, 4), (3, 7), (0, 3), (4, 6), (1, 7), (4, 5), (1, 3), (3, 5)])"
9,14,0.012789011001586914,1,0.00018453598022460938,0.0991983413696289,"(Vertices: [0, 1, 2, 3, 4, 5, 6, 7, 8]) -- (Edges: [(0, 1), (0, 7), (2, 4), (2, 7), (1, 5), (0, 3), (8, 0), (2, 3), (5, 6), (1, 6), (0, 8), (1, 3), (8, 5), (3, 5)])"
9,13,0.012272357940673828,23,0.00034046173095703125,0.08980464935302734,"(Vertices: [0, 1, 2, 3, 4, 5, 6, 7, 8]) -- (Edges: [(0, 1), (0, 7), (1, 2), (0, 4), (3, 4), (8, 1), (4, 6), (8, 0), (0, 6), (8, 6), (0, 8), (8, 5), (3, 5)])"
9,18,0.014247894287109375,1,0.00014138221740722656,0.11759281158447266,"(Vertices: [0, 1, 2, 3, 4, 5, 6, 7, 8]) -- (Edges: [(0, 1), (0, 7), (1, 2), (8, 4), (0, 3), (4, 6), (1, 4), (0, 6), (2, 3), (5, 7), (0, 2), (1, 7), (6, 7), (5, 6), (8, 6), (8, 2), (1, 3), (3, 5)])"
9,21,0.01292109489440918,23,0.00023651123046875,0.09541988372802734,"(Vertices: [0, 1, 2, 3, 4, 5, 6, 7, 8]) -- (Edges: [(3, 4), (0, 2), (8, 3), (1, 6), (2, 5), (1, 3), (4, 5), (8, 2), (0, 7), (2, 4), (1, 2), (0, 4), (2, 7), (1, 5), (6, 7), (4, 7), (3, 5), (8, 7), (1, 4), (1, 7), (2, 6)])"
9,14,0.013816356658935547,1,0.0002071857452392578,0.10367679595947266,"(Vertices: [0, 1, 2, 3, 4, 5, 6, 7, 8]) -- (Edges: [(0, 1), (2, 4), (2, 7), (4, 6), (1, 4), (8, 0), (6, 7), (1, 7), (4, 5), (8, 6), (3, 6), (0, 8), (2, 5), (3, 5)])"
9,10,0.017889738082885742,23,0.0003497600555419922,0.08737850189208984,"(Vertices: [0, 1, 2, 3, 4, 5, 6, 7, 8]) -- (Edges: [(0, 4), (3, 4), (1, 5), (8, 1), (3, 7), (4, 6), (8, 6), (2, 5), (8, 5), (3, 5)])"
9,12,0.013287544250488281,1,0.00016045570373535156,0.10947513580322266,"(Vertices: [0, 1, 2, 3, 4, 5, 6, 7, 8]) -- (Edges: [(0, 1), (0, 7), (1, 2), (8, 4), (3, 4), (3, 7), (5, 7), (0, 2), (1, 7), (2, 6), (5, 6), (4, 7)])"
9,7,0.013926506042480469,23,0.0003101825714111328,0.07721614837646484,"(Vertices: [0, 1, 2, 3, 4, 5, 6, 7, 8]) -- (Edges: [(2, 4), (1, 2), (8, 0), (2, 3), (1, 6), (0, 8), (1, 3)])"
9,9,0.014524221420288086,1,0.00015783309936523438,0.0924234390258789,"(Vertices: [0, 1, 2, 3, 4, 5, 6, 7, 8]) -- (Edges: [(0, 4), (2, 7), (3, 7), (0, 3), (0, 2), (8, 3), (5, 6), (8, 6), (4, 7)])"
9,8,0.01411747932434082,23,0.0003788471221923828,0.0738515853881836,"(Vertices: [0, 1, 2, 3, 4, 5, 6, 7, 8]) -- (Edges: [(3, 4), (8, 7), (8, 0), (0, 6), (6, 7), (2, 6), (3, 6), (0, 8)])"
9,6,0.01686239242553711,1,0.0003712177276611328,0.09171390533447266,"(Vertices: [0, 1, 2, 3, 4, 5, 6, 7, 8]) -- (Edges: [(0, 1), (8, 1), (1, 7), (4, 5), (8, 6), (1, 6)])"
9,15,0.01304483413696289,23,0.00029397010803222656,0.09223079681396484,"(Vertices: [0, 1, 2, 3, 4, 5, 6, 7, 8]) -- (Edges: [(2, 4), (1, 2), (0, 4), (3, 7), (0, 3), (1, 4), (5, 7), (2, 3), (6, 7), (8, 3), (8, 0), (5, 6), (8, 6), (0, 8), (4, 7)])"
9,14,0.015923261642456055,1,0.0002110004425048828,0.1055459976196289,"(Vertices: [0, 1, 2, 3, 4, 5, 6, 7, 8]) -- (Edges: [(3, 4), (2, 7), (8, 1), (3, 7), (4, 6), (2, 3), (6, 7), (0, 2), (4, 5), (2, 6), (0, 5), (2, 5), (4, 7), (3, 5)])"
9,16,0.01648736000061035,23,0.00025153160095214844,0.08565425872802734,"(Vertices: [0, 1, 2, 3, 4, 5, 6, 7, 8]) -- (Edges: [(0, 1), (0, 7), (2, 4), (3, 4), (8, 1), (0, 3), (1, 4), (8, 0), (0, 2), (1, 7), (4, 5), (5, 6), (0, 5), (8, 6), (0, 8), (3, 5)])"
9,11,0.01616644859313965,1,0.00016951560974121094,0.10137271881103516,"(Vertices: [0, 1, 2, 3, 4, 5, 6, 7, 8]) -- (Edges: [(0, 7), (8, 1), (8, 7), (1, 4), (8, 0), (1, 7), (2, 6), (5, 6), (8, 6), (3, 6), (0, 8)])"
9,6,0.015541553497314453,23,0.000324249267578125,0.07721614837646484,"(Vertices: [0, 1, 2, 3, 4, 5, 6, 7, 8]) -- (Edges: [(4, 6), (2, 3), (4, 5), (2, 6), (3, 6), (4, 7)])"
9,12,0.013816356658935547,1,0.00019478797912597656,0.10723209381103516,"(Vertices: [0, 1, 2, 3, 4, 5, 6, 7, 8]) -- (Edges: [(2, 4), (0, 4), (8, 7), (0, 3), (4, 6), (8, 0), (6, 7), (0, 5), (3, 6), (0, 8), (4, 7), (3, 5)])"
9,10,0.01822042465209961,23,0.00031185150146484375,0.0845937728881836,"(Vertices: [0, 1, 2, 3, 4, 5, 6, 7, 8]) -- (Edges: [(0, 4), (3, 4), (2, 7), (8, 4), (8, 7), (1, 4), (5, 7), (8, 3), (8, 6), (8, 2)])"
9,12,0.016187667846679688,1,0.00020122528076171875,0.10059452056884766,"(Vertices: [0, 1, 2, 3, 4, 5, 6, 7, 8]) -- (Edges: [(1, 2), (0, 4), (3, 7), (0, 3), (8, 0), (8, 3), (8, 6), (3, 6), (1, 6), (0, 8), (2, 5), (3, 5)])"
9,10,0.013152122497558594,23,0.00030732154846191406,0.0843496322631836,"(Vertices: [0, 1, 2, 3, 4, 5, 6, 7, 8]) -- (Edges: [(0, 1), (0, 7), (2, 4), (1, 2), (0, 4), (4, 6), (1, 4), (2, 3), (2, 6), (2, 5)])"
9,13,0.015068292617797852,1,0.00015997886657714844,0.10323429107666016,"(Vertices: [0, 1, 2, 3, 4, 5, 6, 7, 8]) -- (Edges: [(0, 7), (2, 4), (1, 2), (2, 7), (4, 6), (1, 4), (0, 6), (8, 0), (2, 6), (8, 6), (3, 6), (0, 8), (2, 5)])"
9,9,0.011624336242675781,23,0.0001811981201171875,0.0881490707397461,"(Vertices: [0, 1, 2, 3, 4, 5, 6, 7, 8]) -- (Edges: [(0, 1), (1, 2), (2, 7), (1, 5), (8, 1), (0, 3), (1, 4), (8, 3), (5, 6)])"
9,14,0.015441656112670898,1,0.00011968612670898438,0.10617923736572266,"(Vertices: [0, 1, 2, 3, 4, 5, 6, 7, 8]) -- (Edges: [(0, 7), (2, 4), (8, 4), (3, 4), (8, 7), (3, 7), (4, 6), (0, 2), (4, 5), (2, 6), (5, 6), (0, 5), (1, 6), (4, 7)])"
9,10,0.013984918594360352,23,0.00038504600524902344,0.0845937728881836,"(Vertices: [0, 1, 2, 3, 4, 5, 6, 7, 8]) -- (Edges: [(1, 2), (3, 4), (4, 6), (5, 7), (6, 7), (0, 2), (1, 7), (3, 6), (1, 6), (8, 5)])"
9,7,0.012028932571411133,1,0.0002849102020263672,0.0887002944946289,"(Vertices: [0, 1, 2, 3, 4, 5, 6, 7, 8]) -- (Edges: [(0, 1), (0, 7), (1, 2), (8, 4), (5, 6), (0, 5), (1, 6)])"
9,12,0.013964414596557617,23,0.00022077560424804688,0.08724117279052734,"(Vertices: [0, 1, 2, 3, 4, 5, 6, 7, 8]) -- (Edges: [(0, 1), (0, 7), (1, 2), (8, 4), (2, 7), (1, 5), (8, 1), (2, 3), (8, 3), (4, 5), (2, 5), (1, 3)])"
9,7,0.013394594192504883,1,0.00013184547424316406,0.0991983413696289,"(Vertices: [0, 1, 2, 3, 4, 5, 6, 7, 8]) -- (Edges: [(8, 4), (2, 7), (0, 3), (4, 6), (1, 4), (1, 3), (8, 5)])"
9,16,0.012567520141601562,23,0.0003008842468261719,0.0924978256225586,"(Vertices: [0, 1, 2, 3, 4, 5, 6, 7, 8]) -- (Edges: [(0, 1), (3, 4), (2, 7), (8, 7), (3, 7), (0, 3), (1, 4), (8, 5), (5, 7), (6, 7), (1, 7), (8, 0), (0, 5), (8, 2), (0, 8), (4, 7)])"
9,13,0.012767791748046875,1,0.00010251998901367188,0.0993204116821289,"(Vertices: [0, 1, 2, 3, 4, 5, 6, 7, 8]) -- (Edges: [(0, 1), (2, 7), (3, 7), (4, 6), (5, 7), (8, 5), (6, 7), (8, 3), (8, 6), (1, 6), (1, 3), (4, 7), (8, 2)])"
9,10,0.011444091796875,23,0.00037550926208496094,0.08463191986083984,"(Vertices: [0, 1, 2, 3, 4, 5, 6, 7, 8]) -- (Edges: [(0, 1), (0, 4), (8, 1), (8, 7), (3, 7), (5, 7), (6, 7), (0, 5), (8, 6), (4, 7)])"
9,12,0.01594829559326172,1,0.00020503997802734375,0.10384464263916016,"(Vertices: [0, 1, 2, 3, 4, 5, 6, 7, 8]) -- (Edges: [(0, 1), (3, 4), (1, 5), (3, 7), (0, 6), (8, 5), (0, 2), (4, 5), (3, 6), (1, 6), (2, 5), (4, 7)])"
9,12,0.01621103286743164,23,0.00023436546325683594,0.08563899993896484,"(Vertices: [0, 1, 2, 3, 4, 5, 6, 7, 8]) -- (Edges: [(2, 4), (0, 4), (8, 4), (8, 1), (4, 6), (8, 0), (0, 6), (6, 7), (8, 2), (0, 8), (8, 5), (3, 5)])"
9,15,0.014134645462036133,1,0.00013589859008789062,0.1068582534790039,"(Vertices: [0, 1, 2, 3, 4, 5, 6, 7, 8]) -- (Edges: [(0, 4), (8, 4), (8, 1), (8, 7), (3, 7), (4, 6), (1, 4), (8, 0), (2, 3), (0, 2), (5, 6), (1, 6), (0, 8), (1, 3), (8, 5)])"
9,9,0.01368260383605957,23,0.0002307891845703125,0.0827779769897461,"(Vertices: [0, 1, 2, 3, 4, 5, 6, 7, 8]) -- (Edges: [(3, 7), (1, 4), (0, 6), (1, 7), (4, 5), (1, 6), (2, 5), (1, 3), (4, 7)])"
9,12,0.012995004653930664,1,0.0005490779876708984,0.10581302642822266,"(Vertices: [0, 1, 2, 3, 4, 5, 6, 7, 8]) -- (Edges: [(1, 2), (8, 4), (1, 5), (3, 7), (0, 3), (5, 7), (2, 3), (6, 7), (8, 3), (4, 5), (1, 3), (3, 5)])"
9,12,0.01339411735534668,23,0.0005366802215576172,0.0921773910522461,"(Vertices: [0, 1, 2, 3, 4, 5, 6, 7, 8]) -- (Edges: [(0, 1), (2, 4), (1, 2), (1, 5), (8, 7), (2, 3), (1, 7), (4, 5), (5, 6), (8, 6), (1, 6), (4, 7)])"
9,21,0.018744468688964844,1,0.00027871131896972656,0.1164102554321289,"(Vertices: [0, 1, 2, 3, 4, 5, 6, 7, 8]) -- (Edges: [(3, 4), (4, 6), (8, 3), (8, 6), (1, 6), (2, 5), (1, 3), (4, 5), (5, 6), (3, 6), (8, 2), (8, 5), (0, 7), (1, 2), (2, 7), (1, 5), (4, 7), (8, 7), (0, 3), (1, 4), (2, 6)])"
9,13,0.014127016067504883,23,0.0003495216369628906,0.0903310775756836,"(Vertices: [0, 1, 2, 3, 4, 5, 6, 7, 8]) -- (Edges: [(0, 7), (1, 2), (2, 7), (8, 1), (4, 6), (1, 4), (5, 7), (2, 3), (8, 0), (1, 7), (4, 5), (5, 6), (0, 8)])"
9,10,0.01476430892944336,1,0.00027489662170410156,0.09951114654541016,"(Vertices: [0, 1, 2, 3, 4, 5, 6, 7, 8]) -- (Edges: [(8, 4), (8, 1), (4, 6), (5, 7), (8, 5), (4, 5), (8, 3), (0, 5), (8, 6), (4, 7)])"
9,9,0.013063430786132812,23,0.0003681182861328125,0.08354854583740234,"(Vertices: [0, 1, 2, 3, 4, 5, 6, 7, 8]) -- (Edges: [(8, 1), (8, 7), (1, 4), (0, 2), (0, 5), (8, 6), (2, 5), (1, 3), (3, 5)])"
9,7,0.014714717864990234,1,0.00016832351684570312,0.09473514556884766,"(Vertices: [0, 1, 2, 3, 4, 5, 6, 7, 8]) -- (Edges: [(4, 6), (8, 5), (6, 7), (8, 6), (8, 2), (4, 7), (3, 5)])"
9,15,0.016120433807373047,23,0.0003819465637207031,0.09101009368896484,"(Vertices: [0, 1, 2, 3, 4, 5, 6, 7, 8]) -- (Edges: [(2, 4), (8, 4), (2, 7), (1, 5), (3, 7), (0, 3), (4, 6), (2, 3), (6, 7), (0, 2), (8, 3), (0, 5), (8, 6), (1, 3), (3, 5)])"
9,19,0.01456308364868164,1,0.00025725364685058594,0.1004953384399414,"(Vertices: [0, 1, 2, 3, 4, 5, 6, 7, 8]) -- (Edges: [(3, 4), (3, 7), (4, 6), (8, 0), (8, 3), (0, 8), (2, 5), (1, 3), (4, 5), (3, 6), (8, 5), (0, 7), (2, 4), (0, 4), (3, 5), (8, 1), (8, 7), (1, 7), (2, 6)])"
9,15,0.017197132110595703,23,0.00028967857360839844,0.08905696868896484,"(Vertices: [0, 1, 2, 3, 4, 5, 6, 7, 8]) -- (Edges: [(0, 7), (2, 4), (3, 4), (2, 7), (8, 1), (3, 7), (4, 6), (1, 4), (5, 7), (2, 3), (8, 0), (5, 6), (3, 6), (0, 8), (1, 3)])"
9,11,0.014868497848510742,1,0.00023674964904785156,0.10283756256103516,"(Vertices: [0, 1, 2, 3, 4, 5, 6, 7, 8]) -- (Edges: [(8, 4), (2, 7), (0, 3), (1, 4), (8, 0), (4, 5), (8, 6), (1, 6), (0, 8), (3, 5), (8, 2)])"
9,9,0.013686180114746094,23,0.00038909912109375,0.08151912689208984,"(Vertices: [0, 1, 2, 3, 4, 5, 6, 7, 8]) -- (Edges: [(0, 4), (1, 4), (4, 5), (5, 6), (0, 5), (3, 6), (2, 5), (4, 7), (3, 5)])"
9,13,0.018820762634277344,1,0.00015401840209960938,0.10659122467041016,"(Vertices: [0, 1, 2, 3, 4, 5, 6, 7, 8]) -- (Edges: [(0, 7), (2, 4), (1, 2), (8, 4), (8, 1), (8, 7), (3, 7), (0, 6), (2, 3), (1, 7), (0, 5), (1, 3), (4, 7)])"
9,8,0.014371633529663086,23,0.00018477439880371094,0.07912349700927734,"(Vertices: [0, 1, 2, 3, 4, 5, 6, 7, 8]) -- (Edges: [(1, 2), (8, 1), (0, 3), (1, 4), (0, 2), (1, 7), (8, 2), (4, 7)])"
9,15,0.014705419540405273,1,0.000148773193359375,0.11026859283447266,"(Vertices: [0, 1, 2, 3, 4, 5, 6, 7, 8]) -- (Edges: [(0, 7), (3, 4), (1, 5), (8, 7), (3, 7), (0, 3), (4, 6), (2, 3), (4, 5), (5, 6), (0, 5), (1, 6), (1, 3), (8, 5), (3, 5)])"
9,13,0.016004085540771484,23,0.00023889541625976562,0.0846395492553711,"(Vertices: [0, 1, 2, 3, 4, 5, 6, 7, 8]) -- (Edges: [(0, 1), (0, 7), (8, 4), (1, 5), (8, 0), (0, 6), (2, 3), (5, 6), (0, 5), (1, 6), (0, 8), (2, 5), (3, 5)])"
9,16,0.016776323318481445,1,0.00014591217041015625,0.10907840728759766,"(Vertices: [0, 1, 2, 3, 4, 5, 6, 7, 8]) -- (Edges: [(0, 1), (0, 7), (3, 4), (2, 7), (4, 6), (8, 0), (0, 6), (2, 3), (6, 7), (0, 2), (2, 6), (1, 6), (0, 8), (2, 5), (1, 3), (8, 5)])"
9,10,0.013188838958740234,23,0.00027680397033691406,0.0857992172241211,"(Vertices: [0, 1, 2, 3, 4, 5, 6, 7, 8]) -- (Edges: [(0, 1), (2, 7), (8, 7), (4, 6), (1, 7), (8, 3), (0, 5), (3, 6), (8, 6), (2, 5)])"
9,9,0.015104055404663086,1,0.0002117156982421875,0.0987100601196289,"(Vertices: [0, 1, 2, 3, 4, 5, 6, 7, 8]) -- (Edges: [(0, 1), (2, 4), (1, 2), (1, 5), (8, 1), (0, 3), (5, 7), (0, 6), (1, 6)])"
9,16,0.014507770538330078,23,0.00027251243591308594,0.09439754486083984,"(Vertices: [0, 1, 2, 3, 4, 5, 6, 7, 8]) -- (Edges: [(0, 1), (2, 4), (1, 2), (0, 4), (8, 1), (8, 7), (1, 4), (8, 0), (6, 7), (1, 7), (8, 3), (2, 6), (3, 6), (1, 6), (0, 8), (2, 5)])"
9,11,0.016202926635742188,1,0.00018072128295898438,0.0992441177368164,"(Vertices: [0, 1, 2, 3, 4, 5, 6, 7, 8]) -- (Edges: [(8, 0), (0, 6), (2, 3), (8, 3), (4, 5), (2, 6), (5, 6), (0, 8), (2, 5), (1, 3), (3, 5)])"
9,13,0.015932559967041016,23,0.0003361701965332031,0.08965206146240234,"(Vertices: [0, 1, 2, 3, 4, 5, 6, 7, 8]) -- (Edges: [(0, 1), (8, 4), (2, 7), (8, 1), (8, 7), (0, 6), (8, 5), (6, 7), (4, 5), (3, 6), (1, 3), (4, 7), (3, 5)])"
9,14,0.013852596282958984,1,0.000408172607421875,0.11228275299072266,"(Vertices: [0, 1, 2, 3, 4, 5, 6, 7, 8]) -- (Edges: [(0, 1), (8, 4), (0, 3), (4, 6), (5, 7), (0, 6), (2, 3), (6, 7), (1, 7), (8, 3), (8, 2), (2, 5), (1, 3), (4, 7)])"
9,10,0.01612544059753418,23,0.0003612041473388672,0.0827779769897461,"(Vertices: [0, 1, 2, 3, 4, 5, 6, 7, 8]) -- (Edges: [(1, 2), (2, 7), (1, 5), (5, 7), (8, 0), (2, 3), (1, 7), (3, 6), (0, 8), (8, 5)])"
9,7,0.01460719108581543,1,0.00017905235290527344,0.0907144546508789,"(Vertices: [0, 1, 2, 3, 4, 5, 6, 7, 8]) -- (Edges: [(2, 4), (8, 4), (1, 5), (8, 1), (0, 2), (2, 5), (8, 5)])"
9,10,0.012086153030395508,23,0.0002429485321044922,0.0881795883178711,"(Vertices: [0, 1, 2, 3, 4, 5, 6, 7, 8]) -- (Edges: [(2, 4), (1, 2), (8, 7), (3, 7), (0, 6), (8, 5), (8, 6), (8, 2), (2, 5), (4, 7)])"
9,14,0.013409614562988281,1,0.0001678466796875,0.1079263687133789,"(Vertices: [0, 1, 2, 3, 4, 5, 6, 7, 8]) -- (Edges: [(0, 1), (1, 2), (0, 4), (3, 4), (2, 7), (3, 7), (5, 7), (8, 0), (2, 3), (6, 7), (4, 5), (8, 2), (0, 8), (1, 3)])"
9,12,0.013460159301757812,23,0.0005960464477539062,0.08859920501708984,"(Vertices: [0, 1, 2, 3, 4, 5, 6, 7, 8]) -- (Edges: [(1, 2), (0, 3), (1, 4), (2, 3), (6, 7), (8, 3), (4, 5), (2, 6), (0, 5), (3, 6), (8, 2), (8, 5)])"
9,7,0.013599395751953125,1,0.00016570091247558594,0.0935373306274414,"(Vertices: [0, 1, 2, 3, 4, 5, 6, 7, 8]) -- (Edges: [(0, 1), (1, 2), (3, 4), (8, 0), (0, 8), (2, 5), (3, 5)])"
9,11,0.014435291290283203,23,0.00034356117248535156,0.08559322357177734,"(Vertices: [0, 1, 2, 3, 4, 5, 6, 7, 8]) -- (Edges: [(2, 4), (2, 7), (0, 3), (4, 6), (5, 7), (0, 6), (1, 7), (4, 5), (8, 6), (1, 6), (3, 5)])"
9,10,0.01643514633178711,1,0.0001537799835205078,0.1036081314086914,"(Vertices: [0, 1, 2, 3, 4, 5, 6, 7, 8]) -- (Edges: [(2, 4), (1, 2), (8, 7), (0, 3), (8, 0), (8, 5), (8, 6), (8, 2), (0, 8), (4, 7)])"
9,11,0.014854907989501953,23,0.0003688335418701172,0.08710384368896484,"(Vertices: [0, 1, 2, 3, 4, 5, 6, 7, 8]) -- (Edges: [(0, 1), (0, 4), (4, 6), (1, 4), (0, 6), (2, 3), (1, 7), (0, 5), (8, 6), (1, 6), (1, 3)])"
9,13,0.011240005493164062,1,9.298324584960938e-05,0.1059122085571289,"(Vertices: [0, 1, 2, 3, 4, 5, 6, 7, 8]) -- (Edges: [(0, 7), (8, 1), (3, 7), (1, 4), (0, 6), (0, 2), (1, 7), (4, 5), (3, 6), (1, 6), (2, 5), (1, 3), (8, 5)])"
9,17,0.008946895599365234,23,0.000247955322265625,0.0933370590209961,"(Vertices: [0, 1, 2, 3, 4, 5, 6, 7, 8]) -- (Edges: [(0, 1), (0, 7), (1, 2), (2, 7), (8, 1), (4, 6), (1, 4), (0, 6), (0, 2), (1, 7), (2, 6), (8, 3), (0, 5), (3, 6), (4, 5), (1, 6), (8, 2)])"
9,15,0.01367950439453125,1,0.00014138221740722656,0.10617923736572266,"(Vertices: [0, 1, 2, 3, 4, 5, 6, 7, 8]) -- (Edges: [(0, 1), (0, 4), (3, 4), (8, 0), (0, 6), (2, 3), (1, 7), (8, 3), (4, 5), (5, 6), (8, 6), (1, 6), (0, 8), (8, 5), (8, 2)])"
9,8,0.011545658111572266,23,0.00018978118896484375,0.08205318450927734,"(Vertices: [0, 1, 2, 3, 4, 5, 6, 7, 8]) -- (Edges: [(1, 2), (3, 4), (8, 1), (3, 7), (0, 3), (0, 6), (5, 6), (0, 5)])"
9,16,0.010803461074829102,1,0.0001678466796875,0.09095096588134766,"(Vertices: [0, 1, 2, 3, 4, 5, 6, 7, 8]) -- (Edges: [(1, 2), (0, 4), (8, 4), (2, 7), (1, 5), (4, 6), (1, 4), (5, 7), (2, 3), (6, 7), (1, 7), (8, 0), (8, 2), (0, 8), (8, 5), (3, 5)])"
9,10,0.009238004684448242,23,0.0002522468566894531,0.09015560150146484,"(Vertices: [0, 1, 2, 3, 4, 5, 6, 7, 8]) -- (Edges: [(0, 1), (1, 2), (0, 4), (4, 6), (5, 7), (2, 3), (1, 7), (1, 6), (2, 5), (8, 2)])"
9,17,0.010017156600952148,1,0.00010228157043457031,0.10776615142822266,"(Vertices: [0, 1, 2, 3, 4, 5, 6, 7, 8]) -- (Edges: [(1, 2), (0, 4), (3, 4), (8, 4), (8, 7), (1, 4), (0, 6), (2, 3), (5, 7), (1, 7), (8, 3), (6, 7), (8, 6), (8, 2), (2, 5), (1, 3), (4, 7)])"
9,8,0.011347770690917969,23,0.0002219676971435547,0.0818471908569336,"(Vertices: [0, 1, 2, 3, 4, 5, 6, 7, 8]) -- (Edges: [(2, 7), (3, 7), (5, 7), (4, 5), (0, 5), (3, 6), (8, 2), (1, 3)])"
9,12,0.010150432586669922,1,0.00017833709716796875,0.1041116714477539,"(Vertices: [0, 1, 2, 3, 4, 5, 6, 7, 8]) -- (Edges: [(0, 1), (0, 7), (3, 4), (8, 7), (4, 6), (5, 7), (8, 3), (4, 5), (5, 6), (3, 6), (2, 5), (3, 5)])"
9,15,0.009674072265625,23,0.0002162456512451172,0.0905599594116211,"(Vertices: [0, 1, 2, 3, 4, 5, 6, 7, 8]) -- (Edges: [(0, 7), (8, 1), (1, 5), (3, 7), (8, 7), (8, 0), (2, 3), (0, 2), (3, 6), (1, 6), (0, 8), (1, 3), (4, 7), (3, 5), (8, 2)])"
9,15,0.012787580490112305,1,0.0001957416534423828,0.1102457046508789,"(Vertices: [0, 1, 2, 3, 4, 5, 6, 7, 8]) -- (Edges: [(0, 1), (0, 7), (1, 2), (2, 7), (8, 1), (3, 7), (1, 4), (0, 6), (5, 7), (8, 0), (4, 5), (0, 5), (8, 2), (0, 8), (2, 5)])"
9,13,0.013131141662597656,23,0.00032639503479003906,0.09076595306396484,"(Vertices: [0, 1, 2, 3, 4, 5, 6, 7, 8]) -- (Edges: [(0, 7), (2, 4), (1, 2), (3, 4), (1, 5), (8, 1), (0, 3), (0, 2), (8, 6), (1, 6), (1, 3), (8, 5), (8, 2)])"
9,13,0.0173642635345459,1,0.00021004676818847656,0.1062479019165039,"(Vertices: [0, 1, 2, 3, 4, 5, 6, 7, 8]) -- (Edges: [(2, 4), (8, 4), (3, 4), (8, 1), (8, 7), (0, 3), (0, 6), (8, 3), (5, 6), (3, 6), (2, 5), (8, 5), (3, 5)])"
9,10,0.013621807098388672,23,0.0002689361572265625,0.08591365814208984,"(Vertices: [0, 1, 2, 3, 4, 5, 6, 7, 8]) -- (Edges: [(3, 4), (2, 7), (8, 7), (2, 3), (0, 2), (8, 3), (1, 6), (2, 5), (1, 3), (8, 2)])"
9,12,0.014045238494873047,1,0.00013828277587890625,0.1020059585571289,"(Vertices: [0, 1, 2, 3, 4, 5, 6, 7, 8]) -- (Edges: [(3, 4), (2, 7), (1, 5), (0, 3), (4, 6), (1, 4), (0, 6), (2, 3), (6, 7), (0, 2), (2, 6), (5, 6)])"
9,17,0.015930652618408203,23,0.00037169456481933594,0.0930471420288086,"(Vertices: [0, 1, 2, 3, 4, 5, 6, 7, 8]) -- (Edges: [(2, 4), (0, 4), (3, 4), (8, 7), (3, 7), (0, 3), (4, 6), (8, 0), (2, 3), (0, 2), (4, 5), (5, 6), (1, 6), (0, 8), (1, 3), (4, 7), (3, 5)])"
9,12,0.013072013854980469,1,0.00014901161193847656,0.1044473648071289,"(Vertices: [0, 1, 2, 3, 4, 5, 6, 7, 8]) -- (Edges: [(8, 1), (8, 7), (1, 4), (0, 6), (1, 7), (2, 6), (8, 6), (3, 6), (1, 6), (2, 5), (4, 7), (3, 5)])"
9,13,0.011950254440307617,23,0.00028204917907714844,0.08801937103271484,"(Vertices: [0, 1, 2, 3, 4, 5, 6, 7, 8]) -- (Edges: [(0, 4), (2, 7), (1, 5), (8, 1), (8, 7), (4, 6), (2, 3), (6, 7), (4, 5), (2, 5), (1, 3), (8, 5), (3, 5)])"
9,13,0.012508153915405273,1,0.00013327598571777344,0.1079568862915039,"(Vertices: [0, 1, 2, 3, 4, 5, 6, 7, 8]) -- (Edges: [(1, 2), (0, 4), (3, 4), (8, 1), (3, 7), (8, 0), (2, 3), (6, 7), (0, 2), (0, 5), (0, 8), (8, 5), (3, 5)])"
9,12,0.015251874923706055,23,0.0002827644348144531,0.08832454681396484,"(Vertices: [0, 1, 2, 3, 4, 5, 6, 7, 8]) -- (Edges: [(2, 4), (1, 5), (8, 7), (4, 6), (1, 4), (8, 5), (6, 7), (1, 7), (4, 5), (5, 6), (1, 3), (4, 7)])"
9,13,0.024141311645507812,1,0.00015282630920410156,0.1071023941040039,"(Vertices: [0, 1, 2, 3, 4, 5, 6, 7, 8]) -- (Edges: [(0, 1), (0, 7), (0, 4), (3, 4), (8, 4), (8, 7), (0, 6), (2, 3), (1, 7), (4, 5), (3, 6), (1, 6), (8, 5)])"
9,9,0.01393890380859375,23,0.00026416778564453125,0.08202266693115234,"(Vertices: [0, 1, 2, 3, 4, 5, 6, 7, 8]) -- (Edges: [(2, 7), (8, 1), (3, 7), (8, 0), (2, 3), (6, 7), (3, 6), (0, 8), (1, 3)])"
9,12,0.015491962432861328,1,0.0001850128173828125,0.1031351089477539,"(Vertices: [0, 1, 2, 3, 4, 5, 6, 7, 8]) -- (Edges: [(0, 1), (0, 7), (8, 4), (3, 4), (3, 7), (8, 0), (0, 6), (8, 3), (4, 5), (2, 6), (0, 8), (3, 5)])"
9,11,0.014745473861694336,23,0.0005087852478027344,0.09320735931396484,"(Vertices: [0, 1, 2, 3, 4, 5, 6, 7, 8]) -- (Edges: [(0, 7), (1, 2), (2, 7), (1, 5), (4, 6), (1, 4), (5, 7), (2, 6), (5, 6), (1, 3), (8, 5)])"
9,19,0.01849961280822754,1,0.0001976490020751953,0.10645389556884766,"(Vertices: [0, 1, 2, 3, 4, 5, 6, 7, 8]) -- (Edges: [(3, 4), (3, 7), (5, 7), (8, 0), (0, 2), (8, 3), (8, 6), (1, 6), (0, 8), (1, 3), (4, 5), (8, 5), (0, 7), (0, 4), (2, 7), (1, 5), (4, 7), (8, 7), (0, 6)])"
9,14,0.014400959014892578,23,0.0003085136413574219,0.0888662338256836,"(Vertices: [0, 1, 2, 3, 4, 5, 6, 7, 8]) -- (Edges: [(1, 2), (0, 4), (3, 4), (2, 7), (8, 4), (0, 3), (1, 4), (8, 0), (2, 3), (0, 2), (1, 7), (0, 5), (3, 6), (0, 8)])"
9,13,0.014763832092285156,1,0.00021529197692871094,0.10981082916259766,"(Vertices: [0, 1, 2, 3, 4, 5, 6, 7, 8]) -- (Edges: [(2, 4), (1, 2), (1, 5), (1, 4), (5, 7), (8, 0), (6, 7), (1, 7), (0, 5), (0, 8), (1, 3), (8, 5), (3, 5)])"
9,11,0.014014244079589844,23,0.00023698806762695312,0.09296321868896484,"(Vertices: [0, 1, 2, 3, 4, 5, 6, 7, 8]) -- (Edges: [(3, 4), (2, 7), (1, 5), (4, 6), (1, 4), (0, 6), (5, 7), (6, 7), (8, 3), (0, 5), (3, 6)])"
9,9,0.01607513427734375,1,0.00014448165893554688,0.1036081314086914,"(Vertices: [0, 1, 2, 3, 4, 5, 6, 7, 8]) -- (Edges: [(0, 7), (2, 4), (0, 4), (2, 7), (5, 6), (1, 6), (2, 5), (3, 5), (8, 2)])"
9,14,0.012094497680664062,23,0.0006020069122314453,0.09665584564208984,"(Vertices: [0, 1, 2, 3, 4, 5, 6, 7, 8]) -- (Edges: [(0, 4), (3, 4), (2, 7), (1, 5), (8, 7), (0, 6), (0, 2), (8, 3), (2, 6), (4, 5), (0, 5), (8, 2), (2, 5), (8, 5)])"
9,15,0.012940168380737305,1,0.00014162063598632812,0.10888004302978516,"(Vertices: [0, 1, 2, 3, 4, 5, 6, 7, 8]) -- (Edges: [(2, 4), (1, 2), (0, 4), (2, 7), (8, 1), (8, 7), (3, 7), (5, 7), (6, 7), (1, 7), (4, 5), (2, 6), (8, 6), (1, 6), (1, 3)])"
9,13,0.012148857116699219,23,0.00020313262939453125,0.09427547454833984,"(Vertices: [0, 1, 2, 3, 4, 5, 6, 7, 8]) -- (Edges: [(0, 1), (2, 4), (1, 2), (0, 4), (3, 4), (1, 5), (8, 1), (8, 0), (0, 2), (1, 7), (8, 6), (0, 8), (2, 5)])"
9,12,0.01421976089477539,1,0.00013899803161621094,0.1079568862915039,"(Vertices: [0, 1, 2, 3, 4, 5, 6, 7, 8]) -- (Edges: [(0, 7), (2, 4), (8, 4), (1, 5), (8, 1), (8, 7), (2, 3), (0, 2), (1, 7), (8, 3), (0, 5), (8, 6)])"
9,11,0.013745546340942383,23,0.0004363059997558594,0.08591365814208984,"(Vertices: [0, 1, 2, 3, 4, 5, 6, 7, 8]) -- (Edges: [(0, 7), (2, 4), (8, 7), (3, 7), (8, 0), (8, 5), (0, 2), (2, 6), (8, 6), (0, 8), (4, 7)])"
10,17,0.029950857162475586,1,0.0004181861877441406,0.1717681884765625,"(Vertices: [0, 1, 2, 3, 4, 5, 6, 7, 8, 9]) -- (Edges: [(8, 4), (9, 1), (1, 5), (9, 6), (0, 9), (9, 2), (1, 4), (8, 0), (9, 5), (8, 3), (6, 7), (8, 9), (1, 6), (0, 8), (2, 5), (1, 3), (1, 9)])"
10,13,0.024401187896728516,32,0.0009102821350097656,0.1480093002319336,"(Vertices: [0, 1, 2, 3, 4, 5, 6, 7, 8, 9]) -- (Edges: [(9, 7), (1, 5), (8, 7), (9, 6), (9, 2), (8, 0), (2, 3), (9, 5), (2, 6), (8, 6), (0, 8), (1, 3), (8, 5)])"
10,16,0.028124570846557617,1,0.0003314018249511719,0.16938018798828125,"(Vertices: [0, 1, 2, 3, 4, 5, 6, 7, 8, 9]) -- (Edges: [(0, 7), (8, 4), (2, 7), (9, 6), (0, 9), (1, 4), (8, 5), (2, 3), (9, 5), (1, 7), (4, 5), (6, 7), (8, 6), (1, 6), (9, 1), (1, 9)])"
10,19,0.024498939514160156,32,0.0005140304565429688,0.16037654876708984,"(Vertices: [0, 1, 2, 3, 4, 5, 6, 7, 8, 9]) -- (Edges: [(3, 7), (4, 6), (5, 7), (8, 9), (0, 5), (2, 5), (1, 9), (4, 5), (3, 6), (9, 1), (9, 7), (8, 5), (0, 1), (2, 7), (3, 5), (8, 4), (8, 7), (9, 6), (1, 4)])"
10,22,0.027138948440551758,1,0.00046563148498535156,0.1859283447265625,"(Vertices: [0, 1, 2, 3, 4, 5, 6, 7, 8, 9]) -- (Edges: [(3, 4), (4, 6), (9, 2), (8, 0), (0, 2), (8, 9), (8, 6), (0, 8), (1, 3), (5, 6), (8, 2), (8, 5), (9, 4), (0, 1), (0, 7), (2, 4), (2, 7), (1, 5), (8, 4), (0, 9), (0, 6), (2, 3)])"
10,18,0.02929997444152832,32,0.0005910396575927734,0.1537771224975586,"(Vertices: [0, 1, 2, 3, 4, 5, 6, 7, 8, 9]) -- (Edges: [(2, 4), (9, 7), (3, 4), (2, 7), (1, 5), (9, 6), (8, 0), (9, 5), (1, 7), (4, 5), (8, 9), (5, 6), (3, 6), (0, 8), (2, 5), (1, 3), (4, 7), (9, 4)])"
10,17,0.02620077133178711,1,0.0007615089416503906,0.17604827880859375,"(Vertices: [0, 1, 2, 3, 4, 5, 6, 7, 8, 9]) -- (Edges: [(8, 4), (3, 4), (9, 3), (3, 7), (9, 6), (4, 6), (1, 4), (0, 6), (4, 7), (9, 5), (0, 2), (8, 3), (4, 5), (5, 7), (8, 2), (9, 1), (1, 9)])"
10,16,0.03206682205200195,32,0.00041604042053222656,0.1557149887084961,"(Vertices: [0, 1, 2, 3, 4, 5, 6, 7, 8, 9]) -- (Edges: [(0, 1), (1, 5), (8, 7), (9, 6), (0, 3), (0, 9), (4, 6), (5, 7), (0, 6), (9, 5), (4, 5), (6, 7), (8, 9), (8, 2), (3, 5), (9, 4)])"
10,15,0.02711939811706543,1,0.00030112266540527344,0.17193603515625,"(Vertices: [0, 1, 2, 3, 4, 5, 6, 7, 8, 9]) -- (Edges: [(8, 4), (1, 5), (8, 7), (9, 6), (0, 6), (2, 3), (8, 3), (8, 9), (0, 5), (3, 6), (8, 6), (1, 6), (9, 1), (1, 9), (8, 2)])"
10,15,0.024996280670166016,32,0.0004405975341796875,0.1537160873413086,"(Vertices: [0, 1, 2, 3, 4, 5, 6, 7, 8, 9]) -- (Edges: [(2, 4), (3, 4), (2, 7), (8, 1), (9, 6), (0, 3), (8, 9), (0, 5), (3, 6), (8, 6), (9, 1), (2, 5), (1, 3), (1, 9), (9, 4)])"
10,10,0.02796792984008789,1,0.0005228519439697266,0.151763916015625,"(Vertices: [0, 1, 2, 3, 4, 5, 6, 7, 8, 9]) -- (Edges: [(0, 7), (9, 3), (8, 1), (0, 3), (8, 0), (0, 6), (1, 6), (0, 8), (2, 5), (1, 3)])"
10,17,0.025243282318115234,32,0.0009658336639404297,0.1558065414428711,"(Vertices: [0, 1, 2, 3, 4, 5, 6, 7, 8, 9]) -- (Edges: [(0, 1), (0, 7), (2, 4), (1, 2), (8, 4), (9, 3), (8, 1), (1, 4), (2, 3), (4, 7), (1, 7), (4, 5), (6, 7), (5, 6), (9, 1), (1, 9), (3, 5)])"
10,13,0.028433799743652344,1,0.0002853870391845703,0.1656036376953125,"(Vertices: [0, 1, 2, 3, 4, 5, 6, 7, 8, 9]) -- (Edges: [(1, 2), (8, 4), (2, 7), (8, 1), (3, 7), (0, 9), (1, 4), (8, 0), (1, 7), (8, 3), (2, 6), (0, 8), (3, 5)])"
10,18,0.028668880462646484,32,0.0006322860717773438,0.16184139251708984,"(Vertices: [0, 1, 2, 3, 4, 5, 6, 7, 8, 9]) -- (Edges: [(0, 1), (0, 7), (2, 4), (8, 4), (3, 4), (3, 7), (0, 9), (9, 2), (1, 4), (8, 5), (2, 3), (1, 7), (8, 3), (1, 6), (9, 1), (1, 9), (3, 5), (9, 4)])"
10,14,0.02588200569152832,1,0.00034165382385253906,0.16188812255859375,"(Vertices: [0, 1, 2, 3, 4, 5, 6, 7, 8, 9]) -- (Edges: [(0, 7), (2, 4), (3, 4), (2, 7), (1, 5), (9, 3), (4, 6), (0, 9), (1, 4), (9, 5), (8, 3), (5, 6), (8, 5), (3, 5)])"
10,16,0.026891708374023438,32,0.0005235671997070312,0.14844417572021484,"(Vertices: [0, 1, 2, 3, 4, 5, 6, 7, 8, 9]) -- (Edges: [(1, 2), (0, 4), (3, 4), (1, 5), (9, 6), (0, 3), (4, 6), (5, 7), (8, 5), (6, 7), (0, 2), (1, 7), (0, 5), (9, 7), (4, 7), (9, 4)])"
10,15,0.03114485740661621,1,0.0004055500030517578,0.17254638671875,"(Vertices: [0, 1, 2, 3, 4, 5, 6, 7, 8, 9]) -- (Edges: [(0, 1), (0, 7), (2, 4), (1, 2), (2, 7), (4, 6), (8, 0), (8, 5), (9, 5), (8, 3), (4, 5), (0, 5), (8, 2), (0, 8), (4, 7)])"
10,15,0.026486635208129883,32,0.00043392181396484375,0.1504354476928711,"(Vertices: [0, 1, 2, 3, 4, 5, 6, 7, 8, 9]) -- (Edges: [(0, 1), (2, 4), (9, 3), (8, 1), (8, 7), (4, 6), (9, 2), (5, 7), (8, 0), (2, 3), (0, 2), (2, 6), (0, 8), (4, 7), (3, 5)])"
10,15,0.027580738067626953,1,0.00027108192443847656,0.17171478271484375,"(Vertices: [0, 1, 2, 3, 4, 5, 6, 7, 8, 9]) -- (Edges: [(1, 2), (0, 4), (8, 4), (9, 3), (8, 1), (3, 7), (2, 3), (6, 7), (0, 2), (2, 6), (5, 6), (8, 6), (2, 5), (1, 3), (9, 4)])"
10,11,0.028375864028930664,32,0.0005588531494140625,0.1425313949584961,"(Vertices: [0, 1, 2, 3, 4, 5, 6, 7, 8, 9]) -- (Edges: [(8, 4), (9, 3), (9, 6), (0, 3), (1, 4), (9, 5), (0, 2), (0, 5), (3, 6), (2, 5), (3, 5)])"
10,22,0.027076005935668945,1,0.0004494190216064453,0.17775726318359375,"(Vertices: [0, 1, 2, 3, 4, 5, 6, 7, 8, 9]) -- (Edges: [(3, 4), (4, 6), (9, 2), (5, 7), (8, 3), (0, 5), (1, 6), (2, 5), (1, 3), (3, 6), (8, 5), (0, 7), (2, 4), (1, 2), (1, 5), (6, 7), (3, 5), (8, 1), (0, 9), (1, 4), (1, 7), (2, 6)])"
10,15,0.031088829040527344,32,0.0005781650543212891,0.15209102630615234,"(Vertices: [0, 1, 2, 3, 4, 5, 6, 7, 8, 9]) -- (Edges: [(1, 2), (8, 4), (2, 7), (1, 5), (3, 7), (0, 9), (5, 7), (0, 6), (8, 0), (1, 7), (4, 5), (8, 2), (0, 8), (9, 7), (8, 5)])"
10,15,0.030242919921875,1,0.0003669261932373047,0.169036865234375,"(Vertices: [0, 1, 2, 3, 4, 5, 6, 7, 8, 9]) -- (Edges: [(2, 4), (9, 1), (8, 7), (9, 6), (0, 3), (0, 9), (8, 0), (0, 6), (4, 7), (4, 5), (8, 9), (8, 2), (0, 8), (2, 5), (1, 9)])"
10,19,0.026558399200439453,32,0.00045371055603027344,0.16141414642333984,"(Vertices: [0, 1, 2, 3, 4, 5, 6, 7, 8, 9]) -- (Edges: [(3, 7), (4, 6), (9, 5), (8, 3), (8, 9), (0, 5), (2, 5), (1, 3), (8, 2), (9, 7), (8, 5), (9, 4), (2, 4), (1, 5), (6, 7), (9, 3), (8, 7), (2, 3), (1, 7)])"
10,16,0.02813553810119629,1,0.00032138824462890625,0.17736053466796875,"(Vertices: [0, 1, 2, 3, 4, 5, 6, 7, 8, 9]) -- (Edges: [(0, 1), (0, 4), (3, 4), (2, 7), (9, 3), (3, 7), (5, 7), (8, 0), (2, 3), (1, 7), (8, 3), (1, 6), (0, 8), (2, 5), (4, 7), (8, 2)])"
10,19,0.028569698333740234,32,0.0005848407745361328,0.16326045989990234,"(Vertices: [0, 1, 2, 3, 4, 5, 6, 7, 8, 9]) -- (Edges: [(4, 6), (9, 2), (5, 7), (0, 2), (2, 5), (1, 3), (1, 9), (9, 1), (0, 1), (2, 4), (2, 7), (1, 5), (3, 5), (9, 3), (8, 7), (0, 9), (1, 4), (0, 6), (1, 7)])"
10,20,0.03239297866821289,1,0.0003504753112792969,0.17920684814453125,"(Vertices: [0, 1, 2, 3, 4, 5, 6, 7, 8, 9]) -- (Edges: [(4, 6), (5, 7), (9, 5), (0, 2), (8, 9), (1, 6), (2, 5), (9, 7), (9, 4), (1, 2), (0, 4), (1, 5), (6, 7), (8, 4), (9, 6), (0, 3), (0, 9), (1, 4), (2, 3), (1, 7)])"
10,22,0.03279280662536621,32,0.0007331371307373047,0.1643972396850586,"(Vertices: [0, 1, 2, 3, 4, 5, 6, 7, 8, 9]) -- (Edges: [(3, 7), (8, 9), (2, 5), (1, 3), (1, 9), (5, 6), (3, 6), (9, 1), (9, 4), (0, 7), (1, 2), (0, 4), (2, 7), (4, 7), (3, 5), (8, 4), (9, 6), (0, 3), (0, 9), (1, 4), (2, 3), (1, 7)])"
10,12,0.025331735610961914,1,0.0003781318664550781,0.16913604736328125,"(Vertices: [0, 1, 2, 3, 4, 5, 6, 7, 8, 9]) -- (Edges: [(0, 7), (2, 7), (8, 1), (4, 6), (1, 4), (0, 6), (9, 5), (0, 5), (8, 2), (2, 5), (4, 7), (3, 5)])"
10,12,0.027824878692626953,32,0.0004582405090332031,0.14900875091552734,"(Vertices: [0, 1, 2, 3, 4, 5, 6, 7, 8, 9]) -- (Edges: [(0, 7), (2, 7), (9, 6), (0, 3), (9, 2), (8, 5), (6, 7), (0, 2), (8, 3), (8, 9), (4, 7), (9, 4)])"
10,17,0.025362014770507812,1,0.0003676414489746094,0.16657257080078125,"(Vertices: [0, 1, 2, 3, 4, 5, 6, 7, 8, 9]) -- (Edges: [(0, 1), (0, 7), (2, 4), (8, 4), (3, 4), (9, 3), (8, 1), (9, 2), (8, 5), (2, 3), (6, 7), (4, 5), (8, 9), (0, 5), (1, 6), (9, 7), (4, 7)])"
10,8,0.02924203872680664,32,0.0005404949188232422,0.1406393051147461,"(Vertices: [0, 1, 2, 3, 4, 5, 6, 7, 8, 9]) -- (Edges: [(8, 4), (3, 4), (1, 5), (0, 9), (1, 4), (5, 7), (2, 6), (8, 2)])"
10,10,0.027469635009765625,1,0.0002467632293701172,0.160980224609375,"(Vertices: [0, 1, 2, 3, 4, 5, 6, 7, 8, 9]) -- (Edges: [(2, 4), (2, 7), (3, 7), (0, 9), (9, 2), (5, 7), (2, 3), (9, 5), (8, 3), (3, 5)])"
10,9,0.02747821807861328,32,0.0005047321319580078,0.1345815658569336,"(Vertices: [0, 1, 2, 3, 4, 5, 6, 7, 8, 9]) -- (Edges: [(2, 4), (0, 4), (8, 7), (0, 3), (9, 2), (0, 6), (3, 6), (8, 2), (1, 3)])"
10,15,0.02660512924194336,1,0.0002868175506591797,0.17627716064453125,"(Vertices: [0, 1, 2, 3, 4, 5, 6, 7, 8, 9]) -- (Edges: [(9, 3), (8, 7), (9, 6), (9, 2), (1, 4), (6, 7), (1, 7), (8, 3), (4, 5), (0, 5), (8, 6), (1, 6), (9, 7), (3, 5), (8, 2)])"
10,19,0.03206753730773926,32,0.000499725341796875,0.16048336029052734,"(Vertices: [0, 1, 2, 3, 4, 5, 6, 7, 8, 9]) -- (Edges: [(5, 7), (8, 0), (8, 6), (1, 6), (0, 8), (4, 5), (8, 5), (0, 1), (0, 4), (2, 7), (6, 7), (4, 7), (8, 4), (8, 7), (0, 3), (0, 9), (1, 4), (2, 3), (2, 6)])"
10,16,0.027368783950805664,1,0.0004971027374267578,0.1678314208984375,"(Vertices: [0, 1, 2, 3, 4, 5, 6, 7, 8, 9]) -- (Edges: [(8, 4), (3, 4), (2, 7), (1, 5), (3, 7), (4, 6), (0, 9), (1, 4), (0, 6), (2, 3), (9, 5), (8, 9), (5, 6), (1, 6), (1, 3), (3, 5)])"
10,17,0.025015830993652344,32,0.0004096031188964844,0.15869808197021484,"(Vertices: [0, 1, 2, 3, 4, 5, 6, 7, 8, 9]) -- (Edges: [(0, 1), (0, 7), (2, 4), (1, 2), (3, 4), (3, 7), (4, 6), (0, 9), (1, 4), (5, 7), (8, 6), (3, 6), (8, 2), (2, 5), (9, 7), (4, 7), (3, 5)])"
10,15,0.02616429328918457,1,0.000522613525390625,0.16756439208984375,"(Vertices: [0, 1, 2, 3, 4, 5, 6, 7, 8, 9]) -- (Edges: [(0, 1), (2, 4), (3, 7), (0, 3), (4, 6), (9, 2), (8, 5), (2, 3), (4, 5), (0, 5), (8, 6), (8, 2), (2, 5), (4, 7), (9, 4)])"
10,15,0.0282440185546875,32,0.0005338191986083984,0.15593624114990234,"(Vertices: [0, 1, 2, 3, 4, 5, 6, 7, 8, 9]) -- (Edges: [(0, 7), (0, 4), (9, 3), (8, 7), (9, 6), (0, 3), (0, 9), (1, 4), (2, 3), (4, 5), (5, 6), (0, 5), (3, 6), (2, 5), (9, 4)])"
10,17,0.030225753784179688,1,0.00044345855712890625,0.17816925048828125,"(Vertices: [0, 1, 2, 3, 4, 5, 6, 7, 8, 9]) -- (Edges: [(3, 4), (8, 1), (8, 7), (3, 7), (0, 9), (4, 7), (9, 5), (1, 7), (8, 3), (2, 6), (6, 7), (8, 9), (8, 2), (9, 1), (1, 9), (3, 5), (9, 4)])"
10,22,0.036832571029663086,32,0.00042819976806640625,0.16255855560302734,"(Vertices: [0, 1, 2, 3, 4, 5, 6, 7, 8, 9]) -- (Edges: [(4, 6), (8, 3), (8, 9), (0, 5), (8, 6), (1, 3), (4, 5), (3, 6), (8, 2), (9, 7), (8, 5), (9, 4), (0, 7), (2, 4), (1, 2), (0, 4), (1, 5), (4, 7), (3, 5), (0, 9), (1, 4), (2, 6)])"
10,17,0.029082536697387695,1,0.0005750656127929688,0.1779022216796875,"(Vertices: [0, 1, 2, 3, 4, 5, 6, 7, 8, 9]) -- (Edges: [(1, 2), (2, 7), (8, 7), (9, 6), (0, 3), (9, 2), (8, 0), (8, 5), (0, 2), (4, 5), (8, 9), (5, 6), (3, 6), (0, 8), (9, 7), (4, 7), (3, 5)])"
10,15,0.027733802795410156,32,0.0006039142608642578,0.15088558197021484,"(Vertices: [0, 1, 2, 3, 4, 5, 6, 7, 8, 9]) -- (Edges: [(0, 7), (0, 4), (1, 5), (8, 7), (5, 7), (4, 7), (6, 7), (8, 3), (8, 9), (5, 6), (0, 5), (9, 1), (1, 3), (1, 9), (9, 4)])"
10,19,0.03155350685119629,1,0.0004761219024658203,0.17887115478515625,"(Vertices: [0, 1, 2, 3, 4, 5, 6, 7, 8, 9]) -- (Edges: [(3, 4), (3, 7), (9, 2), (5, 7), (9, 5), (8, 9), (1, 3), (1, 9), (8, 2), (9, 1), (9, 4), (0, 4), (9, 3), (8, 1), (9, 6), (0, 9), (0, 6), (2, 3), (1, 7)])"
10,10,0.030199766159057617,32,0.0004436969757080078,0.1441946029663086,"(Vertices: [0, 1, 2, 3, 4, 5, 6, 7, 8, 9]) -- (Edges: [(2, 7), (1, 5), (9, 3), (8, 7), (0, 3), (9, 2), (8, 5), (6, 7), (8, 2), (4, 7)])"
10,15,0.026770830154418945,1,0.0006794929504394531,0.17060089111328125,"(Vertices: [0, 1, 2, 3, 4, 5, 6, 7, 8, 9]) -- (Edges: [(0, 7), (2, 4), (1, 2), (0, 4), (8, 4), (2, 7), (9, 3), (4, 6), (6, 7), (8, 9), (5, 6), (8, 6), (1, 6), (8, 5), (8, 2)])"
10,17,0.024306058883666992,32,0.00044465065002441406,0.15320491790771484,"(Vertices: [0, 1, 2, 3, 4, 5, 6, 7, 8, 9]) -- (Edges: [(2, 4), (1, 2), (8, 4), (1, 5), (8, 1), (8, 7), (9, 6), (8, 0), (2, 3), (9, 5), (8, 3), (6, 7), (8, 9), (0, 8), (9, 7), (4, 7), (9, 4)])"
10,15,0.02793288230895996,1,0.0005128383636474609,0.1680908203125,"(Vertices: [0, 1, 2, 3, 4, 5, 6, 7, 8, 9]) -- (Edges: [(0, 1), (0, 7), (1, 2), (0, 4), (8, 7), (3, 7), (0, 9), (9, 2), (4, 7), (1, 7), (9, 1), (1, 3), (1, 9), (3, 5), (9, 4)])"
10,22,0.02584981918334961,32,0.0006148815155029297,0.16145992279052734,"(Vertices: [0, 1, 2, 3, 4, 5, 6, 7, 8, 9]) -- (Edges: [(8, 0), (9, 5), (0, 2), (8, 3), (8, 9), (0, 5), (1, 6), (0, 8), (2, 5), (4, 5), (8, 2), (8, 5), (0, 1), (0, 7), (1, 2), (0, 4), (3, 5), (8, 7), (0, 3), (1, 4), (2, 3), (2, 6)])"
10,14,0.02922201156616211,1,0.0002727508544921875,0.158721923828125,"(Vertices: [0, 1, 2, 3, 4, 5, 6, 7, 8, 9]) -- (Edges: [(1, 2), (8, 4), (3, 4), (8, 1), (1, 5), (8, 7), (8, 5), (9, 5), (1, 7), (8, 6), (3, 6), (9, 1), (1, 9), (3, 5)])"
10,14,0.025470256805419922,32,0.0006949901580810547,0.15152645111083984,"(Vertices: [0, 1, 2, 3, 4, 5, 6, 7, 8, 9]) -- (Edges: [(2, 4), (0, 4), (9, 4), (9, 6), (0, 9), (9, 2), (0, 6), (6, 7), (0, 5), (8, 6), (1, 6), (9, 7), (4, 7), (8, 2)])"
10,18,0.02506709098815918,1,0.0004031658172607422,0.18109893798828125,"(Vertices: [0, 1, 2, 3, 4, 5, 6, 7, 8, 9]) -- (Edges: [(0, 1), (2, 4), (0, 4), (8, 4), (8, 7), (0, 3), (9, 2), (5, 7), (0, 6), (1, 7), (8, 3), (2, 6), (5, 6), (0, 5), (8, 9), (8, 2), (2, 5), (8, 5)])"
10,20,0.032913923263549805,32,0.0007154941558837891,0.1605672836303711,"(Vertices: [0, 1, 2, 3, 4, 5, 6, 7, 8, 9]) -- (Edges: [(3, 7), (8, 0), (9, 5), (8, 3), (0, 8), (2, 5), (1, 3), (4, 5), (5, 6), (8, 2), (9, 7), (9, 4), (0, 1), (1, 2), (0, 4), (6, 7), (3, 5), (8, 4), (9, 3), (8, 1)])"
10,16,0.02799820899963379,1,0.0005576610565185547,0.1694793701171875,"(Vertices: [0, 1, 2, 3, 4, 5, 6, 7, 8, 9]) -- (Edges: [(2, 4), (3, 4), (9, 3), (1, 5), (9, 4), (9, 2), (2, 3), (4, 7), (8, 3), (4, 5), (9, 5), (1, 6), (9, 1), (1, 9), (3, 5), (8, 2)])"
10,18,0.02334427833557129,32,0.0004990100860595703,0.15619564056396484,"(Vertices: [0, 1, 2, 3, 4, 5, 6, 7, 8, 9]) -- (Edges: [(2, 4), (1, 2), (0, 4), (9, 3), (8, 7), (3, 7), (4, 6), (9, 2), (5, 7), (8, 5), (2, 3), (4, 5), (2, 6), (5, 6), (0, 5), (8, 2), (4, 7), (3, 5)])"
10,14,0.027733802795410156,1,0.0003800392150878906,0.16913604736328125,"(Vertices: [0, 1, 2, 3, 4, 5, 6, 7, 8, 9]) -- (Edges: [(1, 2), (0, 4), (9, 3), (9, 2), (1, 4), (8, 0), (2, 6), (9, 1), (0, 8), (2, 5), (9, 7), (1, 9), (3, 5), (9, 4)])"
10,17,0.025538206100463867,32,0.0005476474761962891,0.1566152572631836,"(Vertices: [0, 1, 2, 3, 4, 5, 6, 7, 8, 9]) -- (Edges: [(1, 2), (9, 1), (8, 0), (0, 6), (9, 5), (0, 2), (1, 7), (2, 6), (4, 5), (0, 5), (8, 6), (1, 6), (0, 8), (2, 5), (1, 9), (3, 5), (9, 4)])"
10,16,0.03228354454040527,1,0.0005092620849609375,0.1770172119140625,"(Vertices: [0, 1, 2, 3, 4, 5, 6, 7, 8, 9]) -- (Edges: [(2, 4), (2, 7), (8, 1), (9, 3), (3, 7), (9, 6), (0, 6), (4, 7), (6, 7), (0, 2), (4, 5), (2, 6), (8, 2), (9, 1), (9, 7), (1, 9)])"
10,15,0.030152559280395508,32,0.0003857612609863281,0.1587209701538086,"(Vertices: [0, 1, 2, 3, 4, 5, 6, 7, 8, 9]) -- (Edges: [(0, 1), (1, 2), (8, 4), (9, 3), (1, 5), (8, 7), (1, 4), (0, 6), (2, 3), (9, 5), (0, 2), (5, 7), (6, 7), (5, 6), (8, 2)])"
10,19,0.029964447021484375,1,0.0004100799560546875,0.17342376708984375,"(Vertices: [0, 1, 2, 3, 4, 5, 6, 7, 8, 9]) -- (Edges: [(3, 7), (9, 2), (8, 0), (0, 2), (8, 9), (0, 8), (1, 3), (1, 9), (4, 5), (5, 6), (8, 2), (9, 1), (0, 1), (0, 7), (0, 4), (4, 7), (0, 3), (1, 7), (2, 6)])"
10,13,0.029768943786621094,32,0.00055694580078125,0.14607906341552734,"(Vertices: [0, 1, 2, 3, 4, 5, 6, 7, 8, 9]) -- (Edges: [(0, 1), (2, 4), (8, 4), (2, 7), (1, 5), (1, 4), (0, 6), (0, 2), (4, 5), (8, 9), (2, 5), (1, 3), (4, 7)])"
10,17,0.02665233612060547,1,0.00043463706970214844,0.17301177978515625,"(Vertices: [0, 1, 2, 3, 4, 5, 6, 7, 8, 9]) -- (Edges: [(1, 2), (3, 4), (9, 3), (1, 5), (8, 1), (4, 6), (8, 0), (8, 5), (9, 5), (0, 2), (8, 3), (2, 6), (6, 7), (8, 6), (0, 8), (9, 7), (4, 7)])"
10,19,0.024966716766357422,32,0.0004210472106933594,0.15296077728271484,"(Vertices: [0, 1, 2, 3, 4, 5, 6, 7, 8, 9]) -- (Edges: [(3, 7), (4, 6), (0, 2), (0, 5), (1, 6), (1, 3), (4, 5), (5, 6), (0, 7), (1, 2), (1, 5), (6, 7), (4, 7), (8, 4), (9, 3), (8, 1), (9, 6), (0, 3), (0, 6)])"
10,17,0.025739192962646484,1,0.00034356117248535156,0.180755615234375,"(Vertices: [0, 1, 2, 3, 4, 5, 6, 7, 8, 9]) -- (Edges: [(8, 4), (2, 7), (1, 5), (9, 3), (3, 7), (9, 2), (8, 0), (9, 5), (1, 7), (8, 9), (5, 6), (0, 5), (8, 6), (0, 8), (2, 5), (9, 7), (3, 5)])"
10,15,0.027258872985839844,32,0.00043511390686035156,0.15045833587646484,"(Vertices: [0, 1, 2, 3, 4, 5, 6, 7, 8, 9]) -- (Edges: [(1, 2), (3, 4), (8, 1), (8, 7), (3, 7), (9, 6), (0, 3), (1, 4), (2, 3), (6, 7), (4, 5), (2, 6), (8, 2), (2, 5), (4, 7)])"
10,18,0.030968189239501953,1,0.00031685829162597656,0.17775726318359375,"(Vertices: [0, 1, 2, 3, 4, 5, 6, 7, 8, 9]) -- (Edges: [(0, 1), (2, 4), (0, 4), (2, 7), (8, 7), (3, 7), (0, 3), (8, 0), (6, 7), (0, 2), (1, 7), (5, 6), (0, 8), (9, 1), (1, 3), (1, 9), (3, 5), (9, 4)])"
10,17,0.026932477951049805,32,0.0011227130889892578,0.14862728118896484,"(Vertices: [0, 1, 2, 3, 4, 5, 6, 7, 8, 9]) -- (Edges: [(0, 1), (9, 6), (0, 3), (0, 9), (4, 6), (0, 6), (2, 3), (6, 7), (0, 2), (8, 3), (2, 6), (4, 5), (5, 6), (1, 6), (9, 1), (9, 7), (1, 9)])"
10,10,0.027443647384643555,1,0.00027179718017578125,0.15760040283203125,"(Vertices: [0, 1, 2, 3, 4, 5, 6, 7, 8, 9]) -- (Edges: [(8, 7), (1, 9), (9, 2), (5, 7), (8, 0), (5, 6), (3, 6), (0, 8), (9, 1), (4, 7)])"
10,15,0.028473854064941406,32,0.0004489421844482422,0.14681148529052734,"(Vertices: [0, 1, 2, 3, 4, 5, 6, 7, 8, 9]) -- (Edges: [(0, 1), (2, 4), (1, 2), (8, 1), (3, 7), (0, 3), (4, 6), (8, 0), (8, 5), (8, 3), (2, 6), (0, 5), (0, 8), (1, 3), (4, 7)])"
10,13,0.03069591522216797,1,0.0003249645233154297,0.17147064208984375,"(Vertices: [0, 1, 2, 3, 4, 5, 6, 7, 8, 9]) -- (Edges: [(0, 1), (0, 7), (3, 4), (2, 7), (8, 1), (1, 4), (5, 7), (9, 5), (8, 9), (2, 6), (8, 6), (3, 6), (1, 6)])"
10,17,0.02658987045288086,32,0.0005905628204345703,0.16167354583740234,"(Vertices: [0, 1, 2, 3, 4, 5, 6, 7, 8, 9]) -- (Edges: [(9, 7), (0, 4), (3, 4), (8, 1), (3, 7), (0, 6), (8, 5), (6, 7), (0, 2), (1, 7), (8, 3), (4, 5), (8, 6), (1, 6), (1, 3), (4, 7), (3, 5)])"
10,17,0.021077632904052734,1,0.0002048015594482422,0.17052459716796875,"(Vertices: [0, 1, 2, 3, 4, 5, 6, 7, 8, 9]) -- (Edges: [(0, 1), (0, 7), (2, 4), (1, 2), (8, 4), (8, 1), (9, 2), (1, 4), (1, 7), (8, 3), (0, 5), (3, 6), (8, 6), (9, 1), (2, 5), (1, 9), (9, 4)])"
10,14,0.018778324127197266,32,0.0004830360412597656,0.1505727767944336,"(Vertices: [0, 1, 2, 3, 4, 5, 6, 7, 8, 9]) -- (Edges: [(2, 4), (1, 2), (9, 7), (9, 3), (0, 3), (4, 6), (6, 7), (8, 3), (4, 5), (8, 2), (9, 1), (1, 3), (1, 9), (9, 4)])"
10,14,0.026810407638549805,1,0.00033164024353027344,0.16561126708984375,"(Vertices: [0, 1, 2, 3, 4, 5, 6, 7, 8, 9]) -- (Edges: [(2, 4), (0, 4), (8, 4), (8, 1), (9, 6), (0, 3), (0, 9), (4, 6), (0, 6), (8, 9), (0, 5), (3, 6), (8, 6), (8, 2)])"
10,17,0.018894195556640625,32,0.00034809112548828125,0.16033077239990234,"(Vertices: [0, 1, 2, 3, 4, 5, 6, 7, 8, 9]) -- (Edges: [(0, 1), (1, 2), (3, 4), (9, 6), (1, 4), (5, 7), (8, 0), (9, 5), (0, 2), (8, 3), (2, 6), (0, 5), (1, 6), (0, 8), (1, 3), (8, 5), (9, 4)])"
10,14,0.02097034454345703,1,0.0002472400665283203,0.16860198974609375,"(Vertices: [0, 1, 2, 3, 4, 5, 6, 7, 8, 9]) -- (Edges: [(0, 1), (2, 4), (1, 2), (8, 4), (3, 4), (4, 6), (2, 3), (0, 2), (4, 5), (5, 6), (0, 5), (8, 2), (9, 7), (3, 5)])"
10,16,0.018557310104370117,32,0.0005879402160644531,0.1527547836303711,"(Vertices: [0, 1, 2, 3, 4, 5, 6, 7, 8, 9]) -- (Edges: [(0, 1), (1, 2), (2, 7), (9, 1), (8, 7), (9, 6), (9, 2), (5, 7), (4, 7), (1, 7), (2, 6), (8, 6), (3, 6), (1, 6), (2, 5), (1, 9)])"
10,19,0.037709712982177734,1,0.0002779960632324219,0.17608642578125,"(Vertices: [0, 1, 2, 3, 4, 5, 6, 7, 8, 9]) -- (Edges: [(3, 4), (8, 9), (0, 5), (1, 6), (1, 3), (1, 9), (4, 5), (8, 2), (9, 1), (8, 5), (9, 4), (0, 1), (2, 4), (1, 2), (2, 7), (6, 7), (8, 4), (0, 9), (2, 3)])"
10,17,0.03087902069091797,32,0.00040602684020996094,0.1475820541381836,"(Vertices: [0, 1, 2, 3, 4, 5, 6, 7, 8, 9]) -- (Edges: [(0, 7), (2, 4), (0, 3), (0, 9), (9, 2), (4, 6), (0, 6), (4, 7), (5, 7), (8, 0), (8, 6), (9, 1), (0, 8), (2, 5), (9, 7), (1, 9), (9, 4)])"
10,16,0.026109695434570312,1,0.0003695487976074219,0.17315673828125,"(Vertices: [0, 1, 2, 3, 4, 5, 6, 7, 8, 9]) -- (Edges: [(0, 1), (8, 4), (3, 4), (3, 7), (4, 6), (9, 2), (0, 6), (9, 5), (6, 7), (2, 6), (5, 6), (8, 6), (1, 6), (9, 7), (4, 7), (8, 2)])"
10,12,0.028081417083740234,32,0.0006225109100341797,0.14102840423583984,"(Vertices: [0, 1, 2, 3, 4, 5, 6, 7, 8, 9]) -- (Edges: [(0, 7), (2, 4), (8, 1), (0, 3), (4, 6), (8, 0), (0, 2), (4, 5), (0, 5), (8, 6), (0, 8), (8, 5)])"
10,9,0.030812978744506836,1,0.0003566741943359375,0.1465911865234375,"(Vertices: [0, 1, 2, 3, 4, 5, 6, 7, 8, 9]) -- (Edges: [(0, 1), (8, 4), (1, 5), (2, 3), (9, 5), (5, 6), (8, 6), (8, 2), (9, 7)])"
10,15,0.03155994415283203,32,0.00044727325439453125,0.1453084945678711,"(Vertices: [0, 1, 2, 3, 4, 5, 6, 7, 8, 9]) -- (Edges: [(0, 4), (3, 4), (1, 5), (5, 7), (8, 0), (2, 3), (1, 7), (4, 5), (2, 6), (5, 6), (3, 6), (1, 6), (0, 8), (1, 3), (4, 7)])"
10,17,0.028246164321899414,1,0.00030875205993652344,0.16670989990234375,"(Vertices: [0, 1, 2, 3, 4, 5, 6, 7, 8, 9]) -- (Edges: [(1, 2), (2, 7), (8, 1), (9, 3), (3, 7), (4, 6), (5, 7), (8, 0), (2, 3), (0, 2), (4, 5), (8, 6), (8, 2), (0, 8), (2, 5), (9, 7), (8, 5)])"
10,16,0.029062509536743164,32,0.000507354736328125,0.15257930755615234,"(Vertices: [0, 1, 2, 3, 4, 5, 6, 7, 8, 9]) -- (Edges: [(0, 4), (3, 4), (1, 5), (8, 7), (9, 2), (8, 0), (0, 2), (1, 7), (4, 5), (8, 6), (3, 6), (1, 6), (0, 8), (9, 1), (1, 9), (9, 4)])"
10,16,0.030016422271728516,1,0.0003466606140136719,0.1826629638671875,"(Vertices: [0, 1, 2, 3, 4, 5, 6, 7, 8, 9]) -- (Edges: [(0, 4), (3, 4), (9, 3), (8, 4), (3, 7), (9, 6), (0, 3), (0, 9), (8, 5), (6, 7), (0, 2), (8, 3), (5, 6), (2, 5), (1, 3), (4, 7)])"
10,17,0.028269529342651367,32,0.00040435791015625,0.1619253158569336,"(Vertices: [0, 1, 2, 3, 4, 5, 6, 7, 8, 9]) -- (Edges: [(2, 4), (1, 2), (8, 4), (2, 7), (8, 7), (0, 3), (8, 0), (2, 3), (8, 3), (8, 9), (5, 6), (0, 5), (8, 6), (1, 6), (0, 8), (1, 3), (4, 7)])"
10,12,0.028411388397216797,1,0.00031304359436035156,0.159820556640625,"(Vertices: [0, 1, 2, 3, 4, 5, 6, 7, 8, 9]) -- (Edges: [(2, 7), (8, 1), (5, 7), (2, 3), (4, 7), (0, 2), (8, 6), (8, 2), (9, 1), (9, 7), (1, 9), (3, 5)])"
10,17,0.03323507308959961,32,0.000423431396484375,0.1518850326538086,"(Vertices: [0, 1, 2, 3, 4, 5, 6, 7, 8, 9]) -- (Edges: [(0, 7), (2, 4), (1, 2), (8, 4), (9, 3), (3, 7), (0, 6), (9, 5), (4, 5), (6, 7), (8, 9), (5, 6), (3, 6), (8, 2), (2, 5), (1, 3), (9, 4)])"
10,12,0.026274442672729492,1,0.0004115104675292969,0.16422271728515625,"(Vertices: [0, 1, 2, 3, 4, 5, 6, 7, 8, 9]) -- (Edges: [(0, 1), (2, 4), (5, 7), (8, 0), (9, 5), (0, 2), (8, 9), (0, 5), (8, 2), (0, 8), (1, 3), (3, 5)])"
10,21,0.028966426849365234,32,0.00040650367736816406,0.15933895111083984,"(Vertices: [0, 1, 2, 3, 4, 5, 6, 7, 8, 9]) -- (Edges: [(3, 7), (4, 6), (8, 3), (0, 5), (8, 6), (1, 6), (1, 9), (4, 5), (5, 6), (9, 1), (8, 5), (9, 4), (0, 1), (2, 4), (0, 4), (4, 7), (9, 3), (8, 1), (8, 7), (0, 6), (2, 3)])"
10,16,0.034366607666015625,1,0.000453948974609375,0.17223358154296875,"(Vertices: [0, 1, 2, 3, 4, 5, 6, 7, 8, 9]) -- (Edges: [(9, 7), (1, 2), (0, 4), (3, 4), (8, 4), (8, 1), (4, 6), (0, 6), (2, 3), (6, 7), (1, 7), (0, 5), (8, 6), (8, 2), (2, 5), (1, 3)])"
10,15,0.030668973922729492,32,0.0004780292510986328,0.15798091888427734,"(Vertices: [0, 1, 2, 3, 4, 5, 6, 7, 8, 9]) -- (Edges: [(0, 1), (9, 7), (0, 4), (8, 7), (4, 6), (1, 4), (2, 3), (6, 7), (1, 7), (8, 9), (5, 6), (8, 6), (1, 6), (2, 5), (1, 3)])"
10,16,0.03115987777709961,1,0.0003845691680908203,0.1697235107421875,"(Vertices: [0, 1, 2, 3, 4, 5, 6, 7, 8, 9]) -- (Edges: [(0, 7), (3, 7), (1, 4), (8, 5), (5, 7), (9, 5), (1, 7), (0, 2), (8, 3), (5, 6), (8, 6), (8, 0), (8, 9), (0, 8), (9, 7), (4, 7)])"
10,18,0.03196525573730469,32,0.0004889965057373047,0.1549978256225586,"(Vertices: [0, 1, 2, 3, 4, 5, 6, 7, 8, 9]) -- (Edges: [(0, 1), (2, 4), (8, 4), (3, 4), (8, 7), (3, 7), (9, 4), (8, 0), (1, 7), (4, 5), (2, 6), (5, 6), (0, 5), (3, 6), (1, 6), (0, 8), (3, 5), (8, 2)])"
10,18,0.026662349700927734,1,0.0003192424774169922,0.17160797119140625,"(Vertices: [0, 1, 2, 3, 4, 5, 6, 7, 8, 9]) -- (Edges: [(1, 2), (1, 5), (9, 4), (9, 6), (0, 3), (4, 6), (9, 2), (1, 4), (0, 6), (2, 3), (8, 9), (5, 6), (0, 5), (8, 6), (1, 6), (8, 5), (3, 5), (8, 2)])"
10,15,0.03620004653930664,32,0.00045108795166015625,0.15508174896240234,"(Vertices: [0, 1, 2, 3, 4, 5, 6, 7, 8, 9]) -- (Edges: [(2, 4), (2, 7), (4, 6), (0, 9), (9, 2), (0, 6), (9, 5), (8, 3), (4, 5), (2, 6), (5, 6), (0, 5), (3, 6), (8, 6), (9, 4)])"
10,16,0.024414539337158203,1,0.00033855438232421875,0.17137908935546875,"(Vertices: [0, 1, 2, 3, 4, 5, 6, 7, 8, 9]) -- (Edges: [(1, 2), (8, 4), (1, 5), (8, 1), (9, 6), (1, 4), (8, 5), (4, 7), (8, 0), (0, 2), (8, 3), (8, 9), (0, 8), (9, 1), (1, 9), (3, 5)])"
10,21,0.03159475326538086,32,0.0004949569702148438,0.1616048812866211,"(Vertices: [0, 1, 2, 3, 4, 5, 6, 7, 8, 9]) -- (Edges: [(3, 4), (5, 7), (8, 9), (8, 6), (1, 3), (1, 9), (4, 5), (5, 6), (8, 2), (9, 1), (9, 7), (0, 7), (2, 4), (1, 2), (4, 7), (8, 4), (8, 7), (9, 6), (0, 9), (0, 6), (1, 7)])"
11,23,0.050376176834106445,1,0.0007562637329101562,0.34001827239990234,"(Vertices: [0, 1, 2, 3, 4, 5, 6, 7, 8, 9, 10]) -- (Edges: [(5, 7), (0, 2), (8, 3), (10, 6), (8, 6), (10, 3), (1, 9), (4, 5), (9, 1), (8, 5), (9, 4), (0, 7), (2, 4), (10, 5), (0, 4), (1, 5), (9, 3), (8, 1), (0, 9), (10, 7), (1, 4), (0, 6), (2, 3)])"
11,20,0.05073094367980957,46,0.0009043216705322266,0.3155364990234375,"(Vertices: [0, 1, 2, 3, 4, 5, 6, 7, 8, 9, 10]) -- (Edges: [(3, 4), (4, 6), (8, 3), (1, 3), (5, 6), (8, 2), (0, 1), (0, 7), (2, 4), (10, 5), (0, 10), (2, 7), (1, 5), (4, 7), (8, 4), (9, 3), (0, 3), (0, 6), (2, 6), (1, 10)])"
11,21,0.058698415756225586,1,0.0008130073547363281,0.3410482406616211,"(Vertices: [0, 1, 2, 3, 4, 5, 6, 7, 8, 9, 10]) -- (Edges: [(3, 4), (3, 7), (8, 3), (8, 9), (1, 6), (5, 6), (3, 6), (9, 7), (10, 5), (1, 2), (0, 10), (1, 5), (8, 4), (8, 1), (8, 7), (10, 4), (9, 6), (0, 9), (1, 4), (0, 6), (1, 10)])"
11,18,0.05060768127441406,46,0.0007450580596923828,0.34351348876953125,"(Vertices: [0, 1, 2, 3, 4, 5, 6, 7, 8, 9, 10]) -- (Edges: [(2, 7), (8, 1), (8, 7), (1, 4), (9, 5), (0, 2), (1, 7), (8, 3), (5, 6), (1, 10), (0, 5), (6, 7), (8, 2), (2, 5), (9, 7), (8, 5), (3, 5), (9, 4)])"
11,19,0.059079647064208984,1,0.0007009506225585938,0.3658742904663086,"(Vertices: [0, 1, 2, 3, 4, 5, 6, 7, 8, 9, 10]) -- (Edges: [(4, 6), (9, 2), (8, 6), (10, 3), (3, 6), (8, 5), (10, 2), (0, 1), (0, 7), (9, 10), (1, 2), (2, 10), (6, 7), (3, 5), (0, 9), (10, 7), (8, 10), (2, 3), (2, 6)])"
11,21,0.05490994453430176,46,0.0006105899810791016,0.33779144287109375,"(Vertices: [0, 1, 2, 3, 4, 5, 6, 7, 8, 9, 10]) -- (Edges: [(10, 6), (0, 5), (8, 6), (1, 6), (5, 6), (3, 6), (9, 7), (8, 5), (9, 4), (0, 1), (0, 7), (9, 10), (0, 4), (0, 10), (2, 7), (1, 5), (10, 4), (8, 10), (1, 4), (0, 6), (2, 3)])"
11,19,0.058350563049316406,1,0.0006034374237060547,0.33571529388427734,"(Vertices: [0, 1, 2, 3, 4, 5, 6, 7, 8, 9, 10]) -- (Edges: [(3, 4), (3, 7), (4, 6), (9, 2), (0, 2), (8, 3), (0, 5), (1, 6), (3, 6), (9, 7), (2, 4), (10, 5), (4, 7), (3, 5), (8, 7), (10, 4), (9, 6), (0, 3), (1, 7)])"
11,16,0.052549123764038086,46,0.0009484291076660156,0.33382415771484375,"(Vertices: [0, 1, 2, 3, 4, 5, 6, 7, 8, 9, 10]) -- (Edges: [(0, 7), (0, 10), (3, 4), (3, 7), (2, 10), (4, 6), (5, 7), (9, 5), (0, 2), (6, 7), (10, 6), (5, 6), (1, 10), (9, 7), (4, 7), (10, 2)])"
11,18,0.058287620544433594,1,0.0007460117340087891,0.3623189926147461,"(Vertices: [0, 1, 2, 3, 4, 5, 6, 7, 8, 9, 10]) -- (Edges: [(9, 10), (0, 7), (10, 5), (8, 1), (8, 7), (10, 4), (9, 6), (0, 3), (0, 9), (4, 6), (5, 7), (2, 3), (6, 7), (4, 5), (0, 5), (1, 10), (8, 6), (10, 3)])"
11,17,0.05667734146118164,46,0.0007863044738769531,0.3511199951171875,"(Vertices: [0, 1, 2, 3, 4, 5, 6, 7, 8, 9, 10]) -- (Edges: [(9, 10), (2, 4), (0, 10), (3, 4), (8, 1), (4, 6), (0, 9), (9, 2), (10, 7), (6, 7), (0, 2), (2, 6), (5, 6), (1, 6), (2, 5), (9, 7), (4, 7)])"
11,22,0.06149935722351074,1,0.0009310245513916016,0.36823177337646484,"(Vertices: [0, 1, 2, 3, 4, 5, 6, 7, 8, 9, 10]) -- (Edges: [(3, 7), (5, 7), (9, 5), (0, 2), (8, 9), (10, 6), (8, 6), (10, 3), (8, 2), (9, 10), (0, 7), (0, 10), (8, 4), (8, 7), (10, 4), (0, 3), (0, 9), (10, 7), (1, 4), (0, 6), (2, 3), (1, 7)])"
11,15,0.056488752365112305,46,0.0008900165557861328,0.32433319091796875,"(Vertices: [0, 1, 2, 3, 4, 5, 6, 7, 8, 9, 10]) -- (Edges: [(1, 2), (0, 10), (2, 7), (3, 4), (9, 3), (3, 7), (10, 4), (0, 3), (4, 6), (8, 7), (5, 7), (2, 3), (8, 9), (1, 6), (1, 3)])"
11,24,0.05535769462585449,1,0.0009653568267822266,0.35057735443115234,"(Vertices: [0, 1, 2, 3, 4, 5, 6, 7, 8, 9, 10]) -- (Edges: [(5, 7), (9, 5), (8, 3), (8, 6), (10, 3), (1, 6), (1, 3), (5, 6), (3, 6), (2, 4), (1, 2), (0, 4), (2, 7), (1, 5), (6, 7), (3, 5), (8, 4), (9, 3), (8, 1), (8, 7), (9, 6), (0, 3), (1, 4), (1, 10)])"
11,21,0.05069327354431152,46,0.0008263587951660156,0.33904266357421875,"(Vertices: [0, 1, 2, 3, 4, 5, 6, 7, 8, 9, 10]) -- (Edges: [(3, 4), (5, 7), (9, 5), (8, 9), (10, 3), (1, 9), (4, 5), (9, 1), (0, 1), (0, 7), (2, 4), (10, 5), (9, 10), (2, 7), (3, 5), (8, 4), (8, 7), (8, 10), (1, 4), (0, 6), (2, 3)])"
11,19,0.05353713035583496,1,0.0004885196685791016,0.33718013763427734,"(Vertices: [0, 1, 2, 3, 4, 5, 6, 7, 8, 9, 10]) -- (Edges: [(3, 4), (4, 6), (8, 3), (3, 6), (0, 1), (9, 10), (2, 4), (1, 2), (10, 5), (6, 7), (3, 5), (8, 4), (9, 3), (0, 3), (8, 10), (10, 7), (1, 4), (1, 7), (2, 6)])"
11,17,0.0514528751373291,46,0.0006930828094482422,0.34252166748046875,"(Vertices: [0, 1, 2, 3, 4, 5, 6, 7, 8, 9, 10]) -- (Edges: [(0, 7), (2, 4), (8, 1), (4, 6), (1, 4), (8, 0), (2, 6), (5, 6), (8, 6), (10, 3), (10, 6), (8, 2), (0, 8), (2, 5), (4, 7), (3, 5), (9, 4)])"
11,18,0.050777435302734375,1,0.0005383491516113281,0.3554220199584961,"(Vertices: [0, 1, 2, 3, 4, 5, 6, 7, 8, 9, 10]) -- (Edges: [(0, 1), (2, 4), (1, 2), (10, 5), (8, 1), (3, 7), (2, 10), (9, 6), (0, 9), (8, 5), (2, 3), (9, 5), (0, 2), (8, 9), (2, 6), (1, 6), (4, 7), (10, 2)])"
11,20,0.049555301666259766,46,0.0006682872772216797,0.34508514404296875,"(Vertices: [0, 1, 2, 3, 4, 5, 6, 7, 8, 9, 10]) -- (Edges: [(4, 6), (5, 7), (8, 0), (9, 5), (8, 3), (8, 6), (0, 8), (1, 9), (9, 1), (9, 10), (2, 4), (0, 10), (2, 7), (1, 5), (6, 7), (3, 5), (10, 4), (0, 3), (10, 7), (1, 4)])"
11,17,0.05515861511230469,1,0.0006971359252929688,0.3473958969116211,"(Vertices: [0, 1, 2, 3, 4, 5, 6, 7, 8, 9, 10]) -- (Edges: [(1, 2), (8, 4), (3, 4), (10, 2), (8, 7), (3, 7), (2, 10), (0, 3), (8, 10), (10, 7), (2, 3), (1, 7), (8, 3), (0, 5), (8, 2), (4, 7), (3, 5)])"
11,22,0.05812573432922363,46,0.0008518695831298828,0.3420867919921875,"(Vertices: [0, 1, 2, 3, 4, 5, 6, 7, 8, 9, 10]) -- (Edges: [(9, 5), (8, 9), (0, 5), (8, 6), (3, 6), (8, 2), (0, 7), (1, 2), (6, 7), (4, 7), (3, 5), (8, 4), (9, 3), (8, 1), (10, 4), (9, 6), (0, 3), (8, 10), (1, 4), (0, 6), (2, 6), (1, 10)])"
11,20,0.05548286437988281,1,0.00045871734619140625,0.3587484359741211,"(Vertices: [0, 1, 2, 3, 4, 5, 6, 7, 8, 9, 10]) -- (Edges: [(3, 4), (5, 7), (9, 5), (8, 9), (10, 6), (1, 6), (4, 5), (3, 6), (8, 2), (8, 5), (9, 4), (0, 1), (9, 10), (2, 4), (2, 7), (10, 4), (0, 3), (10, 7), (2, 6), (1, 10)])"
11,15,0.04951286315917969,46,0.0007479190826416016,0.3290863037109375,"(Vertices: [0, 1, 2, 3, 4, 5, 6, 7, 8, 9, 10]) -- (Edges: [(0, 1), (2, 4), (0, 4), (0, 10), (3, 4), (8, 4), (3, 7), (9, 6), (0, 6), (2, 3), (0, 5), (8, 2), (1, 3), (4, 7), (3, 5)])"
11,28,0.05548501014709473,1,0.0013136863708496094,0.34966182708740234,"(Vertices: [0, 1, 2, 3, 4, 5, 6, 7, 8, 9, 10]) -- (Edges: [(3, 4), (4, 6), (9, 2), (5, 7), (8, 0), (8, 9), (10, 6), (1, 6), (0, 8), (2, 5), (1, 3), (1, 9), (4, 5), (8, 2), (9, 1), (10, 2), (2, 4), (2, 7), (2, 10), (3, 5), (8, 4), (8, 7), (0, 3), (8, 10), (1, 4), (1, 7), (2, 6), (1, 10)])"
11,18,0.05195498466491699,46,0.0008494853973388672,0.3386688232421875,"(Vertices: [0, 1, 2, 3, 4, 5, 6, 7, 8, 9, 10]) -- (Edges: [(9, 10), (2, 4), (0, 4), (8, 0), (0, 6), (1, 7), (8, 3), (2, 6), (4, 5), (1, 10), (5, 6), (8, 6), (1, 6), (0, 8), (2, 5), (8, 5), (3, 5), (9, 4)])"
11,23,0.05268597602844238,1,0.0008070468902587891,0.3720998764038086,"(Vertices: [0, 1, 2, 3, 4, 5, 6, 7, 8, 9, 10]) -- (Edges: [(9, 2), (5, 7), (8, 0), (8, 3), (0, 5), (8, 6), (0, 8), (2, 5), (1, 9), (9, 1), (8, 5), (9, 4), (0, 1), (9, 10), (2, 4), (0, 10), (6, 7), (8, 4), (10, 4), (0, 6), (1, 7), (2, 6), (1, 10)])"
11,17,0.04741382598876953,46,0.0005583763122558594,0.34584808349609375,"(Vertices: [0, 1, 2, 3, 4, 5, 6, 7, 8, 9, 10]) -- (Edges: [(10, 5), (8, 4), (3, 4), (2, 7), (8, 1), (0, 9), (8, 10), (2, 3), (6, 7), (0, 2), (8, 6), (8, 2), (9, 1), (1, 3), (1, 9), (3, 5), (9, 4)])"
11,22,0.054950714111328125,1,0.000751495361328125,0.33627986907958984,"(Vertices: [0, 1, 2, 3, 4, 5, 6, 7, 8, 9, 10]) -- (Edges: [(3, 7), (4, 6), (8, 0), (9, 5), (0, 2), (8, 9), (0, 5), (1, 6), (0, 8), (1, 3), (8, 5), (10, 2), (9, 4), (2, 4), (2, 7), (2, 10), (4, 7), (9, 3), (10, 4), (0, 9), (1, 4), (2, 3)])"
11,25,0.05081057548522949,46,0.0006556510925292969,0.31871795654296875,"(Vertices: [0, 1, 2, 3, 4, 5, 6, 7, 8, 9, 10]) -- (Edges: [(9, 2), (5, 7), (9, 5), (8, 3), (8, 9), (8, 6), (2, 5), (1, 3), (4, 5), (3, 6), (10, 2), (9, 4), (0, 1), (10, 5), (0, 10), (2, 10), (4, 7), (8, 4), (8, 1), (10, 4), (0, 3), (10, 7), (2, 3), (2, 6), (1, 10)])"
11,20,0.05988597869873047,1,0.0005886554718017578,0.3693685531616211,"(Vertices: [0, 1, 2, 3, 4, 5, 6, 7, 8, 9, 10]) -- (Edges: [(3, 4), (3, 7), (9, 5), (8, 3), (1, 3), (4, 5), (5, 6), (3, 6), (10, 2), (0, 7), (10, 5), (2, 10), (4, 7), (8, 4), (9, 3), (9, 6), (10, 7), (1, 4), (0, 6), (1, 7)])"
11,16,0.049259185791015625,46,0.000701904296875,0.30377960205078125,"(Vertices: [0, 1, 2, 3, 4, 5, 6, 7, 8, 9, 10]) -- (Edges: [(0, 7), (2, 4), (1, 2), (0, 10), (9, 3), (8, 7), (9, 6), (4, 6), (2, 3), (6, 7), (0, 2), (1, 7), (8, 6), (9, 7), (4, 7), (9, 4)])"
11,22,0.05370759963989258,1,0.0006730556488037109,0.3384389877319336,"(Vertices: [0, 1, 2, 3, 4, 5, 6, 7, 8, 9, 10]) -- (Edges: [(5, 7), (9, 5), (8, 9), (10, 6), (0, 5), (8, 6), (4, 5), (9, 4), (0, 1), (0, 7), (2, 4), (9, 10), (0, 4), (0, 10), (3, 5), (8, 4), (8, 1), (10, 4), (0, 3), (8, 10), (0, 6), (2, 3)])"
11,20,0.04938220977783203,46,0.0007696151733398438,0.345428466796875,"(Vertices: [0, 1, 2, 3, 4, 5, 6, 7, 8, 9, 10]) -- (Edges: [(3, 7), (5, 7), (8, 0), (1, 6), (0, 8), (4, 5), (5, 6), (3, 6), (8, 5), (1, 5), (6, 7), (4, 7), (8, 4), (8, 1), (8, 7), (0, 9), (10, 7), (1, 4), (2, 6), (1, 10)])"
11,19,0.055150508880615234,1,0.0007655620574951172,0.3606863021850586,"(Vertices: [0, 1, 2, 3, 4, 5, 6, 7, 8, 9, 10]) -- (Edges: [(3, 4), (4, 6), (9, 2), (0, 2), (1, 6), (4, 5), (5, 6), (0, 1), (2, 4), (10, 5), (0, 10), (8, 4), (10, 4), (9, 6), (8, 10), (10, 7), (1, 4), (1, 7), (1, 10)])"
11,14,0.05530357360839844,46,0.0007297992706298828,0.33567047119140625,"(Vertices: [0, 1, 2, 3, 4, 5, 6, 7, 8, 9, 10]) -- (Edges: [(0, 1), (10, 5), (1, 2), (8, 4), (8, 1), (10, 4), (0, 3), (4, 6), (10, 7), (5, 7), (2, 3), (2, 6), (10, 6), (3, 5)])"
11,16,0.052341461181640625,1,0.0009541511535644531,0.3480978012084961,"(Vertices: [0, 1, 2, 3, 4, 5, 6, 7, 8, 9, 10]) -- (Edges: [(0, 1), (9, 7), (0, 4), (3, 4), (1, 5), (0, 9), (8, 10), (8, 0), (0, 6), (2, 6), (0, 5), (1, 10), (0, 8), (1, 3), (3, 5), (9, 4)])"
11,18,0.051461219787597656,46,0.0008790493011474609,0.33899688720703125,"(Vertices: [0, 1, 2, 3, 4, 5, 6, 7, 8, 9, 10]) -- (Edges: [(9, 10), (9, 7), (1, 2), (10, 2), (3, 4), (8, 7), (2, 10), (1, 4), (2, 3), (9, 5), (4, 5), (5, 6), (0, 5), (1, 10), (8, 6), (1, 6), (1, 3), (3, 5)])"
11,16,0.0489659309387207,1,0.0008187294006347656,0.35021114349365234,"(Vertices: [0, 1, 2, 3, 4, 5, 6, 7, 8, 9, 10]) -- (Edges: [(0, 1), (9, 3), (10, 4), (9, 6), (8, 10), (0, 6), (4, 7), (1, 7), (2, 6), (10, 6), (1, 10), (8, 6), (9, 1), (9, 7), (1, 9), (3, 5)])"
11,15,0.056838035583496094,46,0.0006906986236572266,0.3286590576171875,"(Vertices: [0, 1, 2, 3, 4, 5, 6, 7, 8, 9, 10]) -- (Edges: [(0, 7), (9, 7), (8, 4), (3, 4), (2, 7), (9, 3), (3, 7), (9, 6), (0, 9), (9, 2), (9, 5), (1, 7), (10, 6), (1, 6), (1, 3)])"
11,16,0.0574038028717041,1,0.0007052421569824219,0.35964107513427734,"(Vertices: [0, 1, 2, 3, 4, 5, 6, 7, 8, 9, 10]) -- (Edges: [(9, 10), (0, 7), (8, 4), (3, 4), (8, 10), (10, 7), (5, 7), (2, 3), (9, 5), (0, 2), (8, 3), (1, 10), (3, 6), (1, 6), (2, 5), (10, 3)])"
11,13,0.05492830276489258,46,0.0008380413055419922,0.35179901123046875,"(Vertices: [0, 1, 2, 3, 4, 5, 6, 7, 8, 9, 10]) -- (Edges: [(0, 7), (2, 4), (0, 10), (2, 7), (4, 6), (0, 9), (5, 7), (0, 6), (8, 9), (0, 5), (1, 10), (1, 6), (8, 2)])"
11,18,0.05978822708129883,1,0.0005910396575927734,0.3632040023803711,"(Vertices: [0, 1, 2, 3, 4, 5, 6, 7, 8, 9, 10]) -- (Edges: [(10, 5), (9, 7), (0, 10), (9, 3), (9, 6), (0, 3), (9, 2), (1, 4), (0, 6), (2, 3), (6, 7), (0, 2), (8, 3), (4, 5), (10, 3), (9, 1), (1, 3), (1, 9)])"
11,19,0.04927182197570801,46,0.0006172657012939453,0.33358001708984375,"(Vertices: [0, 1, 2, 3, 4, 5, 6, 7, 8, 9, 10]) -- (Edges: [(4, 6), (9, 5), (8, 9), (1, 6), (9, 7), (10, 2), (9, 4), (0, 1), (2, 4), (1, 2), (2, 10), (4, 7), (8, 1), (1, 4), (0, 6), (2, 3), (1, 7), (2, 6), (1, 10)])"
11,16,0.05612778663635254,1,0.0006909370422363281,0.3488302230834961,"(Vertices: [0, 1, 2, 3, 4, 5, 6, 7, 8, 9, 10]) -- (Edges: [(9, 10), (3, 4), (0, 9), (9, 2), (1, 4), (0, 6), (5, 7), (9, 5), (0, 2), (8, 9), (8, 10), (8, 6), (10, 3), (9, 7), (4, 7), (9, 4)])"
11,18,0.0493619441986084,46,0.0006508827209472656,0.344482421875,"(Vertices: [0, 1, 2, 3, 4, 5, 6, 7, 8, 9, 10]) -- (Edges: [(0, 10), (2, 7), (1, 5), (3, 7), (0, 3), (4, 6), (9, 2), (8, 10), (6, 7), (8, 9), (3, 6), (1, 10), (0, 5), (8, 2), (9, 1), (1, 9), (3, 5), (9, 4)])"
11,22,0.05113077163696289,1,0.0007486343383789062,0.3606252670288086,"(Vertices: [0, 1, 2, 3, 4, 5, 6, 7, 8, 9, 10]) -- (Edges: [(3, 4), (3, 7), (5, 7), (8, 0), (9, 5), (8, 3), (8, 9), (0, 8), (2, 5), (5, 6), (9, 4), (9, 10), (2, 4), (1, 2), (10, 5), (1, 5), (3, 5), (8, 4), (8, 7), (0, 9), (0, 6), (2, 3)])"
11,16,0.047423362731933594,46,0.0007493495941162109,0.33223724365234375,"(Vertices: [0, 1, 2, 3, 4, 5, 6, 7, 8, 9, 10]) -- (Edges: [(0, 1), (0, 7), (2, 4), (1, 2), (0, 10), (9, 3), (3, 4), (8, 7), (10, 7), (1, 4), (0, 6), (6, 7), (2, 6), (4, 7), (3, 5), (9, 4)])"
11,8,0.05494070053100586,1,0.0005497932434082031,0.3363027572631836,"(Vertices: [0, 1, 2, 3, 4, 5, 6, 7, 8, 9, 10]) -- (Edges: [(0, 1), (2, 7), (3, 7), (5, 7), (2, 6), (5, 6), (0, 5), (3, 6)])"
11,20,0.050527334213256836,46,0.0006153583526611328,0.3341522216796875,"(Vertices: [0, 1, 2, 3, 4, 5, 6, 7, 8, 9, 10]) -- (Edges: [(3, 4), (4, 6), (9, 2), (9, 5), (0, 2), (8, 3), (8, 6), (1, 6), (2, 5), (1, 9), (8, 2), (9, 1), (2, 4), (1, 2), (1, 5), (9, 3), (8, 1), (9, 6), (0, 3), (0, 9)])"
11,24,0.054030418395996094,1,0.000644683837890625,0.37135982513427734,"(Vertices: [0, 1, 2, 3, 4, 5, 6, 7, 8, 9, 10]) -- (Edges: [(3, 4), (3, 7), (4, 6), (8, 0), (9, 5), (0, 5), (10, 3), (0, 8), (2, 5), (4, 5), (5, 6), (9, 7), (8, 5), (10, 5), (1, 2), (2, 7), (1, 5), (3, 5), (8, 7), (10, 4), (10, 7), (0, 6), (2, 3), (1, 7)])"
11,27,0.0489349365234375,46,0.0007555484771728516,0.3237762451171875,"(Vertices: [0, 1, 2, 3, 4, 5, 6, 7, 8, 9, 10]) -- (Edges: [(3, 4), (3, 7), (9, 5), (0, 2), (8, 3), (10, 6), (2, 5), (5, 6), (3, 6), (8, 2), (8, 5), (9, 4), (0, 7), (2, 4), (0, 4), (0, 10), (6, 7), (4, 7), (8, 4), (10, 4), (10, 7), (1, 4), (0, 6), (2, 3), (1, 7), (2, 6), (1, 10)])"
11,21,0.05269455909729004,1,0.0006430149078369141,0.36638545989990234,"(Vertices: [0, 1, 2, 3, 4, 5, 6, 7, 8, 9, 10]) -- (Edges: [(9, 2), (5, 7), (9, 5), (8, 3), (8, 6), (10, 3), (2, 5), (1, 3), (8, 2), (8, 5), (9, 10), (1, 2), (4, 7), (8, 4), (9, 3), (8, 1), (8, 7), (10, 4), (0, 3), (2, 6), (1, 10)])"
11,24,0.047623395919799805,46,0.0005638599395751953,0.315948486328125,"(Vertices: [0, 1, 2, 3, 4, 5, 6, 7, 8, 9, 10]) -- (Edges: [(9, 2), (8, 0), (10, 6), (10, 3), (1, 6), (0, 8), (1, 3), (4, 5), (3, 6), (8, 2), (9, 4), (0, 1), (10, 5), (0, 10), (2, 7), (6, 7), (8, 4), (9, 3), (8, 1), (8, 7), (10, 4), (9, 6), (10, 7), (1, 4)])"
11,15,0.05461430549621582,1,0.0007467269897460938,0.34485530853271484,"(Vertices: [0, 1, 2, 3, 4, 5, 6, 7, 8, 9, 10]) -- (Edges: [(0, 4), (9, 3), (10, 4), (9, 6), (4, 6), (5, 7), (0, 6), (2, 3), (6, 7), (4, 5), (0, 5), (1, 6), (2, 5), (1, 3), (8, 2)])"
11,22,0.052733659744262695,46,0.0007135868072509766,0.3156585693359375,"(Vertices: [0, 1, 2, 3, 4, 5, 6, 7, 8, 9, 10]) -- (Edges: [(9, 5), (0, 2), (8, 3), (8, 9), (0, 5), (8, 6), (2, 5), (1, 3), (8, 2), (9, 7), (0, 1), (2, 4), (1, 5), (6, 7), (4, 7), (8, 7), (10, 4), (9, 6), (0, 3), (0, 9), (10, 7), (0, 6)])"
11,17,0.05446815490722656,1,0.0006747245788574219,0.35686397552490234,"(Vertices: [0, 1, 2, 3, 4, 5, 6, 7, 8, 9, 10]) -- (Edges: [(0, 1), (0, 7), (2, 4), (8, 4), (9, 3), (8, 7), (2, 10), (9, 5), (0, 2), (8, 3), (5, 6), (0, 5), (2, 5), (1, 3), (4, 7), (10, 2), (9, 4)])"
11,19,0.05727887153625488,46,0.0010418891906738281,0.3334197998046875,"(Vertices: [0, 1, 2, 3, 4, 5, 6, 7, 8, 9, 10]) -- (Edges: [(9, 2), (0, 2), (10, 6), (1, 9), (9, 1), (10, 2), (9, 10), (0, 7), (2, 4), (0, 10), (2, 10), (6, 7), (8, 4), (9, 3), (10, 4), (9, 6), (10, 7), (1, 4), (1, 7)])"
11,28,0.052588462829589844,1,0.0008027553558349609,0.36832332611083984,"(Vertices: [0, 1, 2, 3, 4, 5, 6, 7, 8, 9, 10]) -- (Edges: [(3, 4), (4, 6), (9, 2), (8, 0), (10, 3), (0, 8), (1, 9), (5, 6), (3, 6), (8, 2), (9, 1), (9, 7), (10, 2), (9, 10), (1, 2), (0, 4), (0, 10), (2, 10), (4, 7), (3, 5), (8, 4), (9, 6), (0, 3), (10, 7), (1, 4), (0, 6), (2, 6), (1, 10)])"
11,10,0.05180644989013672,46,0.0008656978607177734,0.31868743896484375,"(Vertices: [0, 1, 2, 3, 4, 5, 6, 7, 8, 9, 10]) -- (Edges: [(0, 7), (10, 5), (0, 4), (9, 6), (8, 10), (0, 6), (6, 7), (1, 10), (8, 5), (9, 4)])"
11,15,0.0532684326171875,1,0.0007352828979492188,0.34117794036865234,"(Vertices: [0, 1, 2, 3, 4, 5, 6, 7, 8, 9, 10]) -- (Edges: [(0, 7), (2, 4), (1, 2), (8, 4), (10, 5), (1, 5), (10, 4), (8, 5), (6, 7), (0, 2), (8, 9), (8, 6), (10, 3), (1, 3), (4, 7)])"
11,20,0.05462384223937988,46,0.0011954307556152344,0.311614990234375,"(Vertices: [0, 1, 2, 3, 4, 5, 6, 7, 8, 9, 10]) -- (Edges: [(3, 7), (9, 2), (0, 5), (8, 2), (9, 7), (8, 5), (10, 2), (0, 1), (0, 7), (1, 2), (0, 4), (0, 10), (2, 7), (1, 5), (2, 10), (8, 4), (9, 6), (0, 9), (10, 7), (0, 6)])"
11,19,0.0545046329498291,1,0.0007598400115966797,0.3295888900756836,"(Vertices: [0, 1, 2, 3, 4, 5, 6, 7, 8, 9, 10]) -- (Edges: [(0, 5), (8, 6), (1, 3), (4, 5), (9, 7), (8, 5), (10, 2), (9, 10), (0, 7), (1, 2), (0, 10), (2, 10), (3, 5), (8, 1), (8, 10), (10, 7), (1, 4), (0, 6), (2, 3)])"
11,26,0.061486244201660156,46,0.0006799697875976562,0.3194732666015625,"(Vertices: [0, 1, 2, 3, 4, 5, 6, 7, 8, 9, 10]) -- (Edges: [(4, 6), (5, 7), (9, 5), (8, 3), (1, 6), (1, 9), (5, 6), (8, 2), (9, 1), (9, 7), (8, 5), (10, 2), (0, 7), (2, 4), (0, 4), (0, 10), (2, 10), (3, 5), (8, 4), (9, 3), (10, 4), (9, 6), (10, 7), (2, 3), (2, 6), (1, 10)])"
11,21,0.05825543403625488,1,0.0011608600616455078,0.35929012298583984,"(Vertices: [0, 1, 2, 3, 4, 5, 6, 7, 8, 9, 10]) -- (Edges: [(5, 7), (8, 0), (0, 2), (10, 6), (0, 5), (1, 6), (0, 8), (5, 6), (3, 6), (0, 7), (2, 4), (1, 2), (10, 5), (2, 7), (6, 7), (4, 7), (8, 1), (8, 7), (9, 6), (1, 4), (0, 6)])"
11,15,0.05338120460510254,46,0.0010347366333007812,0.33777618408203125,"(Vertices: [0, 1, 2, 3, 4, 5, 6, 7, 8, 9, 10]) -- (Edges: [(0, 1), (1, 2), (0, 4), (3, 4), (10, 4), (0, 3), (8, 10), (5, 7), (0, 6), (8, 0), (9, 5), (0, 5), (8, 2), (0, 8), (3, 5)])"
11,21,0.0501399040222168,1,0.0007357597351074219,0.3605184555053711,"(Vertices: [0, 1, 2, 3, 4, 5, 6, 7, 8, 9, 10]) -- (Edges: [(4, 6), (8, 0), (0, 2), (8, 9), (10, 6), (0, 5), (0, 8), (1, 9), (4, 5), (3, 6), (9, 1), (8, 5), (9, 4), (10, 5), (8, 4), (8, 1), (8, 7), (9, 6), (8, 10), (10, 7), (1, 4)])"
11,19,0.056307077407836914,46,0.0009365081787109375,0.35720062255859375,"(Vertices: [0, 1, 2, 3, 4, 5, 6, 7, 8, 9, 10]) -- (Edges: [(3, 4), (9, 2), (9, 5), (0, 2), (8, 3), (8, 9), (0, 5), (1, 3), (0, 7), (2, 4), (1, 2), (2, 7), (1, 5), (6, 7), (8, 4), (9, 3), (10, 4), (9, 6), (0, 6)])"
11,19,0.05043625831604004,1,0.0005891323089599609,0.35207271575927734,"(Vertices: [0, 1, 2, 3, 4, 5, 6, 7, 8, 9, 10]) -- (Edges: [(3, 4), (0, 2), (0, 5), (8, 6), (1, 3), (1, 9), (4, 5), (3, 6), (8, 2), (9, 1), (8, 5), (9, 10), (0, 4), (0, 10), (6, 7), (0, 3), (0, 9), (8, 10), (2, 3)])"
11,25,0.05059194564819336,46,0.0007772445678710938,0.32520294189453125,"(Vertices: [0, 1, 2, 3, 4, 5, 6, 7, 8, 9, 10]) -- (Edges: [(3, 7), (9, 2), (9, 5), (0, 2), (0, 5), (10, 3), (8, 6), (1, 6), (1, 9), (9, 1), (9, 7), (9, 4), (0, 1), (9, 10), (2, 4), (0, 10), (1, 5), (6, 7), (10, 4), (9, 6), (0, 9), (10, 7), (0, 6), (1, 7), (1, 10)])"
11,18,0.05066967010498047,1,0.0006635189056396484,0.3692922592163086,"(Vertices: [0, 1, 2, 3, 4, 5, 6, 7, 8, 9, 10]) -- (Edges: [(0, 7), (10, 5), (0, 4), (8, 4), (4, 6), (9, 2), (1, 4), (0, 6), (10, 7), (10, 3), (6, 7), (10, 6), (0, 5), (1, 10), (9, 1), (1, 3), (1, 9), (9, 4)])"
11,18,0.05121135711669922,46,0.0007581710815429688,0.33348846435546875,"(Vertices: [0, 1, 2, 3, 4, 5, 6, 7, 8, 9, 10]) -- (Edges: [(1, 2), (2, 7), (3, 7), (10, 4), (4, 6), (0, 9), (9, 2), (1, 4), (0, 6), (10, 7), (6, 7), (10, 6), (3, 6), (1, 10), (0, 5), (5, 6), (9, 7), (8, 5)])"
11,23,0.053740501403808594,1,0.0005877017974853516,0.36835384368896484,"(Vertices: [0, 1, 2, 3, 4, 5, 6, 7, 8, 9, 10]) -- (Edges: [(3, 7), (4, 6), (9, 5), (8, 9), (10, 6), (0, 5), (2, 5), (5, 6), (9, 7), (8, 5), (10, 2), (9, 10), (1, 2), (0, 4), (0, 10), (2, 7), (1, 5), (2, 10), (3, 5), (10, 4), (0, 3), (0, 6), (2, 3)])"
11,18,0.04949808120727539,46,0.000698089599609375,0.3332977294921875,"(Vertices: [0, 1, 2, 3, 4, 5, 6, 7, 8, 9, 10]) -- (Edges: [(0, 1), (0, 7), (2, 4), (1, 5), (8, 7), (3, 7), (4, 6), (9, 2), (1, 4), (10, 7), (2, 3), (6, 7), (8, 3), (8, 9), (2, 6), (5, 6), (1, 6), (9, 4)])"
11,24,0.061173439025878906,1,0.0004367828369140625,0.33582210540771484,"(Vertices: [0, 1, 2, 3, 4, 5, 6, 7, 8, 9, 10]) -- (Edges: [(3, 7), (9, 2), (5, 7), (9, 5), (0, 5), (10, 3), (8, 6), (1, 6), (1, 3), (5, 6), (3, 6), (10, 2), (9, 4), (0, 7), (10, 5), (0, 4), (2, 10), (8, 4), (8, 1), (9, 6), (0, 9), (10, 7), (2, 3), (1, 10)])"
11,16,0.06022500991821289,46,0.0006494522094726562,0.33504486083984375,"(Vertices: [0, 1, 2, 3, 4, 5, 6, 7, 8, 9, 10]) -- (Edges: [(0, 1), (0, 7), (9, 7), (0, 4), (0, 10), (1, 5), (10, 4), (1, 4), (8, 0), (9, 5), (8, 9), (2, 6), (5, 6), (10, 3), (0, 8), (1, 3)])"
11,24,0.039505720138549805,1,0.0006122589111328125,0.35553646087646484,"(Vertices: [0, 1, 2, 3, 4, 5, 6, 7, 8, 9, 10]) -- (Edges: [(3, 4), (5, 7), (0, 2), (8, 3), (10, 6), (8, 9), (0, 5), (1, 9), (5, 6), (3, 6), (8, 2), (9, 1), (9, 7), (9, 10), (10, 5), (0, 10), (6, 7), (8, 4), (8, 1), (0, 9), (10, 7), (1, 4), (8, 10), (2, 3)])"
11,20,0.03618931770324707,46,0.0011379718780517578,0.34227752685546875,"(Vertices: [0, 1, 2, 3, 4, 5, 6, 7, 8, 9, 10]) -- (Edges: [(3, 4), (4, 6), (10, 6), (10, 3), (1, 6), (2, 5), (5, 6), (8, 2), (9, 7), (10, 2), (9, 4), (0, 1), (10, 5), (0, 10), (2, 10), (4, 7), (10, 4), (0, 3), (1, 4), (2, 3)])"
11,23,0.039769887924194336,1,0.0005197525024414062,0.3397512435913086,"(Vertices: [0, 1, 2, 3, 4, 5, 6, 7, 8, 9, 10]) -- (Edges: [(5, 7), (0, 2), (8, 3), (8, 9), (0, 5), (8, 6), (1, 6), (2, 5), (4, 5), (3, 6), (8, 2), (8, 5), (10, 2), (9, 4), (0, 7), (2, 4), (10, 5), (0, 10), (2, 10), (4, 7), (8, 1), (0, 9), (1, 4)])"
11,17,0.03640890121459961,46,0.0005972385406494141,0.34128570556640625,"(Vertices: [0, 1, 2, 3, 4, 5, 6, 7, 8, 9, 10]) -- (Edges: [(0, 1), (0, 7), (9, 10), (0, 4), (3, 4), (8, 7), (4, 6), (10, 7), (0, 6), (2, 3), (9, 5), (4, 5), (6, 7), (10, 6), (8, 9), (1, 10), (8, 5)])"
11,16,0.09207916259765625,1,0.00044035911560058594,0.3479757308959961,"(Vertices: [0, 1, 2, 3, 4, 5, 6, 7, 8, 9, 10]) -- (Edges: [(9, 3), (1, 5), (8, 1), (2, 10), (9, 6), (1, 4), (0, 6), (2, 3), (1, 7), (8, 3), (8, 2), (2, 5), (1, 3), (8, 5), (10, 2), (9, 4)])"
11,15,0.03809642791748047,46,0.0005707740783691406,0.3312530517578125,"(Vertices: [0, 1, 2, 3, 4, 5, 6, 7, 8, 9, 10]) -- (Edges: [(0, 1), (10, 5), (1, 2), (0, 10), (8, 7), (0, 3), (0, 9), (5, 7), (8, 5), (6, 7), (1, 7), (8, 3), (2, 6), (8, 2), (4, 7)])"
11,21,0.056249141693115234,1,0.0006954669952392578,0.3666219711303711,"(Vertices: [0, 1, 2, 3, 4, 5, 6, 7, 8, 9, 10]) -- (Edges: [(3, 7), (4, 6), (9, 2), (5, 7), (0, 2), (10, 6), (0, 5), (1, 3), (1, 9), (8, 2), (9, 1), (9, 7), (10, 2), (2, 4), (1, 2), (2, 10), (6, 7), (9, 3), (10, 4), (0, 6), (2, 6)])"
11,22,0.05645871162414551,46,0.0009312629699707031,0.3196563720703125,"(Vertices: [0, 1, 2, 3, 4, 5, 6, 7, 8, 9, 10]) -- (Edges: [(9, 2), (0, 2), (8, 3), (8, 9), (0, 5), (8, 6), (1, 6), (4, 5), (5, 6), (9, 7), (9, 4), (0, 1), (9, 10), (1, 2), (2, 7), (1, 5), (8, 7), (10, 4), (10, 7), (1, 4), (1, 7), (1, 10)])"
11,15,0.051128387451171875,1,0.0006358623504638672,0.32381343841552734,"(Vertices: [0, 1, 2, 3, 4, 5, 6, 7, 8, 9, 10]) -- (Edges: [(2, 4), (1, 2), (8, 4), (9, 3), (1, 5), (10, 4), (8, 10), (0, 6), (10, 6), (0, 5), (1, 6), (1, 3), (8, 5), (3, 5), (9, 4)])"
11,18,0.05190610885620117,46,0.0009443759918212891,0.30939483642578125,"(Vertices: [0, 1, 2, 3, 4, 5, 6, 7, 8, 9, 10]) -- (Edges: [(9, 7), (0, 10), (2, 7), (8, 1), (9, 3), (10, 4), (8, 7), (0, 3), (4, 6), (9, 2), (1, 4), (5, 7), (1, 7), (10, 6), (5, 6), (10, 3), (2, 5), (1, 3)])"
11,26,0.05644035339355469,1,0.0008113384246826172,0.3563528060913086,"(Vertices: [0, 1, 2, 3, 4, 5, 6, 7, 8, 9, 10]) -- (Edges: [(3, 4), (5, 7), (0, 2), (8, 3), (10, 6), (1, 6), (2, 5), (4, 5), (5, 6), (3, 6), (9, 7), (10, 2), (0, 1), (2, 4), (1, 2), (0, 4), (0, 10), (2, 10), (4, 7), (8, 4), (8, 7), (9, 6), (10, 7), (1, 4), (2, 3), (1, 10)])"
11,19,0.058991193771362305,46,0.000904083251953125,0.35861968994140625,"(Vertices: [0, 1, 2, 3, 4, 5, 6, 7, 8, 9, 10]) -- (Edges: [(3, 7), (8, 0), (5, 7), (9, 5), (8, 3), (0, 5), (10, 3), (0, 8), (2, 5), (4, 5), (5, 6), (8, 5), (4, 7), (3, 5), (8, 7), (0, 3), (1, 4), (0, 6), (1, 10)])"
11,18,0.05225777626037598,1,0.0010602474212646484,0.3596944808959961,"(Vertices: [0, 1, 2, 3, 4, 5, 6, 7, 8, 9, 10]) -- (Edges: [(1, 2), (0, 10), (3, 4), (9, 3), (10, 4), (4, 6), (0, 9), (0, 6), (6, 7), (4, 5), (8, 9), (10, 6), (5, 6), (0, 5), (1, 6), (2, 5), (1, 3), (8, 2)])"
11,12,0.050016164779663086,46,0.0011894702911376953,0.3285064697265625,"(Vertices: [0, 1, 2, 3, 4, 5, 6, 7, 8, 9, 10]) -- (Edges: [(0, 4), (8, 4), (1, 5), (0, 3), (8, 0), (10, 6), (1, 10), (0, 5), (1, 6), (0, 8), (2, 5), (10, 3)])"
11,24,0.05272102355957031,1,0.0005354881286621094,0.3672475814819336,"(Vertices: [0, 1, 2, 3, 4, 5, 6, 7, 8, 9, 10]) -- (Edges: [(3, 7), (9, 2), (0, 2), (8, 9), (8, 6), (1, 3), (4, 5), (8, 2), (9, 7), (10, 2), (0, 1), (9, 10), (10, 5), (0, 4), (0, 10), (2, 7), (2, 10), (4, 7), (3, 5), (9, 3), (8, 7), (0, 9), (1, 7), (1, 10)])"
11,23,0.055696725845336914,46,0.0011894702911376953,0.3645172119140625,"(Vertices: [0, 1, 2, 3, 4, 5, 6, 7, 8, 9, 10]) -- (Edges: [(3, 4), (3, 7), (9, 2), (8, 0), (0, 2), (8, 3), (8, 9), (8, 6), (0, 8), (5, 6), (8, 2), (9, 7), (8, 5), (10, 5), (1, 2), (2, 7), (3, 5), (8, 7), (10, 4), (0, 3), (10, 7), (1, 7), (1, 10)])"
11,22,0.05303645133972168,1,0.0007274150848388672,0.3634634017944336,"(Vertices: [0, 1, 2, 3, 4, 5, 6, 7, 8, 9, 10]) -- (Edges: [(3, 7), (9, 2), (9, 5), (0, 2), (8, 9), (10, 3), (3, 6), (8, 5), (10, 2), (0, 7), (2, 4), (0, 10), (1, 5), (2, 10), (3, 5), (9, 3), (8, 1), (10, 4), (0, 3), (10, 7), (2, 3), (1, 7)])"
11,22,0.05470085144042969,46,0.0014107227325439453,0.33908843994140625,"(Vertices: [0, 1, 2, 3, 4, 5, 6, 7, 8, 9, 10]) -- (Edges: [(3, 4), (3, 7), (4, 6), (8, 0), (8, 9), (10, 6), (0, 5), (0, 8), (1, 9), (5, 6), (9, 1), (9, 7), (8, 5), (0, 7), (2, 4), (6, 7), (9, 3), (8, 7), (0, 3), (10, 7), (1, 4), (1, 10)])"
11,15,0.054793596267700195,1,0.0006422996520996094,0.3739309310913086,"(Vertices: [0, 1, 2, 3, 4, 5, 6, 7, 8, 9, 10]) -- (Edges: [(0, 1), (2, 4), (0, 10), (8, 7), (0, 9), (9, 2), (5, 7), (10, 7), (2, 3), (8, 3), (5, 6), (1, 10), (0, 5), (1, 3), (3, 5)])"
11,17,0.06396794319152832,46,0.0006146430969238281,0.337738037109375,"(Vertices: [0, 1, 2, 3, 4, 5, 6, 7, 8, 9, 10]) -- (Edges: [(9, 10), (9, 7), (1, 2), (2, 7), (8, 7), (3, 7), (0, 9), (10, 7), (5, 7), (6, 7), (0, 2), (8, 3), (0, 5), (10, 3), (8, 2), (1, 3), (9, 4)])"
11,16,0.059258460998535156,1,0.0008459091186523438,0.32286739349365234,"(Vertices: [0, 1, 2, 3, 4, 5, 6, 7, 8, 9, 10]) -- (Edges: [(0, 1), (1, 2), (8, 4), (9, 3), (9, 6), (4, 6), (8, 5), (6, 7), (0, 2), (8, 3), (4, 5), (5, 6), (3, 6), (2, 5), (4, 7), (9, 4)])"
11,17,0.0558018684387207,46,0.0006825923919677734,0.33978271484375,"(Vertices: [0, 1, 2, 3, 4, 5, 6, 7, 8, 9, 10]) -- (Edges: [(1, 2), (0, 4), (0, 10), (2, 7), (8, 7), (2, 10), (0, 9), (10, 7), (5, 7), (6, 7), (0, 2), (1, 7), (10, 6), (8, 9), (0, 5), (9, 7), (10, 2)])"
11,19,0.055351972579956055,1,0.000614166259765625,0.3213033676147461,"(Vertices: [0, 1, 2, 3, 4, 5, 6, 7, 8, 9, 10]) -- (Edges: [(3, 7), (9, 2), (8, 0), (0, 8), (8, 2), (8, 5), (10, 2), (9, 4), (0, 7), (1, 2), (0, 4), (0, 10), (1, 5), (2, 10), (9, 3), (0, 3), (0, 9), (8, 10), (2, 3)])"
11,23,0.05648636817932129,46,0.0008997917175292969,0.35169219970703125,"(Vertices: [0, 1, 2, 3, 4, 5, 6, 7, 8, 9, 10]) -- (Edges: [(3, 4), (3, 7), (4, 6), (5, 7), (8, 0), (9, 5), (0, 2), (0, 5), (0, 8), (3, 6), (10, 2), (9, 4), (9, 10), (0, 7), (1, 2), (2, 10), (3, 5), (8, 1), (0, 3), (0, 9), (10, 7), (8, 10), (2, 6)])"
11,20,0.05561709403991699,1,0.0007700920104980469,0.36283016204833984,"(Vertices: [0, 1, 2, 3, 4, 5, 6, 7, 8, 9, 10]) -- (Edges: [(3, 4), (4, 6), (5, 7), (8, 0), (9, 5), (0, 2), (8, 6), (1, 6), (0, 8), (2, 5), (4, 5), (5, 6), (3, 6), (9, 4), (1, 2), (4, 7), (8, 1), (9, 6), (2, 3), (1, 10)])"
11,17,0.06198716163635254,46,0.001111745834350586,0.3328704833984375,"(Vertices: [0, 1, 2, 3, 4, 5, 6, 7, 8, 9, 10]) -- (Edges: [(0, 1), (2, 4), (10, 5), (2, 7), (8, 1), (2, 10), (0, 3), (0, 9), (10, 7), (1, 4), (8, 3), (4, 5), (10, 6), (8, 9), (2, 5), (10, 2), (9, 4)])"
12,20,0.09728503227233887,1,0.0015420913696289062,0.6130208969116211,"(Vertices: [0, 1, 2, 3, 4, 5, 6, 7, 8, 9, 10, 11]) -- (Edges: [(3, 7), (0, 2), (10, 6), (1, 6), (2, 11), (0, 11), (8, 5), (8, 11), (11, 4), (9, 10), (10, 5), (10, 11), (0, 10), (2, 7), (1, 11), (9, 3), (10, 4), (9, 6), (10, 7), (1, 7)])"
12,26,0.10061383247375488,64,0.0017256736755371094,0.6110992431640625,"(Vertices: [0, 1, 2, 3, 4, 5, 6, 7, 8, 9, 10, 11]) -- (Edges: [(5, 7), (8, 0), (9, 5), (0, 2), (0, 5), (11, 5), (1, 6), (0, 8), (2, 5), (5, 6), (8, 2), (8, 5), (8, 11), (10, 2), (9, 10), (2, 4), (0, 4), (1, 5), (2, 10), (6, 7), (4, 7), (10, 7), (11, 6), (2, 3), (2, 6), (1, 10)])"
12,15,0.0956873893737793,1,0.0012593269348144531,0.6118459701538086,"(Vertices: [0, 1, 2, 3, 4, 5, 6, 7, 8, 9, 10, 11]) -- (Edges: [(10, 11), (3, 7), (9, 6), (0, 3), (0, 9), (9, 2), (6, 7), (0, 2), (8, 9), (2, 6), (5, 6), (11, 5), (10, 3), (8, 6), (8, 2)])"
12,24,0.10433053970336914,64,0.0013103485107421875,0.6191787719726562,"(Vertices: [0, 1, 2, 3, 4, 5, 6, 7, 8, 9, 10, 11]) -- (Edges: [(3, 4), (9, 2), (11, 5), (1, 6), (9, 11), (2, 5), (1, 3), (5, 6), (8, 5), (0, 1), (0, 7), (0, 10), (2, 7), (1, 11), (4, 7), (3, 5), (9, 3), (9, 6), (0, 3), (0, 9), (8, 10), (0, 6), (11, 6), (2, 6)])"
12,17,0.09839463233947754,1,0.0010051727294921875,0.6403188705444336,"(Vertices: [0, 1, 2, 3, 4, 5, 6, 7, 8, 9, 10, 11]) -- (Edges: [(0, 1), (2, 4), (0, 4), (3, 4), (2, 7), (1, 11), (9, 6), (5, 7), (11, 6), (2, 3), (6, 7), (1, 7), (2, 6), (10, 6), (9, 7), (8, 11), (9, 4)])"
12,18,0.10354042053222656,64,0.0010995864868164062,0.5976486206054688,"(Vertices: [0, 1, 2, 3, 4, 5, 6, 7, 8, 9, 10, 11]) -- (Edges: [(0, 7), (2, 4), (0, 10), (1, 5), (9, 6), (11, 3), (1, 4), (5, 7), (11, 6), (9, 5), (2, 6), (1, 10), (11, 4), (9, 1), (1, 3), (1, 9), (0, 11), (3, 11)])"
12,25,0.09679722785949707,1,0.0012848377227783203,0.6263875961303711,"(Vertices: [0, 1, 2, 3, 4, 5, 6, 7, 8, 9, 10, 11]) -- (Edges: [(3, 7), (0, 2), (8, 3), (10, 6), (0, 5), (1, 6), (1, 3), (2, 11), (0, 11), (8, 2), (9, 7), (8, 5), (10, 2), (0, 1), (0, 7), (11, 7), (9, 10), (2, 7), (2, 10), (6, 7), (3, 5), (8, 7), (0, 9), (8, 10), (1, 10)])"
12,19,0.10695052146911621,64,0.001725912094116211,0.61395263671875,"(Vertices: [0, 1, 2, 3, 4, 5, 6, 7, 8, 9, 10, 11]) -- (Edges: [(4, 6), (5, 7), (8, 0), (11, 5), (9, 11), (0, 8), (1, 3), (4, 5), (3, 6), (9, 7), (8, 5), (8, 11), (10, 11), (0, 4), (3, 5), (10, 4), (10, 7), (1, 4), (2, 3)])"
12,21,0.11794233322143555,1,0.0013496875762939453,0.6082448959350586,"(Vertices: [0, 1, 2, 3, 4, 5, 6, 7, 8, 9, 10, 11]) -- (Edges: [(3, 4), (3, 7), (1, 9), (3, 6), (9, 1), (9, 7), (11, 4), (10, 2), (0, 7), (2, 4), (1, 2), (2, 10), (4, 7), (3, 11), (8, 1), (11, 3), (10, 7), (1, 4), (11, 6), (1, 7), (2, 6)])"
12,22,0.10582923889160156,64,0.00139617919921875,0.6229934692382812,"(Vertices: [0, 1, 2, 3, 4, 5, 6, 7, 8, 9, 10, 11]) -- (Edges: [(3, 7), (4, 6), (9, 2), (8, 0), (8, 9), (10, 6), (10, 3), (0, 8), (2, 11), (0, 11), (8, 5), (9, 4), (9, 10), (0, 10), (8, 7), (10, 4), (9, 6), (8, 10), (10, 7), (1, 4), (2, 3), (2, 6)])"
12,24,0.09918069839477539,1,0.0013954639434814453,0.6419286727905273,"(Vertices: [0, 1, 2, 3, 4, 5, 6, 7, 8, 9, 10, 11]) -- (Edges: [(3, 4), (4, 6), (5, 7), (9, 5), (0, 2), (10, 3), (8, 2), (8, 5), (11, 4), (9, 4), (8, 11), (10, 2), (10, 5), (1, 2), (0, 4), (2, 10), (3, 5), (8, 7), (10, 4), (0, 3), (0, 9), (1, 4), (0, 6), (2, 3)])"
12,27,0.11086726188659668,64,0.0034148693084716797,0.63299560546875,"(Vertices: [0, 1, 2, 3, 4, 5, 6, 7, 8, 9, 10, 11]) -- (Edges: [(3, 4), (8, 0), (9, 5), (0, 2), (8, 3), (8, 9), (10, 3), (0, 8), (2, 11), (4, 5), (9, 7), (11, 4), (8, 5), (9, 4), (10, 11), (0, 10), (2, 7), (1, 5), (1, 11), (6, 7), (4, 7), (3, 5), (9, 3), (10, 4), (9, 6), (1, 4), (1, 10)])"
12,22,0.09665846824645996,1,0.0014650821685791016,0.6191320419311523,"(Vertices: [0, 1, 2, 3, 4, 5, 6, 7, 8, 9, 10, 11]) -- (Edges: [(5, 7), (0, 5), (10, 3), (11, 5), (8, 6), (2, 5), (1, 3), (0, 11), (4, 5), (8, 5), (11, 4), (0, 1), (10, 11), (0, 4), (2, 7), (1, 11), (8, 1), (1, 4), (0, 6), (2, 3), (11, 6), (2, 6)])"
12,23,0.10192298889160156,64,0.0012331008911132812,0.6173248291015625,"(Vertices: [0, 1, 2, 3, 4, 5, 6, 7, 8, 9, 10, 11]) -- (Edges: [(3, 4), (4, 6), (5, 7), (8, 0), (11, 5), (1, 6), (0, 8), (9, 11), (1, 3), (9, 7), (11, 4), (10, 2), (0, 1), (10, 5), (1, 2), (10, 11), (2, 10), (6, 7), (4, 7), (3, 11), (8, 1), (11, 3), (1, 7)])"
12,14,0.09854793548583984,1,0.0010762214660644531,0.5917654037475586,"(Vertices: [0, 1, 2, 3, 4, 5, 6, 7, 8, 9, 10, 11]) -- (Edges: [(8, 4), (9, 6), (0, 6), (8, 5), (6, 7), (8, 3), (1, 7), (2, 6), (8, 9), (9, 11), (9, 7), (11, 4), (8, 11), (9, 4)])"
12,21,0.11153197288513184,64,0.0019075870513916016,0.6213912963867188,"(Vertices: [0, 1, 2, 3, 4, 5, 6, 7, 8, 9, 10, 11]) -- (Edges: [(3, 4), (3, 7), (4, 6), (5, 7), (10, 6), (1, 6), (0, 11), (3, 6), (8, 2), (8, 5), (9, 10), (2, 4), (1, 2), (2, 7), (3, 11), (8, 4), (8, 1), (11, 3), (1, 4), (2, 6), (1, 10)])"
12,19,0.0988154411315918,1,0.0015590190887451172,0.6277074813842773,"(Vertices: [0, 1, 2, 3, 4, 5, 6, 7, 8, 9, 10, 11]) -- (Edges: [(8, 0), (10, 3), (1, 6), (0, 8), (0, 11), (3, 6), (8, 5), (10, 2), (11, 4), (0, 1), (1, 2), (1, 5), (1, 11), (2, 10), (6, 7), (9, 6), (0, 9), (0, 6), (2, 6)])"
12,20,0.11908721923828125,64,0.0014195442199707031,0.6284332275390625,"(Vertices: [0, 1, 2, 3, 4, 5, 6, 7, 8, 9, 10, 11]) -- (Edges: [(3, 7), (8, 0), (0, 2), (8, 9), (9, 11), (0, 8), (0, 11), (5, 6), (8, 2), (8, 5), (9, 10), (0, 7), (2, 4), (1, 5), (3, 5), (8, 7), (8, 10), (2, 3), (1, 7), (2, 6)])"
12,21,0.09789323806762695,1,0.001333475112915039,0.6485662460327148,"(Vertices: [0, 1, 2, 3, 4, 5, 6, 7, 8, 9, 10, 11]) -- (Edges: [(3, 7), (5, 7), (8, 3), (8, 9), (8, 6), (10, 3), (1, 6), (9, 11), (4, 5), (8, 2), (8, 5), (8, 11), (0, 4), (2, 7), (3, 5), (8, 4), (8, 1), (8, 10), (0, 6), (1, 7), (2, 6)])"
12,18,0.1059727668762207,64,0.0014400482177734375,0.6156005859375,"(Vertices: [0, 1, 2, 3, 4, 5, 6, 7, 8, 9, 10, 11]) -- (Edges: [(2, 7), (1, 5), (9, 3), (3, 7), (0, 3), (11, 3), (8, 10), (0, 2), (1, 7), (8, 3), (10, 6), (11, 5), (3, 6), (2, 5), (10, 3), (11, 4), (3, 5), (3, 11)])"
12,21,0.10413169860839844,1,0.0012423992156982422,0.6319265365600586,"(Vertices: [0, 1, 2, 3, 4, 5, 6, 7, 8, 9, 10, 11]) -- (Edges: [(3, 7), (4, 6), (9, 5), (11, 5), (9, 11), (1, 9), (9, 1), (8, 5), (10, 2), (9, 4), (0, 7), (2, 4), (0, 4), (2, 10), (4, 7), (3, 11), (10, 4), (11, 3), (0, 9), (8, 10), (2, 3)])"
12,25,0.10172867774963379,64,0.0018448829650878906,0.6366729736328125,"(Vertices: [0, 1, 2, 3, 4, 5, 6, 7, 8, 9, 10, 11]) -- (Edges: [(3, 4), (9, 2), (9, 5), (0, 2), (10, 6), (0, 5), (0, 11), (10, 2), (9, 10), (2, 4), (1, 2), (0, 4), (0, 10), (2, 7), (1, 5), (2, 10), (6, 7), (4, 7), (9, 3), (8, 7), (10, 4), (9, 6), (0, 9), (1, 7), (2, 6)])"
12,21,0.11252760887145996,1,0.0016217231750488281,0.6142568588256836,"(Vertices: [0, 1, 2, 3, 4, 5, 6, 7, 8, 9, 10, 11]) -- (Edges: [(3, 4), (9, 2), (8, 6), (9, 11), (2, 11), (1, 3), (1, 9), (9, 1), (9, 7), (8, 11), (0, 1), (11, 7), (10, 5), (9, 10), (10, 11), (0, 10), (2, 7), (4, 7), (10, 4), (2, 3), (2, 6)])"
12,20,0.11085796356201172,64,0.001485586166381836,0.6178054809570312,"(Vertices: [0, 1, 2, 3, 4, 5, 6, 7, 8, 9, 10, 11]) -- (Edges: [(4, 6), (5, 7), (10, 6), (10, 3), (1, 6), (2, 5), (1, 9), (4, 5), (9, 1), (11, 7), (10, 5), (1, 2), (10, 11), (6, 7), (4, 7), (10, 4), (0, 3), (0, 9), (1, 4), (1, 7)])"
12,23,0.09930109977722168,1,0.0010612010955810547,0.6448354721069336,"(Vertices: [0, 1, 2, 3, 4, 5, 6, 7, 8, 9, 10, 11]) -- (Edges: [(4, 6), (9, 2), (9, 5), (0, 2), (8, 3), (8, 9), (1, 6), (1, 3), (2, 11), (4, 5), (9, 7), (10, 2), (9, 4), (0, 1), (0, 7), (1, 2), (2, 10), (8, 4), (9, 6), (10, 7), (0, 6), (2, 3), (11, 6)])"
12,21,0.10014820098876953,64,0.0012860298156738281,0.6291580200195312,"(Vertices: [0, 1, 2, 3, 4, 5, 6, 7, 8, 9, 10, 11]) -- (Edges: [(10, 6), (1, 6), (1, 3), (2, 11), (5, 6), (3, 6), (8, 5), (11, 4), (9, 4), (11, 7), (2, 4), (2, 7), (1, 5), (6, 7), (4, 7), (8, 4), (0, 9), (1, 4), (2, 3), (1, 7), (1, 10)])"
12,26,0.11204385757446289,1,0.0011138916015625,0.6223592758178711,"(Vertices: [0, 1, 2, 3, 4, 5, 6, 7, 8, 9, 10, 11]) -- (Edges: [(9, 2), (8, 0), (8, 3), (0, 5), (11, 5), (9, 11), (0, 8), (1, 3), (1, 9), (0, 11), (9, 1), (11, 4), (8, 11), (11, 7), (10, 11), (1, 11), (6, 7), (4, 7), (8, 4), (8, 7), (9, 6), (1, 4), (11, 6), (2, 3), (2, 6), (1, 10)])"
12,23,0.5341196060180664,64,0.0012929439544677734,0.6254959106445312,"(Vertices: [0, 1, 2, 3, 4, 5, 6, 7, 8, 9, 10, 11]) -- (Edges: [(3, 4), (3, 7), (4, 6), (9, 2), (5, 7), (0, 2), (8, 9), (0, 5), (10, 3), (0, 11), (3, 6), (8, 2), (10, 2), (9, 4), (0, 7), (2, 4), (10, 5), (1, 5), (2, 10), (9, 3), (8, 1), (0, 9), (11, 6)])"
12,23,0.11693143844604492,1,0.001306295394897461,0.6213903427124023,"(Vertices: [0, 1, 2, 3, 4, 5, 6, 7, 8, 9, 10, 11]) -- (Edges: [(3, 7), (0, 2), (8, 9), (11, 5), (10, 3), (9, 11), (2, 11), (0, 11), (4, 5), (5, 6), (10, 2), (9, 10), (0, 7), (10, 5), (1, 2), (0, 4), (11, 7), (10, 11), (1, 11), (2, 10), (8, 7), (8, 10), (1, 4)])"
12,26,0.10914754867553711,64,0.0022318363189697266,0.6156845092773438,"(Vertices: [0, 1, 2, 3, 4, 5, 6, 7, 8, 9, 10, 11]) -- (Edges: [(4, 6), (8, 0), (0, 2), (8, 9), (11, 5), (8, 6), (0, 8), (1, 9), (0, 11), (4, 5), (9, 1), (9, 7), (8, 11), (9, 4), (0, 1), (11, 7), (10, 5), (1, 2), (3, 5), (8, 4), (8, 1), (0, 3), (11, 6), (2, 3), (1, 7), (2, 6)])"
12,24,0.1088719367980957,1,0.0018830299377441406,0.6216650009155273,"(Vertices: [0, 1, 2, 3, 4, 5, 6, 7, 8, 9, 10, 11]) -- (Edges: [(3, 4), (3, 7), (0, 5), (10, 3), (8, 6), (1, 6), (2, 5), (1, 3), (1, 9), (9, 1), (9, 7), (9, 10), (0, 7), (10, 11), (6, 7), (4, 7), (3, 5), (3, 11), (10, 4), (11, 3), (8, 10), (10, 7), (1, 4), (11, 6)])"
12,21,0.10152602195739746,64,0.004167795181274414,0.6256484985351562,"(Vertices: [0, 1, 2, 3, 4, 5, 6, 7, 8, 9, 10, 11]) -- (Edges: [(3, 4), (4, 6), (9, 5), (8, 3), (11, 5), (10, 3), (8, 6), (2, 5), (5, 6), (9, 7), (11, 4), (2, 4), (1, 2), (10, 11), (2, 7), (6, 7), (3, 5), (8, 1), (1, 4), (2, 6), (1, 10)])"
12,24,0.11047720909118652,1,0.0017011165618896484,0.6226186752319336,"(Vertices: [0, 1, 2, 3, 4, 5, 6, 7, 8, 9, 10, 11]) -- (Edges: [(0, 2), (8, 3), (10, 6), (8, 9), (2, 5), (2, 11), (0, 11), (5, 6), (8, 5), (10, 2), (0, 4), (2, 10), (6, 7), (4, 7), (3, 5), (3, 11), (9, 3), (8, 7), (10, 4), (0, 3), (11, 3), (1, 4), (0, 6), (1, 10)])"
12,27,0.11605167388916016,64,0.0012812614440917969,0.6159591674804688,"(Vertices: [0, 1, 2, 3, 4, 5, 6, 7, 8, 9, 10, 11]) -- (Edges: [(3, 4), (3, 7), (8, 0), (9, 5), (0, 2), (10, 6), (8, 6), (0, 8), (2, 5), (2, 11), (9, 7), (8, 11), (9, 4), (0, 1), (11, 7), (2, 4), (10, 11), (0, 4), (1, 5), (1, 11), (6, 7), (8, 1), (10, 4), (9, 6), (0, 9), (1, 4), (2, 3)])"
12,21,0.1100149154663086,1,0.0011644363403320312,0.6127004623413086,"(Vertices: [0, 1, 2, 3, 4, 5, 6, 7, 8, 9, 10, 11]) -- (Edges: [(3, 4), (3, 7), (5, 7), (8, 0), (8, 3), (10, 6), (11, 5), (8, 6), (0, 8), (1, 3), (2, 11), (0, 11), (4, 5), (8, 5), (2, 4), (10, 5), (0, 10), (1, 11), (8, 4), (0, 6), (1, 10)])"
12,25,0.09972310066223145,64,0.001028299331665039,0.6589584350585938,"(Vertices: [0, 1, 2, 3, 4, 5, 6, 7, 8, 9, 10, 11]) -- (Edges: [(3, 4), (3, 7), (4, 6), (8, 0), (8, 9), (11, 5), (0, 8), (2, 5), (1, 3), (2, 11), (5, 6), (0, 1), (0, 7), (1, 2), (10, 11), (0, 10), (1, 11), (4, 7), (8, 4), (9, 3), (8, 1), (8, 10), (0, 6), (11, 6), (1, 7)])"
12,17,0.10158443450927734,1,0.001295328140258789,0.6459417343139648,"(Vertices: [0, 1, 2, 3, 4, 5, 6, 7, 8, 9, 10, 11]) -- (Edges: [(11, 7), (10, 11), (8, 4), (3, 7), (9, 6), (0, 3), (8, 10), (5, 7), (11, 6), (2, 3), (0, 2), (3, 6), (1, 10), (0, 5), (8, 6), (9, 11), (8, 5)])"
12,27,0.10321307182312012,64,0.002084493637084961,0.605987548828125,"(Vertices: [0, 1, 2, 3, 4, 5, 6, 7, 8, 9, 10, 11]) -- (Edges: [(3, 4), (3, 7), (8, 0), (0, 2), (8, 3), (10, 6), (8, 9), (10, 3), (0, 8), (2, 5), (4, 5), (8, 11), (9, 10), (11, 7), (10, 5), (2, 7), (3, 5), (3, 11), (9, 3), (8, 1), (8, 7), (11, 3), (0, 9), (1, 4), (0, 6), (2, 3), (1, 10)])"
12,26,0.09894704818725586,1,0.0026094913482666016,0.6243658065795898,"(Vertices: [0, 1, 2, 3, 4, 5, 6, 7, 8, 9, 10, 11]) -- (Edges: [(3, 4), (0, 2), (8, 3), (10, 6), (8, 9), (8, 6), (1, 6), (0, 11), (3, 6), (8, 2), (8, 5), (11, 4), (8, 11), (0, 1), (0, 7), (2, 4), (1, 2), (10, 5), (0, 10), (6, 7), (4, 7), (3, 11), (8, 1), (0, 3), (11, 3), (11, 6)])"
12,28,0.10189270973205566,64,0.0012500286102294922,0.6485748291015625,"(Vertices: [0, 1, 2, 3, 4, 5, 6, 7, 8, 9, 10, 11]) -- (Edges: [(8, 0), (9, 5), (8, 3), (10, 6), (11, 5), (9, 11), (0, 8), (1, 9), (0, 11), (8, 2), (9, 1), (9, 7), (11, 4), (8, 11), (10, 5), (10, 11), (2, 7), (1, 5), (1, 11), (6, 7), (8, 4), (8, 1), (9, 6), (0, 9), (10, 7), (1, 4), (1, 7), (1, 10)])"
12,24,0.09673523902893066,1,0.001539468765258789,0.6611394882202148,"(Vertices: [0, 1, 2, 3, 4, 5, 6, 7, 8, 9, 10, 11]) -- (Edges: [(3, 7), (0, 2), (10, 6), (8, 6), (1, 6), (0, 11), (4, 5), (3, 6), (9, 7), (8, 5), (11, 4), (9, 4), (10, 2), (2, 4), (10, 5), (2, 7), (1, 5), (2, 10), (6, 7), (8, 4), (8, 7), (10, 4), (1, 4), (1, 7)])"
12,21,0.09995293617248535,64,0.0010232925415039062,0.6203384399414062,"(Vertices: [0, 1, 2, 3, 4, 5, 6, 7, 8, 9, 10, 11]) -- (Edges: [(5, 7), (0, 5), (11, 5), (1, 6), (2, 11), (0, 11), (8, 2), (9, 7), (8, 5), (8, 11), (9, 4), (0, 1), (11, 7), (2, 4), (10, 2), (2, 10), (3, 11), (11, 3), (0, 9), (2, 3), (1, 10)])"
12,25,0.09826302528381348,1,0.0015017986297607422,0.6344900131225586,"(Vertices: [0, 1, 2, 3, 4, 5, 6, 7, 8, 9, 10, 11]) -- (Edges: [(3, 4), (3, 7), (9, 2), (8, 3), (8, 9), (0, 5), (11, 5), (2, 11), (1, 3), (1, 9), (0, 11), (9, 1), (11, 4), (0, 1), (11, 7), (1, 2), (0, 4), (2, 7), (1, 11), (6, 7), (3, 11), (9, 6), (11, 3), (1, 7), (1, 10)])"
12,24,0.11123371124267578,64,0.00145721435546875,0.6412124633789062,"(Vertices: [0, 1, 2, 3, 4, 5, 6, 7, 8, 9, 10, 11]) -- (Edges: [(3, 7), (4, 6), (9, 2), (5, 7), (8, 0), (1, 6), (0, 8), (1, 3), (0, 11), (4, 5), (3, 6), (9, 7), (10, 2), (9, 4), (0, 7), (0, 4), (0, 10), (2, 10), (3, 11), (10, 4), (11, 3), (0, 9), (1, 4), (2, 6)])"
12,25,0.0983114242553711,1,0.0028128623962402344,0.6685018539428711,"(Vertices: [0, 1, 2, 3, 4, 5, 6, 7, 8, 9, 10, 11]) -- (Edges: [(8, 0), (9, 5), (10, 6), (0, 5), (10, 3), (8, 6), (0, 8), (2, 5), (1, 3), (0, 11), (8, 2), (8, 5), (0, 1), (11, 7), (9, 10), (1, 2), (0, 4), (2, 7), (3, 11), (8, 4), (8, 7), (10, 4), (11, 3), (10, 7), (11, 6)])"
12,22,0.10694694519042969,64,0.00139617919921875,0.6039047241210938,"(Vertices: [0, 1, 2, 3, 4, 5, 6, 7, 8, 9, 10, 11]) -- (Edges: [(9, 2), (5, 7), (8, 9), (0, 5), (10, 3), (4, 5), (3, 6), (8, 5), (8, 11), (9, 4), (0, 7), (10, 5), (10, 11), (1, 5), (1, 11), (4, 7), (10, 4), (0, 9), (8, 10), (1, 4), (2, 3), (2, 6)])"
12,19,0.09773516654968262,1,0.0011944770812988281,0.6251134872436523,"(Vertices: [0, 1, 2, 3, 4, 5, 6, 7, 8, 9, 10, 11]) -- (Edges: [(5, 7), (8, 3), (8, 9), (1, 3), (4, 5), (3, 6), (11, 4), (8, 11), (2, 7), (1, 5), (6, 7), (3, 5), (3, 11), (9, 3), (8, 7), (11, 3), (10, 7), (2, 6), (1, 10)])"
12,32,0.10653185844421387,64,0.004430294036865234,0.5950241088867188,"(Vertices: [0, 1, 2, 3, 4, 5, 6, 7, 8, 9, 10, 11]) -- (Edges: [(3, 4), (4, 6), (5, 7), (0, 2), (8, 3), (8, 6), (10, 3), (1, 6), (0, 11), (3, 6), (8, 2), (11, 4), (8, 5), (9, 10), (11, 7), (2, 4), (0, 4), (0, 10), (1, 11), (6, 7), (4, 7), (3, 5), (3, 11), (8, 4), (8, 1), (10, 4), (0, 3), (11, 3), (8, 10), (11, 6), (1, 7), (2, 6)])"
12,19,0.1036527156829834,1,0.0014421939849853516,0.6394567489624023,"(Vertices: [0, 1, 2, 3, 4, 5, 6, 7, 8, 9, 10, 11]) -- (Edges: [(4, 6), (9, 2), (8, 6), (4, 5), (5, 6), (8, 5), (9, 10), (11, 7), (0, 4), (0, 10), (2, 7), (1, 11), (6, 7), (4, 7), (10, 4), (8, 10), (1, 4), (11, 6), (2, 6)])"
12,24,0.10669875144958496,64,0.0012784004211425781,0.590118408203125,"(Vertices: [0, 1, 2, 3, 4, 5, 6, 7, 8, 9, 10, 11]) -- (Edges: [(3, 7), (9, 2), (5, 7), (9, 5), (0, 2), (8, 3), (1, 6), (2, 5), (3, 6), (8, 11), (9, 4), (0, 1), (0, 7), (10, 5), (0, 4), (0, 10), (1, 5), (1, 11), (6, 7), (9, 3), (10, 4), (11, 6), (2, 3), (2, 6)])"
12,23,0.10395240783691406,1,0.0010323524475097656,0.6505422592163086,"(Vertices: [0, 1, 2, 3, 4, 5, 6, 7, 8, 9, 10, 11]) -- (Edges: [(3, 4), (3, 7), (4, 6), (8, 0), (9, 5), (0, 2), (8, 9), (0, 5), (0, 8), (1, 9), (4, 5), (3, 6), (9, 1), (9, 10), (10, 5), (6, 7), (3, 5), (8, 7), (10, 4), (0, 3), (0, 9), (0, 6), (1, 7)])"
12,23,0.10590553283691406,64,0.0013523101806640625,0.63427734375,"(Vertices: [0, 1, 2, 3, 4, 5, 6, 7, 8, 9, 10, 11]) -- (Edges: [(3, 7), (4, 6), (8, 0), (9, 5), (0, 2), (8, 3), (9, 11), (0, 8), (2, 11), (8, 11), (9, 4), (1, 2), (1, 5), (4, 7), (3, 5), (3, 11), (0, 3), (11, 3), (1, 4), (2, 3), (1, 7), (2, 6), (1, 10)])"
12,24,0.10916852951049805,1,0.0011315345764160156,0.6511754989624023,"(Vertices: [0, 1, 2, 3, 4, 5, 6, 7, 8, 9, 10, 11]) -- (Edges: [(4, 6), (9, 2), (8, 0), (0, 5), (1, 6), (0, 8), (2, 11), (0, 11), (9, 7), (11, 4), (10, 2), (9, 4), (0, 1), (10, 5), (0, 10), (1, 5), (2, 10), (6, 7), (3, 11), (8, 1), (10, 4), (11, 3), (11, 6), (2, 3)])"
12,25,0.1003727912902832,64,0.0013413429260253906,0.598602294921875,"(Vertices: [0, 1, 2, 3, 4, 5, 6, 7, 8, 9, 10, 11]) -- (Edges: [(4, 6), (9, 2), (5, 7), (8, 0), (9, 5), (0, 2), (0, 5), (0, 8), (3, 6), (8, 2), (9, 7), (10, 2), (9, 10), (11, 7), (10, 11), (0, 10), (2, 7), (2, 10), (6, 7), (3, 5), (3, 11), (8, 7), (10, 4), (11, 3), (2, 3)])"
12,23,0.1101830005645752,1,0.0015785694122314453,0.6333150863647461,"(Vertices: [0, 1, 2, 3, 4, 5, 6, 7, 8, 9, 10, 11]) -- (Edges: [(3, 4), (3, 7), (4, 6), (0, 2), (11, 5), (2, 5), (2, 11), (4, 5), (3, 6), (8, 2), (8, 5), (11, 4), (9, 10), (1, 2), (2, 7), (6, 7), (9, 3), (8, 1), (0, 3), (0, 9), (10, 7), (8, 10), (2, 3)])"
12,20,0.1104881763458252,64,0.001371622085571289,0.5956039428710938,"(Vertices: [0, 1, 2, 3, 4, 5, 6, 7, 8, 9, 10, 11]) -- (Edges: [(3, 7), (4, 6), (8, 9), (0, 5), (10, 3), (1, 6), (0, 11), (3, 6), (9, 7), (8, 5), (10, 11), (4, 7), (3, 5), (8, 4), (8, 7), (0, 9), (0, 6), (11, 6), (2, 6), (1, 10)])"
12,25,0.10055017471313477,1,0.0012712478637695312,0.6620779037475586,"(Vertices: [0, 1, 2, 3, 4, 5, 6, 7, 8, 9, 10, 11]) -- (Edges: [(3, 4), (3, 7), (9, 2), (9, 5), (0, 2), (10, 6), (0, 5), (1, 6), (2, 5), (2, 11), (0, 11), (10, 2), (0, 1), (9, 10), (2, 4), (1, 2), (10, 5), (10, 11), (1, 11), (2, 10), (6, 7), (8, 7), (0, 3), (0, 9), (11, 6)])"
12,25,0.09840869903564453,64,0.0017597675323486328,0.6207046508789062,"(Vertices: [0, 1, 2, 3, 4, 5, 6, 7, 8, 9, 10, 11]) -- (Edges: [(3, 4), (0, 2), (8, 3), (11, 5), (10, 3), (1, 9), (0, 11), (3, 6), (9, 1), (10, 2), (9, 4), (0, 7), (11, 7), (0, 4), (1, 5), (2, 10), (6, 7), (4, 7), (9, 3), (8, 10), (1, 4), (0, 6), (2, 3), (1, 7), (1, 10)])"
12,19,0.10521960258483887,1,0.0010161399841308594,0.6078405380249023,"(Vertices: [0, 1, 2, 3, 4, 5, 6, 7, 8, 9, 10, 11]) -- (Edges: [(3, 7), (4, 6), (8, 3), (0, 5), (8, 6), (2, 11), (10, 2), (9, 4), (11, 7), (0, 4), (0, 10), (2, 7), (1, 5), (2, 10), (3, 5), (9, 3), (8, 7), (0, 9), (1, 4)])"
12,17,0.09498095512390137,64,0.0011034011840820312,0.5870513916015625,"(Vertices: [0, 1, 2, 3, 4, 5, 6, 7, 8, 9, 10, 11]) -- (Edges: [(10, 2), (3, 4), (1, 11), (2, 10), (0, 3), (9, 6), (6, 7), (1, 7), (8, 9), (2, 6), (5, 6), (8, 6), (10, 3), (10, 6), (8, 2), (8, 5), (8, 11)])"
12,26,0.10823678970336914,1,0.0015773773193359375,0.6373815536499023,"(Vertices: [0, 1, 2, 3, 4, 5, 6, 7, 8, 9, 10, 11]) -- (Edges: [(5, 7), (8, 0), (9, 5), (0, 2), (0, 8), (2, 5), (1, 9), (4, 5), (8, 2), (9, 1), (9, 4), (0, 7), (1, 2), (1, 5), (6, 7), (4, 7), (8, 4), (9, 3), (8, 1), (8, 7), (0, 3), (0, 9), (10, 7), (1, 4), (0, 6), (1, 10)])"
12,24,0.10174036026000977,64,0.0012547969818115234,0.6146392822265625,"(Vertices: [0, 1, 2, 3, 4, 5, 6, 7, 8, 9, 10, 11]) -- (Edges: [(3, 7), (8, 3), (10, 3), (1, 3), (4, 5), (5, 6), (3, 6), (8, 2), (8, 5), (9, 4), (9, 10), (10, 11), (0, 4), (2, 7), (1, 5), (6, 7), (3, 5), (3, 11), (8, 4), (8, 7), (9, 6), (11, 3), (2, 3), (2, 6)])"
12,25,0.1043844223022461,1,0.0011734962463378906,0.6394567489624023,"(Vertices: [0, 1, 2, 3, 4, 5, 6, 7, 8, 9, 10, 11]) -- (Edges: [(3, 7), (9, 2), (8, 3), (11, 5), (10, 3), (1, 3), (2, 11), (4, 5), (8, 5), (8, 11), (9, 4), (9, 10), (11, 7), (2, 4), (10, 5), (0, 4), (0, 10), (2, 7), (1, 5), (4, 7), (3, 5), (10, 4), (0, 9), (1, 4), (2, 6)])"
12,28,0.09902453422546387,64,0.001308441162109375,0.6459503173828125,"(Vertices: [0, 1, 2, 3, 4, 5, 6, 7, 8, 9, 10, 11]) -- (Edges: [(8, 3), (10, 6), (8, 6), (10, 3), (2, 5), (4, 5), (5, 6), (10, 2), (9, 10), (11, 7), (2, 4), (10, 11), (0, 4), (1, 5), (2, 10), (3, 11), (8, 4), (9, 3), (10, 4), (9, 6), (11, 3), (0, 9), (10, 7), (8, 10), (0, 6), (11, 6), (2, 6), (1, 10)])"
12,23,0.09601664543151855,1,0.0011258125305175781,0.6528921127319336,"(Vertices: [0, 1, 2, 3, 4, 5, 6, 7, 8, 9, 10, 11]) -- (Edges: [(4, 6), (9, 2), (0, 2), (0, 5), (2, 5), (2, 11), (1, 9), (0, 11), (3, 6), (9, 1), (8, 5), (11, 7), (10, 5), (1, 2), (0, 4), (3, 11), (9, 3), (8, 1), (11, 3), (0, 6), (2, 3), (2, 6), (1, 10)])"
12,17,0.09771227836608887,64,0.001112222671508789,0.5886459350585938,"(Vertices: [0, 1, 2, 3, 4, 5, 6, 7, 8, 9, 10, 11]) -- (Edges: [(0, 7), (10, 5), (1, 2), (8, 1), (9, 2), (0, 6), (2, 3), (3, 5), (4, 5), (8, 9), (11, 4), (8, 11), (9, 1), (1, 3), (1, 9), (0, 11), (9, 4)])"
12,24,0.12054443359375,1,0.0017309188842773438,0.6357793807983398,"(Vertices: [0, 1, 2, 3, 4, 5, 6, 7, 8, 9, 10, 11]) -- (Edges: [(8, 0), (0, 2), (0, 5), (8, 6), (1, 6), (0, 8), (0, 11), (5, 6), (9, 7), (9, 4), (0, 1), (11, 7), (9, 10), (1, 2), (0, 4), (0, 10), (2, 7), (10, 11), (3, 5), (8, 10), (10, 7), (0, 6), (2, 3), (1, 10)])"
12,17,0.10466814041137695,64,0.0012173652648925781,0.6171493530273438,"(Vertices: [0, 1, 2, 3, 4, 5, 6, 7, 8, 9, 10, 11]) -- (Edges: [(1, 2), (10, 11), (3, 4), (2, 7), (9, 3), (10, 4), (9, 11), (10, 7), (9, 5), (8, 3), (6, 7), (8, 9), (11, 5), (10, 3), (1, 6), (1, 3), (2, 11)])"
12,22,0.1042022705078125,1,0.0011606216430664062,0.6119832992553711,"(Vertices: [0, 1, 2, 3, 4, 5, 6, 7, 8, 9, 10, 11]) -- (Edges: [(3, 7), (5, 7), (8, 0), (8, 3), (11, 5), (9, 11), (0, 8), (2, 11), (1, 3), (1, 9), (4, 5), (8, 2), (9, 1), (8, 5), (1, 5), (6, 7), (9, 3), (8, 7), (9, 6), (0, 9), (2, 3), (2, 6)])"
12,18,0.11824297904968262,64,0.001291513442993164,0.5987091064453125,"(Vertices: [0, 1, 2, 3, 4, 5, 6, 7, 8, 9, 10, 11]) -- (Edges: [(9, 10), (11, 7), (2, 4), (10, 2), (3, 7), (2, 10), (11, 3), (10, 7), (8, 0), (8, 3), (3, 5), (11, 5), (8, 2), (0, 8), (9, 1), (1, 9), (0, 11), (3, 11)])"
12,28,0.11007571220397949,1,0.0015034675598144531,0.6542348861694336,"(Vertices: [0, 1, 2, 3, 4, 5, 6, 7, 8, 9, 10, 11]) -- (Edges: [(9, 5), (0, 2), (8, 3), (8, 9), (10, 3), (1, 6), (9, 11), (2, 11), (1, 9), (5, 6), (8, 2), (9, 1), (11, 4), (10, 2), (9, 10), (10, 5), (1, 2), (1, 11), (2, 10), (6, 7), (4, 7), (3, 5), (3, 11), (8, 1), (10, 4), (11, 3), (0, 9), (10, 7)])"
12,25,0.10332512855529785,64,0.002076387405395508,0.6371002197265625,"(Vertices: [0, 1, 2, 3, 4, 5, 6, 7, 8, 9, 10, 11]) -- (Edges: [(3, 7), (9, 2), (5, 7), (8, 3), (8, 9), (0, 5), (2, 11), (1, 9), (0, 11), (5, 6), (9, 1), (10, 2), (9, 4), (10, 5), (10, 11), (0, 4), (1, 5), (1, 11), (2, 10), (4, 7), (8, 7), (0, 3), (1, 4), (0, 6), (1, 7)])"
12,17,0.11719822883605957,1,0.0013701915740966797,0.6056509017944336,"(Vertices: [0, 1, 2, 3, 4, 5, 6, 7, 8, 9, 10, 11]) -- (Edges: [(0, 1), (11, 7), (1, 2), (0, 10), (9, 6), (10, 7), (8, 5), (0, 2), (1, 7), (8, 3), (4, 5), (0, 5), (1, 6), (9, 1), (1, 9), (8, 11), (9, 4)])"
12,27,0.11471414566040039,64,0.002140522003173828,0.6095046997070312,"(Vertices: [0, 1, 2, 3, 4, 5, 6, 7, 8, 9, 10, 11]) -- (Edges: [(3, 7), (9, 2), (5, 7), (8, 3), (10, 6), (8, 6), (10, 3), (1, 6), (2, 11), (1, 9), (0, 11), (4, 5), (5, 6), (9, 1), (8, 5), (9, 10), (0, 4), (0, 10), (1, 5), (6, 7), (4, 7), (9, 3), (9, 6), (0, 3), (11, 6), (2, 3), (1, 10)])"
12,26,0.09927892684936523,1,0.0013399124145507812,0.6258077621459961,"(Vertices: [0, 1, 2, 3, 4, 5, 6, 7, 8, 9, 10, 11]) -- (Edges: [(0, 2), (8, 3), (8, 9), (9, 11), (2, 11), (1, 3), (1, 9), (9, 1), (11, 4), (10, 2), (9, 10), (10, 5), (0, 4), (1, 5), (1, 11), (2, 10), (6, 7), (3, 11), (9, 3), (8, 1), (8, 7), (10, 4), (11, 3), (1, 4), (0, 6), (1, 10)])"
12,21,0.11323404312133789,64,0.001214742660522461,0.6251602172851562,"(Vertices: [0, 1, 2, 3, 4, 5, 6, 7, 8, 9, 10, 11]) -- (Edges: [(9, 2), (5, 7), (8, 0), (0, 2), (8, 9), (1, 6), (0, 8), (11, 4), (9, 4), (0, 1), (2, 4), (2, 7), (1, 11), (4, 7), (9, 3), (8, 1), (10, 7), (0, 6), (2, 3), (11, 6), (2, 6)])"
12,28,0.09637570381164551,1,0.0015120506286621094,0.6562337875366211,"(Vertices: [0, 1, 2, 3, 4, 5, 6, 7, 8, 9, 10, 11]) -- (Edges: [(3, 4), (9, 2), (0, 2), (8, 3), (10, 6), (10, 3), (1, 6), (1, 3), (2, 11), (4, 5), (3, 6), (8, 2), (9, 7), (8, 5), (10, 2), (9, 4), (0, 7), (2, 7), (1, 5), (2, 10), (6, 7), (3, 5), (3, 11), (9, 3), (8, 7), (11, 3), (0, 9), (1, 4)])"
12,22,0.1053931713104248,64,0.0016553401947021484,0.599639892578125,"(Vertices: [0, 1, 2, 3, 4, 5, 6, 7, 8, 9, 10, 11]) -- (Edges: [(3, 7), (8, 0), (0, 2), (1, 6), (0, 8), (9, 11), (4, 5), (3, 6), (9, 7), (11, 4), (9, 10), (1, 2), (3, 11), (8, 4), (8, 1), (10, 4), (0, 3), (11, 3), (0, 6), (2, 3), (11, 6), (1, 10)])"
12,21,0.10437989234924316,1,0.001041412353515625,0.6430196762084961,"(Vertices: [0, 1, 2, 3, 4, 5, 6, 7, 8, 9, 10, 11]) -- (Edges: [(9, 2), (9, 5), (8, 6), (9, 11), (1, 6), (0, 11), (9, 7), (11, 4), (8, 11), (10, 2), (0, 1), (2, 4), (1, 2), (0, 4), (10, 5), (2, 10), (4, 7), (3, 11), (11, 3), (1, 4), (1, 7)])"
12,29,0.09621000289916992,64,0.0015056133270263672,0.6141433715820312,"(Vertices: [0, 1, 2, 3, 4, 5, 6, 7, 8, 9, 10, 11]) -- (Edges: [(3, 4), (4, 6), (9, 2), (9, 5), (0, 2), (8, 3), (8, 9), (8, 6), (9, 11), (1, 3), (9, 7), (8, 5), (11, 4), (9, 4), (10, 5), (1, 2), (1, 5), (1, 11), (6, 7), (3, 11), (8, 1), (8, 7), (10, 4), (11, 3), (0, 9), (0, 6), (2, 3), (11, 6), (2, 6)])"
12,27,0.10009098052978516,1,0.0016002655029296875,0.6604528427124023,"(Vertices: [0, 1, 2, 3, 4, 5, 6, 7, 8, 9, 10, 11]) -- (Edges: [(3, 7), (4, 6), (5, 7), (10, 6), (0, 5), (11, 5), (8, 6), (1, 6), (2, 11), (0, 11), (3, 6), (9, 7), (8, 11), (9, 10), (0, 7), (11, 7), (1, 2), (10, 11), (2, 7), (6, 7), (3, 5), (3, 11), (11, 3), (8, 10), (10, 7), (11, 6), (1, 7)])"
12,25,0.11157822608947754,64,0.001667022705078125,0.6355361938476562,"(Vertices: [0, 1, 2, 3, 4, 5, 6, 7, 8, 9, 10, 11]) -- (Edges: [(4, 6), (9, 2), (0, 2), (0, 5), (10, 3), (1, 6), (9, 11), (2, 5), (5, 6), (8, 11), (0, 1), (10, 5), (0, 10), (2, 7), (1, 11), (3, 5), (3, 11), (8, 4), (8, 1), (0, 3), (11, 3), (10, 7), (0, 6), (11, 6), (1, 10)])"
12,25,0.09798002243041992,1,0.00113677978515625,0.6441030502319336,"(Vertices: [0, 1, 2, 3, 4, 5, 6, 7, 8, 9, 10, 11]) -- (Edges: [(9, 2), (5, 7), (10, 6), (2, 5), (1, 3), (2, 11), (4, 5), (11, 4), (10, 2), (9, 4), (0, 1), (9, 10), (2, 4), (1, 2), (0, 4), (10, 5), (1, 11), (2, 10), (8, 7), (10, 4), (10, 7), (0, 6), (2, 3), (11, 6), (1, 7)])"
12,22,0.09686088562011719,64,0.0016636848449707031,0.6323928833007812,"(Vertices: [0, 1, 2, 3, 4, 5, 6, 7, 8, 9, 10, 11]) -- (Edges: [(5, 7), (8, 0), (9, 11), (0, 8), (0, 11), (5, 6), (3, 6), (9, 7), (9, 4), (9, 10), (0, 7), (1, 2), (10, 11), (1, 11), (6, 7), (8, 4), (9, 3), (0, 9), (1, 4), (2, 3), (1, 7), (2, 6)])"
12,24,0.10477066040039062,1,0.0013821125030517578,0.6478872299194336,"(Vertices: [0, 1, 2, 3, 4, 5, 6, 7, 8, 9, 10, 11]) -- (Edges: [(3, 4), (5, 7), (8, 0), (8, 3), (10, 3), (1, 6), (0, 8), (9, 11), (1, 3), (2, 11), (4, 5), (11, 4), (9, 10), (11, 7), (2, 4), (0, 10), (3, 5), (8, 4), (8, 7), (10, 7), (11, 6), (2, 3), (2, 6), (1, 10)])"
12,27,0.10151410102844238,64,0.0013000965118408203,0.6249923706054688,"(Vertices: [0, 1, 2, 3, 4, 5, 6, 7, 8, 9, 10, 11]) -- (Edges: [(10, 6), (0, 5), (10, 3), (11, 5), (1, 6), (8, 6), (9, 11), (2, 11), (1, 9), (4, 5), (9, 1), (11, 4), (10, 2), (0, 7), (2, 4), (0, 4), (2, 10), (9, 3), (8, 1), (9, 6), (0, 9), (10, 7), (1, 4), (2, 3), (1, 7), (2, 6), (1, 10)])"
12,22,0.10327482223510742,1,0.0017843246459960938,0.6286230087280273,"(Vertices: [0, 1, 2, 3, 4, 5, 6, 7, 8, 9, 10, 11]) -- (Edges: [(3, 4), (3, 7), (8, 3), (10, 6), (0, 5), (10, 3), (8, 6), (5, 6), (8, 2), (8, 5), (9, 10), (11, 7), (2, 4), (8, 4), (9, 3), (10, 4), (0, 9), (1, 4), (11, 6), (2, 3), (1, 7), (2, 6)])"
12,25,0.10037851333618164,64,0.002763509750366211,0.6201400756835938,"(Vertices: [0, 1, 2, 3, 4, 5, 6, 7, 8, 9, 10, 11]) -- (Edges: [(8, 9), (0, 5), (11, 5), (1, 6), (1, 9), (8, 2), (9, 1), (8, 11), (0, 1), (0, 7), (10, 5), (1, 2), (0, 4), (0, 10), (9, 10), (1, 5), (1, 11), (6, 7), (4, 7), (8, 4), (8, 7), (9, 6), (1, 4), (0, 6), (2, 3)])"
12,18,0.10554027557373047,1,0.0017728805541992188,0.6360616683959961,"(Vertices: [0, 1, 2, 3, 4, 5, 6, 7, 8, 9, 10, 11]) -- (Edges: [(0, 1), (9, 10), (2, 4), (1, 2), (0, 4), (8, 4), (2, 7), (9, 7), (3, 11), (11, 3), (0, 9), (5, 6), (0, 5), (11, 5), (8, 6), (1, 3), (0, 11), (9, 4)])"
12,21,0.11257433891296387,64,0.00170135498046875,0.6188812255859375,"(Vertices: [0, 1, 2, 3, 4, 5, 6, 7, 8, 9, 10, 11]) -- (Edges: [(3, 4), (9, 2), (9, 5), (8, 3), (0, 5), (9, 11), (2, 11), (8, 5), (0, 1), (0, 7), (2, 4), (10, 5), (10, 11), (2, 7), (1, 5), (6, 7), (4, 7), (10, 4), (0, 9), (2, 3), (1, 10)])"
12,25,0.11904144287109375,1,0.0014142990112304688,0.6393117904663086,"(Vertices: [0, 1, 2, 3, 4, 5, 6, 7, 8, 9, 10, 11]) -- (Edges: [(4, 6), (8, 0), (8, 9), (0, 5), (10, 3), (8, 6), (0, 8), (2, 5), (1, 3), (0, 11), (9, 7), (11, 4), (9, 4), (9, 10), (0, 7), (10, 5), (10, 11), (0, 10), (1, 5), (4, 7), (8, 7), (0, 9), (0, 6), (2, 3), (2, 6)])"
12,29,0.10202217102050781,64,0.0013129711151123047,0.6337814331054688,"(Vertices: [0, 1, 2, 3, 4, 5, 6, 7, 8, 9, 10, 11]) -- (Edges: [(3, 7), (4, 6), (9, 2), (8, 0), (9, 5), (10, 6), (8, 6), (0, 8), (2, 5), (2, 11), (1, 9), (5, 6), (9, 1), (11, 4), (8, 11), (9, 4), (10, 2), (2, 4), (1, 2), (1, 5), (1, 11), (2, 10), (8, 4), (8, 1), (8, 7), (1, 4), (11, 6), (1, 7), (1, 10)])"
12,28,0.10262823104858398,1,0.001416921615600586,0.6605749130249023,"(Vertices: [0, 1, 2, 3, 4, 5, 6, 7, 8, 9, 10, 11]) -- (Edges: [(3, 4), (3, 7), (8, 3), (8, 9), (0, 5), (8, 6), (9, 11), (1, 9), (0, 11), (8, 2), (9, 1), (9, 7), (8, 11), (11, 7), (1, 2), (0, 4), (0, 10), (10, 11), (6, 7), (3, 5), (3, 11), (10, 4), (0, 3), (11, 3), (8, 10), (0, 6), (11, 6), (1, 7)])"
12,23,0.10635018348693848,64,0.0024042129516601562,0.6254043579101562,"(Vertices: [0, 1, 2, 3, 4, 5, 6, 7, 8, 9, 10, 11]) -- (Edges: [(5, 7), (9, 5), (10, 6), (0, 5), (10, 3), (2, 5), (1, 9), (0, 11), (5, 6), (3, 6), (9, 1), (11, 4), (0, 1), (11, 7), (10, 5), (9, 10), (0, 4), (2, 7), (1, 5), (6, 7), (9, 3), (9, 6), (0, 9)])"
12,25,0.10685491561889648,1,0.0014808177947998047,0.6254262924194336,"(Vertices: [0, 1, 2, 3, 4, 5, 6, 7, 8, 9, 10, 11]) -- (Edges: [(3, 7), (9, 2), (0, 2), (0, 5), (11, 5), (8, 6), (2, 5), (1, 3), (5, 6), (3, 6), (8, 2), (9, 7), (8, 5), (9, 4), (0, 7), (10, 5), (11, 7), (10, 11), (6, 7), (4, 7), (3, 5), (3, 11), (10, 4), (11, 3), (0, 9)])"
12,23,0.10929751396179199,64,0.0014889240264892578,0.6025848388671875,"(Vertices: [0, 1, 2, 3, 4, 5, 6, 7, 8, 9, 10, 11]) -- (Edges: [(8, 0), (9, 5), (8, 9), (10, 3), (0, 8), (0, 11), (4, 5), (5, 6), (9, 7), (8, 5), (9, 4), (0, 7), (0, 10), (1, 11), (6, 7), (4, 7), (9, 3), (8, 7), (10, 4), (8, 10), (1, 4), (11, 6), (1, 10)])"
12,28,0.09714674949645996,1,0.0013537406921386719,0.6654882431030273,"(Vertices: [0, 1, 2, 3, 4, 5, 6, 7, 8, 9, 10, 11]) -- (Edges: [(3, 7), (4, 6), (9, 2), (5, 7), (8, 3), (8, 9), (0, 5), (11, 5), (1, 6), (1, 3), (0, 11), (5, 6), (8, 11), (9, 4), (9, 10), (11, 7), (10, 5), (10, 11), (0, 10), (6, 7), (4, 7), (0, 9), (10, 7), (1, 4), (11, 6), (2, 3), (8, 10), (1, 10)])"
12,29,0.10732102394104004,64,0.0014646053314208984,0.6273345947265625,"(Vertices: [0, 1, 2, 3, 4, 5, 6, 7, 8, 9, 10, 11]) -- (Edges: [(9, 5), (0, 2), (10, 6), (0, 5), (8, 6), (1, 6), (1, 9), (0, 11), (9, 1), (9, 7), (8, 11), (9, 4), (0, 7), (2, 4), (1, 2), (2, 7), (1, 11), (6, 7), (3, 5), (3, 11), (8, 4), (8, 1), (10, 4), (9, 6), (11, 3), (1, 4), (0, 6), (11, 6), (2, 6)])"
12,17,0.09654998779296875,1,0.001255035400390625,0.6291418075561523,"(Vertices: [0, 1, 2, 3, 4, 5, 6, 7, 8, 9, 10, 11]) -- (Edges: [(9, 7), (8, 4), (10, 4), (0, 9), (10, 7), (0, 6), (2, 3), (6, 7), (1, 7), (11, 4), (3, 6), (10, 6), (10, 3), (1, 3), (4, 7), (0, 11), (9, 4)])"
12,26,0.10635805130004883,64,0.002573728561401367,0.6207962036132812,"(Vertices: [0, 1, 2, 3, 4, 5, 6, 7, 8, 9, 10, 11]) -- (Edges: [(3, 7), (5, 7), (9, 5), (8, 9), (10, 6), (1, 6), (9, 11), (1, 9), (4, 5), (8, 2), (9, 1), (8, 5), (11, 4), (9, 4), (0, 1), (0, 7), (2, 4), (8, 11), (2, 7), (8, 4), (8, 1), (8, 7), (10, 4), (8, 10), (10, 7), (1, 10)])"
13,24,0.20411419868469238,1,0.0029747486114501953,1.3633489608764648,"(Vertices: [0, 1, 2, 3, 4, 5, 6, 7, 8, 9, 10, 11, 12]) -- (Edges: [(12, 4), (12, 7), (4, 6), (4, 12), (0, 5), (12, 6), (5, 6), (11, 4), (10, 2), (0, 1), (0, 7), (10, 5), (10, 11), (0, 10), (1, 11), (2, 10), (3, 11), (8, 4), (9, 3), (10, 4), (11, 3), (8, 10), (0, 6), (1, 10)])"
13,34,0.1795964241027832,91,0.005669832229614258,1.1818084716796875,"(Vertices: [0, 1, 2, 3, 4, 5, 6, 7, 8, 9, 10, 11, 12]) -- (Edges: [(3, 7), (8, 0), (0, 5), (8, 6), (8, 12), (0, 8), (2, 5), (1, 9), (0, 11), (4, 5), (12, 6), (3, 12), (8, 2), (9, 1), (11, 4), (8, 5), (10, 2), (0, 1), (10, 5), (1, 2), (1, 11), (2, 10), (3, 11), (8, 7), (9, 6), (11, 3), (8, 10), (10, 7), (1, 4), (11, 6), (0, 12), (2, 3), (11, 12), (2, 6)])"
13,23,0.2073981761932373,1,0.0021665096282958984,1.365096092224121,"(Vertices: [0, 1, 2, 3, 4, 5, 6, 7, 8, 9, 10, 11, 12]) -- (Edges: [(12, 7), (4, 6), (5, 7), (8, 0), (10, 6), (0, 5), (8, 12), (1, 6), (0, 8), (12, 6), (3, 6), (10, 2), (0, 7), (1, 2), (10, 11), (1, 5), (2, 10), (6, 7), (8, 4), (8, 7), (10, 4), (0, 9), (1, 7)])"
13,24,0.19213390350341797,91,0.002857208251953125,1.2448959350585938,"(Vertices: [0, 1, 2, 3, 4, 5, 6, 7, 8, 9, 10, 11, 12]) -- (Edges: [(3, 4), (4, 6), (9, 5), (0, 5), (1, 6), (0, 11), (4, 5), (3, 12), (8, 2), (11, 4), (8, 11), (0, 7), (2, 4), (11, 7), (0, 10), (8, 1), (9, 6), (0, 9), (1, 4), (11, 6), (0, 12), (11, 12), (2, 6), (2, 12)])"
13,32,0.20194530487060547,1,0.003547191619873047,1.285414695739746,"(Vertices: [0, 1, 2, 3, 4, 5, 6, 7, 8, 9, 10, 11, 12]) -- (Edges: [(3, 4), (5, 7), (9, 5), (8, 3), (1, 3), (1, 9), (0, 11), (1, 12), (4, 5), (12, 6), (3, 6), (3, 12), (8, 2), (9, 1), (11, 4), (8, 5), (10, 2), (0, 7), (10, 5), (1, 2), (1, 5), (2, 10), (3, 5), (8, 1), (0, 3), (0, 9), (10, 7), (2, 3), (11, 12), (1, 7), (2, 6), (1, 10)])"
13,23,0.1947774887084961,91,0.002187490463256836,1.3572998046875,"(Vertices: [0, 1, 2, 3, 4, 5, 6, 7, 8, 9, 10, 11, 12]) -- (Edges: [(12, 7), (3, 4), (3, 7), (9, 2), (8, 3), (8, 9), (2, 5), (0, 11), (1, 12), (4, 5), (12, 6), (3, 6), (9, 7), (0, 7), (2, 4), (1, 2), (10, 11), (1, 5), (6, 7), (3, 5), (9, 6), (0, 12), (11, 12)])"
13,24,0.20159554481506348,1,0.0033321380615234375,1.2797002792358398,"(Vertices: [0, 1, 2, 3, 4, 5, 6, 7, 8, 9, 10, 11, 12]) -- (Edges: [(12, 7), (3, 7), (8, 0), (8, 3), (10, 6), (0, 5), (8, 12), (0, 8), (8, 2), (9, 7), (11, 4), (0, 1), (10, 11), (0, 10), (6, 7), (9, 3), (10, 4), (9, 12), (1, 4), (11, 6), (0, 12), (11, 12), (1, 7), (2, 12)])"
13,27,0.19751763343811035,91,0.003645658493041992,1.2409896850585938,"(Vertices: [0, 1, 2, 3, 4, 5, 6, 7, 8, 9, 10, 11, 12]) -- (Edges: [(12, 7), (3, 4), (3, 7), (5, 7), (8, 0), (0, 2), (11, 5), (8, 12), (0, 8), (2, 11), (1, 9), (1, 12), (12, 6), (5, 6), (9, 1), (8, 11), (9, 4), (9, 10), (0, 7), (11, 7), (1, 11), (4, 7), (3, 5), (9, 3), (9, 12), (0, 6), (2, 6)])"
13,23,0.20105314254760742,1,0.003435850143432617,1.279646873474121,"(Vertices: [0, 1, 2, 3, 4, 5, 6, 7, 8, 9, 10, 11, 12]) -- (Edges: [(9, 5), (0, 2), (8, 3), (9, 11), (1, 3), (10, 12), (0, 11), (12, 6), (5, 6), (3, 12), (11, 4), (8, 11), (0, 1), (11, 7), (2, 4), (1, 2), (0, 4), (10, 5), (9, 10), (8, 4), (8, 1), (10, 4), (11, 6)])"
13,23,0.17993640899658203,91,0.004431962966918945,1.2783279418945312,"(Vertices: [0, 1, 2, 3, 4, 5, 6, 7, 8, 9, 10, 11, 12]) -- (Edges: [(9, 2), (8, 3), (8, 9), (10, 6), (0, 5), (1, 6), (2, 11), (10, 12), (3, 6), (3, 12), (8, 2), (8, 5), (10, 2), (9, 4), (0, 1), (10, 11), (0, 4), (2, 10), (12, 5), (3, 11), (8, 4), (0, 3), (11, 3)])"
13,27,0.1906888484954834,1,0.004370212554931641,1.3002309799194336,"(Vertices: [0, 1, 2, 3, 4, 5, 6, 7, 8, 9, 10, 11, 12]) -- (Edges: [(12, 7), (3, 7), (8, 0), (0, 2), (8, 3), (10, 6), (8, 9), (11, 5), (10, 3), (8, 6), (9, 11), (0, 8), (1, 3), (1, 9), (12, 6), (5, 6), (9, 1), (8, 5), (0, 1), (0, 7), (6, 7), (8, 4), (0, 12), (2, 3), (11, 12), (2, 6), (1, 10)])"
13,29,0.18560528755187988,91,0.0029675960540771484,1.1882858276367188,"(Vertices: [0, 1, 2, 3, 4, 5, 6, 7, 8, 9, 10, 11, 12]) -- (Edges: [(12, 4), (4, 12), (5, 7), (8, 0), (0, 2), (8, 3), (10, 6), (8, 6), (8, 12), (1, 6), (0, 8), (2, 5), (1, 3), (3, 12), (11, 4), (8, 11), (9, 4), (11, 7), (1, 2), (2, 7), (1, 5), (1, 11), (6, 7), (12, 5), (8, 1), (9, 12), (2, 3), (2, 6), (2, 12)])"
13,30,0.23890256881713867,1,0.005203962326049805,1.257765769958496,"(Vertices: [0, 1, 2, 3, 4, 5, 6, 7, 8, 9, 10, 11, 12]) -- (Edges: [(4, 6), (9, 2), (9, 5), (8, 3), (10, 6), (0, 5), (10, 3), (1, 6), (2, 5), (1, 3), (10, 12), (0, 11), (3, 6), (8, 5), (9, 10), (0, 7), (1, 2), (0, 4), (10, 11), (6, 7), (12, 5), (10, 4), (0, 3), (10, 7), (0, 6), (2, 3), (11, 6), (11, 12), (2, 6), (1, 10)])"
13,25,0.21885371208190918,91,0.00510716438293457,1.3375778198242188,"(Vertices: [0, 1, 2, 3, 4, 5, 6, 7, 8, 9, 10, 11, 12]) -- (Edges: [(12, 4), (12, 7), (3, 4), (4, 12), (9, 2), (5, 7), (9, 5), (8, 3), (8, 9), (8, 6), (8, 12), (1, 6), (0, 11), (3, 6), (8, 2), (8, 5), (9, 10), (11, 7), (2, 4), (0, 4), (2, 7), (9, 3), (0, 9), (1, 4), (2, 3)])"
13,24,0.2273094654083252,1,0.003404855728149414,1.3770132064819336,"(Vertices: [0, 1, 2, 3, 4, 5, 6, 7, 8, 9, 10, 11, 12]) -- (Edges: [(3, 7), (9, 5), (0, 2), (8, 3), (10, 6), (10, 3), (8, 12), (9, 11), (1, 3), (4, 5), (11, 4), (8, 11), (9, 10), (10, 5), (2, 7), (1, 11), (6, 7), (3, 5), (3, 11), (8, 4), (11, 3), (11, 6), (2, 3), (11, 12)])"
13,22,0.21744203567504883,91,0.0027582645416259766,1.357818603515625,"(Vertices: [0, 1, 2, 3, 4, 5, 6, 7, 8, 9, 10, 11, 12]) -- (Edges: [(3, 4), (0, 2), (8, 9), (2, 11), (4, 5), (12, 6), (3, 12), (8, 2), (8, 11), (9, 4), (0, 7), (10, 5), (6, 7), (3, 5), (10, 4), (9, 12), (0, 9), (0, 6), (0, 12), (2, 3), (11, 6), (11, 12)])"
13,17,0.23562192916870117,1,0.003868579864501953,1.3582372665405273,"(Vertices: [0, 1, 2, 3, 4, 5, 6, 7, 8, 9, 10, 11, 12]) -- (Edges: [(0, 1), (10, 11), (8, 4), (12, 7), (8, 1), (1, 11), (9, 6), (8, 0), (1, 7), (2, 6), (2, 12), (0, 5), (11, 4), (5, 6), (0, 8), (1, 3), (2, 11)])"
13,24,0.21880507469177246,91,0.003261566162109375,1.2471466064453125,"(Vertices: [0, 1, 2, 3, 4, 5, 6, 7, 8, 9, 10, 11, 12]) -- (Edges: [(0, 2), (10, 6), (0, 5), (9, 11), (2, 5), (1, 9), (0, 11), (5, 6), (3, 6), (9, 1), (9, 7), (8, 11), (0, 1), (11, 7), (9, 10), (10, 11), (1, 11), (4, 7), (3, 11), (0, 3), (11, 3), (1, 4), (11, 6), (2, 6)])"
13,31,0.24061846733093262,1,0.0054819583892822266,1.2748785018920898,"(Vertices: [0, 1, 2, 3, 4, 5, 6, 7, 8, 9, 10, 11, 12]) -- (Edges: [(12, 7), (3, 7), (4, 6), (9, 5), (0, 5), (10, 3), (8, 6), (10, 12), (1, 9), (12, 6), (5, 6), (8, 2), (9, 1), (9, 7), (8, 5), (10, 2), (0, 1), (9, 10), (2, 4), (1, 2), (10, 11), (0, 10), (1, 11), (2, 10), (6, 7), (3, 5), (8, 1), (8, 7), (9, 12), (8, 10), (2, 3)])"
13,27,0.22530460357666016,91,0.0037827491760253906,1.2811279296875,"(Vertices: [0, 1, 2, 3, 4, 5, 6, 7, 8, 9, 10, 11, 12]) -- (Edges: [(12, 4), (4, 6), (4, 12), (9, 2), (5, 7), (8, 0), (0, 5), (11, 5), (8, 6), (1, 6), (0, 8), (2, 5), (2, 11), (1, 3), (1, 9), (0, 11), (8, 12), (4, 5), (9, 1), (0, 7), (2, 4), (10, 5), (0, 4), (2, 7), (1, 5), (9, 3), (1, 7)])"
13,22,0.1969127655029297,1,0.004524946212768555,1.3244009017944336,"(Vertices: [0, 1, 2, 3, 4, 5, 6, 7, 8, 9, 10, 11, 12]) -- (Edges: [(12, 7), (4, 6), (8, 9), (10, 6), (2, 5), (0, 11), (4, 5), (12, 6), (3, 6), (3, 12), (8, 2), (11, 4), (9, 4), (11, 7), (2, 4), (10, 11), (3, 5), (9, 3), (8, 1), (0, 9), (0, 6), (2, 12)])"
13,34,0.19121885299682617,91,0.003688335418701172,1.1794815063476562,"(Vertices: [0, 1, 2, 3, 4, 5, 6, 7, 8, 9, 10, 11, 12]) -- (Edges: [(12, 7), (3, 7), (4, 6), (9, 2), (8, 0), (0, 2), (8, 3), (8, 9), (11, 5), (8, 6), (8, 12), (9, 11), (0, 8), (2, 5), (2, 11), (1, 9), (1, 12), (5, 6), (9, 1), (8, 5), (10, 2), (0, 1), (10, 5), (2, 10), (12, 5), (3, 11), (8, 4), (8, 1), (8, 7), (10, 4), (11, 3), (0, 9), (9, 12), (11, 6)])"
13,25,0.19607329368591309,1,0.002362489700317383,1.3696584701538086,"(Vertices: [0, 1, 2, 3, 4, 5, 6, 7, 8, 9, 10, 11, 12]) -- (Edges: [(3, 4), (9, 2), (9, 5), (0, 2), (8, 3), (10, 3), (8, 12), (1, 9), (1, 12), (8, 2), (9, 1), (10, 11), (6, 7), (12, 5), (4, 7), (3, 11), (8, 4), (10, 4), (9, 6), (11, 3), (0, 9), (9, 12), (2, 3), (11, 12), (1, 7)])"
13,27,0.18887853622436523,91,0.004607677459716797,1.2396697998046875,"(Vertices: [0, 1, 2, 3, 4, 5, 6, 7, 8, 9, 10, 11, 12]) -- (Edges: [(12, 4), (3, 4), (4, 12), (10, 6), (0, 5), (8, 12), (2, 5), (1, 9), (4, 5), (12, 6), (3, 6), (8, 2), (9, 1), (8, 11), (9, 10), (1, 5), (6, 7), (3, 5), (3, 11), (8, 4), (8, 1), (8, 7), (11, 3), (0, 9), (10, 7), (2, 3), (11, 12)])"
13,17,0.20578503608703613,1,0.002724170684814453,1.3291540145874023,"(Vertices: [0, 1, 2, 3, 4, 5, 6, 7, 8, 9, 10, 11, 12]) -- (Edges: [(12, 5), (9, 10), (10, 11), (2, 7), (9, 1), (11, 6), (0, 2), (4, 5), (2, 12), (1, 10), (11, 4), (11, 5), (1, 6), (2, 5), (1, 3), (1, 9), (8, 2)])"
13,30,0.18822813034057617,91,0.0032339096069335938,1.26641845703125,"(Vertices: [0, 1, 2, 3, 4, 5, 6, 7, 8, 9, 10, 11, 12]) -- (Edges: [(12, 4), (3, 4), (3, 7), (4, 12), (9, 5), (8, 9), (11, 5), (10, 3), (8, 12), (1, 6), (10, 12), (1, 9), (9, 1), (9, 7), (11, 4), (8, 11), (9, 4), (0, 1), (0, 7), (10, 5), (1, 2), (11, 7), (2, 7), (1, 11), (4, 7), (3, 5), (8, 1), (10, 4), (0, 6), (2, 3)])"
13,22,0.1932964324951172,1,0.007268190383911133,1.2730474472045898,"(Vertices: [0, 1, 2, 3, 4, 5, 6, 7, 8, 9, 10, 11, 12]) -- (Edges: [(12, 4), (4, 12), (0, 2), (10, 6), (8, 12), (10, 3), (1, 6), (1, 12), (5, 6), (3, 6), (8, 2), (8, 11), (9, 4), (10, 2), (0, 7), (10, 11), (0, 10), (2, 10), (8, 4), (8, 7), (1, 4), (2, 12)])"
13,26,0.19109106063842773,91,0.004995584487915039,1.2340850830078125,"(Vertices: [0, 1, 2, 3, 4, 5, 6, 7, 8, 9, 10, 11, 12]) -- (Edges: [(3, 4), (5, 7), (0, 5), (10, 3), (8, 6), (1, 6), (2, 5), (1, 12), (4, 5), (5, 6), (8, 2), (8, 11), (9, 4), (10, 5), (0, 10), (1, 5), (1, 11), (3, 11), (8, 7), (9, 6), (0, 3), (11, 3), (8, 10), (0, 6), (11, 6), (2, 6)])"
13,31,0.19510865211486816,1,0.0037679672241210938,1.3159093856811523,"(Vertices: [0, 1, 2, 3, 4, 5, 6, 7, 8, 9, 10, 11, 12]) -- (Edges: [(3, 4), (10, 6), (11, 5), (10, 3), (1, 3), (1, 9), (10, 12), (4, 5), (5, 6), (9, 1), (9, 7), (8, 5), (8, 11), (11, 7), (2, 4), (6, 7), (12, 5), (4, 7), (8, 4), (8, 7), (9, 6), (0, 3), (10, 7), (1, 4), (0, 6), (0, 12), (2, 3), (11, 6), (11, 12), (2, 12), (1, 10)])"
13,26,0.1983811855316162,91,0.0030906200408935547,1.2174453735351562,"(Vertices: [0, 1, 2, 3, 4, 5, 6, 7, 8, 9, 10, 11, 12]) -- (Edges: [(3, 7), (9, 2), (8, 0), (0, 2), (8, 3), (10, 6), (0, 5), (10, 3), (1, 6), (0, 8), (2, 5), (1, 3), (9, 11), (12, 6), (5, 6), (8, 2), (0, 1), (2, 4), (12, 5), (8, 4), (10, 4), (9, 6), (0, 3), (1, 4), (11, 6), (11, 12)])"
13,24,0.19253087043762207,1,0.005021810531616211,1.3950185775756836,"(Vertices: [0, 1, 2, 3, 4, 5, 6, 7, 8, 9, 10, 11, 12]) -- (Edges: [(12, 7), (3, 7), (4, 6), (9, 2), (5, 7), (8, 0), (8, 3), (0, 5), (0, 8), (1, 3), (2, 11), (10, 12), (3, 12), (11, 4), (0, 1), (0, 7), (9, 10), (10, 11), (0, 10), (3, 5), (9, 3), (10, 4), (0, 3), (0, 9)])"
13,32,0.19654488563537598,91,0.004899740219116211,1.160430908203125,"(Vertices: [0, 1, 2, 3, 4, 5, 6, 7, 8, 9, 10, 11, 12]) -- (Edges: [(3, 7), (9, 5), (8, 12), (1, 6), (9, 11), (1, 3), (2, 11), (0, 11), (10, 12), (12, 6), (5, 6), (3, 12), (8, 2), (9, 7), (11, 4), (8, 11), (9, 4), (9, 10), (11, 7), (10, 2), (10, 11), (1, 11), (2, 10), (3, 5), (8, 4), (8, 7), (0, 3), (0, 6), (2, 3), (11, 6), (2, 12), (1, 10)])"
13,26,0.20159578323364258,1,0.007178783416748047,1.3037939071655273,"(Vertices: [0, 1, 2, 3, 4, 5, 6, 7, 8, 9, 10, 11, 12]) -- (Edges: [(12, 4), (12, 7), (3, 4), (3, 7), (4, 6), (4, 12), (5, 7), (8, 0), (0, 2), (8, 3), (1, 6), (0, 8), (2, 5), (4, 5), (11, 4), (11, 7), (10, 5), (2, 7), (6, 7), (12, 5), (3, 11), (8, 1), (11, 3), (8, 10), (11, 6), (11, 12)])"
13,24,0.19501209259033203,91,0.004434347152709961,1.3616561889648438,"(Vertices: [0, 1, 2, 3, 4, 5, 6, 7, 8, 9, 10, 11, 12]) -- (Edges: [(4, 6), (8, 0), (9, 11), (0, 8), (0, 11), (12, 6), (8, 2), (9, 7), (8, 11), (9, 4), (1, 2), (0, 4), (10, 11), (2, 7), (1, 5), (6, 7), (4, 7), (8, 1), (9, 12), (0, 9), (10, 7), (11, 6), (2, 3), (2, 6)])"
13,26,0.1954193115234375,1,0.003238201141357422,1.2545766830444336,"(Vertices: [0, 1, 2, 3, 4, 5, 6, 7, 8, 9, 10, 11, 12]) -- (Edges: [(12, 4), (3, 4), (4, 6), (4, 12), (5, 7), (0, 2), (10, 6), (11, 5), (8, 12), (1, 6), (1, 12), (5, 6), (3, 12), (8, 2), (9, 7), (11, 4), (2, 4), (4, 7), (3, 11), (9, 3), (8, 1), (8, 7), (11, 3), (8, 10), (11, 12), (2, 12)])"
13,28,0.20480132102966309,91,0.0041201114654541016,1.2392425537109375,"(Vertices: [0, 1, 2, 3, 4, 5, 6, 7, 8, 9, 10, 11, 12]) -- (Edges: [(8, 0), (9, 5), (8, 3), (10, 6), (8, 6), (1, 6), (0, 8), (9, 11), (2, 11), (1, 9), (0, 11), (4, 5), (12, 6), (9, 1), (9, 10), (0, 7), (1, 2), (10, 11), (0, 10), (12, 5), (3, 5), (10, 4), (0, 3), (0, 9), (1, 4), (0, 12), (11, 12), (2, 12)])"
13,35,0.20234322547912598,1,0.003162860870361328,1.306319236755371,"(Vertices: [0, 1, 2, 3, 4, 5, 6, 7, 8, 9, 10, 11, 12]) -- (Edges: [(3, 4), (5, 7), (8, 0), (9, 5), (0, 2), (8, 3), (10, 6), (8, 9), (10, 3), (8, 12), (0, 8), (10, 12), (1, 9), (1, 12), (4, 5), (5, 6), (9, 1), (8, 11), (10, 2), (0, 7), (2, 4), (1, 2), (10, 5), (11, 7), (2, 10), (6, 7), (3, 5), (8, 4), (9, 3), (8, 1), (9, 12), (8, 10), (1, 7), (2, 12), (1, 10)])"
13,40,0.19570684432983398,91,0.005059719085693359,1.1043014526367188,"(Vertices: [0, 1, 2, 3, 4, 5, 6, 7, 8, 9, 10, 11, 12]) -- (Edges: [(12, 7), (3, 4), (8, 0), (9, 5), (10, 6), (0, 5), (10, 3), (8, 12), (1, 6), (0, 8), (10, 12), (1, 9), (4, 5), (12, 6), (3, 6), (3, 12), (9, 1), (11, 4), (8, 5), (10, 2), (0, 1), (0, 7), (10, 11), (0, 10), (1, 5), (2, 10), (4, 7), (3, 5), (3, 11), (10, 4), (0, 3), (0, 9), (11, 3), (1, 4), (11, 6), (0, 12), (10, 7), (1, 7), (11, 12), (1, 10)])"
13,23,0.1929633617401123,1,0.003042936325073242,1.3457403182983398,"(Vertices: [0, 1, 2, 3, 4, 5, 6, 7, 8, 9, 10, 11, 12]) -- (Edges: [(12, 4), (3, 4), (4, 12), (9, 2), (5, 7), (0, 5), (8, 6), (2, 5), (10, 12), (5, 6), (3, 6), (9, 4), (9, 10), (0, 7), (10, 5), (1, 2), (10, 11), (0, 10), (4, 7), (8, 1), (10, 4), (0, 9), (1, 7)])"
13,26,0.21925020217895508,91,0.005321025848388672,1.3566360473632812,"(Vertices: [0, 1, 2, 3, 4, 5, 6, 7, 8, 9, 10, 11, 12]) -- (Edges: [(12, 4), (12, 7), (4, 12), (8, 0), (8, 3), (8, 9), (0, 8), (2, 5), (1, 12), (5, 6), (8, 11), (9, 4), (9, 10), (2, 4), (1, 2), (10, 11), (1, 11), (6, 7), (3, 5), (8, 4), (9, 12), (0, 9), (10, 7), (11, 6), (11, 12), (2, 6)])"
13,22,0.1991899013519287,1,0.0028214454650878906,1.3062124252319336,"(Vertices: [0, 1, 2, 3, 4, 5, 6, 7, 8, 9, 10, 11, 12]) -- (Edges: [(4, 6), (5, 7), (8, 0), (8, 9), (10, 3), (0, 8), (10, 12), (1, 12), (5, 6), (8, 2), (8, 5), (9, 10), (0, 7), (2, 4), (2, 7), (4, 7), (3, 5), (8, 4), (8, 1), (0, 12), (11, 12), (1, 10)])"
13,32,0.186326265335083,91,0.0027327537536621094,1.3019790649414062,"(Vertices: [0, 1, 2, 3, 4, 5, 6, 7, 8, 9, 10, 11, 12]) -- (Edges: [(12, 4), (3, 7), (4, 12), (5, 7), (8, 0), (0, 2), (0, 5), (8, 12), (1, 6), (0, 8), (9, 11), (2, 11), (1, 3), (1, 9), (3, 6), (8, 2), (9, 1), (9, 10), (2, 4), (0, 4), (0, 10), (1, 11), (3, 11), (9, 3), (0, 3), (0, 9), (11, 3), (10, 7), (11, 6), (0, 12), (1, 7), (1, 10)])"
13,26,0.2004234790802002,1,0.004567861557006836,1.2308568954467773,"(Vertices: [0, 1, 2, 3, 4, 5, 6, 7, 8, 9, 10, 11, 12]) -- (Edges: [(3, 4), (9, 2), (5, 7), (8, 6), (10, 3), (1, 6), (9, 11), (1, 9), (0, 11), (4, 5), (3, 6), (3, 12), (9, 1), (9, 7), (10, 2), (10, 5), (10, 11), (0, 4), (0, 10), (1, 5), (2, 10), (12, 5), (4, 7), (8, 1), (11, 6), (1, 10)])"
13,28,0.18922162055969238,91,0.005265951156616211,1.3471755981445312,"(Vertices: [0, 1, 2, 3, 4, 5, 6, 7, 8, 9, 10, 11, 12]) -- (Edges: [(3, 7), (9, 2), (8, 0), (9, 5), (8, 6), (8, 12), (1, 6), (0, 8), (1, 3), (12, 6), (5, 6), (3, 12), (8, 5), (11, 4), (10, 2), (0, 1), (2, 4), (2, 10), (12, 5), (4, 7), (3, 11), (11, 3), (9, 12), (1, 4), (0, 6), (0, 12), (11, 12), (1, 7)])"
13,30,0.19589877128601074,1,0.0024590492248535156,1.2947988510131836,"(Vertices: [0, 1, 2, 3, 4, 5, 6, 7, 8, 9, 10, 11, 12]) -- (Edges: [(12, 4), (12, 7), (4, 12), (9, 2), (0, 2), (8, 3), (10, 6), (11, 5), (8, 12), (9, 11), (1, 3), (10, 12), (11, 4), (0, 1), (9, 10), (10, 5), (0, 4), (2, 7), (4, 7), (3, 11), (8, 1), (10, 4), (9, 6), (0, 3), (0, 9), (11, 3), (10, 7), (0, 6), (0, 12), (11, 12)])"
13,31,0.19356822967529297,91,0.004434823989868164,1.2724761962890625,"(Vertices: [0, 1, 2, 3, 4, 5, 6, 7, 8, 9, 10, 11, 12]) -- (Edges: [(12, 4), (12, 7), (3, 4), (4, 6), (4, 12), (8, 0), (8, 9), (10, 6), (10, 3), (9, 11), (0, 8), (10, 12), (1, 9), (0, 11), (1, 12), (4, 5), (12, 6), (3, 6), (8, 2), (9, 1), (8, 5), (11, 7), (0, 4), (0, 10), (12, 5), (3, 5), (8, 4), (0, 9), (0, 12), (1, 7), (2, 6)])"
13,21,0.1999812126159668,1,0.007031917572021484,1.2502431869506836,"(Vertices: [0, 1, 2, 3, 4, 5, 6, 7, 8, 9, 10, 11, 12]) -- (Edges: [(3, 7), (9, 2), (9, 5), (8, 9), (1, 6), (1, 12), (3, 6), (9, 7), (8, 5), (10, 2), (0, 1), (0, 7), (10, 11), (2, 10), (6, 7), (9, 3), (8, 1), (10, 4), (0, 9), (10, 7), (0, 6)])"
13,23,0.20361661911010742,91,0.0043299198150634766,1.326904296875,"(Vertices: [0, 1, 2, 3, 4, 5, 6, 7, 8, 9, 10, 11, 12]) -- (Edges: [(3, 4), (3, 7), (4, 6), (8, 0), (10, 6), (10, 3), (8, 12), (1, 6), (0, 8), (10, 12), (0, 11), (5, 6), (9, 7), (9, 10), (1, 5), (12, 5), (3, 5), (8, 7), (9, 6), (0, 9), (2, 3), (11, 12), (2, 12)])"
13,28,0.197035551071167,1,0.002360105514526367,1.1979742050170898,"(Vertices: [0, 1, 2, 3, 4, 5, 6, 7, 8, 9, 10, 11, 12]) -- (Edges: [(5, 7), (0, 2), (11, 5), (8, 6), (8, 12), (0, 11), (3, 6), (8, 2), (0, 1), (2, 4), (0, 4), (0, 10), (2, 7), (1, 5), (6, 7), (4, 7), (3, 5), (9, 3), (8, 7), (10, 4), (9, 6), (9, 12), (0, 9), (1, 4), (0, 6), (0, 12), (11, 12), (1, 7)])"
13,21,0.18637609481811523,91,0.005025386810302734,1.2950286865234375,"(Vertices: [0, 1, 2, 3, 4, 5, 6, 7, 8, 9, 10, 11, 12]) -- (Edges: [(3, 7), (5, 7), (8, 3), (8, 9), (10, 6), (8, 6), (4, 5), (11, 4), (9, 4), (0, 1), (11, 7), (10, 5), (10, 11), (2, 7), (12, 5), (8, 7), (9, 6), (0, 9), (8, 10), (2, 3), (1, 10)])"
13,24,0.21028900146484375,1,0.003087282180786133,1.3570241928100586,"(Vertices: [0, 1, 2, 3, 4, 5, 6, 7, 8, 9, 10, 11, 12]) -- (Edges: [(3, 4), (3, 7), (0, 2), (8, 3), (8, 9), (10, 3), (8, 12), (9, 11), (10, 12), (1, 12), (5, 6), (3, 6), (9, 7), (9, 4), (1, 2), (0, 10), (9, 3), (8, 1), (9, 12), (0, 9), (10, 7), (0, 6), (1, 7), (2, 6)])"
13,27,0.18279075622558594,91,0.004052162170410156,1.22625732421875,"(Vertices: [0, 1, 2, 3, 4, 5, 6, 7, 8, 9, 10, 11, 12]) -- (Edges: [(12, 4), (4, 12), (8, 0), (0, 2), (8, 9), (10, 6), (0, 8), (10, 12), (0, 11), (12, 6), (8, 2), (10, 2), (9, 4), (2, 4), (10, 5), (0, 4), (10, 11), (2, 7), (2, 10), (12, 5), (4, 7), (8, 1), (0, 3), (0, 9), (9, 12), (2, 3), (2, 12)])"
13,33,0.20212340354919434,1,0.005083799362182617,1.348677635192871,"(Vertices: [0, 1, 2, 3, 4, 5, 6, 7, 8, 9, 10, 11, 12]) -- (Edges: [(12, 4), (4, 12), (5, 7), (8, 0), (8, 12), (9, 11), (0, 8), (2, 5), (2, 11), (1, 12), (5, 6), (3, 6), (8, 2), (9, 7), (8, 5), (10, 2), (9, 4), (0, 1), (0, 7), (11, 7), (1, 2), (10, 11), (2, 10), (12, 5), (4, 7), (8, 1), (10, 4), (9, 12), (8, 10), (11, 6), (0, 12), (2, 3), (11, 12)])"
13,28,0.18840312957763672,91,0.004407405853271484,1.2415008544921875,"(Vertices: [0, 1, 2, 3, 4, 5, 6, 7, 8, 9, 10, 11, 12]) -- (Edges: [(12, 4), (12, 7), (4, 6), (4, 12), (5, 7), (8, 9), (0, 5), (10, 3), (1, 3), (10, 12), (1, 12), (5, 6), (11, 4), (10, 2), (0, 1), (10, 5), (1, 2), (2, 7), (1, 5), (2, 10), (6, 7), (4, 7), (8, 1), (0, 9), (10, 7), (1, 4), (0, 6), (1, 10)])"
13,33,0.20388150215148926,1,0.0036737918853759766,1.201827049255371,"(Vertices: [0, 1, 2, 3, 4, 5, 6, 7, 8, 9, 10, 11, 12]) -- (Edges: [(12, 7), (5, 7), (8, 0), (9, 11), (0, 8), (2, 5), (1, 9), (1, 12), (5, 6), (8, 2), (9, 1), (8, 11), (9, 4), (9, 10), (0, 7), (2, 4), (10, 5), (0, 4), (11, 7), (6, 7), (4, 7), (3, 5), (3, 11), (8, 7), (10, 4), (11, 3), (8, 10), (10, 7), (9, 12), (0, 6), (2, 3), (2, 12), (1, 10)])"
13,25,0.21230268478393555,91,0.002550840377807617,1.269561767578125,"(Vertices: [0, 1, 2, 3, 4, 5, 6, 7, 8, 9, 10, 11, 12]) -- (Edges: [(12, 4), (4, 12), (0, 2), (8, 3), (8, 9), (10, 3), (1, 6), (1, 9), (1, 12), (8, 2), (9, 1), (0, 1), (6, 7), (4, 7), (3, 11), (0, 3), (11, 3), (8, 10), (1, 4), (0, 6), (0, 12), (2, 3), (1, 7), (11, 6), (11, 12)])"
13,30,0.20422744750976562,1,0.004120588302612305,1.2703771591186523,"(Vertices: [0, 1, 2, 3, 4, 5, 6, 7, 8, 9, 10, 11, 12]) -- (Edges: [(12, 4), (4, 12), (8, 6), (9, 11), (2, 11), (1, 12), (4, 5), (12, 6), (3, 12), (9, 7), (8, 5), (11, 4), (8, 11), (0, 1), (10, 2), (1, 2), (0, 4), (2, 7), (1, 11), (2, 10), (12, 5), (4, 7), (3, 5), (3, 11), (11, 3), (0, 9), (8, 10), (1, 4), (0, 6), (9, 12)])"
13,35,0.19734644889831543,91,0.00250244140625,1.1091156005859375,"(Vertices: [0, 1, 2, 3, 4, 5, 6, 7, 8, 9, 10, 11, 12]) -- (Edges: [(12, 7), (9, 2), (5, 7), (8, 0), (9, 5), (0, 2), (8, 3), (8, 9), (0, 5), (8, 6), (9, 11), (0, 8), (2, 11), (4, 5), (3, 6), (8, 2), (9, 7), (11, 4), (2, 4), (10, 5), (10, 11), (0, 10), (1, 5), (12, 5), (4, 7), (3, 5), (9, 3), (8, 7), (10, 4), (9, 12), (10, 7), (1, 4), (0, 6), (11, 6), (2, 12)])"
13,38,0.20525717735290527,1,0.00485992431640625,1.2166204452514648,"(Vertices: [0, 1, 2, 3, 4, 5, 6, 7, 8, 9, 10, 11, 12]) -- (Edges: [(12, 4), (12, 7), (4, 12), (5, 7), (8, 0), (9, 5), (0, 2), (0, 5), (8, 6), (8, 12), (1, 6), (0, 8), (9, 11), (2, 11), (1, 12), (12, 6), (5, 6), (3, 6), (10, 2), (9, 4), (0, 1), (0, 7), (10, 5), (11, 7), (0, 10), (2, 10), (4, 7), (3, 11), (9, 3), (8, 7), (10, 4), (0, 3), (11, 3), (0, 6), (0, 12), (1, 7), (2, 6), (2, 12)])"
13,19,0.18345975875854492,91,0.004189729690551758,1.3159332275390625,"(Vertices: [0, 1, 2, 3, 4, 5, 6, 7, 8, 9, 10, 11, 12]) -- (Edges: [(4, 6), (1, 6), (2, 5), (10, 12), (1, 3), (1, 12), (4, 5), (5, 6), (3, 6), (10, 2), (8, 11), (11, 7), (10, 11), (2, 10), (8, 4), (9, 3), (8, 7), (0, 9), (11, 6)])"
13,32,0.20215082168579102,1,0.002977609634399414,1.332716941833496,"(Vertices: [0, 1, 2, 3, 4, 5, 6, 7, 8, 9, 10, 11, 12]) -- (Edges: [(3, 4), (9, 2), (8, 0), (0, 2), (8, 3), (10, 6), (8, 9), (0, 5), (10, 3), (8, 12), (0, 8), (2, 5), (1, 3), (1, 9), (0, 11), (4, 5), (3, 6), (3, 12), (9, 1), (8, 5), (10, 2), (0, 1), (9, 10), (1, 2), (0, 10), (2, 10), (3, 5), (3, 11), (9, 6), (11, 3), (8, 10), (1, 10)])"
13,30,0.1884918212890625,91,0.004218101501464844,1.2533645629882812,"(Vertices: [0, 1, 2, 3, 4, 5, 6, 7, 8, 9, 10, 11, 12]) -- (Edges: [(12, 7), (3, 7), (8, 0), (8, 3), (8, 6), (10, 3), (1, 6), (0, 8), (9, 11), (1, 9), (0, 11), (5, 6), (9, 1), (9, 7), (8, 11), (9, 4), (0, 7), (10, 5), (1, 2), (10, 11), (0, 10), (1, 5), (1, 11), (6, 7), (3, 11), (11, 3), (11, 6), (2, 3), (2, 12), (1, 10)])"
13,33,0.20166707038879395,1,0.005237102508544922,1.2590703964233398,"(Vertices: [0, 1, 2, 3, 4, 5, 6, 7, 8, 9, 10, 11, 12]) -- (Edges: [(12, 7), (3, 7), (4, 6), (0, 2), (8, 3), (0, 5), (10, 3), (8, 12), (9, 11), (2, 5), (2, 11), (1, 9), (0, 11), (12, 6), (3, 12), (9, 1), (10, 2), (0, 1), (11, 7), (2, 4), (1, 2), (10, 5), (0, 10), (10, 11), (2, 10), (4, 7), (3, 5), (8, 7), (9, 6), (0, 9), (0, 6), (1, 7), (2, 12)])"
13,32,0.6414337158203125,91,0.004430055618286133,1.2572097778320312,"(Vertices: [0, 1, 2, 3, 4, 5, 6, 7, 8, 9, 10, 11, 12]) -- (Edges: [(12, 4), (3, 4), (3, 7), (4, 12), (10, 6), (1, 3), (2, 11), (10, 12), (1, 12), (3, 6), (8, 2), (10, 2), (0, 1), (11, 7), (2, 4), (1, 2), (10, 5), (9, 10), (10, 11), (1, 5), (2, 10), (6, 7), (3, 5), (8, 1), (10, 4), (8, 10), (10, 7), (1, 4), (11, 6), (11, 12), (1, 7), (2, 6)])"
13,32,0.2022387981414795,1,0.004748344421386719,1.2582387924194336,"(Vertices: [0, 1, 2, 3, 4, 5, 6, 7, 8, 9, 10, 11, 12]) -- (Edges: [(3, 7), (9, 2), (5, 7), (0, 2), (0, 5), (1, 6), (2, 5), (1, 3), (2, 11), (1, 12), (5, 6), (3, 6), (3, 12), (8, 5), (9, 10), (0, 7), (2, 4), (1, 2), (0, 4), (11, 7), (10, 11), (1, 5), (1, 11), (6, 7), (3, 5), (3, 11), (0, 3), (11, 3), (10, 7), (9, 12), (0, 6), (1, 7)])"
13,23,0.18138551712036133,91,0.003014802932739258,1.2639083862304688,"(Vertices: [0, 1, 2, 3, 4, 5, 6, 7, 8, 9, 10, 11, 12]) -- (Edges: [(9, 5), (10, 3), (8, 12), (2, 5), (0, 11), (3, 6), (8, 2), (9, 7), (11, 4), (0, 1), (0, 7), (10, 5), (1, 2), (0, 4), (10, 11), (2, 7), (9, 3), (8, 1), (0, 3), (8, 10), (9, 12), (2, 6), (2, 12)])"
13,29,0.22490882873535156,1,0.0042722225189208984,1.2815923690795898,"(Vertices: [0, 1, 2, 3, 4, 5, 6, 7, 8, 9, 10, 11, 12]) -- (Edges: [(12, 7), (0, 2), (8, 3), (8, 9), (10, 3), (8, 12), (2, 5), (1, 3), (2, 11), (10, 12), (12, 6), (3, 12), (11, 4), (0, 7), (11, 7), (1, 2), (0, 4), (0, 10), (12, 5), (3, 11), (9, 3), (0, 3), (11, 3), (0, 6), (11, 6), (11, 12), (1, 7), (2, 12), (1, 10)])"
13,28,0.18651270866394043,91,0.004835367202758789,1.258514404296875,"(Vertices: [0, 1, 2, 3, 4, 5, 6, 7, 8, 9, 10, 11, 12]) -- (Edges: [(12, 4), (12, 7), (4, 6), (4, 12), (5, 7), (8, 9), (0, 5), (1, 3), (1, 9), (4, 5), (5, 6), (3, 6), (3, 12), (9, 1), (9, 7), (8, 5), (9, 4), (0, 1), (9, 10), (0, 4), (1, 11), (3, 5), (8, 1), (9, 6), (0, 3), (8, 10), (0, 12), (11, 12)])"
13,28,0.21424365043640137,1,0.0027587413787841797,1.2845830917358398,"(Vertices: [0, 1, 2, 3, 4, 5, 6, 7, 8, 9, 10, 11, 12]) -- (Edges: [(3, 4), (3, 7), (5, 7), (9, 5), (0, 2), (8, 6), (10, 3), (1, 6), (1, 3), (10, 12), (8, 2), (8, 5), (9, 4), (11, 7), (10, 5), (0, 4), (0, 10), (1, 11), (3, 5), (8, 4), (9, 12), (0, 9), (10, 7), (11, 6), (0, 12), (1, 7), (2, 12), (1, 10)])"
13,29,0.18816781044006348,91,0.004285097122192383,1.2428512573242188,"(Vertices: [0, 1, 2, 3, 4, 5, 6, 7, 8, 9, 10, 11, 12]) -- (Edges: [(3, 7), (4, 6), (5, 7), (8, 0), (0, 2), (8, 3), (0, 5), (0, 8), (3, 12), (8, 11), (10, 2), (0, 1), (0, 7), (11, 7), (10, 11), (1, 11), (2, 10), (4, 7), (3, 11), (9, 3), (8, 1), (10, 4), (0, 3), (0, 9), (11, 3), (8, 10), (2, 3), (1, 7), (2, 12)])"
13,24,0.1984257698059082,1,0.00472712516784668,1.2924718856811523,"(Vertices: [0, 1, 2, 3, 4, 5, 6, 7, 8, 9, 10, 11, 12]) -- (Edges: [(3, 7), (9, 5), (0, 2), (11, 5), (10, 3), (8, 12), (1, 6), (9, 11), (2, 5), (1, 3), (2, 11), (5, 6), (3, 6), (8, 11), (0, 7), (1, 2), (0, 4), (1, 11), (6, 7), (4, 7), (10, 4), (0, 9), (11, 12), (2, 12)])"
13,25,0.1945657730102539,91,0.0022728443145751953,1.2453536987304688,"(Vertices: [0, 1, 2, 3, 4, 5, 6, 7, 8, 9, 10, 11, 12]) -- (Edges: [(12, 7), (8, 0), (0, 2), (11, 5), (1, 6), (0, 8), (9, 11), (2, 11), (12, 6), (3, 6), (3, 12), (9, 7), (9, 4), (0, 7), (2, 4), (10, 11), (2, 7), (8, 1), (8, 7), (9, 6), (9, 12), (8, 10), (1, 4), (2, 6), (2, 12)])"
13,31,0.19493436813354492,1,0.0039005279541015625,1.2944631576538086,"(Vertices: [0, 1, 2, 3, 4, 5, 6, 7, 8, 9, 10, 11, 12]) -- (Edges: [(12, 4), (4, 12), (8, 0), (10, 6), (11, 5), (8, 6), (9, 11), (0, 8), (1, 3), (4, 5), (5, 6), (3, 12), (8, 11), (9, 4), (10, 2), (10, 5), (1, 2), (0, 10), (2, 7), (2, 10), (8, 4), (9, 3), (9, 6), (0, 3), (9, 12), (10, 7), (1, 4), (0, 6), (11, 6), (1, 7), (1, 10)])"
13,29,0.1924741268157959,91,0.0028209686279296875,1.352996826171875,"(Vertices: [0, 1, 2, 3, 4, 5, 6, 7, 8, 9, 10, 11, 12]) -- (Edges: [(12, 4), (4, 6), (4, 12), (5, 7), (0, 5), (10, 3), (8, 6), (0, 11), (4, 5), (8, 2), (9, 7), (8, 5), (0, 7), (2, 4), (11, 7), (0, 4), (1, 11), (6, 7), (4, 7), (3, 11), (10, 4), (9, 6), (11, 3), (0, 9), (10, 7), (0, 6), (11, 6), (2, 6), (1, 10)])"
13,25,0.19379925727844238,1,0.0046329498291015625,1.2833242416381836,"(Vertices: [0, 1, 2, 3, 4, 5, 6, 7, 8, 9, 10, 11, 12]) -- (Edges: [(12, 4), (4, 12), (9, 2), (0, 2), (8, 6), (1, 6), (10, 12), (3, 6), (10, 2), (0, 7), (10, 5), (1, 2), (0, 4), (0, 10), (2, 10), (6, 7), (3, 5), (9, 3), (8, 1), (0, 3), (0, 9), (0, 6), (11, 12), (2, 6), (1, 10)])"
13,26,0.18830323219299316,91,0.00457763671875,1.2595748901367188,"(Vertices: [0, 1, 2, 3, 4, 5, 6, 7, 8, 9, 10, 11, 12]) -- (Edges: [(12, 7), (3, 4), (4, 6), (5, 7), (8, 0), (8, 9), (8, 6), (0, 8), (2, 5), (4, 5), (11, 4), (8, 11), (0, 7), (11, 7), (0, 4), (0, 10), (6, 7), (3, 5), (8, 7), (9, 6), (9, 12), (0, 9), (2, 3), (11, 12), (1, 7), (1, 10)])"
13,26,0.1996607780456543,1,0.003805398941040039,1.3618154525756836,"(Vertices: [0, 1, 2, 3, 4, 5, 6, 7, 8, 9, 10, 11, 12]) -- (Edges: [(12, 7), (3, 4), (8, 0), (9, 5), (8, 3), (10, 6), (10, 3), (0, 8), (2, 11), (1, 9), (5, 6), (3, 12), (8, 2), (9, 1), (8, 5), (11, 4), (9, 4), (9, 10), (11, 7), (2, 4), (10, 11), (4, 7), (3, 5), (8, 1), (11, 6), (1, 10)])"
13,28,0.18970990180969238,91,0.0031249523162841797,1.23223876953125,"(Vertices: [0, 1, 2, 3, 4, 5, 6, 7, 8, 9, 10, 11, 12]) -- (Edges: [(12, 4), (12, 7), (4, 12), (8, 3), (10, 6), (11, 5), (1, 6), (1, 3), (10, 12), (3, 12), (11, 4), (0, 1), (10, 11), (0, 4), (2, 7), (12, 5), (4, 7), (3, 5), (3, 11), (8, 4), (10, 4), (11, 3), (8, 10), (1, 4), (11, 6), (1, 7), (2, 6), (1, 10)])"
13,28,0.19244837760925293,1,0.004082679748535156,1.2922430038452148,"(Vertices: [0, 1, 2, 3, 4, 5, 6, 7, 8, 9, 10, 11, 12]) -- (Edges: [(3, 4), (4, 6), (9, 2), (5, 7), (0, 2), (8, 9), (10, 6), (0, 5), (11, 5), (8, 12), (9, 11), (1, 12), (5, 6), (3, 12), (8, 2), (9, 7), (9, 10), (10, 5), (10, 11), (0, 10), (8, 4), (0, 9), (8, 10), (1, 4), (0, 6), (11, 12), (1, 7), (2, 6)])"
13,32,0.19431567192077637,91,0.0038607120513916016,1.2662887573242188,"(Vertices: [0, 1, 2, 3, 4, 5, 6, 7, 8, 9, 10, 11, 12]) -- (Edges: [(3, 7), (9, 2), (5, 7), (8, 0), (9, 5), (10, 6), (10, 3), (9, 11), (0, 8), (2, 5), (2, 11), (0, 11), (1, 12), (12, 6), (5, 6), (3, 12), (8, 2), (11, 4), (10, 2), (0, 1), (10, 5), (10, 11), (1, 11), (2, 10), (6, 7), (9, 3), (0, 3), (10, 7), (11, 6), (2, 3), (2, 12), (1, 10)])"
13,29,0.1964702606201172,1,0.0027227401733398438,1.2609319686889648,"(Vertices: [0, 1, 2, 3, 4, 5, 6, 7, 8, 9, 10, 11, 12]) -- (Edges: [(12, 4), (3, 4), (4, 12), (5, 7), (8, 3), (10, 3), (1, 6), (2, 5), (3, 6), (8, 2), (11, 4), (10, 2), (9, 4), (0, 1), (0, 7), (11, 7), (1, 2), (0, 4), (9, 10), (2, 7), (2, 10), (8, 1), (0, 3), (0, 9), (8, 10), (1, 4), (9, 12), (2, 12), (1, 10)])"
13,36,0.18877768516540527,91,0.0057964324951171875,1.1980056762695312,"(Vertices: [0, 1, 2, 3, 4, 5, 6, 7, 8, 9, 10, 11, 12]) -- (Edges: [(12, 7), (3, 7), (4, 6), (5, 7), (0, 2), (8, 3), (8, 6), (10, 3), (2, 5), (1, 3), (2, 11), (0, 11), (4, 5), (3, 6), (3, 12), (8, 2), (11, 4), (8, 11), (10, 2), (11, 7), (2, 4), (0, 4), (0, 10), (2, 10), (3, 5), (3, 11), (9, 3), (9, 6), (11, 3), (0, 9), (10, 7), (1, 4), (0, 6), (11, 6), (8, 10), (1, 10)])"
13,27,0.1903986930847168,1,0.0038764476776123047,1.3282384872436523,"(Vertices: [0, 1, 2, 3, 4, 5, 6, 7, 8, 9, 10, 11, 12]) -- (Edges: [(4, 6), (9, 2), (8, 0), (9, 5), (10, 6), (0, 5), (8, 6), (8, 12), (0, 8), (2, 5), (1, 3), (2, 11), (0, 11), (3, 6), (3, 12), (8, 11), (9, 4), (0, 7), (1, 2), (1, 5), (1, 11), (6, 7), (4, 7), (8, 4), (8, 7), (9, 12), (11, 6)])"
13,28,0.19959044456481934,91,0.002684354782104492,1.3883056640625,"(Vertices: [0, 1, 2, 3, 4, 5, 6, 7, 8, 9, 10, 11, 12]) -- (Edges: [(4, 6), (5, 7), (8, 0), (10, 6), (11, 5), (8, 6), (1, 6), (0, 8), (9, 11), (2, 11), (1, 9), (5, 6), (9, 1), (8, 5), (8, 11), (10, 2), (9, 10), (10, 5), (0, 10), (1, 11), (2, 10), (6, 7), (8, 4), (8, 1), (10, 4), (9, 6), (11, 6), (2, 6)])"
13,37,0.19841551780700684,1,0.0026862621307373047,1.2239751815795898,"(Vertices: [0, 1, 2, 3, 4, 5, 6, 7, 8, 9, 10, 11, 12]) -- (Edges: [(12, 7), (8, 0), (9, 5), (8, 3), (10, 6), (11, 5), (10, 3), (8, 12), (1, 6), (0, 8), (1, 3), (10, 12), (1, 12), (5, 6), (8, 2), (10, 2), (2, 4), (1, 2), (10, 11), (0, 10), (1, 5), (2, 10), (4, 7), (3, 11), (8, 4), (9, 3), (8, 7), (0, 3), (11, 3), (10, 7), (8, 10), (0, 6), (0, 12), (2, 3), (11, 6), (9, 12), (2, 6)])"
13,35,0.1907494068145752,91,0.004011869430541992,1.1469268798828125,"(Vertices: [0, 1, 2, 3, 4, 5, 6, 7, 8, 9, 10, 11, 12]) -- (Edges: [(12, 4), (3, 7), (4, 6), (4, 12), (8, 0), (8, 3), (10, 6), (8, 6), (10, 3), (1, 6), (0, 8), (9, 11), (2, 11), (1, 9), (1, 12), (4, 5), (9, 1), (8, 5), (10, 2), (9, 4), (0, 7), (2, 4), (11, 7), (0, 10), (2, 7), (1, 5), (2, 10), (4, 7), (3, 5), (9, 3), (8, 1), (1, 4), (2, 6), (2, 12), (1, 10)])"
13,31,0.2000589370727539,1,0.003711223602294922,1.2865362167358398,"(Vertices: [0, 1, 2, 3, 4, 5, 6, 7, 8, 9, 10, 11, 12]) -- (Edges: [(12, 4), (12, 7), (4, 6), (4, 12), (9, 5), (10, 6), (0, 5), (1, 6), (9, 11), (2, 5), (1, 9), (4, 5), (12, 6), (9, 1), (8, 5), (10, 2), (9, 4), (0, 1), (11, 7), (0, 4), (1, 11), (2, 10), (3, 5), (9, 12), (0, 9), (8, 10), (1, 4), (0, 12), (2, 3), (1, 7), (2, 6)])"
13,27,0.19591784477233887,91,0.006685733795166016,1.2820816040039062,"(Vertices: [0, 1, 2, 3, 4, 5, 6, 7, 8, 9, 10, 11, 12]) -- (Edges: [(12, 4), (4, 12), (9, 2), (5, 7), (10, 6), (10, 3), (8, 12), (2, 11), (1, 9), (0, 11), (4, 5), (5, 6), (9, 1), (8, 11), (0, 1), (9, 10), (2, 4), (2, 7), (1, 5), (1, 11), (3, 5), (8, 7), (9, 12), (10, 7), (1, 4), (0, 12), (2, 6)])"
13,28,0.2010326385498047,1,0.0019583702087402344,1.1703176498413086,"(Vertices: [0, 1, 2, 3, 4, 5, 6, 7, 8, 9, 10, 11, 12]) -- (Edges: [(0, 2), (8, 3), (0, 5), (8, 12), (1, 6), (2, 11), (1, 3), (1, 9), (10, 12), (3, 6), (9, 1), (11, 4), (0, 1), (9, 10), (2, 4), (2, 7), (6, 7), (12, 5), (4, 7), (8, 4), (8, 1), (9, 6), (0, 9), (1, 4), (0, 6), (1, 7), (2, 6), (2, 12)])"
13,25,0.18439769744873047,91,0.006297111511230469,1.2587814331054688,"(Vertices: [0, 1, 2, 3, 4, 5, 6, 7, 8, 9, 10, 11, 12]) -- (Edges: [(3, 7), (9, 2), (5, 7), (0, 5), (2, 5), (10, 12), (0, 11), (4, 5), (12, 6), (8, 2), (11, 4), (9, 10), (0, 7), (2, 7), (12, 5), (9, 3), (8, 1), (8, 7), (9, 6), (8, 10), (1, 4), (0, 6), (2, 3), (11, 12), (2, 12)])"
13,21,0.1970832347869873,1,0.004265785217285156,1.3365850448608398,"(Vertices: [0, 1, 2, 3, 4, 5, 6, 7, 8, 9, 10, 11, 12]) -- (Edges: [(3, 4), (9, 2), (9, 5), (8, 12), (1, 9), (3, 6), (8, 2), (9, 1), (10, 2), (8, 11), (11, 7), (2, 4), (2, 10), (3, 11), (8, 4), (11, 3), (0, 9), (8, 10), (9, 12), (0, 6), (11, 12)])"
13,23,0.19099044799804688,91,0.007424592971801758,1.3625411987304688,"(Vertices: [0, 1, 2, 3, 4, 5, 6, 7, 8, 9, 10, 11, 12]) -- (Edges: [(12, 4), (4, 12), (0, 2), (8, 3), (8, 9), (0, 5), (11, 5), (8, 6), (1, 6), (2, 5), (12, 6), (3, 6), (8, 5), (8, 11), (10, 2), (11, 7), (2, 4), (10, 5), (0, 4), (2, 10), (6, 7), (10, 4), (11, 6)])"
13,35,0.19408345222473145,1,0.003478527069091797,1.122908592224121,"(Vertices: [0, 1, 2, 3, 4, 5, 6, 7, 8, 9, 10, 11, 12]) -- (Edges: [(9, 2), (8, 0), (8, 3), (10, 6), (11, 5), (10, 3), (8, 6), (1, 6), (0, 8), (8, 12), (2, 11), (10, 12), (12, 6), (3, 12), (8, 5), (10, 2), (9, 4), (0, 1), (0, 7), (10, 5), (11, 7), (2, 7), (2, 10), (12, 5), (4, 7), (9, 3), (8, 7), (10, 4), (9, 6), (0, 3), (9, 12), (11, 12), (1, 7), (2, 12), (1, 10)])"
13,27,0.1939547061920166,91,0.002806425094604492,1.2224807739257812,"(Vertices: [0, 1, 2, 3, 4, 5, 6, 7, 8, 9, 10, 11, 12]) -- (Edges: [(12, 7), (3, 4), (8, 0), (0, 2), (8, 9), (8, 6), (10, 3), (9, 11), (0, 8), (2, 11), (1, 12), (9, 7), (11, 4), (8, 11), (10, 2), (10, 5), (10, 11), (1, 11), (2, 10), (12, 5), (3, 11), (9, 3), (9, 6), (11, 3), (8, 10), (1, 7), (2, 12)])"
13,24,0.1920316219329834,1,0.0025408267974853516,1.284956932067871,"(Vertices: [0, 1, 2, 3, 4, 5, 6, 7, 8, 9, 10, 11, 12]) -- (Edges: [(3, 7), (5, 7), (0, 2), (8, 6), (1, 3), (0, 1), (0, 7), (10, 5), (0, 10), (2, 7), (6, 7), (12, 5), (3, 5), (3, 11), (8, 4), (9, 3), (8, 1), (10, 4), (11, 3), (9, 12), (2, 3), (1, 7), (2, 6), (1, 10)])"
13,28,0.18752121925354004,91,0.003966569900512695,1.2748184204101562,"(Vertices: [0, 1, 2, 3, 4, 5, 6, 7, 8, 9, 10, 11, 12]) -- (Edges: [(12, 7), (3, 4), (4, 6), (8, 0), (0, 2), (8, 3), (0, 5), (1, 6), (0, 8), (1, 9), (0, 11), (4, 5), (12, 6), (3, 6), (9, 1), (9, 7), (8, 11), (11, 7), (10, 11), (0, 10), (2, 7), (12, 5), (10, 4), (0, 3), (0, 9), (10, 7), (9, 12), (0, 6)])"
13,25,0.19574975967407227,1,0.004440784454345703,1.387068748474121,"(Vertices: [0, 1, 2, 3, 4, 5, 6, 7, 8, 9, 10, 11, 12]) -- (Edges: [(4, 6), (10, 6), (1, 6), (2, 5), (1, 9), (1, 12), (4, 5), (3, 12), (9, 1), (11, 4), (10, 2), (9, 4), (0, 7), (10, 5), (10, 11), (0, 10), (1, 11), (2, 10), (6, 7), (3, 5), (3, 11), (10, 4), (11, 3), (2, 3), (11, 12)])"
13,25,0.18582367897033691,91,0.002572298049926758,1.3460617065429688,"(Vertices: [0, 1, 2, 3, 4, 5, 6, 7, 8, 9, 10, 11, 12]) -- (Edges: [(3, 4), (3, 7), (4, 6), (5, 7), (8, 3), (11, 5), (8, 12), (2, 11), (12, 6), (5, 6), (10, 2), (0, 7), (10, 5), (1, 2), (10, 11), (2, 7), (1, 11), (2, 10), (10, 4), (9, 6), (10, 7), (0, 6), (1, 7), (2, 12), (1, 10)])"
13,30,0.19087457656860352,1,0.0034551620483398438,1.2965688705444336,"(Vertices: [0, 1, 2, 3, 4, 5, 6, 7, 8, 9, 10, 11, 12]) -- (Edges: [(12, 4), (4, 12), (5, 7), (8, 0), (8, 9), (0, 5), (10, 3), (0, 8), (1, 3), (1, 9), (0, 11), (10, 12), (12, 6), (5, 6), (3, 6), (3, 12), (8, 2), (9, 1), (10, 5), (1, 2), (0, 4), (2, 7), (1, 5), (9, 3), (10, 4), (0, 3), (0, 6), (0, 12), (11, 12), (1, 10)])"
13,28,0.18966937065124512,91,0.002455472946166992,1.2725067138671875,"(Vertices: [0, 1, 2, 3, 4, 5, 6, 7, 8, 9, 10, 11, 12]) -- (Edges: [(12, 7), (4, 6), (9, 5), (0, 2), (11, 5), (8, 12), (1, 3), (2, 11), (9, 4), (0, 1), (0, 7), (2, 4), (1, 2), (0, 4), (0, 10), (10, 5), (1, 5), (6, 7), (4, 7), (10, 4), (9, 6), (9, 12), (1, 4), (0, 6), (0, 12), (2, 3), (1, 7), (2, 12)])"
14,26,0.3864283561706543,1,0.010438680648803711,2.5144567489624023,"(Vertices: [0, 1, 2, 3, 4, 5, 6, 7, 8, 9, 10, 11, 12, 13]) -- (Edges: [(12, 7), (4, 6), (5, 13), (3, 13), (8, 6), (1, 6), (2, 5), (13, 5), (4, 5), (12, 6), (5, 6), (9, 7), (11, 4), (9, 4), (0, 7), (2, 4), (0, 13), (3, 5), (9, 6), (8, 10), (10, 7), (0, 6), (8, 13), (1, 13), (2, 6), (1, 10)])"
14,26,0.37526941299438477,128,0.012260913848876953,2.3992843627929688,"(Vertices: [0, 1, 2, 3, 4, 5, 6, 7, 8, 9, 10, 11, 12, 13]) -- (Edges: [(12, 4), (3, 7), (4, 12), (8, 0), (11, 5), (10, 3), (8, 6), (9, 11), (0, 8), (2, 5), (0, 11), (1, 12), (3, 6), (8, 2), (8, 5), (2, 4), (1, 2), (10, 11), (0, 10), (13, 7), (1, 11), (0, 3), (8, 10), (1, 4), (11, 12), (1, 13)])"
14,39,0.3899819850921631,1,0.007428407669067383,2.500189781188965,"(Vertices: [0, 1, 2, 3, 4, 5, 6, 7, 8, 9, 10, 11, 12, 13]) -- (Edges: [(12, 4), (12, 7), (3, 7), (4, 12), (9, 2), (5, 7), (8, 0), (5, 13), (3, 13), (0, 2), (8, 3), (9, 5), (8, 6), (1, 6), (0, 8), (9, 11), (2, 11), (1, 9), (13, 5), (10, 12), (5, 6), (8, 2), (9, 1), (10, 2), (0, 7), (10, 5), (0, 4), (0, 10), (11, 13), (2, 10), (4, 7), (3, 5), (0, 3), (9, 12), (0, 6), (1, 7), (1, 13), (2, 6), (1, 10)])"
14,35,0.3720111846923828,128,0.009582281112670898,2.4981689453125,"(Vertices: [0, 1, 2, 3, 4, 5, 6, 7, 8, 9, 10, 11, 12, 13]) -- (Edges: [(12, 7), (3, 4), (3, 7), (8, 3), (8, 9), (10, 6), (0, 5), (1, 3), (0, 11), (1, 12), (4, 5), (3, 6), (8, 2), (8, 11), (10, 2), (1, 2), (0, 4), (2, 7), (1, 5), (13, 7), (0, 13), (2, 10), (3, 5), (8, 4), (8, 1), (8, 7), (10, 4), (0, 3), (9, 12), (10, 13), (8, 13), (1, 7), (2, 12), (1, 10), (13, 6)])"
14,28,0.41460537910461426,1,0.007981538772583008,2.4594106674194336,"(Vertices: [0, 1, 2, 3, 4, 5, 6, 7, 8, 9, 10, 11, 12, 13]) -- (Edges: [(12, 7), (3, 7), (8, 0), (5, 13), (0, 2), (10, 3), (1, 6), (0, 8), (2, 5), (13, 5), (1, 12), (12, 6), (5, 6), (3, 12), (9, 7), (8, 5), (9, 4), (11, 7), (2, 4), (6, 7), (12, 5), (4, 13), (9, 3), (0, 3), (1, 4), (11, 6), (10, 13), (1, 10)])"
14,29,0.363785982131958,128,0.009128808975219727,2.4368896484375,"(Vertices: [0, 1, 2, 3, 4, 5, 6, 7, 8, 9, 10, 11, 12, 13]) -- (Edges: [(3, 7), (4, 6), (8, 0), (0, 2), (10, 3), (8, 12), (0, 8), (2, 5), (2, 11), (10, 12), (12, 6), (5, 6), (8, 2), (0, 1), (13, 7), (0, 13), (11, 13), (4, 7), (9, 3), (8, 1), (9, 6), (0, 9), (1, 4), (0, 6), (0, 12), (10, 13), (1, 7), (11, 12), (1, 10)])"
14,31,0.3933069705963135,1,0.00738215446472168,2.490920066833496,"(Vertices: [0, 1, 2, 3, 4, 5, 6, 7, 8, 9, 10, 11, 12, 13]) -- (Edges: [(12, 7), (3, 4), (3, 7), (12, 13), (0, 2), (10, 6), (10, 3), (1, 6), (1, 9), (0, 11), (1, 12), (4, 5), (5, 6), (3, 6), (8, 2), (9, 1), (8, 11), (9, 4), (10, 5), (1, 2), (2, 7), (1, 11), (11, 13), (8, 1), (8, 7), (9, 6), (10, 7), (0, 12), (8, 13), (2, 12), (1, 10)])"
14,23,0.3719937801361084,128,0.007174491882324219,2.3092880249023438,"(Vertices: [0, 1, 2, 3, 4, 5, 6, 7, 8, 9, 10, 11, 12, 13]) -- (Edges: [(3, 4), (0, 2), (8, 3), (10, 6), (11, 5), (8, 12), (9, 11), (1, 3), (12, 6), (8, 11), (10, 2), (2, 4), (2, 7), (1, 11), (11, 13), (2, 10), (12, 5), (4, 7), (3, 5), (9, 3), (2, 12), (1, 10), (13, 6)])"
14,24,0.3906724452972412,1,0.008877992630004883,2.5003271102905273,"(Vertices: [0, 1, 2, 3, 4, 5, 6, 7, 8, 9, 10, 11, 12, 13]) -- (Edges: [(12, 4), (4, 6), (4, 12), (9, 2), (12, 13), (8, 9), (10, 6), (11, 5), (3, 6), (8, 2), (8, 5), (8, 11), (0, 7), (11, 7), (0, 4), (1, 5), (11, 13), (9, 3), (8, 7), (0, 9), (0, 6), (1, 13), (2, 6), (2, 12)])"
14,35,0.38066649436950684,128,0.010807514190673828,2.4528045654296875,"(Vertices: [0, 1, 2, 3, 4, 5, 6, 7, 8, 9, 10, 11, 12, 13]) -- (Edges: [(12, 13), (9, 2), (5, 13), (0, 2), (10, 6), (0, 5), (10, 3), (8, 6), (1, 6), (9, 11), (2, 11), (13, 5), (0, 11), (1, 12), (0, 1), (0, 7), (10, 5), (0, 10), (2, 7), (1, 5), (1, 11), (0, 13), (2, 13), (6, 7), (12, 5), (3, 11), (8, 1), (11, 3), (8, 10), (0, 12), (2, 3), (1, 7), (1, 13), (2, 6), (11, 12)])"
14,38,0.38901710510253906,1,0.010056734085083008,2.5358572006225586,"(Vertices: [0, 1, 2, 3, 4, 5, 6, 7, 8, 9, 10, 11, 12, 13]) -- (Edges: [(12, 4), (3, 7), (4, 12), (12, 13), (5, 13), (8, 9), (0, 5), (10, 3), (11, 5), (1, 6), (8, 12), (1, 3), (1, 9), (13, 5), (3, 12), (9, 1), (10, 2), (9, 4), (0, 1), (0, 7), (9, 13), (0, 10), (2, 7), (1, 5), (1, 11), (13, 7), (2, 10), (8, 4), (4, 13), (8, 1), (8, 7), (0, 9), (1, 4), (11, 6), (2, 3), (1, 13), (2, 12), (13, 6)])"
14,38,0.3979206085205078,128,0.007864236831665039,2.6005325317382812,"(Vertices: [0, 1, 2, 3, 4, 5, 6, 7, 8, 9, 10, 11, 12, 13]) -- (Edges: [(3, 7), (4, 6), (12, 13), (9, 2), (8, 0), (3, 13), (8, 3), (8, 12), (9, 11), (0, 8), (1, 3), (2, 11), (0, 11), (4, 5), (12, 6), (8, 11), (9, 4), (0, 1), (9, 10), (2, 4), (10, 5), (10, 11), (0, 10), (1, 5), (13, 7), (6, 7), (4, 7), (8, 4), (4, 13), (9, 3), (8, 7), (10, 4), (0, 9), (0, 12), (11, 12), (2, 6), (2, 12), (13, 6)])"
14,28,0.388150691986084,1,0.007573843002319336,2.525832176208496,"(Vertices: [0, 1, 2, 3, 4, 5, 6, 7, 8, 9, 10, 11, 12, 13]) -- (Edges: [(12, 7), (3, 4), (9, 2), (5, 7), (3, 13), (0, 2), (10, 6), (3, 6), (9, 7), (8, 5), (11, 4), (10, 2), (0, 1), (9, 10), (9, 13), (0, 10), (1, 11), (11, 13), (2, 10), (8, 1), (8, 7), (10, 4), (9, 12), (0, 9), (10, 13), (11, 6), (2, 3), (1, 7)])"
14,27,0.3887913227081299,128,0.006947040557861328,2.4539566040039062,"(Vertices: [0, 1, 2, 3, 4, 5, 6, 7, 8, 9, 10, 11, 12, 13]) -- (Edges: [(3, 4), (4, 6), (9, 5), (8, 3), (10, 6), (0, 5), (8, 6), (2, 5), (1, 3), (2, 11), (1, 12), (8, 2), (10, 2), (0, 7), (10, 11), (1, 5), (0, 13), (2, 10), (2, 13), (6, 7), (3, 5), (10, 4), (0, 3), (11, 6), (1, 7), (2, 6), (2, 12)])"
14,33,0.41224169731140137,1,0.009921789169311523,2.524367332458496,"(Vertices: [0, 1, 2, 3, 4, 5, 6, 7, 8, 9, 10, 11, 12, 13]) -- (Edges: [(4, 6), (9, 2), (9, 5), (8, 9), (0, 5), (8, 6), (1, 6), (2, 5), (10, 12), (1, 9), (1, 12), (12, 6), (9, 1), (8, 5), (8, 11), (10, 5), (1, 2), (0, 4), (9, 13), (13, 7), (0, 13), (11, 13), (4, 7), (4, 13), (9, 3), (8, 7), (10, 4), (0, 9), (10, 7), (10, 13), (1, 13), (2, 12), (13, 6)])"
14,31,0.3723149299621582,128,0.008749723434448242,2.4210891723632812,"(Vertices: [0, 1, 2, 3, 4, 5, 6, 7, 8, 9, 10, 11, 12, 13]) -- (Edges: [(3, 7), (9, 2), (3, 13), (8, 9), (11, 5), (8, 6), (1, 9), (0, 11), (4, 5), (9, 1), (9, 7), (8, 5), (9, 10), (10, 11), (0, 4), (6, 7), (12, 5), (4, 7), (3, 11), (8, 4), (9, 3), (8, 1), (9, 6), (0, 3), (0, 9), (11, 3), (10, 7), (8, 13), (1, 7), (2, 12), (1, 10)])"
14,33,0.4033851623535156,1,0.009598255157470703,2.4842443466186523,"(Vertices: [0, 1, 2, 3, 4, 5, 6, 7, 8, 9, 10, 11, 12, 13]) -- (Edges: [(3, 7), (9, 2), (5, 13), (0, 5), (8, 12), (2, 11), (13, 5), (10, 12), (4, 5), (12, 6), (5, 6), (3, 6), (9, 7), (8, 11), (9, 10), (0, 7), (2, 4), (1, 2), (1, 5), (1, 11), (0, 13), (13, 7), (6, 7), (3, 11), (10, 4), (11, 3), (8, 10), (10, 7), (0, 6), (2, 3), (2, 6), (13, 6), (1, 10)])"
14,32,0.3852379322052002,128,0.006982326507568359,2.4979705810546875,"(Vertices: [0, 1, 2, 3, 4, 5, 6, 7, 8, 9, 10, 11, 12, 13]) -- (Edges: [(8, 0), (5, 13), (3, 13), (11, 5), (1, 6), (0, 8), (13, 5), (1, 12), (12, 6), (3, 6), (9, 7), (8, 5), (9, 4), (0, 7), (1, 2), (0, 4), (0, 10), (2, 7), (1, 5), (0, 13), (11, 13), (6, 7), (4, 7), (9, 3), (9, 6), (0, 9), (1, 4), (10, 13), (0, 12), (2, 3), (2, 6), (2, 12)])"
14,35,0.39088916778564453,1,0.006529808044433594,2.439948081970215,"(Vertices: [0, 1, 2, 3, 4, 5, 6, 7, 8, 9, 10, 11, 12, 13]) -- (Edges: [(12, 4), (4, 12), (9, 2), (8, 0), (12, 13), (9, 5), (8, 3), (1, 6), (0, 8), (1, 12), (12, 6), (3, 6), (8, 2), (11, 4), (10, 2), (9, 4), (11, 7), (0, 4), (9, 13), (1, 5), (11, 13), (2, 10), (6, 7), (3, 5), (3, 11), (8, 7), (9, 6), (11, 3), (10, 7), (1, 4), (11, 6), (0, 12), (2, 3), (11, 12), (2, 6)])"
14,33,0.37528038024902344,128,0.013205766677856445,2.4470443725585938,"(Vertices: [0, 1, 2, 3, 4, 5, 6, 7, 8, 9, 10, 11, 12, 13]) -- (Edges: [(12, 4), (3, 4), (3, 7), (4, 12), (9, 2), (5, 7), (8, 3), (10, 6), (8, 6), (10, 3), (9, 11), (2, 5), (2, 11), (10, 12), (3, 6), (1, 2), (1, 11), (0, 13), (11, 13), (12, 5), (3, 11), (9, 3), (8, 7), (9, 6), (0, 3), (11, 3), (9, 12), (11, 6), (0, 12), (2, 3), (11, 12), (1, 13), (2, 6)])"
14,30,0.39457035064697266,1,0.009709596633911133,2.484755516052246,"(Vertices: [0, 1, 2, 3, 4, 5, 6, 7, 8, 9, 10, 11, 12, 13]) -- (Edges: [(12, 4), (3, 7), (4, 6), (4, 12), (3, 13), (0, 2), (9, 5), (3, 12), (8, 2), (11, 4), (10, 2), (9, 4), (0, 7), (2, 4), (10, 11), (2, 7), (0, 13), (2, 10), (11, 13), (2, 13), (12, 5), (8, 1), (9, 6), (0, 3), (0, 9), (8, 10), (1, 4), (11, 6), (10, 13), (13, 6)])"
14,43,0.4021601676940918,128,0.011457204818725586,2.5099868774414062,"(Vertices: [0, 1, 2, 3, 4, 5, 6, 7, 8, 9, 10, 11, 12, 13]) -- (Edges: [(12, 4), (3, 4), (3, 7), (4, 6), (4, 12), (12, 13), (3, 13), (9, 5), (11, 5), (10, 3), (8, 12), (1, 6), (2, 5), (1, 3), (1, 9), (10, 12), (1, 12), (3, 12), (8, 2), (9, 1), (9, 7), (11, 4), (10, 2), (9, 10), (10, 5), (1, 2), (2, 7), (11, 13), (2, 10), (12, 5), (4, 7), (9, 3), (8, 1), (9, 6), (9, 12), (0, 9), (1, 4), (0, 6), (2, 3), (11, 12), (1, 7), (13, 6), (1, 10)])"
14,37,0.41406702995300293,1,0.008482933044433594,2.5037221908569336,"(Vertices: [0, 1, 2, 3, 4, 5, 6, 7, 8, 9, 10, 11, 12, 13]) -- (Edges: [(12, 4), (4, 6), (4, 12), (5, 7), (8, 0), (8, 3), (8, 9), (10, 6), (11, 5), (8, 12), (9, 11), (0, 8), (10, 12), (1, 9), (1, 12), (4, 5), (5, 6), (8, 2), (9, 1), (0, 1), (0, 7), (2, 4), (11, 7), (0, 4), (10, 11), (4, 7), (3, 5), (3, 11), (8, 4), (10, 4), (0, 3), (0, 9), (11, 3), (10, 7), (0, 6), (9, 12), (1, 13)])"
14,28,0.3768472671508789,128,0.006226539611816406,2.4197463989257812,"(Vertices: [0, 1, 2, 3, 4, 5, 6, 7, 8, 9, 10, 11, 12, 13]) -- (Edges: [(5, 7), (5, 13), (3, 13), (8, 3), (9, 5), (11, 5), (10, 3), (1, 6), (13, 5), (0, 11), (3, 6), (8, 5), (11, 4), (10, 2), (0, 7), (2, 4), (10, 5), (11, 7), (2, 7), (0, 13), (2, 10), (2, 13), (12, 5), (8, 1), (8, 7), (10, 7), (2, 3), (1, 7)])"
14,26,0.3962216377258301,1,0.0070726871490478516,2.451613426208496,"(Vertices: [0, 1, 2, 3, 4, 5, 6, 7, 8, 9, 10, 11, 12, 13]) -- (Edges: [(12, 13), (8, 0), (5, 13), (10, 6), (8, 12), (0, 8), (13, 5), (3, 6), (3, 12), (8, 2), (9, 7), (11, 4), (9, 10), (1, 5), (0, 13), (8, 4), (9, 3), (8, 1), (8, 7), (0, 3), (0, 9), (9, 12), (8, 13), (11, 12), (1, 13), (13, 6)])"
14,34,0.3731815814971924,128,0.007628202438354492,2.4533157348632812,"(Vertices: [0, 1, 2, 3, 4, 5, 6, 7, 8, 9, 10, 11, 12, 13]) -- (Edges: [(3, 7), (4, 6), (8, 0), (9, 5), (0, 2), (8, 9), (0, 5), (10, 3), (1, 6), (0, 8), (9, 11), (4, 5), (11, 4), (8, 5), (9, 4), (11, 7), (10, 5), (10, 11), (13, 7), (1, 11), (0, 13), (6, 7), (12, 5), (4, 7), (8, 4), (4, 13), (10, 4), (0, 3), (8, 10), (10, 13), (11, 6), (0, 12), (2, 6), (2, 12)])"
14,32,0.38376832008361816,1,0.009005546569824219,2.4648733139038086,"(Vertices: [0, 1, 2, 3, 4, 5, 6, 7, 8, 9, 10, 11, 12, 13]) -- (Edges: [(12, 4), (12, 7), (3, 4), (4, 12), (11, 5), (8, 12), (9, 11), (2, 11), (1, 9), (1, 12), (5, 6), (8, 2), (9, 1), (8, 5), (9, 4), (0, 1), (0, 7), (0, 4), (2, 7), (13, 7), (11, 13), (6, 7), (12, 5), (4, 7), (10, 4), (8, 10), (10, 7), (0, 6), (11, 6), (1, 7), (1, 13), (1, 10)])"
14,30,0.37795591354370117,128,0.009981155395507812,2.4370498657226562,"(Vertices: [0, 1, 2, 3, 4, 5, 6, 7, 8, 9, 10, 11, 12, 13]) -- (Edges: [(3, 4), (4, 6), (5, 13), (3, 13), (8, 6), (1, 6), (13, 5), (0, 11), (12, 6), (3, 6), (8, 2), (8, 11), (9, 4), (9, 10), (0, 7), (11, 7), (13, 7), (11, 13), (6, 7), (12, 5), (4, 7), (3, 5), (9, 3), (10, 4), (0, 9), (10, 7), (10, 13), (11, 6), (8, 13), (1, 10)])"
14,24,0.47228074073791504,1,0.010512828826904297,2.4322423934936523,"(Vertices: [0, 1, 2, 3, 4, 5, 6, 7, 8, 9, 10, 11, 12, 13]) -- (Edges: [(3, 7), (12, 13), (8, 9), (0, 5), (1, 6), (12, 6), (3, 6), (0, 1), (11, 7), (1, 5), (0, 13), (2, 13), (12, 5), (8, 1), (0, 3), (0, 9), (1, 4), (0, 6), (2, 3), (11, 6), (8, 13), (1, 13), (10, 13), (13, 6)])"
14,23,0.43919968605041504,128,0.010997533798217773,2.486328125,"(Vertices: [0, 1, 2, 3, 4, 5, 6, 7, 8, 9, 10, 11, 12, 13]) -- (Edges: [(3, 13), (0, 2), (8, 9), (8, 6), (2, 11), (8, 2), (8, 11), (10, 2), (9, 10), (2, 4), (10, 5), (0, 4), (0, 10), (0, 13), (2, 10), (12, 5), (4, 7), (8, 7), (9, 6), (0, 9), (10, 7), (8, 13), (2, 12)])"
14,30,0.47524142265319824,1,0.007811069488525391,2.451308250427246,"(Vertices: [0, 1, 2, 3, 4, 5, 6, 7, 8, 9, 10, 11, 12, 13]) -- (Edges: [(12, 7), (4, 6), (12, 13), (8, 0), (5, 13), (9, 5), (10, 3), (8, 12), (0, 8), (13, 5), (1, 3), (2, 11), (3, 6), (3, 12), (8, 5), (8, 11), (10, 2), (9, 10), (11, 7), (2, 4), (10, 5), (10, 11), (1, 11), (2, 10), (12, 5), (0, 3), (0, 9), (8, 10), (11, 12), (1, 7)])"
14,29,0.4577169418334961,128,0.010310888290405273,2.4307022094726562,"(Vertices: [0, 1, 2, 3, 4, 5, 6, 7, 8, 9, 10, 11, 12, 13]) -- (Edges: [(12, 4), (3, 7), (4, 12), (0, 5), (11, 5), (8, 6), (1, 3), (2, 11), (5, 6), (3, 6), (8, 5), (8, 11), (11, 7), (1, 2), (10, 11), (2, 13), (12, 5), (4, 7), (3, 11), (8, 4), (4, 13), (11, 3), (0, 9), (10, 7), (10, 13), (11, 6), (8, 13), (11, 12), (2, 12)])"
14,30,0.4192779064178467,1,0.010737419128417969,2.446295738220215,"(Vertices: [0, 1, 2, 3, 4, 5, 6, 7, 8, 9, 10, 11, 12, 13]) -- (Edges: [(12, 7), (3, 4), (12, 13), (8, 3), (8, 12), (1, 9), (0, 11), (12, 6), (9, 1), (9, 7), (8, 11), (9, 4), (11, 7), (1, 2), (0, 4), (9, 13), (1, 5), (11, 13), (6, 7), (4, 7), (3, 11), (4, 13), (9, 3), (9, 6), (11, 3), (0, 9), (10, 7), (1, 4), (9, 12), (8, 13)])"
14,27,0.44150519371032715,128,0.009827375411987305,2.4581985473632812,"(Vertices: [0, 1, 2, 3, 4, 5, 6, 7, 8, 9, 10, 11, 12, 13]) -- (Edges: [(12, 4), (4, 6), (4, 12), (9, 2), (5, 7), (5, 13), (9, 5), (0, 2), (8, 6), (8, 12), (2, 5), (13, 5), (12, 6), (5, 6), (3, 6), (8, 5), (11, 4), (0, 1), (10, 11), (2, 7), (3, 5), (9, 6), (10, 13), (0, 12), (11, 12), (1, 7), (2, 6)])"
14,32,0.4105343818664551,1,0.0076596736907958984,2.5103673934936523,"(Vertices: [0, 1, 2, 3, 4, 5, 6, 7, 8, 9, 10, 11, 12, 13]) -- (Edges: [(4, 6), (12, 13), (5, 13), (9, 5), (8, 3), (0, 5), (8, 12), (13, 5), (1, 3), (2, 11), (10, 12), (4, 5), (3, 12), (8, 2), (11, 4), (8, 11), (9, 4), (9, 10), (11, 7), (10, 5), (1, 2), (10, 2), (13, 7), (2, 10), (4, 7), (8, 4), (8, 7), (10, 7), (1, 4), (10, 13), (2, 3), (13, 6)])"
14,37,0.39084577560424805,128,0.009720563888549805,2.4466705322265625,"(Vertices: [0, 1, 2, 3, 4, 5, 6, 7, 8, 9, 10, 11, 12, 13]) -- (Edges: [(12, 4), (12, 7), (3, 4), (4, 12), (9, 2), (5, 7), (12, 13), (5, 13), (9, 5), (8, 6), (10, 3), (1, 6), (13, 5), (0, 11), (4, 5), (3, 6), (9, 7), (8, 5), (10, 2), (9, 4), (2, 4), (0, 4), (2, 7), (1, 11), (2, 10), (2, 13), (4, 7), (3, 5), (3, 11), (9, 3), (8, 1), (11, 3), (0, 9), (10, 13), (0, 6), (2, 3), (2, 12)])"
14,24,0.3843262195587158,1,0.008929014205932617,2.5000295639038086,"(Vertices: [0, 1, 2, 3, 4, 5, 6, 7, 8, 9, 10, 11, 12, 13]) -- (Edges: [(3, 7), (12, 13), (9, 2), (0, 2), (8, 9), (11, 5), (10, 3), (1, 6), (12, 6), (3, 6), (2, 4), (10, 5), (0, 4), (2, 13), (6, 7), (4, 7), (3, 11), (8, 7), (11, 3), (0, 9), (9, 12), (10, 13), (0, 12), (2, 12)])"
14,40,0.388338565826416,128,0.00964665412902832,2.491058349609375,"(Vertices: [0, 1, 2, 3, 4, 5, 6, 7, 8, 9, 10, 11, 12, 13]) -- (Edges: [(12, 4), (3, 4), (4, 12), (5, 7), (8, 0), (5, 13), (3, 13), (9, 5), (8, 9), (9, 11), (0, 8), (13, 5), (12, 6), (3, 6), (8, 5), (9, 4), (11, 7), (2, 4), (10, 5), (0, 4), (0, 10), (9, 13), (1, 5), (1, 11), (10, 11), (11, 13), (12, 5), (8, 4), (4, 13), (9, 3), (8, 7), (10, 4), (9, 6), (0, 3), (10, 13), (0, 12), (1, 7), (1, 13), (2, 6), (13, 6)])"
14,30,0.40144991874694824,1,0.009726762771606445,2.4967565536499023,"(Vertices: [0, 1, 2, 3, 4, 5, 6, 7, 8, 9, 10, 11, 12, 13]) -- (Edges: [(8, 0), (8, 9), (11, 5), (8, 12), (0, 8), (1, 3), (2, 11), (1, 12), (4, 5), (5, 6), (3, 6), (11, 4), (9, 10), (13, 7), (11, 13), (2, 13), (6, 7), (3, 11), (8, 4), (4, 13), (10, 4), (9, 6), (0, 3), (0, 9), (11, 3), (8, 10), (0, 6), (0, 12), (2, 3), (8, 13)])"
14,25,0.36999011039733887,128,0.008038997650146484,2.4150848388671875,"(Vertices: [0, 1, 2, 3, 4, 5, 6, 7, 8, 9, 10, 11, 12, 13]) -- (Edges: [(12, 7), (4, 6), (12, 13), (9, 2), (9, 5), (8, 6), (8, 12), (10, 12), (4, 5), (8, 2), (9, 7), (9, 4), (0, 7), (10, 5), (1, 2), (1, 11), (0, 13), (3, 5), (8, 4), (4, 13), (10, 4), (9, 6), (0, 3), (0, 12), (2, 6)])"
14,39,0.39872312545776367,1,0.008183717727661133,2.563155174255371,"(Vertices: [0, 1, 2, 3, 4, 5, 6, 7, 8, 9, 10, 11, 12, 13]) -- (Edges: [(12, 4), (4, 12), (12, 13), (5, 7), (8, 0), (5, 13), (8, 9), (11, 5), (1, 6), (0, 8), (13, 5), (1, 9), (10, 12), (1, 12), (5, 6), (3, 6), (8, 2), (9, 1), (8, 5), (10, 2), (0, 1), (11, 7), (0, 10), (1, 11), (0, 13), (2, 10), (6, 7), (4, 7), (3, 11), (9, 3), (8, 1), (10, 4), (11, 3), (8, 10), (9, 12), (11, 6), (0, 12), (2, 12), (1, 10)])"
14,30,0.3776555061340332,128,0.009209156036376953,2.4081878662109375,"(Vertices: [0, 1, 2, 3, 4, 5, 6, 7, 8, 9, 10, 11, 12, 13]) -- (Edges: [(12, 4), (12, 7), (3, 4), (4, 12), (12, 13), (5, 7), (9, 5), (8, 6), (8, 12), (2, 5), (1, 3), (8, 5), (11, 4), (8, 11), (9, 10), (11, 7), (10, 5), (10, 11), (9, 13), (2, 7), (13, 7), (0, 13), (4, 7), (8, 4), (9, 3), (8, 7), (8, 13), (11, 12), (1, 13), (2, 6)])"
14,33,0.4005167484283447,1,0.008060693740844727,2.5192785263061523,"(Vertices: [0, 1, 2, 3, 4, 5, 6, 7, 8, 9, 10, 11, 12, 13]) -- (Edges: [(12, 7), (3, 4), (3, 7), (9, 11), (2, 5), (2, 11), (10, 12), (5, 6), (8, 5), (9, 4), (9, 10), (11, 7), (10, 5), (1, 2), (10, 11), (0, 10), (13, 7), (2, 13), (4, 7), (3, 11), (4, 13), (8, 1), (9, 6), (0, 3), (11, 3), (10, 7), (1, 4), (11, 6), (2, 3), (8, 10), (8, 13), (11, 12), (13, 6)])"
14,33,0.3622744083404541,128,0.00877070426940918,2.4829483032226562,"(Vertices: [0, 1, 2, 3, 4, 5, 6, 7, 8, 9, 10, 11, 12, 13]) -- (Edges: [(12, 4), (4, 12), (12, 13), (8, 0), (5, 13), (9, 5), (0, 5), (10, 3), (8, 12), (0, 8), (13, 5), (1, 12), (5, 6), (3, 6), (11, 4), (0, 7), (11, 7), (1, 2), (2, 7), (1, 5), (12, 5), (8, 4), (4, 13), (8, 7), (10, 4), (9, 6), (0, 9), (1, 4), (10, 13), (0, 12), (2, 3), (2, 6), (13, 6)])"
14,34,0.4045724868774414,1,0.014164924621582031,2.500311851501465,"(Vertices: [0, 1, 2, 3, 4, 5, 6, 7, 8, 9, 10, 11, 12, 13]) -- (Edges: [(12, 4), (4, 12), (9, 2), (9, 5), (0, 2), (8, 3), (10, 6), (10, 3), (9, 11), (2, 11), (8, 5), (9, 4), (9, 10), (11, 7), (1, 5), (13, 7), (0, 13), (11, 13), (6, 7), (12, 5), (8, 4), (4, 13), (8, 1), (8, 7), (10, 4), (0, 9), (10, 7), (0, 6), (2, 3), (11, 6), (1, 7), (11, 12), (2, 6), (1, 10)])"
14,35,0.373246431350708,128,0.011387348175048828,2.353607177734375,"(Vertices: [0, 1, 2, 3, 4, 5, 6, 7, 8, 9, 10, 11, 12, 13]) -- (Edges: [(3, 4), (3, 7), (12, 13), (9, 2), (8, 0), (3, 13), (0, 2), (9, 5), (10, 6), (8, 6), (8, 12), (1, 6), (0, 8), (2, 5), (0, 11), (5, 6), (3, 12), (8, 2), (9, 7), (11, 4), (8, 5), (10, 2), (1, 2), (2, 7), (1, 11), (0, 13), (2, 10), (11, 13), (9, 3), (10, 4), (9, 6), (0, 3), (0, 9), (0, 12), (2, 6)])"
14,22,0.386934757232666,1,0.007932186126708984,2.4092702865600586,"(Vertices: [0, 1, 2, 3, 4, 5, 6, 7, 8, 9, 10, 11, 12, 13]) -- (Edges: [(12, 7), (0, 5), (8, 6), (1, 3), (2, 11), (1, 12), (4, 5), (12, 6), (5, 6), (0, 7), (13, 7), (6, 7), (12, 5), (4, 13), (8, 1), (8, 7), (10, 4), (9, 6), (9, 12), (1, 4), (2, 3), (13, 6)])"
14,26,0.37468647956848145,128,0.008608341217041016,2.4380722045898438,"(Vertices: [0, 1, 2, 3, 4, 5, 6, 7, 8, 9, 10, 11, 12, 13]) -- (Edges: [(9, 2), (0, 5), (10, 3), (1, 6), (2, 11), (12, 6), (3, 6), (3, 12), (9, 7), (9, 10), (0, 7), (10, 5), (9, 13), (2, 7), (1, 5), (2, 13), (4, 13), (8, 1), (8, 7), (10, 4), (9, 6), (0, 3), (1, 4), (11, 6), (1, 7), (13, 6)])"
14,30,0.41317248344421387,1,0.007706642150878906,2.456374168395996,"(Vertices: [0, 1, 2, 3, 4, 5, 6, 7, 8, 9, 10, 11, 12, 13]) -- (Edges: [(3, 4), (4, 6), (9, 2), (5, 7), (8, 0), (3, 13), (0, 2), (8, 9), (8, 6), (0, 8), (2, 5), (10, 12), (0, 11), (4, 5), (8, 5), (0, 7), (10, 5), (1, 2), (10, 11), (13, 7), (2, 13), (6, 7), (4, 13), (9, 3), (8, 7), (10, 7), (11, 12), (1, 13), (2, 12), (1, 10)])"
14,32,0.37432169914245605,128,0.010098695755004883,2.4502944946289062,"(Vertices: [0, 1, 2, 3, 4, 5, 6, 7, 8, 9, 10, 11, 12, 13]) -- (Edges: [(12, 7), (3, 4), (3, 7), (8, 0), (3, 13), (0, 2), (9, 5), (10, 6), (0, 5), (10, 3), (8, 12), (1, 6), (0, 8), (9, 11), (1, 12), (3, 6), (9, 7), (8, 11), (9, 4), (0, 1), (10, 11), (0, 4), (1, 5), (6, 7), (4, 7), (9, 3), (10, 4), (11, 6), (11, 12), (1, 7), (2, 12), (1, 10)])"
14,39,0.4021320343017578,1,0.008139610290527344,2.5218496322631836,"(Vertices: [0, 1, 2, 3, 4, 5, 6, 7, 8, 9, 10, 11, 12, 13]) -- (Edges: [(12, 4), (12, 7), (3, 7), (4, 6), (4, 12), (5, 7), (8, 0), (5, 13), (8, 9), (11, 5), (10, 3), (9, 11), (0, 8), (13, 5), (10, 12), (0, 11), (4, 5), (12, 6), (3, 6), (8, 2), (8, 11), (10, 2), (10, 5), (1, 2), (11, 13), (2, 10), (6, 7), (4, 13), (8, 1), (8, 7), (9, 12), (8, 10), (10, 7), (10, 13), (0, 12), (2, 3), (8, 13), (1, 13), (13, 6)])"
14,28,0.398148775100708,128,0.012320995330810547,2.4237747192382812,"(Vertices: [0, 1, 2, 3, 4, 5, 6, 7, 8, 9, 10, 11, 12, 13]) -- (Edges: [(12, 7), (3, 7), (12, 13), (9, 5), (8, 9), (10, 6), (11, 5), (8, 12), (2, 5), (1, 12), (8, 5), (10, 2), (9, 10), (11, 7), (10, 5), (0, 4), (0, 10), (2, 7), (2, 10), (6, 7), (12, 5), (4, 7), (3, 5), (0, 9), (10, 13), (11, 6), (1, 7), (2, 6)])"
14,33,0.4619624614715576,1,0.008078575134277344,2.509039878845215,"(Vertices: [0, 1, 2, 3, 4, 5, 6, 7, 8, 9, 10, 11, 12, 13]) -- (Edges: [(12, 4), (12, 7), (4, 12), (9, 2), (5, 7), (12, 13), (3, 13), (8, 3), (9, 5), (11, 5), (8, 12), (1, 3), (12, 6), (5, 6), (3, 12), (11, 4), (0, 7), (11, 7), (1, 2), (9, 13), (10, 11), (2, 7), (1, 11), (3, 5), (3, 11), (8, 4), (4, 13), (8, 7), (11, 3), (9, 12), (10, 7), (0, 12), (1, 10)])"
14,39,0.4556143283843994,128,0.014168262481689453,2.5321578979492188,"(Vertices: [0, 1, 2, 3, 4, 5, 6, 7, 8, 9, 10, 11, 12, 13]) -- (Edges: [(12, 7), (3, 4), (12, 13), (9, 2), (8, 0), (3, 13), (9, 5), (8, 9), (10, 3), (8, 12), (0, 8), (2, 5), (2, 11), (10, 12), (0, 11), (12, 6), (3, 6), (10, 2), (10, 5), (1, 5), (13, 7), (0, 13), (2, 10), (11, 13), (6, 7), (12, 5), (3, 5), (8, 4), (4, 13), (8, 1), (8, 7), (9, 12), (8, 10), (10, 13), (2, 3), (11, 12), (1, 7), (2, 12), (1, 10)])"
14,29,0.3946540355682373,1,0.011414051055908203,2.4543981552124023,"(Vertices: [0, 1, 2, 3, 4, 5, 6, 7, 8, 9, 10, 11, 12, 13]) -- (Edges: [(12, 4), (12, 7), (3, 4), (4, 12), (5, 7), (3, 13), (0, 2), (8, 6), (1, 3), (1, 12), (3, 6), (3, 12), (8, 2), (9, 7), (11, 4), (10, 11), (0, 4), (0, 10), (2, 7), (1, 11), (2, 13), (4, 7), (3, 5), (4, 13), (1, 4), (0, 12), (8, 13), (2, 6), (2, 12)])"
14,38,0.37818002700805664,128,0.009829998016357422,2.6009750366210938,"(Vertices: [0, 1, 2, 3, 4, 5, 6, 7, 8, 9, 10, 11, 12, 13]) -- (Edges: [(3, 7), (4, 6), (8, 0), (0, 2), (8, 3), (10, 6), (11, 5), (10, 3), (8, 6), (1, 6), (0, 8), (10, 12), (4, 5), (3, 6), (3, 12), (8, 2), (8, 11), (10, 2), (0, 7), (2, 4), (0, 4), (0, 10), (1, 5), (13, 7), (11, 13), (2, 10), (2, 13), (6, 7), (3, 11), (8, 4), (9, 3), (8, 7), (11, 3), (1, 4), (8, 13), (11, 12), (2, 12), (1, 10)])"
14,32,0.40999698638916016,1,0.0068051815032958984,2.51200008392334,"(Vertices: [0, 1, 2, 3, 4, 5, 6, 7, 8, 9, 10, 11, 12, 13]) -- (Edges: [(9, 2), (5, 7), (3, 13), (8, 9), (0, 5), (10, 3), (1, 6), (9, 11), (2, 5), (1, 3), (0, 11), (1, 12), (5, 6), (11, 4), (10, 2), (0, 7), (9, 13), (2, 10), (2, 13), (3, 11), (8, 4), (4, 13), (11, 3), (9, 12), (10, 13), (11, 6), (0, 12), (8, 13), (11, 12), (1, 13), (2, 6), (1, 10)])"
14,23,0.3705761432647705,128,0.0064885616302490234,2.3823394775390625,"(Vertices: [0, 1, 2, 3, 4, 5, 6, 7, 8, 9, 10, 11, 12, 13]) -- (Edges: [(10, 6), (10, 3), (1, 6), (9, 11), (2, 5), (12, 6), (3, 12), (2, 4), (13, 7), (6, 7), (3, 11), (8, 4), (8, 1), (10, 4), (9, 6), (11, 3), (0, 9), (10, 7), (1, 4), (1, 7), (1, 13), (2, 12), (13, 6)])"
14,29,0.3992769718170166,1,0.01047968864440918,2.4313955307006836,"(Vertices: [0, 1, 2, 3, 4, 5, 6, 7, 8, 9, 10, 11, 12, 13]) -- (Edges: [(9, 2), (9, 5), (10, 6), (2, 5), (10, 12), (4, 5), (12, 6), (5, 6), (9, 7), (11, 4), (9, 4), (11, 7), (10, 11), (0, 4), (13, 7), (1, 11), (0, 13), (12, 5), (3, 5), (4, 13), (8, 1), (8, 7), (0, 3), (8, 10), (10, 7), (10, 13), (2, 3), (1, 13), (1, 10)])"
14,36,0.4027738571166992,128,0.00952458381652832,2.5352554321289062,"(Vertices: [0, 1, 2, 3, 4, 5, 6, 7, 8, 9, 10, 11, 12, 13]) -- (Edges: [(4, 6), (9, 2), (3, 13), (0, 2), (9, 5), (8, 9), (0, 5), (10, 3), (11, 5), (1, 6), (8, 12), (0, 11), (4, 5), (12, 6), (9, 7), (8, 11), (9, 4), (0, 1), (0, 7), (10, 5), (10, 11), (0, 10), (1, 11), (2, 13), (12, 5), (8, 4), (9, 3), (0, 9), (1, 4), (0, 6), (0, 12), (11, 6), (8, 13), (1, 13), (2, 6), (10, 13)])"
14,34,0.5078525543212891,1,0.011740446090698242,2.5220327377319336,"(Vertices: [0, 1, 2, 3, 4, 5, 6, 7, 8, 9, 10, 11, 12, 13]) -- (Edges: [(12, 4), (12, 7), (3, 4), (3, 7), (4, 12), (9, 2), (12, 13), (8, 3), (0, 5), (11, 5), (1, 6), (10, 12), (0, 11), (3, 6), (3, 12), (8, 11), (0, 1), (10, 11), (0, 4), (0, 10), (9, 13), (1, 5), (13, 7), (0, 13), (2, 13), (9, 3), (8, 1), (0, 9), (10, 7), (8, 10), (0, 6), (11, 6), (8, 13), (1, 13)])"
14,42,0.4664454460144043,128,0.013988256454467773,2.6177902221679688,"(Vertices: [0, 1, 2, 3, 4, 5, 6, 7, 8, 9, 10, 11, 12, 13]) -- (Edges: [(12, 7), (3, 4), (3, 7), (4, 6), (12, 13), (8, 0), (3, 13), (9, 5), (8, 9), (10, 6), (10, 3), (9, 11), (0, 8), (1, 3), (2, 11), (1, 12), (12, 6), (3, 6), (9, 7), (11, 4), (8, 5), (0, 1), (11, 7), (10, 5), (1, 2), (9, 10), (10, 11), (2, 7), (1, 5), (1, 11), (0, 13), (6, 7), (8, 4), (9, 3), (9, 6), (9, 12), (0, 9), (10, 7), (1, 4), (0, 12), (11, 12), (13, 6)])"
14,30,0.48348498344421387,1,0.009908914566040039,2.423995018005371,"(Vertices: [0, 1, 2, 3, 4, 5, 6, 7, 8, 9, 10, 11, 12, 13]) -- (Edges: [(3, 4), (12, 13), (5, 7), (8, 0), (8, 3), (8, 9), (0, 5), (10, 3), (11, 5), (0, 8), (1, 12), (12, 6), (5, 6), (8, 2), (8, 5), (8, 11), (9, 4), (0, 7), (11, 7), (1, 5), (13, 7), (11, 13), (2, 13), (6, 7), (12, 5), (9, 6), (1, 4), (0, 6), (8, 13), (11, 12)])"
14,33,0.4436163902282715,128,0.011713743209838867,2.4502792358398438,"(Vertices: [0, 1, 2, 3, 4, 5, 6, 7, 8, 9, 10, 11, 12, 13]) -- (Edges: [(12, 4), (4, 12), (5, 13), (10, 6), (8, 6), (1, 6), (13, 5), (1, 3), (5, 6), (3, 12), (9, 7), (8, 5), (8, 11), (2, 4), (10, 11), (0, 10), (2, 7), (13, 7), (2, 13), (3, 5), (3, 11), (8, 1), (8, 7), (10, 4), (9, 6), (11, 3), (10, 13), (0, 6), (0, 12), (11, 6), (11, 12), (2, 6), (13, 6)])"
14,32,0.4382040500640869,1,0.007211208343505859,2.464034080505371,"(Vertices: [0, 1, 2, 3, 4, 5, 6, 7, 8, 9, 10, 11, 12, 13]) -- (Edges: [(8, 0), (3, 13), (8, 3), (10, 6), (0, 5), (1, 6), (0, 8), (9, 11), (2, 11), (1, 9), (0, 11), (4, 5), (5, 6), (8, 2), (9, 1), (9, 7), (8, 5), (10, 2), (0, 1), (0, 4), (2, 7), (1, 11), (0, 13), (2, 10), (2, 13), (4, 7), (3, 5), (9, 3), (8, 10), (11, 6), (2, 12), (13, 6)])"
14,35,0.36888551712036133,128,0.008452653884887695,2.4956130981445312,"(Vertices: [0, 1, 2, 3, 4, 5, 6, 7, 8, 9, 10, 11, 12, 13]) -- (Edges: [(12, 7), (3, 4), (4, 6), (5, 7), (9, 5), (11, 5), (10, 3), (8, 6), (8, 12), (1, 3), (1, 9), (10, 12), (5, 6), (8, 2), (9, 1), (9, 7), (0, 7), (2, 4), (10, 5), (11, 7), (10, 11), (13, 7), (1, 11), (11, 13), (2, 13), (3, 5), (3, 11), (4, 13), (8, 1), (9, 6), (0, 3), (11, 3), (10, 13), (11, 6), (2, 12)])"
14,24,0.3986365795135498,1,0.006607770919799805,2.454085350036621,"(Vertices: [0, 1, 2, 3, 4, 5, 6, 7, 8, 9, 10, 11, 12, 13]) -- (Edges: [(12, 7), (3, 4), (12, 13), (3, 13), (10, 6), (8, 6), (10, 3), (1, 12), (4, 5), (8, 2), (0, 1), (9, 10), (2, 4), (0, 4), (9, 13), (2, 7), (13, 7), (9, 3), (8, 7), (10, 4), (9, 12), (0, 6), (2, 3), (2, 12)])"
14,34,0.3688960075378418,128,0.009828805923461914,2.5098114013671875,"(Vertices: [0, 1, 2, 3, 4, 5, 6, 7, 8, 9, 10, 11, 12, 13]) -- (Edges: [(12, 7), (3, 7), (5, 7), (8, 0), (8, 9), (11, 5), (9, 11), (0, 8), (2, 11), (0, 11), (1, 12), (12, 6), (5, 6), (3, 6), (3, 12), (8, 2), (9, 7), (10, 2), (9, 4), (9, 10), (0, 4), (13, 7), (0, 13), (2, 10), (4, 7), (8, 4), (4, 13), (9, 12), (10, 7), (10, 13), (0, 12), (11, 12), (13, 6), (1, 10)])"
14,30,0.39740848541259766,1,0.007231235504150391,2.4513235092163086,"(Vertices: [0, 1, 2, 3, 4, 5, 6, 7, 8, 9, 10, 11, 12, 13]) -- (Edges: [(12, 4), (12, 7), (4, 12), (9, 2), (5, 7), (3, 13), (9, 5), (10, 6), (8, 6), (9, 11), (1, 3), (2, 11), (4, 5), (8, 5), (9, 4), (11, 7), (2, 4), (1, 2), (0, 4), (10, 5), (2, 7), (9, 13), (1, 11), (11, 13), (8, 4), (9, 3), (10, 4), (8, 10), (2, 3), (13, 6)])"
14,27,0.36661291122436523,128,0.008247613906860352,2.4215087890625,"(Vertices: [0, 1, 2, 3, 4, 5, 6, 7, 8, 9, 10, 11, 12, 13]) -- (Edges: [(5, 7), (8, 0), (9, 5), (0, 2), (0, 8), (2, 11), (1, 9), (4, 5), (12, 6), (3, 12), (8, 2), (9, 1), (9, 7), (9, 4), (2, 4), (10, 5), (0, 10), (2, 7), (11, 13), (2, 13), (3, 5), (10, 4), (9, 6), (9, 12), (0, 9), (8, 10), (2, 6)])"
14,37,0.3930222988128662,1,0.007849693298339844,2.490218162536621,"(Vertices: [0, 1, 2, 3, 4, 5, 6, 7, 8, 9, 10, 11, 12, 13]) -- (Edges: [(12, 4), (12, 7), (4, 12), (5, 7), (8, 0), (5, 13), (0, 2), (11, 5), (10, 3), (0, 8), (13, 5), (1, 3), (1, 9), (10, 12), (4, 5), (12, 6), (5, 6), (9, 1), (9, 7), (8, 11), (10, 2), (9, 10), (10, 11), (2, 7), (1, 5), (13, 7), (0, 13), (2, 10), (11, 13), (6, 7), (3, 11), (11, 3), (8, 10), (10, 7), (0, 12), (2, 3), (2, 12)])"
14,28,0.373793363571167,128,0.0066797733306884766,2.469512939453125,"(Vertices: [0, 1, 2, 3, 4, 5, 6, 7, 8, 9, 10, 11, 12, 13]) -- (Edges: [(3, 4), (9, 2), (5, 7), (3, 13), (8, 3), (8, 9), (10, 6), (11, 5), (10, 3), (8, 6), (8, 12), (2, 5), (2, 11), (9, 7), (9, 4), (0, 1), (11, 7), (0, 10), (1, 11), (6, 7), (12, 5), (4, 7), (8, 1), (8, 7), (0, 9), (0, 6), (13, 6), (1, 10)])"
14,38,0.41187286376953125,1,0.009624004364013672,2.5274267196655273,"(Vertices: [0, 1, 2, 3, 4, 5, 6, 7, 8, 9, 10, 11, 12, 13]) -- (Edges: [(3, 7), (9, 12), (3, 13), (9, 5), (8, 9), (10, 6), (0, 5), (10, 3), (9, 11), (2, 5), (2, 11), (0, 11), (4, 5), (11, 4), (8, 5), (10, 2), (0, 1), (0, 7), (10, 5), (9, 13), (2, 10), (6, 7), (8, 1), (8, 7), (0, 3), (0, 9), (8, 10), (1, 4), (0, 6), (2, 3), (11, 6), (1, 7), (1, 13), (2, 6), (2, 12), (1, 10), (10, 13), (11, 12)])"
14,27,0.38059139251708984,128,0.011544942855834961,2.440582275390625,"(Vertices: [0, 1, 2, 3, 4, 5, 6, 7, 8, 9, 10, 11, 12, 13]) -- (Edges: [(3, 4), (3, 13), (8, 3), (8, 12), (1, 3), (2, 11), (1, 12), (5, 6), (8, 5), (10, 2), (11, 7), (10, 11), (0, 4), (0, 10), (9, 13), (13, 7), (2, 10), (2, 13), (6, 7), (9, 3), (0, 9), (10, 7), (11, 12), (1, 7), (1, 13), (2, 6), (13, 6)])"
14,33,0.3981897830963135,1,0.008925199508666992,2.490401268005371,"(Vertices: [0, 1, 2, 3, 4, 5, 6, 7, 8, 9, 10, 11, 12, 13]) -- (Edges: [(12, 4), (4, 6), (4, 12), (9, 2), (5, 7), (3, 13), (8, 3), (10, 6), (0, 5), (10, 3), (8, 6), (9, 11), (10, 12), (9, 7), (11, 4), (8, 5), (10, 2), (11, 7), (10, 11), (0, 4), (0, 10), (2, 7), (1, 5), (2, 10), (4, 7), (3, 11), (8, 4), (11, 3), (9, 12), (1, 4), (0, 12), (11, 12), (2, 6)])"
14,36,0.38190269470214844,128,0.010314226150512695,2.5079269409179688,"(Vertices: [0, 1, 2, 3, 4, 5, 6, 7, 8, 9, 10, 11, 12, 13]) -- (Edges: [(4, 6), (9, 2), (5, 7), (8, 0), (5, 13), (0, 2), (10, 6), (0, 8), (1, 3), (2, 11), (13, 5), (1, 12), (5, 6), (9, 7), (11, 4), (8, 11), (10, 2), (11, 7), (2, 4), (10, 11), (1, 5), (13, 7), (0, 13), (2, 10), (11, 13), (2, 13), (6, 7), (12, 5), (4, 7), (3, 11), (8, 1), (11, 3), (1, 4), (2, 3), (1, 7), (1, 10)])"
14,30,0.38774752616882324,1,0.009251832962036133,2.4529027938842773,"(Vertices: [0, 1, 2, 3, 4, 5, 6, 7, 8, 9, 10, 11, 12, 13]) -- (Edges: [(5, 7), (5, 13), (8, 3), (10, 6), (1, 6), (2, 5), (13, 5), (1, 9), (4, 5), (5, 6), (8, 2), (9, 1), (9, 7), (10, 2), (9, 4), (10, 5), (10, 11), (13, 7), (0, 13), (2, 10), (12, 5), (4, 7), (10, 4), (0, 6), (0, 12), (11, 6), (8, 13), (11, 12), (13, 6), (1, 10)])"
14,41,0.3844163417816162,128,0.011984825134277344,2.5153656005859375,"(Vertices: [0, 1, 2, 3, 4, 5, 6, 7, 8, 9, 10, 11, 12, 13]) -- (Edges: [(12, 4), (3, 4), (4, 6), (4, 12), (12, 13), (5, 7), (8, 0), (3, 13), (0, 2), (8, 3), (9, 11), (0, 8), (1, 3), (1, 9), (10, 12), (12, 6), (5, 6), (3, 12), (9, 1), (9, 7), (11, 4), (8, 11), (9, 4), (9, 10), (10, 5), (0, 4), (0, 10), (2, 7), (1, 5), (11, 13), (6, 7), (3, 11), (8, 7), (10, 4), (9, 6), (11, 3), (0, 9), (9, 12), (0, 12), (1, 7), (2, 12)])"
14,40,0.42271947860717773,1,0.010799646377563477,2.554266929626465,"(Vertices: [0, 1, 2, 3, 4, 5, 6, 7, 8, 9, 10, 11, 12, 13]) -- (Edges: [(3, 7), (12, 13), (5, 7), (8, 0), (9, 5), (0, 2), (8, 3), (10, 6), (8, 9), (0, 5), (11, 5), (8, 12), (0, 8), (1, 3), (10, 12), (1, 12), (8, 5), (8, 11), (9, 10), (10, 5), (0, 10), (2, 7), (0, 13), (6, 7), (4, 7), (3, 11), (8, 1), (8, 7), (0, 3), (11, 3), (9, 12), (10, 13), (0, 6), (0, 12), (11, 6), (1, 7), (8, 13), (2, 6), (11, 12), (1, 10)])"
14,21,0.3778862953186035,128,0.009718894958496094,2.386566162109375,"(Vertices: [0, 1, 2, 3, 4, 5, 6, 7, 8, 9, 10, 11, 12, 13]) -- (Edges: [(5, 7), (5, 13), (9, 5), (0, 5), (10, 3), (9, 11), (13, 5), (10, 12), (1, 12), (4, 5), (8, 5), (1, 2), (9, 13), (10, 11), (2, 13), (8, 1), (1, 4), (0, 6), (2, 3), (11, 6), (1, 13)])"
14,40,0.40384554862976074,1,0.011581897735595703,2.519515037536621,"(Vertices: [0, 1, 2, 3, 4, 5, 6, 7, 8, 9, 10, 11, 12, 13]) -- (Edges: [(4, 6), (12, 13), (8, 0), (5, 13), (8, 3), (8, 9), (11, 5), (10, 3), (9, 11), (0, 8), (13, 5), (1, 9), (9, 1), (11, 4), (8, 5), (9, 4), (8, 11), (11, 7), (2, 4), (1, 2), (10, 5), (0, 10), (2, 7), (1, 5), (9, 10), (10, 11), (11, 13), (6, 7), (3, 5), (8, 4), (4, 13), (8, 1), (8, 7), (9, 12), (0, 9), (1, 4), (0, 12), (8, 13), (2, 6), (13, 6)])"
14,32,0.3654012680053711,128,0.009762763977050781,2.570068359375,"(Vertices: [0, 1, 2, 3, 4, 5, 6, 7, 8, 9, 10, 11, 12, 13]) -- (Edges: [(12, 7), (4, 6), (5, 7), (9, 5), (8, 6), (10, 3), (9, 11), (2, 11), (1, 9), (5, 6), (8, 2), (9, 1), (9, 4), (9, 10), (11, 7), (1, 2), (0, 4), (0, 10), (1, 11), (11, 13), (6, 7), (3, 11), (8, 4), (4, 13), (0, 3), (11, 3), (10, 7), (9, 12), (11, 6), (0, 12), (1, 13), (13, 6)])"
14,26,0.3971545696258545,1,0.006919384002685547,2.517523765563965,"(Vertices: [0, 1, 2, 3, 4, 5, 6, 7, 8, 9, 10, 11, 12, 13]) -- (Edges: [(12, 4), (12, 7), (3, 4), (3, 7), (4, 12), (12, 13), (9, 5), (8, 6), (9, 11), (2, 11), (0, 11), (4, 5), (11, 4), (9, 10), (0, 7), (10, 5), (11, 7), (0, 4), (9, 13), (13, 7), (8, 1), (8, 7), (9, 12), (10, 13), (2, 3), (13, 6)])"
14,24,0.3721928596496582,128,0.009143352508544922,2.48504638671875,"(Vertices: [0, 1, 2, 3, 4, 5, 6, 7, 8, 9, 10, 11, 12, 13]) -- (Edges: [(12, 4), (4, 6), (4, 12), (12, 13), (10, 6), (8, 12), (9, 11), (4, 5), (12, 6), (9, 7), (0, 1), (1, 2), (0, 4), (1, 5), (11, 13), (2, 13), (12, 5), (3, 5), (0, 9), (8, 10), (10, 13), (2, 3), (8, 13), (1, 13)])"
14,30,0.40674471855163574,1,0.009433507919311523,2.4810781478881836,"(Vertices: [0, 1, 2, 3, 4, 5, 6, 7, 8, 9, 10, 11, 12, 13]) -- (Edges: [(4, 6), (12, 13), (8, 0), (11, 5), (10, 3), (8, 12), (0, 8), (4, 5), (12, 6), (9, 7), (11, 4), (9, 4), (9, 10), (1, 2), (9, 13), (0, 10), (1, 5), (4, 7), (3, 11), (4, 13), (8, 1), (10, 4), (9, 6), (11, 3), (8, 10), (9, 12), (0, 6), (0, 12), (1, 7), (13, 6)])"
14,36,0.3921239376068115,128,0.008759737014770508,2.4817657470703125,"(Vertices: [0, 1, 2, 3, 4, 5, 6, 7, 8, 9, 10, 11, 12, 13]) -- (Edges: [(12, 7), (3, 4), (4, 6), (0, 2), (11, 5), (1, 6), (2, 5), (1, 9), (0, 11), (4, 5), (3, 6), (3, 12), (8, 2), (9, 1), (8, 5), (8, 11), (9, 4), (0, 1), (10, 11), (9, 13), (1, 5), (13, 7), (0, 13), (2, 13), (6, 7), (12, 5), (4, 7), (3, 11), (8, 4), (4, 13), (11, 3), (0, 9), (9, 12), (0, 6), (0, 12), (2, 12)])"
14,33,0.4025726318359375,1,0.0068514347076416016,2.4973669052124023,"(Vertices: [0, 1, 2, 3, 4, 5, 6, 7, 8, 9, 10, 11, 12, 13]) -- (Edges: [(8, 0), (0, 2), (8, 3), (8, 9), (8, 12), (9, 11), (0, 8), (2, 11), (1, 3), (1, 9), (0, 11), (1, 12), (12, 6), (3, 6), (9, 1), (9, 7), (8, 5), (10, 2), (1, 2), (9, 13), (0, 10), (10, 11), (1, 11), (0, 13), (2, 10), (11, 13), (9, 12), (0, 9), (8, 10), (1, 4), (0, 6), (10, 13), (1, 10)])"
14,32,0.36911439895629883,128,0.009659051895141602,2.43603515625,"(Vertices: [0, 1, 2, 3, 4, 5, 6, 7, 8, 9, 10, 11, 12, 13]) -- (Edges: [(12, 7), (3, 7), (12, 13), (9, 2), (3, 13), (8, 9), (10, 6), (2, 5), (1, 9), (0, 11), (4, 5), (3, 12), (9, 1), (8, 11), (9, 4), (0, 7), (10, 5), (11, 7), (0, 4), (0, 10), (9, 13), (13, 7), (1, 11), (2, 13), (8, 7), (9, 6), (0, 12), (11, 12), (1, 7), (1, 13), (2, 6), (2, 12)])"
14,31,0.39046382904052734,1,0.009696483612060547,2.483534812927246,"(Vertices: [0, 1, 2, 3, 4, 5, 6, 7, 8, 9, 10, 11, 12, 13]) -- (Edges: [(12, 4), (4, 12), (5, 13), (9, 5), (0, 2), (8, 3), (11, 5), (8, 12), (2, 11), (1, 9), (0, 11), (13, 5), (12, 6), (9, 1), (8, 11), (9, 4), (0, 1), (2, 4), (10, 5), (9, 13), (1, 5), (1, 11), (2, 13), (4, 7), (8, 4), (0, 3), (8, 10), (9, 12), (1, 4), (0, 6), (1, 10)])"
14,32,0.37435436248779297,128,0.009366512298583984,2.4889068603515625,"(Vertices: [0, 1, 2, 3, 4, 5, 6, 7, 8, 9, 10, 11, 12, 13]) -- (Edges: [(12, 4), (4, 12), (9, 5), (8, 3), (10, 6), (11, 5), (8, 6), (2, 5), (2, 11), (0, 11), (3, 6), (11, 4), (10, 2), (0, 1), (11, 7), (10, 5), (0, 4), (0, 10), (2, 7), (13, 7), (1, 11), (2, 10), (4, 13), (9, 3), (8, 7), (10, 4), (1, 4), (0, 12), (8, 13), (1, 13), (2, 12), (13, 6)])"
14,38,0.48003435134887695,1,0.010315179824829102,2.6053762435913086,"(Vertices: [0, 1, 2, 3, 4, 5, 6, 7, 8, 9, 10, 11, 12, 13]) -- (Edges: [(4, 6), (9, 2), (5, 7), (5, 13), (8, 3), (8, 9), (10, 6), (0, 5), (10, 3), (8, 12), (2, 5), (13, 5), (0, 11), (1, 12), (12, 6), (8, 2), (9, 7), (9, 4), (0, 1), (11, 7), (10, 5), (10, 11), (0, 4), (9, 13), (0, 13), (2, 13), (6, 7), (12, 5), (8, 1), (8, 7), (10, 4), (0, 3), (10, 7), (11, 6), (2, 3), (1, 7), (2, 6), (2, 12)])"
14,31,0.4580988883972168,128,0.010891914367675781,2.4482955932617188,"(Vertices: [0, 1, 2, 3, 4, 5, 6, 7, 8, 9, 10, 11, 12, 13]) -- (Edges: [(3, 7), (12, 13), (9, 2), (8, 0), (9, 5), (8, 3), (0, 5), (11, 5), (0, 8), (2, 5), (2, 11), (1, 9), (1, 12), (3, 12), (8, 2), (9, 1), (9, 4), (1, 2), (0, 4), (9, 13), (10, 11), (1, 5), (6, 7), (3, 5), (8, 4), (9, 12), (8, 10), (1, 4), (11, 6), (8, 13), (1, 7)])"
14,36,0.461622953414917,1,0.010159015655517578,2.5114126205444336,"(Vertices: [0, 1, 2, 3, 4, 5, 6, 7, 8, 9, 10, 11, 12, 13]) -- (Edges: [(12, 7), (8, 0), (3, 13), (8, 6), (10, 3), (1, 6), (0, 8), (10, 12), (1, 12), (12, 6), (5, 6), (3, 6), (3, 12), (8, 2), (11, 4), (8, 5), (0, 1), (11, 7), (0, 10), (2, 7), (2, 13), (12, 5), (3, 11), (8, 4), (8, 1), (10, 4), (9, 6), (0, 3), (11, 3), (8, 10), (9, 12), (0, 6), (2, 3), (11, 6), (1, 13), (13, 6)])"
14,33,0.4350125789642334,128,0.010792732238769531,2.4987640380859375,"(Vertices: [0, 1, 2, 3, 4, 5, 6, 7, 8, 9, 10, 11, 12, 13]) -- (Edges: [(12, 4), (3, 7), (4, 6), (4, 12), (9, 5), (8, 3), (8, 9), (10, 12), (12, 6), (5, 6), (3, 6), (8, 2), (9, 7), (11, 4), (0, 7), (10, 5), (2, 7), (13, 7), (4, 7), (8, 4), (4, 13), (9, 3), (10, 4), (0, 3), (0, 9), (10, 7), (1, 4), (0, 6), (0, 12), (2, 3), (1, 7), (10, 13), (2, 12)])"
14,27,0.397705078125,1,0.009311199188232422,2.4390783309936523,"(Vertices: [0, 1, 2, 3, 4, 5, 6, 7, 8, 9, 10, 11, 12, 13]) -- (Edges: [(12, 7), (3, 4), (5, 13), (9, 5), (10, 3), (1, 6), (13, 5), (1, 9), (12, 6), (3, 6), (3, 12), (9, 1), (11, 4), (8, 11), (9, 4), (9, 10), (11, 7), (0, 10), (13, 7), (6, 7), (12, 5), (3, 11), (9, 6), (11, 3), (10, 13), (0, 12), (1, 13)])"
14,26,0.36211061477661133,128,0.009046792984008789,2.4972686767578125,"(Vertices: [0, 1, 2, 3, 4, 5, 6, 7, 8, 9, 10, 11, 12, 13]) -- (Edges: [(3, 7), (8, 3), (8, 9), (0, 5), (10, 3), (8, 12), (1, 9), (0, 11), (1, 12), (9, 1), (8, 11), (9, 4), (0, 1), (1, 2), (1, 5), (1, 11), (13, 7), (12, 5), (3, 11), (8, 1), (9, 6), (11, 3), (11, 6), (2, 3), (11, 12), (2, 12)])"
14,25,0.4162864685058594,1,0.008344411849975586,2.478034019470215,"(Vertices: [0, 1, 2, 3, 4, 5, 6, 7, 8, 9, 10, 11, 12, 13]) -- (Edges: [(3, 4), (3, 13), (0, 2), (0, 5), (10, 3), (8, 6), (4, 5), (5, 6), (8, 5), (11, 4), (10, 2), (9, 10), (0, 7), (10, 11), (2, 7), (13, 7), (11, 13), (2, 10), (2, 13), (3, 5), (8, 1), (8, 7), (1, 4), (11, 6), (11, 12)])"
14,30,0.3815422058105469,128,0.011132240295410156,2.4683914184570312,"(Vertices: [0, 1, 2, 3, 4, 5, 6, 7, 8, 9, 10, 11, 12, 13]) -- (Edges: [(9, 5), (0, 2), (8, 9), (11, 5), (8, 12), (9, 11), (1, 9), (9, 1), (10, 2), (9, 4), (0, 1), (0, 7), (10, 5), (11, 7), (10, 11), (13, 7), (1, 11), (2, 10), (2, 13), (12, 5), (3, 5), (8, 1), (10, 4), (9, 12), (0, 9), (8, 10), (0, 6), (2, 3), (2, 6), (13, 6)])"
14,33,0.4002547264099121,1,0.010230064392089844,2.5187902450561523,"(Vertices: [0, 1, 2, 3, 4, 5, 6, 7, 8, 9, 10, 11, 12, 13]) -- (Edges: [(12, 4), (12, 7), (4, 12), (12, 13), (0, 2), (10, 6), (8, 6), (2, 5), (1, 3), (0, 11), (1, 12), (4, 5), (5, 6), (9, 7), (11, 4), (10, 5), (1, 2), (9, 13), (0, 10), (1, 5), (0, 13), (6, 7), (4, 13), (9, 3), (8, 1), (8, 7), (9, 6), (0, 3), (8, 10), (9, 12), (2, 3), (11, 12), (13, 6)])"
14,41,0.38029956817626953,128,0.011167764663696289,2.5500259399414062,"(Vertices: [0, 1, 2, 3, 4, 5, 6, 7, 8, 9, 10, 11, 12, 13]) -- (Edges: [(3, 4), (12, 13), (8, 9), (0, 5), (8, 12), (1, 6), (9, 11), (2, 11), (3, 6), (3, 12), (9, 7), (11, 4), (8, 11), (10, 2), (9, 10), (2, 4), (1, 2), (10, 11), (0, 10), (2, 7), (1, 11), (11, 13), (2, 10), (6, 7), (12, 5), (3, 11), (8, 4), (9, 3), (8, 7), (11, 3), (0, 9), (8, 10), (0, 6), (0, 12), (2, 3), (8, 13), (1, 13), (2, 6), (2, 12), (13, 6), (11, 12)])"
15,37,0.8034226894378662,1,0.019609451293945312,4.435256004333496,"(Vertices: [0, 1, 2, 3, 4, 5, 6, 7, 8, 9, 10, 11, 12, 13, 14]) -- (Edges: [(12, 4), (12, 7), (14, 7), (4, 12), (5, 13), (9, 5), (0, 5), (10, 3), (8, 6), (9, 14), (0, 14), (13, 5), (10, 12), (2, 14), (4, 5), (5, 6), (3, 6), (8, 2), (8, 5), (10, 2), (9, 4), (0, 1), (8, 14), (2, 10), (1, 14), (6, 7), (12, 14), (5, 14), (8, 7), (9, 12), (0, 9), (10, 7), (8, 10), (10, 13), (1, 7), (2, 6), (13, 6)])"
15,43,0.7774410247802734,182,0.01977682113647461,4.5371856689453125,"(Vertices: [0, 1, 2, 3, 4, 5, 6, 7, 8, 9, 10, 11, 12, 13, 14]) -- (Edges: [(12, 4), (12, 7), (3, 7), (4, 6), (4, 12), (9, 2), (8, 0), (3, 13), (8, 9), (11, 5), (9, 11), (0, 8), (2, 5), (1, 9), (0, 11), (2, 14), (13, 14), (6, 14), (14, 6), (4, 14), (8, 2), (9, 1), (9, 7), (2, 4), (8, 14), (9, 13), (0, 10), (10, 11), (13, 7), (1, 11), (1, 14), (12, 5), (4, 7), (12, 14), (5, 14), (10, 4), (9, 6), (8, 7), (0, 9), (10, 7), (1, 7), (2, 6), (1, 10)])"
15,27,0.7925374507904053,1,0.018658876419067383,4.951613426208496,"(Vertices: [0, 1, 2, 3, 4, 5, 6, 7, 8, 9, 10, 11, 12, 13, 14]) -- (Edges: [(3, 7), (14, 7), (4, 6), (3, 13), (9, 5), (10, 6), (0, 5), (8, 6), (9, 11), (2, 5), (2, 11), (0, 11), (2, 14), (13, 14), (8, 5), (0, 1), (10, 5), (9, 13), (2, 7), (13, 7), (1, 14), (6, 7), (10, 4), (9, 6), (10, 13), (0, 12), (11, 12)])"
15,40,0.7759718894958496,182,0.01895618438720703,4.451560974121094,"(Vertices: [0, 1, 2, 3, 4, 5, 6, 7, 8, 9, 10, 11, 12, 13, 14]) -- (Edges: [(8, 0), (3, 13), (0, 5), (10, 3), (8, 12), (9, 11), (0, 8), (0, 14), (1, 3), (2, 11), (0, 11), (9, 14), (2, 14), (13, 14), (4, 5), (12, 6), (5, 6), (4, 14), (3, 12), (11, 4), (0, 1), (0, 7), (2, 4), (10, 5), (11, 7), (0, 10), (8, 14), (9, 10), (9, 13), (1, 14), (6, 7), (3, 11), (3, 14), (8, 1), (11, 3), (1, 4), (0, 6), (0, 12), (1, 7), (13, 6)])"
15,40,0.8094418048858643,1,0.017566442489624023,4.445586204528809,"(Vertices: [0, 1, 2, 3, 4, 5, 6, 7, 8, 9, 10, 11, 12, 13, 14]) -- (Edges: [(12, 7), (9, 2), (5, 13), (3, 13), (9, 5), (10, 6), (0, 5), (8, 6), (8, 12), (9, 11), (9, 14), (2, 11), (13, 5), (3, 6), (8, 11), (9, 4), (0, 1), (9, 10), (2, 4), (1, 2), (0, 4), (8, 14), (2, 7), (1, 5), (11, 13), (4, 7), (12, 14), (3, 11), (8, 4), (5, 14), (9, 6), (11, 3), (8, 10), (10, 7), (1, 4), (0, 6), (0, 12), (11, 6), (8, 13), (2, 12)])"
15,38,0.8124938011169434,182,0.022852182388305664,4.390754699707031,"(Vertices: [0, 1, 2, 3, 4, 5, 6, 7, 8, 9, 10, 11, 12, 13, 14]) -- (Edges: [(12, 4), (12, 7), (3, 7), (4, 12), (12, 13), (8, 0), (3, 13), (8, 3), (8, 6), (8, 12), (0, 8), (0, 14), (2, 11), (2, 14), (4, 5), (12, 6), (3, 6), (9, 7), (8, 11), (0, 7), (8, 14), (9, 13), (1, 5), (2, 13), (6, 7), (12, 5), (9, 3), (5, 14), (0, 3), (9, 12), (10, 7), (10, 13), (0, 6), (0, 12), (11, 6), (8, 13), (11, 12), (2, 6)])"
15,36,0.8111453056335449,1,0.021216392517089844,4.293517112731934,"(Vertices: [0, 1, 2, 3, 4, 5, 6, 7, 8, 9, 10, 11, 12, 13, 14]) -- (Edges: [(12, 4), (3, 4), (4, 6), (4, 12), (5, 13), (0, 2), (10, 6), (1, 6), (2, 5), (0, 14), (13, 5), (10, 12), (2, 14), (12, 6), (3, 6), (4, 14), (9, 10), (0, 7), (10, 5), (8, 14), (9, 13), (0, 10), (2, 7), (0, 13), (1, 14), (3, 11), (3, 14), (8, 4), (8, 1), (11, 3), (8, 10), (9, 12), (1, 4), (10, 13), (1, 7), (2, 6)])"
15,33,0.754826545715332,182,0.01672053337097168,5.055061340332031,"(Vertices: [0, 1, 2, 3, 4, 5, 6, 7, 8, 9, 10, 11, 12, 13, 14]) -- (Edges: [(14, 7), (8, 0), (5, 13), (3, 13), (9, 5), (1, 6), (0, 8), (0, 14), (13, 5), (2, 11), (11, 14), (4, 14), (2, 4), (1, 2), (8, 14), (0, 10), (10, 11), (10, 14), (1, 14), (6, 7), (3, 5), (3, 11), (3, 14), (5, 14), (11, 3), (10, 7), (1, 4), (0, 6), (11, 6), (10, 13), (1, 7), (13, 6), (1, 10)])"
15,36,0.8082137107849121,1,0.020961523056030273,4.448660850524902,"(Vertices: [0, 1, 2, 3, 4, 5, 6, 7, 8, 9, 10, 11, 12, 13, 14]) -- (Edges: [(12, 7), (12, 13), (3, 13), (8, 9), (8, 6), (10, 3), (2, 5), (0, 14), (10, 12), (2, 14), (13, 14), (8, 2), (9, 7), (10, 2), (9, 4), (11, 7), (2, 4), (10, 11), (0, 4), (1, 5), (10, 14), (0, 13), (2, 10), (8, 1), (5, 14), (9, 12), (1, 4), (11, 6), (2, 3), (8, 13), (10, 13), (1, 13), (2, 6), (2, 12), (1, 10), (11, 12)])"
15,38,0.7647533416748047,182,0.01719069480895996,4.413383483886719,"(Vertices: [0, 1, 2, 3, 4, 5, 6, 7, 8, 9, 10, 11, 12, 13, 14]) -- (Edges: [(12, 4), (12, 7), (3, 4), (4, 12), (8, 0), (3, 13), (9, 5), (0, 5), (11, 5), (9, 14), (1, 6), (0, 8), (0, 11), (1, 12), (13, 14), (4, 5), (12, 6), (9, 7), (10, 2), (9, 4), (9, 10), (10, 11), (0, 4), (11, 13), (2, 10), (1, 14), (2, 13), (6, 7), (4, 7), (3, 5), (3, 14), (8, 7), (9, 12), (1, 4), (8, 13), (1, 13), (2, 12), (1, 10)])"
15,32,0.7961602210998535,1,0.017152070999145508,4.608824729919434,"(Vertices: [0, 1, 2, 3, 4, 5, 6, 7, 8, 9, 10, 11, 12, 13, 14]) -- (Edges: [(9, 2), (5, 7), (5, 13), (8, 3), (11, 5), (8, 6), (8, 12), (13, 5), (2, 11), (1, 3), (1, 9), (0, 11), (10, 12), (12, 6), (5, 6), (4, 14), (9, 1), (0, 1), (8, 14), (12, 14), (3, 11), (3, 14), (9, 3), (5, 14), (10, 4), (0, 3), (11, 3), (10, 7), (11, 6), (0, 12), (8, 13), (13, 6)])"
15,37,0.7785379886627197,182,0.01795053482055664,4.42913818359375,"(Vertices: [0, 1, 2, 3, 4, 5, 6, 7, 8, 9, 10, 11, 12, 13, 14]) -- (Edges: [(12, 4), (12, 7), (3, 7), (4, 12), (0, 2), (8, 3), (9, 14), (8, 12), (1, 6), (1, 3), (2, 11), (2, 14), (13, 14), (4, 5), (5, 6), (9, 7), (8, 11), (9, 10), (10, 11), (0, 10), (2, 13), (6, 7), (12, 5), (4, 7), (8, 4), (4, 13), (5, 14), (9, 12), (8, 10), (10, 7), (1, 4), (0, 6), (0, 12), (1, 7), (1, 13), (2, 6), (1, 10)])"
15,43,0.8044347763061523,1,0.01649332046508789,4.404524803161621,"(Vertices: [0, 1, 2, 3, 4, 5, 6, 7, 8, 9, 10, 11, 12, 13, 14]) -- (Edges: [(14, 7), (12, 13), (0, 2), (9, 11), (2, 5), (0, 14), (10, 12), (11, 14), (2, 14), (1, 12), (13, 14), (5, 6), (3, 6), (4, 14), (9, 7), (10, 2), (9, 4), (0, 1), (0, 7), (2, 4), (11, 7), (8, 14), (0, 10), (2, 7), (1, 5), (13, 7), (0, 13), (2, 10), (10, 14), (1, 14), (2, 13), (12, 5), (4, 7), (3, 11), (4, 13), (5, 14), (11, 3), (8, 10), (1, 4), (11, 6), (10, 13), (1, 7), (13, 6)])"
15,44,0.7796041965484619,182,0.018580198287963867,4.397651672363281,"(Vertices: [0, 1, 2, 3, 4, 5, 6, 7, 8, 9, 10, 11, 12, 13, 14]) -- (Edges: [(12, 4), (12, 7), (3, 4), (3, 7), (14, 7), (4, 6), (4, 12), (0, 2), (8, 3), (8, 9), (11, 5), (9, 11), (0, 14), (1, 3), (13, 14), (6, 14), (14, 6), (5, 6), (3, 6), (3, 12), (9, 7), (8, 5), (8, 11), (10, 2), (11, 7), (2, 4), (8, 14), (10, 11), (13, 7), (2, 10), (1, 14), (6, 7), (12, 5), (4, 7), (3, 5), (12, 14), (8, 4), (4, 13), (8, 1), (8, 7), (10, 4), (9, 6), (0, 3), (11, 6)])"
15,37,1.4727578163146973,1,0.02603602409362793,4.403204917907715,"(Vertices: [0, 1, 2, 3, 4, 5, 6, 7, 8, 9, 10, 11, 12, 13, 14]) -- (Edges: [(12, 7), (3, 4), (3, 7), (14, 7), (8, 0), (0, 2), (10, 6), (8, 12), (9, 11), (0, 8), (2, 5), (10, 12), (11, 14), (1, 12), (13, 14), (6, 14), (14, 6), (4, 5), (8, 2), (10, 2), (9, 4), (9, 10), (2, 4), (1, 2), (10, 5), (10, 11), (2, 7), (11, 13), (2, 10), (6, 7), (9, 3), (8, 7), (9, 6), (1, 4), (0, 6), (8, 13), (2, 12)])"
15,42,0.9078006744384766,182,0.019420385360717773,4.429542541503906,"(Vertices: [0, 1, 2, 3, 4, 5, 6, 7, 8, 9, 10, 11, 12, 13, 14]) -- (Edges: [(14, 7), (8, 0), (5, 13), (3, 13), (8, 3), (0, 5), (10, 3), (11, 5), (8, 6), (0, 8), (11, 14), (2, 11), (1, 9), (13, 5), (6, 14), (14, 6), (12, 6), (5, 6), (4, 14), (3, 12), (8, 2), (9, 1), (11, 4), (8, 5), (9, 4), (9, 10), (1, 2), (0, 4), (9, 13), (13, 7), (6, 7), (12, 5), (4, 7), (3, 14), (8, 1), (8, 10), (1, 4), (0, 12), (2, 3), (1, 7), (8, 13), (2, 12)])"
15,34,0.8026227951049805,1,0.016167402267456055,4.365256309509277,"(Vertices: [0, 1, 2, 3, 4, 5, 6, 7, 8, 9, 10, 11, 12, 13, 14]) -- (Edges: [(12, 4), (4, 12), (8, 3), (0, 5), (10, 3), (11, 5), (9, 14), (2, 5), (0, 14), (1, 3), (2, 11), (0, 11), (13, 14), (3, 12), (0, 7), (2, 4), (10, 5), (0, 10), (2, 7), (10, 14), (2, 13), (12, 5), (4, 7), (8, 4), (8, 7), (9, 6), (0, 9), (10, 7), (0, 6), (1, 7), (1, 13), (2, 6), (13, 6), (1, 10)])"
15,38,0.7511119842529297,182,0.021963119506835938,4.4052734375,"(Vertices: [0, 1, 2, 3, 4, 5, 6, 7, 8, 9, 10, 11, 12, 13, 14]) -- (Edges: [(12, 4), (4, 12), (5, 7), (9, 5), (0, 2), (8, 3), (10, 6), (2, 11), (10, 12), (1, 12), (6, 14), (14, 6), (3, 6), (3, 12), (9, 7), (9, 4), (9, 10), (0, 7), (1, 2), (9, 13), (10, 11), (13, 7), (10, 14), (0, 13), (1, 14), (2, 13), (6, 7), (12, 5), (4, 7), (8, 4), (5, 14), (9, 12), (10, 13), (0, 12), (11, 12), (1, 7), (2, 12), (13, 6)])"
15,27,0.8043515682220459,1,0.016835451126098633,4.988532066345215,"(Vertices: [0, 1, 2, 3, 4, 5, 6, 7, 8, 9, 10, 11, 12, 13, 14]) -- (Edges: [(3, 4), (14, 7), (9, 2), (3, 13), (10, 6), (9, 14), (11, 14), (0, 11), (4, 5), (4, 14), (11, 4), (0, 7), (10, 11), (13, 7), (0, 13), (1, 14), (3, 11), (9, 3), (8, 1), (8, 7), (10, 4), (9, 6), (11, 3), (0, 12), (2, 12), (1, 10), (13, 6)])"
15,37,0.7628340721130371,182,0.017116308212280273,4.6598968505859375,"(Vertices: [0, 1, 2, 3, 4, 5, 6, 7, 8, 9, 10, 11, 12, 13, 14]) -- (Edges: [(12, 4), (14, 7), (4, 12), (5, 7), (8, 0), (10, 6), (0, 5), (8, 6), (0, 8), (10, 12), (0, 11), (13, 14), (8, 2), (8, 5), (11, 4), (8, 11), (9, 10), (2, 4), (1, 2), (10, 5), (8, 14), (2, 7), (13, 7), (1, 11), (10, 11), (10, 14), (11, 13), (2, 13), (6, 7), (4, 13), (5, 14), (8, 7), (0, 3), (8, 10), (0, 6), (0, 12), (2, 3)])"
15,39,0.8061704635620117,1,0.02184748649597168,4.471816062927246,"(Vertices: [0, 1, 2, 3, 4, 5, 6, 7, 8, 9, 10, 11, 12, 13, 14]) -- (Edges: [(3, 7), (5, 7), (5, 13), (3, 13), (0, 2), (8, 3), (9, 5), (8, 9), (0, 5), (11, 5), (8, 12), (1, 6), (9, 14), (11, 14), (2, 11), (13, 5), (10, 12), (1, 12), (13, 14), (4, 5), (4, 14), (10, 2), (11, 7), (0, 4), (2, 7), (0, 13), (2, 10), (12, 14), (8, 4), (4, 13), (8, 7), (10, 4), (9, 6), (1, 4), (0, 12), (8, 13), (2, 12), (1, 10), (13, 6)])"
15,36,0.7936508655548096,182,0.01764822006225586,4.3290863037109375,"(Vertices: [0, 1, 2, 3, 4, 5, 6, 7, 8, 9, 10, 11, 12, 13, 14]) -- (Edges: [(3, 4), (14, 7), (12, 13), (9, 2), (3, 13), (9, 5), (8, 9), (8, 6), (8, 12), (1, 6), (2, 5), (2, 11), (10, 12), (11, 14), (13, 14), (3, 12), (0, 7), (11, 7), (1, 2), (9, 13), (10, 11), (10, 14), (11, 13), (1, 14), (3, 5), (8, 4), (8, 1), (5, 14), (10, 4), (9, 12), (0, 9), (1, 4), (0, 6), (2, 3), (1, 13), (2, 6)])"
15,45,0.7976644039154053,1,0.01716923713684082,4.458952903747559,"(Vertices: [0, 1, 2, 3, 4, 5, 6, 7, 8, 9, 10, 11, 12, 13, 14]) -- (Edges: [(14, 7), (4, 6), (10, 6), (0, 5), (8, 12), (9, 11), (11, 14), (1, 9), (2, 14), (13, 14), (5, 6), (9, 1), (9, 7), (8, 5), (0, 1), (0, 7), (0, 4), (0, 10), (2, 7), (1, 5), (1, 11), (13, 7), (9, 13), (10, 14), (6, 7), (3, 5), (3, 11), (3, 14), (8, 4), (4, 13), (9, 3), (8, 1), (5, 14), (10, 4), (8, 7), (11, 3), (0, 9), (9, 12), (10, 13), (0, 6), (2, 3), (11, 12), (1, 13), (2, 12), (1, 10)])"
15,33,0.7575387954711914,182,0.01766228675842285,4.374382019042969,"(Vertices: [0, 1, 2, 3, 4, 5, 6, 7, 8, 9, 10, 11, 12, 13, 14]) -- (Edges: [(12, 4), (4, 12), (9, 2), (8, 9), (0, 5), (9, 14), (10, 12), (1, 12), (6, 14), (14, 6), (5, 6), (8, 2), (9, 10), (2, 4), (0, 10), (2, 7), (13, 7), (0, 13), (11, 13), (3, 11), (3, 14), (4, 13), (8, 7), (9, 6), (0, 3), (0, 9), (11, 3), (10, 7), (8, 10), (0, 12), (1, 7), (1, 13), (2, 6)])"
15,39,0.8026585578918457,1,0.022301673889160156,4.478484153747559,"(Vertices: [0, 1, 2, 3, 4, 5, 6, 7, 8, 9, 10, 11, 12, 13, 14]) -- (Edges: [(0, 2), (8, 3), (8, 9), (0, 5), (11, 5), (8, 6), (9, 14), (0, 14), (1, 3), (1, 9), (10, 12), (13, 14), (5, 6), (3, 6), (9, 1), (9, 7), (11, 4), (10, 2), (2, 4), (10, 11), (0, 13), (2, 10), (1, 14), (12, 5), (3, 14), (8, 4), (4, 13), (5, 14), (8, 7), (9, 6), (0, 3), (0, 9), (10, 7), (9, 12), (10, 13), (8, 13), (1, 7), (2, 6), (1, 10)])"
15,35,0.7711424827575684,182,0.023554563522338867,4.293769836425781,"(Vertices: [0, 1, 2, 3, 4, 5, 6, 7, 8, 9, 10, 11, 12, 13, 14]) -- (Edges: [(12, 4), (3, 7), (14, 7), (4, 12), (9, 5), (8, 6), (8, 12), (1, 6), (2, 5), (0, 14), (1, 3), (10, 12), (4, 14), (8, 2), (10, 2), (9, 10), (2, 7), (13, 7), (1, 11), (10, 14), (2, 10), (11, 13), (2, 13), (4, 7), (12, 14), (9, 3), (8, 1), (10, 4), (9, 6), (8, 10), (10, 7), (0, 12), (11, 12), (1, 13), (13, 6)])"
15,39,0.9247429370880127,1,0.016359806060791016,4.45889949798584,"(Vertices: [0, 1, 2, 3, 4, 5, 6, 7, 8, 9, 10, 11, 12, 13, 14]) -- (Edges: [(12, 7), (3, 4), (4, 6), (12, 13), (5, 13), (3, 13), (0, 2), (9, 5), (10, 6), (0, 5), (9, 14), (0, 14), (1, 3), (13, 5), (0, 11), (5, 6), (3, 6), (8, 2), (11, 4), (2, 4), (10, 5), (0, 10), (1, 5), (1, 11), (11, 13), (3, 5), (12, 14), (5, 14), (8, 7), (9, 6), (0, 3), (10, 7), (10, 13), (0, 6), (0, 12), (2, 3), (11, 12), (1, 13), (1, 10)])"
15,40,0.7815911769866943,182,0.01851797103881836,4.439849853515625,"(Vertices: [0, 1, 2, 3, 4, 5, 6, 7, 8, 9, 10, 11, 12, 13, 14]) -- (Edges: [(12, 7), (12, 13), (9, 2), (5, 7), (3, 13), (9, 5), (8, 9), (0, 5), (10, 3), (11, 5), (9, 14), (11, 14), (1, 9), (0, 11), (4, 5), (5, 6), (3, 6), (3, 12), (9, 1), (10, 2), (9, 10), (11, 7), (2, 4), (1, 2), (0, 4), (8, 14), (9, 13), (1, 5), (11, 13), (2, 10), (1, 14), (2, 13), (4, 7), (4, 13), (8, 10), (10, 7), (1, 4), (11, 6), (1, 7), (2, 12)])"
15,37,0.7993988990783691,1,0.020578384399414062,4.407958030700684,"(Vertices: [0, 1, 2, 3, 4, 5, 6, 7, 8, 9, 10, 11, 12, 13, 14]) -- (Edges: [(12, 4), (12, 7), (3, 7), (4, 12), (9, 5), (0, 2), (8, 3), (0, 5), (10, 3), (8, 6), (9, 14), (0, 14), (2, 11), (10, 12), (11, 14), (13, 14), (12, 6), (3, 12), (8, 2), (0, 7), (2, 4), (8, 14), (10, 11), (0, 13), (12, 5), (4, 7), (3, 11), (4, 13), (8, 1), (0, 3), (11, 3), (9, 12), (10, 13), (8, 13), (1, 7), (2, 12), (13, 6)])"
15,37,0.764998197555542,182,0.018122196197509766,4.384033203125,"(Vertices: [0, 1, 2, 3, 4, 5, 6, 7, 8, 9, 10, 11, 12, 13, 14]) -- (Edges: [(3, 7), (14, 7), (9, 2), (8, 0), (5, 13), (3, 13), (8, 3), (0, 8), (2, 5), (2, 11), (13, 5), (11, 14), (2, 14), (5, 6), (3, 6), (3, 12), (9, 7), (10, 2), (0, 7), (11, 7), (0, 4), (2, 7), (1, 5), (10, 14), (0, 13), (2, 10), (6, 7), (3, 5), (9, 3), (8, 1), (10, 4), (8, 10), (0, 6), (2, 3), (8, 13), (1, 7), (2, 6)])"
15,37,1.335601806640625,1,0.01537942886352539,4.42557430267334,"(Vertices: [0, 1, 2, 3, 4, 5, 6, 7, 8, 9, 10, 11, 12, 13, 14]) -- (Edges: [(14, 7), (12, 13), (9, 2), (3, 13), (8, 3), (8, 9), (10, 6), (0, 5), (11, 5), (8, 6), (1, 6), (9, 11), (1, 3), (2, 11), (1, 12), (13, 14), (6, 14), (14, 6), (5, 6), (3, 6), (3, 12), (9, 7), (0, 1), (2, 4), (10, 5), (0, 4), (13, 7), (0, 13), (1, 14), (2, 13), (3, 11), (11, 3), (8, 10), (10, 13), (11, 6), (11, 12), (13, 6)])"
15,33,0.7636420726776123,182,0.016630887985229492,4.703620910644531,"(Vertices: [0, 1, 2, 3, 4, 5, 6, 7, 8, 9, 10, 11, 12, 13, 14]) -- (Edges: [(12, 4), (12, 7), (14, 7), (4, 12), (9, 2), (12, 13), (8, 3), (10, 12), (12, 6), (5, 6), (9, 7), (9, 10), (2, 4), (1, 2), (10, 5), (8, 14), (2, 7), (1, 11), (0, 13), (12, 5), (12, 14), (3, 11), (8, 4), (11, 3), (8, 10), (10, 7), (9, 12), (0, 6), (2, 3), (11, 6), (10, 13), (11, 12), (1, 10)])"
15,41,0.8254227638244629,1,0.021405458450317383,4.421538352966309,"(Vertices: [0, 1, 2, 3, 4, 5, 6, 7, 8, 9, 10, 11, 12, 13, 14]) -- (Edges: [(14, 7), (12, 13), (8, 0), (10, 6), (11, 5), (10, 3), (1, 6), (0, 8), (2, 5), (1, 3), (1, 9), (2, 14), (6, 14), (14, 6), (12, 6), (8, 2), (9, 1), (0, 4), (9, 13), (2, 7), (13, 7), (0, 13), (11, 13), (1, 14), (2, 13), (6, 7), (12, 5), (12, 14), (8, 4), (9, 3), (0, 9), (10, 7), (1, 4), (11, 6), (8, 10), (11, 12), (1, 7), (2, 6), (2, 12), (1, 10), (13, 6)])"
15,37,0.7717480659484863,182,0.01764702796936035,4.423980712890625,"(Vertices: [0, 1, 2, 3, 4, 5, 6, 7, 8, 9, 10, 11, 12, 13, 14]) -- (Edges: [(12, 4), (4, 12), (9, 2), (12, 13), (5, 13), (3, 13), (8, 9), (10, 6), (0, 5), (11, 5), (9, 14), (2, 5), (0, 14), (13, 5), (6, 14), (14, 6), (4, 5), (3, 12), (8, 11), (2, 4), (8, 14), (2, 7), (13, 7), (0, 13), (11, 13), (1, 14), (6, 7), (12, 5), (4, 7), (3, 5), (8, 4), (8, 1), (8, 7), (9, 6), (8, 10), (2, 3), (11, 12)])"
15,31,0.8297872543334961,1,0.019309282302856445,4.711516380310059,"(Vertices: [0, 1, 2, 3, 4, 5, 6, 7, 8, 9, 10, 11, 12, 13, 14]) -- (Edges: [(12, 7), (14, 7), (4, 6), (3, 13), (0, 2), (8, 9), (1, 6), (9, 11), (0, 14), (1, 9), (13, 14), (12, 6), (4, 14), (9, 1), (9, 7), (8, 5), (10, 2), (2, 4), (8, 14), (0, 10), (2, 10), (12, 14), (3, 14), (8, 7), (9, 6), (9, 12), (10, 13), (0, 12), (2, 3), (11, 12), (1, 13)])"
15,33,0.7690403461456299,182,0.018604278564453125,4.613059997558594,"(Vertices: [0, 1, 2, 3, 4, 5, 6, 7, 8, 9, 10, 11, 12, 13, 14]) -- (Edges: [(12, 4), (3, 7), (14, 7), (4, 12), (12, 13), (5, 13), (10, 3), (2, 5), (13, 5), (10, 12), (11, 14), (1, 12), (13, 14), (12, 6), (4, 14), (3, 6), (8, 2), (0, 1), (0, 7), (9, 13), (1, 14), (4, 7), (8, 1), (9, 6), (9, 12), (0, 9), (8, 10), (0, 6), (0, 12), (2, 3), (11, 6), (11, 12), (2, 12)])"
15,35,0.8136787414550781,1,0.01820063591003418,4.560667991638184,"(Vertices: [0, 1, 2, 3, 4, 5, 6, 7, 8, 9, 10, 11, 12, 13, 14]) -- (Edges: [(12, 4), (4, 12), (9, 2), (5, 13), (9, 5), (8, 3), (8, 9), (10, 6), (9, 14), (13, 5), (1, 3), (1, 9), (12, 6), (3, 12), (9, 1), (9, 7), (8, 11), (10, 2), (11, 7), (2, 4), (10, 11), (0, 4), (0, 10), (0, 13), (2, 10), (3, 5), (12, 14), (3, 14), (8, 7), (9, 12), (8, 10), (10, 7), (0, 6), (11, 6), (1, 7)])"
15,42,0.7756118774414062,182,0.018192291259765625,4.4606475830078125,"(Vertices: [0, 1, 2, 3, 4, 5, 6, 7, 8, 9, 10, 11, 12, 13, 14]) -- (Edges: [(12, 4), (4, 12), (5, 7), (3, 13), (0, 2), (0, 5), (8, 12), (1, 9), (0, 11), (2, 14), (1, 12), (3, 6), (3, 12), (8, 2), (9, 1), (9, 7), (8, 5), (8, 11), (10, 2), (9, 10), (11, 7), (10, 5), (9, 13), (0, 10), (2, 7), (10, 14), (1, 11), (0, 13), (2, 10), (11, 13), (1, 14), (4, 7), (12, 14), (4, 13), (8, 1), (0, 3), (1, 4), (0, 12), (11, 12), (1, 7), (1, 13), (13, 6)])"
15,31,0.8158588409423828,1,0.017423391342163086,5.110716819763184,"(Vertices: [0, 1, 2, 3, 4, 5, 6, 7, 8, 9, 10, 11, 12, 13, 14]) -- (Edges: [(12, 7), (3, 13), (9, 5), (11, 5), (8, 12), (1, 6), (2, 11), (10, 12), (1, 12), (3, 6), (3, 12), (9, 7), (9, 4), (0, 7), (11, 7), (0, 10), (2, 7), (1, 5), (13, 7), (10, 14), (2, 13), (6, 7), (4, 7), (12, 14), (3, 11), (3, 14), (11, 3), (8, 10), (0, 12), (1, 7), (2, 12)])"
15,52,0.7839541435241699,182,0.017337322235107422,4.598899841308594,"(Vertices: [0, 1, 2, 3, 4, 5, 6, 7, 8, 9, 10, 11, 12, 13, 14]) -- (Edges: [(12, 7), (4, 6), (5, 7), (8, 0), (5, 13), (9, 5), (0, 2), (11, 5), (8, 12), (9, 14), (1, 6), (0, 8), (2, 5), (0, 14), (2, 11), (0, 11), (13, 5), (2, 14), (9, 11), (11, 14), (6, 14), (14, 6), (4, 5), (12, 6), (3, 6), (8, 2), (11, 4), (8, 5), (0, 1), (0, 7), (2, 4), (0, 4), (0, 10), (11, 13), (1, 14), (2, 13), (3, 5), (3, 11), (3, 14), (4, 13), (9, 3), (10, 4), (9, 6), (0, 3), (11, 3), (10, 7), (1, 4), (0, 6), (8, 13), (10, 13), (1, 13), (13, 6)])"
15,35,0.8385324478149414,1,0.020481586456298828,4.582549095153809,"(Vertices: [0, 1, 2, 3, 4, 5, 6, 7, 8, 9, 10, 11, 12, 13, 14]) -- (Edges: [(12, 4), (12, 7), (4, 12), (5, 7), (9, 5), (11, 5), (9, 14), (9, 11), (2, 11), (2, 14), (1, 12), (13, 14), (6, 14), (14, 6), (12, 6), (11, 4), (8, 11), (11, 7), (2, 4), (1, 2), (10, 5), (10, 11), (10, 14), (0, 13), (11, 13), (4, 7), (12, 14), (4, 13), (5, 14), (0, 6), (0, 12), (2, 3), (11, 12), (1, 13), (2, 12)])"
15,40,0.7731461524963379,182,0.02093338966369629,4.459968566894531,"(Vertices: [0, 1, 2, 3, 4, 5, 6, 7, 8, 9, 10, 11, 12, 13, 14]) -- (Edges: [(3, 4), (9, 2), (5, 7), (3, 13), (0, 2), (0, 5), (10, 3), (9, 14), (9, 11), (10, 12), (0, 11), (2, 14), (13, 14), (4, 14), (3, 12), (9, 7), (8, 5), (8, 11), (9, 4), (9, 10), (2, 4), (1, 2), (0, 4), (0, 10), (1, 5), (1, 11), (10, 14), (1, 14), (3, 5), (3, 14), (9, 3), (9, 6), (9, 12), (8, 10), (1, 4), (0, 6), (2, 3), (8, 13), (1, 7), (2, 12)])"
15,43,0.8184947967529297,1,0.022594213485717773,4.467314720153809,"(Vertices: [0, 1, 2, 3, 4, 5, 6, 7, 8, 9, 10, 11, 12, 13, 14]) -- (Edges: [(12, 4), (12, 7), (4, 12), (9, 2), (5, 7), (12, 13), (11, 5), (8, 12), (9, 14), (2, 5), (2, 11), (0, 14), (1, 3), (1, 9), (11, 14), (13, 14), (3, 6), (9, 1), (9, 7), (11, 4), (8, 11), (9, 10), (2, 4), (10, 5), (8, 14), (1, 11), (0, 13), (11, 13), (6, 7), (4, 7), (12, 14), (3, 11), (3, 14), (8, 4), (4, 13), (9, 3), (8, 7), (11, 3), (8, 10), (9, 12), (11, 6), (0, 12), (11, 12)])"
15,32,0.7697474956512451,182,0.017807722091674805,4.371635437011719,"(Vertices: [0, 1, 2, 3, 4, 5, 6, 7, 8, 9, 10, 11, 12, 13, 14]) -- (Edges: [(14, 7), (4, 6), (9, 2), (5, 13), (8, 6), (9, 14), (2, 5), (13, 5), (2, 11), (4, 5), (4, 14), (11, 4), (8, 11), (11, 7), (8, 14), (0, 10), (1, 5), (0, 13), (1, 14), (3, 11), (10, 4), (0, 3), (11, 3), (10, 7), (1, 4), (11, 6), (0, 12), (2, 3), (8, 13), (10, 13), (11, 12), (2, 12)])"
15,30,0.7902538776397705,1,0.015533924102783203,4.984869956970215,"(Vertices: [0, 1, 2, 3, 4, 5, 6, 7, 8, 9, 10, 11, 12, 13, 14]) -- (Edges: [(12, 4), (3, 4), (14, 7), (4, 12), (3, 13), (8, 9), (10, 6), (0, 5), (10, 3), (9, 14), (2, 5), (13, 14), (12, 6), (4, 14), (2, 4), (9, 13), (0, 10), (10, 14), (0, 13), (1, 14), (4, 7), (8, 4), (8, 1), (5, 14), (10, 4), (8, 7), (8, 10), (10, 7), (0, 6), (13, 6)])"
15,35,0.7593786716461182,182,0.02630162239074707,4.667396545410156,"(Vertices: [0, 1, 2, 3, 4, 5, 6, 7, 8, 9, 10, 11, 12, 13, 14]) -- (Edges: [(12, 4), (14, 7), (4, 12), (3, 13), (8, 9), (10, 6), (8, 12), (0, 14), (1, 3), (11, 14), (0, 11), (13, 14), (6, 14), (14, 6), (4, 5), (12, 6), (3, 12), (9, 7), (11, 4), (10, 2), (9, 10), (0, 7), (9, 13), (0, 10), (2, 7), (10, 14), (0, 13), (2, 10), (12, 14), (3, 14), (4, 13), (0, 3), (0, 6), (11, 6), (2, 12)])"
15,31,0.8233726024627686,1,0.022365808486938477,4.74301815032959,"(Vertices: [0, 1, 2, 3, 4, 5, 6, 7, 8, 9, 10, 11, 12, 13, 14]) -- (Edges: [(3, 7), (4, 6), (5, 13), (8, 6), (10, 3), (8, 12), (9, 14), (2, 5), (13, 5), (1, 3), (2, 11), (10, 12), (2, 14), (11, 14), (3, 12), (10, 2), (9, 4), (10, 11), (1, 5), (0, 13), (2, 10), (11, 13), (3, 5), (3, 11), (12, 14), (9, 3), (9, 6), (11, 3), (0, 9), (8, 10), (1, 7)])"
15,48,1.389770746231079,182,0.024560928344726562,4.543952941894531,"(Vertices: [0, 1, 2, 3, 4, 5, 6, 7, 8, 9, 10, 11, 12, 13, 14]) -- (Edges: [(3, 4), (12, 13), (5, 13), (3, 13), (0, 2), (8, 9), (11, 5), (8, 6), (8, 12), (9, 11), (9, 14), (11, 14), (13, 5), (1, 9), (0, 11), (2, 14), (4, 5), (12, 6), (3, 6), (4, 14), (9, 1), (11, 4), (8, 11), (9, 10), (0, 7), (2, 4), (1, 2), (0, 4), (10, 11), (1, 5), (13, 7), (0, 13), (11, 13), (2, 13), (4, 7), (3, 11), (3, 14), (8, 4), (4, 13), (9, 3), (8, 1), (11, 3), (10, 7), (1, 4), (0, 6), (0, 12), (2, 3), (10, 13)])"
15,42,0.9655544757843018,1,0.020818233489990234,4.462103843688965,"(Vertices: [0, 1, 2, 3, 4, 5, 6, 7, 8, 9, 10, 11, 12, 13, 14]) -- (Edges: [(12, 4), (4, 12), (5, 7), (8, 3), (0, 5), (8, 12), (9, 14), (1, 6), (2, 5), (0, 14), (1, 9), (0, 11), (10, 12), (2, 14), (11, 14), (13, 14), (6, 14), (14, 6), (12, 6), (3, 12), (8, 2), (9, 1), (11, 4), (10, 2), (11, 7), (1, 2), (9, 13), (2, 7), (1, 5), (2, 10), (3, 5), (8, 4), (8, 1), (9, 6), (9, 12), (0, 9), (10, 13), (0, 6), (11, 12), (1, 13), (2, 6), (2, 12)])"
15,38,0.9046769142150879,182,0.020812511444091797,4.394798278808594,"(Vertices: [0, 1, 2, 3, 4, 5, 6, 7, 8, 9, 10, 11, 12, 13, 14]) -- (Edges: [(12, 7), (3, 7), (4, 6), (8, 0), (5, 13), (9, 5), (8, 9), (0, 5), (11, 5), (8, 12), (1, 6), (0, 8), (13, 5), (10, 12), (0, 11), (6, 14), (14, 6), (9, 7), (11, 4), (8, 11), (9, 10), (10, 5), (0, 4), (9, 13), (10, 14), (11, 13), (2, 13), (3, 11), (8, 4), (4, 13), (8, 7), (10, 4), (0, 3), (11, 3), (8, 10), (11, 6), (1, 7), (2, 12)])"
15,39,0.8782334327697754,1,0.01995062828063965,4.358717918395996,"(Vertices: [0, 1, 2, 3, 4, 5, 6, 7, 8, 9, 10, 11, 12, 13, 14]) -- (Edges: [(12, 7), (3, 4), (14, 7), (8, 0), (5, 13), (0, 5), (9, 14), (1, 6), (0, 8), (2, 5), (1, 3), (13, 5), (0, 11), (9, 11), (11, 14), (4, 5), (3, 6), (11, 4), (8, 5), (8, 11), (10, 2), (1, 2), (10, 11), (2, 10), (3, 14), (4, 13), (5, 14), (8, 7), (9, 6), (0, 3), (10, 7), (1, 4), (0, 6), (0, 12), (2, 3), (1, 7), (2, 12), (1, 10), (13, 6)])"
15,31,0.7830126285552979,182,0.015952348709106445,4.591896057128906,"(Vertices: [0, 1, 2, 3, 4, 5, 6, 7, 8, 9, 10, 11, 12, 13, 14]) -- (Edges: [(12, 7), (3, 4), (3, 7), (0, 2), (8, 3), (10, 3), (8, 12), (1, 12), (13, 14), (6, 14), (14, 6), (8, 5), (9, 4), (0, 7), (8, 14), (1, 2), (10, 14), (1, 11), (1, 14), (4, 7), (3, 5), (3, 11), (8, 4), (4, 13), (8, 7), (11, 3), (8, 10), (0, 6), (2, 6), (13, 6), (1, 10)])"
15,35,0.8114893436431885,1,0.01732659339904785,4.404898643493652,"(Vertices: [0, 1, 2, 3, 4, 5, 6, 7, 8, 9, 10, 11, 12, 13, 14]) -- (Edges: [(12, 4), (12, 7), (14, 7), (4, 12), (12, 13), (5, 13), (3, 13), (9, 5), (10, 6), (8, 6), (10, 3), (2, 5), (13, 5), (2, 11), (1, 9), (12, 6), (4, 14), (9, 1), (8, 5), (9, 10), (11, 7), (10, 5), (1, 2), (8, 14), (13, 7), (2, 13), (12, 14), (9, 12), (1, 4), (0, 6), (0, 12), (11, 6), (8, 13), (2, 6), (2, 12)])"
15,36,0.7587804794311523,182,0.017885208129882812,4.250495910644531,"(Vertices: [0, 1, 2, 3, 4, 5, 6, 7, 8, 9, 10, 11, 12, 13, 14]) -- (Edges: [(12, 7), (9, 2), (8, 0), (3, 13), (8, 3), (9, 5), (10, 3), (8, 12), (9, 11), (0, 8), (1, 3), (1, 12), (6, 14), (14, 6), (12, 6), (4, 14), (8, 2), (8, 5), (10, 2), (9, 10), (11, 7), (8, 14), (10, 11), (2, 7), (1, 5), (1, 11), (0, 13), (2, 10), (2, 13), (12, 5), (4, 13), (0, 9), (10, 13), (8, 13), (2, 12), (13, 6)])"
15,39,0.9965121746063232,1,0.018200397491455078,4.437422752380371,"(Vertices: [0, 1, 2, 3, 4, 5, 6, 7, 8, 9, 10, 11, 12, 13, 14]) -- (Edges: [(14, 7), (4, 6), (9, 2), (5, 13), (9, 5), (11, 5), (10, 3), (8, 6), (9, 11), (9, 14), (0, 14), (13, 5), (2, 14), (1, 12), (6, 14), (14, 6), (12, 6), (3, 12), (8, 11), (9, 4), (0, 1), (10, 11), (9, 13), (0, 10), (2, 7), (13, 7), (1, 14), (2, 13), (3, 11), (9, 3), (5, 14), (8, 7), (9, 6), (11, 3), (10, 7), (1, 4), (11, 6), (2, 6), (1, 10)])"
15,37,0.7988240718841553,182,0.02058553695678711,4.398597717285156,"(Vertices: [0, 1, 2, 3, 4, 5, 6, 7, 8, 9, 10, 11, 12, 13, 14]) -- (Edges: [(12, 7), (14, 7), (12, 13), (5, 13), (3, 13), (9, 5), (8, 9), (10, 3), (9, 11), (11, 14), (13, 5), (1, 9), (0, 11), (2, 14), (1, 12), (13, 14), (6, 14), (14, 6), (4, 5), (5, 6), (9, 1), (8, 5), (0, 1), (0, 7), (11, 7), (9, 10), (9, 13), (1, 5), (10, 14), (4, 7), (4, 13), (10, 4), (9, 6), (11, 6), (2, 6), (2, 12), (13, 6)])"
15,37,0.8097629547119141,1,0.01601576805114746,4.339537620544434,"(Vertices: [0, 1, 2, 3, 4, 5, 6, 7, 8, 9, 10, 11, 12, 13, 14]) -- (Edges: [(12, 4), (3, 4), (14, 7), (4, 12), (12, 13), (5, 13), (0, 2), (8, 3), (10, 6), (0, 5), (8, 6), (8, 12), (9, 11), (9, 14), (2, 5), (0, 14), (13, 5), (13, 14), (4, 5), (12, 6), (9, 7), (11, 4), (8, 11), (8, 14), (1, 5), (1, 11), (11, 13), (12, 5), (4, 13), (9, 3), (10, 4), (0, 6), (2, 3), (11, 12), (2, 6), (2, 12), (1, 10)])"
15,37,0.7796127796173096,182,0.021350383758544922,4.428558349609375,"(Vertices: [0, 1, 2, 3, 4, 5, 6, 7, 8, 9, 10, 11, 12, 13, 14]) -- (Edges: [(12, 4), (3, 7), (14, 7), (4, 12), (12, 13), (5, 7), (3, 13), (8, 9), (11, 5), (1, 6), (9, 11), (1, 3), (0, 11), (4, 14), (8, 11), (9, 4), (10, 5), (1, 2), (0, 4), (0, 10), (8, 14), (13, 7), (9, 13), (10, 11), (11, 13), (12, 5), (4, 7), (3, 5), (5, 14), (10, 7), (1, 4), (10, 13), (2, 3), (8, 13), (11, 12), (2, 6), (2, 12)])"
15,28,0.7921380996704102,1,0.015602827072143555,4.572508811950684,"(Vertices: [0, 1, 2, 3, 4, 5, 6, 7, 8, 9, 10, 11, 12, 13, 14]) -- (Edges: [(4, 6), (9, 2), (8, 3), (10, 3), (9, 11), (11, 14), (2, 11), (6, 14), (14, 6), (8, 2), (9, 7), (0, 1), (11, 7), (8, 14), (9, 13), (0, 10), (2, 7), (1, 11), (0, 13), (1, 14), (3, 5), (8, 4), (9, 3), (5, 14), (0, 9), (1, 4), (0, 12), (1, 13)])"
15,46,0.7963664531707764,182,0.0194699764251709,4.4294891357421875,"(Vertices: [0, 1, 2, 3, 4, 5, 6, 7, 8, 9, 10, 11, 12, 13, 14]) -- (Edges: [(12, 4), (14, 7), (4, 12), (9, 2), (5, 7), (8, 0), (3, 13), (8, 3), (11, 5), (9, 11), (0, 8), (0, 14), (2, 11), (1, 9), (0, 11), (10, 12), (13, 14), (3, 6), (4, 14), (8, 2), (9, 1), (9, 7), (8, 5), (9, 4), (0, 7), (2, 4), (1, 2), (10, 5), (9, 13), (10, 11), (1, 5), (13, 7), (10, 14), (1, 14), (2, 13), (12, 5), (4, 7), (4, 13), (8, 7), (1, 4), (0, 6), (0, 12), (1, 7), (1, 13), (2, 12), (1, 10)])"
15,34,0.8153603076934814,1,0.017252683639526367,4.630866050720215,"(Vertices: [0, 1, 2, 3, 4, 5, 6, 7, 8, 9, 10, 11, 12, 13, 14]) -- (Edges: [(3, 4), (14, 7), (9, 2), (0, 2), (10, 6), (9, 14), (2, 5), (0, 11), (6, 14), (14, 6), (4, 5), (5, 6), (3, 12), (10, 2), (11, 7), (2, 4), (1, 2), (10, 5), (0, 10), (2, 7), (10, 11), (10, 14), (0, 13), (2, 10), (11, 13), (1, 14), (3, 5), (3, 11), (4, 13), (9, 3), (11, 3), (2, 3), (11, 12), (1, 10)])"
15,38,0.7710866928100586,182,0.022260189056396484,4.420951843261719,"(Vertices: [0, 1, 2, 3, 4, 5, 6, 7, 8, 9, 10, 11, 12, 13, 14]) -- (Edges: [(12, 4), (4, 12), (9, 2), (12, 13), (0, 5), (11, 5), (8, 12), (9, 11), (9, 14), (11, 14), (2, 11), (1, 9), (0, 11), (13, 14), (12, 6), (3, 6), (9, 1), (11, 4), (0, 1), (11, 7), (8, 14), (9, 10), (9, 13), (0, 10), (1, 5), (1, 11), (11, 13), (2, 13), (12, 5), (12, 14), (8, 4), (8, 1), (5, 14), (8, 7), (0, 3), (2, 6), (13, 6), (1, 10)])"
15,34,0.7980284690856934,1,0.0161283016204834,4.752425193786621,"(Vertices: [0, 1, 2, 3, 4, 5, 6, 7, 8, 9, 10, 11, 12, 13, 14]) -- (Edges: [(12, 4), (4, 12), (9, 2), (8, 3), (8, 9), (10, 6), (11, 5), (10, 3), (9, 14), (1, 6), (9, 11), (2, 5), (2, 11), (1, 12), (8, 2), (11, 4), (11, 7), (2, 4), (10, 5), (0, 4), (1, 11), (6, 7), (3, 11), (8, 4), (4, 13), (9, 3), (8, 1), (5, 14), (11, 3), (0, 9), (10, 7), (10, 13), (2, 3), (8, 13)])"
15,34,0.7460689544677734,182,0.01831340789794922,4.3160400390625,"(Vertices: [0, 1, 2, 3, 4, 5, 6, 7, 8, 9, 10, 11, 12, 13, 14]) -- (Edges: [(3, 4), (9, 2), (8, 3), (11, 5), (8, 6), (0, 14), (1, 9), (6, 14), (14, 6), (4, 5), (12, 6), (8, 2), (9, 1), (11, 4), (8, 11), (10, 2), (0, 4), (0, 10), (1, 5), (1, 11), (0, 13), (2, 10), (4, 7), (3, 5), (12, 14), (8, 4), (4, 13), (9, 3), (5, 14), (8, 7), (10, 13), (1, 7), (1, 13), (1, 10)])"
15,33,0.802004337310791,1,0.021900415420532227,4.33444881439209,"(Vertices: [0, 1, 2, 3, 4, 5, 6, 7, 8, 9, 10, 11, 12, 13, 14]) -- (Edges: [(12, 4), (3, 4), (4, 12), (9, 2), (12, 13), (5, 13), (3, 13), (9, 5), (0, 5), (8, 12), (1, 6), (9, 11), (13, 5), (13, 14), (12, 6), (5, 6), (9, 10), (8, 14), (0, 4), (2, 7), (1, 5), (4, 7), (8, 4), (9, 3), (8, 1), (5, 14), (0, 3), (0, 9), (1, 4), (0, 6), (11, 6), (1, 13), (1, 10)])"
15,31,0.7555923461914062,182,0.016173839569091797,4.6776580810546875,"(Vertices: [0, 1, 2, 3, 4, 5, 6, 7, 8, 9, 10, 11, 12, 13, 14]) -- (Edges: [(12, 7), (4, 6), (5, 7), (8, 0), (8, 3), (8, 9), (8, 6), (10, 3), (8, 12), (0, 8), (11, 14), (1, 12), (4, 5), (3, 6), (0, 7), (2, 4), (9, 13), (2, 7), (11, 13), (1, 14), (2, 13), (6, 7), (4, 13), (8, 1), (5, 14), (10, 4), (9, 6), (11, 12), (1, 7), (1, 13), (1, 10)])"
15,43,0.8256640434265137,1,0.019008159637451172,4.460921287536621,"(Vertices: [0, 1, 2, 3, 4, 5, 6, 7, 8, 9, 10, 11, 12, 13, 14]) -- (Edges: [(12, 4), (4, 6), (4, 12), (5, 13), (9, 5), (8, 9), (10, 6), (11, 5), (8, 6), (8, 12), (9, 14), (2, 5), (1, 3), (2, 11), (0, 11), (13, 5), (10, 12), (1, 12), (12, 6), (4, 14), (9, 7), (10, 2), (0, 1), (0, 7), (11, 7), (8, 14), (9, 10), (10, 11), (2, 7), (13, 7), (1, 11), (0, 13), (2, 10), (11, 13), (3, 5), (3, 14), (8, 4), (4, 13), (9, 3), (9, 12), (10, 7), (1, 7), (2, 12)])"
15,31,0.771958589553833,182,0.02483201026916504,4.249015808105469,"(Vertices: [0, 1, 2, 3, 4, 5, 6, 7, 8, 9, 10, 11, 12, 13, 14]) -- (Edges: [(12, 7), (8, 3), (8, 9), (0, 5), (11, 5), (9, 14), (11, 14), (2, 11), (10, 12), (0, 11), (2, 14), (4, 14), (9, 7), (8, 11), (9, 4), (0, 1), (8, 14), (9, 13), (13, 7), (1, 11), (0, 13), (3, 5), (8, 4), (8, 1), (8, 7), (10, 13), (2, 3), (8, 13), (2, 6), (2, 12), (13, 6)])"
15,30,0.7954552173614502,1,0.017379283905029297,4.396300315856934,"(Vertices: [0, 1, 2, 3, 4, 5, 6, 7, 8, 9, 10, 11, 12, 13, 14]) -- (Edges: [(3, 4), (9, 2), (9, 5), (10, 6), (0, 5), (9, 11), (1, 3), (1, 12), (4, 5), (5, 6), (3, 6), (3, 12), (8, 11), (0, 1), (11, 7), (2, 4), (10, 5), (0, 4), (9, 10), (10, 14), (1, 11), (11, 13), (4, 7), (3, 14), (8, 4), (9, 3), (0, 3), (10, 13), (8, 13), (2, 12)])"
15,30,0.7703220844268799,182,0.01933884620666504,5.08038330078125,"(Vertices: [0, 1, 2, 3, 4, 5, 6, 7, 8, 9, 10, 11, 12, 13, 14]) -- (Edges: [(3, 4), (3, 7), (8, 3), (11, 5), (8, 6), (8, 12), (1, 6), (9, 14), (11, 14), (1, 9), (0, 11), (1, 12), (6, 14), (14, 6), (4, 5), (9, 1), (0, 1), (10, 5), (0, 4), (1, 11), (9, 3), (8, 1), (10, 4), (9, 12), (10, 7), (1, 4), (11, 6), (0, 12), (2, 3), (13, 6)])"
15,37,0.789381742477417,1,0.01770639419555664,4.357863426208496,"(Vertices: [0, 1, 2, 3, 4, 5, 6, 7, 8, 9, 10, 11, 12, 13, 14]) -- (Edges: [(12, 7), (4, 6), (9, 5), (8, 3), (8, 9), (10, 6), (9, 14), (10, 3), (1, 6), (9, 11), (2, 5), (10, 12), (4, 5), (12, 6), (3, 12), (8, 2), (9, 7), (10, 2), (9, 4), (9, 10), (8, 14), (2, 7), (1, 5), (1, 11), (13, 7), (2, 10), (12, 5), (4, 7), (3, 5), (3, 14), (8, 4), (5, 14), (8, 7), (0, 3), (10, 13), (2, 3), (13, 6)])"
15,46,0.7643771171569824,182,0.021625518798828125,4.5393524169921875,"(Vertices: [0, 1, 2, 3, 4, 5, 6, 7, 8, 9, 10, 11, 12, 13, 14]) -- (Edges: [(12, 4), (12, 7), (3, 7), (4, 6), (4, 12), (12, 13), (8, 0), (5, 13), (8, 9), (10, 6), (0, 5), (11, 5), (1, 6), (0, 8), (2, 5), (13, 5), (2, 14), (1, 12), (13, 14), (5, 6), (3, 12), (8, 11), (0, 1), (0, 7), (11, 7), (1, 2), (8, 14), (0, 10), (2, 7), (1, 5), (13, 7), (9, 10), (10, 11), (11, 13), (6, 7), (12, 14), (3, 14), (9, 3), (5, 14), (1, 4), (10, 13), (2, 3), (1, 7), (1, 13), (2, 6), (2, 12)])"
15,32,0.7962338924407959,1,0.02177572250366211,4.206831932067871,"(Vertices: [0, 1, 2, 3, 4, 5, 6, 7, 8, 9, 10, 11, 12, 13, 14]) -- (Edges: [(3, 4), (3, 7), (8, 3), (0, 5), (1, 3), (2, 11), (10, 12), (1, 12), (4, 5), (8, 11), (10, 2), (9, 13), (13, 7), (1, 11), (2, 10), (2, 13), (4, 7), (12, 14), (3, 14), (8, 4), (5, 14), (8, 7), (9, 6), (0, 3), (10, 7), (10, 13), (0, 12), (8, 13), (1, 7), (11, 12), (2, 6), (2, 12)])"
15,23,0.7561869621276855,182,0.016408920288085938,5.142608642578125,"(Vertices: [0, 1, 2, 3, 4, 5, 6, 7, 8, 9, 10, 11, 12, 13, 14]) -- (Edges: [(3, 4), (14, 7), (8, 0), (8, 9), (11, 5), (8, 6), (9, 11), (0, 8), (0, 14), (0, 11), (4, 5), (3, 6), (10, 2), (2, 4), (8, 14), (10, 14), (2, 10), (12, 5), (10, 13), (0, 6), (11, 6), (13, 6), (1, 10)])"
15,35,0.9545116424560547,1,0.022442340850830078,4.301909446716309,"(Vertices: [0, 1, 2, 3, 4, 5, 6, 7, 8, 9, 10, 11, 12, 13, 14]) -- (Edges: [(12, 7), (12, 13), (8, 3), (10, 6), (0, 5), (9, 14), (1, 6), (9, 11), (2, 5), (11, 14), (1, 9), (2, 14), (8, 2), (9, 1), (10, 2), (9, 10), (2, 4), (1, 2), (0, 4), (8, 14), (2, 7), (10, 11), (10, 14), (2, 10), (2, 13), (3, 5), (12, 14), (5, 14), (8, 7), (9, 12), (10, 7), (10, 13), (0, 12), (2, 3), (1, 13)])"
15,39,0.9216406345367432,182,0.017834901809692383,4.3266754150390625,"(Vertices: [0, 1, 2, 3, 4, 5, 6, 7, 8, 9, 10, 11, 12, 13, 14]) -- (Edges: [(3, 7), (14, 7), (9, 5), (8, 3), (8, 9), (0, 5), (10, 3), (11, 5), (8, 12), (9, 14), (2, 5), (1, 3), (10, 12), (1, 12), (13, 14), (12, 6), (5, 6), (4, 14), (3, 6), (9, 7), (10, 2), (9, 10), (2, 4), (1, 2), (10, 5), (2, 7), (2, 10), (6, 7), (12, 5), (3, 5), (3, 11), (8, 4), (10, 4), (9, 6), (11, 3), (9, 12), (10, 7), (2, 3), (13, 6)])"
15,41,1.0394525527954102,1,0.01966071128845215,4.468390464782715,"(Vertices: [0, 1, 2, 3, 4, 5, 6, 7, 8, 9, 10, 11, 12, 13, 14]) -- (Edges: [(4, 6), (9, 5), (10, 6), (11, 5), (8, 6), (8, 12), (9, 11), (9, 14), (2, 5), (2, 11), (1, 9), (0, 11), (10, 12), (2, 14), (12, 6), (3, 6), (4, 14), (9, 1), (8, 11), (10, 2), (0, 7), (1, 2), (2, 7), (1, 5), (1, 11), (13, 7), (2, 10), (10, 14), (6, 7), (12, 14), (3, 14), (8, 7), (9, 6), (1, 4), (10, 13), (2, 3), (11, 12), (1, 7), (1, 13), (2, 6), (2, 12)])"
15,47,0.9264838695526123,182,0.01972818374633789,4.493278503417969,"(Vertices: [0, 1, 2, 3, 4, 5, 6, 7, 8, 9, 10, 11, 12, 13, 14]) -- (Edges: [(12, 4), (3, 4), (3, 7), (4, 6), (4, 12), (5, 7), (3, 13), (8, 3), (9, 5), (8, 9), (0, 5), (10, 3), (9, 11), (0, 14), (2, 11), (1, 9), (10, 12), (11, 14), (2, 14), (13, 14), (6, 14), (14, 6), (4, 5), (5, 6), (9, 1), (8, 5), (8, 11), (9, 4), (11, 7), (2, 7), (4, 7), (12, 14), (3, 11), (3, 14), (8, 4), (8, 7), (9, 6), (11, 3), (8, 10), (10, 7), (9, 12), (10, 13), (0, 12), (11, 12), (1, 13), (2, 6), (1, 10)])"
15,43,0.8233475685119629,1,0.02156376838684082,4.46439266204834,"(Vertices: [0, 1, 2, 3, 4, 5, 6, 7, 8, 9, 10, 11, 12, 13, 14]) -- (Edges: [(12, 4), (3, 4), (3, 7), (4, 12), (12, 13), (8, 0), (8, 9), (11, 5), (8, 12), (0, 8), (2, 5), (1, 3), (2, 11), (0, 11), (1, 12), (12, 6), (4, 14), (3, 12), (8, 2), (9, 7), (8, 11), (9, 4), (10, 2), (8, 14), (10, 14), (11, 13), (2, 10), (1, 14), (6, 7), (3, 5), (12, 14), (3, 14), (8, 1), (9, 6), (0, 9), (8, 10), (11, 6), (0, 12), (2, 3), (11, 12), (2, 6), (2, 12), (13, 6)])"
15,33,0.7618238925933838,182,0.018623828887939453,4.532318115234375,"(Vertices: [0, 1, 2, 3, 4, 5, 6, 7, 8, 9, 10, 11, 12, 13, 14]) -- (Edges: [(12, 4), (14, 7), (4, 12), (12, 13), (1, 6), (9, 11), (0, 14), (2, 11), (10, 12), (13, 14), (5, 6), (3, 6), (11, 4), (8, 11), (10, 2), (0, 1), (10, 5), (1, 2), (0, 10), (2, 7), (10, 14), (2, 10), (1, 14), (4, 7), (12, 14), (8, 4), (4, 13), (9, 3), (9, 6), (11, 6), (8, 13), (1, 13), (1, 10)])"
15,31,0.7993700504302979,1,0.021351337432861328,5.099242210388184,"(Vertices: [0, 1, 2, 3, 4, 5, 6, 7, 8, 9, 10, 11, 12, 13, 14]) -- (Edges: [(12, 7), (8, 0), (5, 13), (9, 5), (8, 12), (0, 8), (2, 5), (13, 5), (1, 9), (1, 12), (13, 14), (5, 6), (9, 1), (8, 5), (11, 4), (9, 4), (11, 7), (0, 4), (0, 10), (9, 13), (1, 11), (11, 13), (12, 5), (3, 14), (4, 13), (5, 14), (9, 12), (10, 7), (0, 12), (8, 13), (2, 12)])"
15,39,0.7688450813293457,182,0.020841598510742188,4.3019561767578125,"(Vertices: [0, 1, 2, 3, 4, 5, 6, 7, 8, 9, 10, 11, 12, 13, 14]) -- (Edges: [(3, 4), (12, 13), (9, 2), (5, 13), (3, 13), (11, 5), (8, 12), (9, 14), (1, 6), (9, 11), (2, 5), (1, 3), (13, 5), (2, 14), (1, 12), (4, 5), (12, 6), (5, 6), (3, 6), (8, 5), (8, 14), (10, 11), (9, 13), (1, 5), (12, 5), (4, 7), (12, 14), (3, 11), (5, 14), (11, 3), (0, 9), (9, 12), (2, 3), (8, 13), (1, 7), (11, 12), (2, 6), (13, 6), (1, 10)])"
15,40,0.8067479133605957,1,0.020689964294433594,4.367514610290527,"(Vertices: [0, 1, 2, 3, 4, 5, 6, 7, 8, 9, 10, 11, 12, 13, 14]) -- (Edges: [(12, 4), (3, 4), (4, 12), (12, 13), (8, 0), (8, 9), (0, 5), (10, 3), (0, 8), (2, 5), (1, 3), (6, 14), (14, 6), (12, 6), (3, 6), (9, 7), (8, 5), (9, 10), (0, 7), (11, 7), (1, 2), (0, 4), (8, 14), (2, 7), (1, 5), (9, 13), (0, 13), (3, 5), (8, 1), (8, 7), (0, 3), (0, 9), (10, 7), (1, 4), (0, 6), (0, 12), (11, 6), (8, 10), (1, 13), (13, 6)])"
15,45,0.7699005603790283,182,0.019873857498168945,4.443748474121094,"(Vertices: [0, 1, 2, 3, 4, 5, 6, 7, 8, 9, 10, 11, 12, 13, 14]) -- (Edges: [(12, 4), (14, 7), (4, 6), (4, 12), (5, 13), (8, 9), (0, 5), (10, 3), (8, 6), (9, 11), (9, 14), (11, 14), (13, 5), (0, 11), (5, 6), (8, 2), (9, 7), (11, 4), (8, 11), (10, 2), (0, 1), (9, 10), (8, 14), (0, 4), (9, 13), (1, 5), (10, 14), (0, 13), (2, 10), (11, 13), (1, 14), (3, 5), (12, 14), (3, 14), (8, 4), (4, 13), (8, 1), (8, 7), (9, 6), (0, 6), (2, 3), (11, 6), (11, 12), (13, 6), (1, 10)])"
15,29,0.8126888275146484,1,0.0161898136138916,4.692084312438965,"(Vertices: [0, 1, 2, 3, 4, 5, 6, 7, 8, 9, 10, 11, 12, 13, 14]) -- (Edges: [(3, 7), (5, 7), (5, 13), (0, 2), (1, 6), (13, 5), (10, 12), (12, 6), (5, 6), (4, 14), (3, 6), (9, 10), (11, 7), (8, 14), (1, 2), (1, 11), (1, 14), (6, 7), (3, 5), (9, 6), (0, 3), (9, 12), (1, 4), (11, 6), (0, 12), (8, 13), (1, 7), (10, 13), (2, 12)])"
15,31,0.7576756477355957,182,0.018540620803833008,4.585792541503906,"(Vertices: [0, 1, 2, 3, 4, 5, 6, 7, 8, 9, 10, 11, 12, 13, 14]) -- (Edges: [(12, 7), (3, 4), (5, 13), (10, 6), (11, 5), (10, 3), (9, 11), (2, 5), (2, 11), (1, 9), (13, 5), (2, 14), (4, 5), (8, 2), (9, 1), (1, 2), (10, 14), (0, 13), (11, 13), (2, 13), (12, 5), (12, 14), (8, 4), (8, 1), (0, 3), (10, 7), (0, 6), (0, 12), (11, 12), (2, 6), (13, 6)])"
15,36,0.9017410278320312,1,0.022548913955688477,4.366049766540527,"(Vertices: [0, 1, 2, 3, 4, 5, 6, 7, 8, 9, 10, 11, 12, 13, 14]) -- (Edges: [(4, 6), (9, 2), (3, 13), (11, 5), (10, 3), (8, 12), (1, 6), (9, 11), (0, 14), (10, 12), (2, 14), (6, 14), (14, 6), (4, 5), (9, 7), (8, 5), (8, 11), (9, 4), (10, 2), (2, 4), (0, 4), (9, 13), (2, 7), (1, 11), (11, 13), (2, 10), (1, 14), (4, 7), (3, 11), (11, 3), (0, 9), (11, 6), (8, 13), (11, 12), (1, 7), (2, 12)])"
15,30,0.7836215496063232,182,0.02039313316345215,4.641777038574219,"(Vertices: [0, 1, 2, 3, 4, 5, 6, 7, 8, 9, 10, 11, 12, 13, 14]) -- (Edges: [(12, 7), (3, 7), (9, 2), (5, 7), (8, 0), (9, 5), (8, 3), (0, 5), (8, 12), (9, 14), (0, 8), (0, 11), (2, 14), (13, 14), (3, 6), (10, 2), (9, 4), (1, 2), (0, 4), (0, 13), (2, 10), (11, 13), (12, 14), (3, 14), (9, 6), (0, 9), (8, 13), (11, 12), (1, 7), (1, 13)])"
15,34,0.8610539436340332,1,0.01763916015625,4.35184383392334,"(Vertices: [0, 1, 2, 3, 4, 5, 6, 7, 8, 9, 10, 11, 12, 13, 14]) -- (Edges: [(12, 4), (12, 7), (14, 7), (4, 6), (4, 12), (12, 13), (5, 7), (11, 5), (10, 3), (8, 12), (1, 6), (9, 14), (2, 11), (1, 9), (2, 14), (1, 12), (6, 14), (14, 6), (4, 5), (8, 2), (9, 1), (8, 5), (9, 4), (8, 14), (1, 2), (9, 13), (10, 14), (1, 11), (0, 13), (8, 4), (8, 7), (9, 12), (10, 7), (2, 3)])"
15,35,0.7645809650421143,182,0.01889657974243164,4.448333740234375,"(Vertices: [0, 1, 2, 3, 4, 5, 6, 7, 8, 9, 10, 11, 12, 13, 14]) -- (Edges: [(12, 4), (3, 4), (14, 7), (4, 12), (5, 7), (8, 0), (10, 6), (8, 6), (8, 12), (1, 6), (0, 8), (2, 5), (1, 3), (2, 11), (10, 12), (2, 14), (5, 6), (3, 6), (4, 14), (8, 5), (9, 4), (11, 7), (10, 11), (2, 7), (2, 13), (4, 7), (3, 14), (4, 13), (10, 4), (9, 6), (0, 9), (1, 4), (0, 12), (13, 6), (1, 10)])"
15,43,0.85440993309021,1,0.02071666717529297,4.414572715759277,"(Vertices: [0, 1, 2, 3, 4, 5, 6, 7, 8, 9, 10, 11, 12, 13, 14]) -- (Edges: [(12, 7), (3, 4), (12, 13), (9, 2), (8, 0), (3, 13), (10, 6), (0, 5), (11, 5), (9, 14), (0, 8), (2, 5), (1, 3), (1, 9), (0, 11), (2, 14), (1, 12), (3, 6), (9, 1), (9, 7), (8, 5), (0, 1), (0, 7), (10, 5), (1, 2), (11, 7), (10, 11), (13, 7), (1, 11), (11, 13), (6, 7), (3, 5), (12, 14), (8, 1), (10, 4), (10, 7), (10, 13), (11, 6), (11, 12), (1, 7), (1, 13), (2, 6), (2, 12)])"
15,39,0.8626382350921631,182,0.01636481285095215,4.443031311035156,"(Vertices: [0, 1, 2, 3, 4, 5, 6, 7, 8, 9, 10, 11, 12, 13, 14]) -- (Edges: [(3, 7), (14, 7), (5, 13), (3, 13), (0, 2), (8, 3), (9, 5), (8, 9), (8, 6), (10, 3), (1, 6), (9, 11), (2, 5), (13, 5), (1, 9), (2, 14), (1, 12), (13, 14), (9, 1), (11, 4), (8, 5), (10, 2), (0, 1), (11, 7), (1, 11), (0, 13), (2, 10), (11, 13), (12, 5), (3, 5), (8, 4), (9, 3), (8, 7), (0, 3), (10, 13), (2, 3), (1, 7), (2, 12), (13, 6)])"
15,35,0.8489396572113037,1,0.020860910415649414,4.425047874450684,"(Vertices: [0, 1, 2, 3, 4, 5, 6, 7, 8, 9, 10, 11, 12, 13, 14]) -- (Edges: [(14, 7), (12, 13), (3, 13), (0, 2), (8, 9), (9, 14), (1, 6), (9, 11), (2, 5), (0, 14), (2, 11), (11, 14), (13, 14), (4, 5), (3, 6), (0, 7), (1, 2), (2, 7), (1, 11), (1, 14), (2, 13), (12, 14), (3, 11), (9, 3), (5, 14), (10, 4), (8, 7), (11, 3), (0, 9), (9, 12), (0, 6), (11, 6), (8, 13), (1, 13), (2, 6)])"
15,35,0.7787706851959229,182,0.02087259292602539,4.3896942138671875,"(Vertices: [0, 1, 2, 3, 4, 5, 6, 7, 8, 9, 10, 11, 12, 13, 14]) -- (Edges: [(3, 4), (4, 6), (9, 2), (0, 5), (9, 14), (11, 14), (2, 11), (2, 14), (1, 12), (6, 14), (14, 6), (3, 12), (8, 2), (11, 4), (8, 11), (11, 7), (10, 5), (9, 13), (1, 11), (0, 13), (11, 13), (1, 14), (4, 7), (3, 5), (12, 14), (8, 4), (9, 6), (9, 12), (10, 7), (11, 6), (2, 3), (1, 7), (1, 13), (2, 12), (13, 6)])"
15,33,0.8039588928222656,1,0.016536951065063477,4.295500755310059,"(Vertices: [0, 1, 2, 3, 4, 5, 6, 7, 8, 9, 10, 11, 12, 13, 14]) -- (Edges: [(3, 4), (5, 7), (8, 0), (5, 13), (10, 6), (8, 6), (9, 14), (0, 8), (0, 14), (13, 5), (1, 9), (2, 14), (12, 6), (5, 6), (4, 14), (3, 6), (9, 1), (11, 4), (2, 4), (10, 5), (9, 13), (12, 5), (4, 7), (3, 11), (5, 14), (8, 7), (0, 3), (11, 3), (10, 7), (1, 4), (0, 6), (8, 13), (1, 7)])"
15,37,0.7894141674041748,182,0.0173799991607666,4.279075622558594,"(Vertices: [0, 1, 2, 3, 4, 5, 6, 7, 8, 9, 10, 11, 12, 13, 14]) -- (Edges: [(12, 4), (14, 7), (4, 12), (8, 0), (0, 2), (0, 5), (10, 3), (8, 6), (9, 14), (0, 8), (0, 14), (1, 3), (11, 14), (0, 11), (12, 6), (5, 6), (3, 12), (8, 2), (0, 7), (10, 5), (0, 4), (0, 10), (13, 7), (10, 14), (0, 13), (6, 7), (12, 5), (9, 3), (8, 1), (5, 14), (10, 4), (0, 3), (8, 10), (10, 7), (8, 13), (2, 6), (2, 12)])"
15,38,1.0251739025115967,1,0.020396709442138672,4.358031272888184,"(Vertices: [0, 1, 2, 3, 4, 5, 6, 7, 8, 9, 10, 11, 12, 13, 14]) -- (Edges: [(3, 4), (14, 7), (9, 2), (10, 6), (8, 6), (9, 14), (2, 11), (10, 12), (0, 11), (13, 14), (6, 14), (14, 6), (4, 5), (12, 6), (9, 7), (8, 5), (8, 11), (9, 4), (1, 2), (0, 4), (10, 11), (13, 7), (0, 13), (2, 13), (6, 7), (12, 5), (4, 7), (8, 4), (8, 1), (9, 12), (0, 9), (8, 10), (11, 6), (0, 12), (11, 12), (1, 13), (2, 6), (13, 6)])"
15,41,0.8488132953643799,182,0.019008874893188477,4.445556640625,"(Vertices: [0, 1, 2, 3, 4, 5, 6, 7, 8, 9, 10, 11, 12, 13, 14]) -- (Edges: [(3, 4), (3, 7), (14, 7), (9, 2), (9, 5), (8, 3), (8, 9), (8, 6), (2, 5), (10, 12), (1, 12), (6, 14), (14, 6), (3, 12), (9, 7), (11, 4), (9, 4), (9, 10), (11, 7), (10, 5), (1, 2), (0, 4), (8, 14), (10, 11), (1, 14), (6, 7), (12, 5), (8, 4), (4, 13), (5, 14), (8, 7), (9, 6), (9, 12), (0, 9), (10, 7), (10, 13), (8, 13), (11, 12), (2, 12), (1, 10), (13, 6)])"
15,36,0.8097522258758545,1,0.01650691032409668,4.443182945251465,"(Vertices: [0, 1, 2, 3, 4, 5, 6, 7, 8, 9, 10, 11, 12, 13, 14]) -- (Edges: [(12, 7), (4, 6), (5, 7), (8, 9), (10, 6), (9, 14), (8, 12), (2, 5), (0, 14), (1, 9), (2, 14), (13, 14), (4, 5), (12, 6), (5, 6), (9, 1), (8, 5), (0, 1), (9, 10), (2, 4), (9, 13), (0, 10), (10, 14), (1, 11), (0, 13), (3, 11), (8, 1), (9, 6), (0, 3), (0, 9), (11, 3), (9, 12), (2, 3), (8, 13), (2, 6), (13, 6)])"
15,38,0.7831506729125977,182,0.0200655460357666,4.5220794677734375,"(Vertices: [0, 1, 2, 3, 4, 5, 6, 7, 8, 9, 10, 11, 12, 13, 14]) -- (Edges: [(12, 4), (3, 4), (14, 7), (4, 6), (4, 12), (5, 13), (3, 13), (8, 3), (10, 6), (0, 5), (10, 3), (11, 5), (1, 6), (9, 11), (9, 14), (13, 5), (0, 11), (2, 14), (8, 2), (10, 2), (0, 7), (8, 14), (0, 4), (1, 5), (1, 11), (2, 10), (6, 7), (4, 7), (3, 5), (9, 3), (5, 14), (9, 12), (8, 10), (0, 6), (0, 12), (8, 13), (1, 13), (2, 12)])"
