size,edges,kappa,time_iteration,memory (MB),graph
5,4,1,0.07711911201477051,1.1771392822265625,"(Vertices: [0, 1, 2, 3, 4]) -- (Edges: [(2, 4), (0, 3), (3, 4), (1, 4)])"
5,7,6,0.12008810043334961,0.4468250274658203,"(Vertices: [0, 1, 2, 3, 4]) -- (Edges: [(0, 1), (2, 4), (0, 4), (3, 4), (0, 3), (2, 3), (1, 3)])"
6,7,1,0.04880023002624512,0.16690349578857422,"(Vertices: [0, 1, 2, 3, 4, 5]) -- (Edges: [(0, 1), (1, 2), (0, 3), (1, 4), (0, 2), (4, 5), (0, 5)])"
6,7,8,0.15392708778381348,0.5547285079956055,"(Vertices: [0, 1, 2, 3, 4, 5]) -- (Edges: [(0, 1), (1, 2), (0, 4), (1, 4), (0, 2), (0, 5), (3, 5)])"
7,8,1,0.04983234405517578,0.17140865325927734,"(Vertices: [0, 1, 2, 3, 4, 5, 6]) -- (Edges: [(0, 1), (2, 4), (1, 5), (0, 6), (2, 3), (4, 5), (2, 5), (1, 3)])"
7,8,12,0.21541213989257812,0.8957300186157227,"(Vertices: [0, 1, 2, 3, 4, 5, 6]) -- (Edges: [(2, 4), (1, 2), (3, 4), (0, 3), (4, 6), (0, 6), (5, 6), (3, 5)])"
8,14,1,0.07599043846130371,0.21462154388427734,"(Vertices: [0, 1, 2, 3, 4, 5, 6, 7]) -- (Edges: [(0, 4), (2, 7), (1, 5), (0, 3), (4, 6), (1, 4), (2, 3), (0, 2), (4, 5), (2, 6), (0, 5), (1, 3), (4, 7), (3, 5)])"
8,13,16,0.410144567489624,1.6914663314819336,"(Vertices: [0, 1, 2, 3, 4, 5, 6, 7]) -- (Edges: [(1, 2), (0, 4), (3, 4), (2, 7), (1, 5), (0, 3), (4, 6), (2, 3), (6, 7), (0, 2), (4, 5), (0, 5), (1, 3)])"
9,12,1,0.059387922286987305,0.20355606079101562,"(Vertices: [0, 1, 2, 3, 4, 5, 6, 7, 8]) -- (Edges: [(0, 4), (8, 7), (3, 7), (0, 2), (1, 7), (2, 6), (4, 5), (0, 5), (1, 6), (1, 3), (3, 5), (8, 2)])"
9,12,23,0.6008198261260986,2.14585018157959,"(Vertices: [0, 1, 2, 3, 4, 5, 6, 7, 8]) -- (Edges: [(0, 4), (3, 4), (8, 7), (3, 7), (4, 6), (8, 0), (0, 6), (8, 3), (4, 5), (1, 6), (0, 8), (8, 5)])"
10,11,1,0.05999422073364258,0.20801353454589844,"(Vertices: [0, 1, 2, 3, 4, 5, 6, 7, 8, 9]) -- (Edges: [(1, 2), (3, 4), (8, 1), (8, 7), (9, 6), (5, 7), (0, 6), (2, 3), (9, 5), (2, 6), (5, 6)])"
10,17,32,1.090691089630127,4.230660438537598,"(Vertices: [0, 1, 2, 3, 4, 5, 6, 7, 8, 9]) -- (Edges: [(0, 7), (2, 4), (1, 2), (8, 4), (9, 3), (8, 1), (9, 6), (0, 9), (0, 6), (2, 3), (6, 7), (1, 7), (8, 9), (3, 6), (1, 6), (2, 5), (9, 7)])"
11,15,1,0.0668792724609375,0.22517108917236328,"(Vertices: [0, 1, 2, 3, 4, 5, 6, 7, 8, 9, 10]) -- (Edges: [(0, 1), (0, 7), (1, 2), (0, 4), (8, 4), (2, 7), (9, 2), (10, 7), (8, 5), (4, 5), (5, 6), (2, 5), (9, 7), (4, 7), (9, 4)])"
11,18,46,1.781963586807251,6.478468894958496,"(Vertices: [0, 1, 2, 3, 4, 5, 6, 7, 8, 9, 10]) -- (Edges: [(0, 1), (2, 4), (1, 2), (8, 1), (3, 7), (9, 4), (9, 6), (10, 7), (5, 7), (0, 2), (4, 5), (2, 6), (10, 6), (3, 6), (1, 6), (4, 7), (3, 5), (8, 2)])"
12,24,1,0.08382272720336914,0.300567626953125,"(Vertices: [0, 1, 2, 3, 4, 5, 6, 7, 8, 9, 10, 11]) -- (Edges: [(9, 2), (8, 0), (8, 6), (10, 3), (9, 11), (0, 8), (0, 11), (9, 7), (10, 2), (9, 4), (2, 4), (2, 7), (1, 11), (2, 10), (6, 7), (3, 5), (8, 4), (8, 7), (10, 4), (0, 3), (1, 4), (0, 6), (11, 6), (1, 7)])"
12,19,64,3.083042621612549,9.303607940673828,"(Vertices: [0, 1, 2, 3, 4, 5, 6, 7, 8, 9, 10, 11]) -- (Edges: [(9, 2), (0, 5), (1, 6), (1, 3), (2, 11), (0, 11), (5, 6), (0, 7), (10, 5), (0, 4), (1, 5), (6, 7), (4, 7), (9, 3), (8, 1), (10, 4), (0, 6), (11, 6), (2, 6)])"
13,29,1,0.1032102108001709,0.3420753479003906,"(Vertices: [0, 1, 2, 3, 4, 5, 6, 7, 8, 9, 10, 11, 12]) -- (Edges: [(12, 4), (4, 6), (4, 12), (0, 5), (11, 5), (9, 11), (1, 3), (1, 9), (5, 6), (3, 12), (8, 2), (9, 1), (8, 5), (11, 4), (0, 1), (9, 10), (10, 11), (0, 4), (2, 7), (6, 7), (8, 4), (9, 3), (8, 7), (9, 6), (9, 12), (10, 7), (1, 4), (2, 3), (11, 12)])"
13,24,91,8.233966588973999,16.42592430114746,"(Vertices: [0, 1, 2, 3, 4, 5, 6, 7, 8, 9, 10, 11, 12]) -- (Edges: [(12, 4), (3, 4), (3, 7), (4, 6), (4, 12), (8, 9), (0, 5), (11, 5), (1, 3), (2, 11), (4, 5), (3, 12), (8, 2), (0, 7), (2, 4), (1, 11), (6, 7), (9, 3), (8, 7), (10, 4), (0, 3), (0, 9), (1, 4), (2, 6)])"
14,41,1,0.12281036376953125,0.4323101043701172,"(Vertices: [0, 1, 2, 3, 4, 5, 6, 7, 8, 9, 10, 11, 12, 13]) -- (Edges: [(3, 7), (8, 0), (5, 13), (3, 13), (0, 2), (8, 3), (9, 5), (0, 5), (10, 3), (8, 6), (1, 6), (0, 8), (13, 5), (1, 9), (10, 12), (4, 5), (5, 6), (3, 12), (8, 2), (9, 1), (11, 4), (0, 1), (11, 7), (2, 4), (1, 2), (0, 4), (0, 10), (2, 7), (0, 13), (3, 5), (3, 11), (4, 13), (10, 4), (11, 3), (9, 12), (10, 7), (0, 6), (0, 12), (1, 13), (2, 6), (1, 10)])"
14,42,128,148.23131370544434,39.90215873718262,"(Vertices: [0, 1, 2, 3, 4, 5, 6, 7, 8, 9, 10, 11, 12, 13]) -- (Edges: [(12, 4), (4, 12), (3, 13), (0, 2), (8, 3), (8, 9), (0, 5), (10, 3), (2, 5), (1, 3), (1, 9), (12, 6), (3, 6), (3, 12), (8, 2), (9, 1), (9, 7), (11, 4), (8, 11), (10, 2), (11, 7), (2, 4), (1, 2), (10, 11), (13, 7), (1, 11), (2, 10), (2, 13), (6, 7), (4, 7), (3, 11), (8, 4), (4, 13), (9, 3), (9, 6), (0, 3), (11, 3), (8, 10), (1, 4), (11, 6), (2, 6), (13, 6)])"
15,44,1,0.132293701171875,0.457244873046875,"(Vertices: [0, 1, 2, 3, 4, 5, 6, 7, 8, 9, 10, 11, 12, 13, 14]) -- (Edges: [(12, 4), (12, 7), (4, 12), (8, 0), (5, 13), (8, 3), (8, 9), (11, 5), (1, 6), (0, 8), (2, 5), (0, 14), (1, 9), (13, 5), (11, 14), (1, 12), (12, 6), (3, 6), (8, 2), (9, 1), (9, 7), (11, 4), (8, 5), (9, 10), (0, 7), (2, 4), (10, 5), (11, 7), (0, 10), (10, 11), (1, 5), (13, 7), (10, 14), (11, 13), (3, 5), (8, 7), (0, 3), (9, 12), (10, 7), (0, 6), (11, 6), (8, 13), (2, 12), (13, 6)])"
15,38,182,14.435098886489868,51.320488929748535,"(Vertices: [0, 1, 2, 3, 4, 5, 6, 7, 8, 9, 10, 11, 12, 13, 14]) -- (Edges: [(12, 7), (3, 7), (4, 6), (5, 7), (8, 0), (3, 13), (0, 2), (8, 6), (0, 8), (2, 5), (10, 12), (2, 14), (4, 5), (5, 6), (3, 6), (3, 12), (4, 14), (8, 5), (8, 11), (0, 1), (11, 7), (2, 4), (10, 5), (0, 4), (8, 14), (10, 11), (1, 5), (6, 7), (3, 14), (4, 13), (9, 3), (10, 4), (0, 3), (10, 13), (1, 7), (2, 6), (13, 6), (1, 10)])"
5,1,1,0.07095718383789062,1.1642122268676758,"(Vertices: [0, 1, 2, 3, 4]) -- (Edges: [(1, 3)])"
5,3,6,0.07273149490356445,0.2653617858886719,"(Vertices: [0, 1, 2, 3, 4]) -- (Edges: [(2, 3), (1, 2), (3, 4)])"
6,9,1,0.05324816703796387,0.18544673919677734,"(Vertices: [0, 1, 2, 3, 4, 5]) -- (Edges: [(2, 4), (1, 2), (0, 3), (1, 4), (4, 5), (0, 5), (2, 5), (1, 3), (3, 5)])"
6,3,8,0.17397499084472656,0.553706169128418,"(Vertices: [0, 1, 2, 3, 4, 5]) -- (Edges: [(0, 1), (1, 2), (3, 5)])"
7,6,1,0.04652881622314453,0.15729904174804688,"(Vertices: [0, 1, 2, 3, 4, 5, 6]) -- (Edges: [(1, 2), (1, 5), (0, 3), (4, 6), (4, 5), (1, 6)])"
7,9,12,0.2464601993560791,1.0071687698364258,"(Vertices: [0, 1, 2, 3, 4, 5, 6]) -- (Edges: [(2, 4), (0, 4), (3, 4), (4, 6), (2, 6), (5, 6), (3, 6), (1, 6), (2, 5)])"
8,10,1,0.0551447868347168,0.19753074645996094,"(Vertices: [0, 1, 2, 3, 4, 5, 6, 7]) -- (Edges: [(0, 1), (0, 7), (2, 7), (3, 7), (0, 6), (1, 7), (4, 5), (5, 6), (1, 3), (4, 7)])"
8,10,16,0.3350658416748047,1.3152141571044922,"(Vertices: [0, 1, 2, 3, 4, 5, 6, 7]) -- (Edges: [(0, 1), (2, 4), (0, 4), (2, 7), (1, 5), (0, 3), (1, 4), (1, 7), (2, 6), (0, 5)])"
9,5,1,0.0469965934753418,0.1402120590209961,"(Vertices: [0, 1, 2, 3, 4, 5, 6, 7, 8]) -- (Edges: [(2, 7), (5, 7), (6, 7), (8, 2), (1, 3)])"
9,6,23,0.2784757614135742,1.1453437805175781,"(Vertices: [0, 1, 2, 3, 4, 5, 6, 7, 8]) -- (Edges: [(8, 7), (3, 7), (1, 4), (0, 5), (1, 3), (3, 5)])"
10,13,1,0.06889796257019043,0.2097759246826172,"(Vertices: [0, 1, 2, 3, 4, 5, 6, 7, 8, 9]) -- (Edges: [(1, 2), (8, 7), (9, 6), (9, 2), (1, 4), (6, 7), (0, 2), (8, 3), (0, 5), (2, 5), (9, 7), (3, 5), (9, 4)])"
10,20,32,1.2671840190887451,4.9864397048950195,"(Vertices: [0, 1, 2, 3, 4, 5, 6, 7, 8, 9]) -- (Edges: [(3, 7), (8, 0), (8, 9), (8, 6), (1, 6), (0, 8), (1, 3), (4, 5), (8, 2), (9, 7), (9, 4), (0, 4), (2, 7), (1, 5), (8, 4), (8, 1), (9, 6), (0, 6), (2, 3), (1, 7)])"
11,19,1,0.07347917556762695,0.2558927536010742,"(Vertices: [0, 1, 2, 3, 4, 5, 6, 7, 8, 9, 10]) -- (Edges: [(3, 4), (4, 6), (9, 5), (8, 3), (1, 6), (2, 5), (1, 3), (8, 5), (9, 4), (9, 10), (1, 5), (9, 3), (8, 1), (8, 7), (0, 9), (1, 4), (2, 3), (1, 7), (2, 6)])"
11,17,46,1.6837129592895508,6.070514678955078,"(Vertices: [0, 1, 2, 3, 4, 5, 6, 7, 8, 9, 10]) -- (Edges: [(9, 10), (1, 2), (0, 10), (8, 1), (1, 5), (8, 7), (9, 6), (8, 10), (9, 2), (8, 0), (6, 7), (8, 3), (10, 6), (9, 1), (0, 8), (2, 5), (1, 9)])"
12,28,1,0.10119318962097168,0.3341398239135742,"(Vertices: [0, 1, 2, 3, 4, 5, 6, 7, 8, 9, 10, 11]) -- (Edges: [(3, 4), (3, 7), (9, 2), (5, 7), (0, 5), (11, 5), (8, 6), (1, 6), (2, 5), (2, 11), (1, 3), (1, 9), (4, 5), (5, 6), (9, 1), (9, 7), (11, 4), (8, 11), (9, 4), (9, 10), (0, 10), (1, 11), (6, 7), (0, 3), (8, 10), (10, 7), (1, 4), (0, 6)])"
12,17,64,2.3709778785705566,8.500587463378906,"(Vertices: [0, 1, 2, 3, 4, 5, 6, 7, 8, 9, 10, 11]) -- (Edges: [(0, 1), (11, 7), (9, 7), (10, 11), (0, 4), (3, 4), (2, 7), (8, 4), (8, 7), (4, 6), (10, 7), (2, 3), (0, 2), (2, 5), (1, 3), (2, 11), (8, 11)])"
13,25,1,0.11398458480834961,0.31123924255371094,"(Vertices: [0, 1, 2, 3, 4, 5, 6, 7, 8, 9, 10, 11, 12]) -- (Edges: [(12, 4), (4, 12), (9, 2), (8, 0), (9, 5), (0, 2), (8, 3), (0, 5), (8, 12), (0, 8), (4, 5), (12, 6), (10, 2), (10, 5), (0, 10), (1, 5), (1, 11), (2, 10), (12, 5), (4, 7), (3, 5), (9, 6), (8, 10), (10, 7), (2, 12)])"
13,21,91,4.507178783416748,14.482686996459961,"(Vertices: [0, 1, 2, 3, 4, 5, 6, 7, 8, 9, 10, 11, 12]) -- (Edges: [(12, 7), (4, 6), (9, 5), (10, 6), (8, 6), (8, 12), (9, 11), (12, 6), (3, 6), (9, 7), (0, 7), (11, 7), (1, 2), (1, 11), (8, 4), (8, 1), (9, 6), (0, 3), (9, 12), (11, 6), (2, 3)])"
14,28,1,0.10328435897827148,0.3334941864013672,"(Vertices: [0, 1, 2, 3, 4, 5, 6, 7, 8, 9, 10, 11, 12, 13]) -- (Edges: [(12, 7), (3, 4), (9, 2), (8, 0), (3, 13), (8, 3), (0, 5), (9, 11), (0, 8), (2, 5), (12, 6), (3, 6), (3, 12), (10, 2), (10, 5), (10, 11), (2, 7), (2, 10), (3, 5), (9, 3), (8, 7), (0, 3), (8, 10), (10, 7), (10, 13), (0, 6), (0, 12), (11, 12)])"
14,31,128,18.876254558563232,29.57464027404785,"(Vertices: [0, 1, 2, 3, 4, 5, 6, 7, 8, 9, 10, 11, 12, 13]) -- (Edges: [(3, 7), (12, 13), (8, 0), (0, 2), (8, 3), (8, 9), (0, 5), (10, 3), (0, 8), (1, 3), (2, 11), (0, 11), (4, 5), (3, 12), (11, 4), (8, 11), (2, 4), (0, 4), (13, 7), (1, 11), (6, 7), (8, 4), (0, 3), (8, 10), (10, 7), (1, 4), (11, 6), (0, 12), (8, 13), (9, 12), (11, 12)])"
15,39,1,0.11801409721374512,0.41358089447021484,"(Vertices: [0, 1, 2, 3, 4, 5, 6, 7, 8, 9, 10, 11, 12, 13, 14]) -- (Edges: [(12, 7), (3, 4), (4, 6), (12, 13), (9, 2), (8, 0), (5, 13), (9, 5), (8, 9), (0, 5), (8, 6), (1, 6), (0, 8), (9, 11), (1, 3), (13, 5), (2, 14), (3, 12), (8, 11), (10, 2), (9, 10), (11, 7), (2, 4), (1, 2), (10, 5), (0, 10), (9, 13), (1, 5), (1, 11), (10, 14), (2, 10), (6, 7), (4, 13), (8, 1), (9, 6), (9, 12), (11, 6), (2, 6), (2, 12)])"
15,43,182,15.51668381690979,58.00418472290039,"(Vertices: [0, 1, 2, 3, 4, 5, 6, 7, 8, 9, 10, 11, 12, 13, 14]) -- (Edges: [(3, 4), (4, 6), (9, 2), (9, 5), (8, 3), (8, 9), (10, 6), (0, 5), (10, 3), (9, 14), (2, 5), (1, 9), (3, 6), (4, 14), (8, 2), (9, 1), (9, 7), (8, 5), (8, 11), (9, 4), (9, 10), (11, 7), (10, 5), (10, 2), (0, 13), (2, 10), (11, 13), (1, 14), (6, 7), (4, 7), (3, 5), (3, 11), (3, 14), (8, 4), (10, 4), (9, 6), (11, 3), (8, 10), (10, 7), (1, 4), (11, 12), (1, 13), (2, 12)])"
5,4,1,0.07415342330932617,1.182560920715332,"(Vertices: [0, 1, 2, 3, 4]) -- (Edges: [(1, 3), (1, 2), (0, 3), (0, 4)])"
5,2,6,0.05743551254272461,0.20831584930419922,"(Vertices: [0, 1, 2, 3, 4]) -- (Edges: [(3, 4), (1, 4)])"
6,3,1,0.04596829414367676,0.1323566436767578,"(Vertices: [0, 1, 2, 3, 4, 5]) -- (Edges: [(2, 3), (3, 4), (1, 4)])"
6,5,8,0.11738157272338867,0.4402341842651367,"(Vertices: [0, 1, 2, 3, 4, 5]) -- (Edges: [(0, 4), (0, 3), (1, 4), (2, 3), (2, 5)])"
7,10,1,0.06004643440246582,0.19191551208496094,"(Vertices: [0, 1, 2, 3, 4, 5, 6]) -- (Edges: [(0, 1), (0, 4), (1, 5), (1, 4), (0, 2), (2, 6), (5, 6), (0, 5), (1, 3), (3, 5)])"
7,7,12,0.24197745323181152,0.7867183685302734,"(Vertices: [0, 1, 2, 3, 4, 5, 6]) -- (Edges: [(0, 1), (2, 4), (1, 2), (0, 4), (4, 5), (5, 6), (2, 5)])"
8,8,1,0.04947781562805176,0.18134117126464844,"(Vertices: [0, 1, 2, 3, 4, 5, 6, 7]) -- (Edges: [(0, 1), (1, 4), (5, 7), (2, 6), (0, 5), (3, 6), (1, 6), (3, 5)])"
8,11,16,0.4488687515258789,1.4449024200439453,"(Vertices: [0, 1, 2, 3, 4, 5, 6, 7]) -- (Edges: [(1, 2), (0, 4), (2, 7), (1, 5), (3, 7), (5, 7), (2, 3), (6, 7), (1, 7), (3, 6), (1, 6)])"
9,10,1,0.058028221130371094,0.19190406799316406,"(Vertices: [0, 1, 2, 3, 4, 5, 6, 7, 8]) -- (Edges: [(0, 7), (1, 2), (0, 4), (8, 4), (0, 6), (2, 3), (6, 7), (1, 6), (2, 5), (3, 5)])"
9,10,23,0.4527468681335449,1.8187646865844727,"(Vertices: [0, 1, 2, 3, 4, 5, 6, 7, 8]) -- (Edges: [(0, 1), (0, 7), (4, 6), (5, 7), (8, 3), (2, 6), (5, 6), (8, 6), (3, 6), (3, 5)])"
10,17,1,0.0682365894317627,0.24111461639404297,"(Vertices: [0, 1, 2, 3, 4, 5, 6, 7, 8, 9]) -- (Edges: [(0, 1), (2, 4), (0, 4), (8, 4), (9, 3), (8, 1), (0, 3), (9, 2), (5, 7), (0, 6), (2, 6), (5, 6), (8, 6), (3, 6), (9, 7), (4, 7), (9, 4)])"
10,17,32,1.101762056350708,4.238327980041504,"(Vertices: [0, 1, 2, 3, 4, 5, 6, 7, 8, 9]) -- (Edges: [(0, 4), (3, 4), (8, 7), (0, 3), (8, 0), (0, 6), (2, 3), (6, 7), (0, 2), (8, 3), (4, 5), (0, 5), (0, 8), (2, 5), (1, 3), (4, 7), (9, 4)])"
11,17,1,0.06697583198547363,0.2403564453125,"(Vertices: [0, 1, 2, 3, 4, 5, 6, 7, 8, 9, 10]) -- (Edges: [(0, 1), (1, 2), (9, 1), (9, 4), (9, 6), (0, 3), (4, 6), (8, 10), (2, 3), (4, 7), (8, 3), (6, 7), (8, 9), (1, 6), (2, 5), (1, 9), (8, 2)])"
11,15,46,1.4226269721984863,5.329327583312988,"(Vertices: [0, 1, 2, 3, 4, 5, 6, 7, 8, 9, 10]) -- (Edges: [(0, 7), (2, 4), (1, 2), (0, 4), (2, 7), (8, 1), (9, 3), (2, 10), (10, 7), (1, 4), (8, 5), (4, 5), (10, 3), (4, 7), (10, 2)])"
12,25,1,0.08932805061340332,0.33786773681640625,"(Vertices: [0, 1, 2, 3, 4, 5, 6, 7, 8, 9, 10, 11]) -- (Edges: [(3, 7), (9, 2), (8, 0), (8, 3), (10, 6), (11, 5), (1, 6), (0, 8), (1, 9), (8, 2), (9, 1), (8, 5), (0, 1), (11, 7), (2, 4), (10, 5), (1, 5), (1, 11), (3, 5), (10, 4), (0, 3), (10, 7), (0, 6), (2, 3), (1, 10)])"
12,23,64,3.4890196323394775,11.191064834594727,"(Vertices: [0, 1, 2, 3, 4, 5, 6, 7, 8, 9, 10, 11]) -- (Edges: [(5, 7), (8, 0), (0, 2), (8, 9), (10, 6), (0, 8), (2, 5), (1, 9), (5, 6), (9, 1), (11, 4), (8, 11), (9, 4), (0, 1), (10, 2), (10, 11), (2, 7), (2, 10), (8, 1), (9, 6), (0, 3), (1, 4), (2, 6)])"
13,27,1,0.08755850791931152,0.32918739318847656,"(Vertices: [0, 1, 2, 3, 4, 5, 6, 7, 8, 9, 10, 11, 12]) -- (Edges: [(3, 4), (0, 5), (10, 3), (9, 11), (2, 5), (10, 12), (0, 11), (5, 6), (3, 6), (9, 7), (11, 4), (11, 7), (1, 2), (10, 11), (0, 10), (2, 7), (4, 7), (8, 4), (8, 1), (10, 4), (9, 12), (0, 9), (0, 6), (2, 3), (11, 6), (11, 12), (1, 10)])"
13,29,91,10.286571502685547,19.756486892700195,"(Vertices: [0, 1, 2, 3, 4, 5, 6, 7, 8, 9, 10, 11, 12]) -- (Edges: [(3, 4), (3, 7), (8, 0), (0, 2), (0, 5), (10, 3), (11, 5), (1, 6), (0, 8), (8, 6), (8, 12), (0, 11), (1, 12), (12, 6), (9, 7), (8, 5), (10, 2), (0, 1), (0, 7), (2, 4), (0, 10), (2, 10), (9, 3), (8, 7), (10, 4), (9, 12), (1, 4), (2, 6), (1, 10)])"
14,29,1,0.10835385322570801,0.3465442657470703,"(Vertices: [0, 1, 2, 3, 4, 5, 6, 7, 8, 9, 10, 11, 12, 13]) -- (Edges: [(12, 4), (3, 7), (4, 6), (4, 12), (8, 9), (0, 5), (8, 6), (4, 5), (12, 6), (5, 6), (9, 4), (0, 1), (0, 7), (10, 5), (1, 2), (0, 4), (13, 7), (1, 11), (0, 13), (12, 5), (4, 7), (9, 3), (0, 3), (8, 10), (0, 6), (0, 12), (1, 13), (2, 12), (13, 6)])"
14,32,128,57.99551010131836,30.529869079589844,"(Vertices: [0, 1, 2, 3, 4, 5, 6, 7, 8, 9, 10, 11, 12, 13]) -- (Edges: [(3, 4), (3, 7), (12, 13), (3, 13), (9, 5), (9, 11), (2, 5), (2, 11), (8, 2), (9, 7), (8, 5), (8, 11), (11, 7), (0, 4), (2, 7), (1, 5), (13, 7), (11, 13), (12, 5), (4, 13), (8, 1), (8, 7), (9, 12), (8, 10), (1, 4), (0, 6), (0, 12), (11, 6), (1, 7), (1, 13), (10, 13), (1, 10)])"
15,36,1,0.13657832145690918,0.3977212905883789,"(Vertices: [0, 1, 2, 3, 4, 5, 6, 7, 8, 9, 10, 11, 12, 13, 14]) -- (Edges: [(12, 4), (4, 12), (9, 2), (5, 13), (3, 13), (8, 9), (10, 6), (9, 14), (10, 3), (11, 14), (13, 5), (10, 12), (1, 12), (6, 14), (14, 6), (4, 14), (3, 6), (3, 12), (8, 11), (0, 1), (11, 7), (10, 11), (0, 4), (0, 10), (13, 7), (0, 13), (12, 14), (3, 14), (4, 13), (9, 3), (8, 1), (8, 7), (1, 4), (0, 12), (2, 3), (8, 13)])"
15,34,182,12.339184045791626,45.990803718566895,"(Vertices: [0, 1, 2, 3, 4, 5, 6, 7, 8, 9, 10, 11, 12, 13, 14]) -- (Edges: [(14, 7), (8, 0), (3, 13), (8, 3), (8, 9), (0, 8), (2, 5), (0, 14), (4, 5), (3, 12), (8, 2), (8, 5), (8, 11), (11, 7), (1, 2), (0, 4), (13, 7), (1, 11), (11, 13), (12, 5), (4, 7), (3, 5), (3, 14), (8, 4), (4, 13), (8, 7), (9, 6), (9, 12), (10, 7), (10, 13), (0, 12), (1, 13), (2, 6), (2, 12)])"
5,3,1,0.08143854141235352,1.1718435287475586,"(Vertices: [0, 1, 2, 3, 4]) -- (Edges: [(2, 3), (2, 4), (0, 4)])"
5,3,6,0.06835007667541504,0.2638673782348633,"(Vertices: [0, 1, 2, 3, 4]) -- (Edges: [(2, 3), (1, 2), (3, 4)])"
6,5,1,0.05099773406982422,0.15126419067382812,"(Vertices: [0, 1, 2, 3, 4, 5]) -- (Edges: [(0, 1), (2, 4), (0, 3), (1, 4), (4, 5)])"
6,3,8,0.18718957901000977,0.5659952163696289,"(Vertices: [0, 1, 2, 3, 4, 5]) -- (Edges: [(2, 5), (0, 4), (3, 5)])"
7,8,1,0.048227787017822266,0.1789083480834961,"(Vertices: [0, 1, 2, 3, 4, 5, 6]) -- (Edges: [(1, 2), (1, 5), (0, 6), (2, 3), (2, 6), (0, 5), (2, 5), (3, 5)])"
7,4,12,0.19077491760253906,0.4967374801635742,"(Vertices: [0, 1, 2, 3, 4, 5, 6]) -- (Edges: [(4, 5), (0, 3), (3, 5), (0, 5)])"
8,8,1,0.048906564712524414,0.1798572540283203,"(Vertices: [0, 1, 2, 3, 4, 5, 6, 7]) -- (Edges: [(0, 1), (1, 5), (0, 3), (4, 6), (2, 3), (0, 2), (5, 6), (4, 7)])"
8,8,16,0.2683742046356201,1.0963830947875977,"(Vertices: [0, 1, 2, 3, 4, 5, 6, 7]) -- (Edges: [(1, 4), (2, 3), (6, 7), (1, 7), (0, 5), (1, 6), (2, 5), (3, 5)])"
9,13,1,0.06386041641235352,0.2100210189819336,"(Vertices: [0, 1, 2, 3, 4, 5, 6, 7, 8]) -- (Edges: [(0, 4), (2, 7), (8, 7), (3, 7), (8, 0), (0, 6), (4, 5), (5, 6), (1, 6), (0, 8), (2, 5), (8, 5), (8, 2)])"
9,12,23,0.559535026550293,2.1829071044921875,"(Vertices: [0, 1, 2, 3, 4, 5, 6, 7, 8]) -- (Edges: [(0, 7), (2, 4), (1, 2), (8, 4), (2, 7), (8, 1), (1, 5), (4, 6), (0, 6), (0, 2), (8, 2), (1, 3)])"
10,10,1,0.05497550964355469,0.1932973861694336,"(Vertices: [0, 1, 2, 3, 4, 5, 6, 7, 8, 9]) -- (Edges: [(0, 7), (3, 4), (8, 5), (1, 7), (3, 6), (1, 6), (2, 5), (4, 7), (3, 5), (8, 2)])"
10,16,32,1.0630741119384766,4.038654327392578,"(Vertices: [0, 1, 2, 3, 4, 5, 6, 7, 8, 9]) -- (Edges: [(0, 1), (0, 7), (9, 6), (0, 3), (9, 2), (0, 6), (6, 7), (1, 7), (2, 6), (5, 6), (8, 6), (3, 6), (1, 6), (2, 5), (1, 3), (8, 2)])"
11,18,1,0.07542967796325684,0.2518949508666992,"(Vertices: [0, 1, 2, 3, 4, 5, 6, 7, 8, 9, 10]) -- (Edges: [(3, 4), (8, 1), (10, 4), (0, 3), (8, 0), (10, 3), (0, 2), (1, 7), (2, 6), (3, 6), (0, 5), (1, 10), (6, 7), (1, 6), (0, 8), (10, 6), (1, 3), (8, 2)])"
11,19,46,1.9585976600646973,6.754256248474121,"(Vertices: [0, 1, 2, 3, 4, 5, 6, 7, 8, 9, 10]) -- (Edges: [(3, 7), (4, 6), (9, 2), (5, 7), (9, 5), (0, 2), (8, 6), (10, 3), (1, 6), (5, 6), (3, 6), (8, 2), (2, 4), (10, 5), (1, 5), (0, 9), (8, 10), (2, 6), (1, 10)])"
12,27,1,0.09888768196105957,0.3266592025756836,"(Vertices: [0, 1, 2, 3, 4, 5, 6, 7, 8, 9, 10, 11]) -- (Edges: [(3, 7), (4, 6), (8, 0), (9, 5), (10, 6), (0, 8), (2, 5), (1, 3), (1, 9), (0, 11), (3, 6), (8, 2), (9, 1), (9, 7), (11, 4), (10, 2), (9, 10), (2, 4), (2, 7), (2, 10), (6, 7), (4, 7), (3, 5), (9, 3), (0, 9), (1, 7), (2, 6)])"
12,22,64,3.3954408168792725,10.73328971862793,"(Vertices: [0, 1, 2, 3, 4, 5, 6, 7, 8, 9, 10, 11]) -- (Edges: [(3, 4), (4, 6), (9, 2), (5, 7), (8, 6), (9, 11), (2, 5), (1, 9), (9, 1), (9, 7), (9, 10), (0, 10), (1, 5), (1, 11), (6, 7), (9, 3), (10, 4), (0, 3), (10, 7), (0, 6), (1, 7), (2, 6)])"
13,32,1,0.10782194137573242,0.3526754379272461,"(Vertices: [0, 1, 2, 3, 4, 5, 6, 7, 8, 9, 10, 11, 12]) -- (Edges: [(12, 7), (4, 6), (9, 2), (9, 5), (9, 11), (2, 5), (1, 9), (0, 11), (4, 5), (9, 1), (9, 7), (11, 4), (8, 5), (0, 1), (9, 10), (10, 11), (0, 4), (0, 10), (2, 7), (8, 4), (9, 3), (8, 1), (8, 7), (10, 4), (9, 6), (8, 10), (10, 7), (0, 6), (2, 3), (1, 7), (2, 12), (1, 10)])"
13,26,91,8.677468299865723,17.763301849365234,"(Vertices: [0, 1, 2, 3, 4, 5, 6, 7, 8, 9, 10, 11, 12]) -- (Edges: [(12, 4), (4, 6), (4, 12), (0, 2), (8, 3), (10, 6), (0, 5), (2, 5), (2, 11), (3, 6), (11, 4), (0, 1), (2, 4), (1, 2), (0, 4), (0, 10), (10, 5), (10, 11), (6, 7), (12, 5), (10, 4), (0, 3), (0, 9), (11, 6), (2, 6), (1, 10)])"
14,26,1,0.09527325630187988,0.31618690490722656,"(Vertices: [0, 1, 2, 3, 4, 5, 6, 7, 8, 9, 10, 11, 12, 13]) -- (Edges: [(12, 7), (0, 2), (8, 3), (8, 9), (11, 5), (1, 6), (9, 11), (2, 5), (10, 12), (1, 9), (4, 5), (3, 6), (9, 1), (9, 7), (10, 2), (0, 7), (13, 7), (0, 13), (2, 10), (3, 5), (3, 11), (11, 3), (0, 12), (8, 13), (1, 13), (2, 12)])"
14,21,128,8.49831771850586,20.173768997192383,"(Vertices: [0, 1, 2, 3, 4, 5, 6, 7, 8, 9, 10, 11, 12, 13]) -- (Edges: [(8, 0), (5, 13), (8, 3), (8, 9), (10, 3), (9, 11), (0, 8), (13, 5), (5, 6), (10, 2), (9, 4), (2, 7), (11, 13), (2, 10), (4, 13), (9, 3), (8, 1), (9, 12), (11, 6), (0, 12), (8, 13)])"
15,42,1,0.13440895080566406,0.4304084777832031,"(Vertices: [0, 1, 2, 3, 4, 5, 6, 7, 8, 9, 10, 11, 12, 13, 14]) -- (Edges: [(12, 4), (12, 7), (3, 7), (4, 12), (5, 7), (5, 13), (8, 9), (8, 6), (9, 14), (1, 6), (11, 14), (13, 5), (1, 9), (10, 12), (2, 14), (1, 12), (4, 14), (9, 1), (10, 2), (9, 10), (8, 14), (0, 4), (13, 7), (10, 14), (11, 13), (2, 10), (6, 7), (12, 5), (3, 5), (3, 11), (4, 13), (8, 7), (0, 3), (11, 3), (10, 7), (8, 10), (0, 6), (8, 13), (11, 12), (1, 7), (1, 13), (2, 6)])"
15,36,182,12.684017181396484,48.66326713562012,"(Vertices: [0, 1, 2, 3, 4, 5, 6, 7, 8, 9, 10, 11, 12, 13, 14]) -- (Edges: [(14, 7), (3, 13), (9, 5), (8, 9), (8, 12), (1, 6), (9, 11), (0, 14), (2, 11), (2, 14), (3, 6), (3, 12), (8, 2), (9, 7), (11, 4), (8, 5), (10, 2), (0, 7), (10, 5), (1, 2), (0, 4), (0, 10), (9, 13), (1, 5), (13, 7), (0, 13), (2, 10), (3, 5), (3, 11), (11, 3), (0, 9), (10, 7), (1, 4), (9, 12), (2, 3), (13, 6)])"
5,3,1,0.07323098182678223,1.176712989807129,"(Vertices: [0, 1, 2, 3, 4]) -- (Edges: [(2, 4), (1, 2), (1, 3)])"
5,4,6,0.08329439163208008,0.31433868408203125,"(Vertices: [0, 1, 2, 3, 4]) -- (Edges: [(0, 1), (0, 3), (1, 3), (1, 4)])"
6,5,1,0.043988704681396484,0.1494131088256836,"(Vertices: [0, 1, 2, 3, 4, 5]) -- (Edges: [(2, 4), (1, 2), (0, 4), (0, 3), (1, 4)])"
6,2,8,0.2600884437561035,0.5941143035888672,"(Vertices: [0, 1, 2, 3, 4, 5]) -- (Edges: [(0, 1), (4, 5)])"
7,8,1,0.05149030685424805,0.1808013916015625,"(Vertices: [0, 1, 2, 3, 4, 5, 6]) -- (Edges: [(2, 4), (0, 3), (4, 6), (1, 4), (0, 6), (0, 2), (4, 5), (3, 5)])"
7,6,12,0.1833336353302002,0.7070150375366211,"(Vertices: [0, 1, 2, 3, 4, 5, 6]) -- (Edges: [(0, 4), (1, 5), (4, 6), (1, 4), (0, 6), (3, 5)])"
8,6,1,0.044921875,0.1618194580078125,"(Vertices: [0, 1, 2, 3, 4, 5, 6, 7]) -- (Edges: [(2, 4), (2, 7), (3, 7), (2, 3), (1, 7), (2, 5)])"
8,16,16,0.508476734161377,2.0924129486083984,"(Vertices: [0, 1, 2, 3, 4, 5, 6, 7]) -- (Edges: [(0, 7), (1, 2), (0, 4), (3, 4), (2, 7), (3, 7), (0, 3), (1, 4), (0, 6), (5, 7), (6, 7), (2, 6), (0, 5), (1, 6), (2, 5), (3, 5)])"
9,12,1,0.056700944900512695,0.20328521728515625,"(Vertices: [0, 1, 2, 3, 4, 5, 6, 7, 8]) -- (Edges: [(0, 1), (0, 7), (3, 4), (2, 7), (3, 7), (0, 3), (4, 6), (0, 6), (6, 7), (8, 3), (8, 6), (3, 6)])"
9,12,23,0.6333963871002197,2.19216251373291,"(Vertices: [0, 1, 2, 3, 4, 5, 6, 7, 8]) -- (Edges: [(1, 2), (0, 4), (8, 1), (5, 7), (8, 0), (6, 7), (4, 5), (2, 6), (8, 6), (1, 6), (0, 8), (4, 7)])"
10,7,1,0.05416536331176758,0.175140380859375,"(Vertices: [0, 1, 2, 3, 4, 5, 6, 7, 8, 9]) -- (Edges: [(0, 4), (8, 1), (1, 5), (3, 7), (0, 9), (2, 5), (8, 5)])"
10,18,32,1.2525289058685303,4.3882293701171875,"(Vertices: [0, 1, 2, 3, 4, 5, 6, 7, 8, 9]) -- (Edges: [(0, 7), (1, 2), (0, 4), (2, 7), (1, 5), (8, 1), (9, 3), (3, 7), (4, 6), (8, 7), (9, 2), (1, 4), (2, 3), (6, 7), (3, 6), (1, 6), (4, 7), (9, 4)])"
11,28,1,0.09989690780639648,0.3524932861328125,"(Vertices: [0, 1, 2, 3, 4, 5, 6, 7, 8, 9, 10]) -- (Edges: [(3, 7), (0, 2), (8, 9), (0, 5), (2, 5), (1, 3), (1, 9), (5, 6), (9, 1), (8, 5), (9, 4), (0, 1), (0, 7), (2, 4), (0, 4), (1, 5), (3, 5), (8, 4), (9, 3), (8, 7), (10, 4), (9, 6), (0, 3), (0, 9), (8, 10), (1, 4), (0, 6), (1, 7)])"
11,22,46,2.2742159366607666,7.886259078979492,"(Vertices: [0, 1, 2, 3, 4, 5, 6, 7, 8, 9, 10]) -- (Edges: [(9, 2), (5, 7), (8, 0), (0, 2), (0, 5), (1, 6), (0, 8), (2, 5), (1, 9), (9, 1), (9, 7), (9, 4), (9, 10), (10, 5), (1, 2), (0, 4), (2, 7), (8, 1), (8, 7), (9, 6), (8, 10), (1, 4)])"
12,25,1,0.10119199752807617,0.3114013671875,"(Vertices: [0, 1, 2, 3, 4, 5, 6, 7, 8, 9, 10, 11]) -- (Edges: [(8, 0), (0, 2), (10, 3), (9, 11), (0, 8), (2, 5), (5, 6), (3, 6), (8, 5), (11, 4), (9, 4), (0, 1), (0, 7), (10, 5), (0, 10), (2, 7), (1, 11), (3, 11), (9, 3), (8, 1), (11, 3), (0, 9), (10, 7), (1, 4), (0, 6)])"
12,20,64,3.0611915588378906,9.823558807373047,"(Vertices: [0, 1, 2, 3, 4, 5, 6, 7, 8, 9, 10, 11]) -- (Edges: [(3, 4), (0, 2), (8, 9), (1, 3), (1, 9), (9, 1), (8, 5), (10, 2), (11, 4), (0, 1), (0, 7), (9, 4), (2, 7), (2, 10), (3, 5), (3, 11), (8, 1), (11, 3), (8, 10), (11, 6)])"
13,20,1,0.09369063377380371,0.2737007141113281,"(Vertices: [0, 1, 2, 3, 4, 5, 6, 7, 8, 9, 10, 11, 12]) -- (Edges: [(0, 2), (10, 6), (11, 5), (8, 12), (10, 3), (9, 11), (1, 6), (2, 5), (1, 9), (1, 12), (3, 6), (3, 12), (9, 1), (0, 10), (2, 7), (12, 5), (3, 11), (8, 1), (11, 3), (0, 6)])"
13,32,91,10.383913516998291,21.82467746734619,"(Vertices: [0, 1, 2, 3, 4, 5, 6, 7, 8, 9, 10, 11, 12]) -- (Edges: [(12, 7), (3, 4), (4, 6), (8, 0), (8, 9), (0, 5), (1, 6), (0, 8), (9, 11), (1, 9), (0, 11), (1, 12), (4, 5), (5, 6), (3, 12), (9, 1), (8, 11), (9, 4), (10, 2), (11, 7), (1, 2), (0, 4), (2, 10), (4, 7), (3, 5), (8, 7), (0, 3), (8, 10), (1, 4), (2, 3), (11, 12), (1, 10)])"
14,32,1,0.12509846687316895,0.35658931732177734,"(Vertices: [0, 1, 2, 3, 4, 5, 6, 7, 8, 9, 10, 11, 12, 13]) -- (Edges: [(12, 4), (4, 12), (5, 13), (8, 3), (11, 5), (10, 3), (8, 6), (9, 11), (13, 5), (1, 9), (0, 11), (8, 2), (9, 1), (9, 7), (8, 11), (2, 4), (9, 13), (0, 10), (2, 7), (1, 11), (6, 7), (8, 1), (8, 7), (9, 12), (10, 13), (0, 6), (8, 13), (11, 12), (1, 7), (1, 13), (13, 6), (1, 10)])"
14,31,128,37.172430753707886,29.55928611755371,"(Vertices: [0, 1, 2, 3, 4, 5, 6, 7, 8, 9, 10, 11, 12, 13]) -- (Edges: [(12, 4), (3, 7), (4, 6), (4, 12), (9, 2), (5, 7), (8, 0), (5, 13), (3, 13), (11, 5), (9, 11), (0, 8), (2, 11), (13, 5), (5, 6), (9, 10), (2, 4), (1, 2), (10, 5), (1, 5), (0, 13), (2, 13), (12, 5), (4, 7), (8, 4), (4, 13), (1, 4), (0, 6), (10, 13), (1, 13), (13, 6)])"
15,42,1,0.14243459701538086,0.431304931640625,"(Vertices: [0, 1, 2, 3, 4, 5, 6, 7, 8, 9, 10, 11, 12, 13, 14]) -- (Edges: [(12, 4), (3, 4), (14, 7), (4, 12), (9, 2), (5, 13), (10, 6), (0, 5), (1, 6), (0, 14), (13, 5), (1, 9), (0, 11), (4, 5), (9, 1), (9, 7), (11, 4), (8, 5), (0, 1), (11, 7), (2, 4), (8, 14), (10, 14), (1, 11), (11, 13), (2, 13), (6, 7), (8, 4), (5, 14), (10, 4), (9, 6), (0, 9), (10, 7), (1, 4), (0, 6), (2, 3), (11, 6), (8, 13), (10, 13), (2, 6), (2, 12), (11, 12)])"
15,37,182,13.601534843444824,49.992825508117676,"(Vertices: [0, 1, 2, 3, 4, 5, 6, 7, 8, 9, 10, 11, 12, 13, 14]) -- (Edges: [(12, 4), (4, 12), (12, 13), (9, 5), (0, 2), (9, 14), (10, 3), (8, 12), (9, 11), (2, 5), (10, 12), (11, 14), (12, 6), (5, 6), (3, 12), (9, 7), (8, 5), (11, 4), (11, 7), (9, 13), (13, 7), (10, 14), (11, 13), (2, 13), (6, 7), (4, 7), (12, 14), (4, 13), (8, 1), (0, 3), (8, 10), (1, 4), (10, 13), (11, 12), (1, 13), (2, 6), (1, 10)])"
5,2,1,0.07606053352355957,1.1685295104980469,"(Vertices: [0, 1, 2, 3, 4]) -- (Edges: [(0, 1), (0, 2)])"
5,4,6,0.07886052131652832,0.31423282623291016,"(Vertices: [0, 1, 2, 3, 4]) -- (Edges: [(0, 2), (0, 3), (3, 4), (1, 4)])"
6,5,1,0.04817080497741699,0.1517047882080078,"(Vertices: [0, 1, 2, 3, 4, 5]) -- (Edges: [(1, 2), (0, 4), (0, 3), (1, 3), (3, 5)])"
6,2,8,0.06734347343444824,0.2408294677734375,"(Vertices: [0, 1, 2, 3, 4, 5]) -- (Edges: [(1, 3), (3, 4)])"
7,4,1,0.04553699493408203,0.14088726043701172,"(Vertices: [0, 1, 2, 3, 4, 5, 6]) -- (Edges: [(4, 6), (2, 5), (3, 4), (1, 5)])"
7,8,12,0.26761937141418457,0.8789796829223633,"(Vertices: [0, 1, 2, 3, 4, 5, 6]) -- (Edges: [(0, 6), (0, 2), (2, 6), (5, 6), (3, 6), (1, 6), (2, 5), (3, 5)])"
8,6,1,0.0461888313293457,0.16038894653320312,"(Vertices: [0, 1, 2, 3, 4, 5, 6, 7]) -- (Edges: [(0, 1), (2, 4), (1, 4), (1, 7), (2, 5), (4, 7)])"
8,7,16,0.42965006828308105,1.0959281921386719,"(Vertices: [0, 1, 2, 3, 4, 5, 6, 7]) -- (Edges: [(1, 2), (1, 5), (0, 6), (2, 5), (1, 3), (4, 7), (3, 5)])"
9,13,1,0.06573963165283203,0.21447372436523438,"(Vertices: [0, 1, 2, 3, 4, 5, 6, 7, 8]) -- (Edges: [(0, 4), (1, 5), (8, 7), (0, 3), (2, 3), (1, 7), (8, 3), (3, 6), (1, 6), (2, 5), (1, 3), (8, 5), (8, 2)])"
9,13,23,0.5827751159667969,2.343600273132324,"(Vertices: [0, 1, 2, 3, 4, 5, 6, 7, 8]) -- (Edges: [(1, 2), (0, 4), (8, 4), (1, 4), (8, 5), (2, 3), (5, 7), (8, 3), (6, 7), (0, 5), (3, 6), (1, 3), (4, 7)])"
10,20,1,0.07773256301879883,0.2642812728881836,"(Vertices: [0, 1, 2, 3, 4, 5, 6, 7, 8, 9]) -- (Edges: [(3, 4), (3, 7), (5, 7), (8, 0), (9, 5), (1, 6), (0, 8), (9, 7), (8, 5), (9, 4), (0, 1), (1, 2), (1, 5), (6, 7), (4, 7), (9, 3), (8, 7), (0, 6), (2, 3), (1, 7)])"
10,18,32,1.171142578125,4.490790367126465,"(Vertices: [0, 1, 2, 3, 4, 5, 6, 7, 8, 9]) -- (Edges: [(2, 4), (0, 4), (3, 4), (9, 3), (1, 5), (9, 6), (0, 3), (0, 9), (1, 4), (2, 3), (6, 7), (1, 7), (4, 5), (8, 9), (5, 6), (1, 6), (1, 3), (3, 5)])"
11,19,1,0.07204127311706543,0.2619667053222656,"(Vertices: [0, 1, 2, 3, 4, 5, 6, 7, 8, 9, 10]) -- (Edges: [(3, 4), (3, 7), (9, 5), (0, 2), (8, 3), (10, 3), (3, 6), (8, 2), (8, 5), (2, 4), (1, 2), (0, 4), (0, 10), (6, 7), (3, 5), (8, 10), (10, 7), (2, 3), (1, 10)])"
11,16,46,1.6470296382904053,5.7376909255981445,"(Vertices: [0, 1, 2, 3, 4, 5, 6, 7, 8, 9, 10]) -- (Edges: [(0, 1), (0, 4), (0, 10), (8, 1), (3, 7), (0, 9), (9, 5), (1, 7), (8, 3), (4, 5), (0, 5), (10, 3), (8, 6), (1, 6), (8, 5), (9, 4)])"
12,16,1,0.06844949722290039,0.23964595794677734,"(Vertices: [0, 1, 2, 3, 4, 5, 6, 7, 8, 9, 10, 11]) -- (Edges: [(9, 10), (1, 11), (3, 7), (2, 10), (9, 6), (0, 9), (9, 2), (11, 6), (8, 3), (8, 9), (1, 10), (8, 6), (2, 5), (2, 11), (8, 5), (10, 2)])"
12,25,64,3.78607177734375,12.147723197937012,"(Vertices: [0, 1, 2, 3, 4, 5, 6, 7, 8, 9, 10, 11]) -- (Edges: [(3, 4), (3, 7), (5, 7), (9, 5), (0, 5), (10, 3), (1, 3), (2, 11), (4, 5), (3, 6), (9, 7), (8, 5), (11, 4), (9, 4), (8, 11), (0, 7), (11, 7), (1, 2), (0, 4), (9, 6), (0, 3), (10, 7), (0, 6), (1, 7), (1, 10)])"
13,25,1,0.09211587905883789,0.31725025177001953,"(Vertices: [0, 1, 2, 3, 4, 5, 6, 7, 8, 9, 10, 11, 12]) -- (Edges: [(3, 7), (4, 6), (9, 2), (5, 7), (9, 5), (0, 5), (8, 6), (1, 6), (1, 9), (0, 11), (12, 6), (3, 12), (9, 1), (8, 11), (0, 1), (0, 7), (10, 5), (11, 7), (1, 11), (9, 3), (9, 6), (9, 12), (0, 12), (2, 3), (2, 6)])"
13,23,91,4.964884519577026,15.755705833435059,"(Vertices: [0, 1, 2, 3, 4, 5, 6, 7, 8, 9, 10, 11, 12]) -- (Edges: [(12, 4), (12, 7), (3, 7), (4, 12), (8, 6), (2, 11), (0, 11), (4, 5), (5, 6), (3, 12), (8, 5), (8, 11), (0, 1), (11, 7), (1, 5), (1, 11), (6, 7), (12, 5), (8, 7), (1, 4), (0, 6), (0, 12), (2, 3)])"
14,28,1,0.09758543968200684,0.33466529846191406,"(Vertices: [0, 1, 2, 3, 4, 5, 6, 7, 8, 9, 10, 11, 12, 13]) -- (Edges: [(12, 7), (12, 13), (3, 13), (0, 2), (1, 6), (9, 11), (1, 3), (10, 12), (0, 11), (4, 5), (5, 6), (9, 7), (8, 5), (0, 1), (0, 7), (11, 7), (0, 4), (0, 10), (0, 13), (11, 13), (2, 13), (12, 5), (4, 13), (10, 4), (0, 9), (0, 6), (11, 6), (11, 12)])"
14,34,128,109.37138676643372,32.3751277923584,"(Vertices: [0, 1, 2, 3, 4, 5, 6, 7, 8, 9, 10, 11, 12, 13]) -- (Edges: [(12, 4), (4, 6), (4, 12), (9, 2), (8, 3), (8, 9), (0, 5), (1, 3), (3, 6), (8, 2), (9, 7), (11, 4), (0, 7), (1, 2), (0, 4), (0, 10), (2, 7), (13, 7), (10, 11), (2, 13), (4, 7), (3, 11), (4, 13), (9, 3), (8, 1), (0, 3), (0, 9), (11, 3), (1, 4), (10, 13), (0, 12), (11, 12), (1, 7), (2, 6)])"
15,38,1,0.13396525382995605,0.4065542221069336,"(Vertices: [0, 1, 2, 3, 4, 5, 6, 7, 8, 9, 10, 11, 12, 13, 14]) -- (Edges: [(12, 4), (3, 7), (4, 6), (4, 12), (9, 2), (5, 7), (8, 0), (5, 13), (0, 5), (10, 3), (1, 6), (0, 8), (2, 5), (2, 11), (13, 5), (1, 12), (5, 6), (9, 7), (8, 11), (11, 7), (8, 14), (0, 10), (2, 7), (1, 14), (6, 7), (12, 5), (12, 14), (4, 13), (9, 12), (10, 13), (0, 6), (0, 12), (11, 6), (8, 13), (1, 13), (2, 6), (2, 12), (11, 12)])"
15,36,182,13.21430230140686,48.68638801574707,"(Vertices: [0, 1, 2, 3, 4, 5, 6, 7, 8, 9, 10, 11, 12, 13, 14]) -- (Edges: [(12, 7), (12, 13), (5, 7), (8, 0), (5, 13), (9, 5), (0, 2), (0, 8), (11, 14), (13, 5), (10, 12), (0, 11), (6, 14), (14, 6), (4, 5), (12, 6), (5, 6), (9, 7), (9, 4), (8, 14), (1, 2), (9, 13), (2, 7), (1, 11), (11, 13), (2, 13), (8, 1), (5, 14), (9, 12), (0, 9), (8, 10), (1, 4), (2, 3), (1, 13), (2, 6), (2, 12)])"
5,5,1,0.08204364776611328,1.185175895690918,"(Vertices: [0, 1, 2, 3, 4]) -- (Edges: [(2, 4), (1, 2), (3, 4), (2, 3), (1, 3)])"
5,2,6,0.06921863555908203,0.21172046661376953,"(Vertices: [0, 1, 2, 3, 4]) -- (Edges: [(0, 3), (3, 4)])"
6,5,1,0.044333457946777344,0.1515789031982422,"(Vertices: [0, 1, 2, 3, 4, 5]) -- (Edges: [(1, 2), (0, 3), (2, 3), (0, 5), (1, 3)])"
6,5,8,0.11833453178405762,0.43548583984375,"(Vertices: [0, 1, 2, 3, 4, 5]) -- (Edges: [(2, 4), (1, 5), (0, 5), (2, 5), (3, 5)])"
7,6,1,0.046163320541381836,0.15503311157226562,"(Vertices: [0, 1, 2, 3, 4, 5, 6]) -- (Edges: [(0, 3), (4, 6), (0, 6), (2, 3), (0, 5), (1, 6)])"
7,7,12,0.34990453720092773,0.8609991073608398,"(Vertices: [0, 1, 2, 3, 4, 5, 6]) -- (Edges: [(1, 2), (0, 4), (4, 6), (4, 5), (5, 6), (3, 6), (3, 5)])"
8,5,1,0.04417014122009277,0.1593036651611328,"(Vertices: [0, 1, 2, 3, 4, 5, 6, 7]) -- (Edges: [(0, 1), (0, 3), (1, 7), (2, 6), (1, 6)])"
8,13,16,0.42789483070373535,1.7059345245361328,"(Vertices: [0, 1, 2, 3, 4, 5, 6, 7]) -- (Edges: [(0, 1), (2, 4), (1, 2), (0, 4), (1, 5), (5, 7), (0, 6), (1, 7), (4, 5), (2, 6), (0, 5), (1, 6), (1, 3)])"
9,12,1,0.06437087059020996,0.2064533233642578,"(Vertices: [0, 1, 2, 3, 4, 5, 6, 7, 8]) -- (Edges: [(8, 4), (1, 5), (0, 6), (2, 3), (8, 3), (4, 5), (5, 6), (8, 6), (3, 6), (2, 5), (4, 7), (3, 5)])"
9,13,23,0.6028671264648438,2.3360977172851562,"(Vertices: [0, 1, 2, 3, 4, 5, 6, 7, 8]) -- (Edges: [(0, 1), (8, 4), (1, 5), (8, 1), (0, 3), (4, 6), (4, 5), (8, 6), (3, 6), (8, 2), (2, 5), (1, 3), (4, 7)])"
10,17,1,0.06825780868530273,0.2701234817504883,"(Vertices: [0, 1, 2, 3, 4, 5, 6, 7, 8, 9]) -- (Edges: [(2, 4), (8, 4), (3, 4), (2, 7), (8, 1), (3, 7), (1, 4), (5, 7), (2, 3), (8, 0), (1, 7), (5, 6), (8, 6), (8, 2), (0, 8), (8, 5), (3, 5)])"
10,17,32,1.1046111583709717,4.232812881469727,"(Vertices: [0, 1, 2, 3, 4, 5, 6, 7, 8, 9]) -- (Edges: [(0, 4), (3, 4), (2, 7), (9, 3), (8, 4), (3, 7), (8, 0), (2, 3), (1, 7), (8, 3), (2, 6), (8, 6), (0, 8), (9, 1), (9, 7), (1, 9), (3, 5)])"
11,13,1,0.05770468711853027,0.21405696868896484,"(Vertices: [0, 1, 2, 3, 4, 5, 6, 7, 8, 9, 10]) -- (Edges: [(2, 4), (0, 10), (8, 1), (8, 7), (9, 6), (4, 6), (9, 5), (1, 7), (8, 3), (4, 5), (0, 5), (8, 2), (4, 7)])"
11,16,46,1.6174917221069336,5.72901725769043,"(Vertices: [0, 1, 2, 3, 4, 5, 6, 7, 8, 9, 10]) -- (Edges: [(9, 10), (2, 4), (1, 5), (8, 1), (3, 7), (8, 7), (0, 3), (9, 2), (1, 4), (5, 7), (10, 7), (8, 3), (3, 6), (2, 5), (1, 3), (4, 7)])"
12,21,1,0.0747983455657959,0.2777242660522461,"(Vertices: [0, 1, 2, 3, 4, 5, 6, 7, 8, 9, 10, 11]) -- (Edges: [(3, 4), (3, 7), (4, 6), (9, 2), (9, 5), (8, 9), (11, 5), (8, 6), (9, 11), (2, 5), (5, 6), (3, 6), (1, 5), (6, 7), (4, 7), (3, 11), (9, 3), (8, 1), (11, 3), (10, 7), (1, 7)])"
12,21,64,3.3021395206451416,10.218184471130371,"(Vertices: [0, 1, 2, 3, 4, 5, 6, 7, 8, 9, 10, 11]) -- (Edges: [(3, 4), (3, 7), (4, 6), (8, 0), (0, 5), (11, 5), (0, 8), (2, 11), (8, 11), (0, 1), (0, 7), (2, 4), (9, 10), (2, 7), (6, 7), (10, 4), (0, 9), (8, 10), (1, 4), (2, 3), (1, 7)])"
13,25,1,0.09040570259094238,0.31224822998046875,"(Vertices: [0, 1, 2, 3, 4, 5, 6, 7, 8, 9, 10, 11, 12]) -- (Edges: [(12, 4), (4, 12), (8, 3), (8, 9), (8, 6), (1, 6), (2, 5), (2, 11), (1, 3), (1, 9), (1, 12), (5, 6), (8, 2), (9, 1), (9, 7), (1, 2), (1, 11), (8, 4), (8, 7), (0, 3), (0, 9), (8, 10), (1, 4), (11, 6), (9, 12)])"
13,29,91,7.656602621078491,19.80380344390869,"(Vertices: [0, 1, 2, 3, 4, 5, 6, 7, 8, 9, 10, 11, 12]) -- (Edges: [(12, 4), (4, 12), (8, 0), (8, 12), (9, 11), (0, 8), (1, 3), (2, 11), (1, 12), (5, 6), (3, 6), (9, 7), (11, 4), (10, 2), (1, 2), (0, 4), (2, 7), (1, 5), (1, 11), (2, 10), (12, 5), (4, 7), (8, 7), (8, 10), (10, 7), (0, 6), (11, 6), (11, 12), (2, 6)])"
14,33,1,0.10113644599914551,0.37159252166748047,"(Vertices: [0, 1, 2, 3, 4, 5, 6, 7, 8, 9, 10, 11, 12, 13]) -- (Edges: [(12, 7), (4, 6), (12, 13), (5, 7), (0, 2), (8, 3), (10, 6), (8, 6), (10, 3), (1, 6), (9, 11), (1, 9), (3, 6), (3, 12), (9, 1), (9, 4), (9, 10), (1, 2), (9, 13), (10, 11), (11, 13), (2, 13), (4, 7), (8, 1), (0, 3), (0, 9), (8, 10), (9, 12), (8, 13), (1, 7), (2, 12), (1, 10), (13, 6)])"
14,36,128,62.26096248626709,34.29005813598633,"(Vertices: [0, 1, 2, 3, 4, 5, 6, 7, 8, 9, 10, 11, 12, 13]) -- (Edges: [(3, 4), (3, 7), (4, 6), (9, 2), (0, 2), (8, 3), (11, 5), (1, 6), (1, 3), (3, 6), (3, 12), (8, 2), (8, 11), (9, 4), (9, 10), (10, 2), (10, 5), (1, 2), (0, 4), (9, 13), (13, 7), (2, 10), (6, 7), (3, 11), (8, 4), (4, 13), (8, 1), (10, 4), (9, 6), (11, 3), (0, 9), (1, 4), (11, 6), (2, 3), (2, 12), (13, 6)])"
15,29,1,0.12205624580383301,0.3457937240600586,"(Vertices: [0, 1, 2, 3, 4, 5, 6, 7, 8, 9, 10, 11, 12, 13, 14]) -- (Edges: [(3, 4), (4, 6), (8, 3), (10, 6), (0, 5), (11, 5), (9, 14), (10, 12), (1, 9), (2, 14), (12, 6), (4, 14), (3, 6), (9, 1), (8, 11), (9, 10), (0, 7), (2, 4), (11, 7), (13, 7), (1, 11), (0, 13), (10, 14), (11, 13), (6, 7), (12, 5), (10, 7), (10, 13), (13, 6)])"
15,40,182,14.381511211395264,54.00507831573486,"(Vertices: [0, 1, 2, 3, 4, 5, 6, 7, 8, 9, 10, 11, 12, 13, 14]) -- (Edges: [(3, 4), (14, 7), (4, 6), (12, 13), (9, 2), (5, 7), (5, 13), (9, 5), (8, 3), (8, 9), (0, 5), (10, 3), (11, 5), (1, 6), (2, 5), (13, 5), (1, 12), (4, 5), (4, 14), (11, 4), (8, 11), (10, 2), (0, 7), (2, 4), (9, 13), (0, 10), (13, 7), (1, 11), (11, 13), (2, 10), (3, 5), (12, 14), (3, 14), (5, 14), (8, 10), (10, 7), (10, 13), (1, 7), (2, 6), (2, 12)])"
5,4,1,0.07342314720153809,1.1815967559814453,"(Vertices: [0, 1, 2, 3, 4]) -- (Edges: [(1, 2), (0, 2), (0, 3), (1, 4)])"
5,5,6,0.09309887886047363,0.3516273498535156,"(Vertices: [0, 1, 2, 3, 4]) -- (Edges: [(2, 4), (1, 2), (0, 4), (2, 3), (0, 2)])"
6,6,1,0.04548525810241699,0.1566171646118164,"(Vertices: [0, 1, 2, 3, 4, 5]) -- (Edges: [(0, 1), (0, 4), (1, 5), (2, 3), (4, 5), (2, 5)])"
6,5,8,0.10735797882080078,0.4250516891479492,"(Vertices: [0, 1, 2, 3, 4, 5]) -- (Edges: [(0, 4), (1, 5), (1, 4), (0, 2), (2, 5)])"
7,3,1,0.04818320274353027,0.1304607391357422,"(Vertices: [0, 1, 2, 3, 4, 5, 6]) -- (Edges: [(4, 5), (1, 3), (1, 5)])"
7,9,12,0.23456716537475586,1.0079107284545898,"(Vertices: [0, 1, 2, 3, 4, 5, 6]) -- (Edges: [(0, 1), (1, 2), (0, 4), (1, 5), (0, 3), (2, 3), (4, 5), (5, 6), (0, 5)])"
8,8,1,0.05394697189331055,0.1789226531982422,"(Vertices: [0, 1, 2, 3, 4, 5, 6, 7]) -- (Edges: [(2, 4), (0, 4), (1, 4), (2, 3), (2, 6), (5, 6), (3, 6), (4, 7)])"
8,9,16,0.30350804328918457,1.1978330612182617,"(Vertices: [0, 1, 2, 3, 4, 5, 6, 7]) -- (Edges: [(2, 4), (3, 4), (2, 7), (0, 3), (0, 6), (6, 7), (0, 2), (2, 5), (3, 5)])"
9,17,1,0.07006359100341797,0.24675750732421875,"(Vertices: [0, 1, 2, 3, 4, 5, 6, 7, 8]) -- (Edges: [(0, 1), (0, 7), (2, 4), (0, 4), (3, 4), (2, 7), (8, 4), (8, 0), (0, 6), (2, 3), (8, 3), (4, 5), (5, 6), (0, 5), (8, 2), (0, 8), (3, 5)])"
9,12,23,0.5519309043884277,2.1826772689819336,"(Vertices: [0, 1, 2, 3, 4, 5, 6, 7, 8]) -- (Edges: [(0, 1), (1, 2), (2, 7), (1, 5), (0, 3), (8, 0), (5, 6), (0, 5), (3, 6), (0, 8), (1, 3), (4, 7)])"
10,14,1,0.06238245964050293,0.21796131134033203,"(Vertices: [0, 1, 2, 3, 4, 5, 6, 7, 8, 9]) -- (Edges: [(0, 1), (9, 3), (9, 2), (5, 7), (8, 5), (4, 7), (6, 7), (1, 7), (4, 5), (3, 6), (1, 6), (9, 1), (1, 9), (8, 2)])"
10,17,32,1.0865576267242432,4.230900764465332,"(Vertices: [0, 1, 2, 3, 4, 5, 6, 7, 8, 9]) -- (Edges: [(0, 1), (9, 3), (8, 7), (3, 7), (4, 6), (9, 2), (0, 6), (4, 7), (8, 5), (1, 7), (4, 5), (6, 7), (5, 6), (8, 6), (8, 9), (9, 1), (1, 9)])"
11,21,1,0.08254313468933105,0.27356815338134766,"(Vertices: [0, 1, 2, 3, 4, 5, 6, 7, 8, 9, 10]) -- (Edges: [(3, 4), (8, 3), (8, 9), (10, 6), (10, 3), (1, 6), (2, 5), (3, 6), (9, 7), (8, 5), (9, 4), (0, 4), (4, 7), (3, 5), (9, 3), (10, 4), (0, 9), (10, 7), (8, 10), (2, 3), (1, 10)])"
11,21,46,2.1349191665649414,7.516024589538574,"(Vertices: [0, 1, 2, 3, 4, 5, 6, 7, 8, 9, 10]) -- (Edges: [(3, 4), (9, 2), (5, 7), (8, 3), (8, 6), (2, 5), (1, 3), (3, 6), (9, 7), (0, 1), (9, 10), (1, 2), (2, 7), (9, 3), (8, 7), (10, 4), (0, 9), (10, 7), (1, 4), (0, 6), (2, 6)])"
12,25,1,0.09437704086303711,0.30091190338134766,"(Vertices: [0, 1, 2, 3, 4, 5, 6, 7, 8, 9, 10, 11]) -- (Edges: [(3, 4), (3, 7), (8, 0), (10, 6), (11, 5), (10, 3), (8, 6), (0, 8), (2, 5), (1, 3), (1, 9), (0, 11), (9, 1), (11, 4), (10, 2), (1, 2), (0, 4), (10, 11), (2, 10), (4, 7), (9, 6), (0, 3), (0, 9), (8, 10), (2, 6)])"
12,20,64,3.0643463134765625,9.806428909301758,"(Vertices: [0, 1, 2, 3, 4, 5, 6, 7, 8, 9, 10, 11]) -- (Edges: [(3, 7), (4, 6), (8, 3), (10, 6), (1, 9), (0, 11), (3, 6), (9, 1), (10, 2), (9, 4), (9, 10), (10, 11), (0, 10), (1, 5), (1, 11), (2, 10), (4, 7), (0, 9), (8, 10), (2, 6)])"
13,27,1,0.09532856941223145,0.3181886672973633,"(Vertices: [0, 1, 2, 3, 4, 5, 6, 7, 8, 9, 10, 11, 12]) -- (Edges: [(3, 7), (4, 6), (9, 2), (8, 9), (10, 6), (0, 5), (11, 5), (8, 12), (1, 3), (2, 11), (1, 12), (5, 6), (3, 6), (8, 2), (9, 4), (9, 10), (10, 5), (1, 2), (0, 4), (4, 7), (3, 5), (9, 3), (0, 3), (9, 12), (10, 7), (0, 6), (2, 6)])"
13,28,91,6.843453645706177,19.122986793518066,"(Vertices: [0, 1, 2, 3, 4, 5, 6, 7, 8, 9, 10, 11, 12]) -- (Edges: [(12, 7), (3, 4), (3, 7), (5, 7), (9, 5), (10, 6), (0, 5), (10, 3), (8, 12), (1, 6), (9, 11), (1, 3), (3, 6), (11, 4), (9, 10), (0, 7), (11, 7), (2, 7), (12, 5), (8, 1), (9, 12), (0, 9), (10, 7), (1, 4), (11, 6), (2, 3), (8, 10), (2, 6)])"
14,30,1,0.10132193565368652,0.3555173873901367,"(Vertices: [0, 1, 2, 3, 4, 5, 6, 7, 8, 9, 10, 11, 12, 13]) -- (Edges: [(12, 7), (4, 6), (5, 13), (3, 13), (8, 9), (10, 6), (9, 11), (2, 5), (13, 5), (0, 11), (4, 5), (9, 7), (10, 2), (9, 4), (0, 7), (10, 5), (10, 11), (2, 10), (6, 7), (12, 5), (8, 4), (4, 13), (8, 7), (10, 13), (11, 6), (0, 12), (11, 12), (1, 7), (13, 6), (1, 10)])"
14,29,128,17.9292950630188,27.70569133758545,"(Vertices: [0, 1, 2, 3, 4, 5, 6, 7, 8, 9, 10, 11, 12, 13]) -- (Edges: [(3, 7), (12, 13), (8, 0), (8, 9), (0, 5), (8, 12), (0, 8), (1, 3), (3, 12), (8, 5), (8, 11), (10, 2), (10, 5), (10, 11), (9, 13), (2, 7), (1, 11), (2, 10), (4, 7), (3, 11), (8, 1), (11, 3), (8, 10), (10, 7), (10, 13), (2, 3), (1, 13), (2, 12), (13, 6)])"
15,35,1,0.15605664253234863,0.39190101623535156,"(Vertices: [0, 1, 2, 3, 4, 5, 6, 7, 8, 9, 10, 11, 12, 13, 14]) -- (Edges: [(3, 4), (4, 6), (8, 0), (0, 2), (8, 9), (0, 5), (8, 6), (9, 14), (0, 8), (5, 6), (4, 14), (3, 6), (8, 11), (10, 2), (9, 10), (11, 7), (2, 4), (1, 2), (10, 11), (11, 13), (2, 10), (4, 7), (3, 5), (3, 11), (3, 14), (8, 1), (5, 14), (8, 7), (11, 3), (0, 6), (8, 13), (11, 12), (1, 13), (2, 6), (13, 6)])"
15,40,182,14.760934352874756,53.994566917419434,"(Vertices: [0, 1, 2, 3, 4, 5, 6, 7, 8, 9, 10, 11, 12, 13, 14]) -- (Edges: [(3, 4), (3, 7), (9, 2), (5, 7), (5, 13), (0, 2), (9, 14), (9, 11), (2, 5), (0, 14), (13, 5), (1, 12), (6, 14), (14, 6), (3, 12), (8, 2), (9, 7), (9, 4), (0, 1), (0, 7), (10, 5), (1, 2), (11, 7), (8, 14), (9, 10), (9, 13), (1, 11), (10, 11), (11, 13), (1, 14), (12, 14), (5, 14), (9, 6), (0, 9), (10, 7), (10, 13), (0, 6), (8, 13), (11, 12), (1, 13)])"
5,2,1,0.07715892791748047,1.165506362915039,"(Vertices: [0, 1, 2, 3, 4]) -- (Edges: [(2, 3), (0, 4)])"
5,3,6,0.0762174129486084,0.26779937744140625,"(Vertices: [0, 1, 2, 3, 4]) -- (Edges: [(0, 3), (1, 3), (3, 4)])"
6,5,1,0.045853376388549805,0.14986419677734375,"(Vertices: [0, 1, 2, 3, 4, 5]) -- (Edges: [(3, 4), (1, 5), (0, 3), (4, 5), (0, 2)])"
6,6,8,0.13443613052368164,0.5022058486938477,"(Vertices: [0, 1, 2, 3, 4, 5]) -- (Edges: [(1, 2), (1, 5), (1, 4), (2, 3), (1, 3), (3, 5)])"
7,4,1,0.05140089988708496,0.14170455932617188,"(Vertices: [0, 1, 2, 3, 4, 5, 6]) -- (Edges: [(1, 6), (1, 4), (2, 6), (0, 5)])"
7,9,12,0.2523193359375,1.0100135803222656,"(Vertices: [0, 1, 2, 3, 4, 5, 6]) -- (Edges: [(0, 1), (1, 2), (0, 3), (0, 6), (2, 3), (0, 2), (2, 6), (0, 5), (1, 3)])"
8,9,1,0.056528329849243164,0.18882083892822266,"(Vertices: [0, 1, 2, 3, 4, 5, 6, 7]) -- (Edges: [(0, 1), (2, 4), (1, 2), (0, 3), (2, 3), (1, 7), (0, 5), (1, 6), (1, 3)])"
8,15,16,0.5005545616149902,1.9447126388549805,"(Vertices: [0, 1, 2, 3, 4, 5, 6, 7]) -- (Edges: [(0, 7), (1, 2), (0, 4), (1, 5), (3, 7), (0, 3), (5, 7), (0, 6), (2, 3), (0, 5), (1, 6), (2, 5), (1, 3), (4, 7), (3, 5)])"
9,15,1,0.06821084022521973,0.2225809097290039,"(Vertices: [0, 1, 2, 3, 4, 5, 6, 7, 8]) -- (Edges: [(2, 4), (1, 2), (8, 4), (2, 7), (8, 1), (1, 5), (8, 7), (4, 6), (8, 0), (6, 7), (0, 2), (8, 6), (3, 6), (0, 8), (1, 3)])"
9,10,23,0.4513208866119385,1.808638572692871,"(Vertices: [0, 1, 2, 3, 4, 5, 6, 7, 8]) -- (Edges: [(0, 7), (0, 4), (2, 7), (3, 7), (4, 6), (2, 3), (0, 2), (0, 5), (3, 6), (2, 5)])"
10,12,1,0.059928178787231445,0.2042684555053711,"(Vertices: [0, 1, 2, 3, 4, 5, 6, 7, 8, 9]) -- (Edges: [(0, 4), (3, 4), (9, 3), (3, 7), (9, 6), (1, 4), (5, 7), (9, 5), (0, 2), (8, 3), (1, 3), (8, 5)])"
10,18,32,1.1498308181762695,4.470724105834961,"(Vertices: [0, 1, 2, 3, 4, 5, 6, 7, 8, 9]) -- (Edges: [(0, 1), (1, 5), (8, 7), (9, 6), (5, 7), (2, 3), (9, 5), (6, 7), (8, 9), (2, 6), (5, 6), (0, 5), (3, 6), (8, 6), (1, 6), (9, 7), (8, 5), (9, 4)])"
11,17,1,0.07745075225830078,0.24507999420166016,"(Vertices: [0, 1, 2, 3, 4, 5, 6, 7, 8, 9, 10]) -- (Edges: [(0, 1), (3, 4), (9, 1), (8, 7), (3, 7), (8, 10), (9, 2), (5, 7), (2, 3), (6, 7), (8, 3), (8, 9), (10, 6), (8, 2), (2, 5), (9, 7), (1, 9)])"
11,14,46,1.4079735279083252,5.032256126403809,"(Vertices: [0, 1, 2, 3, 4, 5, 6, 7, 8, 9, 10]) -- (Edges: [(0, 1), (9, 10), (3, 4), (9, 3), (8, 7), (10, 4), (0, 9), (8, 10), (5, 7), (0, 2), (4, 5), (2, 6), (10, 6), (8, 5)])"
12,14,1,0.07048201560974121,0.22976016998291016,"(Vertices: [0, 1, 2, 3, 4, 5, 6, 7, 8, 9, 10, 11]) -- (Edges: [(0, 1), (11, 7), (10, 5), (9, 10), (9, 3), (4, 6), (1, 4), (11, 6), (6, 7), (0, 5), (8, 6), (9, 7), (3, 5), (9, 4)])"
12,26,64,3.8241307735443115,12.600177764892578,"(Vertices: [0, 1, 2, 3, 4, 5, 6, 7, 8, 9, 10, 11]) -- (Edges: [(3, 7), (9, 2), (5, 7), (0, 5), (10, 3), (11, 5), (1, 6), (2, 5), (1, 3), (4, 5), (5, 6), (3, 6), (8, 11), (9, 4), (0, 1), (2, 4), (1, 2), (10, 5), (10, 11), (6, 7), (8, 7), (0, 3), (0, 6), (2, 3), (11, 6), (1, 7)])"
13,25,1,0.0981600284576416,0.31438255310058594,"(Vertices: [0, 1, 2, 3, 4, 5, 6, 7, 8, 9, 10, 11, 12]) -- (Edges: [(3, 4), (10, 6), (1, 6), (1, 3), (2, 11), (8, 2), (8, 5), (8, 11), (10, 2), (0, 1), (1, 2), (0, 10), (2, 7), (1, 11), (2, 10), (6, 7), (4, 7), (3, 5), (10, 4), (9, 6), (8, 10), (10, 7), (0, 6), (0, 12), (11, 6)])"
13,28,91,7.3212974071502686,18.970850944519043,"(Vertices: [0, 1, 2, 3, 4, 5, 6, 7, 8, 9, 10, 11, 12]) -- (Edges: [(12, 4), (3, 4), (4, 6), (4, 12), (8, 3), (8, 6), (1, 3), (12, 6), (3, 6), (8, 2), (8, 5), (11, 4), (10, 2), (0, 1), (11, 7), (10, 11), (2, 7), (1, 5), (2, 10), (4, 7), (3, 11), (9, 6), (11, 3), (8, 10), (1, 4), (2, 3), (11, 12), (2, 6)])"
14,37,1,0.1221933364868164,0.41351890563964844,"(Vertices: [0, 1, 2, 3, 4, 5, 6, 7, 8, 9, 10, 11, 12, 13]) -- (Edges: [(12, 4), (12, 7), (3, 7), (4, 12), (12, 13), (5, 13), (3, 13), (8, 9), (10, 6), (11, 5), (8, 12), (9, 11), (13, 5), (1, 3), (1, 9), (0, 11), (3, 12), (8, 2), (9, 1), (8, 11), (9, 4), (10, 2), (0, 7), (1, 2), (9, 13), (2, 7), (2, 10), (6, 7), (3, 11), (8, 4), (8, 7), (11, 3), (8, 10), (1, 4), (8, 13), (1, 7), (13, 6)])"
14,29,128,26.646840810775757,27.678028106689453,"(Vertices: [0, 1, 2, 3, 4, 5, 6, 7, 8, 9, 10, 11, 12, 13]) -- (Edges: [(12, 4), (3, 7), (4, 12), (9, 2), (12, 13), (3, 13), (8, 3), (10, 3), (9, 11), (1, 3), (1, 9), (3, 6), (9, 1), (8, 5), (11, 4), (9, 4), (8, 11), (2, 4), (1, 2), (10, 11), (0, 13), (6, 7), (10, 7), (10, 13), (0, 12), (11, 12), (1, 7), (1, 13), (1, 10)])"
15,35,1,0.1310257911682129,0.3813018798828125,"(Vertices: [0, 1, 2, 3, 4, 5, 6, 7, 8, 9, 10, 11, 12, 13, 14]) -- (Edges: [(14, 7), (0, 2), (8, 9), (0, 5), (11, 5), (8, 12), (9, 11), (0, 14), (2, 11), (10, 12), (2, 14), (13, 14), (12, 6), (5, 6), (8, 2), (8, 5), (11, 4), (9, 4), (10, 2), (0, 7), (11, 7), (10, 11), (10, 14), (2, 10), (2, 13), (12, 14), (3, 14), (8, 4), (4, 13), (5, 14), (8, 7), (0, 9), (10, 13), (2, 6), (13, 6)])"
15,26,182,9.657341480255127,35.202959060668945,"(Vertices: [0, 1, 2, 3, 4, 5, 6, 7, 8, 9, 10, 11, 12, 13, 14]) -- (Edges: [(14, 7), (4, 6), (8, 0), (10, 6), (10, 3), (9, 11), (0, 8), (0, 14), (10, 12), (13, 14), (12, 6), (5, 6), (4, 14), (9, 7), (11, 4), (9, 10), (9, 13), (0, 10), (1, 11), (11, 13), (2, 13), (3, 11), (5, 14), (11, 3), (10, 13), (2, 3)])"
5,3,1,0.08103513717651367,1.172891616821289,"(Vertices: [0, 1, 2, 3, 4]) -- (Edges: [(1, 3), (0, 4), (1, 4)])"
5,3,6,0.07745623588562012,0.2681770324707031,"(Vertices: [0, 1, 2, 3, 4]) -- (Edges: [(1, 2), (0, 2), (0, 3)])"
6,6,1,0.0466153621673584,0.1562051773071289,"(Vertices: [0, 1, 2, 3, 4, 5]) -- (Edges: [(3, 4), (0, 3), (2, 3), (4, 5), (2, 5), (1, 3)])"
6,3,8,0.08106231689453125,0.30129146575927734,"(Vertices: [0, 1, 2, 3, 4, 5]) -- (Edges: [(4, 5), (2, 5), (0, 4)])"
7,7,1,0.050966501235961914,0.1662883758544922,"(Vertices: [0, 1, 2, 3, 4, 5, 6]) -- (Edges: [(1, 2), (3, 4), (0, 3), (1, 4), (0, 6), (5, 6), (2, 5)])"
7,5,12,0.1459503173828125,0.5775556564331055,"(Vertices: [0, 1, 2, 3, 4, 5, 6]) -- (Edges: [(4, 6), (2, 6), (5, 6), (3, 6), (1, 3)])"
8,4,1,0.04438638687133789,0.13983726501464844,"(Vertices: [0, 1, 2, 3, 4, 5, 6, 7]) -- (Edges: [(6, 7), (1, 3), (1, 4), (0, 6)])"
8,7,16,0.24837732315063477,1.031386375427246,"(Vertices: [0, 1, 2, 3, 4, 5, 6, 7]) -- (Edges: [(0, 1), (1, 5), (0, 6), (6, 7), (1, 7), (5, 6), (3, 5)])"
9,15,1,0.06370091438293457,0.22539710998535156,"(Vertices: [0, 1, 2, 3, 4, 5, 6, 7, 8]) -- (Edges: [(0, 4), (2, 7), (8, 7), (4, 6), (1, 4), (5, 7), (2, 3), (0, 2), (5, 6), (0, 5), (3, 6), (8, 6), (8, 2), (1, 3), (3, 5)])"
9,6,23,0.45871543884277344,1.3301973342895508,"(Vertices: [0, 1, 2, 3, 4, 5, 6, 7, 8]) -- (Edges: [(1, 2), (8, 7), (0, 3), (2, 3), (1, 6), (2, 5)])"
10,21,1,0.08209800720214844,0.2810201644897461,"(Vertices: [0, 1, 2, 3, 4, 5, 6, 7, 8, 9]) -- (Edges: [(3, 4), (5, 7), (8, 9), (8, 6), (2, 5), (1, 9), (5, 6), (9, 1), (9, 7), (9, 4), (0, 7), (0, 4), (6, 7), (3, 5), (8, 1), (0, 9), (1, 4), (0, 6), (2, 3), (1, 7), (2, 6)])"
10,12,32,0.8728830814361572,3.1434288024902344,"(Vertices: [0, 1, 2, 3, 4, 5, 6, 7, 8, 9]) -- (Edges: [(8, 4), (3, 4), (3, 7), (0, 3), (8, 0), (1, 7), (8, 9), (8, 6), (3, 6), (0, 8), (9, 7), (9, 4)])"
11,17,1,0.07753419876098633,0.2476940155029297,"(Vertices: [0, 1, 2, 3, 4, 5, 6, 7, 8, 9, 10]) -- (Edges: [(0, 1), (10, 5), (1, 2), (8, 1), (8, 7), (10, 4), (2, 10), (8, 10), (5, 7), (0, 6), (9, 5), (8, 3), (2, 6), (0, 5), (10, 3), (1, 3), (10, 2)])"
11,18,46,1.9018454551696777,6.542919158935547,"(Vertices: [0, 1, 2, 3, 4, 5, 6, 7, 8, 9, 10]) -- (Edges: [(0, 1), (8, 1), (8, 7), (3, 7), (9, 6), (9, 2), (1, 4), (0, 6), (10, 7), (8, 0), (0, 2), (1, 7), (8, 3), (4, 5), (8, 2), (0, 8), (1, 3), (4, 7)])"
12,17,1,0.07011914253234863,0.2510089874267578,"(Vertices: [0, 1, 2, 3, 4, 5, 6, 7, 8, 9, 10, 11]) -- (Edges: [(0, 7), (10, 5), (11, 7), (2, 7), (8, 1), (8, 7), (5, 7), (0, 6), (6, 7), (0, 2), (1, 7), (8, 9), (5, 6), (1, 10), (9, 11), (4, 7), (3, 5)])"
12,25,64,3.9807183742523193,12.14543342590332,"(Vertices: [0, 1, 2, 3, 4, 5, 6, 7, 8, 9, 10, 11]) -- (Edges: [(3, 4), (4, 6), (8, 0), (0, 2), (10, 3), (0, 8), (2, 5), (4, 5), (11, 4), (9, 4), (0, 1), (0, 7), (2, 4), (0, 4), (2, 7), (1, 5), (1, 11), (6, 7), (4, 7), (3, 5), (9, 3), (8, 1), (8, 7), (9, 6), (1, 10)])"
13,28,1,0.1067972183227539,0.3291053771972656,"(Vertices: [0, 1, 2, 3, 4, 5, 6, 7, 8, 9, 10, 11, 12]) -- (Edges: [(3, 7), (9, 5), (0, 2), (2, 5), (1, 9), (5, 6), (9, 1), (11, 4), (8, 5), (10, 2), (2, 4), (1, 2), (0, 4), (0, 10), (10, 5), (1, 5), (1, 11), (2, 10), (8, 1), (10, 4), (9, 6), (8, 10), (10, 7), (0, 12), (11, 12), (1, 7), (2, 6), (1, 10)])"
13,24,91,5.42647647857666,16.37936305999756,"(Vertices: [0, 1, 2, 3, 4, 5, 6, 7, 8, 9, 10, 11, 12]) -- (Edges: [(12, 7), (9, 2), (9, 5), (8, 9), (2, 5), (3, 6), (9, 7), (9, 10), (0, 7), (2, 4), (10, 5), (0, 4), (10, 11), (12, 5), (3, 5), (3, 11), (11, 3), (8, 10), (10, 7), (0, 6), (0, 12), (11, 12), (1, 7), (2, 6)])"
14,33,1,0.11331629753112793,0.38311100006103516,"(Vertices: [0, 1, 2, 3, 4, 5, 6, 7, 8, 9, 10, 11, 12, 13]) -- (Edges: [(12, 4), (4, 12), (9, 5), (8, 3), (8, 9), (0, 5), (1, 6), (2, 5), (2, 11), (0, 11), (4, 5), (3, 6), (8, 5), (10, 2), (9, 4), (9, 10), (11, 7), (1, 2), (10, 11), (11, 13), (2, 10), (2, 13), (6, 7), (4, 7), (3, 5), (4, 13), (10, 4), (9, 6), (9, 12), (0, 12), (8, 13), (1, 7), (2, 12)])"
14,31,128,47.18236684799194,29.611515998840332,"(Vertices: [0, 1, 2, 3, 4, 5, 6, 7, 8, 9, 10, 11, 12, 13]) -- (Edges: [(3, 4), (4, 6), (12, 13), (5, 7), (8, 0), (8, 3), (8, 6), (8, 12), (0, 8), (1, 3), (2, 11), (12, 6), (5, 6), (3, 6), (8, 2), (8, 5), (0, 1), (10, 5), (11, 13), (6, 7), (8, 4), (4, 13), (8, 7), (10, 4), (0, 3), (0, 9), (1, 4), (0, 6), (8, 13), (1, 13), (2, 12)])"
15,31,1,0.11077451705932617,0.36202144622802734,"(Vertices: [0, 1, 2, 3, 4, 5, 6, 7, 8, 9, 10, 11, 12, 13, 14]) -- (Edges: [(9, 5), (0, 2), (10, 3), (1, 6), (2, 5), (0, 14), (1, 9), (0, 11), (10, 12), (2, 14), (11, 14), (5, 6), (3, 12), (8, 2), (9, 1), (9, 10), (11, 7), (10, 5), (1, 2), (10, 11), (0, 10), (13, 7), (12, 5), (4, 7), (10, 4), (10, 7), (1, 4), (2, 3), (1, 13), (2, 6), (13, 6)])"
15,31,182,11.47501254081726,41.98398780822754,"(Vertices: [0, 1, 2, 3, 4, 5, 6, 7, 8, 9, 10, 11, 12, 13, 14]) -- (Edges: [(14, 7), (8, 6), (1, 6), (2, 5), (0, 14), (1, 9), (11, 14), (2, 14), (13, 14), (6, 14), (14, 6), (4, 14), (9, 1), (8, 5), (10, 2), (1, 2), (11, 13), (2, 10), (12, 5), (3, 5), (4, 13), (5, 14), (10, 4), (9, 12), (0, 9), (8, 10), (1, 4), (11, 12), (1, 7), (1, 13), (1, 10)])"
5,3,1,0.08180069923400879,1.1759042739868164,"(Vertices: [0, 1, 2, 3, 4]) -- (Edges: [(1, 2), (0, 3), (0, 4)])"
5,3,6,0.07009482383728027,0.26668834686279297,"(Vertices: [0, 1, 2, 3, 4]) -- (Edges: [(0, 4), (3, 4), (1, 4)])"
6,5,1,0.04481935501098633,0.15019989013671875,"(Vertices: [0, 1, 2, 3, 4, 5]) -- (Edges: [(2, 4), (1, 5), (1, 4), (2, 5), (3, 5)])"
6,8,8,0.14917922019958496,0.6301336288452148,"(Vertices: [0, 1, 2, 3, 4, 5]) -- (Edges: [(0, 1), (2, 4), (0, 4), (3, 4), (2, 3), (4, 5), (1, 3), (3, 5)])"
7,6,1,0.051836490631103516,0.1568765640258789,"(Vertices: [0, 1, 2, 3, 4, 5, 6]) -- (Edges: [(0, 1), (1, 2), (1, 5), (1, 4), (0, 2), (5, 6)])"
7,6,12,0.1767723560333252,0.7088871002197266,"(Vertices: [0, 1, 2, 3, 4, 5, 6]) -- (Edges: [(2, 4), (0, 2), (2, 6), (0, 5), (3, 6), (1, 6)])"
8,11,1,0.06177067756652832,0.19817066192626953,"(Vertices: [0, 1, 2, 3, 4, 5, 6, 7]) -- (Edges: [(0, 7), (0, 4), (1, 4), (5, 7), (2, 3), (6, 7), (4, 5), (0, 5), (3, 6), (1, 6), (2, 5)])"
8,13,16,0.41831469535827637,1.7088279724121094,"(Vertices: [0, 1, 2, 3, 4, 5, 6, 7]) -- (Edges: [(0, 1), (2, 4), (1, 2), (3, 4), (2, 7), (1, 5), (3, 7), (4, 6), (2, 3), (0, 2), (1, 7), (4, 5), (1, 6)])"
9,14,1,0.06057476997375488,0.22104930877685547,"(Vertices: [0, 1, 2, 3, 4, 5, 6, 7, 8]) -- (Edges: [(0, 4), (3, 4), (2, 7), (8, 1), (1, 5), (4, 6), (1, 4), (0, 6), (8, 0), (6, 7), (5, 6), (8, 6), (8, 2), (0, 8)])"
9,15,23,0.7881743907928467,2.6980457305908203,"(Vertices: [0, 1, 2, 3, 4, 5, 6, 7, 8]) -- (Edges: [(0, 1), (1, 2), (8, 4), (1, 5), (0, 3), (8, 0), (0, 6), (6, 7), (0, 2), (1, 7), (0, 5), (1, 6), (0, 8), (2, 5), (3, 5)])"
10,14,1,0.07427763938903809,0.23035812377929688,"(Vertices: [0, 1, 2, 3, 4, 5, 6, 7, 8, 9]) -- (Edges: [(1, 2), (2, 7), (8, 1), (9, 3), (0, 3), (0, 9), (9, 2), (1, 4), (4, 6), (5, 7), (8, 3), (5, 6), (1, 3), (9, 4)])"
10,14,32,0.8854598999023438,3.4658288955688477,"(Vertices: [0, 1, 2, 3, 4, 5, 6, 7, 8, 9]) -- (Edges: [(0, 1), (0, 7), (2, 4), (0, 4), (8, 4), (8, 7), (0, 6), (2, 3), (9, 5), (4, 5), (6, 7), (4, 7), (3, 5), (9, 4)])"
11,23,1,0.07835507392883301,0.2926177978515625,"(Vertices: [0, 1, 2, 3, 4, 5, 6, 7, 8, 9, 10]) -- (Edges: [(9, 2), (5, 7), (8, 0), (8, 3), (0, 5), (8, 6), (10, 3), (0, 8), (2, 5), (5, 6), (3, 6), (8, 2), (10, 2), (9, 10), (2, 4), (1, 2), (1, 5), (2, 10), (3, 5), (9, 3), (8, 10), (0, 6), (1, 7)])"
11,23,46,2.375200033187866,8.227987289428711,"(Vertices: [0, 1, 2, 3, 4, 5, 6, 7, 8, 9, 10]) -- (Edges: [(4, 6), (5, 7), (8, 0), (0, 2), (0, 8), (2, 5), (4, 5), (5, 6), (3, 6), (8, 2), (9, 7), (9, 10), (0, 7), (10, 5), (0, 4), (6, 7), (9, 3), (8, 1), (0, 3), (10, 7), (2, 3), (1, 7), (2, 6)])"
12,26,1,0.08943414688110352,0.31749439239501953,"(Vertices: [0, 1, 2, 3, 4, 5, 6, 7, 8, 9, 10, 11]) -- (Edges: [(9, 2), (5, 7), (8, 0), (9, 5), (0, 5), (8, 6), (1, 6), (0, 8), (9, 11), (1, 3), (8, 2), (8, 5), (11, 4), (8, 11), (0, 1), (0, 7), (11, 7), (9, 10), (2, 7), (1, 5), (6, 7), (3, 11), (8, 7), (9, 6), (11, 3), (1, 4)])"
12,26,64,3.900712490081787,12.605002403259277,"(Vertices: [0, 1, 2, 3, 4, 5, 6, 7, 8, 9, 10, 11]) -- (Edges: [(3, 7), (4, 6), (8, 0), (9, 5), (8, 3), (0, 5), (11, 5), (0, 8), (2, 5), (2, 11), (0, 11), (5, 6), (8, 11), (9, 10), (0, 7), (10, 5), (1, 2), (1, 11), (3, 11), (8, 4), (8, 1), (9, 6), (11, 3), (1, 4), (1, 7), (2, 6)])"
13,22,1,0.0802147388458252,0.2912425994873047,"(Vertices: [0, 1, 2, 3, 4, 5, 6, 7, 8, 9, 10, 11, 12]) -- (Edges: [(3, 4), (8, 0), (8, 9), (1, 6), (0, 8), (9, 11), (1, 9), (4, 5), (3, 6), (3, 12), (8, 2), (9, 1), (8, 5), (11, 4), (9, 10), (2, 4), (10, 11), (8, 7), (9, 12), (0, 9), (11, 6), (1, 10)])"
13,26,91,5.811298608779907,17.767959594726562,"(Vertices: [0, 1, 2, 3, 4, 5, 6, 7, 8, 9, 10, 11, 12]) -- (Edges: [(3, 7), (5, 7), (0, 2), (8, 9), (0, 5), (8, 6), (1, 6), (1, 3), (2, 11), (4, 5), (12, 6), (11, 4), (8, 11), (9, 4), (0, 1), (1, 2), (10, 11), (1, 5), (6, 7), (4, 7), (3, 11), (11, 3), (0, 9), (0, 12), (11, 12), (2, 6)])"
14,32,1,0.10840940475463867,0.3619251251220703,"(Vertices: [0, 1, 2, 3, 4, 5, 6, 7, 8, 9, 10, 11, 12, 13]) -- (Edges: [(12, 7), (4, 6), (12, 13), (5, 13), (3, 13), (8, 6), (8, 12), (1, 6), (2, 11), (13, 5), (9, 7), (8, 11), (1, 2), (10, 11), (0, 10), (2, 7), (1, 5), (0, 13), (12, 5), (3, 5), (3, 11), (8, 4), (9, 3), (8, 1), (8, 7), (11, 3), (0, 9), (8, 10), (2, 3), (1, 7), (1, 13), (1, 10)])"
14,27,128,27.29202961921692,25.823484420776367,"(Vertices: [0, 1, 2, 3, 4, 5, 6, 7, 8, 9, 10, 11, 12, 13]) -- (Edges: [(3, 7), (4, 6), (12, 13), (9, 5), (8, 9), (10, 6), (8, 6), (2, 5), (8, 5), (0, 1), (11, 7), (2, 4), (1, 2), (0, 10), (13, 7), (1, 11), (0, 13), (4, 7), (8, 4), (10, 4), (9, 6), (8, 10), (10, 13), (11, 6), (2, 3), (1, 13), (2, 12)])"
15,36,1,0.12154603004455566,0.38922691345214844,"(Vertices: [0, 1, 2, 3, 4, 5, 6, 7, 8, 9, 10, 11, 12, 13, 14]) -- (Edges: [(3, 4), (8, 0), (5, 13), (0, 2), (8, 3), (11, 5), (10, 3), (8, 6), (8, 12), (0, 8), (9, 14), (1, 3), (2, 11), (13, 5), (4, 5), (12, 6), (4, 14), (3, 12), (8, 5), (9, 4), (0, 1), (0, 7), (8, 14), (1, 2), (9, 10), (1, 5), (1, 11), (13, 7), (11, 13), (4, 7), (8, 4), (4, 13), (10, 7), (0, 6), (8, 13), (1, 10)])"
15,40,182,14.034271240234375,54.00632667541504,"(Vertices: [0, 1, 2, 3, 4, 5, 6, 7, 8, 9, 10, 11, 12, 13, 14]) -- (Edges: [(14, 7), (12, 13), (8, 0), (9, 5), (0, 2), (10, 6), (11, 5), (9, 14), (0, 8), (11, 14), (0, 11), (2, 14), (4, 5), (5, 6), (8, 2), (9, 7), (8, 5), (10, 2), (9, 4), (0, 1), (9, 10), (1, 2), (0, 4), (0, 10), (13, 7), (10, 14), (0, 13), (2, 10), (12, 5), (12, 14), (4, 13), (9, 3), (10, 4), (0, 9), (8, 10), (10, 13), (0, 6), (0, 12), (2, 6), (13, 6)])"
5,3,1,0.07202267646789551,1.1737918853759766,"(Vertices: [0, 1, 2, 3, 4]) -- (Edges: [(2, 4), (1, 2), (0, 4)])"
5,6,6,0.10165834426879883,0.4015693664550781,"(Vertices: [0, 1, 2, 3, 4]) -- (Edges: [(2, 4), (1, 2), (3, 4), (1, 4), (2, 3), (0, 2)])"
6,5,1,0.043851375579833984,0.15141773223876953,"(Vertices: [0, 1, 2, 3, 4, 5]) -- (Edges: [(0, 1), (3, 4), (0, 3), (0, 5), (3, 5)])"
6,2,8,0.08609652519226074,0.24176597595214844,"(Vertices: [0, 1, 2, 3, 4, 5]) -- (Edges: [(0, 1), (1, 4)])"
7,8,1,0.06313419342041016,0.17545795440673828,"(Vertices: [0, 1, 2, 3, 4, 5, 6]) -- (Edges: [(0, 1), (0, 3), (0, 6), (2, 3), (4, 5), (2, 6), (2, 5), (3, 5)])"
7,8,12,0.30095672607421875,0.900965690612793,"(Vertices: [0, 1, 2, 3, 4, 5, 6]) -- (Edges: [(0, 1), (2, 4), (0, 4), (3, 4), (0, 6), (4, 5), (1, 6), (2, 5)])"
8,8,1,0.05556917190551758,0.1767120361328125,"(Vertices: [0, 1, 2, 3, 4, 5, 6, 7]) -- (Edges: [(0, 1), (0, 3), (6, 7), (1, 7), (4, 5), (2, 6), (0, 5), (3, 5)])"
8,10,16,0.3336150646209717,1.3124818801879883,"(Vertices: [0, 1, 2, 3, 4, 5, 6, 7]) -- (Edges: [(0, 7), (1, 2), (3, 4), (1, 4), (0, 6), (2, 3), (4, 5), (0, 5), (1, 6), (1, 3)])"
9,13,1,0.06795430183410645,0.21540164947509766,"(Vertices: [0, 1, 2, 3, 4, 5, 6, 7, 8]) -- (Edges: [(0, 1), (2, 7), (1, 5), (8, 1), (3, 7), (5, 7), (0, 6), (6, 7), (0, 2), (8, 6), (1, 6), (8, 5), (8, 2)])"
9,9,23,0.406477689743042,1.6536893844604492,"(Vertices: [0, 1, 2, 3, 4, 5, 6, 7, 8]) -- (Edges: [(0, 4), (3, 4), (8, 4), (0, 6), (6, 7), (4, 5), (8, 3), (5, 6), (4, 7)])"
10,15,1,0.06792974472045898,0.22687721252441406,"(Vertices: [0, 1, 2, 3, 4, 5, 6, 7, 8, 9]) -- (Edges: [(0, 1), (2, 4), (8, 4), (0, 3), (4, 6), (5, 7), (8, 5), (2, 3), (9, 5), (8, 3), (0, 5), (9, 1), (9, 7), (1, 9), (3, 5)])"
10,16,32,1.0090680122375488,4.029391288757324,"(Vertices: [0, 1, 2, 3, 4, 5, 6, 7, 8, 9]) -- (Edges: [(2, 4), (1, 2), (0, 4), (8, 4), (9, 3), (1, 5), (9, 7), (3, 7), (1, 4), (9, 5), (6, 7), (5, 6), (0, 5), (2, 5), (1, 3), (9, 4)])"
11,17,1,0.07692146301269531,0.24493122100830078,"(Vertices: [0, 1, 2, 3, 4, 5, 6, 7, 8, 9, 10]) -- (Edges: [(9, 10), (1, 5), (8, 7), (3, 7), (4, 6), (0, 9), (9, 2), (2, 3), (6, 7), (0, 2), (1, 7), (2, 6), (4, 5), (1, 10), (8, 6), (1, 3), (8, 5)])"
11,24,46,2.3760581016540527,8.537337303161621,"(Vertices: [0, 1, 2, 3, 4, 5, 6, 7, 8, 9, 10]) -- (Edges: [(8, 0), (9, 5), (0, 2), (8, 9), (10, 6), (8, 6), (10, 3), (0, 8), (4, 5), (9, 7), (8, 5), (10, 2), (9, 4), (0, 7), (2, 10), (6, 7), (4, 7), (8, 7), (10, 4), (9, 6), (0, 3), (0, 9), (1, 7), (1, 10)])"
12,21,1,0.0801699161529541,0.27976036071777344,"(Vertices: [0, 1, 2, 3, 4, 5, 6, 7, 8, 9, 10, 11]) -- (Edges: [(4, 6), (9, 2), (5, 7), (8, 0), (9, 5), (1, 6), (0, 8), (2, 11), (0, 11), (3, 6), (9, 7), (8, 5), (9, 4), (2, 4), (10, 5), (8, 1), (8, 7), (0, 3), (11, 6), (1, 7), (2, 6)])"
12,22,64,3.4006567001342773,10.863249778747559,"(Vertices: [0, 1, 2, 3, 4, 5, 6, 7, 8, 9, 10, 11]) -- (Edges: [(9, 2), (8, 0), (8, 9), (0, 8), (1, 9), (3, 6), (8, 2), (9, 1), (9, 4), (9, 10), (1, 2), (10, 11), (0, 10), (1, 5), (4, 7), (8, 4), (8, 1), (0, 9), (0, 6), (2, 3), (1, 7), (1, 10)])"
13,28,1,0.09484004974365234,0.3268890380859375,"(Vertices: [0, 1, 2, 3, 4, 5, 6, 7, 8, 9, 10, 11, 12]) -- (Edges: [(12, 7), (8, 0), (0, 2), (8, 3), (10, 6), (8, 6), (10, 3), (1, 6), (0, 8), (9, 11), (0, 11), (4, 5), (3, 12), (8, 2), (9, 7), (9, 10), (10, 5), (0, 10), (1, 11), (4, 7), (9, 3), (8, 1), (8, 7), (9, 6), (9, 12), (0, 9), (11, 12), (1, 10)])"
13,23,91,5.568101644515991,15.660173416137695,"(Vertices: [0, 1, 2, 3, 4, 5, 6, 7, 8, 9, 10, 11, 12]) -- (Edges: [(12, 4), (12, 7), (4, 12), (0, 2), (8, 3), (2, 5), (0, 11), (3, 6), (8, 2), (9, 10), (0, 7), (1, 2), (0, 4), (1, 5), (12, 5), (9, 6), (0, 3), (8, 10), (1, 4), (11, 6), (0, 12), (1, 7), (2, 12)])"
14,27,1,0.09095549583435059,0.33544158935546875,"(Vertices: [0, 1, 2, 3, 4, 5, 6, 7, 8, 9, 10, 11, 12, 13]) -- (Edges: [(4, 6), (8, 3), (8, 9), (0, 5), (11, 5), (8, 6), (0, 11), (3, 12), (9, 7), (8, 11), (9, 4), (9, 10), (0, 7), (10, 5), (1, 2), (10, 11), (0, 13), (2, 13), (6, 7), (8, 1), (8, 7), (10, 4), (10, 7), (1, 4), (2, 3), (1, 7), (2, 6)])"
14,30,128,23.196452140808105,28.65587615966797,"(Vertices: [0, 1, 2, 3, 4, 5, 6, 7, 8, 9, 10, 11, 12, 13]) -- (Edges: [(3, 4), (3, 7), (9, 2), (8, 9), (0, 5), (10, 3), (11, 5), (9, 11), (2, 5), (1, 3), (2, 11), (0, 11), (8, 2), (8, 5), (10, 2), (0, 1), (10, 5), (0, 4), (2, 7), (2, 10), (2, 13), (6, 7), (3, 11), (8, 4), (8, 7), (10, 4), (11, 3), (11, 6), (2, 3), (1, 7)])"
15,43,1,0.1418154239654541,0.45015811920166016,"(Vertices: [0, 1, 2, 3, 4, 5, 6, 7, 8, 9, 10, 11, 12, 13, 14]) -- (Edges: [(3, 4), (4, 6), (12, 13), (9, 2), (8, 0), (8, 3), (10, 6), (10, 3), (1, 6), (0, 8), (9, 11), (0, 11), (12, 6), (5, 6), (3, 6), (4, 14), (8, 2), (11, 4), (8, 5), (8, 11), (10, 2), (0, 7), (11, 7), (1, 2), (1, 5), (1, 11), (0, 13), (2, 10), (6, 7), (3, 11), (3, 14), (8, 4), (8, 1), (5, 14), (9, 6), (11, 3), (0, 9), (10, 7), (9, 12), (0, 6), (11, 12), (1, 7), (2, 6)])"
15,37,182,12.944140434265137,49.98988437652588,"(Vertices: [0, 1, 2, 3, 4, 5, 6, 7, 8, 9, 10, 11, 12, 13, 14]) -- (Edges: [(3, 7), (14, 7), (12, 13), (9, 5), (8, 9), (9, 14), (1, 6), (2, 11), (1, 3), (1, 9), (2, 14), (1, 12), (13, 14), (9, 1), (11, 4), (8, 5), (8, 11), (0, 1), (2, 4), (1, 2), (10, 5), (10, 11), (2, 7), (1, 5), (10, 14), (11, 13), (1, 14), (12, 5), (4, 7), (3, 5), (3, 14), (0, 3), (10, 7), (1, 13), (2, 6), (2, 12), (13, 6)])"
5,3,1,0.07151651382446289,1.1761722564697266,"(Vertices: [0, 1, 2, 3, 4]) -- (Edges: [(0, 1), (0, 4), (1, 4)])"
5,3,6,0.06841564178466797,0.2652463912963867,"(Vertices: [0, 1, 2, 3, 4]) -- (Edges: [(0, 1), (1, 2), (1, 3)])"
6,2,1,0.03908562660217285,0.1256847381591797,"(Vertices: [0, 1, 2, 3, 4, 5]) -- (Edges: [(0, 2), (0, 5)])"
6,7,8,0.1510603427886963,0.5646095275878906,"(Vertices: [0, 1, 2, 3, 4, 5]) -- (Edges: [(2, 4), (0, 4), (0, 2), (4, 5), (2, 5), (1, 3), (3, 5)])"
7,5,1,0.0465245246887207,0.14930152893066406,"(Vertices: [0, 1, 2, 3, 4, 5, 6]) -- (Edges: [(0, 4), (0, 3), (4, 5), (2, 5), (3, 5)])"
7,4,12,0.17410659790039062,0.4657745361328125,"(Vertices: [0, 1, 2, 3, 4, 5, 6]) -- (Edges: [(0, 1), (1, 2), (1, 3), (3, 4)])"
8,5,1,0.05524444580078125,0.15831661224365234,"(Vertices: [0, 1, 2, 3, 4, 5, 6, 7]) -- (Edges: [(1, 2), (0, 2), (2, 6), (3, 6), (1, 3)])"
8,10,16,0.34728479385375977,1.3589773178100586,"(Vertices: [0, 1, 2, 3, 4, 5, 6, 7]) -- (Edges: [(1, 2), (1, 5), (5, 7), (0, 6), (2, 3), (0, 2), (1, 7), (2, 6), (1, 6), (1, 3)])"
9,11,1,0.06359434127807617,0.20090961456298828,"(Vertices: [0, 1, 2, 3, 4, 5, 6, 7, 8]) -- (Edges: [(0, 1), (3, 7), (0, 3), (4, 6), (1, 4), (5, 7), (2, 3), (6, 7), (4, 5), (5, 6), (1, 3)])"
9,15,23,0.6638088226318359,2.695779800415039,"(Vertices: [0, 1, 2, 3, 4, 5, 6, 7, 8]) -- (Edges: [(1, 2), (8, 4), (3, 4), (8, 1), (3, 7), (4, 6), (8, 0), (8, 5), (6, 7), (0, 2), (2, 6), (5, 6), (0, 8), (2, 5), (4, 7)])"
10,17,1,0.06669998168945312,0.24345016479492188,"(Vertices: [0, 1, 2, 3, 4, 5, 6, 7, 8, 9]) -- (Edges: [(0, 7), (2, 4), (1, 2), (8, 4), (3, 4), (1, 5), (0, 9), (9, 2), (5, 7), (2, 3), (9, 5), (1, 7), (2, 6), (0, 5), (1, 3), (8, 5), (9, 4)])"
10,13,32,0.8351669311523438,3.318145751953125,"(Vertices: [0, 1, 2, 3, 4, 5, 6, 7, 8, 9]) -- (Edges: [(3, 4), (2, 7), (4, 6), (0, 9), (5, 7), (1, 7), (8, 9), (5, 6), (8, 2), (9, 1), (1, 9), (3, 5), (9, 4)])"
11,9,1,0.05467700958251953,0.18920612335205078,"(Vertices: [0, 1, 2, 3, 4, 5, 6, 7, 8, 9, 10]) -- (Edges: [(2, 7), (2, 10), (4, 6), (0, 9), (9, 6), (2, 3), (10, 6), (8, 6), (10, 2)])"
11,20,46,2.044826030731201,7.122325897216797,"(Vertices: [0, 1, 2, 3, 4, 5, 6, 7, 8, 9, 10]) -- (Edges: [(3, 7), (9, 2), (8, 3), (10, 6), (8, 6), (2, 5), (1, 3), (1, 9), (5, 6), (8, 2), (9, 1), (8, 5), (10, 5), (2, 7), (8, 7), (0, 3), (10, 7), (1, 4), (1, 7), (1, 10)])"
12,22,1,0.08828926086425781,0.28470516204833984,"(Vertices: [0, 1, 2, 3, 4, 5, 6, 7, 8, 9, 10, 11]) -- (Edges: [(8, 0), (9, 5), (8, 3), (8, 9), (10, 3), (0, 8), (2, 11), (5, 6), (3, 6), (10, 2), (10, 5), (1, 2), (2, 10), (6, 7), (3, 5), (8, 4), (0, 3), (0, 9), (10, 7), (8, 10), (11, 6), (1, 7)])"
12,26,64,3.9912774562835693,12.634424209594727,"(Vertices: [0, 1, 2, 3, 4, 5, 6, 7, 8, 9, 10, 11]) -- (Edges: [(0, 2), (8, 9), (10, 6), (11, 5), (9, 11), (2, 5), (2, 11), (1, 9), (5, 6), (3, 6), (9, 1), (11, 4), (10, 2), (9, 10), (2, 4), (10, 11), (1, 5), (1, 11), (2, 10), (3, 5), (3, 11), (8, 1), (8, 7), (11, 3), (0, 6), (2, 3)])"
13,32,1,0.10484671592712402,0.3525123596191406,"(Vertices: [0, 1, 2, 3, 4, 5, 6, 7, 8, 9, 10, 11, 12]) -- (Edges: [(12, 4), (12, 7), (4, 6), (4, 12), (5, 7), (9, 5), (8, 9), (0, 5), (9, 11), (1, 3), (0, 11), (4, 5), (3, 6), (11, 4), (8, 5), (8, 11), (10, 2), (0, 7), (11, 7), (2, 7), (2, 10), (4, 7), (3, 11), (9, 3), (8, 1), (8, 7), (10, 4), (0, 3), (11, 3), (8, 10), (0, 6), (0, 12)])"
13,29,91,9.823506116867065,19.71702766418457,"(Vertices: [0, 1, 2, 3, 4, 5, 6, 7, 8, 9, 10, 11, 12]) -- (Edges: [(12, 4), (12, 7), (3, 4), (4, 6), (4, 12), (9, 2), (5, 7), (0, 2), (8, 9), (10, 6), (8, 12), (2, 5), (2, 11), (4, 5), (3, 12), (8, 5), (0, 7), (2, 4), (1, 2), (11, 7), (3, 5), (8, 1), (8, 7), (9, 6), (0, 3), (10, 7), (1, 4), (2, 6), (1, 10)])"
14,28,1,0.09787106513977051,0.33992671966552734,"(Vertices: [0, 1, 2, 3, 4, 5, 6, 7, 8, 9, 10, 11, 12, 13]) -- (Edges: [(12, 13), (5, 7), (0, 2), (8, 3), (10, 6), (8, 6), (8, 12), (2, 5), (5, 6), (8, 5), (11, 4), (8, 11), (10, 5), (10, 11), (0, 4), (0, 10), (9, 13), (12, 5), (3, 11), (4, 13), (8, 7), (11, 3), (0, 9), (2, 3), (8, 13), (1, 7), (11, 12), (2, 6)])"
14,25,128,14.948092460632324,23.966439247131348,"(Vertices: [0, 1, 2, 3, 4, 5, 6, 7, 8, 9, 10, 11, 12, 13]) -- (Edges: [(12, 7), (3, 4), (3, 7), (8, 0), (10, 6), (10, 3), (0, 8), (2, 5), (1, 3), (2, 11), (0, 11), (1, 12), (5, 6), (3, 6), (11, 4), (8, 11), (10, 11), (9, 13), (3, 5), (8, 4), (8, 7), (0, 9), (0, 6), (0, 12), (2, 6)])"
15,36,1,0.11881828308105469,0.3965950012207031,"(Vertices: [0, 1, 2, 3, 4, 5, 6, 7, 8, 9, 10, 11, 12, 13, 14]) -- (Edges: [(12, 4), (3, 7), (14, 7), (4, 6), (4, 12), (5, 13), (9, 11), (13, 5), (1, 12), (13, 14), (4, 5), (12, 6), (5, 6), (4, 14), (8, 5), (0, 1), (10, 5), (1, 2), (9, 13), (2, 7), (1, 5), (13, 7), (11, 13), (12, 5), (4, 7), (12, 14), (9, 3), (0, 3), (0, 9), (8, 10), (1, 4), (8, 13), (11, 12), (1, 13), (2, 6), (2, 12)])"
15,41,182,14.657776832580566,55.3453893661499,"(Vertices: [0, 1, 2, 3, 4, 5, 6, 7, 8, 9, 10, 11, 12, 13, 14]) -- (Edges: [(12, 4), (14, 7), (4, 12), (9, 2), (5, 7), (8, 0), (3, 13), (11, 5), (0, 8), (2, 5), (0, 14), (1, 3), (2, 11), (1, 12), (6, 14), (14, 6), (5, 6), (9, 7), (11, 4), (8, 11), (0, 1), (9, 10), (2, 4), (1, 2), (8, 14), (1, 11), (1, 14), (2, 13), (12, 5), (3, 5), (12, 14), (3, 14), (5, 14), (8, 7), (9, 6), (9, 12), (8, 10), (10, 13), (1, 7), (2, 6), (1, 10)])"
5,3,1,0.07591938972473145,1.1743688583374023,"(Vertices: [0, 1, 2, 3, 4]) -- (Edges: [(0, 1), (0, 2), (3, 4)])"
5,3,6,0.17653369903564453,0.5546131134033203,"(Vertices: [0, 1, 2, 3, 4]) -- (Edges: [(1, 3), (1, 2), (0, 4)])"
6,10,1,0.07667922973632812,0.1948680877685547,"(Vertices: [0, 1, 2, 3, 4, 5]) -- (Edges: [(0, 1), (1, 2), (1, 5), (0, 3), (1, 4), (2, 3), (0, 2), (4, 5), (0, 5), (1, 3)])"
6,3,8,0.1712932586669922,0.448638916015625,"(Vertices: [0, 1, 2, 3, 4, 5]) -- (Edges: [(0, 1), (3, 5), (1, 4)])"
7,5,1,0.05278277397155762,0.14893817901611328,"(Vertices: [0, 1, 2, 3, 4, 5, 6]) -- (Edges: [(1, 5), (0, 3), (1, 4), (0, 6), (2, 6)])"
7,10,12,0.26152801513671875,1.1092462539672852,"(Vertices: [0, 1, 2, 3, 4, 5, 6]) -- (Edges: [(1, 2), (0, 4), (1, 5), (4, 6), (0, 6), (0, 2), (4, 5), (2, 6), (5, 6), (1, 6)])"
8,6,1,0.056771278381347656,0.16133403778076172,"(Vertices: [0, 1, 2, 3, 4, 5, 6, 7]) -- (Edges: [(0, 1), (0, 3), (4, 5), (2, 6), (3, 6), (2, 5)])"
8,12,16,0.37716197967529297,1.576960563659668,"(Vertices: [0, 1, 2, 3, 4, 5, 6, 7]) -- (Edges: [(0, 1), (0, 7), (3, 4), (1, 5), (0, 3), (5, 7), (0, 2), (1, 7), (5, 6), (0, 5), (1, 6), (3, 5)])"
9,13,1,0.06683874130249023,0.21412086486816406,"(Vertices: [0, 1, 2, 3, 4, 5, 6, 7, 8]) -- (Edges: [(2, 4), (8, 4), (5, 7), (8, 0), (2, 3), (6, 7), (1, 7), (0, 2), (0, 5), (8, 6), (1, 6), (0, 8), (2, 5)])"
9,11,23,0.5022802352905273,1.9868545532226562,"(Vertices: [0, 1, 2, 3, 4, 5, 6, 7, 8]) -- (Edges: [(3, 4), (1, 5), (3, 7), (5, 7), (0, 6), (2, 3), (8, 3), (4, 5), (5, 6), (0, 5), (1, 3)])"
10,16,1,0.1543443202972412,0.2597818374633789,"(Vertices: [0, 1, 2, 3, 4, 5, 6, 7, 8, 9]) -- (Edges: [(0, 1), (2, 4), (0, 4), (9, 3), (9, 6), (0, 3), (9, 2), (5, 7), (2, 3), (6, 7), (1, 7), (8, 3), (8, 9), (0, 5), (1, 6), (1, 3)])"
10,17,32,1.0873465538024902,4.230280876159668,"(Vertices: [0, 1, 2, 3, 4, 5, 6, 7, 8, 9]) -- (Edges: [(1, 2), (3, 4), (2, 7), (8, 1), (8, 7), (3, 7), (0, 9), (1, 4), (2, 3), (4, 7), (4, 5), (8, 9), (2, 6), (8, 6), (9, 1), (1, 3), (1, 9)])"
11,12,1,0.05988502502441406,0.2076864242553711,"(Vertices: [0, 1, 2, 3, 4, 5, 6, 7, 8, 9, 10]) -- (Edges: [(0, 1), (0, 7), (0, 10), (8, 1), (1, 5), (10, 4), (9, 6), (0, 9), (9, 2), (1, 4), (8, 2), (4, 7)])"
11,18,46,1.8913066387176514,6.49383544921875,"(Vertices: [0, 1, 2, 3, 4, 5, 6, 7, 8, 9, 10]) -- (Edges: [(2, 4), (8, 4), (2, 7), (8, 1), (10, 4), (0, 3), (9, 2), (8, 0), (9, 5), (0, 2), (2, 6), (1, 10), (10, 3), (1, 6), (0, 8), (2, 5), (9, 7), (8, 2)])"
12,29,1,0.09900379180908203,0.3384990692138672,"(Vertices: [0, 1, 2, 3, 4, 5, 6, 7, 8, 9, 10, 11]) -- (Edges: [(3, 7), (4, 6), (9, 2), (0, 2), (8, 9), (1, 6), (9, 11), (1, 3), (2, 11), (0, 11), (8, 2), (9, 7), (8, 5), (8, 11), (10, 2), (9, 10), (11, 7), (1, 2), (10, 11), (0, 10), (2, 7), (1, 11), (2, 10), (6, 7), (3, 5), (8, 1), (9, 6), (10, 7), (0, 6)])"
12,22,64,3.281400442123413,10.7871675491333,"(Vertices: [0, 1, 2, 3, 4, 5, 6, 7, 8, 9, 10, 11]) -- (Edges: [(8, 0), (8, 3), (10, 6), (9, 11), (0, 8), (1, 9), (3, 6), (9, 1), (9, 7), (10, 2), (0, 4), (0, 10), (1, 5), (2, 10), (6, 7), (4, 7), (3, 5), (3, 11), (11, 3), (8, 10), (10, 7), (2, 6)])"
13,28,1,0.10106563568115234,0.3253002166748047,"(Vertices: [0, 1, 2, 3, 4, 5, 6, 7, 8, 9, 10, 11, 12]) -- (Edges: [(12, 4), (12, 7), (3, 7), (4, 6), (4, 12), (9, 5), (8, 9), (1, 9), (1, 12), (5, 6), (3, 6), (3, 12), (9, 1), (11, 4), (9, 4), (0, 7), (11, 7), (2, 7), (1, 11), (6, 7), (12, 5), (4, 7), (3, 5), (8, 1), (9, 6), (9, 12), (0, 9), (10, 7)])"
13,30,91,8.886238813400269,20.43375301361084,"(Vertices: [0, 1, 2, 3, 4, 5, 6, 7, 8, 9, 10, 11, 12]) -- (Edges: [(5, 7), (8, 0), (0, 2), (8, 3), (8, 12), (9, 11), (0, 8), (2, 5), (1, 3), (2, 11), (12, 6), (8, 2), (11, 4), (8, 5), (0, 1), (0, 7), (10, 5), (0, 4), (0, 10), (6, 7), (12, 5), (3, 11), (8, 4), (9, 3), (8, 7), (10, 4), (11, 3), (11, 6), (2, 3), (2, 6)])"
14,38,1,0.11434316635131836,0.4021892547607422,"(Vertices: [0, 1, 2, 3, 4, 5, 6, 7, 8, 9, 10, 11, 12, 13]) -- (Edges: [(3, 4), (5, 7), (3, 13), (10, 6), (0, 5), (1, 6), (9, 11), (10, 12), (0, 11), (5, 6), (3, 6), (3, 12), (9, 7), (8, 5), (8, 11), (9, 4), (1, 2), (0, 4), (0, 10), (2, 7), (1, 5), (1, 11), (13, 7), (10, 11), (11, 13), (6, 7), (3, 5), (3, 11), (8, 4), (4, 13), (8, 1), (10, 4), (0, 3), (11, 3), (8, 10), (9, 12), (1, 7), (2, 6)])"
14,37,128,107.72146677970886,35.21313762664795,"(Vertices: [0, 1, 2, 3, 4, 5, 6, 7, 8, 9, 10, 11, 12, 13]) -- (Edges: [(3, 4), (3, 7), (9, 5), (0, 5), (10, 12), (12, 6), (3, 12), (8, 2), (11, 4), (8, 5), (9, 4), (10, 2), (11, 7), (2, 4), (1, 2), (10, 5), (0, 10), (2, 7), (13, 7), (1, 11), (9, 13), (2, 10), (11, 13), (2, 13), (6, 7), (4, 7), (3, 5), (3, 11), (8, 1), (9, 6), (11, 3), (1, 4), (11, 6), (1, 7), (1, 13), (2, 6), (1, 10)])"
15,39,1,0.14340925216674805,0.42116451263427734,"(Vertices: [0, 1, 2, 3, 4, 5, 6, 7, 8, 9, 10, 11, 12, 13, 14]) -- (Edges: [(12, 7), (4, 6), (3, 13), (0, 2), (0, 5), (8, 6), (1, 6), (9, 11), (10, 12), (1, 9), (13, 14), (4, 5), (12, 6), (4, 14), (3, 12), (8, 2), (9, 1), (8, 5), (11, 7), (10, 5), (0, 4), (9, 13), (10, 14), (0, 13), (11, 13), (1, 14), (2, 13), (6, 7), (8, 4), (4, 13), (9, 3), (8, 1), (5, 14), (9, 6), (0, 9), (8, 10), (1, 4), (0, 12), (13, 6)])"
15,45,182,16.40144991874695,60.676889419555664,"(Vertices: [0, 1, 2, 3, 4, 5, 6, 7, 8, 9, 10, 11, 12, 13, 14]) -- (Edges: [(12, 7), (3, 7), (4, 6), (12, 13), (9, 2), (5, 7), (5, 13), (9, 5), (0, 5), (8, 6), (8, 12), (9, 14), (2, 11), (1, 9), (13, 5), (13, 14), (6, 14), (14, 6), (4, 5), (3, 6), (4, 14), (9, 1), (9, 4), (11, 7), (1, 2), (0, 4), (0, 10), (13, 7), (0, 13), (12, 5), (3, 11), (3, 14), (9, 3), (8, 7), (10, 4), (0, 3), (0, 9), (11, 3), (1, 4), (0, 6), (2, 3), (8, 10), (8, 13), (10, 13), (2, 12)])"
5,5,1,0.0786435604095459,1.1893062591552734,"(Vertices: [0, 1, 2, 3, 4]) -- (Edges: [(1, 2), (0, 4), (0, 3), (1, 4), (0, 2)])"
5,3,6,0.0717458724975586,0.2662935256958008,"(Vertices: [0, 1, 2, 3, 4]) -- (Edges: [(0, 2), (1, 2), (0, 4)])"
6,5,1,0.04399752616882324,0.1509389877319336,"(Vertices: [0, 1, 2, 3, 4, 5]) -- (Edges: [(2, 4), (0, 4), (1, 5), (1, 4), (0, 5)])"
6,5,8,0.10722041130065918,0.4396381378173828,"(Vertices: [0, 1, 2, 3, 4, 5]) -- (Edges: [(0, 1), (2, 4), (0, 4), (2, 3), (1, 3)])"
7,5,1,0.05045366287231445,0.14344215393066406,"(Vertices: [0, 1, 2, 3, 4, 5, 6]) -- (Edges: [(0, 4), (4, 6), (0, 3), (5, 6), (2, 5)])"
7,8,12,0.27608370780944824,0.9130001068115234,"(Vertices: [0, 1, 2, 3, 4, 5, 6]) -- (Edges: [(2, 4), (0, 4), (0, 3), (4, 6), (0, 6), (0, 2), (0, 5), (2, 5)])"
8,10,1,0.07475900650024414,0.1993885040283203,"(Vertices: [0, 1, 2, 3, 4, 5, 6, 7]) -- (Edges: [(0, 7), (2, 4), (2, 7), (5, 7), (0, 6), (6, 7), (0, 2), (2, 6), (2, 5), (3, 5)])"
8,9,16,0.299924373626709,1.1931428909301758,"(Vertices: [0, 1, 2, 3, 4, 5, 6, 7]) -- (Edges: [(1, 2), (3, 4), (2, 7), (3, 7), (0, 6), (0, 5), (3, 6), (1, 6), (2, 5)])"
9,13,1,0.058742523193359375,0.21269798278808594,"(Vertices: [0, 1, 2, 3, 4, 5, 6, 7, 8]) -- (Edges: [(0, 7), (0, 4), (3, 4), (2, 7), (0, 3), (2, 3), (6, 7), (8, 3), (4, 5), (2, 6), (5, 6), (8, 2), (4, 7)])"
9,12,23,0.5482113361358643,2.148876190185547,"(Vertices: [0, 1, 2, 3, 4, 5, 6, 7, 8]) -- (Edges: [(1, 5), (8, 1), (3, 7), (0, 3), (4, 6), (5, 7), (8, 3), (5, 6), (3, 6), (1, 6), (2, 5), (8, 5)])"
10,14,1,0.0615086555480957,0.22131633758544922,"(Vertices: [0, 1, 2, 3, 4, 5, 6, 7, 8, 9]) -- (Edges: [(2, 4), (8, 4), (1, 5), (8, 1), (8, 7), (9, 6), (0, 3), (0, 9), (4, 6), (1, 4), (2, 3), (8, 3), (8, 9), (3, 5)])"
10,16,32,1.0355827808380127,4.010353088378906,"(Vertices: [0, 1, 2, 3, 4, 5, 6, 7, 8, 9]) -- (Edges: [(0, 7), (2, 4), (3, 4), (2, 7), (1, 5), (9, 3), (8, 7), (0, 3), (9, 2), (0, 6), (9, 5), (4, 5), (2, 6), (3, 6), (8, 2), (9, 7)])"
11,24,1,0.08056426048278809,0.2986612319946289,"(Vertices: [0, 1, 2, 3, 4, 5, 6, 7, 8, 9, 10]) -- (Edges: [(3, 4), (4, 6), (9, 2), (8, 0), (0, 2), (8, 9), (10, 6), (0, 8), (2, 5), (4, 5), (5, 6), (9, 4), (0, 7), (10, 5), (1, 2), (3, 5), (9, 3), (8, 7), (0, 3), (10, 7), (0, 6), (2, 3), (1, 7), (2, 6)])"
11,16,46,1.5770540237426758,5.643197059631348,"(Vertices: [0, 1, 2, 3, 4, 5, 6, 7, 8, 9, 10]) -- (Edges: [(1, 2), (10, 2), (2, 10), (4, 6), (8, 10), (5, 7), (2, 3), (6, 7), (8, 9), (10, 6), (5, 6), (1, 10), (10, 3), (8, 5), (3, 5), (9, 4)])"
12,21,1,0.08744287490844727,0.2830991744995117,"(Vertices: [0, 1, 2, 3, 4, 5, 6, 7, 8, 9, 10, 11]) -- (Edges: [(9, 5), (8, 9), (10, 6), (11, 5), (8, 6), (1, 6), (2, 11), (1, 9), (0, 11), (5, 6), (9, 1), (10, 11), (1, 5), (1, 11), (3, 5), (3, 11), (8, 4), (11, 3), (10, 7), (2, 3), (2, 6)])"
12,22,64,3.3867640495300293,10.716850280761719,"(Vertices: [0, 1, 2, 3, 4, 5, 6, 7, 8, 9, 10, 11]) -- (Edges: [(9, 2), (8, 0), (8, 9), (9, 11), (0, 8), (2, 11), (1, 3), (1, 9), (3, 6), (8, 2), (9, 1), (0, 7), (2, 4), (1, 2), (0, 4), (1, 5), (9, 3), (8, 10), (10, 7), (1, 4), (11, 6), (2, 6)])"
13,26,1,0.1085660457611084,0.31975746154785156,"(Vertices: [0, 1, 2, 3, 4, 5, 6, 7, 8, 9, 10, 11, 12]) -- (Edges: [(3, 7), (9, 5), (0, 2), (2, 5), (1, 3), (12, 6), (3, 6), (3, 12), (8, 2), (9, 7), (8, 5), (9, 10), (0, 7), (2, 7), (3, 11), (8, 4), (8, 7), (10, 4), (0, 3), (0, 9), (11, 3), (10, 7), (11, 6), (2, 3), (9, 12), (2, 12)])"
13,37,91,21.572890758514404,25.15178394317627,"(Vertices: [0, 1, 2, 3, 4, 5, 6, 7, 8, 9, 10, 11, 12]) -- (Edges: [(12, 7), (9, 2), (8, 0), (0, 2), (10, 6), (11, 5), (8, 6), (8, 12), (1, 6), (0, 8), (9, 11), (0, 11), (12, 6), (3, 6), (8, 2), (11, 4), (8, 11), (10, 2), (0, 1), (11, 7), (2, 4), (10, 5), (9, 10), (0, 10), (2, 10), (12, 5), (4, 7), (3, 5), (3, 11), (8, 4), (8, 1), (0, 3), (0, 9), (11, 3), (1, 4), (11, 6), (0, 12)])"
14,38,1,0.1165013313293457,0.4145212173461914,"(Vertices: [0, 1, 2, 3, 4, 5, 6, 7, 8, 9, 10, 11, 12, 13]) -- (Edges: [(12, 4), (12, 7), (4, 12), (8, 9), (10, 6), (0, 5), (11, 5), (8, 12), (1, 6), (9, 11), (2, 5), (1, 3), (2, 11), (12, 6), (5, 6), (3, 12), (9, 7), (8, 11), (0, 1), (11, 7), (9, 10), (1, 2), (0, 4), (9, 13), (2, 7), (10, 11), (12, 5), (4, 7), (3, 5), (3, 11), (8, 4), (4, 13), (9, 3), (11, 3), (8, 13), (1, 13), (2, 6), (2, 12)])"
14,36,128,74.98163962364197,34.2691535949707,"(Vertices: [0, 1, 2, 3, 4, 5, 6, 7, 8, 9, 10, 11, 12, 13]) -- (Edges: [(12, 7), (3, 7), (5, 7), (9, 5), (0, 2), (8, 3), (0, 5), (10, 3), (8, 6), (1, 6), (9, 11), (5, 6), (3, 12), (9, 7), (10, 2), (9, 4), (0, 4), (0, 10), (0, 13), (2, 10), (2, 13), (12, 5), (4, 7), (3, 5), (4, 13), (8, 1), (9, 6), (0, 3), (8, 10), (1, 4), (11, 6), (2, 3), (8, 13), (11, 12), (1, 13), (13, 6)])"
15,38,1,0.1308271884918213,0.4051961898803711,"(Vertices: [0, 1, 2, 3, 4, 5, 6, 7, 8, 9, 10, 11, 12, 13, 14]) -- (Edges: [(12, 13), (5, 13), (10, 6), (0, 5), (10, 3), (9, 14), (1, 6), (9, 11), (2, 11), (1, 9), (13, 5), (1, 12), (13, 14), (12, 6), (3, 6), (9, 1), (11, 4), (11, 7), (8, 14), (1, 2), (9, 13), (2, 7), (1, 5), (1, 11), (13, 7), (6, 7), (12, 14), (3, 11), (8, 7), (9, 6), (0, 3), (0, 9), (11, 3), (1, 4), (0, 6), (0, 12), (2, 3), (8, 13)])"
15,33,182,11.938571214675903,44.65573310852051,"(Vertices: [0, 1, 2, 3, 4, 5, 6, 7, 8, 9, 10, 11, 12, 13, 14]) -- (Edges: [(12, 7), (4, 6), (12, 13), (5, 7), (9, 5), (10, 6), (8, 6), (9, 11), (1, 3), (10, 12), (0, 11), (1, 12), (13, 14), (4, 5), (3, 6), (8, 5), (10, 2), (9, 4), (8, 14), (10, 11), (10, 14), (0, 13), (2, 10), (11, 13), (1, 14), (3, 5), (3, 14), (8, 1), (0, 3), (11, 6), (2, 3), (1, 7), (1, 13)])"
5,5,1,0.07610297203063965,1.1845331192016602,"(Vertices: [0, 1, 2, 3, 4]) -- (Edges: [(2, 4), (1, 2), (1, 4), (2, 3), (1, 3)])"
5,4,6,0.08974123001098633,0.3130359649658203,"(Vertices: [0, 1, 2, 3, 4]) -- (Edges: [(2, 4), (1, 2), (1, 3), (3, 4)])"
6,5,1,0.048861026763916016,0.15183353424072266,"(Vertices: [0, 1, 2, 3, 4, 5]) -- (Edges: [(1, 2), (0, 4), (1, 5), (0, 5), (1, 3)])"
6,4,8,0.0912177562713623,0.3686075210571289,"(Vertices: [0, 1, 2, 3, 4, 5]) -- (Edges: [(4, 5), (0, 3), (0, 4), (1, 4)])"
7,6,1,0.05092144012451172,0.15198898315429688,"(Vertices: [0, 1, 2, 3, 4, 5, 6]) -- (Edges: [(1, 2), (0, 3), (4, 6), (0, 6), (0, 2), (0, 5)])"
7,7,12,0.2724769115447998,0.7907590866088867,"(Vertices: [0, 1, 2, 3, 4, 5, 6]) -- (Edges: [(0, 1), (3, 4), (4, 5), (5, 6), (3, 6), (2, 5), (1, 3)])"
8,3,1,0.04269266128540039,0.13468265533447266,"(Vertices: [0, 1, 2, 3, 4, 5, 6, 7]) -- (Edges: [(1, 7), (2, 6), (3, 5)])"
8,7,16,0.2411191463470459,0.9671230316162109,"(Vertices: [0, 1, 2, 3, 4, 5, 6, 7]) -- (Edges: [(2, 4), (3, 4), (1, 5), (4, 6), (0, 2), (1, 6), (2, 5)])"
9,16,1,0.06886887550354004,0.23370933532714844,"(Vertices: [0, 1, 2, 3, 4, 5, 6, 7, 8]) -- (Edges: [(0, 1), (0, 7), (1, 5), (8, 1), (3, 7), (0, 3), (1, 4), (5, 7), (6, 7), (0, 2), (8, 3), (2, 6), (2, 5), (1, 3), (4, 7), (3, 5)])"
9,14,23,0.6389076709747314,2.523317337036133,"(Vertices: [0, 1, 2, 3, 4, 5, 6, 7, 8]) -- (Edges: [(0, 1), (0, 7), (3, 4), (2, 7), (3, 7), (0, 3), (0, 2), (4, 5), (2, 6), (0, 5), (2, 5), (1, 3), (4, 7), (3, 5)])"
10,17,1,0.07249021530151367,0.24358272552490234,"(Vertices: [0, 1, 2, 3, 4, 5, 6, 7, 8, 9]) -- (Edges: [(0, 7), (9, 7), (0, 4), (3, 7), (9, 6), (0, 9), (1, 4), (8, 0), (2, 3), (9, 5), (1, 7), (4, 5), (5, 6), (0, 5), (0, 8), (1, 3), (3, 5)])"
10,12,32,0.8158590793609619,3.0746822357177734,"(Vertices: [0, 1, 2, 3, 4, 5, 6, 7, 8, 9]) -- (Edges: [(9, 3), (0, 3), (1, 4), (2, 3), (2, 6), (5, 6), (0, 5), (8, 2), (9, 1), (1, 3), (1, 9), (9, 4)])"
11,20,1,0.07408809661865234,0.27604007720947266,"(Vertices: [0, 1, 2, 3, 4, 5, 6, 7, 8, 9, 10]) -- (Edges: [(8, 0), (9, 5), (0, 2), (8, 3), (8, 9), (0, 8), (5, 6), (8, 2), (9, 7), (8, 5), (9, 4), (0, 1), (0, 7), (2, 4), (6, 7), (8, 7), (9, 6), (0, 3), (0, 9), (10, 7)])"
11,23,46,2.4405176639556885,8.120747566223145,"(Vertices: [0, 1, 2, 3, 4, 5, 6, 7, 8, 9, 10]) -- (Edges: [(3, 4), (3, 7), (4, 6), (9, 2), (0, 2), (8, 3), (2, 5), (4, 5), (3, 6), (8, 2), (9, 7), (10, 2), (0, 1), (0, 7), (10, 5), (1, 5), (2, 10), (6, 7), (9, 3), (10, 4), (0, 3), (0, 6), (2, 6)])"
12,23,1,0.10041594505310059,0.299041748046875,"(Vertices: [0, 1, 2, 3, 4, 5, 6, 7, 8, 9, 10, 11]) -- (Edges: [(3, 7), (4, 6), (9, 2), (5, 7), (8, 3), (10, 3), (2, 11), (0, 11), (9, 7), (11, 4), (9, 4), (0, 1), (0, 7), (2, 4), (10, 5), (1, 11), (6, 7), (3, 11), (10, 4), (11, 3), (0, 9), (2, 3), (2, 6)])"
12,21,64,3.428126573562622,10.232128143310547,"(Vertices: [0, 1, 2, 3, 4, 5, 6, 7, 8, 9, 10, 11]) -- (Edges: [(9, 2), (0, 2), (8, 9), (8, 6), (2, 5), (1, 9), (0, 11), (8, 2), (9, 1), (10, 2), (9, 4), (0, 7), (10, 5), (11, 7), (10, 11), (2, 7), (1, 5), (2, 10), (0, 3), (0, 6), (1, 10)])"
13,29,1,0.10074782371520996,0.34369850158691406,"(Vertices: [0, 1, 2, 3, 4, 5, 6, 7, 8, 9, 10, 11, 12]) -- (Edges: [(12, 7), (8, 0), (11, 5), (1, 6), (0, 8), (2, 5), (2, 11), (5, 6), (8, 5), (8, 11), (0, 1), (0, 10), (1, 5), (1, 11), (12, 5), (4, 7), (3, 5), (8, 4), (9, 3), (8, 7), (10, 4), (9, 6), (9, 12), (0, 9), (1, 4), (11, 6), (0, 12), (2, 12), (1, 10)])"
13,28,91,8.606445789337158,19.078776359558105,"(Vertices: [0, 1, 2, 3, 4, 5, 6, 7, 8, 9, 10, 11, 12]) -- (Edges: [(9, 2), (10, 6), (0, 5), (8, 6), (8, 12), (9, 11), (2, 5), (2, 11), (1, 9), (10, 12), (1, 12), (12, 6), (9, 1), (8, 5), (11, 4), (2, 4), (1, 2), (10, 5), (2, 7), (1, 5), (6, 7), (8, 4), (9, 3), (8, 1), (10, 4), (9, 6), (1, 7), (2, 6)])"
14,36,1,0.12677741050720215,0.38889408111572266,"(Vertices: [0, 1, 2, 3, 4, 5, 6, 7, 8, 9, 10, 11, 12, 13]) -- (Edges: [(3, 4), (12, 13), (9, 2), (5, 13), (3, 13), (9, 5), (8, 6), (1, 6), (2, 5), (13, 5), (1, 12), (4, 5), (3, 6), (8, 2), (9, 7), (8, 11), (9, 4), (10, 2), (0, 4), (0, 10), (2, 7), (0, 13), (2, 10), (11, 13), (3, 11), (8, 4), (9, 3), (8, 7), (0, 3), (11, 3), (10, 7), (9, 12), (10, 13), (2, 3), (2, 12), (1, 10)])"
14,38,128,63.01320958137512,36.14703845977783,"(Vertices: [0, 1, 2, 3, 4, 5, 6, 7, 8, 9, 10, 11, 12, 13]) -- (Edges: [(12, 4), (3, 7), (4, 12), (5, 13), (0, 2), (8, 9), (11, 5), (10, 3), (2, 5), (2, 11), (13, 5), (0, 11), (10, 12), (5, 6), (8, 2), (8, 5), (9, 4), (9, 10), (0, 7), (10, 5), (10, 11), (0, 10), (2, 7), (1, 11), (0, 13), (11, 13), (6, 7), (3, 11), (9, 3), (8, 1), (8, 7), (10, 4), (11, 3), (0, 9), (1, 4), (0, 12), (11, 12), (1, 10)])"
15,37,1,0.14081144332885742,0.4047355651855469,"(Vertices: [0, 1, 2, 3, 4, 5, 6, 7, 8, 9, 10, 11, 12, 13, 14]) -- (Edges: [(8, 0), (5, 13), (0, 2), (8, 6), (8, 12), (9, 14), (9, 11), (0, 8), (0, 14), (13, 5), (10, 12), (8, 2), (10, 2), (9, 10), (10, 5), (8, 14), (0, 10), (1, 5), (13, 7), (0, 13), (2, 10), (2, 13), (6, 7), (12, 5), (12, 14), (3, 11), (8, 7), (11, 3), (0, 9), (10, 7), (1, 4), (8, 13), (11, 12), (1, 7), (2, 6), (13, 6), (1, 10)])"
15,45,182,17.179450750350952,60.70558166503906,"(Vertices: [0, 1, 2, 3, 4, 5, 6, 7, 8, 9, 10, 11, 12, 13, 14]) -- (Edges: [(12, 4), (3, 4), (14, 7), (4, 6), (4, 12), (9, 2), (8, 0), (5, 13), (9, 5), (0, 2), (8, 3), (9, 14), (8, 12), (0, 8), (2, 11), (1, 3), (1, 9), (0, 11), (13, 5), (1, 12), (6, 14), (14, 6), (5, 6), (4, 14), (3, 12), (9, 1), (9, 10), (0, 7), (0, 10), (0, 13), (1, 14), (6, 7), (12, 5), (3, 11), (4, 13), (0, 3), (11, 3), (10, 13), (11, 6), (0, 12), (8, 13), (1, 7), (1, 13), (11, 12), (2, 12)])"
5,5,1,0.07807040214538574,1.1839399337768555,"(Vertices: [0, 1, 2, 3, 4]) -- (Edges: [(1, 2), (0, 4), (3, 4), (2, 3), (1, 3)])"
5,4,6,0.09963583946228027,0.3131294250488281,"(Vertices: [0, 1, 2, 3, 4]) -- (Edges: [(2, 4), (0, 3), (0, 4), (1, 4)])"
6,5,1,0.046916961669921875,0.150146484375,"(Vertices: [0, 1, 2, 3, 4, 5]) -- (Edges: [(3, 4), (1, 5), (2, 3), (4, 5), (3, 5)])"
6,4,8,0.19359230995178223,0.6262121200561523,"(Vertices: [0, 1, 2, 3, 4, 5]) -- (Edges: [(0, 1), (1, 3), (2, 5), (0, 4)])"
7,8,1,0.055118560791015625,0.1787118911743164,"(Vertices: [0, 1, 2, 3, 4, 5, 6]) -- (Edges: [(2, 4), (1, 2), (3, 4), (5, 6), (3, 6), (2, 5), (1, 3), (3, 5)])"
7,6,12,0.17721271514892578,0.7076520919799805,"(Vertices: [0, 1, 2, 3, 4, 5, 6]) -- (Edges: [(1, 2), (0, 3), (2, 3), (4, 5), (0, 5), (2, 5)])"
8,4,1,0.04973244667053223,0.14108562469482422,"(Vertices: [0, 1, 2, 3, 4, 5, 6, 7]) -- (Edges: [(2, 3), (6, 7), (2, 4), (1, 5)])"
8,11,16,0.37297701835632324,1.4647789001464844,"(Vertices: [0, 1, 2, 3, 4, 5, 6, 7]) -- (Edges: [(0, 1), (0, 7), (2, 4), (0, 4), (0, 3), (4, 6), (1, 7), (2, 6), (2, 5), (1, 3), (4, 7)])"
9,12,1,0.06862425804138184,0.19362640380859375,"(Vertices: [0, 1, 2, 3, 4, 5, 6, 7, 8]) -- (Edges: [(2, 4), (2, 7), (8, 1), (1, 5), (8, 7), (4, 6), (0, 6), (6, 7), (4, 5), (0, 5), (1, 3), (8, 5)])"
9,15,23,0.7324004173278809,2.683420181274414,"(Vertices: [0, 1, 2, 3, 4, 5, 6, 7, 8]) -- (Edges: [(0, 1), (2, 4), (8, 4), (8, 1), (3, 7), (4, 6), (1, 4), (8, 0), (6, 7), (4, 5), (5, 6), (8, 6), (0, 8), (8, 5), (3, 5)])"
10,13,1,0.06653857231140137,0.22359466552734375,"(Vertices: [0, 1, 2, 3, 4, 5, 6, 7, 8, 9]) -- (Edges: [(1, 2), (3, 4), (9, 3), (8, 1), (8, 7), (3, 7), (0, 3), (4, 6), (4, 5), (2, 6), (5, 6), (2, 5), (9, 4)])"
10,15,32,0.9452743530273438,3.724675178527832,"(Vertices: [0, 1, 2, 3, 4, 5, 6, 7, 8, 9]) -- (Edges: [(0, 1), (0, 7), (1, 2), (8, 7), (9, 4), (9, 6), (8, 0), (9, 5), (1, 7), (8, 3), (2, 6), (8, 6), (1, 6), (0, 8), (8, 2)])"
11,23,1,0.0858907699584961,0.29177093505859375,"(Vertices: [0, 1, 2, 3, 4, 5, 6, 7, 8, 9, 10]) -- (Edges: [(3, 7), (9, 2), (5, 7), (8, 0), (9, 5), (8, 9), (10, 6), (10, 3), (0, 8), (2, 5), (1, 3), (1, 9), (3, 6), (8, 2), (9, 1), (9, 4), (0, 7), (2, 7), (8, 1), (8, 7), (0, 9), (2, 6), (1, 10)])"
11,23,46,2.518872022628784,8.263446807861328,"(Vertices: [0, 1, 2, 3, 4, 5, 6, 7, 8, 9, 10]) -- (Edges: [(3, 4), (4, 6), (8, 0), (0, 5), (1, 6), (0, 8), (1, 3), (5, 6), (3, 6), (8, 2), (9, 4), (0, 1), (2, 4), (1, 2), (0, 10), (2, 7), (8, 4), (9, 3), (8, 7), (10, 4), (10, 7), (0, 6), (2, 3)])"
12,18,1,0.07608675956726074,0.2575645446777344,"(Vertices: [0, 1, 2, 3, 4, 5, 6, 7, 8, 9, 10, 11]) -- (Edges: [(0, 1), (2, 4), (0, 4), (3, 4), (0, 3), (11, 3), (4, 6), (9, 5), (1, 7), (8, 9), (2, 6), (11, 5), (8, 6), (9, 1), (2, 11), (1, 9), (0, 11), (3, 11)])"
12,29,64,5.054709434509277,14.03381061553955,"(Vertices: [0, 1, 2, 3, 4, 5, 6, 7, 8, 9, 10, 11]) -- (Edges: [(3, 4), (9, 2), (5, 7), (8, 0), (0, 2), (8, 3), (11, 5), (9, 11), (0, 8), (2, 5), (1, 9), (9, 1), (8, 11), (9, 4), (0, 1), (0, 7), (2, 4), (0, 10), (2, 7), (4, 7), (3, 11), (9, 3), (8, 1), (11, 3), (1, 4), (11, 6), (2, 3), (2, 6), (1, 10)])"
13,31,1,0.10885214805603027,0.35407161712646484,"(Vertices: [0, 1, 2, 3, 4, 5, 6, 7, 8, 9, 10, 11, 12]) -- (Edges: [(12, 4), (3, 7), (4, 12), (8, 0), (9, 5), (1, 6), (0, 8), (9, 11), (1, 3), (10, 12), (4, 5), (5, 6), (10, 2), (0, 7), (2, 4), (1, 2), (0, 4), (1, 5), (1, 11), (2, 10), (6, 7), (3, 5), (3, 11), (8, 1), (8, 7), (9, 6), (0, 3), (11, 3), (8, 10), (0, 6), (2, 12)])"
13,37,91,13.517630577087402,25.192583084106445,"(Vertices: [0, 1, 2, 3, 4, 5, 6, 7, 8, 9, 10, 11, 12]) -- (Edges: [(3, 4), (3, 7), (4, 6), (5, 7), (9, 5), (8, 3), (0, 5), (1, 3), (2, 11), (1, 12), (4, 5), (12, 6), (5, 6), (3, 6), (11, 4), (8, 11), (10, 2), (9, 10), (10, 11), (0, 4), (0, 10), (2, 7), (2, 10), (12, 5), (3, 5), (3, 11), (8, 4), (9, 3), (8, 7), (10, 4), (0, 3), (11, 3), (10, 7), (9, 12), (0, 6), (2, 3), (11, 12)])"
14,31,1,0.10684418678283691,0.3477764129638672,"(Vertices: [0, 1, 2, 3, 4, 5, 6, 7, 8, 9, 10, 11, 12, 13]) -- (Edges: [(3, 4), (9, 2), (5, 13), (3, 13), (8, 12), (1, 6), (2, 11), (1, 9), (13, 5), (5, 6), (9, 1), (9, 7), (8, 5), (11, 4), (8, 11), (2, 4), (10, 11), (1, 5), (0, 13), (6, 7), (8, 4), (4, 13), (9, 6), (0, 3), (0, 9), (10, 7), (1, 4), (0, 6), (0, 12), (9, 12), (2, 6)])"
14,35,128,88.70033001899719,33.33488368988037,"(Vertices: [0, 1, 2, 3, 4, 5, 6, 7, 8, 9, 10, 11, 12, 13]) -- (Edges: [(12, 13), (9, 2), (8, 0), (5, 13), (8, 3), (8, 9), (10, 6), (8, 6), (0, 8), (1, 3), (1, 9), (13, 5), (1, 12), (5, 6), (3, 6), (9, 1), (8, 5), (9, 10), (10, 5), (0, 4), (0, 10), (2, 7), (9, 13), (1, 11), (0, 13), (3, 5), (3, 11), (8, 4), (8, 1), (11, 3), (9, 12), (8, 13), (11, 12), (1, 7), (2, 6)])"
15,32,1,0.11539006233215332,0.36674022674560547,"(Vertices: [0, 1, 2, 3, 4, 5, 6, 7, 8, 9, 10, 11, 12, 13, 14]) -- (Edges: [(0, 5), (10, 3), (11, 5), (9, 11), (2, 5), (2, 14), (4, 5), (12, 6), (5, 6), (8, 2), (11, 4), (0, 1), (0, 7), (10, 5), (11, 7), (8, 14), (10, 11), (0, 13), (2, 13), (6, 7), (3, 5), (9, 3), (9, 6), (1, 4), (0, 6), (2, 3), (8, 13), (10, 13), (1, 13), (2, 6), (13, 6), (11, 12)])"
15,35,182,12.522197008132935,47.33411979675293,"(Vertices: [0, 1, 2, 3, 4, 5, 6, 7, 8, 9, 10, 11, 12, 13, 14]) -- (Edges: [(3, 4), (8, 0), (9, 5), (8, 9), (0, 5), (1, 6), (0, 8), (2, 5), (2, 11), (12, 6), (5, 6), (9, 7), (11, 4), (10, 2), (0, 1), (0, 7), (10, 5), (9, 13), (13, 7), (1, 11), (0, 13), (2, 10), (11, 13), (1, 14), (2, 13), (6, 7), (8, 4), (4, 13), (9, 3), (0, 9), (8, 10), (0, 6), (0, 12), (11, 6), (2, 12)])"
5,3,1,0.07073736190795898,1.1757164001464844,"(Vertices: [0, 1, 2, 3, 4]) -- (Edges: [(2, 3), (0, 2), (0, 4)])"
5,3,6,0.07299327850341797,0.2680940628051758,"(Vertices: [0, 1, 2, 3, 4]) -- (Edges: [(0, 1), (0, 2), (1, 4)])"
6,5,1,0.0465855598449707,0.15249061584472656,"(Vertices: [0, 1, 2, 3, 4, 5]) -- (Edges: [(0, 1), (1, 5), (0, 2), (4, 5), (1, 3)])"
6,6,8,0.1258559226989746,0.5002145767211914,"(Vertices: [0, 1, 2, 3, 4, 5]) -- (Edges: [(2, 4), (3, 4), (1, 5), (0, 3), (1, 3), (3, 5)])"
7,6,1,0.05021476745605469,0.15453720092773438,"(Vertices: [0, 1, 2, 3, 4, 5, 6]) -- (Edges: [(2, 4), (0, 4), (1, 5), (1, 4), (2, 3), (3, 6)])"
7,4,12,0.2786076068878174,0.6837987899780273,"(Vertices: [0, 1, 2, 3, 4, 5, 6]) -- (Edges: [(2, 3), (5, 6), (0, 4), (3, 4)])"
8,8,1,0.05628252029418945,0.1863689422607422,"(Vertices: [0, 1, 2, 3, 4, 5, 6, 7]) -- (Edges: [(0, 4), (3, 4), (3, 7), (0, 6), (2, 3), (1, 7), (3, 6), (1, 6)])"
8,7,16,0.23730778694152832,0.9948358535766602,"(Vertices: [0, 1, 2, 3, 4, 5, 6, 7]) -- (Edges: [(1, 2), (1, 5), (0, 3), (4, 6), (5, 7), (0, 5), (3, 6)])"
9,11,1,0.06403708457946777,0.19607067108154297,"(Vertices: [0, 1, 2, 3, 4, 5, 6, 7, 8]) -- (Edges: [(0, 7), (1, 2), (0, 4), (2, 7), (8, 7), (4, 6), (2, 3), (6, 7), (0, 2), (2, 5), (1, 3)])"
9,11,23,0.5184390544891357,2.0214614868164062,"(Vertices: [0, 1, 2, 3, 4, 5, 6, 7, 8]) -- (Edges: [(0, 7), (1, 2), (1, 5), (8, 7), (0, 3), (1, 4), (8, 3), (4, 5), (3, 6), (1, 3), (4, 7)])"
10,10,1,0.05696582794189453,0.19320392608642578,"(Vertices: [0, 1, 2, 3, 4, 5, 6, 7, 8, 9]) -- (Edges: [(0, 7), (0, 4), (0, 9), (1, 4), (5, 7), (2, 3), (6, 7), (1, 7), (9, 1), (1, 9)])"
10,22,32,1.451733112335205,5.44288444519043,"(Vertices: [0, 1, 2, 3, 4, 5, 6, 7, 8, 9]) -- (Edges: [(3, 7), (4, 6), (9, 2), (8, 0), (8, 6), (0, 8), (2, 5), (1, 3), (5, 6), (8, 2), (0, 1), (2, 4), (0, 4), (2, 7), (1, 5), (3, 5), (8, 4), (9, 3), (8, 1), (8, 7), (9, 6), (2, 3)])"
11,15,1,0.07359862327575684,0.22523975372314453,"(Vertices: [0, 1, 2, 3, 4, 5, 6, 7, 8, 9, 10]) -- (Edges: [(9, 10), (0, 7), (2, 4), (1, 5), (8, 1), (8, 7), (0, 3), (4, 6), (8, 10), (10, 6), (3, 6), (8, 6), (10, 3), (1, 6), (8, 5)])"
11,20,46,2.0243537425994873,7.184711456298828,"(Vertices: [0, 1, 2, 3, 4, 5, 6, 7, 8, 9, 10]) -- (Edges: [(9, 2), (5, 7), (8, 0), (9, 5), (8, 3), (10, 6), (0, 5), (1, 6), (0, 8), (9, 7), (9, 4), (0, 1), (9, 10), (10, 5), (9, 3), (9, 6), (8, 10), (10, 7), (1, 4), (2, 3)])"
12,20,1,0.08645272254943848,0.27356910705566406,"(Vertices: [0, 1, 2, 3, 4, 5, 6, 7, 8, 9, 10, 11]) -- (Edges: [(3, 7), (9, 5), (0, 2), (10, 6), (0, 5), (11, 5), (2, 5), (0, 11), (4, 5), (9, 7), (10, 2), (0, 1), (0, 10), (2, 7), (1, 5), (1, 11), (2, 10), (8, 1), (0, 9), (1, 7)])"
12,25,64,4.01470685005188,12.145695686340332,"(Vertices: [0, 1, 2, 3, 4, 5, 6, 7, 8, 9, 10, 11]) -- (Edges: [(5, 7), (8, 0), (11, 5), (10, 3), (9, 11), (0, 8), (1, 3), (1, 9), (0, 11), (4, 5), (3, 6), (8, 2), (9, 1), (8, 5), (0, 1), (0, 7), (1, 11), (3, 5), (8, 1), (8, 7), (10, 4), (9, 6), (0, 9), (1, 4), (11, 6)])"
13,32,1,0.1351935863494873,0.3660306930541992,"(Vertices: [0, 1, 2, 3, 4, 5, 6, 7, 8, 9, 10, 11, 12]) -- (Edges: [(12, 4), (4, 6), (4, 12), (0, 2), (8, 9), (10, 3), (8, 12), (9, 11), (2, 5), (1, 12), (9, 7), (11, 4), (8, 5), (9, 10), (1, 5), (12, 5), (4, 7), (3, 11), (8, 4), (9, 3), (8, 1), (8, 7), (10, 4), (11, 3), (8, 10), (1, 4), (0, 6), (2, 3), (11, 6), (11, 12), (2, 6), (1, 10)])"
13,29,91,8.22505784034729,19.74980068206787,"(Vertices: [0, 1, 2, 3, 4, 5, 6, 7, 8, 9, 10, 11, 12]) -- (Edges: [(8, 3), (8, 9), (0, 5), (8, 6), (8, 12), (2, 5), (2, 11), (10, 12), (0, 11), (12, 6), (5, 6), (3, 6), (9, 7), (8, 5), (8, 11), (9, 4), (0, 1), (2, 4), (1, 2), (0, 4), (10, 11), (1, 11), (8, 7), (0, 3), (9, 12), (1, 4), (0, 6), (0, 12), (2, 3)])"
14,30,1,0.10621380805969238,0.3584327697753906,"(Vertices: [0, 1, 2, 3, 4, 5, 6, 7, 8, 9, 10, 11, 12, 13]) -- (Edges: [(12, 7), (3, 4), (9, 2), (3, 13), (8, 9), (8, 6), (2, 5), (2, 11), (10, 12), (5, 6), (3, 6), (8, 2), (11, 4), (10, 2), (9, 10), (0, 7), (0, 4), (0, 10), (11, 13), (2, 10), (12, 5), (3, 11), (8, 4), (9, 3), (8, 7), (9, 6), (11, 3), (10, 13), (11, 6), (13, 6)])"
14,47,128,330.04991579055786,44.72561550140381,"(Vertices: [0, 1, 2, 3, 4, 5, 6, 7, 8, 9, 10, 11, 12, 13]) -- (Edges: [(3, 4), (12, 13), (9, 2), (8, 0), (5, 13), (3, 13), (8, 3), (10, 6), (11, 5), (10, 3), (1, 6), (0, 8), (2, 5), (2, 11), (1, 9), (13, 5), (10, 12), (1, 12), (12, 6), (5, 6), (3, 6), (3, 12), (9, 1), (9, 7), (10, 2), (9, 4), (0, 7), (2, 4), (1, 2), (0, 4), (0, 10), (11, 7), (0, 13), (2, 10), (2, 13), (4, 7), (3, 5), (8, 4), (10, 4), (8, 10), (10, 7), (1, 4), (11, 6), (0, 12), (10, 13), (1, 13), (1, 10)])"
15,27,1,0.0999295711517334,0.3351469039916992,"(Vertices: [0, 1, 2, 3, 4, 5, 6, 7, 8, 9, 10, 11, 12, 13, 14]) -- (Edges: [(4, 6), (3, 13), (11, 5), (10, 3), (8, 6), (8, 12), (2, 5), (10, 12), (3, 12), (9, 7), (9, 4), (9, 10), (0, 7), (0, 4), (11, 13), (1, 14), (4, 7), (3, 5), (3, 14), (8, 4), (4, 13), (9, 3), (8, 10), (10, 13), (0, 6), (2, 12), (13, 6)])"
15,39,182,13.772369146347046,52.675543785095215,"(Vertices: [0, 1, 2, 3, 4, 5, 6, 7, 8, 9, 10, 11, 12, 13, 14]) -- (Edges: [(3, 4), (3, 7), (14, 7), (5, 7), (5, 13), (8, 3), (11, 5), (10, 3), (8, 12), (1, 6), (2, 5), (2, 11), (0, 14), (1, 3), (1, 9), (13, 5), (1, 12), (4, 14), (9, 1), (8, 11), (9, 4), (0, 7), (2, 4), (1, 2), (9, 13), (10, 11), (10, 14), (0, 13), (2, 13), (4, 7), (4, 13), (5, 14), (10, 4), (9, 6), (8, 7), (10, 13), (11, 6), (8, 13), (13, 6)])"
5,3,1,0.07434535026550293,1.1764192581176758,"(Vertices: [0, 1, 2, 3, 4]) -- (Edges: [(2, 4), (0, 3), (1, 4)])"
5,5,6,0.0947260856628418,0.35081005096435547,"(Vertices: [0, 1, 2, 3, 4]) -- (Edges: [(0, 1), (3, 4), (0, 3), (2, 3), (0, 2)])"
6,5,1,0.04366707801818848,0.14982986450195312,"(Vertices: [0, 1, 2, 3, 4, 5]) -- (Edges: [(0, 1), (2, 4), (0, 4), (3, 4), (1, 5)])"
6,6,8,0.11971378326416016,0.48964405059814453,"(Vertices: [0, 1, 2, 3, 4, 5]) -- (Edges: [(1, 5), (0, 2), (0, 5), (2, 5), (1, 3), (3, 5)])"
7,7,1,0.05050063133239746,0.16732311248779297,"(Vertices: [0, 1, 2, 3, 4, 5, 6]) -- (Edges: [(2, 4), (0, 4), (1, 4), (0, 6), (2, 6), (1, 6), (1, 3)])"
7,6,12,0.18001008033752441,0.7057952880859375,"(Vertices: [0, 1, 2, 3, 4, 5, 6]) -- (Edges: [(0, 3), (2, 6), (5, 6), (1, 6), (2, 5), (3, 5)])"
8,12,1,0.05690145492553711,0.20121479034423828,"(Vertices: [0, 1, 2, 3, 4, 5, 6, 7]) -- (Edges: [(0, 4), (2, 7), (0, 3), (4, 6), (1, 4), (5, 7), (2, 3), (6, 7), (1, 7), (3, 6), (1, 6), (2, 5)])"
8,14,16,0.4457981586456299,1.825953483581543,"(Vertices: [0, 1, 2, 3, 4, 5, 6, 7]) -- (Edges: [(0, 1), (1, 5), (3, 7), (0, 3), (4, 6), (0, 6), (2, 3), (0, 2), (2, 6), (5, 6), (3, 6), (1, 6), (4, 7), (3, 5)])"
9,9,1,0.05645465850830078,0.18832015991210938,"(Vertices: [0, 1, 2, 3, 4, 5, 6, 7, 8]) -- (Edges: [(0, 1), (0, 4), (3, 4), (5, 7), (8, 0), (6, 7), (1, 7), (0, 8), (1, 3)])"
9,13,23,0.5799691677093506,2.3298845291137695,"(Vertices: [0, 1, 2, 3, 4, 5, 6, 7, 8]) -- (Edges: [(0, 1), (2, 4), (2, 7), (8, 1), (8, 7), (0, 3), (4, 6), (6, 7), (0, 2), (4, 5), (0, 5), (2, 5), (1, 3)])"
10,12,1,0.11874914169311523,0.21556377410888672,"(Vertices: [0, 1, 2, 3, 4, 5, 6, 7, 8, 9]) -- (Edges: [(2, 4), (3, 4), (2, 7), (8, 1), (8, 7), (1, 4), (5, 7), (9, 5), (8, 3), (2, 5), (1, 3), (9, 4)])"
10,12,32,0.7709684371948242,3.0580310821533203,"(Vertices: [0, 1, 2, 3, 4, 5, 6, 7, 8, 9]) -- (Edges: [(1, 2), (9, 3), (9, 1), (9, 5), (1, 7), (4, 5), (0, 5), (8, 6), (1, 6), (2, 5), (1, 9), (3, 5)])"
11,12,1,0.06749796867370605,0.2099323272705078,"(Vertices: [0, 1, 2, 3, 4, 5, 6, 7, 8, 9, 10]) -- (Edges: [(1, 2), (10, 2), (0, 10), (2, 10), (9, 6), (0, 9), (9, 5), (10, 6), (5, 6), (0, 5), (8, 6), (3, 5)])"
11,15,46,1.4399864673614502,5.373292922973633,"(Vertices: [0, 1, 2, 3, 4, 5, 6, 7, 8, 9, 10]) -- (Edges: [(0, 7), (10, 5), (1, 2), (0, 10), (8, 1), (9, 6), (0, 9), (1, 4), (1, 7), (10, 6), (5, 6), (1, 10), (8, 6), (1, 6), (8, 2)])"
12,22,1,0.08370709419250488,0.2851581573486328,"(Vertices: [0, 1, 2, 3, 4, 5, 6, 7, 8, 9, 10, 11]) -- (Edges: [(4, 6), (5, 7), (0, 2), (0, 5), (8, 6), (2, 5), (4, 5), (3, 6), (8, 5), (8, 11), (2, 4), (1, 2), (0, 10), (1, 11), (4, 7), (3, 11), (9, 3), (10, 4), (11, 3), (0, 6), (11, 6), (1, 10)])"
12,23,64,3.5221736431121826,11.206158638000488,"(Vertices: [0, 1, 2, 3, 4, 5, 6, 7, 8, 9, 10, 11]) -- (Edges: [(9, 2), (10, 6), (0, 5), (11, 5), (8, 6), (2, 11), (0, 11), (5, 6), (8, 2), (9, 7), (8, 11), (9, 4), (10, 11), (2, 7), (1, 11), (9, 3), (8, 7), (10, 4), (9, 6), (0, 3), (0, 6), (2, 3), (1, 10)])"
13,29,1,0.10036158561706543,0.34244537353515625,"(Vertices: [0, 1, 2, 3, 4, 5, 6, 7, 8, 9, 10, 11, 12]) -- (Edges: [(12, 4), (3, 4), (3, 7), (4, 12), (8, 0), (10, 6), (8, 12), (0, 8), (2, 5), (12, 6), (3, 6), (11, 4), (8, 11), (10, 2), (2, 4), (10, 5), (10, 11), (1, 11), (2, 10), (6, 7), (3, 5), (8, 7), (9, 6), (0, 3), (8, 10), (9, 12), (1, 4), (0, 6), (1, 10)])"
13,24,91,6.154141664505005,16.365175247192383,"(Vertices: [0, 1, 2, 3, 4, 5, 6, 7, 8, 9, 10, 11, 12]) -- (Edges: [(3, 4), (5, 7), (8, 3), (8, 6), (2, 11), (1, 9), (3, 12), (9, 1), (11, 4), (10, 2), (9, 4), (9, 10), (2, 4), (10, 11), (0, 10), (2, 10), (12, 5), (3, 5), (8, 4), (8, 1), (9, 12), (0, 12), (2, 6), (2, 12)])"
14,36,1,0.12232851982116699,0.39635181427001953,"(Vertices: [0, 1, 2, 3, 4, 5, 6, 7, 8, 9, 10, 11, 12, 13]) -- (Edges: [(3, 4), (3, 7), (4, 6), (9, 2), (5, 13), (0, 5), (8, 6), (8, 12), (1, 6), (13, 5), (10, 12), (5, 6), (3, 12), (8, 2), (9, 7), (11, 4), (8, 5), (9, 4), (0, 1), (0, 7), (2, 4), (11, 7), (10, 11), (13, 7), (4, 13), (9, 3), (8, 1), (10, 4), (9, 12), (0, 9), (11, 6), (0, 12), (8, 13), (1, 7), (13, 6), (1, 10)])"
14,33,128,114.98880386352539,31.436806678771973,"(Vertices: [0, 1, 2, 3, 4, 5, 6, 7, 8, 9, 10, 11, 12, 13]) -- (Edges: [(3, 4), (3, 7), (5, 7), (3, 13), (0, 2), (11, 5), (10, 3), (8, 6), (1, 6), (2, 11), (10, 12), (0, 11), (4, 5), (5, 6), (3, 6), (8, 11), (9, 4), (0, 1), (9, 10), (10, 5), (10, 2), (1, 5), (1, 11), (2, 10), (8, 4), (10, 4), (0, 9), (1, 4), (0, 6), (0, 12), (8, 13), (10, 13), (1, 13)])"
15,43,1,0.1463472843170166,0.4442453384399414,"(Vertices: [0, 1, 2, 3, 4, 5, 6, 7, 8, 9, 10, 11, 12, 13, 14]) -- (Edges: [(3, 4), (14, 7), (4, 6), (12, 13), (5, 7), (9, 5), (10, 6), (11, 5), (10, 3), (9, 14), (1, 6), (9, 11), (0, 14), (2, 14), (1, 12), (8, 2), (9, 7), (8, 5), (8, 11), (0, 7), (2, 4), (11, 7), (10, 11), (0, 10), (1, 5), (1, 11), (0, 13), (13, 7), (11, 13), (1, 14), (3, 11), (9, 3), (5, 14), (11, 3), (0, 9), (10, 7), (1, 4), (11, 6), (2, 3), (8, 10), (9, 12), (2, 12), (1, 10)])"
15,32,182,11.662012100219727,43.28301239013672,"(Vertices: [0, 1, 2, 3, 4, 5, 6, 7, 8, 9, 10, 11, 12, 13, 14]) -- (Edges: [(3, 7), (4, 6), (5, 7), (5, 13), (0, 2), (0, 5), (10, 3), (9, 11), (0, 14), (13, 5), (1, 9), (11, 14), (2, 14), (13, 14), (4, 5), (4, 14), (3, 12), (9, 1), (11, 4), (8, 5), (9, 10), (0, 4), (0, 10), (11, 13), (6, 7), (12, 14), (0, 3), (1, 4), (1, 7), (2, 6), (2, 12), (1, 10)])"
5,2,1,0.0689089298248291,1.1682634353637695,"(Vertices: [0, 1, 2, 3, 4]) -- (Edges: [(0, 4), (1, 4)])"
5,4,6,0.07747435569763184,0.31785011291503906,"(Vertices: [0, 1, 2, 3, 4]) -- (Edges: [(0, 2), (0, 3), (0, 4), (1, 4)])"
6,2,1,0.04284977912902832,0.12607479095458984,"(Vertices: [0, 1, 2, 3, 4, 5]) -- (Edges: [(2, 4), (0, 5)])"
6,4,8,0.18571829795837402,0.5725622177124023,"(Vertices: [0, 1, 2, 3, 4, 5]) -- (Edges: [(1, 2), (0, 3), (0, 4), (0, 5)])"
7,7,1,0.051947593688964844,0.1678638458251953,"(Vertices: [0, 1, 2, 3, 4, 5, 6]) -- (Edges: [(1, 2), (1, 4), (0, 6), (2, 6), (3, 6), (2, 5), (3, 5)])"
7,8,12,0.21855473518371582,0.9069643020629883,"(Vertices: [0, 1, 2, 3, 4, 5, 6]) -- (Edges: [(2, 4), (0, 4), (1, 5), (0, 3), (0, 6), (4, 5), (0, 5), (3, 6)])"
8,6,1,0.050200462341308594,0.1579723358154297,"(Vertices: [0, 1, 2, 3, 4, 5, 6, 7]) -- (Edges: [(0, 1), (0, 7), (3, 4), (2, 7), (4, 6), (0, 5)])"
8,11,16,0.3504829406738281,1.456019401550293,"(Vertices: [0, 1, 2, 3, 4, 5, 6, 7]) -- (Edges: [(0, 7), (2, 7), (1, 5), (4, 6), (5, 7), (0, 6), (6, 7), (4, 5), (2, 6), (1, 6), (4, 7)])"
9,8,1,0.05064582824707031,0.1742849349975586,"(Vertices: [0, 1, 2, 3, 4, 5, 6, 7, 8]) -- (Edges: [(4, 6), (2, 3), (6, 7), (0, 2), (4, 5), (5, 6), (0, 5), (4, 7)])"
9,12,23,0.5430440902709961,2.158902168273926,"(Vertices: [0, 1, 2, 3, 4, 5, 6, 7, 8]) -- (Edges: [(8, 4), (2, 7), (8, 7), (4, 6), (1, 4), (6, 7), (4, 5), (5, 6), (0, 5), (8, 2), (2, 5), (8, 5)])"
10,17,1,0.06882286071777344,0.23931884765625,"(Vertices: [0, 1, 2, 3, 4, 5, 6, 7, 8, 9]) -- (Edges: [(0, 7), (8, 7), (3, 7), (9, 6), (0, 3), (0, 6), (8, 5), (6, 7), (4, 5), (2, 6), (5, 6), (0, 5), (8, 6), (9, 1), (9, 7), (1, 9), (9, 4)])"
10,18,32,1.1488137245178223,4.479636192321777,"(Vertices: [0, 1, 2, 3, 4, 5, 6, 7, 8, 9]) -- (Edges: [(2, 4), (1, 2), (0, 4), (3, 4), (9, 3), (0, 3), (4, 6), (1, 4), (5, 7), (8, 0), (8, 3), (8, 9), (2, 6), (0, 5), (1, 6), (0, 8), (1, 3), (8, 5)])"
11,21,1,0.07308292388916016,0.2787017822265625,"(Vertices: [0, 1, 2, 3, 4, 5, 6, 7, 8, 9, 10]) -- (Edges: [(3, 7), (8, 9), (0, 5), (10, 3), (1, 6), (2, 5), (1, 3), (1, 9), (5, 6), (8, 2), (9, 1), (9, 7), (8, 5), (9, 4), (0, 1), (0, 7), (0, 10), (6, 7), (4, 7), (8, 7), (2, 6)])"
11,16,46,1.6027321815490723,5.731193542480469,"(Vertices: [0, 1, 2, 3, 4, 5, 6, 7, 8, 9, 10]) -- (Edges: [(0, 1), (2, 7), (9, 3), (3, 7), (9, 6), (4, 6), (0, 9), (2, 3), (8, 3), (4, 5), (10, 6), (0, 5), (3, 6), (10, 3), (3, 5), (9, 4)])"
12,30,1,0.09819579124450684,0.3410987854003906,"(Vertices: [0, 1, 2, 3, 4, 5, 6, 7, 8, 9, 10, 11]) -- (Edges: [(3, 4), (8, 3), (8, 9), (0, 5), (10, 3), (8, 6), (1, 6), (1, 3), (0, 11), (4, 5), (5, 6), (3, 6), (8, 2), (9, 7), (9, 4), (9, 10), (0, 7), (2, 4), (10, 11), (0, 4), (0, 10), (6, 7), (4, 7), (3, 11), (9, 3), (11, 3), (0, 9), (10, 7), (1, 4), (0, 6)])"
12,24,64,3.425105094909668,11.670673370361328,"(Vertices: [0, 1, 2, 3, 4, 5, 6, 7, 8, 9, 10, 11]) -- (Edges: [(3, 7), (9, 5), (0, 2), (8, 9), (9, 11), (1, 3), (8, 2), (9, 7), (10, 2), (2, 4), (1, 2), (10, 11), (1, 5), (2, 10), (4, 7), (3, 5), (9, 3), (8, 1), (8, 7), (0, 3), (8, 10), (10, 7), (2, 3), (1, 7)])"
13,32,1,0.11612510681152344,0.36568355560302734,"(Vertices: [0, 1, 2, 3, 4, 5, 6, 7, 8, 9, 10, 11, 12]) -- (Edges: [(3, 7), (4, 6), (9, 2), (8, 0), (8, 9), (9, 11), (0, 8), (2, 11), (1, 9), (5, 6), (3, 12), (9, 1), (11, 4), (8, 5), (8, 11), (9, 10), (10, 2), (2, 4), (1, 2), (0, 10), (1, 5), (1, 11), (2, 10), (12, 5), (8, 1), (8, 7), (10, 7), (0, 6), (11, 12), (1, 7), (2, 6), (1, 10)])"
13,27,91,6.274818420410156,18.487911224365234,"(Vertices: [0, 1, 2, 3, 4, 5, 6, 7, 8, 9, 10, 11, 12]) -- (Edges: [(4, 6), (8, 3), (0, 5), (11, 5), (8, 12), (1, 3), (10, 12), (0, 11), (4, 5), (12, 6), (5, 6), (3, 6), (8, 2), (11, 4), (9, 4), (10, 5), (0, 10), (2, 7), (1, 5), (1, 11), (3, 5), (9, 3), (9, 12), (8, 10), (10, 7), (11, 6), (2, 6)])"
14,30,1,0.09134483337402344,0.3508596420288086,"(Vertices: [0, 1, 2, 3, 4, 5, 6, 7, 8, 9, 10, 11, 12, 13]) -- (Edges: [(8, 0), (3, 13), (0, 2), (8, 3), (10, 6), (8, 9), (1, 6), (0, 8), (2, 5), (9, 11), (5, 6), (8, 2), (11, 4), (0, 7), (2, 4), (10, 11), (0, 4), (9, 13), (2, 7), (13, 7), (2, 13), (3, 5), (4, 13), (9, 3), (9, 12), (10, 7), (11, 6), (2, 3), (8, 13), (2, 6)])"
14,40,128,108.64558553695679,38.01307392120361,"(Vertices: [0, 1, 2, 3, 4, 5, 6, 7, 8, 9, 10, 11, 12, 13]) -- (Edges: [(12, 7), (4, 6), (9, 2), (8, 0), (9, 5), (8, 9), (10, 6), (0, 5), (11, 5), (8, 6), (1, 6), (0, 8), (8, 12), (0, 11), (5, 6), (11, 4), (10, 2), (9, 4), (10, 5), (9, 13), (0, 10), (1, 5), (13, 7), (0, 13), (2, 10), (12, 5), (3, 11), (8, 1), (8, 7), (11, 3), (9, 12), (1, 4), (11, 6), (0, 12), (2, 3), (1, 7), (8, 13), (10, 13), (11, 12), (1, 10)])"
15,36,1,0.12382984161376953,0.38846778869628906,"(Vertices: [0, 1, 2, 3, 4, 5, 6, 7, 8, 9, 10, 11, 12, 13, 14]) -- (Edges: [(12, 4), (4, 12), (9, 2), (5, 7), (8, 0), (5, 13), (9, 5), (8, 3), (8, 9), (10, 3), (0, 8), (13, 5), (13, 14), (3, 6), (8, 2), (8, 5), (9, 10), (0, 7), (10, 5), (8, 14), (1, 5), (0, 13), (11, 13), (6, 7), (3, 14), (8, 4), (9, 3), (8, 7), (10, 4), (9, 6), (10, 7), (1, 4), (1, 7), (1, 13), (2, 12), (1, 10)])"
15,32,182,11.63686752319336,43.33012676239014,"(Vertices: [0, 1, 2, 3, 4, 5, 6, 7, 8, 9, 10, 11, 12, 13, 14]) -- (Edges: [(12, 4), (12, 7), (3, 7), (4, 12), (9, 2), (5, 7), (9, 5), (8, 3), (9, 11), (11, 14), (1, 12), (4, 5), (8, 5), (9, 4), (10, 5), (13, 7), (1, 11), (0, 13), (11, 13), (6, 7), (4, 7), (3, 11), (3, 14), (4, 13), (9, 6), (11, 3), (8, 10), (10, 7), (0, 6), (1, 7), (13, 6), (1, 10)])"
5,3,1,0.0763704776763916,1.1740655899047852,"(Vertices: [0, 1, 2, 3, 4]) -- (Edges: [(1, 2), (3, 4), (1, 4)])"
5,5,6,0.09632635116577148,0.3548107147216797,"(Vertices: [0, 1, 2, 3, 4]) -- (Edges: [(2, 4), (3, 4), (0, 3), (1, 4), (2, 3)])"
6,4,1,0.044681549072265625,0.14036178588867188,"(Vertices: [0, 1, 2, 3, 4, 5]) -- (Edges: [(2, 3), (4, 5), (0, 3), (1, 3)])"
6,6,8,0.13476324081420898,0.48908329010009766,"(Vertices: [0, 1, 2, 3, 4, 5]) -- (Edges: [(0, 1), (0, 4), (1, 5), (0, 3), (1, 4), (2, 3)])"
7,8,1,0.05438876152038574,0.1790771484375,"(Vertices: [0, 1, 2, 3, 4, 5, 6]) -- (Edges: [(4, 6), (1, 4), (4, 5), (2, 6), (3, 6), (1, 6), (2, 5), (3, 5)])"
7,6,12,0.17936444282531738,0.7119665145874023,"(Vertices: [0, 1, 2, 3, 4, 5, 6]) -- (Edges: [(2, 4), (1, 5), (1, 4), (2, 3), (2, 6), (5, 6)])"
8,10,1,0.05846118927001953,0.19260597229003906,"(Vertices: [0, 1, 2, 3, 4, 5, 6, 7]) -- (Edges: [(0, 7), (2, 4), (0, 4), (2, 7), (1, 4), (0, 6), (2, 3), (1, 7), (0, 5), (4, 7)])"
8,10,16,0.35317015647888184,1.3175773620605469,"(Vertices: [0, 1, 2, 3, 4, 5, 6, 7]) -- (Edges: [(0, 1), (3, 4), (0, 3), (4, 6), (5, 7), (0, 6), (0, 2), (1, 7), (1, 3), (3, 5)])"
9,14,1,0.07019758224487305,0.2235107421875,"(Vertices: [0, 1, 2, 3, 4, 5, 6, 7, 8]) -- (Edges: [(0, 1), (8, 1), (0, 3), (4, 6), (5, 7), (0, 6), (2, 3), (1, 7), (8, 3), (2, 6), (5, 6), (0, 5), (1, 6), (3, 5)])"
9,14,23,0.6613044738769531,2.5376901626586914,"(Vertices: [0, 1, 2, 3, 4, 5, 6, 7, 8]) -- (Edges: [(0, 1), (2, 4), (0, 4), (1, 5), (0, 3), (8, 0), (1, 7), (4, 5), (2, 6), (5, 6), (1, 6), (0, 8), (1, 3), (3, 5)])"
10,17,1,0.06902408599853516,0.24072837829589844,"(Vertices: [0, 1, 2, 3, 4, 5, 6, 7, 8, 9]) -- (Edges: [(0, 7), (3, 4), (9, 3), (8, 1), (6, 7), (1, 7), (8, 3), (4, 5), (8, 9), (0, 5), (3, 6), (8, 6), (1, 6), (2, 5), (8, 5), (3, 5), (8, 2)])"
10,15,32,0.9583573341369629,3.7533340454101562,"(Vertices: [0, 1, 2, 3, 4, 5, 6, 7, 8, 9]) -- (Edges: [(0, 1), (2, 4), (1, 2), (8, 1), (4, 6), (5, 7), (9, 5), (1, 7), (8, 3), (8, 9), (0, 5), (1, 6), (1, 3), (8, 5), (3, 5)])"
11,14,1,0.06714034080505371,0.21451473236083984,"(Vertices: [0, 1, 2, 3, 4, 5, 6, 7, 8, 9, 10]) -- (Edges: [(0, 1), (1, 2), (9, 2), (1, 4), (2, 3), (9, 5), (8, 3), (6, 7), (2, 6), (1, 10), (8, 2), (4, 7), (3, 5), (9, 4)])"
11,18,46,1.8465120792388916,6.4154052734375,"(Vertices: [0, 1, 2, 3, 4, 5, 6, 7, 8, 9, 10]) -- (Edges: [(2, 4), (1, 2), (10, 5), (2, 7), (9, 3), (8, 7), (3, 7), (9, 1), (0, 3), (8, 0), (1, 7), (8, 3), (2, 6), (8, 9), (8, 2), (0, 8), (2, 5), (1, 9)])"
12,24,1,0.09648561477661133,0.29668331146240234,"(Vertices: [0, 1, 2, 3, 4, 5, 6, 7, 8, 9, 10, 11]) -- (Edges: [(3, 4), (8, 0), (8, 3), (11, 5), (8, 6), (9, 11), (0, 8), (0, 11), (4, 5), (5, 6), (8, 2), (0, 7), (2, 4), (1, 2), (2, 7), (1, 5), (1, 11), (4, 7), (8, 4), (8, 7), (0, 9), (0, 6), (2, 3), (2, 6)])"
12,26,64,4.163513660430908,12.653844833374023,"(Vertices: [0, 1, 2, 3, 4, 5, 6, 7, 8, 9, 10, 11]) -- (Edges: [(3, 7), (4, 6), (8, 0), (0, 2), (10, 6), (10, 3), (1, 6), (0, 8), (2, 5), (1, 3), (1, 9), (4, 5), (8, 2), (9, 1), (8, 5), (11, 4), (9, 4), (9, 10), (10, 5), (1, 2), (0, 10), (6, 7), (8, 1), (8, 7), (0, 9), (2, 6)])"
13,27,1,0.10508561134338379,0.32640552520751953,"(Vertices: [0, 1, 2, 3, 4, 5, 6, 7, 8, 9, 10, 11, 12]) -- (Edges: [(4, 6), (5, 7), (0, 2), (8, 3), (10, 6), (8, 9), (8, 12), (9, 11), (1, 3), (1, 9), (0, 11), (12, 6), (3, 12), (9, 1), (0, 1), (10, 11), (0, 4), (6, 7), (3, 11), (8, 4), (10, 4), (11, 3), (8, 10), (10, 7), (11, 6), (11, 12), (1, 10)])"
13,29,91,7.931890249252319,19.746545791625977,"(Vertices: [0, 1, 2, 3, 4, 5, 6, 7, 8, 9, 10, 11, 12]) -- (Edges: [(3, 4), (8, 0), (8, 9), (8, 6), (10, 3), (8, 12), (9, 11), (0, 8), (2, 5), (1, 3), (10, 12), (0, 11), (1, 12), (3, 12), (11, 4), (10, 2), (9, 4), (0, 7), (10, 5), (2, 7), (1, 5), (2, 10), (6, 7), (12, 5), (9, 6), (10, 7), (1, 4), (1, 7), (1, 10)])"
14,36,1,0.11706304550170898,0.38585853576660156,"(Vertices: [0, 1, 2, 3, 4, 5, 6, 7, 8, 9, 10, 11, 12, 13]) -- (Edges: [(3, 4), (4, 6), (12, 13), (8, 0), (10, 6), (0, 5), (10, 3), (8, 6), (1, 6), (0, 8), (2, 11), (1, 12), (5, 6), (8, 5), (8, 11), (9, 4), (10, 2), (0, 7), (11, 7), (1, 2), (10, 11), (0, 10), (1, 5), (1, 11), (2, 10), (2, 13), (8, 4), (9, 3), (1, 4), (0, 6), (2, 3), (8, 13), (10, 13), (1, 13), (2, 6), (11, 12)])"
14,30,128,22.547152280807495,28.59168529510498,"(Vertices: [0, 1, 2, 3, 4, 5, 6, 7, 8, 9, 10, 11, 12, 13]) -- (Edges: [(4, 6), (3, 13), (0, 2), (8, 9), (10, 6), (0, 5), (10, 3), (11, 5), (8, 6), (8, 12), (9, 11), (1, 3), (4, 5), (12, 6), (10, 2), (9, 4), (1, 2), (9, 13), (0, 10), (13, 7), (2, 10), (12, 5), (4, 7), (4, 13), (8, 1), (10, 4), (11, 6), (8, 13), (11, 12), (1, 10)])"
15,38,1,0.11992144584655762,0.4158744812011719,"(Vertices: [0, 1, 2, 3, 4, 5, 6, 7, 8, 9, 10, 11, 12, 13, 14]) -- (Edges: [(14, 7), (4, 6), (5, 7), (11, 5), (9, 14), (1, 6), (9, 11), (2, 5), (2, 11), (11, 14), (13, 14), (12, 6), (5, 6), (9, 7), (11, 4), (8, 5), (9, 4), (0, 1), (0, 7), (1, 2), (9, 13), (2, 7), (1, 5), (1, 11), (11, 13), (4, 7), (4, 13), (9, 3), (8, 1), (5, 14), (10, 4), (0, 3), (8, 10), (10, 7), (1, 4), (10, 13), (0, 12), (1, 13)])"
15,40,182,14.665509700775146,53.9874267578125,"(Vertices: [0, 1, 2, 3, 4, 5, 6, 7, 8, 9, 10, 11, 12, 13, 14]) -- (Edges: [(12, 4), (3, 7), (4, 12), (8, 0), (3, 13), (0, 2), (8, 12), (0, 8), (0, 14), (2, 11), (1, 9), (0, 11), (6, 14), (14, 6), (5, 6), (4, 14), (3, 12), (9, 1), (11, 4), (0, 1), (0, 7), (8, 14), (10, 14), (1, 11), (1, 14), (2, 13), (3, 5), (3, 11), (4, 13), (11, 3), (0, 9), (10, 7), (1, 4), (0, 6), (2, 3), (10, 13), (1, 7), (2, 12), (1, 10), (13, 6)])"
5,3,1,0.07605981826782227,1.1770553588867188,"(Vertices: [0, 1, 2, 3, 4]) -- (Edges: [(2, 3), (0, 4), (1, 4)])"
5,4,6,0.0815730094909668,0.3137989044189453,"(Vertices: [0, 1, 2, 3, 4]) -- (Edges: [(0, 2), (1, 2), (2, 4), (3, 4)])"
6,3,1,0.05269908905029297,0.1323843002319336,"(Vertices: [0, 1, 2, 3, 4, 5]) -- (Edges: [(4, 5), (1, 4), (0, 5)])"
6,6,8,0.12089729309082031,0.49278736114501953,"(Vertices: [0, 1, 2, 3, 4, 5]) -- (Edges: [(2, 4), (0, 4), (3, 4), (1, 4), (4, 5), (0, 5)])"
7,9,1,0.05408287048339844,0.18735027313232422,"(Vertices: [0, 1, 2, 3, 4, 5, 6]) -- (Edges: [(2, 4), (0, 4), (1, 5), (0, 2), (0, 5), (3, 6), (1, 6), (2, 5), (3, 5)])"
7,5,12,0.22376608848571777,0.5951061248779297,"(Vertices: [0, 1, 2, 3, 4, 5, 6]) -- (Edges: [(1, 2), (3, 4), (1, 4), (1, 6), (3, 5)])"
8,6,1,0.05095505714416504,0.16335773468017578,"(Vertices: [0, 1, 2, 3, 4, 5, 6, 7]) -- (Edges: [(1, 2), (5, 7), (4, 5), (5, 6), (3, 6), (1, 6)])"
8,7,16,0.261218786239624,0.9646663665771484,"(Vertices: [0, 1, 2, 3, 4, 5, 6, 7]) -- (Edges: [(0, 4), (1, 5), (4, 6), (2, 3), (1, 7), (2, 6), (1, 6)])"
9,13,1,0.07297539710998535,0.20702743530273438,"(Vertices: [0, 1, 2, 3, 4, 5, 6, 7, 8]) -- (Edges: [(0, 7), (2, 4), (1, 5), (3, 7), (0, 3), (4, 6), (5, 7), (0, 6), (0, 2), (2, 6), (5, 6), (0, 5), (3, 6)])"
9,11,23,0.5245852470397949,2.0135879516601562,"(Vertices: [0, 1, 2, 3, 4, 5, 6, 7, 8]) -- (Edges: [(0, 4), (3, 7), (2, 3), (6, 7), (4, 5), (2, 6), (5, 6), (0, 5), (3, 6), (1, 6), (2, 5)])"
10,18,1,0.07385587692260742,0.24274349212646484,"(Vertices: [0, 1, 2, 3, 4, 5, 6, 7, 8, 9]) -- (Edges: [(0, 7), (8, 4), (3, 4), (9, 3), (1, 5), (8, 7), (9, 6), (0, 3), (4, 6), (6, 7), (8, 3), (8, 9), (2, 6), (0, 5), (3, 6), (8, 6), (1, 3), (3, 5)])"
10,16,32,1.0472662448883057,4.119786262512207,"(Vertices: [0, 1, 2, 3, 4, 5, 6, 7, 8, 9]) -- (Edges: [(0, 7), (2, 4), (9, 7), (8, 4), (3, 4), (9, 3), (3, 7), (9, 6), (0, 9), (9, 5), (0, 2), (5, 6), (3, 6), (8, 2), (1, 3), (4, 7)])"
11,21,1,0.07807588577270508,0.27173805236816406,"(Vertices: [0, 1, 2, 3, 4, 5, 6, 7, 8, 9, 10]) -- (Edges: [(3, 7), (4, 6), (8, 0), (9, 5), (10, 6), (0, 5), (8, 6), (1, 6), (0, 8), (5, 6), (3, 6), (9, 7), (8, 5), (9, 4), (1, 2), (0, 4), (0, 10), (6, 7), (10, 4), (8, 10), (2, 6)])"
11,11,46,1.0543437004089355,4.072261810302734,"(Vertices: [0, 1, 2, 3, 4, 5, 6, 7, 8, 9, 10]) -- (Edges: [(8, 4), (3, 4), (2, 7), (9, 3), (8, 7), (0, 9), (1, 4), (0, 6), (1, 7), (8, 9), (1, 6)])"
12,27,1,0.09441924095153809,0.3185138702392578,"(Vertices: [0, 1, 2, 3, 4, 5, 6, 7, 8, 9, 10, 11]) -- (Edges: [(3, 7), (9, 2), (5, 7), (9, 5), (8, 3), (10, 6), (9, 11), (2, 5), (2, 11), (0, 11), (4, 5), (3, 6), (8, 11), (10, 2), (0, 1), (10, 5), (1, 2), (10, 11), (2, 7), (1, 11), (2, 10), (6, 7), (9, 3), (0, 9), (10, 7), (11, 6), (2, 6)])"
12,23,64,3.7511069774627686,11.302871704101562,"(Vertices: [0, 1, 2, 3, 4, 5, 6, 7, 8, 9, 10, 11]) -- (Edges: [(3, 4), (3, 7), (8, 3), (10, 6), (0, 5), (8, 6), (1, 6), (2, 11), (1, 9), (0, 11), (5, 6), (9, 1), (11, 4), (9, 4), (2, 4), (1, 11), (4, 7), (3, 5), (8, 1), (10, 4), (8, 10), (1, 4), (2, 6)])"
13,30,1,0.10044693946838379,0.3502025604248047,"(Vertices: [0, 1, 2, 3, 4, 5, 6, 7, 8, 9, 10, 11, 12]) -- (Edges: [(9, 2), (9, 5), (0, 2), (8, 3), (0, 5), (10, 3), (8, 6), (1, 3), (2, 11), (0, 11), (5, 6), (3, 12), (9, 7), (8, 11), (9, 4), (10, 2), (10, 5), (10, 11), (2, 7), (1, 5), (2, 10), (3, 5), (9, 3), (8, 1), (0, 9), (10, 7), (0, 6), (0, 12), (2, 3), (2, 12)])"
13,35,91,13.193792343139648,23.81827163696289,"(Vertices: [0, 1, 2, 3, 4, 5, 6, 7, 8, 9, 10, 11, 12]) -- (Edges: [(3, 4), (8, 0), (9, 5), (0, 2), (0, 5), (10, 3), (8, 12), (0, 8), (1, 9), (0, 11), (4, 5), (9, 1), (8, 11), (9, 4), (0, 1), (0, 7), (10, 5), (11, 7), (0, 4), (10, 11), (1, 5), (1, 11), (3, 5), (3, 11), (8, 7), (0, 3), (0, 9), (11, 3), (1, 4), (0, 6), (10, 7), (8, 10), (1, 7), (9, 12), (2, 6)])"
14,35,1,0.11603283882141113,0.3903818130493164,"(Vertices: [0, 1, 2, 3, 4, 5, 6, 7, 8, 9, 10, 11, 12, 13]) -- (Edges: [(12, 4), (3, 7), (4, 12), (5, 7), (8, 0), (5, 13), (8, 9), (0, 5), (1, 6), (0, 8), (13, 5), (1, 9), (1, 12), (4, 5), (9, 1), (10, 2), (0, 7), (10, 5), (1, 2), (9, 13), (1, 5), (1, 11), (0, 13), (2, 10), (12, 5), (8, 4), (9, 3), (8, 1), (8, 7), (1, 4), (0, 6), (0, 12), (2, 3), (1, 13), (1, 10)])"
14,38,128,21.896146535873413,36.13866710662842,"(Vertices: [0, 1, 2, 3, 4, 5, 6, 7, 8, 9, 10, 11, 12, 13]) -- (Edges: [(3, 7), (12, 13), (8, 0), (5, 13), (8, 3), (8, 9), (10, 6), (8, 6), (0, 8), (13, 5), (1, 3), (10, 12), (4, 5), (12, 6), (5, 6), (3, 12), (9, 7), (10, 2), (9, 4), (9, 10), (0, 7), (0, 4), (13, 7), (0, 13), (2, 10), (2, 13), (12, 5), (4, 7), (8, 4), (9, 6), (9, 12), (8, 10), (10, 13), (0, 12), (2, 3), (11, 12), (13, 6), (1, 10)])"
15,42,1,0.12602639198303223,0.44107723236083984,"(Vertices: [0, 1, 2, 3, 4, 5, 6, 7, 8, 9, 10, 11, 12, 13, 14]) -- (Edges: [(12, 7), (3, 7), (14, 7), (12, 13), (5, 7), (8, 0), (9, 5), (8, 3), (8, 9), (10, 6), (11, 5), (10, 3), (0, 8), (10, 12), (0, 11), (1, 12), (6, 14), (14, 6), (4, 5), (12, 6), (5, 6), (8, 2), (8, 5), (9, 4), (0, 7), (8, 14), (13, 7), (1, 11), (0, 13), (1, 14), (3, 5), (3, 11), (12, 14), (3, 14), (4, 13), (10, 4), (9, 6), (11, 3), (9, 12), (10, 7), (2, 12), (1, 10)])"
15,33,182,12.84386682510376,44.6644868850708,"(Vertices: [0, 1, 2, 3, 4, 5, 6, 7, 8, 9, 10, 11, 12, 13, 14]) -- (Edges: [(3, 4), (3, 7), (9, 2), (5, 13), (3, 13), (8, 9), (11, 5), (10, 3), (8, 6), (0, 14), (1, 3), (13, 5), (5, 6), (3, 6), (3, 12), (9, 7), (0, 7), (10, 11), (2, 7), (13, 7), (1, 11), (0, 13), (1, 14), (12, 5), (3, 5), (3, 14), (9, 6), (8, 10), (0, 6), (0, 12), (2, 6), (13, 6), (1, 10)])"
5,2,1,0.08450651168823242,1.1661577224731445,"(Vertices: [0, 1, 2, 3, 4]) -- (Edges: [(2, 4), (3, 4)])"
5,6,6,0.11523199081420898,0.4002389907836914,"(Vertices: [0, 1, 2, 3, 4]) -- (Edges: [(0, 1), (2, 4), (1, 2), (2, 3), (0, 2), (1, 3)])"
6,7,1,0.05521821975708008,0.1655111312866211,"(Vertices: [0, 1, 2, 3, 4, 5]) -- (Edges: [(2, 4), (1, 2), (0, 3), (1, 4), (2, 3), (0, 2), (2, 5)])"
6,6,8,0.1334071159362793,0.48923778533935547,"(Vertices: [0, 1, 2, 3, 4, 5]) -- (Edges: [(1, 2), (0, 4), (1, 4), (2, 3), (4, 5), (2, 5)])"
7,12,1,0.058004140853881836,0.20134639739990234,"(Vertices: [0, 1, 2, 3, 4, 5, 6]) -- (Edges: [(2, 4), (1, 2), (1, 5), (4, 6), (2, 3), (0, 2), (4, 5), (2, 6), (5, 6), (0, 5), (1, 6), (3, 5)])"
7,6,12,0.17736577987670898,0.714268684387207,"(Vertices: [0, 1, 2, 3, 4, 5, 6]) -- (Edges: [(0, 6), (4, 5), (5, 6), (1, 6), (2, 5), (3, 5)])"
8,6,1,0.06074976921081543,0.15732955932617188,"(Vertices: [0, 1, 2, 3, 4, 5, 6, 7]) -- (Edges: [(3, 7), (4, 6), (1, 4), (0, 6), (1, 7), (3, 5)])"
8,9,16,0.30672574043273926,1.1969270706176758,"(Vertices: [0, 1, 2, 3, 4, 5, 6, 7]) -- (Edges: [(0, 7), (3, 4), (1, 5), (2, 3), (0, 2), (4, 5), (5, 6), (0, 5), (1, 6)])"
9,17,1,0.07113957405090332,0.2452068328857422,"(Vertices: [0, 1, 2, 3, 4, 5, 6, 7, 8]) -- (Edges: [(0, 1), (2, 4), (1, 2), (1, 5), (8, 1), (0, 3), (5, 7), (8, 0), (2, 3), (6, 7), (0, 2), (8, 3), (5, 6), (0, 8), (2, 5), (1, 3), (8, 5)])"
9,14,23,0.6338605880737305,2.5249719619750977,"(Vertices: [0, 1, 2, 3, 4, 5, 6, 7, 8]) -- (Edges: [(0, 7), (8, 1), (4, 6), (1, 4), (8, 0), (2, 3), (1, 7), (8, 3), (2, 6), (4, 5), (8, 6), (1, 6), (0, 8), (4, 7)])"
10,11,1,0.0595400333404541,0.20121383666992188,"(Vertices: [0, 1, 2, 3, 4, 5, 6, 7, 8, 9]) -- (Edges: [(0, 7), (2, 4), (9, 7), (1, 5), (4, 6), (2, 3), (2, 6), (5, 6), (1, 3), (8, 5), (3, 5)])"
10,9,32,0.5891740322113037,2.3353652954101562,"(Vertices: [0, 1, 2, 3, 4, 5, 6, 7, 8, 9]) -- (Edges: [(9, 6), (4, 6), (1, 4), (5, 7), (4, 5), (8, 9), (8, 2), (2, 5), (4, 7)])"
11,18,1,0.06994152069091797,0.2524099349975586,"(Vertices: [0, 1, 2, 3, 4, 5, 6, 7, 8, 9, 10]) -- (Edges: [(9, 10), (0, 4), (8, 4), (10, 2), (8, 1), (10, 4), (2, 10), (0, 3), (2, 3), (1, 7), (8, 3), (2, 6), (8, 9), (1, 10), (0, 5), (1, 6), (4, 7), (3, 5)])"
11,19,46,1.8266944885253906,6.743570327758789,"(Vertices: [0, 1, 2, 3, 4, 5, 6, 7, 8, 9, 10]) -- (Edges: [(4, 6), (8, 0), (8, 3), (10, 6), (8, 6), (10, 3), (0, 8), (2, 5), (5, 6), (3, 6), (8, 2), (9, 7), (0, 10), (2, 7), (3, 5), (9, 6), (0, 9), (10, 7), (2, 3)])"
12,33,1,0.10737013816833496,0.35348987579345703,"(Vertices: [0, 1, 2, 3, 4, 5, 6, 7, 8, 9, 10, 11]) -- (Edges: [(3, 4), (3, 7), (4, 6), (5, 7), (0, 2), (10, 6), (0, 5), (11, 5), (4, 5), (3, 6), (8, 2), (11, 4), (8, 11), (9, 4), (10, 2), (2, 4), (10, 11), (2, 7), (1, 5), (1, 11), (2, 10), (3, 5), (3, 11), (9, 3), (8, 1), (8, 7), (9, 6), (0, 3), (11, 3), (1, 4), (11, 6), (1, 7), (1, 10)])"
12,27,64,4.669567108154297,13.057474136352539,"(Vertices: [0, 1, 2, 3, 4, 5, 6, 7, 8, 9, 10, 11]) -- (Edges: [(3, 4), (8, 0), (8, 9), (10, 6), (1, 6), (0, 8), (2, 11), (5, 6), (3, 6), (9, 7), (9, 4), (0, 7), (11, 7), (1, 2), (2, 7), (3, 5), (3, 11), (8, 7), (10, 4), (9, 6), (0, 3), (0, 9), (11, 3), (10, 7), (0, 6), (2, 3), (1, 10)])"
13,39,1,0.12594389915466309,0.41549110412597656,"(Vertices: [0, 1, 2, 3, 4, 5, 6, 7, 8, 9, 10, 11, 12]) -- (Edges: [(3, 4), (4, 6), (8, 0), (8, 3), (0, 5), (10, 3), (9, 11), (0, 8), (2, 11), (1, 9), (0, 11), (10, 12), (1, 12), (4, 5), (3, 12), (9, 1), (9, 7), (11, 4), (8, 11), (9, 4), (0, 1), (9, 10), (2, 4), (1, 2), (0, 4), (0, 10), (6, 7), (3, 5), (8, 4), (10, 4), (9, 6), (0, 3), (8, 10), (10, 7), (1, 4), (9, 12), (2, 6), (2, 12), (1, 10)])"
13,29,91,7.456645250320435,19.757826805114746,"(Vertices: [0, 1, 2, 3, 4, 5, 6, 7, 8, 9, 10, 11, 12]) -- (Edges: [(12, 4), (3, 7), (4, 12), (0, 2), (8, 3), (10, 6), (8, 9), (0, 5), (9, 11), (0, 11), (1, 12), (4, 5), (12, 6), (3, 6), (3, 12), (8, 2), (9, 7), (9, 10), (0, 10), (4, 7), (3, 11), (8, 1), (10, 4), (11, 3), (0, 9), (9, 12), (2, 3), (2, 12), (1, 10)])"
14,31,1,0.09820675849914551,0.3598308563232422,"(Vertices: [0, 1, 2, 3, 4, 5, 6, 7, 8, 9, 10, 11, 12, 13]) -- (Edges: [(12, 7), (12, 13), (5, 7), (0, 2), (8, 3), (10, 6), (1, 6), (1, 9), (1, 12), (3, 12), (9, 1), (8, 5), (8, 11), (9, 10), (11, 7), (9, 13), (11, 13), (6, 7), (4, 7), (3, 5), (3, 11), (4, 13), (8, 7), (10, 4), (9, 6), (11, 3), (1, 4), (11, 6), (8, 13), (11, 12), (1, 10)])"
14,25,128,9.224194765090942,23.948073387145996,"(Vertices: [0, 1, 2, 3, 4, 5, 6, 7, 8, 9, 10, 11, 12, 13]) -- (Edges: [(4, 6), (3, 13), (0, 2), (8, 3), (11, 5), (8, 12), (9, 11), (1, 3), (5, 6), (8, 5), (0, 1), (0, 7), (11, 7), (1, 2), (9, 10), (13, 7), (1, 11), (2, 13), (8, 1), (9, 12), (10, 13), (0, 6), (8, 13), (1, 13), (2, 6)])"
15,38,1,0.11571311950683594,0.4154043197631836,"(Vertices: [0, 1, 2, 3, 4, 5, 6, 7, 8, 9, 10, 11, 12, 13, 14]) -- (Edges: [(3, 4), (14, 7), (4, 6), (5, 13), (8, 3), (8, 9), (11, 14), (13, 5), (1, 9), (1, 12), (4, 5), (12, 6), (3, 6), (8, 2), (9, 1), (8, 5), (9, 4), (0, 1), (0, 4), (9, 13), (2, 7), (13, 7), (1, 11), (6, 7), (12, 5), (9, 3), (8, 7), (10, 4), (0, 3), (0, 9), (8, 10), (1, 4), (9, 12), (10, 13), (11, 12), (1, 7), (2, 12), (1, 10)])"
15,32,182,11.520979166030884,43.317545890808105,"(Vertices: [0, 1, 2, 3, 4, 5, 6, 7, 8, 9, 10, 11, 12, 13, 14]) -- (Edges: [(8, 0), (3, 13), (9, 5), (9, 14), (1, 6), (0, 8), (0, 14), (9, 11), (0, 11), (6, 14), (14, 6), (3, 6), (8, 2), (9, 7), (9, 10), (10, 5), (2, 7), (1, 5), (13, 7), (11, 13), (1, 14), (9, 3), (10, 4), (9, 6), (0, 3), (0, 9), (10, 7), (9, 12), (11, 6), (11, 12), (1, 7), (1, 10)])"
5,4,1,0.07827067375183105,1.1838045120239258,"(Vertices: [0, 1, 2, 3, 4]) -- (Edges: [(0, 3), (1, 3), (3, 4), (1, 4)])"
5,2,6,0.06290769577026367,0.20829486846923828,"(Vertices: [0, 1, 2, 3, 4]) -- (Edges: [(2, 3), (1, 3)])"
6,7,1,0.04670524597167969,0.16659832000732422,"(Vertices: [0, 1, 2, 3, 4, 5]) -- (Edges: [(0, 1), (2, 4), (1, 2), (0, 4), (0, 2), (2, 5), (1, 3)])"
6,6,8,0.13097739219665527,0.5085163116455078,"(Vertices: [0, 1, 2, 3, 4, 5]) -- (Edges: [(0, 1), (2, 4), (1, 2), (2, 3), (0, 5), (2, 5)])"
7,9,1,0.059961557388305664,0.18996334075927734,"(Vertices: [0, 1, 2, 3, 4, 5, 6]) -- (Edges: [(0, 1), (2, 4), (1, 2), (1, 5), (0, 6), (0, 2), (2, 6), (1, 6), (1, 3)])"
7,8,12,0.22829031944274902,0.913935661315918,"(Vertices: [0, 1, 2, 3, 4, 5, 6]) -- (Edges: [(0, 1), (2, 4), (3, 4), (0, 3), (3, 6), (1, 6), (2, 5), (1, 3)])"
8,12,1,0.05810856819152832,0.20794010162353516,"(Vertices: [0, 1, 2, 3, 4, 5, 6, 7]) -- (Edges: [(0, 1), (0, 7), (1, 2), (0, 3), (1, 4), (4, 5), (2, 6), (5, 6), (0, 5), (2, 5), (1, 3), (4, 7)])"
8,12,16,0.3954198360443115,1.5859794616699219,"(Vertices: [0, 1, 2, 3, 4, 5, 6, 7]) -- (Edges: [(0, 7), (2, 4), (3, 7), (0, 3), (4, 6), (1, 4), (5, 7), (6, 7), (0, 2), (1, 7), (1, 6), (4, 7)])"
9,16,1,0.06596827507019043,0.23402023315429688,"(Vertices: [0, 1, 2, 3, 4, 5, 6, 7, 8]) -- (Edges: [(0, 1), (0, 7), (2, 4), (0, 4), (1, 5), (0, 3), (1, 4), (2, 3), (0, 2), (1, 7), (8, 3), (8, 6), (1, 6), (1, 3), (4, 7), (8, 2)])"
9,19,23,0.9803345203399658,3.502469062805176,"(Vertices: [0, 1, 2, 3, 4, 5, 6, 7, 8]) -- (Edges: [(4, 6), (8, 0), (0, 2), (8, 3), (0, 8), (1, 3), (3, 6), (8, 2), (8, 5), (2, 4), (0, 4), (2, 7), (3, 5), (8, 4), (8, 1), (0, 3), (1, 4), (2, 3), (1, 7)])"
10,15,1,0.06187105178833008,0.22785282135009766,"(Vertices: [0, 1, 2, 3, 4, 5, 6, 7, 8, 9]) -- (Edges: [(3, 4), (9, 3), (8, 7), (9, 6), (0, 9), (1, 4), (5, 7), (9, 5), (0, 2), (1, 7), (2, 6), (8, 9), (8, 6), (8, 5), (9, 4)])"
10,20,32,1.41554856300354,5.0261688232421875,"(Vertices: [0, 1, 2, 3, 4, 5, 6, 7, 8, 9]) -- (Edges: [(3, 4), (4, 6), (9, 2), (5, 7), (9, 5), (0, 5), (1, 6), (5, 6), (3, 6), (9, 7), (9, 4), (0, 7), (0, 4), (1, 5), (6, 7), (4, 7), (3, 5), (8, 4), (8, 1), (9, 6)])"
11,16,1,0.07763004302978516,0.2393655776977539,"(Vertices: [0, 1, 2, 3, 4, 5, 6, 7, 8, 9, 10]) -- (Edges: [(9, 10), (8, 4), (0, 10), (1, 5), (8, 10), (8, 0), (2, 3), (0, 2), (8, 9), (0, 5), (1, 10), (8, 2), (0, 8), (9, 1), (1, 9), (3, 5)])"
11,19,46,1.9177331924438477,6.85028076171875,"(Vertices: [0, 1, 2, 3, 4, 5, 6, 7, 8, 9, 10]) -- (Edges: [(3, 7), (9, 2), (9, 5), (10, 6), (1, 6), (2, 5), (1, 9), (9, 1), (10, 2), (0, 4), (0, 10), (2, 7), (2, 10), (4, 7), (9, 3), (8, 7), (0, 3), (2, 3), (1, 10)])"
12,26,1,0.09171032905578613,0.31453800201416016,"(Vertices: [0, 1, 2, 3, 4, 5, 6, 7, 8, 9, 10, 11]) -- (Edges: [(9, 2), (5, 7), (8, 0), (0, 2), (11, 5), (10, 3), (0, 8), (2, 5), (1, 3), (1, 9), (0, 11), (4, 5), (5, 6), (3, 6), (9, 1), (8, 11), (2, 4), (0, 10), (8, 4), (9, 3), (8, 1), (8, 7), (0, 3), (1, 7), (2, 6), (1, 10)])"
12,25,64,3.7809250354766846,12.137852668762207,"(Vertices: [0, 1, 2, 3, 4, 5, 6, 7, 8, 9, 10, 11]) -- (Edges: [(3, 4), (4, 6), (5, 7), (9, 5), (1, 6), (0, 11), (4, 5), (3, 6), (8, 5), (11, 4), (9, 4), (8, 11), (2, 4), (10, 5), (0, 4), (1, 5), (3, 5), (8, 4), (9, 3), (8, 7), (8, 10), (10, 7), (1, 4), (11, 6), (2, 3)])"
13,23,1,0.09798550605773926,0.3015155792236328,"(Vertices: [0, 1, 2, 3, 4, 5, 6, 7, 8, 9, 10, 11, 12]) -- (Edges: [(9, 5), (8, 3), (11, 5), (8, 12), (1, 3), (10, 12), (3, 12), (9, 7), (11, 4), (8, 11), (9, 10), (11, 7), (1, 2), (0, 10), (2, 7), (1, 11), (6, 7), (12, 5), (8, 7), (0, 3), (1, 4), (0, 12), (2, 3)])"
13,24,91,5.854761362075806,16.432985305786133,"(Vertices: [0, 1, 2, 3, 4, 5, 6, 7, 8, 9, 10, 11, 12]) -- (Edges: [(3, 4), (4, 6), (5, 7), (9, 5), (8, 9), (10, 6), (1, 6), (0, 11), (1, 12), (4, 5), (12, 6), (5, 6), (3, 12), (8, 2), (9, 7), (0, 1), (11, 7), (10, 11), (0, 10), (4, 7), (3, 5), (9, 12), (0, 9), (11, 12)])"
14,34,1,0.1283407211303711,0.3826446533203125,"(Vertices: [0, 1, 2, 3, 4, 5, 6, 7, 8, 9, 10, 11, 12, 13]) -- (Edges: [(12, 7), (3, 7), (12, 13), (8, 0), (5, 13), (0, 2), (8, 3), (8, 6), (9, 11), (0, 8), (13, 5), (0, 11), (3, 6), (3, 12), (8, 2), (11, 4), (8, 5), (9, 13), (2, 7), (1, 5), (13, 7), (2, 13), (12, 5), (8, 4), (4, 13), (0, 3), (8, 10), (9, 12), (10, 13), (2, 3), (8, 13), (1, 7), (1, 13), (1, 10)])"
14,36,128,23.779320001602173,34.286977767944336,"(Vertices: [0, 1, 2, 3, 4, 5, 6, 7, 8, 9, 10, 11, 12, 13]) -- (Edges: [(12, 7), (3, 4), (12, 13), (9, 2), (8, 0), (5, 13), (3, 13), (0, 2), (8, 6), (8, 12), (0, 8), (2, 11), (1, 9), (0, 11), (13, 5), (4, 5), (5, 6), (3, 12), (9, 1), (9, 7), (9, 4), (10, 11), (9, 13), (0, 10), (2, 13), (12, 5), (3, 5), (4, 13), (10, 4), (9, 6), (9, 12), (11, 6), (8, 13), (11, 12), (1, 13), (1, 10)])"
15,55,1,0.1742396354675293,0.5325174331665039,"(Vertices: [0, 1, 2, 3, 4, 5, 6, 7, 8, 9, 10, 11, 12, 13, 14]) -- (Edges: [(3, 4), (14, 7), (4, 6), (9, 2), (5, 7), (8, 0), (5, 13), (3, 13), (0, 2), (8, 9), (8, 6), (10, 3), (9, 11), (0, 8), (2, 11), (1, 9), (0, 11), (13, 5), (10, 12), (6, 14), (14, 6), (4, 5), (12, 6), (5, 6), (3, 6), (3, 12), (8, 2), (9, 1), (11, 4), (8, 11), (0, 1), (0, 7), (10, 5), (8, 14), (10, 11), (0, 10), (1, 5), (1, 11), (1, 14), (2, 13), (12, 5), (3, 5), (12, 14), (4, 13), (9, 3), (5, 14), (8, 7), (0, 9), (8, 10), (10, 13), (0, 12), (8, 13), (1, 7), (11, 12), (13, 6)])"
15,35,182,12.553155660629272,47.35917663574219,"(Vertices: [0, 1, 2, 3, 4, 5, 6, 7, 8, 9, 10, 11, 12, 13, 14]) -- (Edges: [(14, 7), (4, 6), (3, 13), (0, 2), (8, 3), (10, 6), (8, 9), (0, 5), (10, 3), (11, 5), (9, 14), (11, 14), (1, 12), (13, 14), (6, 14), (14, 6), (4, 5), (5, 6), (9, 7), (9, 10), (10, 11), (9, 13), (13, 7), (11, 13), (6, 7), (12, 14), (9, 3), (10, 4), (0, 9), (8, 10), (1, 4), (10, 13), (2, 3), (1, 13), (2, 12)])"
5,2,1,0.07916951179504395,1.167154312133789,"(Vertices: [0, 1, 2, 3, 4]) -- (Edges: [(0, 1), (1, 2)])"
5,2,6,0.06753087043762207,0.20763587951660156,"(Vertices: [0, 1, 2, 3, 4]) -- (Edges: [(0, 1), (1, 2)])"
6,2,1,0.043538570404052734,0.12511730194091797,"(Vertices: [0, 1, 2, 3, 4, 5]) -- (Edges: [(1, 3), (3, 5)])"
6,3,8,0.07934951782226562,0.2966461181640625,"(Vertices: [0, 1, 2, 3, 4, 5]) -- (Edges: [(0, 2), (0, 3), (1, 3)])"
7,2,1,0.04638266563415527,0.12222480773925781,"(Vertices: [0, 1, 2, 3, 4, 5, 6]) -- (Edges: [(1, 3), (5, 6)])"
7,5,12,0.308673620223999,0.7053356170654297,"(Vertices: [0, 1, 2, 3, 4, 5, 6]) -- (Edges: [(2, 4), (3, 4), (1, 5), (0, 2), (2, 6)])"
8,6,1,0.05878567695617676,0.16088104248046875,"(Vertices: [0, 1, 2, 3, 4, 5, 6, 7]) -- (Edges: [(2, 7), (0, 3), (0, 6), (1, 7), (5, 6), (0, 5)])"
8,5,16,0.2798912525177002,0.7812576293945312,"(Vertices: [0, 1, 2, 3, 4, 5, 6, 7]) -- (Edges: [(0, 4), (3, 7), (4, 6), (0, 5), (1, 6)])"
9,9,1,0.05811953544616699,0.18510913848876953,"(Vertices: [0, 1, 2, 3, 4, 5, 6, 7, 8]) -- (Edges: [(2, 7), (8, 1), (4, 5), (0, 5), (3, 6), (8, 2), (2, 5), (1, 3), (3, 5)])"
9,21,23,1.0747730731964111,3.7987489700317383,"(Vertices: [0, 1, 2, 3, 4, 5, 6, 7, 8]) -- (Edges: [(4, 6), (8, 0), (0, 2), (8, 6), (1, 6), (0, 8), (2, 5), (1, 3), (3, 6), (8, 2), (1, 2), (0, 4), (2, 7), (1, 5), (6, 7), (4, 7), (8, 4), (8, 1), (0, 6), (2, 3), (1, 7)])"
10,12,1,0.0647130012512207,0.2084360122680664,"(Vertices: [0, 1, 2, 3, 4, 5, 6, 7, 8, 9]) -- (Edges: [(0, 1), (2, 4), (9, 3), (8, 1), (6, 7), (0, 2), (8, 3), (4, 5), (0, 5), (1, 6), (2, 5), (8, 5)])"
10,15,32,0.9573049545288086,3.6941795349121094,"(Vertices: [0, 1, 2, 3, 4, 5, 6, 7, 8, 9]) -- (Edges: [(1, 2), (0, 4), (3, 4), (1, 5), (8, 7), (0, 9), (0, 6), (2, 3), (8, 5), (0, 2), (4, 5), (8, 6), (3, 6), (9, 1), (1, 9)])"
11,20,1,0.08117532730102539,0.27157115936279297,"(Vertices: [0, 1, 2, 3, 4, 5, 6, 7, 8, 9, 10]) -- (Edges: [(4, 6), (5, 7), (0, 2), (0, 5), (10, 2), (9, 10), (0, 4), (2, 7), (1, 5), (2, 10), (6, 7), (4, 7), (3, 5), (10, 4), (0, 9), (10, 7), (1, 4), (8, 10), (1, 7), (2, 6)])"
11,20,46,2.5206780433654785,7.113719940185547,"(Vertices: [0, 1, 2, 3, 4, 5, 6, 7, 8, 9, 10]) -- (Edges: [(8, 3), (1, 3), (1, 9), (5, 6), (8, 2), (9, 1), (0, 1), (9, 10), (0, 4), (4, 7), (3, 5), (8, 4), (9, 3), (9, 6), (0, 9), (8, 10), (1, 4), (2, 3), (2, 6), (1, 10)])"
12,25,1,0.10888934135437012,0.3130073547363281,"(Vertices: [0, 1, 2, 3, 4, 5, 6, 7, 8, 9, 10, 11]) -- (Edges: [(4, 6), (9, 2), (5, 7), (9, 5), (0, 2), (8, 9), (10, 6), (1, 6), (2, 11), (4, 5), (8, 2), (8, 5), (8, 11), (10, 2), (0, 7), (10, 11), (0, 4), (2, 10), (6, 7), (3, 11), (9, 3), (10, 4), (0, 3), (11, 3), (1, 4)])"
12,22,64,3.2011477947235107,10.735761642456055,"(Vertices: [0, 1, 2, 3, 4, 5, 6, 7, 8, 9, 10, 11]) -- (Edges: [(0, 2), (8, 9), (10, 3), (3, 6), (9, 7), (11, 4), (10, 2), (0, 1), (0, 7), (9, 10), (10, 11), (0, 10), (2, 7), (1, 5), (2, 10), (6, 7), (3, 5), (8, 1), (8, 7), (10, 7), (1, 4), (0, 6)])"
13,29,1,0.1011037826538086,0.34093379974365234,"(Vertices: [0, 1, 2, 3, 4, 5, 6, 7, 8, 9, 10, 11, 12]) -- (Edges: [(3, 4), (10, 6), (8, 6), (8, 12), (9, 11), (1, 3), (1, 9), (10, 12), (12, 6), (9, 1), (11, 4), (9, 10), (11, 7), (10, 5), (1, 2), (10, 11), (0, 10), (6, 7), (3, 11), (8, 4), (11, 3), (0, 9), (8, 10), (9, 12), (2, 3), (1, 7), (2, 6), (2, 12), (1, 10)])"
13,25,91,5.790866851806641,17.077747344970703,"(Vertices: [0, 1, 2, 3, 4, 5, 6, 7, 8, 9, 10, 11, 12]) -- (Edges: [(4, 6), (5, 7), (0, 2), (10, 3), (2, 11), (10, 12), (0, 11), (12, 6), (3, 6), (8, 5), (11, 4), (10, 2), (0, 1), (9, 10), (10, 5), (2, 7), (1, 11), (2, 10), (12, 5), (3, 11), (8, 1), (11, 3), (0, 9), (11, 6), (1, 10)])"
14,29,1,0.09798717498779297,0.34407520294189453,"(Vertices: [0, 1, 2, 3, 4, 5, 6, 7, 8, 9, 10, 11, 12, 13]) -- (Edges: [(3, 7), (8, 0), (9, 5), (10, 6), (0, 5), (8, 6), (0, 8), (2, 5), (2, 11), (10, 12), (5, 6), (9, 7), (8, 5), (8, 11), (0, 7), (11, 7), (1, 2), (10, 11), (0, 10), (11, 13), (12, 5), (4, 7), (3, 5), (3, 11), (10, 4), (11, 3), (2, 3), (1, 13), (13, 6)])"
14,32,128,42.631107330322266,30.50105571746826,"(Vertices: [0, 1, 2, 3, 4, 5, 6, 7, 8, 9, 10, 11, 12, 13]) -- (Edges: [(12, 7), (5, 7), (8, 0), (10, 6), (0, 5), (10, 3), (8, 12), (1, 6), (0, 8), (4, 5), (3, 6), (9, 7), (10, 2), (9, 4), (0, 1), (9, 10), (0, 4), (0, 10), (9, 13), (13, 7), (2, 10), (2, 13), (6, 7), (12, 5), (3, 11), (9, 3), (8, 7), (10, 4), (11, 3), (11, 12), (1, 7), (1, 10)])"
15,32,1,0.10636043548583984,0.3627662658691406,"(Vertices: [0, 1, 2, 3, 4, 5, 6, 7, 8, 9, 10, 11, 12, 13, 14]) -- (Edges: [(4, 6), (9, 2), (3, 13), (0, 2), (0, 5), (11, 5), (9, 14), (2, 5), (2, 11), (11, 14), (0, 11), (2, 14), (6, 14), (14, 6), (12, 6), (5, 6), (9, 7), (9, 4), (0, 1), (0, 7), (9, 10), (0, 4), (12, 14), (4, 13), (8, 1), (9, 6), (0, 3), (9, 12), (10, 7), (1, 4), (0, 12), (1, 7)])"
15,40,182,14.888928174972534,54.001729011535645,"(Vertices: [0, 1, 2, 3, 4, 5, 6, 7, 8, 9, 10, 11, 12, 13, 14]) -- (Edges: [(3, 7), (9, 2), (5, 13), (3, 13), (8, 3), (8, 9), (11, 5), (8, 6), (9, 14), (1, 6), (9, 11), (2, 5), (13, 5), (10, 12), (13, 14), (4, 5), (12, 6), (3, 12), (8, 5), (10, 2), (9, 4), (0, 7), (1, 2), (9, 13), (1, 5), (10, 14), (11, 13), (2, 10), (1, 14), (2, 13), (12, 14), (8, 4), (4, 13), (5, 14), (0, 3), (10, 7), (1, 4), (8, 13), (2, 6), (13, 6)])"
5,2,1,0.0863046646118164,1.169046401977539,"(Vertices: [0, 1, 2, 3, 4]) -- (Edges: [(0, 3), (3, 4)])"
5,2,6,0.25757575035095215,0.5908737182617188,"(Vertices: [0, 1, 2, 3, 4]) -- (Edges: [(2, 3), (0, 4)])"
6,5,1,0.05287528038024902,0.1534099578857422,"(Vertices: [0, 1, 2, 3, 4, 5]) -- (Edges: [(1, 2), (2, 3), (0, 2), (4, 5), (2, 5)])"
6,8,8,0.2067410945892334,0.6071262359619141,"(Vertices: [0, 1, 2, 3, 4, 5]) -- (Edges: [(0, 1), (1, 2), (0, 3), (1, 4), (2, 3), (0, 5), (1, 3), (3, 5)])"
7,6,1,0.0586400032043457,0.15908527374267578,"(Vertices: [0, 1, 2, 3, 4, 5, 6]) -- (Edges: [(1, 2), (0, 4), (3, 4), (4, 6), (0, 6), (1, 6)])"
7,7,12,0.27306151390075684,0.784602165222168,"(Vertices: [0, 1, 2, 3, 4, 5, 6]) -- (Edges: [(1, 2), (3, 4), (1, 5), (0, 6), (2, 6), (0, 5), (1, 6)])"
8,7,1,0.04941058158874512,0.16402339935302734,"(Vertices: [0, 1, 2, 3, 4, 5, 6, 7]) -- (Edges: [(1, 5), (1, 4), (0, 6), (5, 6), (3, 6), (1, 3), (4, 7)])"
8,8,16,0.27584075927734375,1.0769777297973633,"(Vertices: [0, 1, 2, 3, 4, 5, 6, 7]) -- (Edges: [(2, 4), (1, 2), (0, 4), (4, 6), (1, 4), (5, 7), (6, 7), (1, 6)])"
9,8,1,0.05291295051574707,0.17550086975097656,"(Vertices: [0, 1, 2, 3, 4, 5, 6, 7, 8]) -- (Edges: [(1, 2), (8, 7), (3, 7), (1, 4), (2, 3), (0, 5), (8, 6), (2, 5)])"
9,10,23,0.4679558277130127,1.8240633010864258,"(Vertices: [0, 1, 2, 3, 4, 5, 6, 7, 8]) -- (Edges: [(2, 4), (8, 1), (3, 7), (0, 3), (5, 7), (8, 0), (2, 3), (2, 6), (8, 6), (0, 8)])"
10,12,1,0.07766532897949219,0.20608901977539062,"(Vertices: [0, 1, 2, 3, 4, 5, 6, 7, 8, 9]) -- (Edges: [(0, 1), (1, 2), (0, 4), (2, 7), (8, 1), (9, 3), (8, 7), (0, 3), (5, 7), (1, 6), (8, 5), (3, 5)])"
10,15,32,0.982842206954956,3.7775983810424805,"(Vertices: [0, 1, 2, 3, 4, 5, 6, 7, 8, 9]) -- (Edges: [(8, 4), (2, 7), (8, 1), (0, 3), (5, 7), (6, 7), (1, 7), (8, 3), (2, 6), (3, 6), (9, 1), (9, 7), (1, 9), (3, 5), (9, 4)])"
11,18,1,0.07290410995483398,0.2530326843261719,"(Vertices: [0, 1, 2, 3, 4, 5, 6, 7, 8, 9, 10]) -- (Edges: [(9, 7), (0, 4), (3, 4), (8, 4), (1, 5), (8, 1), (3, 7), (0, 3), (10, 7), (1, 4), (10, 3), (0, 2), (1, 7), (8, 3), (9, 5), (3, 6), (2, 5), (1, 3)])"
11,15,46,1.4181766510009766,5.349925994873047,"(Vertices: [0, 1, 2, 3, 4, 5, 6, 7, 8, 9, 10]) -- (Edges: [(0, 7), (3, 4), (2, 10), (0, 3), (4, 6), (9, 2), (8, 10), (1, 7), (4, 5), (8, 9), (8, 6), (1, 6), (1, 3), (10, 2), (9, 4)])"
12,21,1,0.0816493034362793,0.2779817581176758,"(Vertices: [0, 1, 2, 3, 4, 5, 6, 7, 8, 9, 10, 11]) -- (Edges: [(3, 4), (5, 7), (8, 3), (0, 5), (11, 5), (8, 6), (1, 6), (2, 5), (3, 6), (0, 7), (0, 4), (1, 11), (4, 7), (3, 11), (9, 6), (0, 3), (11, 3), (8, 10), (1, 4), (1, 7), (1, 10)])"
12,32,64,5.146930694580078,15.416461944580078,"(Vertices: [0, 1, 2, 3, 4, 5, 6, 7, 8, 9, 10, 11]) -- (Edges: [(3, 7), (9, 2), (5, 7), (8, 0), (9, 5), (8, 3), (8, 9), (0, 5), (10, 3), (11, 5), (0, 8), (0, 11), (4, 5), (8, 2), (8, 5), (8, 11), (10, 2), (9, 10), (10, 11), (0, 10), (2, 7), (1, 5), (1, 11), (2, 10), (3, 11), (9, 3), (8, 7), (9, 6), (11, 3), (8, 10), (10, 7), (1, 4)])"
13,27,1,0.09791135787963867,0.3447113037109375,"(Vertices: [0, 1, 2, 3, 4, 5, 6, 7, 8, 9, 10, 11, 12]) -- (Edges: [(12, 4), (4, 12), (9, 5), (10, 6), (11, 5), (1, 3), (1, 9), (0, 11), (1, 12), (4, 5), (12, 6), (5, 6), (3, 6), (8, 2), (9, 1), (11, 4), (8, 11), (0, 7), (11, 7), (1, 2), (0, 4), (10, 11), (2, 7), (9, 6), (0, 6), (1, 7), (2, 6)])"
13,28,91,7.090373992919922,19.06937313079834,"(Vertices: [0, 1, 2, 3, 4, 5, 6, 7, 8, 9, 10, 11, 12]) -- (Edges: [(12, 4), (3, 4), (3, 7), (4, 12), (9, 2), (5, 7), (9, 5), (8, 9), (8, 6), (1, 6), (0, 11), (4, 5), (8, 11), (9, 4), (9, 10), (2, 7), (1, 5), (6, 7), (12, 5), (8, 4), (9, 3), (8, 7), (9, 6), (8, 10), (0, 6), (2, 3), (1, 7), (2, 6)])"
14,39,1,0.1172785758972168,0.4077281951904297,"(Vertices: [0, 1, 2, 3, 4, 5, 6, 7, 8, 9, 10, 11, 12, 13]) -- (Edges: [(12, 4), (3, 4), (4, 12), (12, 13), (8, 0), (3, 13), (0, 2), (9, 5), (0, 5), (11, 5), (8, 6), (0, 8), (3, 6), (3, 12), (8, 5), (8, 11), (10, 2), (0, 1), (11, 7), (2, 4), (10, 11), (0, 4), (9, 13), (2, 7), (1, 5), (13, 7), (2, 10), (3, 5), (8, 4), (8, 7), (10, 4), (9, 6), (0, 9), (0, 12), (8, 13), (11, 12), (1, 13), (13, 6), (1, 10)])"
14,37,128,134.19564771652222,35.19797706604004,"(Vertices: [0, 1, 2, 3, 4, 5, 6, 7, 8, 9, 10, 11, 12, 13]) -- (Edges: [(12, 7), (3, 4), (9, 2), (8, 0), (3, 13), (11, 5), (0, 8), (10, 12), (1, 9), (0, 11), (1, 12), (4, 5), (5, 6), (3, 6), (3, 12), (9, 1), (11, 4), (10, 2), (10, 5), (0, 4), (2, 7), (1, 5), (13, 7), (0, 13), (2, 10), (2, 13), (3, 11), (0, 3), (11, 3), (8, 10), (1, 4), (9, 12), (0, 12), (2, 3), (1, 7), (8, 13), (1, 10)])"
15,32,1,0.11697077751159668,0.36861515045166016,"(Vertices: [0, 1, 2, 3, 4, 5, 6, 7, 8, 9, 10, 11, 12, 13, 14]) -- (Edges: [(12, 7), (9, 2), (9, 5), (0, 2), (8, 9), (8, 6), (8, 12), (2, 11), (1, 9), (0, 11), (2, 14), (5, 6), (8, 2), (9, 1), (9, 4), (0, 7), (2, 4), (10, 5), (11, 7), (2, 7), (1, 5), (1, 11), (2, 13), (12, 5), (3, 11), (8, 4), (8, 1), (11, 3), (10, 7), (0, 6), (0, 12), (2, 3)])"
15,37,182,13.795811414718628,50.00715732574463,"(Vertices: [0, 1, 2, 3, 4, 5, 6, 7, 8, 9, 10, 11, 12, 13, 14]) -- (Edges: [(3, 7), (4, 6), (8, 3), (1, 6), (9, 11), (0, 14), (0, 11), (1, 12), (13, 14), (6, 14), (14, 6), (12, 6), (5, 6), (3, 6), (3, 12), (8, 2), (11, 4), (8, 5), (9, 4), (8, 11), (0, 7), (10, 5), (9, 10), (9, 13), (13, 7), (10, 14), (0, 13), (6, 7), (3, 11), (3, 14), (4, 13), (0, 3), (0, 9), (11, 3), (0, 12), (13, 6), (1, 10)])"
5,2,1,0.0670633316040039,1.1681671142578125,"(Vertices: [0, 1, 2, 3, 4]) -- (Edges: [(1, 2), (0, 4)])"
5,1,6,0.14064407348632812,0.44771671295166016,"(Vertices: [0, 1, 2, 3, 4]) -- (Edges: [(0, 2)])"
6,5,1,0.051848649978637695,0.1532611846923828,"(Vertices: [0, 1, 2, 3, 4, 5]) -- (Edges: [(3, 4), (0, 3), (1, 4), (2, 3), (0, 2)])"
6,6,8,0.12033557891845703,0.48926734924316406,"(Vertices: [0, 1, 2, 3, 4, 5]) -- (Edges: [(2, 4), (1, 5), (1, 4), (4, 5), (0, 5), (2, 5)])"
7,8,1,0.050823211669921875,0.1772298812866211,"(Vertices: [0, 1, 2, 3, 4, 5, 6]) -- (Edges: [(2, 4), (1, 5), (0, 6), (0, 2), (4, 5), (2, 5), (1, 3), (3, 5)])"
7,1,12,0.21558642387390137,0.41355037689208984,"(Vertices: [0, 1, 2, 3, 4, 5, 6]) -- (Edges: [(2, 5)])"
8,10,1,0.05640769004821777,0.199249267578125,"(Vertices: [0, 1, 2, 3, 4, 5, 6, 7]) -- (Edges: [(1, 5), (3, 7), (0, 3), (1, 4), (1, 7), (4, 5), (2, 6), (2, 5), (1, 3), (3, 5)])"
8,7,16,0.3461911678314209,1.010249137878418,"(Vertices: [0, 1, 2, 3, 4, 5, 6, 7]) -- (Edges: [(1, 5), (0, 6), (1, 7), (4, 5), (2, 5), (1, 3), (3, 5)])"
9,12,1,0.058032989501953125,0.2033405303955078,"(Vertices: [0, 1, 2, 3, 4, 5, 6, 7, 8]) -- (Edges: [(0, 7), (2, 4), (8, 4), (8, 1), (8, 7), (0, 3), (1, 4), (1, 7), (5, 6), (8, 6), (1, 6), (8, 2)])"
9,11,23,0.5318410396575928,2.0163536071777344,"(Vertices: [0, 1, 2, 3, 4, 5, 6, 7, 8]) -- (Edges: [(0, 1), (2, 4), (8, 4), (1, 5), (8, 7), (1, 7), (8, 3), (5, 6), (2, 5), (1, 3), (3, 5)])"
10,14,1,0.0678715705871582,0.22071266174316406,"(Vertices: [0, 1, 2, 3, 4, 5, 6, 7, 8, 9]) -- (Edges: [(0, 1), (0, 7), (1, 2), (2, 7), (9, 6), (0, 9), (1, 4), (8, 0), (1, 7), (8, 9), (3, 6), (1, 6), (0, 8), (9, 7)])"
10,18,32,1.1428992748260498,4.504756927490234,"(Vertices: [0, 1, 2, 3, 4, 5, 6, 7, 8, 9]) -- (Edges: [(9, 7), (1, 2), (3, 4), (2, 7), (9, 3), (3, 7), (4, 6), (1, 4), (0, 6), (8, 0), (6, 7), (0, 2), (5, 6), (3, 6), (1, 6), (0, 8), (1, 3), (4, 7)])"
11,23,1,0.07872915267944336,0.28319644927978516,"(Vertices: [0, 1, 2, 3, 4, 5, 6, 7, 8, 9, 10]) -- (Edges: [(3, 7), (5, 7), (8, 0), (9, 5), (0, 2), (8, 9), (10, 6), (8, 6), (0, 8), (2, 5), (4, 5), (9, 7), (0, 1), (0, 7), (2, 4), (1, 2), (10, 5), (0, 10), (2, 7), (9, 10), (9, 3), (8, 10), (1, 4)])"
11,14,46,1.339155912399292,5.004590034484863,"(Vertices: [0, 1, 2, 3, 4, 5, 6, 7, 8, 9, 10]) -- (Edges: [(10, 5), (1, 2), (2, 7), (10, 4), (2, 10), (0, 3), (10, 7), (1, 4), (2, 3), (3, 6), (9, 1), (1, 3), (1, 9), (10, 2)])"
12,25,1,0.08692312240600586,0.30506420135498047,"(Vertices: [0, 1, 2, 3, 4, 5, 6, 7, 8, 9, 10, 11]) -- (Edges: [(9, 2), (8, 0), (10, 6), (0, 5), (10, 3), (11, 5), (8, 6), (0, 8), (9, 11), (2, 11), (4, 5), (5, 6), (8, 5), (0, 1), (2, 4), (1, 2), (10, 5), (2, 7), (1, 11), (6, 7), (8, 7), (10, 4), (1, 4), (2, 3), (1, 7)])"
12,19,64,2.738504648208618,9.369104385375977,"(Vertices: [0, 1, 2, 3, 4, 5, 6, 7, 8, 9, 10, 11]) -- (Edges: [(9, 2), (0, 2), (10, 6), (8, 6), (1, 3), (0, 11), (4, 5), (5, 6), (8, 5), (8, 11), (0, 1), (2, 4), (1, 2), (2, 7), (1, 11), (8, 4), (8, 1), (10, 4), (1, 4)])"
13,33,1,0.10958409309387207,0.36420631408691406,"(Vertices: [0, 1, 2, 3, 4, 5, 6, 7, 8, 9, 10, 11, 12]) -- (Edges: [(12, 7), (5, 7), (0, 2), (8, 9), (10, 6), (0, 5), (1, 6), (9, 11), (2, 11), (1, 3), (1, 9), (0, 11), (10, 12), (5, 6), (8, 2), (9, 1), (11, 4), (8, 5), (8, 11), (0, 1), (11, 7), (2, 4), (0, 4), (1, 11), (6, 7), (4, 7), (3, 5), (8, 1), (9, 12), (8, 10), (10, 7), (0, 6), (2, 12)])"
13,28,91,7.3725433349609375,19.089746475219727,"(Vertices: [0, 1, 2, 3, 4, 5, 6, 7, 8, 9, 10, 11, 12]) -- (Edges: [(12, 7), (3, 4), (3, 7), (10, 6), (10, 3), (8, 12), (9, 11), (1, 3), (2, 11), (12, 6), (3, 6), (8, 11), (11, 7), (2, 7), (6, 7), (12, 5), (3, 11), (8, 4), (9, 3), (8, 1), (8, 7), (9, 6), (0, 3), (0, 9), (11, 3), (10, 7), (8, 10), (2, 12)])"
14,37,1,0.1063070297241211,0.401336669921875,"(Vertices: [0, 1, 2, 3, 4, 5, 6, 7, 8, 9, 10, 11, 12, 13]) -- (Edges: [(3, 7), (5, 7), (8, 0), (3, 13), (8, 9), (10, 6), (8, 6), (1, 6), (0, 8), (2, 11), (1, 12), (3, 12), (9, 7), (8, 5), (9, 4), (0, 1), (0, 7), (2, 4), (10, 5), (9, 10), (10, 11), (2, 7), (1, 5), (1, 11), (11, 13), (4, 7), (3, 5), (3, 11), (4, 13), (9, 3), (8, 7), (11, 3), (1, 4), (10, 13), (1, 13), (2, 12), (13, 6)])"
14,29,128,23.38111925125122,27.70419216156006,"(Vertices: [0, 1, 2, 3, 4, 5, 6, 7, 8, 9, 10, 11, 12, 13]) -- (Edges: [(12, 13), (5, 7), (3, 13), (10, 6), (0, 5), (11, 5), (2, 11), (0, 11), (1, 12), (4, 5), (12, 6), (9, 7), (0, 1), (9, 13), (0, 10), (13, 7), (1, 11), (2, 13), (6, 7), (12, 5), (4, 7), (3, 11), (4, 13), (9, 3), (0, 3), (11, 3), (0, 6), (11, 6), (1, 10)])"
15,37,1,0.12755441665649414,0.3994874954223633,"(Vertices: [0, 1, 2, 3, 4, 5, 6, 7, 8, 9, 10, 11, 12, 13, 14]) -- (Edges: [(3, 4), (4, 6), (12, 13), (9, 2), (3, 13), (0, 2), (9, 5), (10, 6), (10, 3), (9, 11), (2, 5), (0, 14), (1, 9), (10, 12), (1, 12), (13, 14), (3, 6), (9, 1), (9, 7), (9, 4), (0, 1), (0, 7), (10, 5), (11, 7), (0, 4), (8, 14), (2, 7), (13, 7), (4, 7), (3, 14), (8, 1), (5, 14), (8, 7), (10, 13), (11, 6), (1, 7), (1, 10)])"
15,43,182,15.483669757843018,57.99272632598877,"(Vertices: [0, 1, 2, 3, 4, 5, 6, 7, 8, 9, 10, 11, 12, 13, 14]) -- (Edges: [(12, 4), (4, 12), (9, 2), (9, 5), (0, 2), (0, 5), (10, 3), (8, 12), (2, 5), (1, 9), (2, 14), (1, 12), (6, 14), (14, 6), (4, 14), (8, 2), (9, 1), (9, 7), (10, 2), (11, 7), (2, 4), (2, 7), (0, 13), (2, 10), (2, 13), (6, 7), (12, 5), (12, 14), (8, 4), (4, 13), (9, 3), (10, 4), (9, 12), (8, 10), (10, 7), (1, 4), (0, 6), (0, 12), (2, 3), (11, 6), (11, 12), (2, 6), (2, 12)])"
5,2,1,0.06896567344665527,1.170663833618164,"(Vertices: [0, 1, 2, 3, 4]) -- (Edges: [(2, 3), (1, 2)])"
5,3,6,0.0729227066040039,0.2632942199707031,"(Vertices: [0, 1, 2, 3, 4]) -- (Edges: [(2, 3), (0, 2), (0, 4)])"
6,6,1,0.0458521842956543,0.158447265625,"(Vertices: [0, 1, 2, 3, 4, 5]) -- (Edges: [(0, 1), (0, 4), (3, 4), (0, 3), (1, 4), (4, 5)])"
6,3,8,0.10176444053649902,0.3019580841064453,"(Vertices: [0, 1, 2, 3, 4, 5]) -- (Edges: [(4, 5), (0, 2), (2, 4)])"
7,9,1,0.06877732276916504,0.19009876251220703,"(Vertices: [0, 1, 2, 3, 4, 5, 6]) -- (Edges: [(0, 4), (1, 4), (2, 3), (4, 5), (2, 6), (0, 5), (3, 6), (2, 5), (3, 5)])"
7,7,12,0.3541569709777832,0.8895168304443359,"(Vertices: [0, 1, 2, 3, 4, 5, 6]) -- (Edges: [(2, 4), (3, 4), (0, 3), (2, 3), (0, 2), (5, 6), (1, 3)])"
8,12,1,0.06582307815551758,0.21286773681640625,"(Vertices: [0, 1, 2, 3, 4, 5, 6, 7]) -- (Edges: [(1, 2), (2, 7), (3, 7), (0, 3), (4, 6), (5, 7), (6, 7), (0, 2), (5, 6), (0, 5), (3, 6), (1, 3)])"
8,9,16,0.29483652114868164,1.1966753005981445,"(Vertices: [0, 1, 2, 3, 4, 5, 6, 7]) -- (Edges: [(0, 7), (0, 4), (1, 5), (3, 7), (4, 5), (5, 6), (0, 5), (3, 6), (3, 5)])"
9,9,1,0.05832791328430176,0.18694019317626953,"(Vertices: [0, 1, 2, 3, 4, 5, 6, 7, 8]) -- (Edges: [(0, 7), (0, 4), (2, 7), (8, 3), (4, 5), (5, 6), (3, 6), (4, 7), (3, 5)])"
9,11,23,0.4947829246520996,2.002683639526367,"(Vertices: [0, 1, 2, 3, 4, 5, 6, 7, 8]) -- (Edges: [(0, 7), (0, 3), (4, 6), (5, 7), (8, 0), (8, 3), (2, 6), (8, 6), (3, 6), (0, 8), (8, 5)])"
10,12,1,0.0629889965057373,0.20726776123046875,"(Vertices: [0, 1, 2, 3, 4, 5, 6, 7, 8, 9]) -- (Edges: [(0, 7), (3, 4), (8, 7), (3, 7), (4, 6), (8, 0), (8, 3), (0, 2), (4, 5), (0, 8), (9, 7), (3, 5)])"
10,15,32,0.9858050346374512,3.7807140350341797,"(Vertices: [0, 1, 2, 3, 4, 5, 6, 7, 8, 9]) -- (Edges: [(0, 7), (2, 4), (3, 4), (1, 5), (0, 3), (0, 9), (1, 4), (0, 6), (2, 3), (9, 5), (8, 0), (8, 9), (0, 8), (2, 5), (9, 7)])"
11,13,1,0.07182574272155762,0.2130441665649414,"(Vertices: [0, 1, 2, 3, 4, 5, 6, 7, 8, 9, 10]) -- (Edges: [(0, 1), (2, 4), (1, 2), (8, 4), (0, 10), (2, 7), (3, 4), (4, 6), (0, 9), (5, 7), (6, 7), (4, 5), (8, 6)])"
11,22,46,2.3641507625579834,7.813610076904297,"(Vertices: [0, 1, 2, 3, 4, 5, 6, 7, 8, 9, 10]) -- (Edges: [(4, 6), (0, 2), (8, 3), (10, 3), (1, 9), (4, 5), (8, 2), (9, 1), (8, 5), (10, 2), (9, 4), (0, 7), (2, 4), (1, 2), (0, 10), (2, 7), (1, 5), (2, 10), (0, 9), (8, 10), (2, 3), (1, 10)])"
12,25,1,0.08634448051452637,0.31012535095214844,"(Vertices: [0, 1, 2, 3, 4, 5, 6, 7, 8, 9, 10, 11]) -- (Edges: [(3, 4), (3, 7), (5, 7), (8, 9), (11, 5), (10, 3), (1, 6), (2, 5), (2, 11), (11, 4), (8, 11), (11, 7), (2, 4), (1, 2), (0, 10), (1, 5), (1, 11), (4, 7), (3, 5), (1, 4), (0, 6), (2, 3), (11, 6), (2, 6), (1, 10)])"
12,24,64,3.560702323913574,11.774581909179688,"(Vertices: [0, 1, 2, 3, 4, 5, 6, 7, 8, 9, 10, 11]) -- (Edges: [(3, 4), (4, 6), (5, 7), (8, 0), (10, 6), (0, 8), (1, 3), (1, 9), (0, 11), (4, 5), (5, 6), (8, 2), (9, 1), (8, 5), (8, 11), (0, 1), (11, 7), (10, 5), (1, 2), (10, 11), (2, 7), (8, 4), (10, 4), (0, 3)])"
13,40,1,0.12493491172790527,0.4111804962158203,"(Vertices: [0, 1, 2, 3, 4, 5, 6, 7, 8, 9, 10, 11, 12]) -- (Edges: [(12, 4), (4, 6), (4, 12), (8, 0), (9, 5), (0, 2), (10, 6), (11, 5), (8, 6), (9, 11), (0, 8), (2, 11), (1, 12), (4, 5), (12, 6), (3, 12), (8, 2), (8, 5), (10, 2), (0, 1), (11, 7), (2, 4), (10, 5), (0, 4), (0, 10), (9, 10), (1, 5), (10, 11), (2, 10), (6, 7), (3, 11), (8, 4), (8, 7), (10, 4), (11, 3), (1, 4), (11, 6), (0, 12), (1, 7), (2, 6)])"
13,26,91,8.094905376434326,17.761601448059082,"(Vertices: [0, 1, 2, 3, 4, 5, 6, 7, 8, 9, 10, 11, 12]) -- (Edges: [(8, 0), (10, 6), (0, 8), (2, 5), (5, 6), (3, 6), (8, 11), (10, 2), (9, 10), (11, 7), (2, 4), (1, 5), (2, 10), (4, 7), (3, 5), (3, 11), (8, 4), (8, 7), (9, 6), (11, 3), (1, 4), (0, 12), (2, 3), (2, 6), (2, 12), (1, 10)])"
14,24,1,0.10405564308166504,0.3077573776245117,"(Vertices: [0, 1, 2, 3, 4, 5, 6, 7, 8, 9, 10, 11, 12, 13]) -- (Edges: [(3, 4), (8, 0), (0, 2), (8, 3), (8, 9), (8, 6), (8, 12), (9, 11), (0, 8), (2, 5), (10, 12), (0, 11), (3, 6), (3, 12), (9, 4), (0, 7), (10, 11), (6, 7), (8, 4), (8, 1), (8, 7), (8, 10), (0, 12), (13, 6)])"
14,25,128,16.71393895149231,24.011094093322754,"(Vertices: [0, 1, 2, 3, 4, 5, 6, 7, 8, 9, 10, 11, 12, 13]) -- (Edges: [(12, 7), (3, 7), (9, 5), (8, 3), (8, 6), (10, 3), (8, 12), (2, 11), (3, 6), (11, 4), (10, 2), (0, 7), (10, 5), (10, 11), (0, 13), (2, 10), (6, 7), (3, 5), (4, 13), (8, 1), (8, 7), (8, 10), (1, 4), (0, 6), (2, 3)])"
15,36,1,0.11230254173278809,0.4271879196166992,"(Vertices: [0, 1, 2, 3, 4, 5, 6, 7, 8, 9, 10, 11, 12, 13, 14]) -- (Edges: [(4, 6), (8, 0), (5, 13), (3, 13), (11, 5), (8, 6), (8, 12), (0, 8), (2, 11), (13, 5), (0, 11), (10, 12), (3, 12), (8, 5), (8, 11), (9, 4), (0, 1), (9, 10), (10, 2), (9, 13), (0, 10), (13, 7), (10, 14), (2, 10), (2, 13), (4, 7), (3, 5), (4, 13), (10, 4), (9, 6), (8, 10), (10, 7), (0, 6), (11, 6), (8, 13), (2, 12)])"
15,39,182,14.740670919418335,52.6718168258667,"(Vertices: [0, 1, 2, 3, 4, 5, 6, 7, 8, 9, 10, 11, 12, 13, 14]) -- (Edges: [(12, 7), (3, 7), (14, 7), (12, 13), (9, 2), (5, 7), (8, 0), (8, 6), (9, 14), (0, 8), (2, 5), (1, 3), (1, 9), (0, 11), (11, 14), (1, 12), (6, 14), (14, 6), (5, 6), (4, 14), (3, 6), (9, 1), (8, 11), (10, 2), (11, 7), (10, 5), (1, 2), (10, 11), (0, 13), (2, 10), (1, 14), (6, 7), (12, 5), (3, 14), (10, 7), (10, 13), (0, 12), (8, 13), (13, 6)])"
5,7,1,0.08651089668273926,1.2022790908813477,"(Vertices: [0, 1, 2, 3, 4]) -- (Edges: [(0, 1), (1, 2), (0, 4), (3, 4), (0, 3), (1, 4), (2, 3)])"
5,6,6,0.1147453784942627,0.39679431915283203,"(Vertices: [0, 1, 2, 3, 4]) -- (Edges: [(2, 4), (1, 2), (0, 4), (1, 4), (0, 2), (1, 3)])"
6,5,1,0.05442523956298828,0.15133094787597656,"(Vertices: [0, 1, 2, 3, 4, 5]) -- (Edges: [(0, 1), (2, 4), (1, 2), (4, 5), (1, 3)])"
6,5,8,0.11095833778381348,0.41977977752685547,"(Vertices: [0, 1, 2, 3, 4, 5]) -- (Edges: [(1, 2), (3, 4), (1, 5), (0, 3), (3, 5)])"
7,5,1,0.05531024932861328,0.15023231506347656,"(Vertices: [0, 1, 2, 3, 4, 5, 6]) -- (Edges: [(2, 4), (2, 3), (4, 5), (1, 6), (2, 5)])"
7,9,12,0.24004268646240234,1.007308006286621,"(Vertices: [0, 1, 2, 3, 4, 5, 6]) -- (Edges: [(0, 1), (2, 4), (1, 4), (4, 5), (5, 6), (3, 6), (1, 6), (1, 3), (3, 5)])"
8,7,1,0.04560708999633789,0.16766357421875,"(Vertices: [0, 1, 2, 3, 4, 5, 6, 7]) -- (Edges: [(1, 2), (1, 4), (0, 6), (6, 7), (5, 6), (1, 6), (1, 3)])"
8,9,16,0.2913813591003418,1.1998786926269531,"(Vertices: [0, 1, 2, 3, 4, 5, 6, 7]) -- (Edges: [(1, 2), (0, 3), (4, 6), (5, 7), (0, 6), (2, 3), (1, 7), (0, 5), (2, 5)])"
9,13,1,0.06246185302734375,0.21161460876464844,"(Vertices: [0, 1, 2, 3, 4, 5, 6, 7, 8]) -- (Edges: [(0, 1), (1, 2), (3, 7), (0, 3), (4, 6), (6, 7), (0, 2), (1, 7), (2, 6), (0, 5), (1, 3), (8, 5), (3, 5)])"
9,17,23,0.8626093864440918,3.1115760803222656,"(Vertices: [0, 1, 2, 3, 4, 5, 6, 7, 8]) -- (Edges: [(8, 4), (2, 7), (1, 5), (3, 7), (0, 3), (1, 4), (0, 6), (2, 3), (8, 0), (1, 7), (8, 3), (2, 6), (5, 6), (3, 6), (8, 2), (0, 8), (2, 5)])"
10,20,1,0.07488036155700684,0.27707862854003906,"(Vertices: [0, 1, 2, 3, 4, 5, 6, 7, 8, 9]) -- (Edges: [(3, 4), (8, 0), (9, 5), (8, 3), (1, 6), (0, 8), (4, 5), (8, 2), (9, 7), (8, 5), (2, 4), (1, 2), (0, 4), (4, 7), (8, 4), (9, 3), (8, 7), (0, 9), (1, 4), (0, 6)])"
10,10,32,0.6207840442657471,2.530695915222168,"(Vertices: [0, 1, 2, 3, 4, 5, 6, 7, 8, 9]) -- (Edges: [(0, 7), (8, 4), (0, 3), (9, 5), (8, 3), (4, 5), (6, 7), (3, 6), (1, 6), (9, 4)])"
11,15,1,0.07378745079040527,0.2279071807861328,"(Vertices: [0, 1, 2, 3, 4, 5, 6, 7, 8, 9, 10]) -- (Edges: [(9, 10), (2, 4), (0, 4), (3, 7), (0, 3), (4, 6), (10, 7), (5, 7), (8, 5), (8, 10), (0, 2), (5, 6), (9, 1), (2, 5), (1, 9)])"
11,19,46,1.8955283164978027,6.701682090759277,"(Vertices: [0, 1, 2, 3, 4, 5, 6, 7, 8, 9, 10]) -- (Edges: [(3, 4), (3, 7), (9, 2), (5, 7), (9, 5), (0, 2), (2, 5), (1, 9), (4, 5), (5, 6), (9, 1), (9, 7), (1, 2), (0, 10), (6, 7), (3, 5), (8, 10), (0, 6), (1, 7)])"
12,26,1,0.10188651084899902,0.31774234771728516,"(Vertices: [0, 1, 2, 3, 4, 5, 6, 7, 8, 9, 10, 11]) -- (Edges: [(0, 2), (8, 3), (0, 5), (11, 5), (2, 5), (2, 11), (0, 11), (4, 5), (3, 6), (8, 2), (9, 7), (8, 5), (8, 11), (9, 4), (0, 1), (10, 5), (0, 10), (1, 5), (4, 7), (8, 4), (9, 3), (8, 1), (1, 4), (2, 3), (1, 7), (2, 6)])"
12,21,64,3.076747417449951,10.185728073120117,"(Vertices: [0, 1, 2, 3, 4, 5, 6, 7, 8, 9, 10, 11]) -- (Edges: [(3, 4), (8, 3), (0, 5), (8, 6), (2, 5), (2, 11), (4, 5), (8, 2), (11, 4), (9, 4), (1, 2), (10, 11), (0, 10), (1, 5), (8, 7), (0, 3), (0, 9), (10, 7), (8, 10), (11, 6), (2, 3)])"
13,26,1,0.09902048110961914,0.3225717544555664,"(Vertices: [0, 1, 2, 3, 4, 5, 6, 7, 8, 9, 10, 11, 12]) -- (Edges: [(4, 6), (8, 3), (0, 5), (2, 5), (1, 9), (0, 11), (1, 12), (3, 6), (3, 12), (9, 1), (8, 11), (10, 2), (0, 1), (11, 7), (10, 5), (0, 4), (2, 10), (3, 11), (9, 3), (8, 1), (11, 3), (0, 6), (2, 3), (11, 6), (2, 12), (1, 10)])"
13,19,91,4.055813789367676,13.105133056640625,"(Vertices: [0, 1, 2, 3, 4, 5, 6, 7, 8, 9, 10, 11, 12]) -- (Edges: [(3, 7), (8, 6), (2, 5), (0, 11), (1, 12), (4, 5), (12, 6), (9, 7), (0, 1), (10, 11), (0, 10), (2, 7), (8, 4), (8, 7), (10, 4), (8, 10), (1, 7), (2, 12), (1, 10)])"
14,34,1,0.10000729560852051,0.38077545166015625,"(Vertices: [0, 1, 2, 3, 4, 5, 6, 7, 8, 9, 10, 11, 12, 13]) -- (Edges: [(12, 13), (5, 7), (10, 6), (0, 5), (10, 3), (8, 12), (1, 6), (3, 6), (3, 12), (8, 5), (10, 2), (0, 1), (2, 4), (1, 2), (0, 4), (10, 5), (2, 7), (10, 11), (11, 13), (2, 10), (2, 13), (6, 7), (12, 5), (4, 7), (8, 4), (9, 3), (10, 4), (0, 9), (10, 13), (0, 6), (2, 3), (1, 7), (2, 12), (1, 10)])"
14,28,128,23.130587100982666,26.749518394470215,"(Vertices: [0, 1, 2, 3, 4, 5, 6, 7, 8, 9, 10, 11, 12, 13]) -- (Edges: [(12, 7), (12, 13), (5, 7), (11, 5), (10, 3), (1, 9), (1, 12), (4, 5), (9, 1), (9, 7), (11, 4), (9, 4), (2, 7), (13, 7), (2, 13), (6, 7), (4, 7), (3, 5), (9, 3), (8, 7), (10, 4), (9, 6), (9, 12), (0, 12), (8, 13), (1, 7), (1, 13), (1, 10)])"
15,38,1,0.13538241386413574,0.40746021270751953,"(Vertices: [0, 1, 2, 3, 4, 5, 6, 7, 8, 9, 10, 11, 12, 13, 14]) -- (Edges: [(12, 7), (3, 4), (14, 7), (9, 2), (5, 13), (11, 5), (10, 3), (9, 14), (9, 11), (0, 14), (2, 11), (13, 5), (10, 12), (11, 14), (2, 14), (1, 12), (4, 5), (11, 4), (9, 4), (0, 1), (9, 10), (2, 4), (10, 5), (8, 14), (0, 10), (10, 11), (1, 5), (13, 7), (10, 14), (12, 14), (8, 4), (9, 3), (10, 4), (0, 3), (0, 9), (0, 6), (2, 3), (13, 6)])"
15,27,182,9.69655966758728,36.496015548706055,"(Vertices: [0, 1, 2, 3, 4, 5, 6, 7, 8, 9, 10, 11, 12, 13, 14]) -- (Edges: [(3, 4), (3, 7), (4, 6), (8, 3), (2, 5), (0, 14), (11, 14), (13, 14), (3, 12), (10, 2), (9, 10), (0, 7), (11, 7), (0, 4), (0, 10), (1, 5), (13, 7), (0, 13), (2, 10), (3, 5), (12, 14), (8, 4), (4, 13), (8, 10), (1, 4), (2, 6), (2, 12)])"
5,3,1,0.0796959400177002,1.1755943298339844,"(Vertices: [0, 1, 2, 3, 4]) -- (Edges: [(1, 3), (3, 4), (1, 4)])"
5,4,6,0.10131001472473145,0.31598758697509766,"(Vertices: [0, 1, 2, 3, 4]) -- (Edges: [(2, 3), (1, 2), (0, 4), (3, 4)])"
6,5,1,0.04701805114746094,0.15173816680908203,"(Vertices: [0, 1, 2, 3, 4, 5]) -- (Edges: [(1, 5), (0, 2), (0, 5), (1, 3), (3, 5)])"
6,4,8,0.09304308891296387,0.36809444427490234,"(Vertices: [0, 1, 2, 3, 4, 5]) -- (Edges: [(4, 5), (0, 2), (2, 4), (3, 4)])"
7,7,1,0.047998666763305664,0.15941333770751953,"(Vertices: [0, 1, 2, 3, 4, 5, 6]) -- (Edges: [(0, 1), (0, 3), (0, 6), (2, 3), (4, 5), (3, 6), (1, 3)])"
7,3,12,0.25261449813842773,0.5846834182739258,"(Vertices: [0, 1, 2, 3, 4, 5, 6]) -- (Edges: [(1, 2), (3, 5), (3, 6)])"
8,17,1,0.07661652565002441,0.2557048797607422,"(Vertices: [0, 1, 2, 3, 4, 5, 6, 7]) -- (Edges: [(0, 1), (0, 7), (0, 4), (3, 4), (2, 7), (0, 3), (4, 6), (5, 7), (0, 6), (6, 7), (0, 2), (4, 5), (2, 6), (5, 6), (0, 5), (3, 6), (1, 6)])"
8,15,16,0.4696054458618164,1.9619579315185547,"(Vertices: [0, 1, 2, 3, 4, 5, 6, 7]) -- (Edges: [(0, 1), (1, 2), (3, 4), (1, 5), (3, 7), (0, 3), (1, 4), (0, 6), (5, 7), (0, 2), (4, 5), (0, 5), (1, 6), (2, 5), (1, 3)])"
9,12,1,0.0634603500366211,0.20519733428955078,"(Vertices: [0, 1, 2, 3, 4, 5, 6, 7, 8]) -- (Edges: [(8, 4), (8, 7), (1, 4), (0, 6), (5, 7), (8, 3), (4, 5), (5, 6), (0, 5), (8, 6), (1, 6), (8, 2)])"
9,16,23,0.8175334930419922,2.921529769897461,"(Vertices: [0, 1, 2, 3, 4, 5, 6, 7, 8]) -- (Edges: [(0, 7), (2, 4), (0, 4), (3, 4), (2, 7), (1, 5), (8, 7), (4, 6), (5, 7), (0, 6), (2, 3), (8, 3), (4, 5), (0, 5), (3, 6), (1, 3)])"
10,17,1,0.07734084129333496,0.2480325698852539,"(Vertices: [0, 1, 2, 3, 4, 5, 6, 7, 8, 9]) -- (Edges: [(0, 1), (1, 2), (3, 4), (8, 1), (3, 7), (0, 9), (5, 7), (8, 0), (2, 3), (9, 5), (1, 7), (2, 6), (8, 2), (0, 8), (1, 3), (8, 5), (3, 5)])"
10,16,32,1.0003046989440918,3.945363998413086,"(Vertices: [0, 1, 2, 3, 4, 5, 6, 7, 8, 9]) -- (Edges: [(2, 4), (1, 2), (8, 1), (4, 6), (1, 4), (5, 7), (2, 3), (4, 7), (1, 7), (4, 5), (8, 0), (5, 6), (0, 8), (9, 1), (1, 3), (1, 9)])"
11,17,1,0.17593145370483398,0.27395057678222656,"(Vertices: [0, 1, 2, 3, 4, 5, 6, 7, 8, 9, 10]) -- (Edges: [(9, 10), (9, 7), (1, 2), (10, 2), (2, 10), (10, 7), (5, 7), (8, 5), (9, 5), (1, 7), (0, 2), (3, 6), (0, 5), (10, 3), (1, 3), (4, 7), (3, 5)])"
11,20,46,2.135815143585205,7.201869964599609,"(Vertices: [0, 1, 2, 3, 4, 5, 6, 7, 8, 9, 10]) -- (Edges: [(4, 6), (8, 0), (8, 3), (8, 9), (10, 6), (0, 8), (1, 3), (1, 9), (8, 2), (9, 1), (8, 5), (0, 7), (2, 4), (1, 2), (0, 10), (4, 7), (9, 3), (0, 6), (1, 7), (1, 10)])"
12,29,1,0.09641146659851074,0.3308382034301758,"(Vertices: [0, 1, 2, 3, 4, 5, 6, 7, 8, 9, 10, 11]) -- (Edges: [(4, 6), (5, 7), (8, 0), (8, 9), (11, 5), (10, 3), (9, 11), (0, 8), (2, 5), (1, 3), (2, 11), (0, 11), (9, 7), (8, 5), (11, 7), (2, 4), (1, 2), (0, 4), (0, 10), (10, 11), (1, 11), (3, 5), (9, 3), (10, 4), (0, 3), (8, 10), (0, 6), (2, 3), (11, 6)])"
12,26,64,3.8539202213287354,12.606810569763184,"(Vertices: [0, 1, 2, 3, 4, 5, 6, 7, 8, 9, 10, 11]) -- (Edges: [(9, 2), (5, 7), (8, 6), (10, 3), (1, 6), (2, 5), (2, 11), (1, 9), (0, 11), (9, 1), (9, 7), (8, 5), (11, 4), (8, 11), (0, 1), (9, 10), (10, 5), (10, 2), (10, 11), (1, 11), (2, 10), (6, 7), (8, 7), (8, 10), (10, 7), (2, 3)])"
13,33,1,0.10668158531188965,0.3713665008544922,"(Vertices: [0, 1, 2, 3, 4, 5, 6, 7, 8, 9, 10, 11, 12]) -- (Edges: [(12, 4), (12, 7), (3, 4), (3, 7), (4, 12), (8, 0), (0, 2), (1, 6), (0, 8), (2, 5), (2, 11), (9, 11), (0, 11), (4, 5), (5, 6), (3, 12), (8, 2), (11, 4), (10, 2), (0, 1), (10, 5), (10, 11), (0, 10), (1, 5), (2, 10), (6, 7), (12, 5), (4, 7), (0, 9), (10, 7), (8, 10), (11, 12), (2, 6)])"
13,22,91,5.372044801712036,15.077020645141602,"(Vertices: [0, 1, 2, 3, 4, 5, 6, 7, 8, 9, 10, 11, 12]) -- (Edges: [(3, 4), (4, 6), (9, 2), (8, 0), (9, 5), (1, 6), (0, 8), (1, 3), (2, 11), (4, 5), (12, 6), (9, 4), (0, 1), (1, 5), (6, 7), (3, 5), (9, 6), (0, 3), (10, 7), (1, 4), (2, 6), (1, 10)])"
14,36,1,0.128676176071167,0.40160179138183594,"(Vertices: [0, 1, 2, 3, 4, 5, 6, 7, 8, 9, 10, 11, 12, 13]) -- (Edges: [(12, 7), (3, 4), (3, 7), (4, 6), (9, 2), (5, 13), (3, 13), (8, 6), (8, 12), (1, 6), (2, 11), (13, 5), (12, 6), (10, 2), (9, 4), (0, 7), (10, 5), (10, 11), (9, 13), (2, 10), (3, 11), (8, 4), (9, 3), (8, 7), (10, 4), (9, 6), (11, 3), (0, 9), (8, 10), (10, 13), (0, 6), (0, 12), (11, 12), (1, 7), (1, 13), (2, 12)])"
14,36,128,49.61103177070618,34.27151966094971,"(Vertices: [0, 1, 2, 3, 4, 5, 6, 7, 8, 9, 10, 11, 12, 13]) -- (Edges: [(12, 7), (3, 7), (4, 6), (5, 7), (3, 13), (8, 3), (10, 6), (8, 12), (1, 6), (9, 11), (1, 3), (1, 9), (4, 5), (12, 6), (3, 6), (9, 1), (8, 11), (0, 1), (0, 7), (10, 5), (9, 10), (10, 11), (1, 5), (1, 11), (0, 13), (13, 7), (4, 7), (8, 4), (8, 1), (10, 4), (0, 9), (10, 7), (8, 10), (8, 13), (1, 13), (2, 6)])"
15,37,1,0.11842966079711914,0.39538097381591797,"(Vertices: [0, 1, 2, 3, 4, 5, 6, 7, 8, 9, 10, 11, 12, 13, 14]) -- (Edges: [(12, 4), (12, 7), (3, 4), (4, 6), (4, 12), (0, 5), (10, 3), (11, 5), (8, 12), (2, 11), (1, 9), (0, 11), (5, 6), (3, 6), (9, 1), (8, 5), (8, 11), (9, 10), (11, 7), (10, 11), (0, 4), (2, 7), (1, 11), (6, 7), (12, 14), (3, 14), (4, 13), (8, 7), (10, 4), (9, 12), (8, 10), (10, 7), (1, 4), (10, 13), (0, 12), (11, 12), (1, 10)])"
15,35,182,12.535866022109985,47.31695747375488,"(Vertices: [0, 1, 2, 3, 4, 5, 6, 7, 8, 9, 10, 11, 12, 13, 14]) -- (Edges: [(5, 7), (3, 13), (8, 3), (8, 6), (10, 3), (1, 6), (2, 5), (0, 14), (6, 14), (14, 6), (12, 6), (5, 6), (3, 12), (9, 4), (0, 7), (8, 14), (1, 2), (0, 10), (2, 7), (13, 7), (12, 5), (4, 7), (3, 5), (3, 14), (9, 6), (9, 12), (0, 9), (10, 7), (8, 10), (0, 6), (2, 3), (11, 6), (1, 13), (13, 6), (1, 10)])"
5,5,1,0.08280014991760254,1.1889238357543945,"(Vertices: [0, 1, 2, 3, 4]) -- (Edges: [(0, 1), (0, 4), (3, 4), (2, 3), (0, 2)])"
5,5,6,0.0943753719329834,0.3539457321166992,"(Vertices: [0, 1, 2, 3, 4]) -- (Edges: [(0, 1), (0, 4), (0, 3), (1, 4), (0, 2)])"
6,4,1,0.04313349723815918,0.1391763687133789,"(Vertices: [0, 1, 2, 3, 4, 5]) -- (Edges: [(1, 2), (0, 3), (3, 4), (0, 5)])"
6,4,8,0.10540771484375,0.3710908889770508,"(Vertices: [0, 1, 2, 3, 4, 5]) -- (Edges: [(0, 1), (1, 2), (0, 3), (2, 5)])"
7,7,1,0.04979109764099121,0.16974258422851562,"(Vertices: [0, 1, 2, 3, 4, 5, 6]) -- (Edges: [(0, 3), (4, 6), (1, 4), (2, 3), (0, 2), (5, 6), (3, 6)])"
7,6,12,0.3229656219482422,0.8171882629394531,"(Vertices: [0, 1, 2, 3, 4, 5, 6]) -- (Edges: [(0, 1), (2, 4), (4, 6), (2, 6), (5, 6), (3, 6)])"
8,8,1,0.05842947959899902,0.18538951873779297,"(Vertices: [0, 1, 2, 3, 4, 5, 6, 7]) -- (Edges: [(0, 7), (2, 4), (4, 6), (1, 4), (0, 2), (0, 5), (2, 5), (3, 5)])"
8,7,16,0.2393193244934082,0.965428352355957,"(Vertices: [0, 1, 2, 3, 4, 5, 6, 7]) -- (Edges: [(2, 4), (3, 7), (1, 4), (5, 7), (6, 7), (2, 6), (3, 5)])"
9,16,1,0.06644892692565918,0.23699569702148438,"(Vertices: [0, 1, 2, 3, 4, 5, 6, 7, 8]) -- (Edges: [(0, 1), (2, 4), (1, 2), (8, 1), (8, 7), (3, 7), (0, 3), (4, 6), (8, 0), (2, 3), (4, 5), (2, 6), (8, 6), (1, 6), (0, 8), (8, 5)])"
9,15,23,0.6863806247711182,2.7132034301757812,"(Vertices: [0, 1, 2, 3, 4, 5, 6, 7, 8]) -- (Edges: [(0, 1), (3, 4), (8, 1), (4, 6), (5, 7), (0, 6), (2, 3), (1, 7), (4, 5), (2, 6), (0, 5), (3, 6), (1, 6), (1, 3), (4, 7)])"
10,10,1,0.06510448455810547,0.19357967376708984,"(Vertices: [0, 1, 2, 3, 4, 5, 6, 7, 8, 9]) -- (Edges: [(2, 4), (8, 1), (4, 6), (1, 4), (0, 2), (8, 3), (2, 6), (8, 6), (3, 6), (2, 5)])"
10,17,32,1.0882039070129395,4.230966567993164,"(Vertices: [0, 1, 2, 3, 4, 5, 6, 7, 8, 9]) -- (Edges: [(0, 1), (0, 7), (1, 2), (1, 5), (5, 7), (0, 6), (2, 3), (8, 0), (0, 2), (8, 3), (5, 6), (0, 5), (8, 6), (8, 2), (0, 8), (2, 5), (8, 5)])"
11,17,1,0.08106756210327148,0.23940277099609375,"(Vertices: [0, 1, 2, 3, 4, 5, 6, 7, 8, 9, 10]) -- (Edges: [(0, 4), (0, 10), (2, 7), (8, 4), (3, 7), (4, 6), (9, 2), (0, 6), (2, 3), (9, 5), (8, 3), (4, 5), (2, 6), (8, 9), (3, 6), (1, 6), (9, 7)])"
11,18,46,1.899167537689209,6.459572792053223,"(Vertices: [0, 1, 2, 3, 4, 5, 6, 7, 8, 9, 10]) -- (Edges: [(9, 10), (0, 7), (10, 5), (1, 2), (9, 6), (0, 3), (8, 10), (9, 2), (0, 6), (2, 3), (10, 3), (0, 2), (9, 5), (2, 6), (3, 6), (8, 2), (2, 5), (1, 3)])"
12,20,1,0.0749051570892334,0.2749042510986328,"(Vertices: [0, 1, 2, 3, 4, 5, 6, 7, 8, 9, 10, 11]) -- (Edges: [(3, 7), (9, 2), (9, 5), (9, 11), (2, 11), (1, 9), (0, 11), (5, 6), (3, 6), (9, 1), (8, 11), (9, 4), (9, 10), (1, 2), (0, 10), (2, 7), (1, 11), (0, 3), (1, 4), (1, 7)])"
12,25,64,3.911320209503174,12.198646545410156,"(Vertices: [0, 1, 2, 3, 4, 5, 6, 7, 8, 9, 10, 11]) -- (Edges: [(3, 7), (4, 6), (9, 2), (5, 7), (0, 2), (10, 6), (10, 3), (1, 3), (3, 6), (8, 11), (9, 10), (0, 7), (11, 7), (1, 2), (0, 10), (6, 7), (4, 7), (3, 11), (8, 4), (8, 1), (10, 4), (0, 3), (0, 9), (11, 3), (10, 7)])"
13,34,1,0.11663389205932617,0.3646249771118164,"(Vertices: [0, 1, 2, 3, 4, 5, 6, 7, 8, 9, 10, 11, 12]) -- (Edges: [(12, 4), (3, 4), (4, 12), (5, 7), (8, 0), (0, 2), (8, 3), (0, 5), (0, 8), (2, 5), (0, 11), (1, 12), (5, 6), (9, 4), (0, 7), (2, 4), (1, 2), (0, 4), (10, 5), (11, 7), (10, 11), (1, 11), (6, 7), (4, 7), (3, 11), (9, 3), (8, 7), (11, 3), (0, 9), (8, 10), (1, 4), (9, 12), (0, 12), (11, 12)])"
13,23,91,5.712724208831787,15.770408630371094,"(Vertices: [0, 1, 2, 3, 4, 5, 6, 7, 8, 9, 10, 11, 12]) -- (Edges: [(3, 7), (9, 5), (8, 3), (10, 3), (1, 6), (1, 12), (3, 6), (9, 7), (8, 11), (10, 2), (1, 2), (0, 10), (1, 11), (2, 10), (12, 5), (9, 3), (8, 1), (10, 4), (9, 6), (9, 12), (0, 9), (0, 12), (1, 10)])"
14,32,1,0.11035680770874023,0.3632650375366211,"(Vertices: [0, 1, 2, 3, 4, 5, 6, 7, 8, 9, 10, 11, 12, 13]) -- (Edges: [(3, 7), (8, 0), (3, 13), (11, 5), (9, 11), (0, 8), (2, 11), (1, 3), (1, 9), (4, 5), (8, 2), (9, 1), (11, 4), (0, 1), (0, 7), (0, 4), (0, 10), (2, 7), (1, 11), (0, 13), (3, 5), (3, 11), (0, 3), (11, 3), (10, 7), (8, 10), (11, 6), (0, 12), (10, 13), (11, 12), (1, 13), (13, 6)])"
14,24,128,10.52711009979248,23.00126838684082,"(Vertices: [0, 1, 2, 3, 4, 5, 6, 7, 8, 9, 10, 11, 12, 13]) -- (Edges: [(3, 4), (3, 7), (12, 13), (9, 5), (10, 3), (1, 6), (1, 3), (10, 12), (4, 5), (12, 6), (8, 2), (0, 7), (13, 7), (0, 13), (11, 13), (8, 7), (9, 6), (8, 10), (10, 7), (0, 6), (8, 13), (1, 7), (1, 13), (2, 6)])"
15,41,1,0.13920092582702637,0.4311838150024414,"(Vertices: [0, 1, 2, 3, 4, 5, 6, 7, 8, 9, 10, 11, 12, 13, 14]) -- (Edges: [(12, 7), (14, 7), (9, 2), (8, 0), (9, 5), (9, 14), (8, 12), (1, 6), (0, 8), (2, 5), (1, 3), (10, 12), (2, 14), (1, 12), (6, 14), (14, 6), (3, 6), (3, 12), (4, 14), (11, 4), (9, 4), (0, 7), (10, 5), (1, 2), (11, 7), (0, 10), (8, 14), (13, 7), (1, 11), (9, 13), (6, 7), (4, 7), (3, 5), (9, 3), (8, 1), (8, 7), (10, 4), (1, 4), (11, 6), (1, 13), (2, 6)])"
15,36,182,12.86652660369873,48.54612731933594,"(Vertices: [0, 1, 2, 3, 4, 5, 6, 7, 8, 9, 10, 11, 12, 13, 14]) -- (Edges: [(12, 7), (3, 4), (4, 6), (5, 7), (0, 2), (8, 3), (10, 6), (11, 5), (9, 14), (0, 14), (2, 14), (5, 6), (11, 4), (8, 5), (8, 11), (9, 10), (10, 5), (1, 2), (0, 4), (9, 13), (2, 7), (13, 7), (1, 14), (12, 5), (12, 14), (3, 14), (8, 1), (5, 14), (10, 4), (9, 6), (8, 10), (10, 13), (0, 6), (2, 3), (1, 13), (2, 12)])"
5,2,1,0.06897401809692383,1.1689767837524414,"(Vertices: [0, 1, 2, 3, 4]) -- (Edges: [(2, 4), (1, 4)])"
5,4,6,0.08780550956726074,0.3155527114868164,"(Vertices: [0, 1, 2, 3, 4]) -- (Edges: [(1, 2), (0, 3), (1, 3), (1, 4)])"
6,8,1,0.055314064025878906,0.17553424835205078,"(Vertices: [0, 1, 2, 3, 4, 5]) -- (Edges: [(2, 4), (3, 4), (0, 3), (2, 3), (4, 5), (0, 5), (1, 3), (3, 5)])"
6,5,8,0.115997314453125,0.4244403839111328,"(Vertices: [0, 1, 2, 3, 4, 5]) -- (Edges: [(2, 4), (0, 4), (1, 5), (2, 3), (0, 5)])"
7,5,1,0.04833340644836426,0.15045928955078125,"(Vertices: [0, 1, 2, 3, 4, 5, 6]) -- (Edges: [(1, 2), (0, 4), (1, 5), (4, 6), (1, 4)])"
7,6,12,0.35357666015625,0.828526496887207,"(Vertices: [0, 1, 2, 3, 4, 5, 6]) -- (Edges: [(1, 2), (0, 4), (1, 5), (2, 6), (5, 6), (3, 5)])"
8,8,1,0.06549406051635742,0.18854141235351562,"(Vertices: [0, 1, 2, 3, 4, 5, 6, 7]) -- (Edges: [(0, 4), (2, 7), (1, 4), (5, 7), (0, 2), (1, 7), (3, 6), (3, 5)])"
8,6,16,0.22450566291809082,0.8395519256591797,"(Vertices: [0, 1, 2, 3, 4, 5, 6, 7]) -- (Edges: [(2, 7), (1, 4), (1, 7), (2, 6), (3, 6), (1, 3)])"
9,16,1,0.07323455810546875,0.23479270935058594,"(Vertices: [0, 1, 2, 3, 4, 5, 6, 7, 8]) -- (Edges: [(0, 1), (0, 7), (1, 2), (8, 4), (2, 7), (0, 3), (8, 0), (0, 6), (2, 3), (0, 5), (3, 6), (8, 2), (0, 8), (1, 3), (8, 5), (3, 5)])"
9,8,23,0.36364054679870605,1.5166292190551758,"(Vertices: [0, 1, 2, 3, 4, 5, 6, 7, 8]) -- (Edges: [(3, 7), (0, 3), (0, 6), (0, 2), (1, 7), (4, 5), (5, 6), (1, 6)])"
10,20,1,0.0754096508026123,0.2663307189941406,"(Vertices: [0, 1, 2, 3, 4, 5, 6, 7, 8, 9]) -- (Edges: [(3, 4), (3, 7), (4, 6), (9, 5), (8, 3), (8, 6), (1, 6), (2, 5), (4, 5), (5, 6), (8, 2), (9, 7), (0, 7), (2, 7), (1, 5), (6, 7), (8, 1), (0, 9), (0, 6), (1, 7)])"
10,13,32,0.8791139125823975,3.3741750717163086,"(Vertices: [0, 1, 2, 3, 4, 5, 6, 7, 8, 9]) -- (Edges: [(0, 7), (0, 4), (9, 3), (1, 5), (8, 7), (9, 6), (0, 3), (8, 0), (2, 3), (8, 3), (8, 9), (1, 6), (0, 8)])"
11,19,1,0.0821533203125,0.2642984390258789,"(Vertices: [0, 1, 2, 3, 4, 5, 6, 7, 8, 9, 10]) -- (Edges: [(3, 7), (9, 2), (5, 7), (9, 5), (1, 6), (2, 5), (1, 3), (9, 7), (2, 4), (10, 5), (0, 10), (3, 5), (8, 4), (9, 3), (0, 9), (8, 10), (0, 6), (1, 7), (1, 10)])"
11,13,46,1.2615091800689697,4.800220489501953,"(Vertices: [0, 1, 2, 3, 4, 5, 6, 7, 8, 9, 10]) -- (Edges: [(9, 10), (10, 5), (1, 2), (3, 4), (1, 5), (8, 7), (9, 6), (10, 7), (1, 4), (1, 7), (2, 6), (1, 6), (3, 5)])"
12,22,1,0.09246230125427246,0.2917041778564453,"(Vertices: [0, 1, 2, 3, 4, 5, 6, 7, 8, 9, 10, 11]) -- (Edges: [(4, 6), (5, 7), (0, 2), (8, 9), (1, 3), (1, 9), (4, 5), (5, 6), (3, 6), (9, 1), (0, 1), (0, 7), (9, 10), (1, 2), (0, 4), (6, 7), (9, 3), (0, 3), (8, 10), (10, 7), (2, 3), (1, 10)])"
12,26,64,4.085371017456055,12.569835662841797,"(Vertices: [0, 1, 2, 3, 4, 5, 6, 7, 8, 9, 10, 11]) -- (Edges: [(9, 5), (0, 2), (8, 9), (0, 5), (10, 3), (11, 5), (1, 6), (2, 11), (4, 5), (5, 6), (9, 7), (9, 10), (2, 4), (10, 5), (2, 7), (1, 11), (3, 11), (8, 1), (8, 7), (10, 4), (9, 6), (11, 3), (1, 4), (0, 6), (2, 3), (2, 6)])"
13,18,1,0.08723640441894531,0.2651958465576172,"(Vertices: [0, 1, 2, 3, 4, 5, 6, 7, 8, 9, 10, 11, 12]) -- (Edges: [(0, 7), (1, 12), (0, 4), (3, 4), (1, 5), (1, 11), (0, 3), (5, 7), (0, 6), (1, 7), (12, 6), (8, 9), (10, 12), (1, 10), (10, 3), (12, 5), (9, 7), (3, 5)])"
13,28,91,9.13864517211914,19.098259925842285,"(Vertices: [0, 1, 2, 3, 4, 5, 6, 7, 8, 9, 10, 11, 12]) -- (Edges: [(3, 7), (5, 7), (8, 3), (0, 5), (10, 3), (2, 11), (1, 9), (1, 12), (12, 6), (3, 12), (9, 1), (11, 4), (8, 11), (10, 2), (0, 1), (0, 7), (2, 4), (1, 2), (10, 5), (0, 10), (10, 11), (1, 5), (2, 10), (9, 3), (9, 6), (1, 4), (2, 3), (1, 10)])"
14,24,1,0.0981597900390625,0.3094472885131836,"(Vertices: [0, 1, 2, 3, 4, 5, 6, 7, 8, 9, 10, 11, 12, 13]) -- (Edges: [(12, 4), (4, 12), (5, 13), (0, 2), (8, 3), (8, 12), (10, 3), (13, 5), (10, 12), (1, 12), (3, 6), (3, 12), (8, 5), (0, 1), (9, 10), (2, 4), (9, 6), (8, 10), (10, 13), (11, 6), (2, 3), (2, 6), (13, 6), (1, 10)])"
14,35,128,101.27731990814209,33.31923770904541,"(Vertices: [0, 1, 2, 3, 4, 5, 6, 7, 8, 9, 10, 11, 12, 13]) -- (Edges: [(3, 4), (3, 7), (9, 2), (5, 13), (3, 13), (0, 2), (8, 9), (10, 6), (11, 5), (10, 3), (2, 5), (13, 5), (3, 12), (8, 2), (11, 4), (8, 11), (0, 1), (11, 7), (9, 10), (0, 4), (0, 10), (13, 7), (11, 13), (12, 5), (4, 7), (3, 11), (9, 3), (8, 1), (8, 7), (11, 3), (1, 4), (0, 6), (2, 3), (11, 6), (1, 13)])"
15,39,1,0.12665390968322754,0.41882896423339844,"(Vertices: [0, 1, 2, 3, 4, 5, 6, 7, 8, 9, 10, 11, 12, 13, 14]) -- (Edges: [(12, 4), (12, 7), (3, 4), (4, 12), (8, 0), (5, 13), (9, 5), (0, 5), (8, 12), (9, 14), (9, 11), (0, 8), (0, 14), (1, 3), (13, 5), (2, 14), (13, 14), (3, 6), (3, 12), (10, 2), (9, 10), (8, 14), (9, 13), (0, 10), (0, 13), (2, 10), (11, 13), (4, 7), (12, 14), (8, 7), (0, 9), (8, 10), (10, 13), (0, 6), (8, 13), (1, 7), (1, 13), (13, 6), (1, 10)])"
15,33,182,11.93052864074707,44.65424346923828,"(Vertices: [0, 1, 2, 3, 4, 5, 6, 7, 8, 9, 10, 11, 12, 13, 14]) -- (Edges: [(12, 4), (12, 7), (4, 12), (3, 13), (0, 14), (10, 12), (1, 9), (6, 14), (14, 6), (12, 6), (8, 2), (9, 1), (9, 7), (11, 7), (10, 5), (1, 2), (8, 14), (0, 13), (1, 14), (12, 5), (8, 4), (8, 1), (5, 14), (10, 4), (9, 6), (8, 10), (1, 4), (0, 6), (8, 13), (1, 7), (2, 6), (2, 12), (13, 6)])"
5,2,1,0.075469970703125,1.1657295227050781,"(Vertices: [0, 1, 2, 3, 4]) -- (Edges: [(1, 3), (0, 4)])"
5,6,6,0.10775923728942871,0.4019041061401367,"(Vertices: [0, 1, 2, 3, 4]) -- (Edges: [(0, 1), (2, 4), (1, 2), (0, 4), (3, 4), (1, 3)])"
6,5,1,0.04836392402648926,0.15149784088134766,"(Vertices: [0, 1, 2, 3, 4, 5]) -- (Edges: [(0, 1), (3, 4), (1, 4), (2, 3), (0, 5)])"
6,6,8,0.12797307968139648,0.49143505096435547,"(Vertices: [0, 1, 2, 3, 4, 5]) -- (Edges: [(0, 1), (2, 4), (0, 3), (0, 2), (4, 5), (1, 3)])"
7,11,1,0.05460619926452637,0.19620227813720703,"(Vertices: [0, 1, 2, 3, 4, 5, 6]) -- (Edges: [(1, 2), (0, 4), (3, 4), (1, 5), (0, 6), (2, 3), (2, 6), (5, 6), (0, 5), (1, 3), (3, 5)])"
7,9,12,0.23938202857971191,0.9992084503173828,"(Vertices: [0, 1, 2, 3, 4, 5, 6]) -- (Edges: [(0, 4), (3, 4), (0, 3), (4, 6), (0, 2), (4, 5), (5, 6), (1, 6), (2, 5)])"
8,11,1,0.05726790428161621,0.19281864166259766,"(Vertices: [0, 1, 2, 3, 4, 5, 6, 7]) -- (Edges: [(0, 1), (2, 4), (1, 2), (3, 4), (1, 5), (0, 3), (1, 4), (5, 7), (6, 7), (1, 7), (5, 6)])"
8,10,16,0.3311798572540283,1.3107576370239258,"(Vertices: [0, 1, 2, 3, 4, 5, 6, 7]) -- (Edges: [(0, 7), (1, 2), (0, 4), (3, 4), (2, 7), (0, 3), (4, 5), (3, 6), (1, 6), (3, 5)])"
9,14,1,0.06197094917297363,0.22181320190429688,"(Vertices: [0, 1, 2, 3, 4, 5, 6, 7, 8]) -- (Edges: [(1, 2), (8, 4), (3, 4), (2, 7), (3, 7), (8, 0), (1, 7), (8, 3), (4, 5), (5, 6), (3, 6), (8, 2), (0, 8), (4, 7)])"
9,11,23,0.49495887756347656,1.9911231994628906,"(Vertices: [0, 1, 2, 3, 4, 5, 6, 7, 8]) -- (Edges: [(0, 1), (1, 2), (2, 7), (1, 5), (0, 3), (4, 6), (5, 7), (2, 3), (0, 2), (2, 6), (1, 3)])"
10,14,1,0.0641927719116211,0.21493148803710938,"(Vertices: [0, 1, 2, 3, 4, 5, 6, 7, 8, 9]) -- (Edges: [(0, 1), (2, 4), (9, 6), (0, 9), (1, 4), (5, 7), (8, 0), (6, 7), (1, 7), (8, 9), (0, 8), (1, 3), (8, 5), (3, 5)])"
10,18,32,1.1779696941375732,4.467430114746094,"(Vertices: [0, 1, 2, 3, 4, 5, 6, 7, 8, 9]) -- (Edges: [(0, 7), (0, 4), (9, 3), (1, 5), (9, 6), (4, 6), (1, 4), (2, 3), (9, 5), (1, 7), (6, 7), (2, 6), (5, 6), (3, 6), (1, 6), (8, 5), (3, 5), (8, 2)])"
11,15,1,0.0723271369934082,0.2278890609741211,"(Vertices: [0, 1, 2, 3, 4, 5, 6, 7, 8, 9, 10]) -- (Edges: [(9, 10), (1, 2), (10, 2), (0, 10), (2, 7), (1, 5), (3, 7), (2, 10), (0, 3), (5, 7), (8, 3), (4, 5), (8, 6), (1, 3), (3, 5)])"
11,16,46,1.699836015701294,5.734392166137695,"(Vertices: [0, 1, 2, 3, 4, 5, 6, 7, 8, 9, 10]) -- (Edges: [(0, 7), (0, 4), (0, 10), (2, 7), (8, 7), (3, 7), (0, 3), (4, 6), (0, 6), (0, 2), (8, 3), (4, 5), (9, 1), (9, 7), (1, 9), (9, 4)])"
12,25,1,0.11368727684020996,0.31148242950439453,"(Vertices: [0, 1, 2, 3, 4, 5, 6, 7, 8, 9, 10, 11]) -- (Edges: [(3, 4), (3, 7), (9, 2), (5, 7), (8, 9), (10, 6), (10, 3), (1, 9), (3, 6), (8, 2), (9, 1), (8, 5), (11, 4), (10, 2), (0, 7), (10, 5), (2, 7), (1, 11), (2, 10), (3, 11), (11, 3), (0, 9), (8, 10), (0, 6), (2, 3)])"
12,20,64,3.0020956993103027,9.713105201721191,"(Vertices: [0, 1, 2, 3, 4, 5, 6, 7, 8, 9, 10, 11]) -- (Edges: [(3, 7), (4, 6), (8, 0), (8, 6), (0, 8), (4, 5), (10, 2), (9, 4), (11, 7), (2, 10), (3, 11), (8, 4), (8, 1), (8, 7), (11, 3), (8, 10), (1, 4), (0, 6), (1, 7), (1, 10)])"
13,26,1,0.10475039482116699,0.32094669342041016,"(Vertices: [0, 1, 2, 3, 4, 5, 6, 7, 8, 9, 10, 11, 12]) -- (Edges: [(3, 4), (9, 2), (5, 7), (8, 0), (9, 5), (8, 3), (10, 6), (0, 5), (1, 6), (0, 8), (1, 3), (2, 11), (12, 6), (9, 7), (0, 1), (0, 7), (10, 5), (1, 11), (12, 5), (3, 11), (0, 3), (11, 3), (10, 7), (11, 6), (1, 7), (2, 12)])"
13,30,91,9.100585460662842,20.41351890563965,"(Vertices: [0, 1, 2, 3, 4, 5, 6, 7, 8, 9, 10, 11, 12]) -- (Edges: [(9, 2), (8, 3), (0, 5), (8, 6), (1, 6), (1, 3), (10, 12), (0, 11), (1, 12), (4, 5), (5, 6), (8, 2), (9, 7), (11, 4), (8, 5), (10, 5), (1, 2), (10, 11), (2, 7), (1, 5), (1, 11), (3, 11), (9, 3), (8, 1), (8, 7), (11, 3), (8, 10), (9, 12), (2, 6), (2, 12)])"
14,32,1,0.1080636978149414,0.36644840240478516,"(Vertices: [0, 1, 2, 3, 4, 5, 6, 7, 8, 9, 10, 11, 12, 13]) -- (Edges: [(12, 4), (4, 12), (9, 2), (12, 13), (0, 5), (8, 6), (8, 12), (2, 11), (1, 9), (10, 12), (4, 5), (9, 1), (9, 7), (8, 5), (11, 4), (10, 2), (0, 1), (9, 13), (13, 7), (2, 10), (2, 13), (6, 7), (4, 7), (3, 5), (8, 4), (4, 13), (8, 1), (0, 3), (9, 12), (11, 6), (2, 6), (13, 6)])"
14,38,128,77.84756636619568,36.14872074127197,"(Vertices: [0, 1, 2, 3, 4, 5, 6, 7, 8, 9, 10, 11, 12, 13]) -- (Edges: [(12, 4), (4, 12), (9, 2), (5, 7), (5, 13), (8, 3), (10, 6), (0, 5), (11, 5), (9, 11), (2, 5), (1, 3), (13, 5), (12, 6), (11, 4), (8, 5), (8, 11), (2, 4), (10, 5), (9, 13), (0, 10), (1, 5), (1, 11), (0, 13), (11, 13), (2, 13), (6, 7), (4, 7), (4, 13), (8, 1), (10, 4), (9, 12), (10, 13), (11, 6), (11, 12), (1, 13), (2, 12), (13, 6)])"
15,37,1,0.12082147598266602,0.40218257904052734,"(Vertices: [0, 1, 2, 3, 4, 5, 6, 7, 8, 9, 10, 11, 12, 13, 14]) -- (Edges: [(12, 7), (3, 4), (12, 13), (9, 2), (8, 0), (8, 3), (8, 9), (10, 6), (0, 5), (11, 5), (8, 6), (1, 6), (0, 8), (0, 14), (1, 3), (9, 11), (0, 11), (4, 5), (5, 6), (9, 7), (2, 4), (0, 4), (0, 10), (9, 13), (4, 7), (12, 14), (3, 11), (3, 14), (5, 14), (10, 4), (9, 6), (11, 3), (8, 7), (9, 12), (11, 6), (8, 13), (2, 6)])"
15,30,182,11.809396028518677,40.53004741668701,"(Vertices: [0, 1, 2, 3, 4, 5, 6, 7, 8, 9, 10, 11, 12, 13, 14]) -- (Edges: [(12, 7), (14, 7), (4, 6), (12, 13), (9, 2), (0, 2), (8, 3), (0, 5), (8, 6), (8, 12), (9, 14), (2, 5), (10, 12), (11, 14), (5, 6), (4, 14), (3, 6), (8, 11), (10, 2), (9, 10), (1, 2), (10, 11), (2, 7), (10, 14), (2, 10), (2, 13), (12, 14), (9, 3), (1, 13), (13, 6)])"
5,6,1,0.07930183410644531,1.194528579711914,"(Vertices: [0, 1, 2, 3, 4]) -- (Edges: [(0, 1), (2, 4), (0, 4), (3, 4), (2, 3), (1, 3)])"
5,2,6,0.06032896041870117,0.20787715911865234,"(Vertices: [0, 1, 2, 3, 4]) -- (Edges: [(0, 2), (1, 2)])"
6,7,1,0.05290675163269043,0.1689748764038086,"(Vertices: [0, 1, 2, 3, 4, 5]) -- (Edges: [(0, 1), (0, 4), (1, 5), (0, 3), (0, 2), (4, 5), (2, 5)])"
6,1,8,0.14900946617126465,0.5241212844848633,"(Vertices: [0, 1, 2, 3, 4, 5]) -- (Edges: [(0, 3)])"
7,5,1,0.04601764678955078,0.1523141860961914,"(Vertices: [0, 1, 2, 3, 4, 5, 6]) -- (Edges: [(0, 1), (3, 4), (0, 3), (0, 6), (0, 2)])"
7,9,12,0.25211501121520996,1.0072593688964844,"(Vertices: [0, 1, 2, 3, 4, 5, 6]) -- (Edges: [(0, 1), (2, 4), (1, 2), (3, 4), (0, 6), (2, 6), (5, 6), (3, 6), (1, 3)])"
8,6,1,0.045294761657714844,0.15610980987548828,"(Vertices: [0, 1, 2, 3, 4, 5, 6, 7]) -- (Edges: [(0, 7), (0, 4), (3, 4), (0, 6), (2, 3), (5, 6)])"
8,8,16,0.27562427520751953,1.0753059387207031,"(Vertices: [0, 1, 2, 3, 4, 5, 6, 7]) -- (Edges: [(0, 1), (2, 4), (1, 2), (6, 7), (1, 7), (4, 5), (2, 6), (1, 3)])"
9,8,1,0.05247020721435547,0.17593097686767578,"(Vertices: [0, 1, 2, 3, 4, 5, 6, 7, 8]) -- (Edges: [(0, 7), (8, 4), (2, 7), (8, 1), (8, 3), (1, 7), (5, 6), (3, 6)])"
9,14,23,0.6212880611419678,2.5179672241210938,"(Vertices: [0, 1, 2, 3, 4, 5, 6, 7, 8]) -- (Edges: [(2, 4), (1, 2), (3, 7), (5, 7), (8, 0), (8, 3), (4, 5), (5, 6), (8, 6), (3, 6), (8, 2), (0, 8), (8, 5), (3, 5)])"
10,14,1,0.06682658195495605,0.21578216552734375,"(Vertices: [0, 1, 2, 3, 4, 5, 6, 7, 8, 9]) -- (Edges: [(2, 4), (1, 2), (9, 3), (0, 3), (2, 3), (4, 5), (8, 9), (2, 6), (0, 5), (1, 6), (9, 7), (8, 5), (3, 5), (8, 2)])"
10,23,32,1.6087133884429932,5.734537124633789,"(Vertices: [0, 1, 2, 3, 4, 5, 6, 7, 8, 9]) -- (Edges: [(3, 4), (9, 5), (0, 2), (8, 3), (0, 5), (8, 6), (2, 5), (1, 3), (1, 9), (3, 6), (8, 2), (9, 1), (9, 7), (8, 5), (9, 4), (0, 7), (2, 4), (1, 2), (2, 7), (3, 5), (0, 3), (1, 7), (2, 6)])"
11,18,1,0.07880926132202148,0.2509346008300781,"(Vertices: [0, 1, 2, 3, 4, 5, 6, 7, 8, 9, 10]) -- (Edges: [(9, 10), (2, 4), (10, 5), (9, 7), (2, 7), (9, 3), (8, 10), (8, 0), (4, 7), (1, 7), (8, 9), (10, 6), (0, 5), (3, 6), (0, 8), (9, 1), (1, 3), (1, 9)])"
11,12,46,1.227545976638794,4.177603721618652,"(Vertices: [0, 1, 2, 3, 4, 5, 6, 7, 8, 9, 10]) -- (Edges: [(2, 4), (10, 5), (9, 6), (1, 4), (5, 7), (8, 0), (8, 3), (5, 6), (8, 6), (3, 6), (8, 2), (0, 8)])"
12,20,1,0.09512114524841309,0.2896890640258789,"(Vertices: [0, 1, 2, 3, 4, 5, 6, 7, 8, 9, 10, 11]) -- (Edges: [(4, 6), (9, 2), (5, 7), (8, 0), (0, 8), (2, 5), (5, 6), (9, 7), (8, 5), (9, 4), (0, 1), (10, 11), (4, 7), (9, 3), (9, 6), (0, 3), (10, 7), (1, 4), (0, 6), (2, 3)])"
12,23,64,3.6693131923675537,11.173924446105957,"(Vertices: [0, 1, 2, 3, 4, 5, 6, 7, 8, 9, 10, 11]) -- (Edges: [(3, 4), (4, 6), (9, 2), (11, 5), (10, 3), (1, 6), (2, 5), (1, 3), (2, 11), (3, 6), (0, 7), (1, 2), (10, 11), (3, 11), (8, 4), (8, 1), (8, 7), (11, 3), (8, 10), (10, 7), (1, 4), (11, 6), (2, 6)])"
13,26,1,0.0976419448852539,0.3140430450439453,"(Vertices: [0, 1, 2, 3, 4, 5, 6, 7, 8, 9, 10, 11, 12]) -- (Edges: [(9, 2), (9, 5), (8, 12), (1, 3), (10, 12), (1, 12), (3, 12), (11, 4), (8, 11), (0, 1), (2, 4), (1, 2), (10, 5), (10, 11), (1, 11), (6, 7), (8, 1), (10, 4), (0, 3), (0, 9), (8, 10), (0, 6), (0, 12), (2, 3), (2, 6), (1, 10)])"
13,35,91,11.905817031860352,23.73167896270752,"(Vertices: [0, 1, 2, 3, 4, 5, 6, 7, 8, 9, 10, 11, 12]) -- (Edges: [(3, 7), (4, 6), (5, 7), (8, 0), (9, 5), (10, 6), (11, 5), (10, 3), (0, 8), (2, 5), (1, 3), (10, 12), (4, 5), (12, 6), (3, 12), (8, 11), (0, 1), (11, 7), (2, 4), (1, 2), (10, 5), (1, 5), (3, 5), (3, 11), (8, 4), (9, 3), (8, 7), (9, 6), (11, 3), (9, 12), (1, 4), (0, 6), (2, 3), (11, 6), (2, 6)])"
14,26,1,0.10109901428222656,0.32475948333740234,"(Vertices: [0, 1, 2, 3, 4, 5, 6, 7, 8, 9, 10, 11, 12, 13]) -- (Edges: [(12, 7), (12, 13), (5, 13), (9, 5), (8, 9), (1, 6), (2, 5), (13, 5), (1, 9), (12, 6), (9, 1), (10, 2), (0, 7), (2, 4), (10, 5), (11, 7), (9, 13), (1, 5), (1, 11), (2, 10), (4, 7), (4, 13), (0, 3), (10, 13), (0, 12), (1, 13)])"
14,28,128,24.500304698944092,26.76498317718506,"(Vertices: [0, 1, 2, 3, 4, 5, 6, 7, 8, 9, 10, 11, 12, 13]) -- (Edges: [(3, 7), (12, 13), (9, 2), (8, 3), (0, 5), (9, 11), (2, 5), (2, 11), (0, 11), (1, 12), (12, 6), (8, 2), (9, 7), (11, 4), (0, 7), (1, 2), (0, 10), (2, 7), (1, 11), (6, 7), (12, 5), (4, 7), (8, 4), (9, 6), (0, 9), (11, 12), (2, 6), (13, 6)])"
15,34,1,0.12900638580322266,0.38365936279296875,"(Vertices: [0, 1, 2, 3, 4, 5, 6, 7, 8, 9, 10, 11, 12, 13, 14]) -- (Edges: [(3, 4), (4, 6), (9, 5), (0, 2), (8, 3), (9, 11), (0, 14), (11, 14), (1, 12), (12, 6), (5, 6), (10, 2), (9, 10), (0, 7), (11, 7), (0, 4), (0, 10), (1, 5), (1, 11), (11, 13), (2, 10), (2, 13), (3, 5), (3, 11), (12, 14), (3, 14), (4, 13), (9, 3), (10, 4), (0, 3), (11, 3), (8, 10), (9, 12), (13, 6)])"
15,37,182,12.994395732879639,50.0023250579834,"(Vertices: [0, 1, 2, 3, 4, 5, 6, 7, 8, 9, 10, 11, 12, 13, 14]) -- (Edges: [(3, 4), (3, 7), (14, 7), (12, 13), (9, 2), (5, 7), (0, 2), (0, 5), (8, 12), (9, 14), (1, 6), (0, 14), (13, 14), (6, 14), (14, 6), (4, 5), (5, 6), (3, 12), (9, 7), (10, 2), (9, 4), (0, 7), (8, 14), (10, 11), (2, 7), (13, 7), (10, 14), (2, 10), (1, 14), (5, 14), (0, 9), (1, 4), (0, 6), (2, 3), (11, 6), (8, 13), (1, 10)])"
5,5,1,0.0795133113861084,1.190572738647461,"(Vertices: [0, 1, 2, 3, 4]) -- (Edges: [(1, 2), (0, 4), (3, 4), (1, 4), (0, 2)])"
5,4,6,0.08132100105285645,0.3104238510131836,"(Vertices: [0, 1, 2, 3, 4]) -- (Edges: [(2, 3), (0, 2), (0, 3), (2, 4)])"
6,7,1,0.05160069465637207,0.1648426055908203,"(Vertices: [0, 1, 2, 3, 4, 5]) -- (Edges: [(0, 1), (3, 4), (0, 3), (1, 4), (2, 3), (0, 5), (1, 3)])"
6,5,8,0.12119555473327637,0.4340553283691406,"(Vertices: [0, 1, 2, 3, 4, 5]) -- (Edges: [(1, 4), (4, 5), (0, 2), (0, 5), (3, 5)])"
7,3,1,0.04756474494934082,0.13364505767822266,"(Vertices: [0, 1, 2, 3, 4, 5, 6]) -- (Edges: [(1, 6), (0, 2), (3, 4)])"
7,7,12,0.26787328720092773,0.8104429244995117,"(Vertices: [0, 1, 2, 3, 4, 5, 6]) -- (Edges: [(0, 1), (2, 3), (2, 6), (0, 5), (1, 6), (2, 5), (3, 5)])"
8,4,1,0.0422208309173584,0.14313602447509766,"(Vertices: [0, 1, 2, 3, 4, 5, 6, 7]) -- (Edges: [(0, 7), (1, 7), (3, 6), (1, 5)])"
8,11,16,0.36167144775390625,1.453883171081543,"(Vertices: [0, 1, 2, 3, 4, 5, 6, 7]) -- (Edges: [(0, 1), (0, 7), (2, 4), (0, 4), (4, 5), (2, 6), (5, 6), (0, 5), (3, 6), (1, 6), (4, 7)])"
9,15,1,0.0714118480682373,0.22304248809814453,"(Vertices: [0, 1, 2, 3, 4, 5, 6, 7, 8]) -- (Edges: [(2, 4), (1, 2), (8, 4), (3, 4), (8, 1), (1, 5), (1, 4), (0, 6), (2, 3), (0, 2), (2, 6), (8, 6), (8, 2), (2, 5), (8, 5)])"
9,15,23,0.7035620212554932,2.698084831237793,"(Vertices: [0, 1, 2, 3, 4, 5, 6, 7, 8]) -- (Edges: [(0, 7), (2, 7), (8, 1), (8, 7), (1, 4), (0, 6), (2, 3), (8, 5), (0, 2), (5, 6), (8, 6), (8, 2), (2, 5), (1, 3), (4, 7)])"
10,16,1,0.16124415397644043,0.22788619995117188,"(Vertices: [0, 1, 2, 3, 4, 5, 6, 7, 8, 9]) -- (Edges: [(0, 1), (1, 2), (8, 4), (9, 3), (9, 6), (0, 3), (4, 6), (0, 6), (2, 3), (9, 5), (8, 3), (8, 9), (5, 6), (3, 6), (8, 2), (3, 5)])"
10,13,32,0.852625846862793,3.313735008239746,"(Vertices: [0, 1, 2, 3, 4, 5, 6, 7, 8, 9]) -- (Edges: [(0, 1), (2, 4), (0, 9), (5, 7), (0, 6), (2, 3), (6, 7), (1, 7), (8, 0), (0, 8), (9, 7), (8, 5), (9, 4)])"
11,15,1,0.0733637809753418,0.2271280288696289,"(Vertices: [0, 1, 2, 3, 4, 5, 6, 7, 8, 9, 10]) -- (Edges: [(9, 10), (0, 7), (1, 2), (10, 4), (9, 6), (8, 10), (1, 4), (2, 3), (8, 9), (10, 6), (1, 6), (9, 7), (4, 7), (3, 5), (8, 2)])"
11,20,46,2.099372386932373,7.115081787109375,"(Vertices: [0, 1, 2, 3, 4, 5, 6, 7, 8, 9, 10]) -- (Edges: [(3, 4), (3, 7), (4, 6), (5, 7), (8, 6), (1, 3), (5, 6), (3, 6), (9, 4), (0, 1), (9, 10), (1, 2), (0, 10), (6, 7), (8, 4), (10, 4), (0, 9), (8, 10), (1, 4), (2, 6)])"
12,22,1,0.08537840843200684,0.29438018798828125,"(Vertices: [0, 1, 2, 3, 4, 5, 6, 7, 8, 9, 10, 11]) -- (Edges: [(3, 4), (4, 6), (9, 2), (9, 5), (0, 2), (8, 3), (10, 6), (11, 5), (2, 11), (5, 6), (9, 7), (11, 4), (10, 2), (9, 4), (2, 7), (1, 5), (1, 11), (2, 10), (6, 7), (1, 4), (11, 6), (1, 10)])"
12,30,64,5.624422550201416,14.483842849731445,"(Vertices: [0, 1, 2, 3, 4, 5, 6, 7, 8, 9, 10, 11]) -- (Edges: [(4, 6), (9, 2), (8, 0), (9, 5), (0, 2), (8, 3), (8, 9), (0, 5), (8, 6), (0, 8), (2, 5), (1, 3), (0, 11), (5, 6), (8, 5), (10, 2), (9, 10), (2, 4), (10, 11), (2, 7), (1, 5), (1, 11), (2, 10), (4, 7), (8, 4), (0, 3), (0, 9), (10, 7), (11, 6), (2, 6)])"
13,21,1,0.09825754165649414,0.28744983673095703,"(Vertices: [0, 1, 2, 3, 4, 5, 6, 7, 8, 9, 10, 11, 12]) -- (Edges: [(5, 7), (8, 0), (0, 2), (8, 3), (11, 5), (10, 3), (8, 6), (0, 8), (0, 11), (3, 12), (9, 7), (11, 7), (2, 4), (10, 11), (0, 4), (2, 7), (1, 5), (6, 7), (3, 5), (0, 9), (0, 6)])"
13,29,91,9.62467646598816,19.75486469268799,"(Vertices: [0, 1, 2, 3, 4, 5, 6, 7, 8, 9, 10, 11, 12]) -- (Edges: [(3, 7), (9, 5), (11, 5), (2, 5), (4, 5), (12, 6), (8, 2), (9, 7), (8, 11), (2, 4), (10, 11), (0, 4), (0, 10), (2, 7), (1, 5), (3, 5), (3, 11), (8, 4), (8, 1), (8, 7), (11, 3), (0, 9), (9, 12), (0, 6), (0, 12), (2, 3), (11, 6), (2, 6), (1, 10)])"
14,32,1,0.10448050498962402,0.3603553771972656,"(Vertices: [0, 1, 2, 3, 4, 5, 6, 7, 8, 9, 10, 11, 12, 13]) -- (Edges: [(12, 7), (3, 4), (4, 6), (12, 13), (5, 7), (3, 13), (8, 3), (8, 9), (11, 5), (0, 11), (4, 5), (3, 12), (8, 2), (9, 7), (9, 4), (0, 1), (10, 5), (10, 11), (0, 4), (0, 10), (11, 13), (12, 5), (3, 11), (4, 13), (9, 6), (0, 3), (11, 3), (10, 7), (11, 6), (8, 13), (1, 13), (1, 10)])"
14,47,128,370.8173050880432,44.63906288146973,"(Vertices: [0, 1, 2, 3, 4, 5, 6, 7, 8, 9, 10, 11, 12, 13]) -- (Edges: [(12, 4), (12, 7), (3, 4), (4, 12), (5, 13), (3, 13), (8, 3), (0, 5), (10, 3), (8, 6), (1, 6), (9, 11), (2, 11), (1, 3), (1, 9), (13, 5), (3, 6), (3, 12), (8, 2), (9, 1), (9, 7), (8, 11), (9, 4), (0, 1), (2, 4), (10, 11), (0, 4), (0, 10), (2, 7), (0, 13), (6, 7), (3, 5), (3, 11), (8, 4), (9, 3), (8, 7), (9, 6), (11, 3), (0, 9), (9, 12), (0, 6), (0, 12), (2, 3), (8, 13), (11, 12), (2, 12), (1, 10)])"
15,33,1,0.1090230941772461,0.3912086486816406,"(Vertices: [0, 1, 2, 3, 4, 5, 6, 7, 8, 9, 10, 11, 12, 13, 14]) -- (Edges: [(12, 13), (9, 5), (1, 6), (9, 11), (2, 5), (1, 3), (10, 12), (1, 12), (6, 14), (14, 6), (3, 6), (8, 5), (8, 11), (9, 4), (9, 10), (2, 4), (1, 2), (2, 7), (1, 5), (13, 7), (0, 13), (10, 14), (11, 13), (12, 14), (8, 4), (4, 13), (10, 4), (0, 9), (8, 10), (1, 4), (0, 12), (2, 3), (2, 6)])"
15,34,182,12.28320837020874,46.00411033630371,"(Vertices: [0, 1, 2, 3, 4, 5, 6, 7, 8, 9, 10, 11, 12, 13, 14]) -- (Edges: [(3, 4), (3, 7), (14, 7), (4, 6), (9, 2), (5, 7), (8, 0), (5, 13), (0, 2), (8, 3), (8, 6), (10, 3), (9, 14), (9, 11), (0, 8), (13, 5), (13, 14), (4, 14), (11, 4), (10, 5), (10, 11), (9, 13), (0, 13), (2, 13), (6, 7), (8, 4), (9, 3), (10, 4), (10, 7), (10, 13), (2, 3), (1, 7), (1, 13), (1, 10)])"
5,1,1,0.07147407531738281,1.1619129180908203,"(Vertices: [0, 1, 2, 3, 4]) -- (Edges: [(1, 2)])"
5,2,6,0.23789072036743164,0.6222829818725586,"(Vertices: [0, 1, 2, 3, 4]) -- (Edges: [(0, 1), (2, 3)])"
6,5,1,0.04325222969055176,0.1525135040283203,"(Vertices: [0, 1, 2, 3, 4, 5]) -- (Edges: [(3, 4), (1, 5), (0, 3), (1, 4), (1, 3)])"
6,3,8,0.08607912063598633,0.30683422088623047,"(Vertices: [0, 1, 2, 3, 4, 5]) -- (Edges: [(0, 2), (2, 5), (2, 4)])"
7,5,1,0.05475282669067383,0.14918899536132812,"(Vertices: [0, 1, 2, 3, 4, 5, 6]) -- (Edges: [(0, 4), (0, 3), (4, 5), (2, 6), (5, 6)])"
7,9,12,0.2458968162536621,1.0023536682128906,"(Vertices: [0, 1, 2, 3, 4, 5, 6]) -- (Edges: [(0, 4), (3, 4), (1, 5), (1, 4), (0, 2), (2, 6), (5, 6), (3, 6), (1, 6)])"
8,11,1,0.05337357521057129,0.20494842529296875,"(Vertices: [0, 1, 2, 3, 4, 5, 6, 7]) -- (Edges: [(0, 7), (1, 2), (3, 7), (6, 7), (0, 2), (4, 5), (5, 6), (0, 5), (3, 6), (1, 6), (3, 5)])"
8,11,16,0.37158679962158203,1.4385061264038086,"(Vertices: [0, 1, 2, 3, 4, 5, 6, 7]) -- (Edges: [(0, 1), (3, 4), (2, 7), (3, 7), (6, 7), (0, 2), (1, 7), (4, 5), (3, 6), (2, 5), (1, 3)])"
9,16,1,0.07324481010437012,0.23522663116455078,"(Vertices: [0, 1, 2, 3, 4, 5, 6, 7, 8]) -- (Edges: [(0, 1), (0, 7), (1, 2), (2, 7), (1, 5), (8, 1), (4, 6), (1, 4), (0, 6), (2, 3), (0, 2), (4, 5), (3, 6), (2, 5), (8, 5), (3, 5)])"
9,9,23,0.40679097175598145,1.6371450424194336,"(Vertices: [0, 1, 2, 3, 4, 5, 6, 7, 8]) -- (Edges: [(8, 4), (5, 7), (0, 6), (8, 3), (0, 2), (5, 6), (3, 6), (1, 3), (3, 5)])"
10,15,1,0.0681905746459961,0.22260475158691406,"(Vertices: [0, 1, 2, 3, 4, 5, 6, 7, 8, 9]) -- (Edges: [(0, 7), (9, 7), (1, 2), (2, 7), (8, 1), (8, 7), (3, 7), (0, 9), (6, 7), (4, 5), (8, 6), (3, 6), (8, 2), (1, 3), (8, 5)])"
10,18,32,1.1707007884979248,4.472674369812012,"(Vertices: [0, 1, 2, 3, 4, 5, 6, 7, 8, 9]) -- (Edges: [(0, 7), (1, 2), (1, 5), (8, 7), (0, 3), (0, 9), (9, 2), (1, 4), (1, 7), (8, 3), (2, 6), (4, 5), (5, 6), (8, 9), (8, 2), (9, 7), (3, 5), (9, 4)])"
11,21,1,0.07699871063232422,0.27452564239501953,"(Vertices: [0, 1, 2, 3, 4, 5, 6, 7, 8, 9, 10]) -- (Edges: [(4, 6), (5, 7), (0, 5), (8, 6), (10, 3), (1, 9), (4, 5), (9, 1), (8, 5), (9, 4), (0, 1), (0, 7), (2, 4), (0, 10), (3, 5), (8, 4), (8, 7), (10, 7), (0, 6), (1, 7), (1, 10)])"
11,15,46,1.5068597793579102,5.375884056091309,"(Vertices: [0, 1, 2, 3, 4, 5, 6, 7, 8, 9, 10]) -- (Edges: [(0, 1), (0, 7), (0, 10), (9, 3), (8, 7), (3, 7), (4, 6), (8, 10), (10, 7), (6, 7), (2, 6), (3, 6), (10, 3), (2, 5), (9, 4)])"
12,24,1,0.08658742904663086,0.3053598403930664,"(Vertices: [0, 1, 2, 3, 4, 5, 6, 7, 8, 9, 10, 11]) -- (Edges: [(3, 4), (9, 2), (8, 3), (0, 5), (11, 5), (2, 5), (4, 5), (9, 7), (9, 10), (2, 4), (1, 2), (0, 10), (3, 5), (3, 11), (8, 4), (9, 3), (8, 7), (9, 6), (0, 3), (11, 3), (10, 7), (8, 10), (2, 3), (2, 6)])"
12,17,64,2.385025978088379,8.484538078308105,"(Vertices: [0, 1, 2, 3, 4, 5, 6, 7, 8, 9, 10, 11]) -- (Edges: [(8, 7), (3, 7), (8, 10), (1, 4), (8, 5), (11, 6), (6, 7), (1, 7), (8, 0), (10, 6), (1, 10), (3, 6), (1, 6), (0, 8), (9, 7), (4, 7), (8, 11)])"
13,26,1,0.0974428653717041,0.3047199249267578,"(Vertices: [0, 1, 2, 3, 4, 5, 6, 7, 8, 9, 10, 11, 12]) -- (Edges: [(3, 7), (0, 2), (8, 3), (11, 5), (10, 3), (8, 12), (2, 5), (1, 9), (0, 11), (4, 5), (3, 12), (9, 1), (8, 11), (0, 7), (2, 4), (10, 5), (11, 7), (2, 7), (1, 5), (4, 7), (3, 11), (11, 3), (8, 10), (10, 7), (1, 4), (2, 3)])"
13,26,91,6.191785573959351,17.763080596923828,"(Vertices: [0, 1, 2, 3, 4, 5, 6, 7, 8, 9, 10, 11, 12]) -- (Edges: [(12, 4), (4, 6), (4, 12), (5, 7), (8, 0), (8, 12), (1, 6), (0, 8), (2, 5), (2, 11), (10, 12), (1, 12), (4, 5), (3, 12), (11, 4), (8, 11), (9, 4), (0, 1), (9, 10), (2, 4), (1, 2), (10, 11), (8, 4), (8, 7), (0, 6), (11, 6)])"
14,26,1,0.1029958724975586,0.32281970977783203,"(Vertices: [0, 1, 2, 3, 4, 5, 6, 7, 8, 9, 10, 11, 12, 13]) -- (Edges: [(4, 6), (5, 13), (3, 13), (10, 6), (8, 6), (2, 5), (13, 5), (2, 11), (4, 5), (3, 6), (8, 2), (10, 2), (0, 7), (2, 4), (1, 2), (10, 5), (0, 10), (2, 7), (11, 7), (10, 11), (11, 13), (2, 10), (9, 12), (8, 10), (0, 6), (1, 7)])"
14,43,128,155.2356882095337,40.992122650146484,"(Vertices: [0, 1, 2, 3, 4, 5, 6, 7, 8, 9, 10, 11, 12, 13]) -- (Edges: [(5, 7), (8, 0), (5, 13), (0, 2), (8, 3), (10, 6), (8, 6), (10, 3), (0, 8), (2, 11), (13, 5), (0, 11), (4, 5), (12, 6), (5, 6), (3, 6), (9, 7), (11, 4), (8, 11), (9, 4), (0, 1), (0, 7), (10, 5), (1, 2), (10, 2), (0, 10), (10, 11), (1, 5), (0, 13), (2, 10), (2, 13), (3, 5), (8, 1), (8, 7), (9, 12), (0, 9), (10, 7), (8, 10), (11, 6), (0, 12), (2, 6), (2, 12), (1, 10)])"
15,39,1,0.12461352348327637,0.4206218719482422,"(Vertices: [0, 1, 2, 3, 4, 5, 6, 7, 8, 9, 10, 11, 12, 13, 14]) -- (Edges: [(4, 6), (9, 2), (5, 7), (5, 13), (8, 3), (10, 6), (8, 12), (0, 14), (2, 11), (1, 9), (13, 5), (2, 14), (1, 12), (6, 14), (14, 6), (4, 5), (5, 6), (9, 1), (10, 2), (11, 7), (1, 2), (0, 4), (10, 11), (10, 14), (1, 11), (11, 13), (2, 10), (2, 13), (4, 7), (3, 5), (3, 11), (12, 14), (3, 14), (8, 4), (5, 14), (11, 3), (1, 4), (11, 12), (13, 6)])"
15,38,182,13.881178855895996,51.243653297424316,"(Vertices: [0, 1, 2, 3, 4, 5, 6, 7, 8, 9, 10, 11, 12, 13, 14]) -- (Edges: [(12, 4), (12, 7), (3, 4), (3, 7), (14, 7), (4, 12), (9, 2), (5, 13), (10, 3), (8, 12), (1, 6), (9, 11), (13, 5), (0, 11), (6, 14), (14, 6), (5, 6), (3, 6), (3, 12), (8, 2), (8, 11), (9, 4), (0, 7), (1, 2), (13, 7), (1, 11), (0, 13), (12, 5), (4, 7), (8, 4), (4, 13), (9, 3), (9, 6), (1, 4), (1, 7), (1, 13), (2, 12), (13, 6)])"
5,2,1,0.07517218589782715,1.168248176574707,"(Vertices: [0, 1, 2, 3, 4]) -- (Edges: [(1, 3), (0, 4)])"
5,2,6,0.06289982795715332,0.21024608612060547,"(Vertices: [0, 1, 2, 3, 4]) -- (Edges: [(2, 3), (1, 3)])"
6,3,1,0.04114365577697754,0.13484668731689453,"(Vertices: [0, 1, 2, 3, 4, 5]) -- (Edges: [(0, 1), (3, 4), (1, 5)])"
6,9,8,0.17442584037780762,0.6990194320678711,"(Vertices: [0, 1, 2, 3, 4, 5]) -- (Edges: [(0, 1), (1, 2), (0, 4), (3, 4), (1, 5), (1, 4), (0, 2), (2, 5), (1, 3)])"
7,10,1,0.055463552474975586,0.1907205581665039,"(Vertices: [0, 1, 2, 3, 4, 5, 6]) -- (Edges: [(3, 4), (4, 6), (1, 4), (2, 3), (0, 2), (2, 6), (3, 6), (1, 6), (1, 3), (3, 5)])"
7,6,12,0.18367433547973633,0.7138595581054688,"(Vertices: [0, 1, 2, 3, 4, 5, 6]) -- (Edges: [(0, 1), (2, 4), (3, 4), (1, 5), (4, 6), (2, 5)])"
8,10,1,0.055246829986572266,0.19609451293945312,"(Vertices: [0, 1, 2, 3, 4, 5, 6, 7]) -- (Edges: [(0, 7), (0, 4), (3, 4), (2, 7), (1, 5), (1, 4), (0, 2), (2, 6), (0, 5), (4, 7)])"
8,13,16,0.4288821220397949,1.6998071670532227,"(Vertices: [0, 1, 2, 3, 4, 5, 6, 7]) -- (Edges: [(0, 1), (0, 4), (3, 4), (2, 7), (0, 3), (4, 6), (5, 7), (2, 3), (2, 6), (3, 6), (2, 5), (1, 3), (3, 5)])"
9,16,1,0.06880331039428711,0.23634815216064453,"(Vertices: [0, 1, 2, 3, 4, 5, 6, 7, 8]) -- (Edges: [(0, 4), (3, 4), (8, 1), (1, 4), (8, 0), (2, 3), (6, 7), (1, 7), (8, 3), (5, 6), (0, 5), (0, 8), (2, 5), (1, 3), (8, 5), (3, 5)])"
9,14,23,0.7210633754730225,2.456650733947754,"(Vertices: [0, 1, 2, 3, 4, 5, 6, 7, 8]) -- (Edges: [(8, 4), (3, 4), (2, 7), (8, 7), (4, 6), (5, 7), (0, 6), (8, 0), (1, 7), (4, 5), (2, 6), (0, 5), (0, 8), (4, 7)])"
10,17,1,0.07784581184387207,0.2594470977783203,"(Vertices: [0, 1, 2, 3, 4, 5, 6, 7, 8, 9]) -- (Edges: [(0, 1), (1, 2), (8, 4), (9, 3), (3, 7), (9, 6), (4, 6), (0, 9), (9, 2), (1, 4), (6, 7), (1, 7), (4, 5), (0, 5), (8, 6), (1, 6), (8, 5)])"
10,16,32,1.0128147602081299,3.962596893310547,"(Vertices: [0, 1, 2, 3, 4, 5, 6, 7, 8, 9]) -- (Edges: [(0, 1), (1, 2), (9, 1), (5, 7), (8, 0), (1, 7), (4, 5), (2, 6), (5, 6), (8, 6), (8, 9), (1, 6), (0, 8), (2, 5), (1, 9), (3, 5)])"
11,18,1,0.07755017280578613,0.25265026092529297,"(Vertices: [0, 1, 2, 3, 4, 5, 6, 7, 8, 9, 10]) -- (Edges: [(2, 4), (10, 5), (0, 4), (0, 10), (2, 7), (9, 3), (9, 6), (4, 6), (8, 10), (10, 7), (1, 4), (9, 5), (0, 2), (1, 7), (5, 6), (8, 6), (1, 6), (9, 4)])"
11,23,46,2.4166367053985596,8.277578353881836,"(Vertices: [0, 1, 2, 3, 4, 5, 6, 7, 8, 9, 10]) -- (Edges: [(4, 6), (8, 0), (8, 3), (8, 9), (1, 6), (0, 8), (1, 3), (1, 9), (4, 5), (5, 6), (9, 1), (2, 4), (10, 5), (1, 5), (6, 7), (3, 5), (8, 4), (8, 7), (10, 4), (0, 3), (8, 10), (2, 3), (1, 7)])"
12,15,1,0.07050490379333496,0.22873878479003906,"(Vertices: [0, 1, 2, 3, 4, 5, 6, 7, 8, 9, 10, 11]) -- (Edges: [(10, 5), (10, 11), (9, 3), (8, 7), (1, 4), (2, 3), (1, 7), (8, 9), (10, 6), (3, 6), (8, 11), (8, 2), (3, 5), (0, 11), (9, 4)])"
12,26,64,3.973191499710083,12.613297462463379,"(Vertices: [0, 1, 2, 3, 4, 5, 6, 7, 8, 9, 10, 11]) -- (Edges: [(4, 6), (8, 0), (8, 9), (10, 6), (10, 3), (1, 6), (0, 8), (2, 5), (1, 9), (0, 11), (4, 5), (5, 6), (3, 6), (9, 1), (9, 7), (8, 5), (8, 11), (9, 4), (2, 4), (10, 5), (0, 4), (1, 5), (4, 7), (10, 4), (9, 6), (8, 10)])"
13,31,1,0.10813164710998535,0.3551216125488281,"(Vertices: [0, 1, 2, 3, 4, 5, 6, 7, 8, 9, 10, 11, 12]) -- (Edges: [(8, 0), (9, 5), (8, 3), (0, 5), (10, 3), (11, 5), (8, 6), (0, 8), (2, 5), (1, 3), (9, 11), (4, 5), (3, 12), (8, 5), (11, 4), (8, 11), (0, 1), (9, 10), (1, 2), (10, 11), (1, 5), (4, 7), (8, 1), (8, 7), (10, 4), (9, 6), (0, 3), (8, 10), (1, 4), (11, 12), (2, 12)])"
13,20,91,4.439549446105957,13.822013854980469,"(Vertices: [0, 1, 2, 3, 4, 5, 6, 7, 8, 9, 10, 11, 12]) -- (Edges: [(12, 7), (3, 7), (8, 3), (10, 6), (1, 6), (1, 9), (1, 12), (3, 12), (9, 1), (0, 1), (10, 11), (1, 5), (9, 3), (8, 7), (9, 12), (11, 6), (0, 12), (2, 3), (11, 12), (1, 10)])"
14,23,1,0.09141802787780762,0.2974739074707031,"(Vertices: [0, 1, 2, 3, 4, 5, 6, 7, 8, 9, 10, 11, 12, 13]) -- (Edges: [(3, 4), (3, 7), (12, 13), (9, 5), (10, 6), (8, 6), (1, 6), (9, 11), (2, 5), (1, 3), (2, 11), (4, 5), (12, 6), (11, 4), (11, 7), (1, 2), (1, 11), (0, 13), (6, 7), (9, 6), (8, 10), (11, 12), (13, 6)])"
14,39,128,78.23592185974121,37.07004356384277,"(Vertices: [0, 1, 2, 3, 4, 5, 6, 7, 8, 9, 10, 11, 12, 13]) -- (Edges: [(12, 4), (12, 7), (3, 4), (3, 7), (4, 12), (9, 2), (5, 7), (8, 0), (5, 13), (3, 13), (8, 3), (8, 9), (10, 6), (8, 12), (1, 6), (0, 8), (1, 3), (2, 11), (13, 5), (12, 6), (3, 12), (8, 11), (9, 4), (9, 10), (0, 7), (9, 13), (13, 7), (0, 13), (11, 13), (6, 7), (10, 4), (0, 3), (0, 9), (8, 10), (11, 6), (2, 3), (8, 13), (2, 6), (13, 6)])"
15,26,1,0.10797858238220215,0.32231903076171875,"(Vertices: [0, 1, 2, 3, 4, 5, 6, 7, 8, 9, 10, 11, 12, 13, 14]) -- (Edges: [(14, 7), (9, 2), (5, 7), (9, 5), (8, 9), (0, 5), (11, 5), (9, 14), (1, 6), (11, 14), (1, 9), (5, 6), (9, 1), (0, 1), (10, 5), (10, 11), (0, 4), (9, 13), (10, 14), (12, 5), (3, 5), (3, 14), (9, 3), (8, 1), (2, 3), (2, 6)])"
15,43,182,17.56320095062256,58.012393951416016,"(Vertices: [0, 1, 2, 3, 4, 5, 6, 7, 8, 9, 10, 11, 12, 13, 14]) -- (Edges: [(12, 7), (3, 7), (14, 7), (4, 6), (5, 7), (9, 5), (8, 9), (10, 6), (8, 12), (1, 6), (2, 5), (2, 11), (1, 9), (0, 11), (11, 14), (1, 12), (6, 14), (14, 6), (4, 5), (5, 6), (3, 12), (9, 1), (9, 7), (8, 5), (10, 2), (9, 4), (0, 7), (11, 7), (1, 2), (1, 11), (2, 10), (2, 13), (3, 11), (9, 3), (0, 3), (0, 9), (11, 3), (10, 7), (11, 6), (0, 12), (8, 13), (9, 12), (1, 13)])"
5,3,1,0.0754697322845459,1.172708511352539,"(Vertices: [0, 1, 2, 3, 4]) -- (Edges: [(0, 2), (1, 2), (1, 4)])"
5,6,6,0.10671663284301758,0.39783668518066406,"(Vertices: [0, 1, 2, 3, 4]) -- (Edges: [(2, 4), (1, 2), (0, 4), (3, 4), (0, 3), (1, 3)])"
6,5,1,0.045430898666381836,0.15122032165527344,"(Vertices: [0, 1, 2, 3, 4, 5]) -- (Edges: [(1, 2), (0, 4), (4, 5), (0, 2), (1, 3)])"
6,5,8,0.10897231101989746,0.42984771728515625,"(Vertices: [0, 1, 2, 3, 4, 5]) -- (Edges: [(0, 4), (2, 3), (0, 2), (4, 5), (3, 5)])"
7,3,1,0.04850149154663086,0.1325531005859375,"(Vertices: [0, 1, 2, 3, 4, 5, 6]) -- (Edges: [(0, 2), (0, 5), (3, 6)])"
7,8,12,0.2475268840789795,0.9148616790771484,"(Vertices: [0, 1, 2, 3, 4, 5, 6]) -- (Edges: [(0, 1), (4, 6), (0, 6), (4, 5), (2, 6), (1, 6), (1, 3), (3, 5)])"
8,11,1,0.05976247787475586,0.20281124114990234,"(Vertices: [0, 1, 2, 3, 4, 5, 6, 7]) -- (Edges: [(2, 4), (1, 2), (3, 4), (1, 5), (3, 7), (0, 3), (1, 4), (1, 7), (5, 6), (3, 6), (2, 5)])"
8,10,16,0.32779479026794434,1.32318115234375,"(Vertices: [0, 1, 2, 3, 4, 5, 6, 7]) -- (Edges: [(1, 2), (0, 3), (4, 6), (0, 6), (6, 7), (0, 2), (1, 7), (4, 5), (5, 6), (4, 7)])"
9,13,1,0.06191277503967285,0.20972633361816406,"(Vertices: [0, 1, 2, 3, 4, 5, 6, 7, 8]) -- (Edges: [(0, 4), (8, 1), (1, 5), (3, 7), (8, 7), (0, 3), (1, 4), (8, 0), (4, 5), (2, 6), (0, 8), (2, 5), (3, 5)])"
9,12,23,0.5836904048919678,2.1732406616210938,"(Vertices: [0, 1, 2, 3, 4, 5, 6, 7, 8]) -- (Edges: [(0, 7), (1, 5), (3, 7), (6, 7), (1, 7), (4, 5), (2, 6), (5, 6), (0, 5), (3, 6), (2, 5), (8, 5)])"
10,14,1,0.06714701652526855,0.21091747283935547,"(Vertices: [0, 1, 2, 3, 4, 5, 6, 7, 8, 9]) -- (Edges: [(9, 1), (1, 5), (8, 1), (3, 7), (9, 6), (8, 0), (8, 3), (2, 6), (0, 5), (1, 6), (0, 8), (2, 5), (1, 9), (9, 4)])"
10,21,32,1.70747971534729,5.181435585021973,"(Vertices: [0, 1, 2, 3, 4, 5, 6, 7, 8, 9]) -- (Edges: [(3, 4), (9, 2), (8, 0), (0, 2), (8, 3), (8, 9), (0, 5), (0, 8), (1, 3), (3, 6), (9, 4), (0, 1), (0, 7), (2, 7), (1, 5), (8, 7), (9, 6), (0, 3), (1, 4), (0, 6), (1, 7)])"
11,21,1,0.08689093589782715,0.2867317199707031,"(Vertices: [0, 1, 2, 3, 4, 5, 6, 7, 8, 9, 10]) -- (Edges: [(8, 0), (8, 3), (8, 9), (10, 3), (1, 6), (0, 8), (8, 2), (10, 2), (0, 7), (2, 4), (1, 2), (0, 4), (2, 10), (4, 7), (8, 4), (8, 1), (8, 7), (10, 4), (9, 6), (0, 3), (2, 6)])"
11,24,46,2.8163278102874756,8.586077690124512,"(Vertices: [0, 1, 2, 3, 4, 5, 6, 7, 8, 9, 10]) -- (Edges: [(4, 6), (9, 2), (5, 7), (8, 3), (8, 9), (10, 3), (2, 5), (9, 7), (9, 4), (0, 7), (2, 4), (1, 2), (10, 5), (2, 7), (1, 5), (3, 5), (9, 6), (0, 9), (10, 7), (8, 10), (0, 6), (2, 3), (2, 6), (1, 10)])"
12,15,1,0.07163667678833008,0.23136425018310547,"(Vertices: [0, 1, 2, 3, 4, 5, 6, 7, 8, 9, 10, 11]) -- (Edges: [(9, 10), (2, 4), (1, 5), (8, 7), (3, 7), (10, 4), (0, 3), (11, 3), (8, 10), (1, 4), (0, 2), (8, 6), (9, 7), (4, 7), (3, 11)])"
12,23,64,3.5736515522003174,11.215638160705566,"(Vertices: [0, 1, 2, 3, 4, 5, 6, 7, 8, 9, 10, 11]) -- (Edges: [(5, 7), (0, 2), (8, 3), (0, 5), (10, 3), (11, 5), (9, 11), (2, 5), (1, 3), (5, 6), (9, 7), (11, 4), (10, 2), (2, 4), (10, 11), (0, 10), (1, 5), (2, 10), (6, 7), (8, 4), (8, 10), (10, 7), (0, 6)])"
13,32,1,0.11844015121459961,0.36469554901123047,"(Vertices: [0, 1, 2, 3, 4, 5, 6, 7, 8, 9, 10, 11, 12]) -- (Edges: [(12, 4), (4, 12), (5, 7), (8, 0), (0, 2), (8, 9), (10, 6), (8, 6), (8, 12), (1, 6), (0, 8), (9, 11), (1, 3), (0, 11), (1, 12), (5, 6), (9, 7), (8, 5), (11, 4), (8, 11), (9, 10), (2, 4), (3, 5), (8, 4), (9, 6), (0, 3), (10, 7), (1, 4), (0, 6), (1, 7), (2, 12), (1, 10)])"
13,17,91,4.004340171813965,11.758955001831055,"(Vertices: [0, 1, 2, 3, 4, 5, 6, 7, 8, 9, 10, 11, 12]) -- (Edges: [(11, 7), (12, 7), (0, 10), (0, 3), (8, 10), (8, 0), (0, 12), (2, 3), (2, 6), (2, 12), (10, 6), (10, 3), (0, 8), (2, 5), (1, 3), (4, 7), (3, 5)])"
14,37,1,0.11474943161010742,0.40250682830810547,"(Vertices: [0, 1, 2, 3, 4, 5, 6, 7, 8, 9, 10, 11, 12, 13]) -- (Edges: [(3, 4), (3, 7), (12, 13), (9, 2), (8, 0), (5, 13), (0, 2), (8, 9), (9, 11), (0, 8), (2, 11), (1, 9), (13, 5), (10, 12), (5, 6), (9, 1), (10, 2), (9, 10), (0, 7), (1, 2), (0, 10), (2, 7), (1, 11), (0, 13), (2, 10), (2, 13), (3, 5), (8, 1), (9, 6), (1, 4), (11, 6), (0, 12), (2, 3), (11, 12), (1, 13), (2, 6), (13, 6)])"
14,33,128,52.43841600418091,31.454994201660156,"(Vertices: [0, 1, 2, 3, 4, 5, 6, 7, 8, 9, 10, 11, 12, 13]) -- (Edges: [(4, 6), (12, 13), (5, 7), (8, 0), (10, 6), (0, 5), (10, 3), (11, 5), (1, 6), (0, 8), (2, 5), (9, 11), (1, 9), (1, 12), (3, 6), (9, 1), (11, 7), (10, 5), (1, 2), (0, 4), (10, 11), (1, 5), (3, 5), (8, 4), (4, 13), (8, 1), (9, 6), (9, 12), (10, 7), (10, 13), (0, 6), (11, 12), (1, 10)])"
15,37,1,0.14384222030639648,0.39589595794677734,"(Vertices: [0, 1, 2, 3, 4, 5, 6, 7, 8, 9, 10, 11, 12, 13, 14]) -- (Edges: [(12, 7), (3, 4), (14, 7), (4, 6), (8, 0), (5, 13), (3, 13), (9, 5), (1, 6), (0, 8), (0, 14), (13, 5), (10, 12), (11, 14), (1, 12), (4, 5), (9, 7), (10, 2), (11, 7), (8, 14), (9, 13), (2, 7), (2, 10), (12, 5), (3, 5), (3, 11), (3, 14), (5, 14), (10, 4), (11, 3), (0, 9), (10, 7), (1, 4), (0, 6), (9, 12), (2, 12), (13, 6)])"
15,34,182,13.712148189544678,46.0213508605957,"(Vertices: [0, 1, 2, 3, 4, 5, 6, 7, 8, 9, 10, 11, 12, 13, 14]) -- (Edges: [(3, 7), (5, 13), (0, 2), (10, 6), (11, 5), (11, 14), (13, 5), (3, 12), (8, 5), (10, 2), (0, 1), (0, 7), (8, 14), (9, 10), (9, 13), (0, 10), (10, 11), (13, 7), (0, 13), (2, 10), (12, 5), (4, 7), (12, 14), (9, 6), (9, 12), (10, 7), (0, 6), (0, 12), (8, 13), (11, 12), (1, 13), (2, 6), (13, 6), (1, 10)])"
5,2,1,0.0608978271484375,1.1652183532714844,"(Vertices: [0, 1, 2, 3, 4]) -- (Edges: [(0, 2), (0, 3)])"
5,3,6,0.05777716636657715,0.2669553756713867,"(Vertices: [0, 1, 2, 3, 4]) -- (Edges: [(0, 1), (1, 2), (1, 3)])"
6,4,1,0.03666853904724121,0.14220714569091797,"(Vertices: [0, 1, 2, 3, 4, 5]) -- (Edges: [(0, 1), (0, 2), (1, 3), (3, 4)])"
6,2,8,0.05241823196411133,0.24082279205322266,"(Vertices: [0, 1, 2, 3, 4, 5]) -- (Edges: [(0, 4), (1, 4)])"
7,8,1,0.04351210594177246,0.1747884750366211,"(Vertices: [0, 1, 2, 3, 4, 5, 6]) -- (Edges: [(0, 3), (1, 4), (4, 5), (2, 6), (5, 6), (3, 6), (2, 5), (1, 3)])"
7,5,12,0.24331045150756836,0.7338981628417969,"(Vertices: [0, 1, 2, 3, 4, 5, 6]) -- (Edges: [(1, 5), (4, 5), (0, 2), (1, 3), (3, 5)])"
8,3,1,0.04199504852294922,0.1397552490234375,"(Vertices: [0, 1, 2, 3, 4, 5, 6, 7]) -- (Edges: [(2, 5), (1, 3), (3, 6)])"
8,7,16,0.20961523056030273,1.0047006607055664,"(Vertices: [0, 1, 2, 3, 4, 5, 6, 7]) -- (Edges: [(2, 4), (3, 4), (2, 7), (3, 7), (5, 6), (4, 7), (3, 5)])"
9,18,1,0.06456899642944336,0.24235916137695312,"(Vertices: [0, 1, 2, 3, 4, 5, 6, 7, 8]) -- (Edges: [(0, 1), (2, 4), (0, 4), (2, 7), (8, 1), (8, 7), (4, 6), (5, 7), (0, 2), (1, 7), (2, 6), (5, 6), (8, 6), (3, 6), (8, 2), (2, 5), (1, 3), (3, 5)])"
9,7,23,0.26244425773620605,1.3195877075195312,"(Vertices: [0, 1, 2, 3, 4, 5, 6, 7, 8]) -- (Edges: [(0, 1), (8, 1), (1, 7), (4, 5), (5, 6), (3, 6), (1, 6)])"
10,10,1,0.04469156265258789,0.19404888153076172,"(Vertices: [0, 1, 2, 3, 4, 5, 6, 7, 8, 9]) -- (Edges: [(0, 1), (9, 7), (1, 2), (3, 4), (0, 3), (9, 2), (1, 4), (4, 5), (1, 3), (9, 4)])"
10,21,32,1.1600077152252197,5.259551048278809,"(Vertices: [0, 1, 2, 3, 4, 5, 6, 7, 8, 9]) -- (Edges: [(3, 7), (5, 7), (8, 3), (8, 6), (1, 6), (1, 9), (4, 5), (5, 6), (3, 6), (8, 2), (9, 1), (9, 7), (9, 4), (1, 2), (0, 4), (4, 7), (8, 4), (9, 3), (8, 1), (0, 9), (1, 4)])"
11,22,1,0.07730793952941895,0.2848014831542969,"(Vertices: [0, 1, 2, 3, 4, 5, 6, 7, 8, 9, 10]) -- (Edges: [(3, 7), (9, 2), (8, 0), (0, 2), (0, 5), (0, 8), (1, 9), (4, 5), (8, 2), (9, 1), (10, 2), (2, 4), (1, 2), (0, 10), (2, 10), (4, 7), (9, 3), (0, 9), (10, 7), (8, 10), (1, 7), (2, 6)])"
11,16,46,1.2633845806121826,5.688013076782227,"(Vertices: [0, 1, 2, 3, 4, 5, 6, 7, 8, 9, 10]) -- (Edges: [(9, 10), (0, 7), (10, 5), (8, 4), (2, 7), (9, 3), (2, 10), (9, 2), (1, 4), (9, 5), (4, 5), (10, 6), (5, 6), (3, 6), (9, 7), (10, 2)])"
12,21,1,0.07362556457519531,0.3084230422973633,"(Vertices: [0, 1, 2, 3, 4, 5, 6, 7, 8, 9, 10, 11]) -- (Edges: [(3, 4), (8, 0), (0, 5), (10, 3), (1, 6), (0, 8), (2, 11), (1, 9), (0, 11), (5, 6), (9, 1), (11, 4), (8, 11), (10, 2), (0, 1), (2, 10), (8, 7), (0, 9), (10, 7), (0, 6), (11, 6)])"
12,28,64,4.150906324386597,13.583251953125,"(Vertices: [0, 1, 2, 3, 4, 5, 6, 7, 8, 9, 10, 11]) -- (Edges: [(8, 0), (9, 5), (0, 2), (10, 6), (11, 5), (10, 3), (8, 6), (1, 6), (0, 8), (2, 5), (1, 3), (1, 9), (0, 11), (9, 11), (8, 2), (9, 1), (11, 4), (8, 11), (9, 4), (9, 10), (2, 4), (1, 2), (0, 10), (1, 5), (1, 11), (6, 7), (10, 4), (0, 3)])"
13,32,1,0.11464834213256836,0.35387229919433594,"(Vertices: [0, 1, 2, 3, 4, 5, 6, 7, 8, 9, 10, 11, 12]) -- (Edges: [(12, 4), (4, 12), (9, 2), (8, 3), (10, 3), (8, 12), (9, 11), (2, 11), (1, 9), (1, 12), (5, 6), (3, 12), (9, 1), (9, 7), (10, 2), (9, 4), (0, 1), (9, 10), (2, 4), (1, 2), (10, 11), (2, 7), (1, 11), (2, 10), (3, 5), (8, 4), (9, 3), (8, 1), (9, 6), (0, 6), (2, 12), (1, 10)])"
13,26,91,5.967730522155762,17.861422538757324,"(Vertices: [0, 1, 2, 3, 4, 5, 6, 7, 8, 9, 10, 11, 12]) -- (Edges: [(3, 4), (4, 6), (9, 2), (8, 0), (10, 6), (10, 3), (8, 12), (0, 8), (1, 9), (8, 2), (9, 1), (8, 5), (2, 4), (10, 5), (6, 7), (12, 5), (4, 7), (8, 1), (8, 7), (10, 4), (0, 9), (10, 7), (8, 10), (11, 6), (0, 12), (2, 12)])"
14,46,1,0.14101529121398926,0.47331714630126953,"(Vertices: [0, 1, 2, 3, 4, 5, 6, 7, 8, 9, 10, 11, 12, 13]) -- (Edges: [(12, 4), (3, 4), (3, 7), (4, 6), (4, 12), (12, 13), (8, 0), (5, 13), (0, 2), (8, 3), (10, 3), (8, 12), (0, 8), (1, 3), (13, 5), (10, 12), (1, 12), (4, 5), (5, 6), (3, 6), (3, 12), (8, 2), (9, 7), (9, 10), (10, 5), (1, 2), (0, 4), (0, 10), (1, 5), (1, 11), (0, 13), (13, 7), (11, 13), (12, 5), (3, 5), (8, 4), (8, 1), (10, 4), (0, 3), (8, 10), (10, 7), (1, 4), (10, 13), (2, 3), (1, 13), (2, 6)])"
14,34,128,71.17051720619202,32.39690017700195,"(Vertices: [0, 1, 2, 3, 4, 5, 6, 7, 8, 9, 10, 11, 12, 13]) -- (Edges: [(8, 0), (5, 13), (9, 5), (0, 2), (11, 5), (0, 8), (13, 5), (10, 12), (0, 11), (1, 12), (12, 6), (3, 12), (8, 2), (8, 11), (10, 2), (0, 1), (11, 7), (2, 4), (2, 7), (1, 5), (2, 10), (6, 7), (12, 5), (4, 7), (8, 4), (8, 7), (9, 6), (0, 3), (10, 13), (0, 6), (11, 6), (11, 12), (2, 12), (1, 10)])"
15,37,1,0.1689760684967041,0.4037942886352539,"(Vertices: [0, 1, 2, 3, 4, 5, 6, 7, 8, 9, 10, 11, 12, 13, 14]) -- (Edges: [(12, 4), (3, 4), (3, 7), (4, 12), (8, 9), (10, 6), (0, 5), (8, 12), (10, 12), (1, 9), (1, 12), (5, 6), (3, 12), (9, 1), (11, 4), (8, 11), (9, 4), (0, 1), (11, 7), (2, 4), (10, 2), (10, 11), (2, 7), (1, 5), (1, 11), (0, 13), (2, 10), (13, 7), (2, 13), (12, 14), (3, 11), (8, 1), (11, 3), (0, 9), (1, 7), (2, 6), (2, 12)])"
15,36,182,13.086119174957275,48.66023540496826,"(Vertices: [0, 1, 2, 3, 4, 5, 6, 7, 8, 9, 10, 11, 12, 13, 14]) -- (Edges: [(4, 6), (9, 2), (3, 13), (0, 5), (1, 3), (10, 12), (0, 11), (2, 14), (6, 14), (14, 6), (4, 5), (3, 6), (8, 2), (11, 4), (8, 5), (9, 10), (11, 7), (2, 4), (1, 2), (9, 13), (10, 11), (1, 5), (13, 7), (10, 14), (3, 5), (12, 14), (8, 4), (9, 3), (9, 12), (0, 9), (8, 10), (2, 3), (8, 13), (1, 7), (2, 6), (13, 6)])"
5,4,1,0.07961773872375488,1.1795578002929688,"(Vertices: [0, 1, 2, 3, 4]) -- (Edges: [(2, 3), (1, 2), (0, 3), (3, 4)])"
5,3,6,0.07472848892211914,0.26712894439697266,"(Vertices: [0, 1, 2, 3, 4]) -- (Edges: [(0, 1), (1, 2), (2, 3)])"
6,10,1,0.06618165969848633,0.18606185913085938,"(Vertices: [0, 1, 2, 3, 4, 5]) -- (Edges: [(2, 4), (1, 2), (0, 4), (1, 5), (0, 3), (1, 4), (2, 3), (4, 5), (0, 5), (3, 5)])"
6,5,8,0.11630678176879883,0.4404325485229492,"(Vertices: [0, 1, 2, 3, 4, 5]) -- (Edges: [(0, 1), (0, 3), (4, 5), (0, 5), (3, 5)])"
7,8,1,0.05299997329711914,0.17778968811035156,"(Vertices: [0, 1, 2, 3, 4, 5, 6]) -- (Edges: [(2, 4), (1, 5), (0, 3), (0, 6), (2, 3), (0, 2), (0, 5), (1, 3)])"
7,5,12,0.33383727073669434,0.765416145324707,"(Vertices: [0, 1, 2, 3, 4, 5, 6]) -- (Edges: [(0, 4), (2, 3), (1, 6), (1, 3), (3, 5)])"
8,9,1,0.05519556999206543,0.1963796615600586,"(Vertices: [0, 1, 2, 3, 4, 5, 6, 7]) -- (Edges: [(0, 1), (0, 7), (0, 4), (1, 5), (0, 3), (5, 7), (2, 3), (2, 6), (1, 3)])"
8,7,16,0.2532827854156494,0.9647455215454102,"(Vertices: [0, 1, 2, 3, 4, 5, 6, 7]) -- (Edges: [(1, 2), (1, 5), (5, 7), (2, 3), (6, 7), (0, 2), (1, 3)])"
9,15,1,0.06366205215454102,0.22395992279052734,"(Vertices: [0, 1, 2, 3, 4, 5, 6, 7, 8]) -- (Edges: [(0, 1), (1, 2), (2, 7), (8, 7), (1, 4), (8, 0), (2, 3), (1, 7), (5, 6), (8, 6), (3, 6), (0, 8), (1, 3), (4, 7), (3, 5)])"
9,16,23,0.7618260383605957,2.9138107299804688,"(Vertices: [0, 1, 2, 3, 4, 5, 6, 7, 8]) -- (Edges: [(2, 4), (1, 2), (1, 5), (5, 7), (8, 0), (2, 3), (6, 7), (1, 7), (8, 3), (2, 6), (4, 5), (3, 6), (8, 2), (0, 8), (1, 3), (8, 5)])"
10,16,1,0.06423568725585938,0.2299480438232422,"(Vertices: [0, 1, 2, 3, 4, 5, 6, 7, 8, 9]) -- (Edges: [(0, 1), (0, 7), (8, 4), (2, 7), (9, 3), (3, 7), (9, 6), (0, 3), (5, 7), (2, 3), (2, 6), (0, 5), (3, 6), (8, 6), (4, 7), (3, 5)])"
10,22,32,1.5510270595550537,5.513154029846191,"(Vertices: [0, 1, 2, 3, 4, 5, 6, 7, 8, 9]) -- (Edges: [(4, 6), (9, 2), (5, 7), (8, 0), (8, 3), (8, 6), (0, 8), (2, 5), (8, 2), (9, 7), (9, 4), (0, 1), (0, 7), (2, 4), (2, 7), (1, 5), (6, 7), (8, 4), (8, 7), (1, 4), (1, 7), (2, 6)])"
11,16,1,0.07827115058898926,0.24170207977294922,"(Vertices: [0, 1, 2, 3, 4, 5, 6, 7, 8, 9, 10]) -- (Edges: [(10, 5), (0, 4), (8, 4), (8, 1), (3, 7), (10, 4), (9, 6), (1, 4), (5, 7), (6, 7), (4, 5), (2, 6), (1, 10), (3, 6), (8, 6), (9, 4)])"
11,20,46,2.026865243911743,7.243965148925781,"(Vertices: [0, 1, 2, 3, 4, 5, 6, 7, 8, 9, 10]) -- (Edges: [(0, 2), (8, 3), (8, 9), (8, 6), (10, 3), (1, 6), (1, 3), (1, 9), (3, 6), (9, 1), (9, 4), (0, 7), (2, 4), (10, 5), (9, 6), (0, 9), (10, 7), (8, 10), (1, 7), (1, 10)])"
12,22,1,0.08939361572265625,0.2896881103515625,"(Vertices: [0, 1, 2, 3, 4, 5, 6, 7, 8, 9, 10, 11]) -- (Edges: [(4, 6), (0, 2), (11, 5), (8, 6), (9, 11), (2, 5), (0, 11), (4, 5), (5, 6), (10, 2), (9, 4), (9, 10), (11, 7), (2, 7), (1, 5), (2, 10), (4, 7), (8, 4), (8, 7), (9, 6), (1, 4), (2, 6)])"
12,20,64,3.0826313495635986,9.861326217651367,"(Vertices: [0, 1, 2, 3, 4, 5, 6, 7, 8, 9, 10, 11]) -- (Edges: [(4, 6), (9, 2), (9, 5), (8, 3), (10, 6), (1, 6), (2, 5), (1, 3), (1, 9), (5, 6), (8, 2), (9, 1), (11, 4), (9, 4), (1, 2), (10, 11), (4, 7), (3, 5), (0, 3), (2, 3)])"
13,29,1,0.0976862907409668,0.3329963684082031,"(Vertices: [0, 1, 2, 3, 4, 5, 6, 7, 8, 9, 10, 11, 12]) -- (Edges: [(12, 7), (3, 7), (9, 2), (9, 5), (8, 3), (8, 6), (10, 12), (1, 9), (4, 5), (8, 2), (9, 1), (8, 5), (10, 2), (9, 4), (0, 1), (0, 7), (1, 11), (2, 10), (6, 7), (12, 5), (3, 5), (8, 4), (8, 1), (8, 7), (10, 4), (8, 10), (10, 7), (0, 12), (2, 3)])"
13,27,91,6.59248948097229,18.440211296081543,"(Vertices: [0, 1, 2, 3, 4, 5, 6, 7, 8, 9, 10, 11, 12]) -- (Edges: [(12, 7), (9, 2), (8, 3), (8, 6), (9, 11), (2, 11), (0, 11), (1, 12), (4, 5), (12, 6), (9, 7), (10, 2), (9, 4), (0, 7), (11, 7), (1, 5), (1, 11), (2, 10), (4, 7), (3, 11), (8, 4), (8, 1), (11, 3), (0, 9), (10, 7), (8, 10), (0, 12)])"
14,36,1,0.11863160133361816,0.39261627197265625,"(Vertices: [0, 1, 2, 3, 4, 5, 6, 7, 8, 9, 10, 11, 12, 13]) -- (Edges: [(12, 4), (3, 7), (4, 12), (5, 13), (9, 5), (0, 2), (8, 9), (0, 5), (11, 5), (8, 12), (2, 5), (2, 11), (1, 3), (1, 9), (0, 11), (13, 5), (1, 12), (4, 5), (12, 6), (5, 6), (3, 6), (3, 12), (8, 2), (9, 1), (9, 7), (2, 4), (0, 10), (1, 5), (13, 7), (8, 4), (9, 3), (8, 1), (9, 12), (1, 4), (10, 13), (1, 13)])"
14,28,128,20.054673433303833,26.758999824523926,"(Vertices: [0, 1, 2, 3, 4, 5, 6, 7, 8, 9, 10, 11, 12, 13]) -- (Edges: [(5, 7), (9, 5), (0, 2), (10, 6), (11, 5), (10, 3), (8, 6), (8, 12), (9, 11), (1, 3), (2, 11), (12, 6), (5, 6), (9, 7), (11, 4), (0, 1), (0, 7), (2, 4), (1, 2), (0, 4), (0, 10), (0, 13), (12, 5), (8, 4), (10, 7), (11, 12), (1, 13), (13, 6)])"
15,38,1,0.1236722469329834,0.41432666778564453,"(Vertices: [0, 1, 2, 3, 4, 5, 6, 7, 8, 9, 10, 11, 12, 13, 14]) -- (Edges: [(12, 4), (12, 7), (3, 4), (14, 7), (4, 12), (0, 2), (9, 11), (2, 5), (1, 3), (2, 11), (4, 5), (5, 6), (9, 7), (11, 4), (8, 11), (10, 2), (0, 1), (0, 7), (2, 4), (11, 7), (9, 10), (0, 10), (13, 7), (11, 13), (2, 10), (3, 5), (8, 4), (4, 13), (9, 12), (0, 9), (10, 7), (1, 4), (10, 13), (0, 12), (2, 3), (8, 13), (11, 12), (13, 6)])"
15,37,182,13.199590682983398,49.98446083068848,"(Vertices: [0, 1, 2, 3, 4, 5, 6, 7, 8, 9, 10, 11, 12, 13, 14]) -- (Edges: [(12, 4), (3, 7), (4, 6), (4, 12), (9, 2), (5, 7), (9, 5), (0, 2), (10, 6), (9, 14), (1, 6), (9, 11), (11, 14), (1, 3), (10, 12), (2, 14), (6, 14), (14, 6), (4, 5), (5, 6), (11, 4), (9, 4), (0, 1), (0, 7), (10, 11), (2, 7), (1, 5), (6, 7), (12, 5), (4, 13), (9, 3), (10, 7), (1, 4), (8, 13), (11, 12), (1, 7), (13, 6)])"
5,1,1,0.07389163970947266,1.1617774963378906,"(Vertices: [0, 1, 2, 3, 4]) -- (Edges: [(0, 3)])"
5,3,6,0.07547259330749512,0.2662782669067383,"(Vertices: [0, 1, 2, 3, 4]) -- (Edges: [(0, 2), (0, 3), (3, 4)])"
6,6,1,0.04969906806945801,0.15642261505126953,"(Vertices: [0, 1, 2, 3, 4, 5]) -- (Edges: [(0, 1), (3, 4), (1, 5), (0, 3), (2, 3), (0, 2)])"
6,6,8,0.12251901626586914,0.5011186599731445,"(Vertices: [0, 1, 2, 3, 4, 5]) -- (Edges: [(0, 1), (2, 4), (1, 2), (1, 4), (2, 5), (1, 3)])"
7,8,1,0.05198264122009277,0.17666912078857422,"(Vertices: [0, 1, 2, 3, 4, 5, 6]) -- (Edges: [(2, 4), (1, 2), (4, 6), (0, 6), (0, 2), (2, 6), (1, 6), (2, 5)])"
7,6,12,0.23566246032714844,0.711669921875,"(Vertices: [0, 1, 2, 3, 4, 5, 6]) -- (Edges: [(0, 1), (2, 4), (1, 2), (4, 5), (5, 6), (3, 5)])"
8,15,1,0.06296825408935547,0.22640323638916016,"(Vertices: [0, 1, 2, 3, 4, 5, 6, 7]) -- (Edges: [(0, 1), (0, 7), (2, 4), (0, 4), (3, 7), (1, 4), (0, 6), (2, 3), (5, 7), (1, 7), (2, 6), (0, 5), (3, 6), (2, 5), (3, 5)])"
8,11,16,0.3560183048248291,1.4633960723876953,"(Vertices: [0, 1, 2, 3, 4, 5, 6, 7]) -- (Edges: [(3, 4), (2, 7), (1, 5), (3, 7), (0, 3), (5, 7), (2, 3), (5, 6), (0, 5), (1, 3), (4, 7)])"
9,11,1,0.05965781211853027,0.1984081268310547,"(Vertices: [0, 1, 2, 3, 4, 5, 6, 7, 8]) -- (Edges: [(0, 1), (1, 2), (0, 4), (8, 4), (1, 5), (3, 7), (6, 7), (8, 3), (4, 5), (5, 6), (8, 2)])"
9,11,23,0.516749382019043,1.9953737258911133,"(Vertices: [0, 1, 2, 3, 4, 5, 6, 7, 8]) -- (Edges: [(0, 7), (2, 4), (2, 7), (8, 1), (1, 4), (0, 6), (8, 0), (4, 5), (8, 6), (0, 8), (1, 3)])"
10,14,1,0.06249117851257324,0.22068214416503906,"(Vertices: [0, 1, 2, 3, 4, 5, 6, 7, 8, 9]) -- (Edges: [(0, 1), (2, 7), (8, 1), (5, 7), (0, 6), (9, 5), (4, 5), (6, 7), (8, 9), (8, 2), (2, 5), (1, 3), (4, 7), (3, 5)])"
10,17,32,1.1082730293273926,4.252010345458984,"(Vertices: [0, 1, 2, 3, 4, 5, 6, 7, 8, 9]) -- (Edges: [(0, 7), (1, 2), (8, 4), (1, 5), (8, 1), (3, 7), (9, 6), (4, 6), (8, 0), (2, 3), (8, 9), (2, 6), (5, 6), (0, 8), (2, 5), (8, 5), (3, 5)])"
11,12,1,0.059259891510009766,0.20473098754882812,"(Vertices: [0, 1, 2, 3, 4, 5, 6, 7, 8, 9, 10]) -- (Edges: [(2, 4), (10, 5), (0, 4), (0, 10), (9, 3), (1, 5), (9, 6), (8, 0), (0, 6), (1, 6), (0, 8), (8, 2)])"
11,21,46,2.284233331680298,7.503239631652832,"(Vertices: [0, 1, 2, 3, 4, 5, 6, 7, 8, 9, 10]) -- (Edges: [(3, 4), (3, 7), (4, 6), (1, 6), (1, 3), (4, 5), (5, 6), (3, 6), (8, 2), (2, 4), (1, 2), (3, 5), (9, 3), (10, 4), (0, 3), (8, 10), (10, 7), (0, 6), (2, 3), (2, 6), (1, 10)])"
12,27,1,0.11146759986877441,0.3246469497680664,"(Vertices: [0, 1, 2, 3, 4, 5, 6, 7, 8, 9, 10, 11]) -- (Edges: [(3, 4), (3, 7), (8, 0), (8, 9), (0, 5), (0, 8), (2, 5), (2, 11), (1, 9), (5, 6), (8, 2), (9, 1), (9, 7), (11, 4), (8, 5), (10, 2), (0, 1), (2, 4), (1, 5), (2, 10), (3, 5), (3, 11), (9, 3), (11, 3), (0, 9), (2, 3), (1, 7)])"
12,22,64,3.974259614944458,10.849111557006836,"(Vertices: [0, 1, 2, 3, 4, 5, 6, 7, 8, 9, 10, 11]) -- (Edges: [(9, 5), (0, 2), (1, 6), (9, 11), (1, 3), (8, 2), (8, 5), (9, 10), (0, 7), (11, 7), (1, 2), (0, 4), (2, 7), (1, 5), (3, 11), (8, 4), (9, 3), (0, 3), (11, 3), (1, 4), (2, 3), (1, 10)])"
13,33,1,0.12866973876953125,0.3593025207519531,"(Vertices: [0, 1, 2, 3, 4, 5, 6, 7, 8, 9, 10, 11, 12]) -- (Edges: [(9, 5), (0, 2), (8, 3), (8, 9), (11, 5), (10, 3), (8, 12), (1, 6), (10, 12), (1, 9), (0, 11), (4, 5), (12, 6), (8, 2), (9, 1), (11, 4), (8, 5), (8, 11), (0, 7), (2, 4), (1, 2), (0, 4), (10, 5), (2, 7), (10, 11), (4, 7), (3, 11), (10, 4), (9, 6), (0, 3), (11, 3), (11, 6), (1, 7)])"
13,37,91,19.48558211326599,25.180910110473633,"(Vertices: [0, 1, 2, 3, 4, 5, 6, 7, 8, 9, 10, 11, 12]) -- (Edges: [(12, 4), (3, 4), (4, 6), (4, 12), (9, 2), (5, 7), (10, 6), (0, 5), (10, 3), (11, 5), (8, 6), (1, 9), (4, 5), (3, 6), (3, 12), (9, 1), (8, 5), (8, 11), (9, 4), (0, 1), (0, 7), (9, 10), (1, 2), (0, 4), (0, 10), (10, 2), (1, 11), (2, 10), (3, 5), (8, 4), (9, 3), (8, 7), (0, 9), (10, 7), (0, 6), (2, 6), (1, 10)])"
14,31,1,0.11946463584899902,0.3589935302734375,"(Vertices: [0, 1, 2, 3, 4, 5, 6, 7, 8, 9, 10, 11, 12, 13]) -- (Edges: [(12, 7), (3, 7), (4, 6), (5, 13), (3, 13), (9, 5), (10, 6), (8, 6), (10, 3), (1, 6), (13, 5), (1, 9), (4, 5), (12, 6), (9, 1), (9, 7), (0, 7), (10, 5), (10, 11), (0, 4), (0, 13), (2, 13), (6, 7), (12, 5), (4, 7), (10, 13), (0, 6), (2, 3), (8, 13), (11, 12), (13, 6)])"
14,31,128,17.798875331878662,29.55406379699707,"(Vertices: [0, 1, 2, 3, 4, 5, 6, 7, 8, 9, 10, 11, 12, 13]) -- (Edges: [(12, 4), (4, 12), (12, 13), (3, 13), (0, 2), (8, 3), (1, 6), (9, 11), (1, 12), (12, 6), (10, 2), (9, 10), (11, 7), (1, 2), (10, 11), (1, 5), (11, 13), (2, 10), (6, 7), (12, 5), (3, 11), (8, 4), (4, 13), (8, 1), (9, 6), (11, 3), (9, 12), (10, 7), (11, 6), (2, 3), (2, 12)])"
15,30,1,0.10346460342407227,0.3488616943359375,"(Vertices: [0, 1, 2, 3, 4, 5, 6, 7, 8, 9, 10, 11, 12, 13, 14]) -- (Edges: [(4, 6), (12, 13), (9, 5), (8, 3), (8, 9), (11, 5), (10, 3), (2, 5), (11, 14), (1, 12), (3, 6), (0, 7), (10, 11), (0, 4), (9, 13), (1, 5), (11, 13), (6, 7), (3, 5), (4, 13), (9, 3), (8, 1), (1, 4), (0, 12), (2, 3), (11, 12), (1, 13), (2, 6), (2, 12), (13, 6)])"
15,40,182,15.699797630310059,53.986084938049316,"(Vertices: [0, 1, 2, 3, 4, 5, 6, 7, 8, 9, 10, 11, 12, 13, 14]) -- (Edges: [(12, 4), (12, 7), (4, 6), (4, 12), (5, 7), (8, 0), (5, 13), (11, 5), (10, 3), (8, 12), (1, 6), (0, 8), (2, 5), (0, 14), (13, 5), (9, 11), (6, 14), (14, 6), (4, 5), (3, 6), (8, 2), (0, 1), (10, 5), (1, 2), (0, 4), (0, 10), (2, 7), (13, 7), (10, 11), (10, 14), (1, 14), (12, 14), (3, 14), (8, 4), (9, 3), (8, 1), (9, 6), (0, 6), (2, 3), (1, 7)])"
5,4,1,0.08189892768859863,1.1796112060546875,"(Vertices: [0, 1, 2, 3, 4]) -- (Edges: [(0, 1), (2, 4), (0, 3), (1, 3)])"
5,5,6,0.10229229927062988,0.35358238220214844,"(Vertices: [0, 1, 2, 3, 4]) -- (Edges: [(1, 2), (0, 4), (1, 4), (2, 3), (0, 2)])"
6,1,1,0.03856945037841797,0.12001800537109375,"(Vertices: [0, 1, 2, 3, 4, 5]) -- (Edges: [(3, 4)])"
6,5,8,0.10999202728271484,0.43369197845458984,"(Vertices: [0, 1, 2, 3, 4, 5]) -- (Edges: [(1, 2), (0, 4), (0, 2), (1, 3), (3, 5)])"
7,6,1,0.04661059379577637,0.1581249237060547,"(Vertices: [0, 1, 2, 3, 4, 5, 6]) -- (Edges: [(2, 4), (1, 2), (0, 3), (4, 6), (3, 6), (1, 6)])"
7,8,12,0.2501657009124756,0.9095611572265625,"(Vertices: [0, 1, 2, 3, 4, 5, 6]) -- (Edges: [(0, 1), (0, 3), (4, 6), (0, 6), (0, 2), (2, 6), (5, 6), (0, 5)])"
8,10,1,0.06330442428588867,0.19459056854248047,"(Vertices: [0, 1, 2, 3, 4, 5, 6, 7]) -- (Edges: [(1, 2), (2, 7), (4, 6), (1, 4), (2, 3), (6, 7), (1, 7), (5, 6), (2, 5), (4, 7)])"
8,11,16,0.3868987560272217,1.4511938095092773,"(Vertices: [0, 1, 2, 3, 4, 5, 6, 7]) -- (Edges: [(0, 1), (0, 7), (2, 4), (1, 2), (1, 5), (3, 7), (5, 7), (0, 6), (2, 3), (3, 6), (1, 3)])"
9,12,1,0.059119462966918945,0.20396709442138672,"(Vertices: [0, 1, 2, 3, 4, 5, 6, 7, 8]) -- (Edges: [(2, 4), (8, 4), (3, 4), (8, 1), (1, 5), (0, 3), (4, 6), (1, 4), (0, 6), (4, 5), (8, 2), (4, 7)])"
9,12,23,0.5796835422515869,2.1553611755371094,"(Vertices: [0, 1, 2, 3, 4, 5, 6, 7, 8]) -- (Edges: [(0, 1), (1, 2), (0, 4), (8, 7), (8, 0), (8, 3), (5, 6), (8, 6), (1, 6), (0, 8), (3, 5), (8, 2)])"
10,12,1,0.0809321403503418,0.20577526092529297,"(Vertices: [0, 1, 2, 3, 4, 5, 6, 7, 8, 9]) -- (Edges: [(9, 3), (1, 5), (3, 7), (0, 9), (5, 7), (9, 5), (0, 2), (2, 6), (3, 6), (1, 6), (9, 7), (9, 4)])"
10,17,32,1.247826099395752,4.249917984008789,"(Vertices: [0, 1, 2, 3, 4, 5, 6, 7, 8, 9]) -- (Edges: [(0, 1), (0, 4), (3, 4), (1, 5), (9, 6), (0, 3), (0, 9), (4, 6), (8, 0), (0, 6), (9, 5), (0, 2), (1, 7), (8, 9), (0, 8), (8, 5), (9, 4)])"
11,19,1,0.07807278633117676,0.26444435119628906,"(Vertices: [0, 1, 2, 3, 4, 5, 6, 7, 8, 9, 10]) -- (Edges: [(4, 6), (5, 7), (8, 0), (8, 6), (10, 3), (0, 8), (1, 3), (1, 9), (4, 5), (9, 1), (8, 5), (0, 1), (0, 10), (4, 7), (8, 4), (9, 6), (10, 7), (1, 4), (2, 3)])"
11,22,46,2.521697521209717,7.886909484863281,"(Vertices: [0, 1, 2, 3, 4, 5, 6, 7, 8, 9, 10]) -- (Edges: [(3, 7), (4, 6), (9, 2), (5, 7), (8, 0), (9, 5), (10, 6), (8, 6), (0, 8), (8, 2), (10, 2), (0, 4), (0, 10), (1, 5), (2, 10), (6, 7), (8, 4), (0, 9), (1, 4), (2, 3), (1, 7), (2, 6)])"
12,29,1,0.11414098739624023,0.33326244354248047,"(Vertices: [0, 1, 2, 3, 4, 5, 6, 7, 8, 9, 10, 11]) -- (Edges: [(3, 7), (4, 6), (5, 7), (9, 5), (0, 2), (8, 3), (10, 6), (0, 5), (2, 5), (1, 3), (1, 9), (4, 5), (8, 2), (9, 1), (11, 4), (8, 5), (9, 4), (8, 11), (1, 2), (10, 11), (0, 10), (1, 11), (8, 4), (1, 4), (11, 6), (2, 3), (1, 7), (2, 6), (1, 10)])"
12,23,64,3.74902606010437,11.10124683380127,"(Vertices: [0, 1, 2, 3, 4, 5, 6, 7, 8, 9, 10, 11]) -- (Edges: [(3, 4), (8, 0), (8, 9), (8, 6), (0, 8), (2, 5), (1, 3), (2, 11), (5, 6), (8, 11), (9, 4), (10, 2), (11, 7), (10, 5), (2, 7), (1, 5), (2, 10), (6, 7), (8, 4), (8, 7), (8, 10), (1, 7), (1, 10)])"
13,25,1,0.09790349006652832,0.3212852478027344,"(Vertices: [0, 1, 2, 3, 4, 5, 6, 7, 8, 9, 10, 11, 12]) -- (Edges: [(3, 7), (4, 6), (8, 3), (1, 3), (2, 11), (1, 12), (4, 5), (11, 4), (10, 2), (0, 1), (2, 4), (1, 2), (0, 4), (0, 10), (2, 7), (10, 5), (1, 11), (2, 10), (4, 7), (3, 11), (8, 4), (8, 7), (9, 6), (11, 3), (11, 6)])"
13,27,91,7.445485830307007,18.384822845458984,"(Vertices: [0, 1, 2, 3, 4, 5, 6, 7, 8, 9, 10, 11, 12]) -- (Edges: [(12, 4), (12, 7), (3, 4), (3, 7), (4, 12), (5, 7), (8, 0), (0, 8), (1, 12), (12, 6), (11, 4), (8, 11), (0, 1), (9, 10), (1, 2), (0, 10), (1, 11), (8, 4), (9, 3), (8, 1), (0, 3), (8, 10), (10, 7), (1, 4), (9, 12), (0, 12), (2, 6)])"
14,33,1,0.11262965202331543,0.37178707122802734,"(Vertices: [0, 1, 2, 3, 4, 5, 6, 7, 8, 9, 10, 11, 12, 13]) -- (Edges: [(12, 7), (4, 6), (12, 13), (3, 13), (8, 3), (8, 9), (0, 5), (10, 3), (8, 12), (1, 3), (1, 9), (10, 12), (4, 5), (12, 6), (3, 6), (3, 12), (9, 1), (9, 7), (11, 4), (8, 5), (0, 7), (2, 4), (10, 11), (0, 13), (11, 13), (3, 11), (9, 3), (8, 1), (8, 7), (11, 3), (0, 6), (0, 12), (1, 13)])"
14,25,128,13.909790515899658,23.93577289581299,"(Vertices: [0, 1, 2, 3, 4, 5, 6, 7, 8, 9, 10, 11, 12, 13]) -- (Edges: [(4, 6), (8, 9), (10, 3), (9, 11), (2, 5), (10, 12), (1, 12), (5, 6), (3, 12), (8, 2), (10, 2), (0, 1), (1, 11), (2, 10), (3, 5), (8, 1), (10, 4), (0, 3), (1, 4), (11, 6), (8, 13), (10, 13), (1, 7), (11, 12), (1, 10)])"
15,30,1,0.10518217086791992,0.3575925827026367,"(Vertices: [0, 1, 2, 3, 4, 5, 6, 7, 8, 9, 10, 11, 12, 13, 14]) -- (Edges: [(3, 7), (5, 7), (2, 5), (1, 3), (2, 11), (0, 11), (10, 12), (13, 14), (3, 6), (9, 7), (8, 11), (9, 4), (10, 2), (0, 7), (2, 4), (1, 2), (0, 4), (8, 14), (11, 13), (2, 10), (2, 13), (6, 7), (3, 5), (3, 11), (0, 3), (11, 3), (8, 10), (11, 6), (1, 7), (2, 6)])"
15,44,182,17.666391611099243,59.321102142333984,"(Vertices: [0, 1, 2, 3, 4, 5, 6, 7, 8, 9, 10, 11, 12, 13, 14]) -- (Edges: [(3, 7), (12, 13), (9, 2), (8, 0), (5, 13), (3, 13), (8, 3), (9, 5), (8, 9), (11, 5), (10, 3), (8, 12), (1, 6), (0, 8), (2, 5), (13, 5), (9, 14), (0, 11), (10, 12), (13, 14), (6, 14), (14, 6), (5, 6), (8, 2), (11, 4), (8, 5), (9, 4), (0, 1), (8, 11), (9, 10), (1, 2), (10, 2), (2, 10), (2, 13), (8, 4), (4, 13), (8, 1), (0, 3), (9, 12), (10, 13), (0, 6), (0, 12), (2, 3), (11, 6)])"
5,5,1,0.07724118232727051,1.1895074844360352,"(Vertices: [0, 1, 2, 3, 4]) -- (Edges: [(2, 4), (1, 2), (0, 4), (1, 4), (2, 3)])"
5,5,6,0.10318517684936523,0.3529701232910156,"(Vertices: [0, 1, 2, 3, 4]) -- (Edges: [(0, 1), (2, 4), (1, 2), (0, 4), (0, 3)])"
6,8,1,0.058431148529052734,0.17720699310302734,"(Vertices: [0, 1, 2, 3, 4, 5]) -- (Edges: [(2, 4), (1, 2), (0, 4), (3, 4), (1, 5), (4, 5), (2, 5), (1, 3)])"
6,10,8,0.19617986679077148,0.7390899658203125,"(Vertices: [0, 1, 2, 3, 4, 5]) -- (Edges: [(2, 4), (0, 4), (3, 4), (1, 5), (1, 4), (2, 3), (0, 2), (0, 5), (2, 5), (3, 5)])"
7,5,1,0.14137625694274902,0.15128803253173828,"(Vertices: [0, 1, 2, 3, 4, 5, 6]) -- (Edges: [(1, 4), (0, 2), (5, 6), (1, 3), (3, 5)])"
7,10,12,0.30132007598876953,1.086195945739746,"(Vertices: [0, 1, 2, 3, 4, 5, 6]) -- (Edges: [(1, 2), (3, 4), (0, 3), (4, 6), (2, 3), (2, 6), (5, 6), (0, 5), (1, 6), (3, 5)])"
8,7,1,0.06240344047546387,0.16279220581054688,"(Vertices: [0, 1, 2, 3, 4, 5, 6, 7]) -- (Edges: [(0, 7), (1, 2), (0, 3), (5, 7), (2, 3), (1, 7), (1, 3)])"
8,10,16,0.3223392963409424,1.320486068725586,"(Vertices: [0, 1, 2, 3, 4, 5, 6, 7]) -- (Edges: [(1, 2), (2, 7), (1, 5), (3, 7), (1, 7), (2, 6), (5, 6), (0, 5), (4, 7), (3, 5)])"
9,13,1,0.06640911102294922,0.20084476470947266,"(Vertices: [0, 1, 2, 3, 4, 5, 6, 7, 8]) -- (Edges: [(2, 4), (0, 4), (3, 4), (8, 4), (5, 7), (6, 7), (8, 3), (0, 5), (3, 6), (8, 6), (2, 5), (1, 3), (3, 5)])"
9,11,23,0.5144562721252441,1.9930200576782227,"(Vertices: [0, 1, 2, 3, 4, 5, 6, 7, 8]) -- (Edges: [(8, 4), (2, 7), (5, 7), (8, 0), (6, 7), (8, 6), (1, 6), (0, 8), (2, 5), (1, 3), (8, 5)])"
10,16,1,0.06755948066711426,0.22830677032470703,"(Vertices: [0, 1, 2, 3, 4, 5, 6, 7, 8, 9]) -- (Edges: [(2, 4), (1, 2), (0, 4), (2, 7), (8, 1), (9, 3), (3, 7), (8, 7), (0, 3), (0, 9), (5, 7), (0, 2), (8, 3), (4, 5), (5, 6), (0, 5)])"
10,16,32,1.0909132957458496,4.009450912475586,"(Vertices: [0, 1, 2, 3, 4, 5, 6, 7, 8, 9]) -- (Edges: [(3, 4), (9, 1), (8, 1), (3, 7), (9, 4), (0, 3), (0, 9), (9, 2), (5, 7), (8, 9), (3, 6), (1, 6), (2, 5), (1, 3), (1, 9), (8, 2)])"
11,21,1,0.0889892578125,0.2756614685058594,"(Vertices: [0, 1, 2, 3, 4, 5, 6, 7, 8, 9, 10]) -- (Edges: [(8, 0), (8, 9), (0, 5), (8, 6), (0, 8), (2, 5), (1, 3), (5, 6), (3, 6), (8, 5), (9, 10), (0, 10), (2, 7), (1, 5), (9, 3), (8, 7), (0, 3), (1, 4), (2, 3), (1, 7), (1, 10)])"
11,17,46,1.9225945472717285,6.074541091918945,"(Vertices: [0, 1, 2, 3, 4, 5, 6, 7, 8, 9, 10]) -- (Edges: [(9, 10), (1, 2), (0, 4), (8, 4), (1, 5), (0, 3), (10, 7), (1, 4), (0, 6), (6, 7), (1, 7), (8, 9), (1, 10), (2, 5), (1, 3), (4, 7), (9, 4)])"
12,30,1,0.09631204605102539,0.3397197723388672,"(Vertices: [0, 1, 2, 3, 4, 5, 6, 7, 8, 9, 10, 11]) -- (Edges: [(3, 4), (5, 7), (9, 5), (0, 5), (11, 5), (8, 6), (1, 9), (4, 5), (5, 6), (8, 2), (9, 1), (0, 7), (2, 4), (10, 5), (0, 4), (0, 10), (10, 11), (1, 11), (6, 7), (4, 7), (8, 4), (8, 1), (8, 7), (10, 4), (9, 6), (0, 9), (10, 7), (8, 10), (0, 6), (1, 10)])"
12,31,64,5.554383993148804,14.957974433898926,"(Vertices: [0, 1, 2, 3, 4, 5, 6, 7, 8, 9, 10, 11]) -- (Edges: [(3, 4), (3, 7), (5, 7), (8, 0), (8, 3), (10, 6), (1, 6), (0, 8), (2, 11), (1, 3), (1, 9), (0, 11), (3, 6), (9, 1), (11, 4), (8, 5), (9, 4), (11, 7), (10, 11), (2, 7), (1, 5), (4, 7), (3, 11), (8, 4), (9, 3), (0, 3), (11, 3), (10, 7), (8, 10), (1, 7), (2, 6)])"
13,32,1,0.11709308624267578,0.3660745620727539,"(Vertices: [0, 1, 2, 3, 4, 5, 6, 7, 8, 9, 10, 11, 12]) -- (Edges: [(12, 4), (12, 7), (4, 6), (4, 12), (9, 2), (8, 0), (9, 5), (0, 2), (8, 9), (10, 6), (9, 11), (0, 8), (2, 5), (1, 9), (0, 11), (12, 6), (5, 6), (9, 1), (9, 4), (2, 4), (1, 2), (10, 5), (1, 5), (1, 11), (6, 7), (4, 7), (3, 5), (8, 10), (0, 6), (11, 12), (1, 7), (1, 10)])"
13,26,91,7.899020195007324,17.767391204833984,"(Vertices: [0, 1, 2, 3, 4, 5, 6, 7, 8, 9, 10, 11, 12]) -- (Edges: [(9, 2), (9, 5), (8, 3), (10, 6), (0, 5), (10, 3), (9, 11), (5, 6), (3, 6), (8, 2), (8, 11), (0, 7), (2, 7), (1, 5), (6, 7), (4, 7), (3, 11), (8, 4), (11, 3), (0, 9), (9, 12), (0, 6), (0, 12), (2, 3), (1, 7), (11, 12)])"
14,33,1,0.11412715911865234,0.37288761138916016,"(Vertices: [0, 1, 2, 3, 4, 5, 6, 7, 8, 9, 10, 11, 12, 13]) -- (Edges: [(3, 4), (4, 6), (9, 2), (5, 13), (3, 13), (9, 5), (10, 6), (11, 5), (8, 6), (8, 12), (1, 6), (2, 5), (13, 5), (2, 11), (12, 6), (5, 6), (3, 12), (9, 7), (8, 11), (10, 2), (11, 7), (10, 11), (2, 10), (12, 5), (3, 11), (8, 7), (0, 3), (11, 3), (10, 7), (8, 10), (2, 6), (13, 6), (1, 10)])"
14,31,128,33.835628271102905,29.559775352478027,"(Vertices: [0, 1, 2, 3, 4, 5, 6, 7, 8, 9, 10, 11, 12, 13]) -- (Edges: [(12, 4), (3, 7), (4, 12), (9, 2), (5, 7), (8, 0), (0, 2), (8, 3), (0, 8), (2, 5), (2, 11), (4, 5), (9, 7), (11, 4), (8, 11), (11, 7), (1, 11), (2, 13), (3, 11), (8, 4), (4, 13), (8, 1), (10, 4), (0, 3), (11, 3), (0, 6), (8, 13), (11, 12), (2, 6), (2, 12), (1, 10)])"
15,30,1,0.0956578254699707,0.3462028503417969,"(Vertices: [0, 1, 2, 3, 4, 5, 6, 7, 8, 9, 10, 11, 12, 13, 14]) -- (Edges: [(5, 7), (9, 5), (0, 2), (8, 9), (11, 5), (0, 14), (2, 11), (10, 12), (0, 11), (2, 14), (5, 6), (4, 14), (3, 12), (8, 2), (2, 4), (10, 5), (1, 5), (0, 13), (11, 13), (6, 7), (3, 14), (10, 4), (9, 12), (1, 4), (0, 12), (2, 3), (1, 13), (2, 6), (13, 6), (1, 10)])"
15,42,182,12.42952585220337,56.68530464172363,"(Vertices: [0, 1, 2, 3, 4, 5, 6, 7, 8, 9, 10, 11, 12, 13, 14]) -- (Edges: [(12, 4), (4, 12), (9, 2), (5, 7), (8, 0), (5, 13), (9, 5), (9, 14), (10, 3), (8, 12), (1, 6), (0, 8), (11, 14), (1, 3), (13, 5), (10, 12), (4, 5), (3, 6), (3, 12), (4, 14), (9, 7), (9, 4), (0, 1), (10, 5), (1, 2), (12, 5), (3, 5), (3, 11), (3, 14), (8, 4), (4, 13), (8, 1), (11, 3), (10, 7), (1, 4), (11, 6), (2, 3), (8, 13), (10, 13), (11, 12), (2, 6), (1, 10)])"
5,3,1,0.06522917747497559,1.1762943267822266,"(Vertices: [0, 1, 2, 3, 4]) -- (Edges: [(0, 1), (0, 3), (2, 3)])"
5,2,6,0.20758605003356934,0.6503572463989258,"(Vertices: [0, 1, 2, 3, 4]) -- (Edges: [(0, 1), (3, 4)])"
6,4,1,0.03697943687438965,0.1430196762084961,"(Vertices: [0, 1, 2, 3, 4, 5]) -- (Edges: [(0, 1), (4, 5), (0, 5), (1, 5)])"
6,2,8,0.27025794982910156,0.47415733337402344,"(Vertices: [0, 1, 2, 3, 4, 5]) -- (Edges: [(2, 4), (0, 5)])"
7,9,1,0.0496823787689209,0.1918783187866211,"(Vertices: [0, 1, 2, 3, 4, 5, 6]) -- (Edges: [(2, 4), (0, 4), (3, 4), (1, 4), (2, 3), (0, 2), (5, 6), (1, 6), (3, 5)])"
7,7,12,0.17039203643798828,0.8060073852539062,"(Vertices: [0, 1, 2, 3, 4, 5, 6]) -- (Edges: [(0, 1), (1, 2), (3, 4), (0, 3), (4, 5), (2, 5), (3, 5)])"
8,8,1,0.047067880630493164,0.1778707504272461,"(Vertices: [0, 1, 2, 3, 4, 5, 6, 7]) -- (Edges: [(0, 7), (1, 2), (2, 7), (5, 7), (0, 6), (6, 7), (0, 2), (4, 7)])"
8,10,16,0.28685784339904785,1.3361167907714844,"(Vertices: [0, 1, 2, 3, 4, 5, 6, 7]) -- (Edges: [(2, 4), (3, 4), (2, 7), (3, 7), (0, 3), (0, 6), (2, 3), (0, 2), (3, 6), (3, 5)])"
9,11,1,0.04934048652648926,0.19795608520507812,"(Vertices: [0, 1, 2, 3, 4, 5, 6, 7, 8]) -- (Edges: [(2, 7), (0, 3), (4, 6), (1, 4), (0, 6), (2, 3), (4, 5), (5, 6), (3, 6), (1, 6), (8, 2)])"
9,14,23,0.5926365852355957,2.5622501373291016,"(Vertices: [0, 1, 2, 3, 4, 5, 6, 7, 8]) -- (Edges: [(2, 4), (0, 4), (3, 4), (2, 7), (8, 1), (0, 3), (4, 6), (5, 7), (0, 6), (1, 7), (4, 5), (0, 5), (3, 6), (3, 5)])"
10,13,1,0.056261301040649414,0.22255516052246094,"(Vertices: [0, 1, 2, 3, 4, 5, 6, 7, 8, 9]) -- (Edges: [(0, 7), (0, 4), (3, 4), (8, 4), (8, 7), (0, 6), (8, 3), (5, 6), (0, 5), (1, 6), (9, 7), (4, 7), (9, 4)])"
10,18,32,1.0736463069915771,4.4067277908325195,"(Vertices: [0, 1, 2, 3, 4, 5, 6, 7, 8, 9]) -- (Edges: [(0, 7), (0, 4), (2, 7), (1, 5), (9, 3), (8, 7), (5, 7), (0, 6), (4, 7), (8, 5), (0, 2), (9, 5), (8, 0), (0, 8), (9, 1), (1, 9), (3, 5), (9, 4)])"
11,19,1,0.06572556495666504,0.2766571044921875,"(Vertices: [0, 1, 2, 3, 4, 5, 6, 7, 8, 9, 10]) -- (Edges: [(3, 4), (5, 7), (0, 2), (8, 3), (10, 6), (0, 5), (5, 6), (9, 4), (9, 10), (1, 2), (0, 4), (0, 10), (4, 7), (3, 5), (8, 4), (9, 3), (0, 3), (0, 6), (2, 3)])"
11,23,46,1.9912383556365967,8.23429012298584,"(Vertices: [0, 1, 2, 3, 4, 5, 6, 7, 8, 9, 10]) -- (Edges: [(4, 6), (9, 5), (8, 9), (0, 5), (2, 5), (1, 3), (1, 9), (9, 1), (9, 7), (9, 10), (10, 5), (1, 5), (6, 7), (3, 5), (9, 3), (8, 1), (8, 7), (9, 6), (0, 9), (0, 6), (2, 3), (1, 7), (2, 6)])"
12,19,1,0.07261013984680176,0.26209354400634766,"(Vertices: [0, 1, 2, 3, 4, 5, 6, 7, 8, 9, 10, 11]) -- (Edges: [(3, 7), (8, 3), (8, 9), (0, 5), (8, 6), (1, 6), (2, 11), (4, 5), (5, 6), (3, 6), (10, 2), (9, 4), (2, 10), (6, 7), (3, 11), (8, 1), (8, 7), (11, 3), (1, 7)])"
12,22,64,2.7859292030334473,10.862783432006836,"(Vertices: [0, 1, 2, 3, 4, 5, 6, 7, 8, 9, 10, 11]) -- (Edges: [(4, 6), (5, 7), (0, 2), (8, 6), (9, 11), (3, 6), (8, 2), (11, 4), (2, 4), (1, 2), (10, 5), (1, 5), (1, 11), (8, 4), (8, 1), (9, 6), (0, 9), (10, 7), (1, 4), (0, 6), (2, 3), (2, 6)])"
13,25,1,0.07380032539367676,0.3016071319580078,"(Vertices: [0, 1, 2, 3, 4, 5, 6, 7, 8, 9, 10, 11, 12]) -- (Edges: [(12, 4), (12, 7), (4, 12), (9, 2), (5, 7), (8, 3), (8, 9), (10, 6), (8, 6), (9, 11), (1, 3), (0, 11), (5, 6), (8, 2), (8, 5), (11, 4), (8, 11), (11, 7), (0, 10), (3, 11), (9, 3), (8, 7), (11, 3), (10, 7), (11, 6)])"
13,29,91,6.091171503067017,19.81747055053711,"(Vertices: [0, 1, 2, 3, 4, 5, 6, 7, 8, 9, 10, 11, 12]) -- (Edges: [(12, 4), (3, 7), (4, 12), (5, 7), (9, 5), (8, 9), (11, 5), (1, 6), (2, 5), (2, 11), (1, 9), (10, 12), (1, 12), (5, 6), (9, 1), (11, 4), (9, 4), (9, 10), (10, 11), (0, 4), (0, 10), (1, 5), (6, 7), (3, 11), (10, 4), (11, 3), (8, 10), (9, 12), (11, 12)])"
14,32,1,0.09183526039123535,0.3610105514526367,"(Vertices: [0, 1, 2, 3, 4, 5, 6, 7, 8, 9, 10, 11, 12, 13]) -- (Edges: [(3, 4), (9, 2), (8, 0), (9, 5), (0, 2), (8, 3), (10, 3), (0, 8), (10, 12), (1, 12), (3, 6), (3, 12), (11, 4), (8, 11), (9, 4), (9, 10), (2, 4), (1, 2), (0, 10), (13, 7), (3, 5), (3, 11), (4, 13), (9, 3), (10, 4), (9, 6), (0, 3), (11, 3), (10, 7), (1, 4), (2, 6), (13, 6)])"
14,31,128,29.633728504180908,29.60897731781006,"(Vertices: [0, 1, 2, 3, 4, 5, 6, 7, 8, 9, 10, 11, 12, 13]) -- (Edges: [(4, 6), (9, 5), (10, 6), (11, 5), (10, 3), (8, 12), (2, 5), (1, 3), (4, 5), (8, 2), (8, 5), (0, 7), (11, 7), (10, 11), (9, 13), (1, 11), (11, 13), (2, 13), (6, 7), (4, 7), (3, 5), (4, 13), (9, 12), (0, 9), (8, 10), (1, 4), (0, 6), (2, 3), (11, 6), (8, 13), (1, 13)])"
15,34,1,0.13161826133728027,0.38001060485839844,"(Vertices: [0, 1, 2, 3, 4, 5, 6, 7, 8, 9, 10, 11, 12, 13, 14]) -- (Edges: [(4, 6), (8, 3), (10, 6), (0, 5), (1, 3), (1, 9), (2, 14), (1, 12), (6, 14), (14, 6), (4, 5), (5, 6), (3, 6), (9, 1), (8, 5), (9, 4), (2, 4), (0, 10), (1, 14), (12, 5), (3, 5), (3, 11), (3, 14), (4, 13), (8, 1), (10, 4), (11, 3), (0, 9), (10, 7), (9, 12), (11, 6), (8, 13), (1, 13), (13, 6)])"
15,40,182,12.901979446411133,54.018362045288086,"(Vertices: [0, 1, 2, 3, 4, 5, 6, 7, 8, 9, 10, 11, 12, 13, 14]) -- (Edges: [(3, 4), (14, 7), (4, 6), (5, 7), (3, 13), (0, 2), (9, 5), (8, 6), (8, 12), (2, 5), (0, 14), (10, 12), (13, 14), (4, 5), (3, 6), (3, 12), (8, 5), (8, 11), (9, 4), (0, 1), (0, 7), (2, 4), (1, 2), (0, 4), (0, 10), (2, 7), (10, 5), (4, 7), (3, 5), (3, 14), (8, 1), (8, 7), (10, 4), (9, 6), (9, 12), (0, 9), (8, 10), (1, 4), (8, 13), (1, 7)])"
5,2,1,0.07644057273864746,1.1700668334960938,"(Vertices: [0, 1, 2, 3, 4]) -- (Edges: [(2, 3), (1, 2)])"
5,2,6,0.06715011596679688,0.20943546295166016,"(Vertices: [0, 1, 2, 3, 4]) -- (Edges: [(0, 1), (1, 4)])"
6,4,1,0.04172182083129883,0.1420135498046875,"(Vertices: [0, 1, 2, 3, 4, 5]) -- (Edges: [(2, 3), (1, 2), (1, 3), (0, 5)])"
6,6,8,0.131666898727417,0.51104736328125,"(Vertices: [0, 1, 2, 3, 4, 5]) -- (Edges: [(0, 1), (2, 4), (1, 5), (2, 3), (2, 5), (3, 5)])"
7,11,1,0.05772256851196289,0.2041168212890625,"(Vertices: [0, 1, 2, 3, 4, 5, 6]) -- (Edges: [(1, 2), (0, 4), (3, 4), (1, 5), (0, 3), (2, 3), (0, 5), (3, 6), (1, 6), (2, 5), (3, 5)])"
7,8,12,0.23044753074645996,0.9099712371826172,"(Vertices: [0, 1, 2, 3, 4, 5, 6]) -- (Edges: [(0, 1), (3, 4), (0, 3), (4, 6), (2, 3), (4, 5), (2, 6), (5, 6)])"
8,7,1,0.05641007423400879,0.1670846939086914,"(Vertices: [0, 1, 2, 3, 4, 5, 6, 7]) -- (Edges: [(2, 4), (1, 4), (0, 6), (0, 2), (1, 7), (4, 5), (5, 6)])"
8,10,16,0.3447411060333252,1.3265399932861328,"(Vertices: [0, 1, 2, 3, 4, 5, 6, 7]) -- (Edges: [(0, 1), (1, 2), (4, 6), (5, 7), (6, 7), (4, 5), (2, 6), (5, 6), (1, 6), (1, 3)])"
9,13,1,0.06151890754699707,0.21272659301757812,"(Vertices: [0, 1, 2, 3, 4, 5, 6, 7, 8]) -- (Edges: [(0, 1), (2, 4), (3, 4), (8, 7), (1, 4), (5, 7), (6, 7), (1, 7), (4, 5), (8, 6), (3, 6), (1, 6), (4, 7)])"
9,10,23,0.4785630702972412,1.8266220092773438,"(Vertices: [0, 1, 2, 3, 4, 5, 6, 7, 8]) -- (Edges: [(0, 1), (1, 5), (8, 1), (8, 7), (0, 3), (4, 6), (5, 7), (8, 3), (5, 6), (8, 5)])"
10,18,1,0.07428884506225586,0.24944019317626953,"(Vertices: [0, 1, 2, 3, 4, 5, 6, 7, 8, 9]) -- (Edges: [(0, 1), (2, 4), (1, 2), (9, 3), (1, 5), (8, 7), (3, 7), (8, 0), (4, 7), (6, 7), (8, 9), (5, 6), (0, 5), (8, 2), (0, 8), (9, 1), (1, 9), (3, 5)])"
10,18,32,1.19289231300354,4.503596305847168,"(Vertices: [0, 1, 2, 3, 4, 5, 6, 7, 8, 9]) -- (Edges: [(9, 3), (3, 7), (9, 6), (0, 3), (0, 9), (4, 6), (8, 0), (2, 3), (9, 5), (1, 7), (8, 3), (2, 6), (3, 6), (0, 8), (9, 1), (1, 9), (3, 5), (9, 4)])"
11,20,1,0.08858394622802734,0.26862239837646484,"(Vertices: [0, 1, 2, 3, 4, 5, 6, 7, 8, 9, 10]) -- (Edges: [(3, 7), (4, 6), (9, 2), (8, 0), (8, 3), (0, 5), (1, 6), (0, 8), (1, 3), (4, 5), (3, 6), (10, 2), (0, 1), (9, 10), (1, 5), (2, 10), (6, 7), (4, 7), (10, 7), (2, 3)])"
11,21,46,2.395850419998169,7.510220527648926,"(Vertices: [0, 1, 2, 3, 4, 5, 6, 7, 8, 9, 10]) -- (Edges: [(3, 7), (4, 6), (9, 5), (0, 2), (8, 6), (10, 3), (2, 5), (1, 3), (1, 9), (9, 1), (9, 4), (9, 10), (0, 7), (1, 2), (4, 7), (9, 3), (8, 1), (8, 7), (10, 4), (1, 4), (2, 6)])"
12,24,1,0.09227776527404785,0.3013181686401367,"(Vertices: [0, 1, 2, 3, 4, 5, 6, 7, 8, 9, 10, 11]) -- (Edges: [(5, 7), (8, 0), (0, 2), (10, 6), (8, 6), (10, 3), (1, 6), (0, 8), (2, 5), (9, 7), (8, 5), (11, 4), (2, 4), (1, 2), (0, 4), (0, 10), (2, 7), (10, 5), (10, 11), (3, 11), (8, 1), (0, 3), (11, 3), (10, 7)])"
12,34,64,6.619552850723267,16.40009593963623,"(Vertices: [0, 1, 2, 3, 4, 5, 6, 7, 8, 9, 10, 11]) -- (Edges: [(9, 5), (8, 9), (10, 6), (0, 5), (10, 3), (11, 5), (2, 5), (2, 11), (1, 3), (1, 9), (4, 5), (5, 6), (8, 2), (9, 1), (11, 4), (10, 2), (9, 4), (2, 4), (1, 2), (0, 4), (10, 11), (1, 11), (2, 10), (3, 11), (8, 4), (10, 4), (9, 6), (11, 3), (1, 4), (0, 6), (11, 6), (1, 7), (2, 6), (1, 10)])"
13,26,1,0.09147262573242188,0.30951404571533203,"(Vertices: [0, 1, 2, 3, 4, 5, 6, 7, 8, 9, 10, 11, 12]) -- (Edges: [(3, 7), (4, 6), (0, 2), (8, 3), (10, 6), (11, 5), (1, 6), (9, 11), (2, 11), (0, 11), (4, 5), (5, 6), (8, 11), (10, 2), (9, 10), (1, 2), (2, 10), (12, 5), (8, 4), (8, 1), (10, 4), (9, 6), (0, 3), (1, 4), (11, 12), (1, 10)])"
13,28,91,8.114891290664673,19.212322235107422,"(Vertices: [0, 1, 2, 3, 4, 5, 6, 7, 8, 9, 10, 11, 12]) -- (Edges: [(4, 6), (8, 3), (0, 5), (1, 6), (2, 5), (1, 9), (0, 11), (1, 12), (3, 6), (9, 1), (11, 4), (8, 5), (0, 1), (10, 11), (6, 7), (3, 5), (3, 11), (8, 4), (9, 3), (8, 1), (9, 6), (0, 3), (11, 3), (8, 10), (1, 4), (0, 6), (11, 6), (1, 10)])"
14,27,1,0.10337162017822266,0.3585796356201172,"(Vertices: [0, 1, 2, 3, 4, 5, 6, 7, 8, 9, 10, 11, 12, 13]) -- (Edges: [(12, 7), (3, 4), (4, 6), (9, 2), (8, 3), (11, 5), (8, 12), (10, 12), (12, 6), (5, 6), (3, 6), (11, 4), (9, 4), (0, 1), (0, 7), (9, 10), (0, 4), (1, 5), (13, 7), (2, 13), (4, 7), (0, 3), (10, 7), (0, 6), (2, 12), (1, 10), (13, 6)])"
14,35,128,79.26768565177917,33.32831954956055,"(Vertices: [0, 1, 2, 3, 4, 5, 6, 7, 8, 9, 10, 11, 12, 13]) -- (Edges: [(12, 4), (3, 4), (4, 6), (4, 12), (9, 2), (5, 7), (8, 0), (12, 13), (0, 5), (8, 6), (8, 12), (9, 11), (0, 8), (1, 3), (0, 11), (4, 5), (5, 6), (10, 2), (0, 7), (2, 4), (11, 7), (9, 13), (2, 7), (2, 10), (6, 7), (3, 5), (10, 4), (9, 6), (0, 3), (9, 12), (2, 3), (8, 13), (1, 7), (1, 13), (13, 6)])"
15,37,1,0.14843320846557617,0.40285205841064453,"(Vertices: [0, 1, 2, 3, 4, 5, 6, 7, 8, 9, 10, 11, 12, 13, 14]) -- (Edges: [(3, 7), (14, 7), (4, 6), (5, 7), (3, 13), (0, 2), (10, 6), (0, 5), (8, 12), (1, 6), (9, 11), (1, 3), (1, 9), (4, 5), (12, 6), (5, 6), (3, 12), (8, 2), (9, 1), (10, 2), (0, 1), (9, 10), (2, 4), (1, 2), (10, 11), (2, 7), (1, 11), (11, 13), (2, 10), (9, 3), (9, 12), (8, 10), (10, 13), (0, 6), (11, 6), (1, 7), (13, 6)])"
15,47,182,18.30762004852295,63.34818935394287,"(Vertices: [0, 1, 2, 3, 4, 5, 6, 7, 8, 9, 10, 11, 12, 13, 14]) -- (Edges: [(12, 4), (12, 7), (14, 7), (4, 12), (5, 7), (8, 3), (10, 6), (9, 14), (10, 3), (8, 12), (2, 5), (0, 14), (1, 9), (0, 11), (11, 14), (1, 12), (6, 14), (14, 6), (4, 5), (5, 6), (3, 6), (9, 1), (9, 7), (0, 1), (9, 10), (10, 5), (8, 14), (10, 11), (0, 10), (1, 11), (11, 13), (1, 14), (2, 13), (3, 5), (3, 11), (12, 14), (8, 4), (4, 13), (5, 14), (10, 4), (11, 3), (8, 10), (0, 6), (2, 3), (11, 6), (11, 12), (1, 10)])"
5,3,1,0.0780189037322998,1.1748180389404297,"(Vertices: [0, 1, 2, 3, 4]) -- (Edges: [(1, 2), (1, 3), (1, 4)])"
5,2,6,0.06957840919494629,0.20991230010986328,"(Vertices: [0, 1, 2, 3, 4]) -- (Edges: [(1, 2), (1, 3)])"
6,6,1,0.04984283447265625,0.1571197509765625,"(Vertices: [0, 1, 2, 3, 4, 5]) -- (Edges: [(0, 1), (1, 4), (0, 2), (4, 5), (2, 5), (3, 5)])"
6,2,8,0.26352643966674805,0.6151065826416016,"(Vertices: [0, 1, 2, 3, 4, 5]) -- (Edges: [(4, 5), (1, 3)])"
7,4,1,0.05243182182312012,0.1435689926147461,"(Vertices: [0, 1, 2, 3, 4, 5, 6]) -- (Edges: [(2, 5), (0, 4), (3, 6), (0, 6)])"
7,8,12,0.2512471675872803,0.9109325408935547,"(Vertices: [0, 1, 2, 3, 4, 5, 6]) -- (Edges: [(3, 4), (1, 5), (0, 3), (0, 6), (4, 5), (5, 6), (0, 5), (3, 6)])"
8,9,1,0.05737495422363281,0.19362831115722656,"(Vertices: [0, 1, 2, 3, 4, 5, 6, 7]) -- (Edges: [(1, 2), (0, 4), (2, 7), (1, 5), (4, 6), (0, 6), (6, 7), (4, 5), (3, 6)])"
8,12,16,0.409254789352417,1.5746917724609375,"(Vertices: [0, 1, 2, 3, 4, 5, 6, 7]) -- (Edges: [(0, 1), (0, 7), (2, 4), (0, 4), (1, 4), (1, 7), (4, 5), (2, 6), (0, 5), (3, 6), (1, 6), (1, 3)])"
9,12,1,0.06074404716491699,0.20487308502197266,"(Vertices: [0, 1, 2, 3, 4, 5, 6, 7, 8]) -- (Edges: [(0, 1), (0, 7), (0, 4), (8, 4), (3, 7), (4, 6), (1, 4), (0, 6), (1, 7), (4, 5), (0, 5), (4, 7)])"
9,11,23,0.5463931560516357,1.9912834167480469,"(Vertices: [0, 1, 2, 3, 4, 5, 6, 7, 8]) -- (Edges: [(2, 4), (2, 7), (8, 7), (3, 7), (0, 6), (6, 7), (0, 2), (8, 3), (3, 6), (8, 2), (1, 3)])"
10,13,1,0.0650324821472168,0.21299362182617188,"(Vertices: [0, 1, 2, 3, 4, 5, 6, 7, 8, 9]) -- (Edges: [(0, 7), (2, 4), (0, 4), (3, 4), (1, 5), (8, 1), (9, 6), (6, 7), (5, 6), (0, 5), (8, 2), (2, 5), (8, 5)])"
10,15,32,1.0347206592559814,3.7792282104492188,"(Vertices: [0, 1, 2, 3, 4, 5, 6, 7, 8, 9]) -- (Edges: [(0, 4), (3, 4), (2, 7), (0, 3), (0, 9), (1, 4), (0, 6), (2, 3), (6, 7), (0, 2), (8, 3), (4, 5), (3, 6), (8, 5), (9, 4)])"
11,16,1,0.0796048641204834,0.23514556884765625,"(Vertices: [0, 1, 2, 3, 4, 5, 6, 7, 8, 9, 10]) -- (Edges: [(9, 10), (10, 5), (8, 4), (3, 4), (2, 7), (9, 3), (9, 6), (4, 6), (10, 7), (0, 2), (4, 5), (2, 6), (10, 6), (8, 2), (2, 5), (1, 3)])"
11,21,46,2.272679567337036,7.4892473220825195,"(Vertices: [0, 1, 2, 3, 4, 5, 6, 7, 8, 9, 10]) -- (Edges: [(3, 4), (5, 7), (8, 3), (8, 9), (10, 6), (1, 9), (4, 5), (5, 6), (8, 2), (9, 1), (8, 5), (10, 5), (1, 2), (8, 4), (9, 3), (0, 3), (10, 7), (0, 6), (2, 3), (2, 6), (1, 10)])"
12,22,1,0.10550212860107422,0.28165435791015625,"(Vertices: [0, 1, 2, 3, 4, 5, 6, 7, 8, 9, 10, 11]) -- (Edges: [(3, 4), (3, 7), (9, 5), (1, 9), (5, 6), (8, 2), (9, 1), (8, 5), (10, 2), (9, 4), (0, 7), (1, 2), (0, 4), (10, 11), (1, 11), (2, 10), (6, 7), (4, 7), (0, 3), (0, 6), (11, 6), (1, 10)])"
12,18,64,2.8277668952941895,8.807771682739258,"(Vertices: [0, 1, 2, 3, 4, 5, 6, 7, 8, 9, 10, 11]) -- (Edges: [(0, 1), (1, 2), (8, 4), (3, 4), (8, 1), (3, 7), (9, 6), (4, 6), (8, 10), (10, 7), (5, 7), (9, 11), (8, 3), (10, 6), (5, 6), (8, 2), (1, 3), (0, 11)])"
13,29,1,0.1373128890991211,0.3373384475708008,"(Vertices: [0, 1, 2, 3, 4, 5, 6, 7, 8, 9, 10, 11, 12]) -- (Edges: [(12, 4), (4, 12), (8, 9), (10, 6), (0, 5), (2, 5), (1, 3), (2, 11), (12, 6), (3, 6), (8, 5), (11, 4), (0, 1), (11, 7), (2, 4), (1, 2), (10, 11), (0, 10), (2, 7), (1, 11), (3, 11), (8, 4), (9, 3), (8, 1), (8, 7), (11, 3), (11, 6), (0, 12), (11, 12)])"
13,26,91,8.723820924758911,17.766446113586426,"(Vertices: [0, 1, 2, 3, 4, 5, 6, 7, 8, 9, 10, 11, 12]) -- (Edges: [(12, 4), (4, 6), (4, 12), (8, 3), (8, 9), (10, 3), (1, 3), (12, 6), (8, 2), (11, 4), (10, 2), (2, 4), (2, 10), (6, 7), (4, 7), (3, 5), (3, 11), (9, 6), (0, 3), (0, 9), (11, 3), (1, 4), (10, 7), (11, 12), (2, 12), (1, 10)])"
14,33,1,0.09046387672424316,0.3747100830078125,"(Vertices: [0, 1, 2, 3, 4, 5, 6, 7, 8, 9, 10, 11, 12, 13]) -- (Edges: [(12, 4), (12, 7), (3, 4), (4, 12), (8, 0), (3, 13), (0, 2), (9, 5), (10, 6), (8, 9), (8, 6), (0, 8), (2, 11), (1, 9), (0, 11), (4, 5), (12, 6), (5, 6), (3, 12), (9, 1), (9, 7), (10, 2), (9, 13), (2, 10), (2, 13), (4, 13), (8, 1), (9, 6), (0, 9), (1, 4), (10, 13), (1, 7), (1, 10)])"
14,32,128,125.9508593082428,30.501195907592773,"(Vertices: [0, 1, 2, 3, 4, 5, 6, 7, 8, 9, 10, 11, 12, 13]) -- (Edges: [(12, 4), (3, 4), (4, 12), (9, 2), (8, 0), (9, 5), (0, 2), (0, 5), (11, 5), (8, 6), (0, 8), (2, 11), (0, 11), (5, 6), (9, 7), (9, 4), (2, 4), (1, 2), (2, 7), (1, 5), (0, 13), (11, 13), (3, 5), (4, 13), (10, 4), (9, 6), (0, 3), (10, 7), (1, 4), (11, 12), (2, 6), (1, 10)])"
15,35,1,0.1841135025024414,0.38994693756103516,"(Vertices: [0, 1, 2, 3, 4, 5, 6, 7, 8, 9, 10, 11, 12, 13, 14]) -- (Edges: [(12, 7), (14, 7), (8, 0), (0, 2), (1, 6), (0, 8), (1, 3), (1, 9), (6, 14), (14, 6), (5, 6), (3, 6), (3, 12), (9, 1), (9, 7), (11, 4), (0, 1), (8, 14), (1, 2), (0, 4), (9, 13), (2, 7), (1, 5), (13, 7), (10, 14), (11, 13), (1, 14), (6, 7), (12, 5), (3, 14), (8, 4), (5, 14), (0, 9), (8, 10), (13, 6)])"
15,38,182,12.836524248123169,51.31913089752197,"(Vertices: [0, 1, 2, 3, 4, 5, 6, 7, 8, 9, 10, 11, 12, 13, 14]) -- (Edges: [(12, 4), (3, 4), (3, 7), (4, 12), (9, 2), (5, 7), (8, 0), (5, 13), (8, 3), (8, 9), (10, 6), (10, 3), (1, 6), (0, 8), (2, 5), (13, 5), (6, 14), (14, 6), (5, 6), (3, 6), (9, 7), (8, 5), (0, 1), (0, 4), (2, 7), (1, 14), (2, 13), (12, 5), (3, 14), (8, 7), (9, 6), (9, 12), (0, 6), (11, 6), (11, 12), (1, 13), (2, 12), (13, 6)])"
5,4,1,0.06637859344482422,1.1793451309204102,"(Vertices: [0, 1, 2, 3, 4]) -- (Edges: [(2, 3), (0, 2), (1, 2), (0, 4)])"
5,2,6,0.053522348403930664,0.21014785766601562,"(Vertices: [0, 1, 2, 3, 4]) -- (Edges: [(0, 2), (1, 2)])"
6,5,1,0.03791236877441406,0.1502532958984375,"(Vertices: [0, 1, 2, 3, 4, 5]) -- (Edges: [(0, 1), (1, 5), (4, 5), (0, 5), (2, 5)])"
6,6,8,0.10254859924316406,0.50433349609375,"(Vertices: [0, 1, 2, 3, 4, 5]) -- (Edges: [(2, 4), (1, 2), (3, 4), (1, 5), (1, 4), (2, 5)])"
7,6,1,0.04387998580932617,0.15564346313476562,"(Vertices: [0, 1, 2, 3, 4, 5, 6]) -- (Edges: [(3, 4), (0, 6), (2, 3), (4, 5), (2, 6), (1, 3)])"
7,7,12,0.23530864715576172,0.8109512329101562,"(Vertices: [0, 1, 2, 3, 4, 5, 6]) -- (Edges: [(3, 4), (4, 6), (1, 4), (0, 6), (2, 3), (0, 5), (1, 3)])"
8,14,1,0.05405139923095703,0.22025775909423828,"(Vertices: [0, 1, 2, 3, 4, 5, 6, 7]) -- (Edges: [(0, 1), (0, 7), (2, 4), (3, 4), (2, 7), (0, 3), (1, 4), (5, 7), (6, 7), (0, 2), (5, 6), (1, 6), (2, 5), (3, 5)])"
8,15,16,0.4691777229309082,1.939427375793457,"(Vertices: [0, 1, 2, 3, 4, 5, 6, 7]) -- (Edges: [(0, 7), (1, 2), (0, 4), (1, 5), (1, 4), (5, 7), (2, 3), (0, 2), (1, 7), (4, 5), (5, 6), (1, 6), (2, 5), (4, 7), (3, 5)])"
9,12,1,0.06170248985290527,0.2055196762084961,"(Vertices: [0, 1, 2, 3, 4, 5, 6, 7, 8]) -- (Edges: [(0, 1), (0, 4), (3, 4), (8, 4), (3, 7), (5, 7), (8, 0), (2, 3), (5, 6), (8, 6), (0, 8), (8, 5)])"
9,6,23,0.30204081535339355,1.143096923828125,"(Vertices: [0, 1, 2, 3, 4, 5, 6, 7, 8]) -- (Edges: [(0, 1), (8, 1), (8, 7), (5, 6), (3, 6), (8, 5)])"
10,21,1,0.08673310279846191,0.27083587646484375,"(Vertices: [0, 1, 2, 3, 4, 5, 6, 7, 8, 9]) -- (Edges: [(5, 7), (8, 0), (0, 2), (0, 8), (1, 9), (3, 6), (9, 1), (8, 5), (9, 4), (0, 7), (1, 2), (0, 4), (1, 5), (6, 7), (4, 7), (9, 3), (0, 9), (1, 4), (0, 6), (2, 3), (2, 6)])"
10,18,32,1.3249926567077637,4.4911346435546875,"(Vertices: [0, 1, 2, 3, 4, 5, 6, 7, 8, 9]) -- (Edges: [(1, 2), (0, 4), (3, 4), (2, 7), (9, 3), (8, 7), (4, 6), (9, 2), (1, 4), (5, 7), (8, 0), (0, 2), (2, 6), (0, 5), (3, 6), (0, 8), (1, 3), (8, 5)])"
11,17,1,0.07441473007202148,0.24751758575439453,"(Vertices: [0, 1, 2, 3, 4, 5, 6, 7, 8, 9, 10]) -- (Edges: [(0, 1), (2, 4), (1, 2), (8, 4), (8, 7), (0, 9), (9, 2), (5, 7), (10, 7), (8, 0), (4, 5), (8, 9), (2, 6), (5, 6), (3, 6), (0, 8), (4, 7)])"
11,21,46,2.4573588371276855,7.497629165649414,"(Vertices: [0, 1, 2, 3, 4, 5, 6, 7, 8, 9, 10]) -- (Edges: [(3, 4), (4, 6), (9, 2), (8, 0), (0, 2), (8, 9), (8, 6), (1, 6), (0, 8), (1, 3), (5, 6), (10, 2), (9, 4), (1, 2), (2, 10), (8, 4), (8, 1), (8, 7), (10, 4), (0, 3), (1, 7)])"
12,14,1,0.07525873184204102,0.22379493713378906,"(Vertices: [0, 1, 2, 3, 4, 5, 6, 7, 8, 9, 10, 11]) -- (Edges: [(0, 1), (10, 5), (1, 2), (9, 7), (9, 4), (10, 4), (0, 3), (5, 7), (8, 9), (1, 6), (2, 5), (2, 11), (3, 5), (8, 2)])"
12,25,64,4.214995861053467,12.281379699707031,"(Vertices: [0, 1, 2, 3, 4, 5, 6, 7, 8, 9, 10, 11]) -- (Edges: [(3, 7), (5, 7), (8, 0), (9, 5), (8, 9), (0, 5), (0, 8), (2, 5), (3, 6), (9, 7), (8, 5), (11, 7), (10, 5), (10, 11), (0, 10), (1, 11), (6, 7), (4, 7), (3, 11), (9, 3), (8, 1), (10, 4), (0, 3), (0, 9), (11, 3)])"
13,35,1,0.16827392578125,0.4212770462036133,"(Vertices: [0, 1, 2, 3, 4, 5, 6, 7, 8, 9, 10, 11, 12]) -- (Edges: [(12, 4), (12, 7), (4, 12), (9, 2), (8, 0), (9, 5), (0, 2), (8, 3), (0, 5), (9, 11), (0, 8), (1, 3), (10, 12), (0, 11), (12, 6), (5, 6), (8, 5), (8, 11), (10, 2), (0, 1), (10, 11), (0, 4), (1, 5), (2, 10), (12, 5), (9, 3), (8, 7), (9, 6), (0, 9), (10, 7), (1, 4), (2, 3), (1, 7), (2, 6), (2, 12)])"
13,31,91,12.49620246887207,21.153325080871582,"(Vertices: [0, 1, 2, 3, 4, 5, 6, 7, 8, 9, 10, 11, 12]) -- (Edges: [(12, 4), (3, 7), (4, 12), (9, 2), (5, 7), (9, 5), (8, 9), (10, 6), (9, 11), (2, 5), (2, 11), (1, 3), (1, 9), (12, 6), (3, 12), (8, 2), (9, 1), (10, 2), (0, 7), (2, 4), (10, 5), (1, 5), (2, 10), (12, 5), (8, 1), (8, 7), (0, 9), (10, 7), (0, 6), (11, 6), (2, 12)])"
14,33,1,0.11066389083862305,0.37257957458496094,"(Vertices: [0, 1, 2, 3, 4, 5, 6, 7, 8, 9, 10, 11, 12, 13]) -- (Edges: [(12, 4), (12, 7), (3, 7), (4, 12), (9, 2), (8, 0), (5, 13), (0, 2), (8, 3), (10, 6), (8, 6), (9, 11), (0, 8), (2, 5), (2, 11), (13, 5), (5, 6), (3, 6), (11, 7), (2, 4), (2, 7), (1, 5), (2, 13), (3, 11), (9, 3), (8, 7), (9, 6), (11, 3), (0, 9), (11, 6), (0, 12), (2, 3), (1, 7)])"
14,28,128,18.19513988494873,26.759748458862305,"(Vertices: [0, 1, 2, 3, 4, 5, 6, 7, 8, 9, 10, 11, 12, 13]) -- (Edges: [(12, 4), (12, 7), (4, 12), (9, 2), (9, 5), (9, 11), (10, 12), (1, 9), (1, 12), (12, 6), (9, 1), (8, 11), (10, 2), (10, 5), (2, 10), (12, 5), (3, 5), (3, 11), (8, 7), (10, 4), (9, 6), (11, 3), (9, 12), (0, 6), (1, 7), (1, 13), (2, 6), (1, 10)])"
15,35,1,0.13707375526428223,0.3896036148071289,"(Vertices: [0, 1, 2, 3, 4, 5, 6, 7, 8, 9, 10, 11, 12, 13, 14]) -- (Edges: [(12, 7), (3, 7), (4, 6), (5, 7), (8, 0), (3, 13), (0, 5), (11, 5), (8, 6), (9, 14), (0, 8), (0, 14), (13, 14), (4, 5), (4, 14), (3, 6), (9, 7), (11, 4), (8, 11), (11, 7), (2, 4), (1, 2), (10, 11), (1, 5), (11, 13), (6, 7), (4, 7), (3, 11), (8, 7), (11, 3), (0, 9), (11, 6), (2, 6), (2, 12), (13, 6)])"
15,49,182,19.411863803863525,66.02829933166504,"(Vertices: [0, 1, 2, 3, 4, 5, 6, 7, 8, 9, 10, 11, 12, 13, 14]) -- (Edges: [(12, 7), (3, 7), (4, 6), (12, 13), (8, 0), (5, 13), (3, 13), (0, 2), (8, 3), (8, 9), (0, 5), (10, 3), (11, 5), (1, 6), (0, 8), (2, 5), (2, 11), (13, 5), (9, 11), (9, 14), (11, 14), (6, 14), (14, 6), (12, 6), (3, 6), (3, 12), (8, 2), (4, 14), (11, 4), (10, 2), (9, 4), (8, 14), (10, 11), (9, 13), (10, 14), (0, 13), (2, 10), (2, 13), (6, 7), (4, 7), (12, 14), (9, 3), (8, 1), (0, 9), (1, 4), (11, 12), (1, 7), (1, 13), (2, 12)])"
5,2,1,0.08177304267883301,1.1691322326660156,"(Vertices: [0, 1, 2, 3, 4]) -- (Edges: [(0, 1), (1, 3)])"
5,3,6,0.07881736755371094,0.2671680450439453,"(Vertices: [0, 1, 2, 3, 4]) -- (Edges: [(0, 3), (3, 4), (1, 4)])"
6,4,1,0.05452084541320801,0.1430368423461914,"(Vertices: [0, 1, 2, 3, 4, 5]) -- (Edges: [(4, 5), (2, 4), (2, 5), (0, 4)])"
6,4,8,0.09999799728393555,0.36705493927001953,"(Vertices: [0, 1, 2, 3, 4, 5]) -- (Edges: [(4, 5), (0, 3), (2, 5), (3, 5)])"
7,2,1,0.042627811431884766,0.12269115447998047,"(Vertices: [0, 1, 2, 3, 4, 5, 6]) -- (Edges: [(1, 3), (2, 6)])"
7,5,12,0.14402246475219727,0.5687141418457031,"(Vertices: [0, 1, 2, 3, 4, 5, 6]) -- (Edges: [(2, 4), (1, 4), (0, 6), (0, 5), (2, 5)])"
8,12,1,0.07393765449523926,0.23244857788085938,"(Vertices: [0, 1, 2, 3, 4, 5, 6, 7]) -- (Edges: [(0, 1), (2, 4), (3, 7), (4, 6), (0, 6), (0, 2), (1, 7), (2, 6), (5, 6), (0, 5), (1, 6), (1, 3)])"
8,12,16,0.4305574893951416,1.5959701538085938,"(Vertices: [0, 1, 2, 3, 4, 5, 6, 7]) -- (Edges: [(2, 4), (1, 2), (1, 5), (0, 3), (1, 4), (5, 7), (6, 7), (0, 2), (1, 7), (0, 5), (4, 7), (3, 5)])"
9,13,1,0.06538581848144531,0.21137046813964844,"(Vertices: [0, 1, 2, 3, 4, 5, 6, 7, 8]) -- (Edges: [(0, 4), (3, 4), (2, 7), (8, 4), (3, 7), (5, 7), (6, 7), (1, 7), (0, 5), (1, 6), (2, 5), (4, 7), (8, 2)])"
9,10,23,0.4744429588317871,1.8035049438476562,"(Vertices: [0, 1, 2, 3, 4, 5, 6, 7, 8]) -- (Edges: [(8, 4), (3, 4), (8, 1), (8, 7), (4, 6), (1, 4), (0, 2), (0, 5), (1, 6), (4, 7)])"
10,18,1,0.08966875076293945,0.2510795593261719,"(Vertices: [0, 1, 2, 3, 4, 5, 6, 7, 8, 9]) -- (Edges: [(0, 1), (2, 4), (9, 3), (9, 1), (9, 6), (4, 6), (1, 4), (8, 5), (9, 5), (0, 2), (1, 7), (8, 3), (5, 6), (8, 6), (8, 2), (2, 5), (1, 3), (1, 9)])"
10,18,32,1.2640776634216309,4.506003379821777,"(Vertices: [0, 1, 2, 3, 4, 5, 6, 7, 8, 9]) -- (Edges: [(0, 1), (0, 7), (1, 2), (9, 1), (8, 1), (3, 7), (0, 3), (5, 7), (8, 5), (4, 7), (6, 7), (4, 5), (2, 6), (5, 6), (0, 5), (8, 2), (2, 5), (1, 9)])"
11,22,1,0.0907599925994873,0.2768135070800781,"(Vertices: [0, 1, 2, 3, 4, 5, 6, 7, 8, 9, 10]) -- (Edges: [(9, 2), (8, 0), (0, 2), (8, 9), (10, 6), (0, 5), (1, 6), (0, 8), (9, 7), (9, 4), (0, 1), (2, 4), (1, 2), (0, 4), (2, 7), (6, 7), (3, 5), (9, 6), (0, 3), (0, 9), (0, 6), (1, 10)])"
11,15,46,1.616575002670288,5.298863410949707,"(Vertices: [0, 1, 2, 3, 4, 5, 6, 7, 8, 9, 10]) -- (Edges: [(9, 10), (0, 7), (10, 5), (3, 4), (3, 7), (8, 10), (0, 6), (2, 3), (9, 5), (1, 7), (6, 7), (10, 6), (9, 1), (9, 7), (1, 9)])"
12,27,1,0.10039448738098145,0.34185028076171875,"(Vertices: [0, 1, 2, 3, 4, 5, 6, 7, 8, 9, 10, 11]) -- (Edges: [(3, 7), (5, 7), (0, 2), (8, 9), (10, 6), (11, 5), (2, 5), (2, 11), (1, 9), (5, 6), (9, 1), (8, 5), (8, 11), (0, 7), (2, 4), (10, 11), (1, 11), (4, 7), (3, 5), (3, 11), (8, 1), (0, 3), (11, 3), (10, 7), (8, 10), (0, 6), (2, 3)])"
12,21,64,3.347527027130127,10.266651153564453,"(Vertices: [0, 1, 2, 3, 4, 5, 6, 7, 8, 9, 10, 11]) -- (Edges: [(3, 7), (9, 2), (5, 7), (9, 5), (0, 2), (8, 9), (1, 3), (0, 11), (4, 5), (11, 4), (11, 7), (10, 5), (1, 5), (8, 4), (9, 3), (8, 1), (8, 10), (10, 7), (0, 6), (11, 6), (2, 6)])"
13,24,1,0.10146689414978027,0.3153820037841797,"(Vertices: [0, 1, 2, 3, 4, 5, 6, 7, 8, 9, 10, 11, 12]) -- (Edges: [(9, 5), (8, 3), (10, 6), (8, 6), (1, 9), (0, 11), (1, 12), (5, 6), (9, 1), (11, 4), (10, 2), (2, 4), (10, 5), (0, 4), (0, 10), (2, 10), (6, 7), (3, 11), (11, 3), (1, 4), (0, 6), (11, 6), (11, 12), (1, 7)])"
13,27,91,8.883771896362305,18.43498134613037,"(Vertices: [0, 1, 2, 3, 4, 5, 6, 7, 8, 9, 10, 11, 12]) -- (Edges: [(12, 4), (3, 4), (3, 7), (4, 12), (9, 2), (10, 6), (0, 5), (1, 6), (9, 11), (2, 5), (1, 3), (0, 11), (1, 12), (12, 6), (8, 2), (8, 11), (10, 2), (10, 5), (2, 10), (3, 5), (9, 6), (9, 12), (10, 7), (1, 4), (0, 6), (0, 12), (1, 10)])"
14,31,1,0.12552213668823242,0.3614940643310547,"(Vertices: [0, 1, 2, 3, 4, 5, 6, 7, 8, 9, 10, 11, 12, 13]) -- (Edges: [(3, 4), (3, 7), (12, 13), (5, 7), (3, 13), (0, 2), (10, 6), (11, 5), (8, 12), (9, 11), (2, 5), (10, 12), (1, 9), (5, 6), (3, 6), (9, 1), (9, 4), (0, 7), (2, 4), (9, 13), (0, 10), (2, 7), (11, 13), (3, 5), (9, 3), (0, 3), (9, 12), (10, 13), (0, 6), (0, 12), (11, 12)])"
14,40,128,84.81291484832764,38.0077018737793,"(Vertices: [0, 1, 2, 3, 4, 5, 6, 7, 8, 9, 10, 11, 12, 13]) -- (Edges: [(12, 7), (3, 7), (5, 7), (5, 13), (9, 5), (8, 3), (8, 9), (10, 6), (11, 5), (13, 5), (1, 9), (0, 11), (10, 12), (12, 6), (5, 6), (3, 6), (9, 1), (8, 11), (10, 2), (0, 1), (11, 7), (2, 4), (10, 5), (9, 10), (0, 10), (2, 7), (1, 5), (1, 11), (11, 13), (2, 10), (4, 7), (3, 11), (4, 13), (10, 4), (11, 3), (0, 9), (1, 4), (0, 12), (1, 13), (13, 6)])"
15,33,1,0.12468767166137695,0.3674488067626953,"(Vertices: [0, 1, 2, 3, 4, 5, 6, 7, 8, 9, 10, 11, 12, 13, 14]) -- (Edges: [(12, 4), (14, 7), (4, 12), (5, 13), (9, 5), (0, 5), (8, 6), (9, 14), (13, 5), (0, 11), (2, 14), (3, 6), (3, 12), (9, 7), (0, 1), (0, 7), (1, 2), (10, 11), (1, 14), (2, 13), (6, 7), (12, 14), (3, 14), (8, 4), (9, 3), (8, 1), (8, 10), (1, 4), (10, 13), (2, 3), (1, 7), (2, 6), (13, 6)])"
15,39,182,16.896337032318115,52.667158126831055,"(Vertices: [0, 1, 2, 3, 4, 5, 6, 7, 8, 9, 10, 11, 12, 13, 14]) -- (Edges: [(4, 6), (5, 7), (9, 5), (8, 9), (10, 6), (8, 12), (9, 11), (1, 3), (13, 14), (6, 14), (14, 6), (3, 12), (11, 4), (8, 5), (9, 4), (8, 11), (0, 7), (10, 5), (10, 2), (10, 11), (0, 10), (2, 7), (13, 7), (0, 13), (2, 10), (11, 13), (3, 14), (4, 13), (8, 1), (5, 14), (0, 3), (8, 10), (1, 4), (11, 6), (0, 12), (11, 12), (1, 13), (13, 6), (1, 10)])"
5,1,1,0.07000136375427246,1.1637029647827148,"(Vertices: [0, 1, 2, 3, 4]) -- (Edges: [(0, 1)])"
5,3,6,0.19216036796569824,0.5692253112792969,"(Vertices: [0, 1, 2, 3, 4]) -- (Edges: [(0, 1), (2, 4), (2, 3)])"
6,7,1,0.055498600006103516,0.1690378189086914,"(Vertices: [0, 1, 2, 3, 4, 5]) -- (Edges: [(1, 5), (0, 3), (2, 3), (0, 2), (4, 5), (2, 5), (1, 3)])"
6,7,8,0.1376934051513672,0.5733575820922852,"(Vertices: [0, 1, 2, 3, 4, 5]) -- (Edges: [(2, 4), (0, 4), (0, 3), (2, 3), (0, 2), (2, 5), (1, 3)])"
7,9,1,0.12321829795837402,0.17297077178955078,"(Vertices: [0, 1, 2, 3, 4, 5, 6]) -- (Edges: [(0, 1), (2, 4), (0, 4), (1, 5), (0, 2), (4, 5), (2, 6), (1, 6), (1, 3)])"
7,9,12,0.2713451385498047,0.9989461898803711,"(Vertices: [0, 1, 2, 3, 4, 5, 6]) -- (Edges: [(2, 4), (1, 2), (0, 4), (3, 4), (1, 4), (0, 6), (4, 5), (2, 5), (3, 5)])"
8,11,1,0.06302523612976074,0.19852828979492188,"(Vertices: [0, 1, 2, 3, 4, 5, 6, 7]) -- (Edges: [(0, 7), (1, 2), (0, 4), (0, 6), (6, 7), (0, 2), (1, 7), (4, 5), (0, 5), (1, 3), (3, 5)])"
8,9,16,0.3141953945159912,1.199049949645996,"(Vertices: [0, 1, 2, 3, 4, 5, 6, 7]) -- (Edges: [(0, 1), (1, 2), (2, 7), (1, 7), (2, 6), (0, 5), (3, 6), (1, 6), (3, 5)])"
9,10,1,0.06507635116577148,0.19179058074951172,"(Vertices: [0, 1, 2, 3, 4, 5, 6, 7, 8]) -- (Edges: [(0, 1), (1, 2), (2, 7), (3, 7), (0, 3), (5, 7), (6, 7), (5, 6), (1, 6), (3, 5)])"
9,14,23,0.7862033843994141,2.486370086669922,"(Vertices: [0, 1, 2, 3, 4, 5, 6, 7, 8]) -- (Edges: [(0, 1), (0, 7), (0, 4), (8, 4), (8, 7), (4, 6), (6, 7), (8, 3), (2, 6), (0, 5), (1, 6), (2, 5), (1, 3), (8, 5)])"
10,11,1,0.06665539741516113,0.20792675018310547,"(Vertices: [0, 1, 2, 3, 4, 5, 6, 7, 8, 9]) -- (Edges: [(1, 2), (8, 4), (1, 5), (9, 6), (9, 2), (1, 4), (0, 6), (2, 3), (6, 7), (8, 9), (8, 2)])"
10,13,32,0.8627171516418457,3.2523136138916016,"(Vertices: [0, 1, 2, 3, 4, 5, 6, 7, 8, 9]) -- (Edges: [(8, 4), (8, 1), (1, 5), (4, 6), (9, 2), (1, 4), (5, 7), (6, 7), (0, 2), (3, 6), (1, 6), (9, 1), (1, 9)])"
11,19,1,0.08347201347351074,0.26426219940185547,"(Vertices: [0, 1, 2, 3, 4, 5, 6, 7, 8, 9, 10]) -- (Edges: [(3, 7), (4, 6), (8, 0), (0, 2), (10, 6), (0, 5), (0, 8), (2, 5), (1, 3), (4, 5), (8, 5), (9, 4), (9, 10), (0, 7), (0, 10), (9, 6), (0, 3), (10, 7), (2, 6)])"
11,16,46,1.7701468467712402,5.604423522949219,"(Vertices: [0, 1, 2, 3, 4, 5, 6, 7, 8, 9, 10]) -- (Edges: [(0, 7), (10, 5), (0, 10), (9, 3), (1, 5), (8, 7), (3, 7), (10, 4), (4, 6), (9, 6), (9, 5), (8, 3), (6, 7), (9, 1), (1, 9), (9, 4)])"
12,27,1,0.10029363632202148,0.3405418395996094,"(Vertices: [0, 1, 2, 3, 4, 5, 6, 7, 8, 9, 10, 11]) -- (Edges: [(4, 6), (5, 7), (9, 5), (10, 6), (10, 3), (1, 6), (2, 5), (0, 11), (11, 4), (10, 2), (9, 4), (0, 1), (9, 10), (0, 4), (1, 5), (2, 10), (6, 7), (3, 5), (8, 4), (9, 3), (8, 7), (9, 6), (0, 3), (0, 9), (8, 10), (1, 7), (2, 6)])"
12,22,64,3.756596803665161,10.62216854095459,"(Vertices: [0, 1, 2, 3, 4, 5, 6, 7, 8, 9, 10, 11]) -- (Edges: [(9, 2), (0, 2), (8, 3), (8, 9), (11, 5), (8, 6), (9, 11), (2, 5), (1, 3), (5, 6), (8, 5), (10, 2), (11, 7), (10, 5), (0, 4), (0, 10), (1, 11), (2, 10), (4, 7), (0, 3), (0, 9), (2, 3)])"
13,33,1,0.12967896461486816,0.3845376968383789,"(Vertices: [0, 1, 2, 3, 4, 5, 6, 7, 8, 9, 10, 11, 12]) -- (Edges: [(12, 7), (3, 4), (9, 2), (9, 5), (8, 3), (0, 5), (10, 3), (1, 6), (9, 11), (1, 3), (10, 12), (12, 6), (3, 6), (8, 2), (9, 7), (11, 4), (8, 5), (10, 2), (0, 1), (11, 7), (9, 10), (10, 11), (1, 5), (2, 10), (8, 4), (8, 7), (10, 4), (9, 12), (0, 9), (1, 4), (0, 12), (1, 7), (2, 12)])"
13,27,91,6.897314071655273,18.411725997924805,"(Vertices: [0, 1, 2, 3, 4, 5, 6, 7, 8, 9, 10, 11, 12]) -- (Edges: [(12, 4), (3, 4), (4, 12), (9, 2), (9, 5), (8, 3), (8, 9), (11, 5), (10, 3), (8, 12), (1, 3), (1, 9), (10, 12), (3, 12), (9, 1), (9, 7), (9, 10), (0, 7), (10, 5), (10, 11), (1, 11), (12, 5), (9, 6), (0, 3), (8, 10), (10, 7), (11, 12)])"
14,39,1,0.13860058784484863,0.4103670120239258,"(Vertices: [0, 1, 2, 3, 4, 5, 6, 7, 8, 9, 10, 11, 12, 13]) -- (Edges: [(12, 7), (3, 4), (10, 2), (12, 13), (5, 13), (0, 5), (11, 5), (8, 6), (1, 3), (1, 9), (0, 11), (13, 5), (12, 6), (5, 6), (8, 2), (9, 1), (8, 11), (9, 4), (0, 1), (0, 7), (2, 4), (1, 2), (0, 4), (0, 10), (2, 7), (10, 5), (1, 11), (2, 10), (2, 13), (4, 7), (10, 4), (9, 6), (8, 10), (10, 7), (10, 13), (11, 6), (11, 12), (2, 12), (13, 6)])"
14,34,128,42.324578046798706,32.400315284729004,"(Vertices: [0, 1, 2, 3, 4, 5, 6, 7, 8, 9, 10, 11, 12, 13]) -- (Edges: [(8, 0), (5, 13), (3, 13), (8, 9), (0, 5), (8, 6), (8, 12), (1, 6), (0, 8), (13, 5), (1, 9), (1, 12), (4, 5), (12, 6), (5, 6), (3, 6), (3, 12), (9, 1), (8, 5), (8, 11), (0, 1), (10, 5), (2, 7), (1, 5), (2, 13), (4, 7), (3, 5), (9, 3), (8, 1), (9, 6), (10, 7), (10, 13), (0, 12), (1, 13)])"
15,33,1,0.12145423889160156,0.3771963119506836,"(Vertices: [0, 1, 2, 3, 4, 5, 6, 7, 8, 9, 10, 11, 12, 13, 14]) -- (Edges: [(12, 4), (12, 7), (3, 7), (14, 7), (4, 12), (5, 7), (0, 2), (10, 6), (8, 12), (11, 14), (1, 3), (1, 12), (4, 5), (8, 2), (11, 4), (9, 4), (0, 1), (0, 7), (2, 4), (8, 14), (0, 10), (1, 5), (1, 14), (4, 7), (12, 14), (4, 13), (8, 1), (9, 6), (0, 3), (9, 12), (2, 3), (1, 7), (2, 12)])"
15,32,182,12.897065877914429,43.31738567352295,"(Vertices: [0, 1, 2, 3, 4, 5, 6, 7, 8, 9, 10, 11, 12, 13, 14]) -- (Edges: [(12, 7), (14, 7), (4, 6), (10, 6), (0, 5), (9, 14), (9, 11), (2, 5), (2, 11), (0, 14), (1, 3), (1, 9), (2, 14), (4, 14), (3, 12), (9, 1), (11, 4), (8, 5), (9, 4), (8, 11), (10, 5), (0, 10), (1, 11), (1, 14), (12, 14), (3, 11), (4, 13), (8, 7), (0, 3), (11, 3), (1, 4), (0, 6)])"
5,3,1,0.08185577392578125,1.1739063262939453,"(Vertices: [0, 1, 2, 3, 4]) -- (Edges: [(2, 3), (0, 2), (1, 4)])"
5,6,6,0.11351132392883301,0.40008544921875,"(Vertices: [0, 1, 2, 3, 4]) -- (Edges: [(1, 2), (3, 4), (0, 3), (1, 4), (0, 2), (1, 3)])"
6,7,1,0.0482637882232666,0.16665935516357422,"(Vertices: [0, 1, 2, 3, 4, 5]) -- (Edges: [(0, 1), (2, 4), (1, 2), (0, 3), (4, 5), (2, 5), (1, 3)])"
6,6,8,0.13898730278015137,0.4917936325073242,"(Vertices: [0, 1, 2, 3, 4, 5]) -- (Edges: [(2, 4), (1, 2), (3, 4), (1, 4), (2, 3), (4, 5)])"
7,7,1,0.053810834884643555,0.1623678207397461,"(Vertices: [0, 1, 2, 3, 4, 5, 6]) -- (Edges: [(0, 1), (1, 5), (1, 4), (2, 3), (0, 2), (4, 5), (3, 5)])"
7,3,12,0.30916333198547363,0.6233701705932617,"(Vertices: [0, 1, 2, 3, 4, 5, 6]) -- (Edges: [(1, 6), (0, 2), (1, 5)])"
8,8,1,0.06293058395385742,0.18363666534423828,"(Vertices: [0, 1, 2, 3, 4, 5, 6, 7]) -- (Edges: [(3, 4), (3, 7), (0, 6), (2, 3), (1, 7), (1, 6), (4, 7), (3, 5)])"
8,11,16,0.41092872619628906,1.4730157852172852,"(Vertices: [0, 1, 2, 3, 4, 5, 6, 7]) -- (Edges: [(0, 7), (0, 4), (0, 6), (2, 3), (1, 7), (2, 6), (5, 6), (3, 6), (2, 5), (4, 7), (3, 5)])"
9,16,1,0.0665132999420166,0.2352275848388672,"(Vertices: [0, 1, 2, 3, 4, 5, 6, 7, 8]) -- (Edges: [(0, 7), (0, 4), (3, 4), (8, 4), (1, 5), (0, 3), (4, 6), (0, 6), (2, 3), (6, 7), (0, 2), (1, 7), (8, 3), (5, 6), (1, 3), (8, 5)])"
9,11,23,0.5832984447479248,2.0038585662841797,"(Vertices: [0, 1, 2, 3, 4, 5, 6, 7, 8]) -- (Edges: [(2, 4), (2, 7), (1, 5), (8, 1), (0, 6), (2, 3), (0, 2), (2, 6), (8, 6), (1, 3), (4, 7)])"
10,10,1,0.06486129760742188,0.19306373596191406,"(Vertices: [0, 1, 2, 3, 4, 5, 6, 7, 8, 9]) -- (Edges: [(0, 1), (9, 3), (3, 7), (9, 6), (0, 9), (9, 2), (1, 4), (4, 5), (0, 5), (1, 6)])"
10,18,32,1.2129478454589844,4.490320205688477,"(Vertices: [0, 1, 2, 3, 4, 5, 6, 7, 8, 9]) -- (Edges: [(2, 4), (1, 2), (3, 4), (2, 7), (9, 3), (3, 7), (0, 3), (0, 9), (9, 2), (1, 4), (0, 2), (4, 5), (2, 6), (0, 5), (9, 1), (2, 5), (1, 3), (1, 9)])"
11,18,1,0.08029675483703613,0.2536439895629883,"(Vertices: [0, 1, 2, 3, 4, 5, 6, 7, 8, 9, 10]) -- (Edges: [(0, 1), (10, 2), (3, 4), (8, 1), (8, 7), (3, 7), (2, 10), (0, 3), (8, 10), (1, 4), (5, 7), (8, 0), (1, 7), (2, 6), (10, 6), (3, 6), (0, 8), (3, 5)])"
11,24,46,2.8051533699035645,8.595523834228516,"(Vertices: [0, 1, 2, 3, 4, 5, 6, 7, 8, 9, 10]) -- (Edges: [(8, 0), (10, 6), (8, 6), (1, 6), (0, 8), (1, 9), (4, 5), (3, 6), (8, 2), (9, 1), (8, 5), (10, 2), (2, 4), (10, 5), (1, 5), (2, 10), (6, 7), (8, 4), (8, 7), (10, 4), (8, 10), (1, 4), (0, 6), (2, 6)])"
12,24,1,0.09178948402404785,0.29604434967041016,"(Vertices: [0, 1, 2, 3, 4, 5, 6, 7, 8, 9, 10, 11]) -- (Edges: [(3, 4), (4, 6), (9, 5), (8, 9), (0, 5), (11, 5), (8, 6), (1, 6), (1, 3), (5, 6), (9, 7), (9, 4), (0, 1), (9, 10), (1, 2), (0, 4), (2, 7), (3, 5), (9, 3), (8, 7), (10, 4), (9, 6), (8, 10), (2, 6)])"
12,24,64,4.775439500808716,11.669965744018555,"(Vertices: [0, 1, 2, 3, 4, 5, 6, 7, 8, 9, 10, 11]) -- (Edges: [(5, 7), (0, 5), (8, 6), (1, 6), (9, 11), (2, 5), (1, 3), (1, 9), (9, 1), (8, 11), (0, 1), (2, 4), (10, 5), (0, 10), (2, 7), (1, 11), (3, 5), (8, 1), (0, 9), (8, 10), (1, 4), (0, 6), (2, 3), (2, 6)])"
13,32,1,0.1432332992553711,0.3663625717163086,"(Vertices: [0, 1, 2, 3, 4, 5, 6, 7, 8, 9, 10, 11, 12]) -- (Edges: [(3, 4), (3, 7), (4, 6), (8, 0), (9, 5), (0, 2), (8, 3), (0, 5), (8, 6), (0, 8), (1, 3), (1, 9), (1, 12), (9, 1), (8, 11), (0, 1), (11, 7), (2, 4), (10, 5), (0, 4), (9, 10), (1, 5), (6, 7), (12, 5), (3, 5), (9, 6), (9, 12), (8, 10), (1, 4), (11, 6), (1, 7), (1, 10)])"
13,23,91,6.049366474151611,15.761029243469238,"(Vertices: [0, 1, 2, 3, 4, 5, 6, 7, 8, 9, 10, 11, 12]) -- (Edges: [(12, 7), (3, 4), (3, 7), (9, 5), (8, 3), (8, 12), (10, 3), (1, 12), (5, 6), (11, 4), (10, 2), (0, 1), (1, 2), (0, 4), (0, 10), (2, 10), (12, 5), (3, 11), (11, 3), (9, 12), (1, 4), (11, 12), (2, 12)])"
14,31,1,0.11087441444396973,0.3508176803588867,"(Vertices: [0, 1, 2, 3, 4, 5, 6, 7, 8, 9, 10, 11, 12, 13]) -- (Edges: [(12, 4), (12, 7), (4, 12), (9, 5), (8, 9), (0, 5), (8, 12), (2, 11), (10, 12), (1, 12), (4, 5), (5, 6), (8, 11), (9, 4), (0, 1), (11, 7), (2, 4), (1, 2), (0, 4), (9, 10), (2, 7), (3, 11), (9, 3), (8, 7), (9, 6), (11, 3), (8, 13), (2, 6), (2, 12), (1, 10), (13, 6)])"
14,31,128,28.952656507492065,29.564044952392578,"(Vertices: [0, 1, 2, 3, 4, 5, 6, 7, 8, 9, 10, 11, 12, 13]) -- (Edges: [(12, 7), (3, 7), (3, 13), (10, 6), (10, 3), (8, 12), (2, 5), (1, 9), (12, 6), (5, 6), (3, 6), (8, 2), (9, 1), (9, 7), (11, 4), (10, 2), (9, 10), (0, 10), (13, 7), (2, 10), (6, 7), (4, 7), (8, 4), (8, 7), (9, 6), (10, 7), (10, 13), (2, 3), (2, 12), (1, 10), (13, 6)])"
15,45,1,0.1566932201385498,0.4709138870239258,"(Vertices: [0, 1, 2, 3, 4, 5, 6, 7, 8, 9, 10, 11, 12, 13, 14]) -- (Edges: [(3, 4), (14, 7), (4, 6), (9, 2), (8, 0), (5, 13), (9, 5), (0, 2), (8, 3), (10, 6), (11, 5), (10, 3), (8, 12), (0, 8), (2, 5), (1, 3), (2, 11), (0, 11), (13, 5), (2, 14), (13, 14), (12, 6), (3, 6), (9, 7), (11, 4), (10, 2), (9, 4), (0, 1), (10, 11), (0, 4), (2, 7), (1, 5), (13, 7), (2, 10), (6, 7), (12, 5), (3, 14), (4, 13), (9, 3), (9, 6), (10, 13), (0, 6), (0, 12), (11, 12), (1, 13)])"
15,28,182,10.907828330993652,37.85042190551758,"(Vertices: [0, 1, 2, 3, 4, 5, 6, 7, 8, 9, 10, 11, 12, 13, 14]) -- (Edges: [(3, 7), (5, 13), (9, 5), (8, 6), (10, 3), (0, 14), (13, 5), (10, 12), (2, 14), (1, 12), (3, 6), (8, 11), (10, 2), (9, 10), (10, 11), (0, 4), (1, 5), (11, 13), (2, 10), (4, 7), (3, 14), (4, 13), (9, 12), (8, 10), (1, 7), (2, 6), (13, 6), (1, 10)])"
