size,name,obs,kappa,time_encoding,time_iteration,tot_time,memory (MB),problem
3,Amplitude Estimation,0,1,0.007063627243041992,0.026278972625732422,0.033342599868774414,0.165618896484375,ae with 3 qubits.
3,Amplitude Estimation,0,3,0.019100189208984375,0.052815914154052734,0.07191610336303711,0.16180133819580078,ae with 3 qubits.
3,Amplitude Estimation,H,1,0.0068204402923583984,0.013929128646850586,0.020749568939208984,0.09356498718261719,ae with 3 qubits.
3,Amplitude Estimation,H,3,0.012352943420410156,0.047548532485961914,0.05990147590637207,0.1614513397216797,ae with 3 qubits.
4,Amplitude Estimation,0,1,0.00956416130065918,0.01873469352722168,0.02829885482788086,0.11533546447753906,ae with 4 qubits.
4,Amplitude Estimation,0,4,0.027148723602294922,0.3155336380004883,0.3426823616027832,0.3501777648925781,ae with 4 qubits.
4,Amplitude Estimation,H,1,0.00917363166809082,0.016019821166992188,0.025193452835083008,0.11462020874023438,ae with 4 qubits.
4,Amplitude Estimation,H,4,0.03021979331970215,0.3210155963897705,0.35123538970947266,0.34955501556396484,ae with 4 qubits.
5,Amplitude Estimation,0,1,0.010167837142944336,0.03387308120727539,0.04404091835021973,0.15964889526367188,ae with 5 qubits.
5,Amplitude Estimation,0,6,0.05930066108703613,6.710475444793701,6.769776105880737,0.8309640884399414,ae with 5 qubits.
5,Amplitude Estimation,H,1,0.012856006622314453,0.04405570030212402,0.05691170692443848,0.15964889526367188,ae with 5 qubits.
5,Amplitude Estimation,H,6,0.09261178970336914,6.4004902839660645,6.493102073669434,0.8308258056640625,ae with 5 qubits.
6,Amplitude Estimation,0,1,0.013508319854736328,0.04714059829711914,0.06064891815185547,0.21143150329589844,ae with 6 qubits.
6,Amplitude Estimation,0,8,0.10892391204833984,113.13581466674805,113.24473857879639,1.648198127746582,ae with 6 qubits.
6,Amplitude Estimation,H,1,0.021125316619873047,0.060121774673461914,0.08124709129333496,0.21143150329589844,ae with 6 qubits.
6,Amplitude Estimation,H,8,0.19953155517578125,117.30147647857666,117.50100803375244,1.6485605239868164,ae with 6 qubits.
7,Amplitude Estimation,0,1,0.023987293243408203,0.07588768005371094,0.09987497329711914,0.3048524856567383,ae with 7 qubits.
7,Amplitude Estimation,0,12,0.28647375106811523,inf,inf,3.288506507873535,ae with 7 qubits.
3,Amplitude Estimation,0,1,0.015478849411010742,0.03871345520019531,0.054192304611206055,0.165618896484375,ae with 3 qubits.
3,Amplitude Estimation,0,3,0.011111736297607422,0.045127153396606445,0.05623888969421387,0.16180133819580078,ae with 3 qubits.
3,Amplitude Estimation,H,1,0.006771087646484375,0.019304513931274414,0.02607560157775879,0.09356498718261719,ae with 3 qubits.
3,Amplitude Estimation,H,3,0.012640237808227539,0.04879498481750488,0.06143522262573242,0.1614513397216797,ae with 3 qubits.
4,Amplitude Estimation,0,1,0.018861055374145508,0.030902624130249023,0.04976367950439453,0.11533546447753906,ae with 4 qubits.
4,Amplitude Estimation,0,4,0.03624725341796875,0.34326171875,0.37950897216796875,0.3501777648925781,ae with 4 qubits.
4,Amplitude Estimation,H,1,0.010312080383300781,0.022212505340576172,0.03252458572387695,0.11462020874023438,ae with 4 qubits.
4,Amplitude Estimation,H,4,0.023375749588012695,0.5002906322479248,0.5236663818359375,0.34955501556396484,ae with 4 qubits.
5,Amplitude Estimation,0,1,0.021509647369384766,0.04796266555786133,0.0694723129272461,0.15964889526367188,ae with 5 qubits.
5,Amplitude Estimation,0,6,0.20675086975097656,6.957708835601807,7.164459705352783,0.8309640884399414,ae with 5 qubits.
5,Amplitude Estimation,H,1,0.009859085083007812,0.029827356338500977,0.03968644142150879,0.15964889526367188,ae with 5 qubits.
5,Amplitude Estimation,H,6,0.04520583152770996,5.500789642333984,5.545995473861694,0.8308258056640625,ae with 5 qubits.
6,Amplitude Estimation,0,1,0.010898590087890625,0.03981590270996094,0.05071449279785156,0.21143150329589844,ae with 6 qubits.
6,Amplitude Estimation,0,8,0.09298205375671387,113.35951519012451,113.45249724388123,1.648198127746582,ae with 6 qubits.
6,Amplitude Estimation,H,1,0.016001462936401367,0.058893442153930664,0.07489490509033203,0.21143150329589844,ae with 6 qubits.
6,Amplitude Estimation,H,8,0.1331315040588379,110.91500854492188,111.04814004898071,1.6485605239868164,ae with 6 qubits.
7,Amplitude Estimation,0,1,0.0250546932220459,0.08350944519042969,0.10856413841247559,0.3048524856567383,ae with 7 qubits.
7,Amplitude Estimation,0,12,0.29148197174072266,inf,inf,3.288506507873535,ae with 7 qubits.
3,Amplitude Estimation,0,1,0.009257793426513672,0.035707712173461914,0.044965505599975586,0.1884908676147461,ae with 3 qubits.
3,Amplitude Estimation,0,3,0.01903080940246582,0.13295412063598633,0.15198493003845215,0.29314136505126953,ae with 3 qubits.
3,Amplitude Estimation,H,1,0.012489557266235352,0.03058171272277832,0.04307126998901367,0.11778545379638672,ae with 3 qubits.
3,Amplitude Estimation,H,3,0.01887035369873047,0.11921310424804688,0.13808345794677734,0.293548583984375,ae with 3 qubits.
4,Amplitude Estimation,0,1,0.008019685745239258,0.02202916145324707,0.030048847198486328,0.12720489501953125,ae with 4 qubits.
4,Amplitude Estimation,0,4,0.027666330337524414,0.4431018829345703,0.4707682132720947,0.4453239440917969,ae with 4 qubits.
4,Amplitude Estimation,H,1,0.007945537567138672,0.027724027633666992,0.035669565200805664,0.12714099884033203,ae with 4 qubits.
4,Amplitude Estimation,H,4,0.029227733612060547,0.44138598442077637,0.4706137180328369,0.4453239440917969,ae with 4 qubits.
5,Amplitude Estimation,0,1,0.015182733535766602,0.047440528869628906,0.06262326240539551,0.19291305541992188,ae with 5 qubits.
5,Amplitude Estimation,0,6,0.061068058013916016,10.220752477645874,10.28182053565979,1.0393753051757812,ae with 5 qubits.
5,Amplitude Estimation,H,1,0.013580083847045898,0.03836870193481445,0.05194878578186035,0.19291305541992188,ae with 5 qubits.
5,Amplitude Estimation,H,6,0.07513070106506348,9.181543350219727,9.25667405128479,1.0392370223999023,ae with 5 qubits.
6,Amplitude Estimation,0,1,0.021083593368530273,0.0646970272064209,0.08578062057495117,0.25637245178222656,ae with 6 qubits.
6,Amplitude Estimation,0,8,0.13661766052246094,168.22286248207092,168.35948014259338,1.9693841934204102,ae with 6 qubits.
6,Amplitude Estimation,H,1,0.021422863006591797,0.06662511825561523,0.08804798126220703,0.2559833526611328,ae with 6 qubits.
6,Amplitude Estimation,H,8,0.15348577499389648,166.02326941490173,166.17675518989563,1.9704809188842773,ae with 6 qubits.
7,Amplitude Estimation,0,1,0.028847932815551758,0.08643484115600586,0.11528277397155762,0.3566551208496094,ae with 7 qubits.
7,Amplitude Estimation,0,12,0.2665719985961914,inf,inf,3.9572372436523438,ae with 7 qubits.
3,Amplitude Estimation,0,1,0.008487462997436523,0.02334141731262207,0.031828880310058594,0.165618896484375,ae with 3 qubits.
3,Amplitude Estimation,0,3,0.017210960388183594,0.04735875129699707,0.06456971168518066,0.16180133819580078,ae with 3 qubits.
3,Amplitude Estimation,H,1,0.008856773376464844,0.02051234245300293,0.029369115829467773,0.09356498718261719,ae with 3 qubits.
3,Amplitude Estimation,H,3,0.01760244369506836,0.05759549140930176,0.07519793510437012,0.1614513397216797,ae with 3 qubits.
4,Amplitude Estimation,0,1,0.00693058967590332,0.017487049102783203,0.024417638778686523,0.11533546447753906,ae with 4 qubits.
4,Amplitude Estimation,0,4,0.023067951202392578,0.3274343013763428,0.35050225257873535,0.3501777648925781,ae with 4 qubits.
4,Amplitude Estimation,H,1,0.00615239143371582,0.022238731384277344,0.028391122817993164,0.11462020874023438,ae with 4 qubits.
4,Amplitude Estimation,H,4,0.023910045623779297,0.3421905040740967,0.366100549697876,0.34955501556396484,ae with 4 qubits.
5,Amplitude Estimation,0,1,0.010960102081298828,0.03611874580383301,0.047078847885131836,0.15964889526367188,ae with 5 qubits.
5,Amplitude Estimation,0,6,0.058678388595581055,7.02390718460083,7.082585573196411,0.8309640884399414,ae with 5 qubits.
5,Amplitude Estimation,H,1,0.01381993293762207,0.036554574966430664,0.050374507904052734,0.15964889526367188,ae with 5 qubits.
5,Amplitude Estimation,H,6,0.05367922782897949,7.6548752784729,7.70855450630188,0.8308258056640625,ae with 5 qubits.
6,Amplitude Estimation,0,1,0.015494823455810547,0.05341386795043945,0.06890869140625,0.21143150329589844,ae with 6 qubits.
6,Amplitude Estimation,0,8,0.11672735214233398,111.69632458686829,111.81305193901062,1.648198127746582,ae with 6 qubits.
6,Amplitude Estimation,H,1,0.016454219818115234,0.04908490180969238,0.06553912162780762,0.21136760711669922,ae with 6 qubits.
6,Amplitude Estimation,H,8,0.1042642593383789,109.68799233436584,109.79225659370422,1.6485605239868164,ae with 6 qubits.
7,Amplitude Estimation,0,1,0.022413015365600586,0.0665740966796875,0.08898711204528809,0.3048524856567383,ae with 7 qubits.
7,Amplitude Estimation,0,12,0.2217099666595459,inf,inf,3.288506507873535,ae with 7 qubits.
3,Amplitude Estimation,0,1,0.023392438888549805,0.04564785957336426,0.06904029846191406,0.18842697143554688,ae with 3 qubits.
3,Amplitude Estimation,0,3,0.024906635284423828,0.12493562698364258,0.1498422622680664,0.29320526123046875,ae with 3 qubits.
3,Amplitude Estimation,H,1,0.006848812103271484,0.023808002471923828,0.030656814575195312,0.11791324615478516,ae with 3 qubits.
3,Amplitude Estimation,H,3,0.019282102584838867,0.11708521842956543,0.1363673210144043,0.2934846878051758,ae with 3 qubits.
4,Amplitude Estimation,0,1,0.008802652359008789,0.021915912628173828,0.030718564987182617,0.12720489501953125,ae with 4 qubits.
4,Amplitude Estimation,0,4,0.029558420181274414,0.4004933834075928,0.4300518035888672,0.44526004791259766,ae with 4 qubits.
4,Amplitude Estimation,H,1,0.008221626281738281,0.02053380012512207,0.02875542640686035,0.12720489501953125,ae with 4 qubits.
4,Amplitude Estimation,H,4,0.027790307998657227,0.3865776062011719,0.4143679141998291,0.4453239440917969,ae with 4 qubits.
5,Amplitude Estimation,0,1,0.015169382095336914,0.0353693962097168,0.05053877830505371,0.19291305541992188,ae with 5 qubits.
5,Amplitude Estimation,0,6,0.11538338661193848,9.052627325057983,9.168010711669922,1.0393753051757812,ae with 5 qubits.
5,Amplitude Estimation,H,1,0.01404881477355957,0.05749988555908203,0.0715487003326416,0.19291305541992188,ae with 5 qubits.
5,Amplitude Estimation,H,6,0.06585216522216797,10.555632591247559,10.621484756469727,1.0392370223999023,ae with 5 qubits.
6,Amplitude Estimation,0,1,0.019099950790405273,0.06544804573059082,0.0845479965209961,0.25637245178222656,ae with 6 qubits.
6,Amplitude Estimation,0,8,0.19976520538330078,169.72765231132507,169.92741751670837,1.969437599182129,ae with 6 qubits.
6,Amplitude Estimation,H,1,0.01739192008972168,0.062039852142333984,0.07943177223205566,0.2559833526611328,ae with 6 qubits.
6,Amplitude Estimation,H,8,0.131699800491333,166.51103615760803,166.64273595809937,1.9704809188842773,ae with 6 qubits.
7,Amplitude Estimation,0,1,0.02660822868347168,0.0737142562866211,0.10032248497009277,0.35659122467041016,ae with 7 qubits.
7,Amplitude Estimation,0,12,0.2300853729248047,inf,inf,3.9572372436523438,ae with 7 qubits.
3,Bernstein-Vazirani,0,1,0.004992008209228516,0.013079643249511719,0.018071651458740234,0.12400341033935547,bv with 3 qubits.
3,Bernstein-Vazirani,0,3,0.0031919479370117188,0.007535457611083984,0.010727405548095703,0.06553936004638672,bv with 3 qubits.
3,Bernstein-Vazirani,H,1,0.0016160011291503906,0.0032045841217041016,0.004820585250854492,0.057618141174316406,bv with 3 qubits.
3,Bernstein-Vazirani,H,3,0.0017862319946289062,0.003336668014526367,0.0051229000091552734,0.06316947937011719,bv with 3 qubits.
4,Bernstein-Vazirani,0,1,0.0009560585021972656,0.0052068233489990234,0.006162881851196289,0.05791664123535156,bv with 4 qubits.
4,Bernstein-Vazirani,0,4,0.0005574226379394531,0.004904747009277344,0.005462169647216797,0.055939674377441406,bv with 4 qubits.
4,Bernstein-Vazirani,H,1,0.0008974075317382812,0.004666328430175781,0.0055637359619140625,0.05791664123535156,bv with 4 qubits.
4,Bernstein-Vazirani,H,4,0.0019073486328125,0.004098415374755859,0.006005764007568359,0.055939674377441406,bv with 4 qubits.
5,Bernstein-Vazirani,0,1,0.001417398452758789,0.0055353641510009766,0.006952762603759766,0.060089111328125,bv with 5 qubits.
5,Bernstein-Vazirani,0,6,0.009195804595947266,0.010866880416870117,0.020062685012817383,0.0724020004272461,bv with 5 qubits.
5,Bernstein-Vazirani,H,1,0.0013318061828613281,0.004452228546142578,0.005784034729003906,0.060089111328125,bv with 5 qubits.
5,Bernstein-Vazirani,H,6,0.0027878284454345703,0.0053255558013916016,0.008113384246826172,0.0724020004272461,bv with 5 qubits.
6,Bernstein-Vazirani,0,1,0.0017898082733154297,0.005575895309448242,0.007365703582763672,0.06025409698486328,bv with 6 qubits.
6,Bernstein-Vazirani,0,8,0.005416393280029297,0.0061948299407958984,0.011611223220825195,0.07792091369628906,bv with 6 qubits.
6,Bernstein-Vazirani,H,1,0.005210399627685547,0.0039806365966796875,0.009191036224365234,0.06025409698486328,bv with 6 qubits.
6,Bernstein-Vazirani,H,8,0.002941608428955078,0.004364490509033203,0.007306098937988281,0.07763481140136719,bv with 6 qubits.
7,Bernstein-Vazirani,0,1,0.0018470287322998047,0.0033805370330810547,0.005227565765380859,0.06228065490722656,bv with 7 qubits.
7,Bernstein-Vazirani,0,12,0.009301900863647461,0.004698753356933594,0.014000654220581055,0.10460376739501953,bv with 7 qubits.
7,Bernstein-Vazirani,H,1,0.0011565685272216797,0.004328489303588867,0.005485057830810547,0.062216758728027344,bv with 7 qubits.
7,Bernstein-Vazirani,H,12,0.00976419448852539,0.004414796829223633,0.014178991317749023,0.10460376739501953,bv with 7 qubits.
3,Bernstein-Vazirani,0,1,0.0017957687377929688,0.005681276321411133,0.0074770450592041016,0.12406730651855469,bv with 3 qubits.
3,Bernstein-Vazirani,0,3,0.0012786388397216797,0.0034189224243164062,0.004697561264038086,0.06031227111816406,bv with 3 qubits.
3,Bernstein-Vazirani,H,1,0.0009126663208007812,0.0029730796813964844,0.0038857460021972656,0.057682037353515625,bv with 3 qubits.
3,Bernstein-Vazirani,H,3,0.0011932849884033203,0.003040790557861328,0.0042340755462646484,0.06030464172363281,bv with 3 qubits.
4,Bernstein-Vazirani,0,1,0.00251007080078125,0.003007173538208008,0.005517244338989258,0.05803680419921875,bv with 4 qubits.
4,Bernstein-Vazirani,0,4,0.0014755725860595703,0.0032815933227539062,0.0047571659088134766,0.06209087371826172,bv with 4 qubits.
4,Bernstein-Vazirani,H,1,0.0007278919219970703,0.005167484283447266,0.005895376205444336,0.05791664123535156,bv with 4 qubits.
4,Bernstein-Vazirani,H,4,0.003034353256225586,0.005532026290893555,0.00856637954711914,0.06209087371826172,bv with 4 qubits.
5,Bernstein-Vazirani,0,1,0.0011043548583984375,0.006475925445556641,0.007580280303955078,0.06002521514892578,bv with 5 qubits.
5,Bernstein-Vazirani,0,6,0.007300376892089844,0.007990837097167969,0.015291213989257812,0.07233810424804688,bv with 5 qubits.
5,Bernstein-Vazirani,H,1,0.0012238025665283203,0.00505375862121582,0.006277561187744141,0.06002521514892578,bv with 5 qubits.
5,Bernstein-Vazirani,H,6,0.003242015838623047,0.005861997604370117,0.009104013442993164,0.07233810424804688,bv with 5 qubits.
6,Bernstein-Vazirani,0,1,0.0017633438110351562,0.0035600662231445312,0.0053234100341796875,0.06025409698486328,bv with 6 qubits.
6,Bernstein-Vazirani,0,8,0.005897045135498047,0.0067996978759765625,0.01269674301147461,0.07798480987548828,bv with 6 qubits.
6,Bernstein-Vazirani,H,1,0.0025548934936523438,0.0032117366790771484,0.005766630172729492,0.06025409698486328,bv with 6 qubits.
6,Bernstein-Vazirani,H,8,0.0026679039001464844,0.004777193069458008,0.007445096969604492,0.07763481140136719,bv with 6 qubits.
7,Bernstein-Vazirani,0,1,0.0028595924377441406,0.004859447479248047,0.0077190399169921875,0.06228065490722656,bv with 7 qubits.
7,Bernstein-Vazirani,0,12,0.005286216735839844,0.003922700881958008,0.009208917617797852,0.10460376739501953,bv with 7 qubits.
7,Bernstein-Vazirani,H,1,0.001371622085571289,0.0062408447265625,0.007612466812133789,0.06228065490722656,bv with 7 qubits.
7,Bernstein-Vazirani,H,12,0.005309343338012695,0.005059242248535156,0.010368585586547852,0.10460376739501953,bv with 7 qubits.
3,Bernstein-Vazirani,0,1,0.0018672943115234375,0.00452423095703125,0.0063915252685546875,0.12406730651855469,bv with 3 qubits.
3,Bernstein-Vazirani,0,3,0.0012121200561523438,0.0030057430267333984,0.004217863082885742,0.06036853790283203,bv with 3 qubits.
3,Bernstein-Vazirani,H,1,0.0008776187896728516,0.0032885074615478516,0.004166126251220703,0.057682037353515625,bv with 3 qubits.
3,Bernstein-Vazirani,H,3,0.0012273788452148438,0.003052234649658203,0.004279613494873047,0.06036853790283203,bv with 3 qubits.
4,Bernstein-Vazirani,0,1,0.0007472038269042969,0.0029473304748535156,0.0036945343017578125,0.05803680419921875,bv with 4 qubits.
4,Bernstein-Vazirani,0,4,0.0012814998626708984,0.003261566162109375,0.0045430660247802734,0.06209087371826172,bv with 4 qubits.
4,Bernstein-Vazirani,H,1,0.0014345645904541016,0.0037097930908203125,0.005144357681274414,0.05791664123535156,bv with 4 qubits.
4,Bernstein-Vazirani,H,4,0.0026192665100097656,0.008250713348388672,0.010869979858398438,0.06209087371826172,bv with 4 qubits.
5,Bernstein-Vazirani,0,1,0.001997232437133789,0.005198478698730469,0.007195711135864258,0.060089111328125,bv with 5 qubits.
5,Bernstein-Vazirani,0,6,0.0029985904693603516,0.0049037933349609375,0.007902383804321289,0.0724020004272461,bv with 5 qubits.
5,Bernstein-Vazirani,H,1,0.0009534358978271484,0.0041828155517578125,0.005136251449584961,0.060089111328125,bv with 5 qubits.
5,Bernstein-Vazirani,H,6,0.00246429443359375,0.0032129287719726562,0.005677223205566406,0.0724020004272461,bv with 5 qubits.
6,Bernstein-Vazirani,0,1,0.0012178421020507812,0.003945112228393555,0.005162954330444336,0.06025409698486328,bv with 6 qubits.
6,Bernstein-Vazirani,0,8,0.007094383239746094,0.007111310958862305,0.014205694198608398,0.07798480987548828,bv with 6 qubits.
6,Bernstein-Vazirani,H,1,0.003614187240600586,0.008055925369262695,0.011670112609863281,0.06025409698486328,bv with 6 qubits.
6,Bernstein-Vazirani,H,8,0.00660395622253418,0.004763126373291016,0.011367082595825195,0.07763481140136719,bv with 6 qubits.
7,Bernstein-Vazirani,0,1,0.001941680908203125,0.005574941635131836,0.007516622543334961,0.06228065490722656,bv with 7 qubits.
7,Bernstein-Vazirani,0,12,0.013998270034790039,0.007843494415283203,0.021841764450073242,0.10453987121582031,bv with 7 qubits.
7,Bernstein-Vazirani,H,1,0.0015642642974853516,0.003473043441772461,0.0050373077392578125,0.06228065490722656,bv with 7 qubits.
7,Bernstein-Vazirani,H,12,0.006033420562744141,0.004323005676269531,0.010356426239013672,0.10460376739501953,bv with 7 qubits.
3,Bernstein-Vazirani,0,1,0.0020117759704589844,0.0052073001861572266,0.007219076156616211,0.12406730651855469,bv with 3 qubits.
3,Bernstein-Vazirani,0,3,0.0013442039489746094,0.0056400299072265625,0.006984233856201172,0.06036853790283203,bv with 3 qubits.
3,Bernstein-Vazirani,H,1,0.0008285045623779297,0.003086090087890625,0.003914594650268555,0.057682037353515625,bv with 3 qubits.
3,Bernstein-Vazirani,H,3,0.0010325908660888672,0.007683515548706055,0.008716106414794922,0.06036853790283203,bv with 3 qubits.
4,Bernstein-Vazirani,0,1,0.0011854171752929688,0.00501251220703125,0.006197929382324219,0.05803680419921875,bv with 4 qubits.
4,Bernstein-Vazirani,0,4,0.0036101341247558594,0.00822591781616211,0.011836051940917969,0.06209087371826172,bv with 4 qubits.
4,Bernstein-Vazirani,H,1,0.0007219314575195312,0.004987239837646484,0.005709171295166016,0.05791664123535156,bv with 4 qubits.
4,Bernstein-Vazirani,H,4,0.0018389225006103516,0.006818294525146484,0.008657217025756836,0.0620269775390625,bv with 4 qubits.
5,Bernstein-Vazirani,0,1,0.0008916854858398438,0.006650447845458984,0.007542133331298828,0.060089111328125,bv with 5 qubits.
5,Bernstein-Vazirani,0,6,0.0035376548767089844,0.006403923034667969,0.009941577911376953,0.0724020004272461,bv with 5 qubits.
5,Bernstein-Vazirani,H,1,0.001127004623413086,0.002959728240966797,0.004086732864379883,0.060089111328125,bv with 5 qubits.
5,Bernstein-Vazirani,H,6,0.002191305160522461,0.005107402801513672,0.007298707962036133,0.0724020004272461,bv with 5 qubits.
6,Bernstein-Vazirani,0,1,0.0013017654418945312,0.004774808883666992,0.0060765743255615234,0.06025409698486328,bv with 6 qubits.
6,Bernstein-Vazirani,0,8,0.003047466278076172,0.003960371017456055,0.0070078372955322266,0.07785701751708984,bv with 6 qubits.
6,Bernstein-Vazirani,H,1,0.0009129047393798828,0.0044748783111572266,0.005387783050537109,0.06025409698486328,bv with 6 qubits.
6,Bernstein-Vazirani,H,8,0.0031332969665527344,0.004682779312133789,0.007816076278686523,0.07763481140136719,bv with 6 qubits.
7,Bernstein-Vazirani,0,1,0.0014026165008544922,0.005448818206787109,0.0068514347076416016,0.062152862548828125,bv with 7 qubits.
7,Bernstein-Vazirani,0,12,0.006517171859741211,0.006686687469482422,0.013203859329223633,0.10460376739501953,bv with 7 qubits.
7,Bernstein-Vazirani,H,1,0.0014140605926513672,0.0031876564025878906,0.004601716995239258,0.06228065490722656,bv with 7 qubits.
7,Bernstein-Vazirani,H,12,0.007239580154418945,0.00457310676574707,0.011812686920166016,0.10460376739501953,bv with 7 qubits.
3,Bernstein-Vazirani,0,1,0.001478433609008789,0.004876375198364258,0.006354808807373047,0.12406730651855469,bv with 3 qubits.
3,Bernstein-Vazirani,0,3,0.003191232681274414,0.0046885013580322266,0.00787973403930664,0.06560325622558594,bv with 3 qubits.
3,Bernstein-Vazirani,H,1,0.0007047653198242188,0.003585338592529297,0.004290103912353516,0.057682037353515625,bv with 3 qubits.
3,Bernstein-Vazirani,H,3,0.0036580562591552734,0.0033779144287109375,0.007035970687866211,0.06316947937011719,bv with 3 qubits.
4,Bernstein-Vazirani,0,1,0.0007302761077880859,0.0029397010803222656,0.0036699771881103516,0.05791664123535156,bv with 4 qubits.
4,Bernstein-Vazirani,0,4,0.00043511390686035156,0.0027167797088623047,0.0031518936157226562,0.055939674377441406,bv with 4 qubits.
4,Bernstein-Vazirani,H,1,0.0006701946258544922,0.0028150081634521484,0.0034852027893066406,0.05791664123535156,bv with 4 qubits.
4,Bernstein-Vazirani,H,4,0.0005972385406494141,0.0029730796813964844,0.0035703182220458984,0.055939674377441406,bv with 4 qubits.
5,Bernstein-Vazirani,0,1,0.001165628433227539,0.0029807090759277344,0.0041463375091552734,0.060089111328125,bv with 5 qubits.
5,Bernstein-Vazirani,0,6,0.002944469451904297,0.0031609535217285156,0.0061054229736328125,0.0724020004272461,bv with 5 qubits.
5,Bernstein-Vazirani,H,1,0.0011272430419921875,0.0032067298889160156,0.004333972930908203,0.060089111328125,bv with 5 qubits.
5,Bernstein-Vazirani,H,6,0.0022094249725341797,0.0029845237731933594,0.005193948745727539,0.0724020004272461,bv with 5 qubits.
6,Bernstein-Vazirani,0,1,0.0010781288146972656,0.002706289291381836,0.0037844181060791016,0.06025409698486328,bv with 6 qubits.
6,Bernstein-Vazirani,0,8,0.002948760986328125,0.004340648651123047,0.007289409637451172,0.07798480987548828,bv with 6 qubits.
6,Bernstein-Vazirani,H,1,0.0008707046508789062,0.004032135009765625,0.004902839660644531,0.06025409698486328,bv with 6 qubits.
6,Bernstein-Vazirani,H,8,0.005211591720581055,0.004771709442138672,0.009983301162719727,0.07763481140136719,bv with 6 qubits.
7,Bernstein-Vazirani,0,1,0.001294851303100586,0.0037164688110351562,0.005011320114135742,0.06228065490722656,bv with 7 qubits.
7,Bernstein-Vazirani,0,12,0.006486177444458008,0.0066263675689697266,0.013112545013427734,0.10460376739501953,bv with 7 qubits.
7,Bernstein-Vazirani,H,1,0.0030531883239746094,0.0037970542907714844,0.006850242614746094,0.06228065490722656,bv with 7 qubits.
7,Bernstein-Vazirani,H,12,0.011044979095458984,0.005585432052612305,0.01663041114807129,0.10460376739501953,bv with 7 qubits.
4,Cuccaro-Draper-Kutin-Moulton (CDKM) Ripple-Carry Adder,0,1,0.00506138801574707,0.014095544815063477,0.019156932830810547,0.15369033813476562,cdkm_ripple_carry_adder with 4 qubits.
4,Cuccaro-Draper-Kutin-Moulton (CDKM) Ripple-Carry Adder,0,4,0.021661996841430664,0.03291010856628418,0.054572105407714844,0.2051706314086914,cdkm_ripple_carry_adder with 4 qubits.
4,Cuccaro-Draper-Kutin-Moulton (CDKM) Ripple-Carry Adder,H,1,0.0037300586700439453,0.011908769607543945,0.01563882827758789,0.08640098571777344,cdkm_ripple_carry_adder with 4 qubits.
4,Cuccaro-Draper-Kutin-Moulton (CDKM) Ripple-Carry Adder,H,4,0.013981819152832031,0.03464794158935547,0.0486297607421875,0.2048206329345703,cdkm_ripple_carry_adder with 4 qubits.
6,Cuccaro-Draper-Kutin-Moulton (CDKM) Ripple-Carry Adder,0,1,0.009253501892089844,0.01816534996032715,0.027418851852416992,0.1212158203125,cdkm_ripple_carry_adder with 6 qubits.
6,Cuccaro-Draper-Kutin-Moulton (CDKM) Ripple-Carry Adder,0,8,0.04865574836730957,3.2717771530151367,3.3204329013824463,0.8175868988037109,cdkm_ripple_carry_adder with 6 qubits.
6,Cuccaro-Draper-Kutin-Moulton (CDKM) Ripple-Carry Adder,H,1,0.007941722869873047,0.01761603355407715,0.025557756423950195,0.11987781524658203,cdkm_ripple_carry_adder with 6 qubits.
6,Cuccaro-Draper-Kutin-Moulton (CDKM) Ripple-Carry Adder,H,8,0.05102801322937012,3.3752620220184326,3.4262900352478027,0.8175868988037109,cdkm_ripple_carry_adder with 6 qubits.
4,Cuccaro-Draper-Kutin-Moulton (CDKM) Ripple-Carry Adder,0,1,0.01041412353515625,0.0277407169342041,0.03815484046936035,0.15375423431396484,cdkm_ripple_carry_adder with 4 qubits.
4,Cuccaro-Draper-Kutin-Moulton (CDKM) Ripple-Carry Adder,0,4,0.02454662322998047,0.06370854377746582,0.08825516700744629,0.2051706314086914,cdkm_ripple_carry_adder with 4 qubits.
4,Cuccaro-Draper-Kutin-Moulton (CDKM) Ripple-Carry Adder,H,1,0.005528450012207031,0.014947652816772461,0.020476102828979492,0.08640098571777344,cdkm_ripple_carry_adder with 4 qubits.
4,Cuccaro-Draper-Kutin-Moulton (CDKM) Ripple-Carry Adder,H,4,0.021350383758544922,0.03941226005554199,0.060762643814086914,0.2048206329345703,cdkm_ripple_carry_adder with 4 qubits.
6,Cuccaro-Draper-Kutin-Moulton (CDKM) Ripple-Carry Adder,0,1,0.009914875030517578,0.023380279541015625,0.0332951545715332,0.1212158203125,cdkm_ripple_carry_adder with 6 qubits.
6,Cuccaro-Draper-Kutin-Moulton (CDKM) Ripple-Carry Adder,0,8,0.09954547882080078,3.310833215713501,3.4103786945343018,0.8175868988037109,cdkm_ripple_carry_adder with 6 qubits.
6,Cuccaro-Draper-Kutin-Moulton (CDKM) Ripple-Carry Adder,H,1,0.026215553283691406,0.03794503211975098,0.06416058540344238,0.11987781524658203,cdkm_ripple_carry_adder with 6 qubits.
6,Cuccaro-Draper-Kutin-Moulton (CDKM) Ripple-Carry Adder,H,8,0.054169416427612305,2.529689311981201,2.5838587284088135,0.8175868988037109,cdkm_ripple_carry_adder with 6 qubits.
4,Cuccaro-Draper-Kutin-Moulton (CDKM) Ripple-Carry Adder,0,1,0.003545522689819336,0.010905265808105469,0.014450788497924805,0.15375423431396484,cdkm_ripple_carry_adder with 4 qubits.
4,Cuccaro-Draper-Kutin-Moulton (CDKM) Ripple-Carry Adder,0,4,0.010215997695922852,0.022011280059814453,0.032227277755737305,0.2051706314086914,cdkm_ripple_carry_adder with 4 qubits.
4,Cuccaro-Draper-Kutin-Moulton (CDKM) Ripple-Carry Adder,H,1,0.0029115676879882812,0.009895801544189453,0.012807369232177734,0.08640098571777344,cdkm_ripple_carry_adder with 4 qubits.
4,Cuccaro-Draper-Kutin-Moulton (CDKM) Ripple-Carry Adder,H,4,0.015046358108520508,0.026895999908447266,0.04194235801696777,0.2048206329345703,cdkm_ripple_carry_adder with 4 qubits.
6,Cuccaro-Draper-Kutin-Moulton (CDKM) Ripple-Carry Adder,0,1,0.005384683609008789,0.014898538589477539,0.020283222198486328,0.1212158203125,cdkm_ripple_carry_adder with 6 qubits.
6,Cuccaro-Draper-Kutin-Moulton (CDKM) Ripple-Carry Adder,0,8,0.044785499572753906,2.4983596801757812,2.543145179748535,0.8175868988037109,cdkm_ripple_carry_adder with 6 qubits.
6,Cuccaro-Draper-Kutin-Moulton (CDKM) Ripple-Carry Adder,H,1,0.007270336151123047,0.013198137283325195,0.020468473434448242,0.11981391906738281,cdkm_ripple_carry_adder with 6 qubits.
6,Cuccaro-Draper-Kutin-Moulton (CDKM) Ripple-Carry Adder,H,8,0.05976271629333496,2.5300450325012207,2.5898077487945557,0.8175868988037109,cdkm_ripple_carry_adder with 6 qubits.
4,Cuccaro-Draper-Kutin-Moulton (CDKM) Ripple-Carry Adder,0,1,0.005755424499511719,0.016254186630249023,0.022009611129760742,0.15375423431396484,cdkm_ripple_carry_adder with 4 qubits.
4,Cuccaro-Draper-Kutin-Moulton (CDKM) Ripple-Carry Adder,0,4,0.017635583877563477,0.026610612869262695,0.04424619674682617,0.2051706314086914,cdkm_ripple_carry_adder with 4 qubits.
4,Cuccaro-Draper-Kutin-Moulton (CDKM) Ripple-Carry Adder,H,1,0.00899362564086914,0.020611286163330078,0.02960491180419922,0.08640098571777344,cdkm_ripple_carry_adder with 4 qubits.
4,Cuccaro-Draper-Kutin-Moulton (CDKM) Ripple-Carry Adder,H,4,0.01284933090209961,0.02902698516845703,0.04187631607055664,0.2047567367553711,cdkm_ripple_carry_adder with 4 qubits.
6,Cuccaro-Draper-Kutin-Moulton (CDKM) Ripple-Carry Adder,0,1,0.006611347198486328,0.01425790786743164,0.02086925506591797,0.1212158203125,cdkm_ripple_carry_adder with 6 qubits.
6,Cuccaro-Draper-Kutin-Moulton (CDKM) Ripple-Carry Adder,0,8,0.06372928619384766,3.1975386142730713,3.261267900466919,0.8175230026245117,cdkm_ripple_carry_adder with 6 qubits.
6,Cuccaro-Draper-Kutin-Moulton (CDKM) Ripple-Carry Adder,H,1,0.007970571517944336,0.015503168106079102,0.023473739624023438,0.11987781524658203,cdkm_ripple_carry_adder with 6 qubits.
6,Cuccaro-Draper-Kutin-Moulton (CDKM) Ripple-Carry Adder,H,8,0.05057072639465332,3.0636093616485596,3.114180088043213,0.8175868988037109,cdkm_ripple_carry_adder with 6 qubits.
4,Cuccaro-Draper-Kutin-Moulton (CDKM) Ripple-Carry Adder,0,1,0.007611513137817383,0.018186330795288086,0.02579784393310547,0.15375423431396484,cdkm_ripple_carry_adder with 4 qubits.
4,Cuccaro-Draper-Kutin-Moulton (CDKM) Ripple-Carry Adder,0,4,0.01565098762512207,0.029079914093017578,0.04473090171813965,0.2051706314086914,cdkm_ripple_carry_adder with 4 qubits.
4,Cuccaro-Draper-Kutin-Moulton (CDKM) Ripple-Carry Adder,H,1,0.0035560131072998047,0.01590418815612793,0.019460201263427734,0.08640098571777344,cdkm_ripple_carry_adder with 4 qubits.
4,Cuccaro-Draper-Kutin-Moulton (CDKM) Ripple-Carry Adder,H,4,0.016376733779907227,0.0319366455078125,0.04831337928771973,0.2048206329345703,cdkm_ripple_carry_adder with 4 qubits.
6,Cuccaro-Draper-Kutin-Moulton (CDKM) Ripple-Carry Adder,0,1,0.03395795822143555,0.037186384201049805,0.07114434242248535,0.1212158203125,cdkm_ripple_carry_adder with 6 qubits.
6,Cuccaro-Draper-Kutin-Moulton (CDKM) Ripple-Carry Adder,0,8,0.07785201072692871,3.2416512966156006,3.3195033073425293,0.8175868988037109,cdkm_ripple_carry_adder with 6 qubits.
6,Cuccaro-Draper-Kutin-Moulton (CDKM) Ripple-Carry Adder,H,1,0.04207873344421387,0.03539872169494629,0.07747745513916016,0.11987781524658203,cdkm_ripple_carry_adder with 6 qubits.
6,Cuccaro-Draper-Kutin-Moulton (CDKM) Ripple-Carry Adder,H,8,0.07174348831176758,3.30791974067688,3.3796632289886475,0.8175868988037109,cdkm_ripple_carry_adder with 6 qubits.
3,Deutsch-Jozsa,0,1,0.003824472427368164,0.010107994079589844,0.013932466506958008,0.13950443267822266,dj with 3 qubits.
3,Deutsch-Jozsa,0,3,0.011930704116821289,0.022397756576538086,0.034328460693359375,0.07944393157958984,dj with 3 qubits.
3,Deutsch-Jozsa,H,1,0.003920316696166992,0.01272273063659668,0.016643047332763672,0.07024860382080078,dj with 3 qubits.
3,Deutsch-Jozsa,H,3,0.0057637691497802734,0.009923934936523438,0.01568770408630371,0.07944393157958984,dj with 3 qubits.
4,Deutsch-Jozsa,0,1,0.005362272262573242,0.010699272155761719,0.01606154441833496,0.07268619537353516,dj with 4 qubits.
4,Deutsch-Jozsa,0,4,0.006361961364746094,0.011807918548583984,0.018169879913330078,0.0895681381225586,dj with 4 qubits.
4,Deutsch-Jozsa,H,1,0.0023500919342041016,0.012193441390991211,0.014543533325195312,0.07233619689941406,dj with 4 qubits.
4,Deutsch-Jozsa,H,4,0.0044367313385009766,0.012346029281616211,0.016782760620117188,0.08950424194335938,dj with 4 qubits.
5,Deutsch-Jozsa,0,1,0.0023546218872070312,0.010777473449707031,0.013132095336914062,0.07409477233886719,dj with 5 qubits.
5,Deutsch-Jozsa,0,6,0.006543397903442383,0.0205233097076416,0.027066707611083984,0.11022758483886719,dj with 5 qubits.
5,Deutsch-Jozsa,H,1,0.010710477828979492,0.021623611450195312,0.032334089279174805,0.0741586685180664,dj with 5 qubits.
5,Deutsch-Jozsa,H,6,0.006258726119995117,0.016379833221435547,0.022638559341430664,0.11094284057617188,dj with 5 qubits.
6,Deutsch-Jozsa,0,1,0.004513978958129883,0.008769035339355469,0.013283014297485352,0.08121681213378906,dj with 6 qubits.
6,Deutsch-Jozsa,0,8,0.017739295959472656,0.026642322540283203,0.04438161849975586,0.1417093276977539,dj with 6 qubits.
6,Deutsch-Jozsa,H,1,0.0030477046966552734,0.009968757629394531,0.013016462326049805,0.080657958984375,dj with 6 qubits.
6,Deutsch-Jozsa,H,8,0.01150965690612793,0.01874542236328125,0.03025507926940918,0.1417093276977539,dj with 6 qubits.
7,Deutsch-Jozsa,0,1,0.006662845611572266,0.012611865997314453,0.01927471160888672,0.08672046661376953,dj with 7 qubits.
7,Deutsch-Jozsa,0,12,0.032318830490112305,0.03313183784484863,0.06545066833496094,0.20847225189208984,dj with 7 qubits.
7,Deutsch-Jozsa,H,1,0.003541707992553711,0.010720252990722656,0.014261960983276367,0.08672046661376953,dj with 7 qubits.
7,Deutsch-Jozsa,H,12,0.01685333251953125,0.02102065086364746,0.03787398338317871,0.20847225189208984,dj with 7 qubits.
3,Deutsch-Jozsa,0,1,0.003465414047241211,0.01260995864868164,0.01607537269592285,0.13956832885742188,dj with 3 qubits.
3,Deutsch-Jozsa,0,3,0.0031633377075195312,0.011328697204589844,0.014492034912109375,0.07944393157958984,dj with 3 qubits.
3,Deutsch-Jozsa,H,1,0.002496957778930664,0.013088703155517578,0.015585660934448242,0.07018470764160156,dj with 3 qubits.
3,Deutsch-Jozsa,H,3,0.003369569778442383,0.030057191848754883,0.033426761627197266,0.07944393157958984,dj with 3 qubits.
4,Deutsch-Jozsa,0,1,0.002217531204223633,0.012223243713378906,0.014440774917602539,0.07268619537353516,dj with 4 qubits.
4,Deutsch-Jozsa,0,4,0.004096269607543945,0.010987043380737305,0.01508331298828125,0.0895681381225586,dj with 4 qubits.
4,Deutsch-Jozsa,H,1,0.002302885055541992,0.013049840927124023,0.015352725982666016,0.07227230072021484,dj with 4 qubits.
4,Deutsch-Jozsa,H,4,0.0050237178802490234,0.013459205627441406,0.01848292350769043,0.0895681381225586,dj with 4 qubits.
5,Deutsch-Jozsa,0,1,0.0027854442596435547,0.014815330505371094,0.01760077476501465,0.0741586685180664,dj with 5 qubits.
5,Deutsch-Jozsa,0,6,0.008497953414916992,0.01571941375732422,0.02421736717224121,0.11016368865966797,dj with 5 qubits.
5,Deutsch-Jozsa,H,1,0.003445863723754883,0.012718439102172852,0.016164302825927734,0.0741586685180664,dj with 5 qubits.
5,Deutsch-Jozsa,H,6,0.010206937789916992,0.01715993881225586,0.02736687660217285,0.11094284057617188,dj with 5 qubits.
6,Deutsch-Jozsa,0,1,0.003736734390258789,0.011255264282226562,0.014991998672485352,0.08115291595458984,dj with 6 qubits.
6,Deutsch-Jozsa,0,8,0.011827230453491211,0.017222166061401367,0.029049396514892578,0.1417093276977539,dj with 6 qubits.
6,Deutsch-Jozsa,H,1,0.0031890869140625,0.010567426681518555,0.013756513595581055,0.080657958984375,dj with 6 qubits.
6,Deutsch-Jozsa,H,8,0.011360645294189453,0.019845962524414062,0.031206607818603516,0.1416454315185547,dj with 6 qubits.
7,Deutsch-Jozsa,0,1,0.003940582275390625,0.011462688446044922,0.015403270721435547,0.08672046661376953,dj with 7 qubits.
7,Deutsch-Jozsa,0,12,0.016957759857177734,0.021549463272094727,0.03850722312927246,0.20847225189208984,dj with 7 qubits.
7,Deutsch-Jozsa,H,1,0.004726409912109375,0.013284921646118164,0.01801133155822754,0.08672046661376953,dj with 7 qubits.
7,Deutsch-Jozsa,H,12,0.01935887336730957,0.01995396614074707,0.03931283950805664,0.20847225189208984,dj with 7 qubits.
3,Deutsch-Jozsa,0,1,0.0028352737426757812,0.011717557907104492,0.014552831649780273,0.13950443267822266,dj with 3 qubits.
3,Deutsch-Jozsa,0,3,0.004987955093383789,0.01489877700805664,0.01988673210144043,0.07944393157958984,dj with 3 qubits.
3,Deutsch-Jozsa,H,1,0.002711772918701172,0.01691460609436035,0.019626379013061523,0.07024860382080078,dj with 3 qubits.
3,Deutsch-Jozsa,H,3,0.00475001335144043,0.015206098556518555,0.019956111907958984,0.07944393157958984,dj with 3 qubits.
4,Deutsch-Jozsa,0,1,0.002283811569213867,0.00989389419555664,0.012177705764770508,0.07262229919433594,dj with 4 qubits.
4,Deutsch-Jozsa,0,4,0.0040302276611328125,0.015367746353149414,0.019397974014282227,0.0895681381225586,dj with 4 qubits.
4,Deutsch-Jozsa,H,1,0.00580906867980957,0.014325857162475586,0.020134925842285156,0.07233619689941406,dj with 4 qubits.
4,Deutsch-Jozsa,H,4,0.005122661590576172,0.010513067245483398,0.01563572883605957,0.0895681381225586,dj with 4 qubits.
5,Deutsch-Jozsa,0,1,0.0023992061614990234,0.009150266647338867,0.01154947280883789,0.0741586685180664,dj with 5 qubits.
5,Deutsch-Jozsa,0,6,0.006532192230224609,0.014492273330688477,0.021024465560913086,0.11022758483886719,dj with 5 qubits.
5,Deutsch-Jozsa,H,1,0.0037293434143066406,0.010101795196533203,0.013831138610839844,0.07409477233886719,dj with 5 qubits.
5,Deutsch-Jozsa,H,6,0.0060312747955322266,0.014777660369873047,0.020808935165405273,0.11094284057617188,dj with 5 qubits.
6,Deutsch-Jozsa,0,1,0.005358457565307617,0.020411968231201172,0.02577042579650879,0.08128070831298828,dj with 6 qubits.
6,Deutsch-Jozsa,0,8,0.011275768280029297,0.047946929931640625,0.05922269821166992,0.1417093276977539,dj with 6 qubits.
6,Deutsch-Jozsa,H,1,0.003946065902709961,0.018878698348999023,0.022824764251708984,0.08059406280517578,dj with 6 qubits.
6,Deutsch-Jozsa,H,8,0.014115571975708008,0.022335529327392578,0.036451101303100586,0.1417093276977539,dj with 6 qubits.
7,Deutsch-Jozsa,0,1,0.003997325897216797,0.011873245239257812,0.01587057113647461,0.08672046661376953,dj with 7 qubits.
7,Deutsch-Jozsa,0,12,0.02892780303955078,0.03396463394165039,0.06289243698120117,0.20847225189208984,dj with 7 qubits.
7,Deutsch-Jozsa,H,1,0.009592294692993164,0.01680898666381836,0.026401281356811523,0.08672046661376953,dj with 7 qubits.
7,Deutsch-Jozsa,H,12,0.016822099685668945,0.02250528335571289,0.039327383041381836,0.20840835571289062,dj with 7 qubits.
3,Deutsch-Jozsa,0,1,0.006135225296020508,0.014816999435424805,0.020952224731445312,0.1396322250366211,dj with 3 qubits.
3,Deutsch-Jozsa,0,3,0.003574371337890625,0.01715397834777832,0.020728349685668945,0.07944393157958984,dj with 3 qubits.
3,Deutsch-Jozsa,H,1,0.001971006393432617,0.012005329132080078,0.013976335525512695,0.07024860382080078,dj with 3 qubits.
3,Deutsch-Jozsa,H,3,0.002950429916381836,0.01232290267944336,0.015273332595825195,0.07938766479492188,dj with 3 qubits.
4,Deutsch-Jozsa,0,1,0.0026445388793945312,0.012266397476196289,0.01491093635559082,0.07268619537353516,dj with 4 qubits.
4,Deutsch-Jozsa,0,4,0.007174968719482422,0.016237497329711914,0.023412466049194336,0.0895681381225586,dj with 4 qubits.
4,Deutsch-Jozsa,H,1,0.002398967742919922,0.012152671813964844,0.014551639556884766,0.07233619689941406,dj with 4 qubits.
4,Deutsch-Jozsa,H,4,0.0045528411865234375,0.01143646240234375,0.015989303588867188,0.08950424194335938,dj with 4 qubits.
5,Deutsch-Jozsa,0,1,0.003119230270385742,0.012341976165771484,0.015461206436157227,0.0741586685180664,dj with 5 qubits.
5,Deutsch-Jozsa,0,6,0.007537364959716797,0.016245365142822266,0.023782730102539062,0.11022758483886719,dj with 5 qubits.
5,Deutsch-Jozsa,H,1,0.0025229454040527344,0.009016275405883789,0.011539220809936523,0.0741586685180664,dj with 5 qubits.
5,Deutsch-Jozsa,H,6,0.008633852005004883,0.013675928115844727,0.02230978012084961,0.11094284057617188,dj with 5 qubits.
6,Deutsch-Jozsa,0,1,0.00412440299987793,0.011685609817504883,0.015810012817382812,0.08121681213378906,dj with 6 qubits.
6,Deutsch-Jozsa,0,8,0.00880289077758789,0.023868322372436523,0.032671213150024414,0.1417093276977539,dj with 6 qubits.
6,Deutsch-Jozsa,H,1,0.0045888423919677734,0.014922857284545898,0.019511699676513672,0.080657958984375,dj with 6 qubits.
6,Deutsch-Jozsa,H,8,0.016393661499023438,0.023114919662475586,0.03950858116149902,0.1416454315185547,dj with 6 qubits.
7,Deutsch-Jozsa,0,1,0.0037229061126708984,0.011386632919311523,0.015109539031982422,0.08672046661376953,dj with 7 qubits.
7,Deutsch-Jozsa,0,12,0.01637125015258789,0.021965742111206055,0.038336992263793945,0.20840835571289062,dj with 7 qubits.
7,Deutsch-Jozsa,H,1,0.0037860870361328125,0.010482311248779297,0.01426839828491211,0.08672046661376953,dj with 7 qubits.
7,Deutsch-Jozsa,H,12,0.02262401580810547,0.021169185638427734,0.0437932014465332,0.20847225189208984,dj with 7 qubits.
3,Deutsch-Jozsa,0,1,0.003210783004760742,0.011619091033935547,0.014829874038696289,0.1396322250366211,dj with 3 qubits.
3,Deutsch-Jozsa,0,3,0.0031435489654541016,0.010911941528320312,0.014055490493774414,0.07944393157958984,dj with 3 qubits.
3,Deutsch-Jozsa,H,1,0.0023393630981445312,0.008760690689086914,0.011100053787231445,0.07024860382080078,dj with 3 qubits.
3,Deutsch-Jozsa,H,3,0.0047838687896728516,0.013898372650146484,0.018682241439819336,0.07944393157958984,dj with 3 qubits.
4,Deutsch-Jozsa,0,1,0.0022988319396972656,0.01979970932006836,0.022098541259765625,0.07268619537353516,dj with 4 qubits.
4,Deutsch-Jozsa,0,4,0.00390934944152832,0.013542413711547852,0.017451763153076172,0.0895681381225586,dj with 4 qubits.
4,Deutsch-Jozsa,H,1,0.0035893917083740234,0.008786916732788086,0.01237630844116211,0.07233619689941406,dj with 4 qubits.
4,Deutsch-Jozsa,H,4,0.004271984100341797,0.013988256454467773,0.01826024055480957,0.0895681381225586,dj with 4 qubits.
5,Deutsch-Jozsa,0,1,0.003003358840942383,0.009261369705200195,0.012264728546142578,0.07409477233886719,dj with 5 qubits.
5,Deutsch-Jozsa,0,6,0.0062770843505859375,0.0164031982421875,0.022680282592773438,0.11022758483886719,dj with 5 qubits.
5,Deutsch-Jozsa,H,1,0.002920389175415039,0.010068416595458984,0.012988805770874023,0.07409477233886719,dj with 5 qubits.
5,Deutsch-Jozsa,H,6,0.00927114486694336,0.014973878860473633,0.024245023727416992,0.11094284057617188,dj with 5 qubits.
6,Deutsch-Jozsa,0,1,0.003765106201171875,0.01097249984741211,0.014737606048583984,0.08128070831298828,dj with 6 qubits.
6,Deutsch-Jozsa,0,8,0.009643077850341797,0.018384456634521484,0.02802753448486328,0.1417093276977539,dj with 6 qubits.
6,Deutsch-Jozsa,H,1,0.005326032638549805,0.012853622436523438,0.018179655075073242,0.080657958984375,dj with 6 qubits.
6,Deutsch-Jozsa,H,8,0.009429931640625,0.016933441162109375,0.026363372802734375,0.1416454315185547,dj with 6 qubits.
7,Deutsch-Jozsa,0,1,0.005185604095458984,0.009920358657836914,0.015105962753295898,0.08672046661376953,dj with 7 qubits.
7,Deutsch-Jozsa,0,12,0.021248817443847656,0.0243375301361084,0.045586347579956055,0.20847225189208984,dj with 7 qubits.
7,Deutsch-Jozsa,H,1,0.0046117305755615234,0.012645959854125977,0.0172576904296875,0.08672046661376953,dj with 7 qubits.
7,Deutsch-Jozsa,H,12,0.016983747482299805,0.025458097457885742,0.04244184494018555,0.20847225189208984,dj with 7 qubits.
4,Draper QFT Adder,0,1,0.017209291458129883,0.008116006851196289,0.025325298309326172,0.14866256713867188,draper_qft_adder with 4 qubits.
4,Draper QFT Adder,0,4,0.010123252868652344,0.0046079158782958984,0.014731168746948242,0.14131832122802734,draper_qft_adder with 4 qubits.
4,Draper QFT Adder,H,1,0.002726316452026367,0.003609180450439453,0.00633549690246582,0.07798194885253906,draper_qft_adder with 4 qubits.
4,Draper QFT Adder,H,4,0.008800506591796875,0.003963947296142578,0.012764453887939453,0.14103221893310547,draper_qft_adder with 4 qubits.
6,Draper QFT Adder,0,1,0.008661985397338867,0.004969358444213867,0.013631343841552734,0.11672592163085938,draper_qft_adder with 6 qubits.
6,Draper QFT Adder,0,8,0.0633549690246582,0.013143539428710938,0.07649850845336914,0.6981658935546875,draper_qft_adder with 6 qubits.
6,Draper QFT Adder,H,1,0.010143756866455078,0.004102468490600586,0.014246225357055664,0.11672592163085938,draper_qft_adder with 6 qubits.
6,Draper QFT Adder,H,8,0.08260226249694824,0.029797077178955078,0.11239933967590332,0.6966896057128906,draper_qft_adder with 6 qubits.
4,Draper QFT Adder,0,1,0.004251241683959961,0.0055277347564697266,0.009778976440429688,0.15110015869140625,draper_qft_adder with 4 qubits.
4,Draper QFT Adder,0,4,0.013808965682983398,0.023850202560424805,0.0376591682434082,0.1510019302368164,draper_qft_adder with 4 qubits.
4,Draper QFT Adder,H,1,0.002919912338256836,0.0034027099609375,0.006322622299194336,0.07990074157714844,draper_qft_adder with 4 qubits.
4,Draper QFT Adder,H,4,0.018923282623291016,0.04806876182556152,0.06699204444885254,0.1506519317626953,draper_qft_adder with 4 qubits.
6,Draper QFT Adder,0,1,0.02306985855102539,0.010560274124145508,0.0336301326751709,0.1256103515625,draper_qft_adder with 6 qubits.
6,Draper QFT Adder,0,8,0.03589916229248047,1.1312601566314697,1.1671593189239502,0.5821342468261719,draper_qft_adder with 6 qubits.
6,Draper QFT Adder,H,1,0.007607460021972656,0.006382942199707031,0.013990402221679688,0.12496566772460938,draper_qft_adder with 6 qubits.
6,Draper QFT Adder,H,8,0.06374096870422363,1.0708186626434326,1.1345596313476562,0.5814409255981445,draper_qft_adder with 6 qubits.
4,Draper QFT Adder,0,1,0.004587650299072266,0.003911733627319336,0.008499383926391602,0.14866256713867188,draper_qft_adder with 4 qubits.
4,Draper QFT Adder,0,4,0.010509490966796875,0.01403951644897461,0.024549007415771484,0.14138221740722656,draper_qft_adder with 4 qubits.
4,Draper QFT Adder,H,1,0.011258840560913086,0.010821104049682617,0.022079944610595703,0.07798194885253906,draper_qft_adder with 4 qubits.
4,Draper QFT Adder,H,4,0.028108596801757812,0.013465642929077148,0.04157423973083496,0.14103221893310547,draper_qft_adder with 4 qubits.
6,Draper QFT Adder,0,1,0.022031784057617188,0.008636474609375,0.030668258666992188,0.11672592163085938,draper_qft_adder with 6 qubits.
6,Draper QFT Adder,0,8,0.05448579788208008,0.014763832092285156,0.06924962997436523,0.6981658935546875,draper_qft_adder with 6 qubits.
6,Draper QFT Adder,H,1,0.008136510848999023,0.00429534912109375,0.012431859970092773,0.11672592163085938,draper_qft_adder with 6 qubits.
6,Draper QFT Adder,H,8,0.057831764221191406,0.015872716903686523,0.07370448112487793,0.6966896057128906,draper_qft_adder with 6 qubits.
4,Draper QFT Adder,0,1,0.005122184753417969,0.003958225250244141,0.00908041000366211,0.14866256713867188,draper_qft_adder with 4 qubits.
4,Draper QFT Adder,0,4,0.007165431976318359,0.005869150161743164,0.013034582138061523,0.14138221740722656,draper_qft_adder with 4 qubits.
4,Draper QFT Adder,H,1,0.004187345504760742,0.006630897521972656,0.010818243026733398,0.07798194885253906,draper_qft_adder with 4 qubits.
4,Draper QFT Adder,H,4,0.009974241256713867,0.003606081008911133,0.013580322265625,0.14103221893310547,draper_qft_adder with 4 qubits.
6,Draper QFT Adder,0,1,0.007542848587036133,0.00415492057800293,0.011697769165039062,0.11672592163085938,draper_qft_adder with 6 qubits.
6,Draper QFT Adder,0,8,0.036890268325805664,0.009250402450561523,0.04614067077636719,0.6981658935546875,draper_qft_adder with 6 qubits.
6,Draper QFT Adder,H,1,0.006977558135986328,0.0034172534942626953,0.010394811630249023,0.11672592163085938,draper_qft_adder with 6 qubits.
6,Draper QFT Adder,H,8,0.033867597579956055,0.00787663459777832,0.041744232177734375,0.6966896057128906,draper_qft_adder with 6 qubits.
4,Draper QFT Adder,0,1,0.004430294036865234,0.0033223628997802734,0.007752656936645508,0.14866256713867188,draper_qft_adder with 4 qubits.
4,Draper QFT Adder,0,4,0.00871133804321289,0.005805253982543945,0.014516592025756836,0.14138221740722656,draper_qft_adder with 4 qubits.
4,Draper QFT Adder,H,1,0.0027904510498046875,0.0028772354125976562,0.005667686462402344,0.07798194885253906,draper_qft_adder with 4 qubits.
4,Draper QFT Adder,H,4,0.010172367095947266,0.0032901763916015625,0.013462543487548828,0.14103221893310547,draper_qft_adder with 4 qubits.
6,Draper QFT Adder,0,1,0.0056383609771728516,0.004272937774658203,0.009911298751831055,0.11672592163085938,draper_qft_adder with 6 qubits.
6,Draper QFT Adder,0,8,0.0363316535949707,0.00968027114868164,0.046011924743652344,0.6981658935546875,draper_qft_adder with 6 qubits.
6,Draper QFT Adder,H,1,0.005749702453613281,0.005267620086669922,0.011017322540283203,0.11659812927246094,draper_qft_adder with 6 qubits.
6,Draper QFT Adder,H,8,0.03771853446960449,0.009114265441894531,0.04683279991149902,0.6966896057128906,draper_qft_adder with 6 qubits.
4,Full Adder,0,1,0.0031380653381347656,0.0049953460693359375,0.008133411407470703,0.14986133575439453,full_adder with 4 qubits.
4,Full Adder,0,4,0.009586572647094727,0.0038270950317382812,0.013413667678833008,0.18387985229492188,full_adder with 4 qubits.
4,Full Adder,H,1,0.003087282180786133,0.00331878662109375,0.006406068801879883,0.08252811431884766,full_adder with 4 qubits.
4,Full Adder,H,4,0.010708093643188477,0.003839731216430664,0.01454782485961914,0.18352985382080078,full_adder with 4 qubits.
6,Full Adder,0,1,0.009714841842651367,0.013280630111694336,0.022995471954345703,0.1212158203125,full_adder with 6 qubits.
6,Full Adder,0,8,0.03957796096801758,2.4736225605010986,2.513200521469116,0.8153219223022461,full_adder with 6 qubits.
6,Full Adder,H,1,0.005681037902832031,0.01363515853881836,0.01931619644165039,0.11987781524658203,full_adder with 6 qubits.
6,Full Adder,H,8,0.046758413314819336,2.503093957901001,2.5498523712158203,0.8152370452880859,full_adder with 6 qubits.
4,Full Adder,0,1,0.0057027339935302734,0.005615711212158203,0.011318445205688477,0.14986133575439453,full_adder with 4 qubits.
4,Full Adder,0,4,0.020132780075073242,0.007445573806762695,0.027578353881835938,0.18387985229492188,full_adder with 4 qubits.
4,Full Adder,H,1,0.004424095153808594,0.0055353641510009766,0.00995945930480957,0.08252811431884766,full_adder with 4 qubits.
4,Full Adder,H,4,0.01984262466430664,0.011391878128051758,0.0312345027923584,0.18352985382080078,full_adder with 4 qubits.
6,Full Adder,0,1,0.015093564987182617,0.024565458297729492,0.03965902328491211,0.1212158203125,full_adder with 6 qubits.
6,Full Adder,0,8,0.09861207008361816,3.998389720916748,4.097001791000366,0.8153219223022461,full_adder with 6 qubits.
6,Full Adder,H,1,0.006078004837036133,0.013984203338623047,0.02006220817565918,0.11981391906738281,full_adder with 6 qubits.
6,Full Adder,H,8,0.08261919021606445,2.6181588172912598,2.700778007507324,0.8152370452880859,full_adder with 6 qubits.
4,Full Adder,0,1,0.008916378021240234,0.005013942718505859,0.013930320739746094,0.1497974395751953,full_adder with 4 qubits.
4,Full Adder,0,4,0.012742757797241211,0.005039691925048828,0.01778244972229004,0.18387985229492188,full_adder with 4 qubits.
4,Full Adder,H,1,0.004796504974365234,0.006898641586303711,0.011695146560668945,0.08252811431884766,full_adder with 4 qubits.
4,Full Adder,H,4,0.017884254455566406,0.007646322250366211,0.025530576705932617,0.18352985382080078,full_adder with 4 qubits.
6,Full Adder,0,1,0.0076177120208740234,0.017562389373779297,0.02518010139465332,0.1212158203125,full_adder with 6 qubits.
6,Full Adder,0,8,0.0792231559753418,3.3428258895874023,3.422049045562744,0.8153219223022461,full_adder with 6 qubits.
6,Full Adder,H,1,0.010776996612548828,0.02019643783569336,0.030973434448242188,0.11987781524658203,full_adder with 6 qubits.
6,Full Adder,H,8,0.052494049072265625,3.2513225078582764,3.303816556930542,0.8152370452880859,full_adder with 6 qubits.
4,Full Adder,0,1,0.006744861602783203,0.004515171051025391,0.011260032653808594,0.14986133575439453,full_adder with 4 qubits.
4,Full Adder,0,4,0.012331485748291016,0.006014347076416016,0.01834583282470703,0.18387985229492188,full_adder with 4 qubits.
4,Full Adder,H,1,0.004678487777709961,0.0038216114044189453,0.008500099182128906,0.08252811431884766,full_adder with 4 qubits.
4,Full Adder,H,4,0.014211654663085938,0.008049249649047852,0.02226090431213379,0.18352985382080078,full_adder with 4 qubits.
6,Full Adder,0,1,0.007342100143432617,0.015627145767211914,0.02296924591064453,0.1212158203125,full_adder with 6 qubits.
6,Full Adder,0,8,0.06867194175720215,3.10701584815979,3.175687789916992,0.8153219223022461,full_adder with 6 qubits.
6,Full Adder,H,1,0.010957717895507812,0.015186071395874023,0.026143789291381836,0.11987781524658203,full_adder with 6 qubits.
6,Full Adder,H,8,0.05312943458557129,3.073286533355713,3.126415967941284,0.8152370452880859,full_adder with 6 qubits.
4,Full Adder,0,1,0.00372314453125,0.005432605743408203,0.009155750274658203,0.14986133575439453,full_adder with 4 qubits.
4,Full Adder,0,4,0.010515689849853516,0.003516674041748047,0.014032363891601562,0.18387985229492188,full_adder with 4 qubits.
4,Full Adder,H,1,0.0027418136596679688,0.0027947425842285156,0.005536556243896484,0.08252811431884766,full_adder with 4 qubits.
4,Full Adder,H,4,0.011065244674682617,0.0038423538208007812,0.014907598495483398,0.18352985382080078,full_adder with 4 qubits.
6,Full Adder,0,1,0.005624532699584961,0.012143373489379883,0.017767906188964844,0.1212158203125,full_adder with 6 qubits.
6,Full Adder,0,8,0.04631662368774414,2.4383389949798584,2.4846556186676025,0.8153219223022461,full_adder with 6 qubits.
6,Full Adder,H,1,0.005266904830932617,0.01045846939086914,0.015725374221801758,0.11987781524658203,full_adder with 6 qubits.
6,Full Adder,H,8,0.038690805435180664,2.3817999362945557,2.4204907417297363,0.8152370452880859,full_adder with 6 qubits.
3,GHZ State,0,1,0.0014295578002929688,0.0030989646911621094,0.004528522491455078,0.12420368194580078,ghz with 3 qubits.
3,GHZ State,0,3,0.001195669174194336,0.0023529529571533203,0.0035486221313476562,0.0635213851928711,ghz with 3 qubits.
3,GHZ State,H,1,0.0007996559143066406,0.0022771358489990234,0.003076791763305664,0.0582122802734375,ghz with 3 qubits.
3,GHZ State,H,3,0.0012519359588623047,0.002773284912109375,0.00402522087097168,0.0635213851928711,ghz with 3 qubits.
4,GHZ State,0,1,0.0007243156433105469,0.002208709716796875,0.002933025360107422,0.05970573425292969,ghz with 4 qubits.
4,GHZ State,0,4,0.0016770362854003906,0.0038149356842041016,0.005491971969604492,0.07045841217041016,ghz with 4 qubits.
4,GHZ State,H,1,0.0007584095001220703,0.003032684326171875,0.0037910938262939453,0.05952167510986328,ghz with 4 qubits.
4,GHZ State,H,4,0.0018718242645263672,0.002962827682495117,0.004834651947021484,0.07045841217041016,ghz with 4 qubits.
5,GHZ State,0,1,0.00102996826171875,0.002667665481567383,0.003697633743286133,0.06119823455810547,ghz with 5 qubits.
5,GHZ State,0,6,0.0031464099884033203,0.00442194938659668,0.007568359375,0.08553218841552734,ghz with 5 qubits.
5,GHZ State,H,1,0.0008330345153808594,0.0025899410247802734,0.003422975540161133,0.06119823455810547,ghz with 5 qubits.
5,GHZ State,H,6,0.0030837059020996094,0.004332542419433594,0.007416248321533203,0.08518218994140625,ghz with 5 qubits.
6,GHZ State,0,1,0.0009987354278564453,0.002438783645629883,0.003437519073486328,0.06254005432128906,ghz with 6 qubits.
6,GHZ State,0,8,0.004673957824707031,0.003312826156616211,0.007986783981323242,0.10654258728027344,ghz with 6 qubits.
6,GHZ State,H,1,0.0013189315795898438,0.0028047561645507812,0.004123687744140625,0.062455177307128906,ghz with 6 qubits.
6,GHZ State,H,8,0.004857540130615234,0.0031075477600097656,0.007965087890625,0.10654258728027344,ghz with 6 qubits.
7,GHZ State,0,1,0.0011508464813232422,0.0026636123657226562,0.0038144588470458984,0.06371021270751953,ghz with 7 qubits.
7,GHZ State,0,12,0.007762908935546875,0.008673906326293945,0.01643681526184082,0.14914512634277344,ghz with 7 qubits.
7,GHZ State,H,1,0.0012094974517822266,0.002891063690185547,0.0041005611419677734,0.06371021270751953,ghz with 7 qubits.
7,GHZ State,H,12,0.008309125900268555,0.009188413619995117,0.017497539520263672,0.14963340759277344,ghz with 7 qubits.
3,GHZ State,0,1,0.002666950225830078,0.006071329116821289,0.008738279342651367,0.12420368194580078,ghz with 3 qubits.
3,GHZ State,0,3,0.002151966094970703,0.004189729690551758,0.006341695785522461,0.06345748901367188,ghz with 3 qubits.
3,GHZ State,H,1,0.0018954277038574219,0.004662036895751953,0.006557464599609375,0.05827617645263672,ghz with 3 qubits.
3,GHZ State,H,3,0.0011577606201171875,0.0048122406005859375,0.005970001220703125,0.0635213851928711,ghz with 3 qubits.
4,GHZ State,0,1,0.0012252330780029297,0.00457310676574707,0.00579833984375,0.05970573425292969,ghz with 4 qubits.
4,GHZ State,0,4,0.0040209293365478516,0.003444194793701172,0.0074651241302490234,0.07039451599121094,ghz with 4 qubits.
4,GHZ State,H,1,0.0010461807250976562,0.0032100677490234375,0.004256248474121094,0.0595855712890625,ghz with 4 qubits.
4,GHZ State,H,4,0.0031442642211914062,0.003505706787109375,0.006649971008300781,0.07045841217041016,ghz with 4 qubits.
5,GHZ State,0,1,0.0014324188232421875,0.0057027339935302734,0.007135152816772461,0.06119823455810547,ghz with 5 qubits.
5,GHZ State,0,6,0.0037729740142822266,0.0033054351806640625,0.007078409194946289,0.08553218841552734,ghz with 5 qubits.
5,GHZ State,H,1,0.001317739486694336,0.004540920257568359,0.005858659744262695,0.06113433837890625,ghz with 5 qubits.
5,GHZ State,H,6,0.0033979415893554688,0.0031366348266601562,0.006534576416015625,0.08518218994140625,ghz with 5 qubits.
6,GHZ State,0,1,0.0013723373413085938,0.002852916717529297,0.004225254058837891,0.06254005432128906,ghz with 6 qubits.
6,GHZ State,0,8,0.00587916374206543,0.005555152893066406,0.011434316635131836,0.10654258728027344,ghz with 6 qubits.
6,GHZ State,H,1,0.0014181137084960938,0.0031614303588867188,0.0045795440673828125,0.062455177307128906,ghz with 6 qubits.
6,GHZ State,H,8,0.005228281021118164,0.005414724349975586,0.01064300537109375,0.10654258728027344,ghz with 6 qubits.
7,GHZ State,0,1,0.0014743804931640625,0.0034453868865966797,0.004919767379760742,0.06371021270751953,ghz with 7 qubits.
7,GHZ State,0,12,0.00974130630493164,0.009444236755371094,0.019185543060302734,0.14914512634277344,ghz with 7 qubits.
7,GHZ State,H,1,0.0014691352844238281,0.003274202346801758,0.004743337631225586,0.06371021270751953,ghz with 7 qubits.
7,GHZ State,H,12,0.01002812385559082,0.011827707290649414,0.021855831146240234,0.14969730377197266,ghz with 7 qubits.
3,GHZ State,0,1,0.001817941665649414,0.006712675094604492,0.008530616760253906,0.12420368194580078,ghz with 3 qubits.
3,GHZ State,0,3,0.0014102458953857422,0.0031681060791015625,0.004578351974487305,0.0635213851928711,ghz with 3 qubits.
3,GHZ State,H,1,0.0008738040924072266,0.004784107208251953,0.00565791130065918,0.05827617645263672,ghz with 3 qubits.
3,GHZ State,H,3,0.0012972354888916016,0.00286102294921875,0.0041582584381103516,0.06345748901367188,ghz with 3 qubits.
4,GHZ State,0,1,0.0010271072387695312,0.004728078842163086,0.005755186080932617,0.05970573425292969,ghz with 4 qubits.
4,GHZ State,0,4,0.0038230419158935547,0.003241300582885742,0.007064342498779297,0.07045841217041016,ghz with 4 qubits.
4,GHZ State,H,1,0.001268148422241211,0.005761384963989258,0.007029533386230469,0.0595855712890625,ghz with 4 qubits.
4,GHZ State,H,4,0.0023114681243896484,0.0048122406005859375,0.007123708724975586,0.07045841217041016,ghz with 4 qubits.
5,GHZ State,0,1,0.0014102458953857422,0.003149747848510742,0.004559993743896484,0.06113433837890625,ghz with 5 qubits.
5,GHZ State,0,6,0.0046808719635009766,0.005770206451416016,0.010451078414916992,0.08553218841552734,ghz with 5 qubits.
5,GHZ State,H,1,0.0012383460998535156,0.003696441650390625,0.004934787750244141,0.06119823455810547,ghz with 5 qubits.
5,GHZ State,H,6,0.005257844924926758,0.004988431930541992,0.01024627685546875,0.08511829376220703,ghz with 5 qubits.
6,GHZ State,0,1,0.0013263225555419922,0.0029001235961914062,0.0042264461517333984,0.06254005432128906,ghz with 6 qubits.
6,GHZ State,0,8,0.014190912246704102,0.005334615707397461,0.019525527954101562,0.10654258728027344,ghz with 6 qubits.
6,GHZ State,H,1,0.0017123222351074219,0.006880998611450195,0.008593320846557617,0.062455177307128906,ghz with 6 qubits.
6,GHZ State,H,8,0.011572837829589844,0.0071258544921875,0.018698692321777344,0.10654258728027344,ghz with 6 qubits.
7,GHZ State,0,1,0.0032422542572021484,0.008666753768920898,0.011909008026123047,0.06371021270751953,ghz with 7 qubits.
7,GHZ State,0,12,0.01225733757019043,0.00949239730834961,0.02174973487854004,0.14914512634277344,ghz with 7 qubits.
7,GHZ State,H,1,0.0015404224395751953,0.003083467483520508,0.004623889923095703,0.06371021270751953,ghz with 7 qubits.
7,GHZ State,H,12,0.009579181671142578,0.009476900100708008,0.019056081771850586,0.14969730377197266,ghz with 7 qubits.
3,GHZ State,0,1,0.0017867088317871094,0.005525827407836914,0.0073125362396240234,0.12420368194580078,ghz with 3 qubits.
3,GHZ State,0,3,0.002282381057739258,0.004964590072631836,0.007246971130371094,0.0635213851928711,ghz with 3 qubits.
3,GHZ State,H,1,0.0010478496551513672,0.0055806636810302734,0.006628513336181641,0.05827617645263672,ghz with 3 qubits.
3,GHZ State,H,3,0.002645730972290039,0.0034074783325195312,0.00605320930480957,0.06345748901367188,ghz with 3 qubits.
4,GHZ State,0,1,0.0029125213623046875,0.004291057586669922,0.007203578948974609,0.05964183807373047,ghz with 4 qubits.
4,GHZ State,0,4,0.002927064895629883,0.004022121429443359,0.006949186325073242,0.07033061981201172,ghz with 4 qubits.
4,GHZ State,H,1,0.0032470226287841797,0.004104137420654297,0.0073511600494384766,0.05952167510986328,ghz with 4 qubits.
4,GHZ State,H,4,0.003558635711669922,0.004003763198852539,0.007562398910522461,0.07039451599121094,ghz with 4 qubits.
5,GHZ State,0,1,0.001984834671020508,0.0034422874450683594,0.005427122116088867,0.06113433837890625,ghz with 5 qubits.
5,GHZ State,0,6,0.005467891693115234,0.00484156608581543,0.010309457778930664,0.08546829223632812,ghz with 5 qubits.
5,GHZ State,H,1,0.002656221389770508,0.003314971923828125,0.005971193313598633,0.06113433837890625,ghz with 5 qubits.
5,GHZ State,H,6,0.00377655029296875,0.004244327545166016,0.008020877838134766,0.08518218994140625,ghz with 5 qubits.
6,GHZ State,0,1,0.0029993057250976562,0.004708766937255859,0.007708072662353516,0.06254005432128906,ghz with 6 qubits.
6,GHZ State,0,8,0.007815361022949219,0.004465579986572266,0.012280941009521484,0.10654258728027344,ghz with 6 qubits.
6,GHZ State,H,1,0.0013115406036376953,0.005427837371826172,0.006739377975463867,0.062455177307128906,ghz with 6 qubits.
6,GHZ State,H,8,0.008113622665405273,0.004840850830078125,0.012954473495483398,0.10647869110107422,ghz with 6 qubits.
7,GHZ State,0,1,0.0035827159881591797,0.004708051681518555,0.008290767669677734,0.06364631652832031,ghz with 7 qubits.
7,GHZ State,0,12,0.009723186492919922,0.009674549102783203,0.019397735595703125,0.14914512634277344,ghz with 7 qubits.
7,GHZ State,H,1,0.0015184879302978516,0.0036787986755371094,0.005197286605834961,0.06371021270751953,ghz with 7 qubits.
7,GHZ State,H,12,0.009889841079711914,0.010173559188842773,0.020063400268554688,0.14963340759277344,ghz with 7 qubits.
3,GHZ State,0,1,0.0015189647674560547,0.004393577575683594,0.0059125423431396484,0.12420368194580078,ghz with 3 qubits.
3,GHZ State,0,3,0.0035254955291748047,0.005303859710693359,0.008829355239868164,0.0635213851928711,ghz with 3 qubits.
3,GHZ State,H,1,0.0012683868408203125,0.006533145904541016,0.007801532745361328,0.05827617645263672,ghz with 3 qubits.
3,GHZ State,H,3,0.002518892288208008,0.007590293884277344,0.010109186172485352,0.06345748901367188,ghz with 3 qubits.
4,GHZ State,0,1,0.002287626266479492,0.004278659820556641,0.006566286087036133,0.05970573425292969,ghz with 4 qubits.
4,GHZ State,0,4,0.002117156982421875,0.004834651947021484,0.006951808929443359,0.07045841217041016,ghz with 4 qubits.
4,GHZ State,H,1,0.0010559558868408203,0.004120588302612305,0.005176544189453125,0.0595855712890625,ghz with 4 qubits.
4,GHZ State,H,4,0.002153635025024414,0.0029468536376953125,0.0051004886627197266,0.07045841217041016,ghz with 4 qubits.
5,GHZ State,0,1,0.0009675025939941406,0.002759695053100586,0.0037271976470947266,0.06119823455810547,ghz with 5 qubits.
5,GHZ State,0,6,0.003756284713745117,0.003526449203491211,0.007282733917236328,0.08553218841552734,ghz with 5 qubits.
5,GHZ State,H,1,0.0016326904296875,0.0023686885833740234,0.0040013790130615234,0.06119823455810547,ghz with 5 qubits.
5,GHZ State,H,6,0.00284576416015625,0.0030846595764160156,0.005930423736572266,0.08511829376220703,ghz with 5 qubits.
6,GHZ State,0,1,0.0009403228759765625,0.0027306079864501953,0.003670930862426758,0.06254005432128906,ghz with 6 qubits.
6,GHZ State,0,8,0.005056858062744141,0.0032339096069335938,0.008290767669677734,0.10654258728027344,ghz with 6 qubits.
6,GHZ State,H,1,0.0009739398956298828,0.0023696422576904297,0.0033435821533203125,0.06239128112792969,ghz with 6 qubits.
6,GHZ State,H,8,0.005217552185058594,0.0028781890869140625,0.008095741271972656,0.10654258728027344,ghz with 6 qubits.
7,GHZ State,0,1,0.0015175342559814453,0.0037441253662109375,0.005261659622192383,0.06371021270751953,ghz with 7 qubits.
7,GHZ State,0,12,0.008552789688110352,0.008398056030273438,0.01695084571838379,0.14908123016357422,ghz with 7 qubits.
7,GHZ State,H,1,0.0009577274322509766,0.002857685089111328,0.0038154125213623047,0.06371021270751953,ghz with 7 qubits.
7,GHZ State,H,12,0.008096456527709961,0.008452177047729492,0.016548633575439453,0.14969730377197266,ghz with 7 qubits.
3,Graph State,0,1,0.0015404224395751953,0.002962350845336914,0.004502773284912109,0.12624835968017578,graphstate with 3 qubits.
3,Graph State,0,3,0.001508474349975586,0.003657102584838867,0.005165576934814453,0.06857490539550781,graphstate with 3 qubits.
3,Graph State,H,1,0.0007474422454833984,0.0023941993713378906,0.003141641616821289,0.06003093719482422,graphstate with 3 qubits.
3,Graph State,H,3,0.0014333724975585938,0.0023674964904785156,0.0038008689880371094,0.06857490539550781,graphstate with 3 qubits.
4,Graph State,0,1,0.0011849403381347656,0.002583742141723633,0.0037686824798583984,0.061618804931640625,graphstate with 4 qubits.
4,Graph State,0,4,0.002418994903564453,0.002815723419189453,0.005234718322753906,0.078948974609375,graphstate with 4 qubits.
4,Graph State,H,1,0.0009875297546386719,0.002290010452270508,0.0032775402069091797,0.061618804931640625,graphstate with 4 qubits.
4,Graph State,H,4,0.0028438568115234375,0.0031256675720214844,0.005969524383544922,0.0792989730834961,graphstate with 4 qubits.
5,Graph State,0,1,0.0012786388397216797,0.002550363540649414,0.0038290023803710938,0.06351661682128906,graphstate with 5 qubits.
5,Graph State,0,6,0.004911184310913086,0.002887725830078125,0.007798910140991211,0.1028432846069336,graphstate with 5 qubits.
5,Graph State,H,1,0.0013575553894042969,0.002358675003051758,0.0037162303924560547,0.06345272064208984,graphstate with 5 qubits.
5,Graph State,H,6,0.004256010055541992,0.00449681282043457,0.008752822875976562,0.10277938842773438,graphstate with 5 qubits.
6,Graph State,0,1,0.0016467571258544922,0.0034952163696289062,0.0051419734954833984,0.06505107879638672,graphstate with 6 qubits.
6,Graph State,0,8,0.006159067153930664,0.003299236297607422,0.009458303451538086,0.13399887084960938,graphstate with 6 qubits.
6,Graph State,H,1,0.0011706352233886719,0.002510547637939453,0.003681182861328125,0.06511497497558594,graphstate with 6 qubits.
6,Graph State,H,8,0.006607532501220703,0.003240346908569336,0.009847879409790039,0.1341419219970703,graphstate with 6 qubits.
7,Graph State,0,1,0.0012023448944091797,0.002683877944946289,0.0038862228393554688,0.06665229797363281,graphstate with 7 qubits.
7,Graph State,0,12,0.011809825897216797,0.0038428306579589844,0.01565265655517578,0.2024555206298828,graphstate with 7 qubits.
7,Graph State,H,1,0.0011677742004394531,0.0025551319122314453,0.0037229061126708984,0.0665884017944336,graphstate with 7 qubits.
7,Graph State,H,12,0.012225627899169922,0.006562232971191406,0.018787860870361328,0.20134353637695312,graphstate with 7 qubits.
3,Graph State,0,1,0.0014567375183105469,0.003121614456176758,0.004578351974487305,0.12618446350097656,graphstate with 3 qubits.
3,Graph State,0,3,0.0014519691467285156,0.0028324127197265625,0.004284381866455078,0.06857490539550781,graphstate with 3 qubits.
3,Graph State,H,1,0.0007443428039550781,0.002549886703491211,0.003294229507446289,0.06003093719482422,graphstate with 3 qubits.
3,Graph State,H,3,0.001544952392578125,0.0026917457580566406,0.004236698150634766,0.06857490539550781,graphstate with 3 qubits.
4,Graph State,0,1,0.0008742809295654297,0.0026617050170898438,0.0035359859466552734,0.061618804931640625,graphstate with 4 qubits.
4,Graph State,0,4,0.0031003952026367188,0.002849102020263672,0.005949497222900391,0.078948974609375,graphstate with 4 qubits.
4,Graph State,H,1,0.0010495185852050781,0.003053426742553711,0.004102945327758789,0.061618804931640625,graphstate with 4 qubits.
4,Graph State,H,4,0.0033473968505859375,0.002913951873779297,0.006261348724365234,0.07923507690429688,graphstate with 4 qubits.
5,Graph State,0,1,0.0021820068359375,0.0026848316192626953,0.004866838455200195,0.06351661682128906,graphstate with 5 qubits.
5,Graph State,0,6,0.004594087600708008,0.002988100051879883,0.007582187652587891,0.10285186767578125,graphstate with 5 qubits.
5,Graph State,H,1,0.0009613037109375,0.002319812774658203,0.003281116485595703,0.06351661682128906,graphstate with 5 qubits.
5,Graph State,H,6,0.004815816879272461,0.0029168128967285156,0.0077326297760009766,0.1028432846069336,graphstate with 5 qubits.
6,Graph State,0,1,0.0014164447784423828,0.0025653839111328125,0.003981828689575195,0.06511497497558594,graphstate with 6 qubits.
6,Graph State,0,8,0.006543874740600586,0.0036840438842773438,0.01022791862487793,0.13409709930419922,graphstate with 6 qubits.
6,Graph State,H,1,0.0011837482452392578,0.004156589508056641,0.0053403377532958984,0.06511497497558594,graphstate with 6 qubits.
6,Graph State,H,8,0.0068399906158447266,0.004900455474853516,0.011740446090698242,0.13415908813476562,graphstate with 6 qubits.
7,Graph State,0,1,0.0013163089752197266,0.004208564758300781,0.005524873733520508,0.06659603118896484,graphstate with 7 qubits.
7,Graph State,0,12,0.01232290267944336,0.005944967269897461,0.01826786994934082,0.2024555206298828,graphstate with 7 qubits.
7,Graph State,H,1,0.00157928466796875,0.003358125686645508,0.004937410354614258,0.06665229797363281,graphstate with 7 qubits.
7,Graph State,H,12,0.012702703475952148,0.00426173210144043,0.016964435577392578,0.20126724243164062,graphstate with 7 qubits.
3,Graph State,0,1,0.0017483234405517578,0.003913164138793945,0.005661487579345703,0.12624835968017578,graphstate with 3 qubits.
3,Graph State,0,3,0.0025823116302490234,0.0026144981384277344,0.005196809768676758,0.06857490539550781,graphstate with 3 qubits.
3,Graph State,H,1,0.0018572807312011719,0.002770662307739258,0.00462794303894043,0.06003093719482422,graphstate with 3 qubits.
3,Graph State,H,3,0.0016434192657470703,0.002424955368041992,0.0040683746337890625,0.06857490539550781,graphstate with 3 qubits.
4,Graph State,0,1,0.0011017322540283203,0.002555370330810547,0.003657102584838867,0.061618804931640625,graphstate with 4 qubits.
4,Graph State,0,4,0.002347707748413086,0.0028989315032958984,0.005246639251708984,0.078948974609375,graphstate with 4 qubits.
4,Graph State,H,1,0.0009794235229492188,0.002738475799560547,0.0037178993225097656,0.061618804931640625,graphstate with 4 qubits.
4,Graph State,H,4,0.002713441848754883,0.0029909610748291016,0.005704402923583984,0.0792989730834961,graphstate with 4 qubits.
5,Graph State,0,1,0.0011544227600097656,0.0025560855865478516,0.003710508346557617,0.06351661682128906,graphstate with 5 qubits.
5,Graph State,0,6,0.004294872283935547,0.0033740997314453125,0.007668972015380859,0.10277938842773438,graphstate with 5 qubits.
5,Graph State,H,1,0.0009851455688476562,0.0030965805053710938,0.00408172607421875,0.06351661682128906,graphstate with 5 qubits.
5,Graph State,H,6,0.0043909549713134766,0.003087282180786133,0.007478237152099609,0.10277938842773438,graphstate with 5 qubits.
6,Graph State,0,1,0.0019452571868896484,0.0024042129516601562,0.004349470138549805,0.06511497497558594,graphstate with 6 qubits.
6,Graph State,0,8,0.0085601806640625,0.004098653793334961,0.012658834457397461,0.13407135009765625,graphstate with 6 qubits.
6,Graph State,H,1,0.0017580986022949219,0.0039081573486328125,0.005666255950927734,0.06511497497558594,graphstate with 6 qubits.
6,Graph State,H,8,0.006577730178833008,0.004149913787841797,0.010727643966674805,0.13415050506591797,graphstate with 6 qubits.
7,Graph State,0,1,0.0012853145599365234,0.0027985572814941406,0.004083871841430664,0.06665229797363281,graphstate with 7 qubits.
7,Graph State,0,12,0.01163339614868164,0.004695892333984375,0.016329288482666016,0.2024555206298828,graphstate with 7 qubits.
7,Graph State,H,1,0.0014357566833496094,0.0024785995483398438,0.003914356231689453,0.06665229797363281,graphstate with 7 qubits.
7,Graph State,H,12,0.012415409088134766,0.0035104751586914062,0.015925884246826172,0.2013263702392578,graphstate with 7 qubits.
3,Graph State,0,1,0.0021517276763916016,0.006527423858642578,0.00867915153503418,0.12624835968017578,graphstate with 3 qubits.
3,Graph State,0,3,0.002802133560180664,0.002935171127319336,0.0057373046875,0.06857490539550781,graphstate with 3 qubits.
3,Graph State,H,1,0.0012602806091308594,0.0023581981658935547,0.003618478775024414,0.06003093719482422,graphstate with 3 qubits.
3,Graph State,H,3,0.001970529556274414,0.0025370121002197266,0.004507541656494141,0.06857490539550781,graphstate with 3 qubits.
4,Graph State,0,1,0.0011479854583740234,0.0026781558990478516,0.003826141357421875,0.061618804931640625,graphstate with 4 qubits.
4,Graph State,0,4,0.002875089645385742,0.0029637813568115234,0.005838871002197266,0.078948974609375,graphstate with 4 qubits.
4,Graph State,H,1,0.0011394023895263672,0.0028688907623291016,0.004008293151855469,0.061554908752441406,graphstate with 4 qubits.
4,Graph State,H,4,0.0026903152465820312,0.002705097198486328,0.005395412445068359,0.0792989730834961,graphstate with 4 qubits.
5,Graph State,0,1,0.001622915267944336,0.002613067626953125,0.004235982894897461,0.06351661682128906,graphstate with 5 qubits.
5,Graph State,0,6,0.005895376205444336,0.0029349327087402344,0.00883030891418457,0.1028432846069336,graphstate with 5 qubits.
5,Graph State,H,1,0.0010552406311035156,0.002454996109008789,0.0035102367401123047,0.06351661682128906,graphstate with 5 qubits.
5,Graph State,H,6,0.004194021224975586,0.0030143260955810547,0.007208347320556641,0.1028432846069336,graphstate with 5 qubits.
6,Graph State,0,1,0.0011317729949951172,0.002523183822631836,0.003654956817626953,0.06511497497558594,graphstate with 6 qubits.
6,Graph State,0,8,0.007192373275756836,0.002999544143676758,0.010191917419433594,0.13400745391845703,graphstate with 6 qubits.
6,Graph State,H,1,0.0011966228485107422,0.002492666244506836,0.003689289093017578,0.06511497497558594,graphstate with 6 qubits.
6,Graph State,H,8,0.0070629119873046875,0.0046923160552978516,0.011755228042602539,0.13415050506591797,graphstate with 6 qubits.
7,Graph State,0,1,0.001562356948852539,0.0025217533111572266,0.004084110260009766,0.0665884017944336,graphstate with 7 qubits.
7,Graph State,0,12,0.011688947677612305,0.004533529281616211,0.016222476959228516,0.2024555206298828,graphstate with 7 qubits.
7,Graph State,H,1,0.0013608932495117188,0.002640247344970703,0.004001140594482422,0.06665229797363281,graphstate with 7 qubits.
7,Graph State,H,12,0.01235818862915039,0.005701303482055664,0.018059492111206055,0.20130443572998047,graphstate with 7 qubits.
3,Graph State,0,1,0.0015995502471923828,0.0038747787475585938,0.0054743289947509766,0.12624835968017578,graphstate with 3 qubits.
3,Graph State,0,3,0.0026831626892089844,0.003154754638671875,0.005837917327880859,0.06857490539550781,graphstate with 3 qubits.
3,Graph State,H,1,0.0009527206420898438,0.00290679931640625,0.0038595199584960938,0.06003093719482422,graphstate with 3 qubits.
3,Graph State,H,3,0.0019373893737792969,0.002788543701171875,0.004725933074951172,0.06857490539550781,graphstate with 3 qubits.
4,Graph State,0,1,0.0015323162078857422,0.002729654312133789,0.004261970520019531,0.061618804931640625,graphstate with 4 qubits.
4,Graph State,0,4,0.003904104232788086,0.003915309906005859,0.007819414138793945,0.078948974609375,graphstate with 4 qubits.
4,Graph State,H,1,0.00116729736328125,0.0041429996490478516,0.0053102970123291016,0.061618804931640625,graphstate with 4 qubits.
4,Graph State,H,4,0.0028467178344726562,0.004359722137451172,0.007206439971923828,0.0792989730834961,graphstate with 4 qubits.
5,Graph State,0,1,0.001981019973754883,0.004437685012817383,0.006418704986572266,0.06351661682128906,graphstate with 5 qubits.
5,Graph State,0,6,0.005438327789306641,0.0034852027893066406,0.008923530578613281,0.1028432846069336,graphstate with 5 qubits.
5,Graph State,H,1,0.0012362003326416016,0.003167390823364258,0.004403591156005859,0.06351661682128906,graphstate with 5 qubits.
5,Graph State,H,6,0.006640911102294922,0.004378795623779297,0.011019706726074219,0.1028432846069336,graphstate with 5 qubits.
6,Graph State,0,1,0.002458333969116211,0.004826545715332031,0.007284879684448242,0.06511497497558594,graphstate with 6 qubits.
6,Graph State,0,8,0.007964134216308594,0.004207134246826172,0.012171268463134766,0.13405609130859375,graphstate with 6 qubits.
6,Graph State,H,1,0.0016193389892578125,0.003671407699584961,0.0052907466888427734,0.06511497497558594,graphstate with 6 qubits.
6,Graph State,H,8,0.009042978286743164,0.005915164947509766,0.01495814323425293,0.13413333892822266,graphstate with 6 qubits.
7,Graph State,0,1,0.002057313919067383,0.0033538341522216797,0.0054111480712890625,0.06665229797363281,graphstate with 7 qubits.
7,Graph State,0,12,0.0144500732421875,0.004633665084838867,0.019083738327026367,0.2024555206298828,graphstate with 7 qubits.
7,Graph State,H,1,0.0015406608581542969,0.0036656856536865234,0.00520634651184082,0.06665229797363281,graphstate with 7 qubits.
7,Graph State,H,12,0.014534711837768555,0.006461620330810547,0.0209963321685791,0.20130443572998047,graphstate with 7 qubits.
3,Grover's Algorithm,0,1,0.008565664291381836,0.0219118595123291,0.030477523803710938,0.1603384017944336,grover with 3 qubits.
3,Grover's Algorithm,0,3,0.014951705932617188,0.05634903907775879,0.07130074501037598,0.15889358520507812,grover with 3 qubits.
3,Grover's Algorithm,H,1,0.009539604187011719,0.01630997657775879,0.025849580764770508,0.0887136459350586,grover with 3 qubits.
3,Grover's Algorithm,H,3,0.015537500381469727,0.048316001892089844,0.06385350227355957,0.15854358673095703,grover with 3 qubits.
4,Grover's Algorithm,0,1,0.026618242263793945,0.22114968299865723,0.24776792526245117,0.24839115142822266,grover with 4 qubits.
4,Grover's Algorithm,0,4,0.07318806648254395,4.254446983337402,4.327635049819946,0.9811773300170898,grover with 4 qubits.
4,Grover's Algorithm,H,1,0.016423940658569336,0.20745849609375,0.22388243675231934,0.2470531463623047,grover with 4 qubits.
4,Grover's Algorithm,H,4,0.0634307861328125,4.1508283615112305,4.214259147644043,0.9813156127929688,grover with 4 qubits.
5,Grover's Algorithm,0,1,0.05846238136291504,15.37535047531128,15.433812856674194,0.8697109222412109,grover with 5 qubits.
5,Grover's Algorithm,0,6,0.2622981071472168,inf,inf,5.192415237426758,grover with 5 qubits.
6,Grover's Algorithm,0,1,0.18333721160888672,inf,inf,2.415879249572754,grover with 6 qubits.
7,Grover's Algorithm,0,1,0.4025838375091553,inf,inf,6.403922080993652,grover with 7 qubits.
3,Grover's Algorithm,0,1,0.0066375732421875,0.0172731876373291,0.0239107608795166,0.16027450561523438,grover with 3 qubits.
3,Grover's Algorithm,0,3,0.010497331619262695,0.03768801689147949,0.04818534851074219,0.15889358520507812,grover with 3 qubits.
3,Grover's Algorithm,H,1,0.0037689208984375,0.012771844863891602,0.0165407657623291,0.08883380889892578,grover with 3 qubits.
3,Grover's Algorithm,H,3,0.010370969772338867,0.03862714767456055,0.048998117446899414,0.15854358673095703,grover with 3 qubits.
4,Grover's Algorithm,0,1,0.015154600143432617,0.19245314598083496,0.20760774612426758,0.24839115142822266,grover with 4 qubits.
4,Grover's Algorithm,0,4,0.05867171287536621,3.776522636413574,3.8351943492889404,0.9811773300170898,grover with 4 qubits.
4,Grover's Algorithm,H,1,0.016898155212402344,0.1918489933013916,0.20874714851379395,0.2470531463623047,grover with 4 qubits.
4,Grover's Algorithm,H,4,0.057424068450927734,3.735966920852661,3.793390989303589,0.9813156127929688,grover with 4 qubits.
5,Grover's Algorithm,0,1,0.051103830337524414,15.159505128860474,15.210608959197998,0.8697109222412109,grover with 5 qubits.
5,Grover's Algorithm,0,6,0.3030695915222168,inf,inf,5.192415237426758,grover with 5 qubits.
6,Grover's Algorithm,0,1,0.13812661170959473,inf,inf,2.415879249572754,grover with 6 qubits.
7,Grover's Algorithm,0,1,0.38150835037231445,inf,inf,6.403922080993652,grover with 7 qubits.
3,Grover's Algorithm,0,1,0.004547834396362305,0.013450860977172852,0.017998695373535156,0.1491870880126953,grover with 3 qubits.
3,Grover's Algorithm,0,3,0.00680994987487793,0.025871753692626953,0.03268170356750488,0.12050056457519531,grover with 3 qubits.
3,Grover's Algorithm,H,1,0.0036954879760742188,0.01146078109741211,0.015156269073486328,0.07739925384521484,grover with 3 qubits.
3,Grover's Algorithm,H,3,0.009270906448364258,0.024705171585083008,0.033976078033447266,0.12050056457519531,grover with 3 qubits.
4,Grover's Algorithm,0,1,0.014619827270507812,0.1960005760192871,0.21062040328979492,0.2476978302001953,grover with 4 qubits.
4,Grover's Algorithm,0,4,0.06314611434936523,3.833482265472412,3.8966283798217773,0.9818706512451172,grover with 4 qubits.
4,Grover's Algorithm,H,1,0.01677870750427246,0.1964426040649414,0.21322131156921387,0.2470531463623047,grover with 4 qubits.
4,Grover's Algorithm,H,4,0.056304216384887695,3.7973639965057373,3.853668212890625,0.9813156127929688,grover with 4 qubits.
5,Grover's Algorithm,0,1,0.04998922348022461,17.353578805923462,17.403568029403687,0.8429040908813477,grover with 5 qubits.
5,Grover's Algorithm,0,6,0.29727697372436523,inf,inf,5.042198181152344,grover with 5 qubits.
6,Grover's Algorithm,0,1,0.13966155052185059,inf,inf,2.417311668395996,grover with 6 qubits.
7,Grover's Algorithm,0,1,0.3751404285430908,inf,inf,6.321681022644043,grover with 7 qubits.
3,Grover's Algorithm,0,1,0.00590825080871582,0.014572858810424805,0.020481109619140625,0.1491231918334961,grover with 3 qubits.
3,Grover's Algorithm,0,3,0.007241010665893555,0.02804708480834961,0.035288095474243164,0.1204366683959961,grover with 3 qubits.
3,Grover's Algorithm,H,1,0.0025894641876220703,0.010794878005981445,0.013384342193603516,0.07739925384521484,grover with 3 qubits.
3,Grover's Algorithm,H,3,0.007238864898681641,0.024838685989379883,0.03207755088806152,0.12050056457519531,grover with 3 qubits.
4,Grover's Algorithm,0,1,0.014831304550170898,0.19564008712768555,0.21047139167785645,0.2476978302001953,grover with 4 qubits.
4,Grover's Algorithm,0,4,0.057399749755859375,3.784233570098877,3.8416333198547363,0.9818706512451172,grover with 4 qubits.
4,Grover's Algorithm,H,1,0.016314029693603516,0.19073104858398438,0.2070450782775879,0.24698925018310547,grover with 4 qubits.
4,Grover's Algorithm,H,4,0.05726432800292969,3.7445809841156006,3.8018453121185303,0.9813156127929688,grover with 4 qubits.
5,Grover's Algorithm,0,1,0.048136234283447266,17.35278630256653,17.400922536849976,0.8429040908813477,grover with 5 qubits.
5,Grover's Algorithm,0,6,0.29668092727661133,inf,inf,5.042198181152344,grover with 5 qubits.
6,Grover's Algorithm,0,1,0.1394047737121582,inf,inf,2.417247772216797,grover with 6 qubits.
7,Grover's Algorithm,0,1,0.3807339668273926,inf,inf,6.321681022644043,grover with 7 qubits.
3,Grover's Algorithm,0,1,0.0072901248931884766,0.017945289611816406,0.025235414505004883,0.1603384017944336,grover with 3 qubits.
3,Grover's Algorithm,0,3,0.012467384338378906,0.038159847259521484,0.05062723159790039,0.15889358520507812,grover with 3 qubits.
3,Grover's Algorithm,H,1,0.004288911819458008,0.014474868774414062,0.01876378059387207,0.08883380889892578,grover with 3 qubits.
3,Grover's Algorithm,H,3,0.010518074035644531,0.03660845756530762,0.04712653160095215,0.15854358673095703,grover with 3 qubits.
4,Grover's Algorithm,0,1,0.016815900802612305,0.20257949829101562,0.21939539909362793,0.24832725524902344,grover with 4 qubits.
4,Grover's Algorithm,0,4,0.06762886047363281,3.7398719787597656,3.8075008392333984,0.9811773300170898,grover with 4 qubits.
4,Grover's Algorithm,H,1,0.017366886138916016,0.18967437744140625,0.20704126358032227,0.2470531463623047,grover with 4 qubits.
4,Grover's Algorithm,H,4,0.05704522132873535,3.8122830390930176,3.869328260421753,0.9813156127929688,grover with 4 qubits.
5,Grover's Algorithm,0,1,0.05114340782165527,15.035425424575806,15.086568832397461,0.8697109222412109,grover with 5 qubits.
5,Grover's Algorithm,0,6,0.31447649002075195,inf,inf,5.192351341247559,grover with 5 qubits.
6,Grover's Algorithm,0,1,0.14218473434448242,inf,inf,2.415879249572754,grover with 6 qubits.
7,Grover's Algorithm,0,1,0.3771209716796875,inf,inf,6.403922080993652,grover with 7 qubits.
3,Half Adder,0,1,0.0038716793060302734,0.005979299545288086,0.00985097885131836,0.13613510131835938,half_adder with 3 qubits.
3,Half Adder,0,3,0.005814790725708008,0.004442930221557617,0.010257720947265625,0.0973968505859375,half_adder with 3 qubits.
3,Half Adder,H,1,0.004710197448730469,0.004428386688232422,0.00913858413696289,0.0687093734741211,half_adder with 3 qubits.
3,Half Adder,H,3,0.00594329833984375,0.0036690235137939453,0.009612321853637695,0.09781074523925781,half_adder with 3 qubits.
5,Half Adder,0,1,0.007142782211303711,0.0038492679595947266,0.010992050170898438,0.1165618896484375,half_adder with 5 qubits.
5,Half Adder,0,6,0.022099971771240234,0.06008005142211914,0.08218002319335938,0.36063480377197266,half_adder with 5 qubits.
5,Half Adder,H,1,0.007663726806640625,0.0038878917694091797,0.011551618576049805,0.112762451171875,half_adder with 5 qubits.
5,Half Adder,H,6,0.023553848266601562,0.05985283851623535,0.08340668678283691,0.3592967987060547,half_adder with 5 qubits.
7,Half Adder,0,1,0.012310266494750977,0.004219532012939453,0.01652979850769043,0.1847686767578125,half_adder with 7 qubits.
7,Half Adder,0,12,0.07433772087097168,1.9720487594604492,2.046386480331421,1.1901721954345703,half_adder with 7 qubits.
7,Half Adder,H,1,0.012035846710205078,0.006718873977661133,0.01875472068786621,0.1847686767578125,half_adder with 7 qubits.
7,Half Adder,H,12,0.07502961158752441,1.9503822326660156,2.02541184425354,1.1900339126586914,half_adder with 7 qubits.
3,Half Adder,0,1,0.0027282238006591797,0.003763437271118164,0.006491661071777344,0.13613510131835938,half_adder with 3 qubits.
3,Half Adder,0,3,0.0044710636138916016,0.004422903060913086,0.008893966674804688,0.0973968505859375,half_adder with 3 qubits.
3,Half Adder,H,1,0.0018639564514160156,0.004784822463989258,0.0066487789154052734,0.06877326965332031,half_adder with 3 qubits.
3,Half Adder,H,3,0.004328727722167969,0.003390789031982422,0.007719516754150391,0.09786701202392578,half_adder with 3 qubits.
5,Half Adder,0,1,0.006247282028198242,0.004679441452026367,0.01092672348022461,0.1165618896484375,half_adder with 5 qubits.
5,Half Adder,0,6,0.022807836532592773,0.05835866928100586,0.08116650581359863,0.36063480377197266,half_adder with 5 qubits.
5,Half Adder,H,1,0.006353139877319336,0.004050254821777344,0.01040339469909668,0.112762451171875,half_adder with 5 qubits.
5,Half Adder,H,6,0.022472858428955078,0.05684709548950195,0.07931995391845703,0.3592967987060547,half_adder with 5 qubits.
7,Half Adder,0,1,0.011861801147460938,0.0046844482421875,0.016546249389648438,0.1847686767578125,half_adder with 7 qubits.
7,Half Adder,0,12,0.0732574462890625,1.9759438037872314,2.049201250076294,1.1901721954345703,half_adder with 7 qubits.
7,Half Adder,H,1,0.015486955642700195,0.0045623779296875,0.020049333572387695,0.1847686767578125,half_adder with 7 qubits.
7,Half Adder,H,12,0.08536434173583984,1.938476324081421,2.0238406658172607,1.1900339126586914,half_adder with 7 qubits.
3,Half Adder,0,1,0.002769947052001953,0.003823518753051758,0.006593465805053711,0.13613510131835938,half_adder with 3 qubits.
3,Half Adder,0,3,0.0045964717864990234,0.004731893539428711,0.009328365325927734,0.0973968505859375,half_adder with 3 qubits.
3,Half Adder,H,1,0.0019488334655761719,0.004239797592163086,0.006188631057739258,0.0687093734741211,half_adder with 3 qubits.
3,Half Adder,H,3,0.004846811294555664,0.0032982826232910156,0.00814509391784668,0.09786701202392578,half_adder with 3 qubits.
5,Half Adder,0,1,0.0067021846771240234,0.0035958290100097656,0.010298013687133789,0.1165618896484375,half_adder with 5 qubits.
5,Half Adder,0,6,0.02383708953857422,0.05571389198303223,0.07955098152160645,0.36063480377197266,half_adder with 5 qubits.
5,Half Adder,H,1,0.006380319595336914,0.0034019947052001953,0.00978231430053711,0.112762451171875,half_adder with 5 qubits.
5,Half Adder,H,6,0.022054195404052734,0.05781841278076172,0.07987260818481445,0.3592967987060547,half_adder with 5 qubits.
7,Half Adder,0,1,0.012881040573120117,0.004635334014892578,0.017516374588012695,0.1847686767578125,half_adder with 7 qubits.
7,Half Adder,0,12,0.07691049575805664,1.9863922595977783,2.063302755355835,1.1901721954345703,half_adder with 7 qubits.
7,Half Adder,H,1,0.01250147819519043,0.0061914920806884766,0.018692970275878906,0.1847686767578125,half_adder with 7 qubits.
7,Half Adder,H,12,0.06943988800048828,1.9260640144348145,1.9955039024353027,1.1900339126586914,half_adder with 7 qubits.
3,Half Adder,0,1,0.003552675247192383,0.004060983657836914,0.007613658905029297,0.13607120513916016,half_adder with 3 qubits.
3,Half Adder,0,3,0.0056421756744384766,0.005199909210205078,0.010842084884643555,0.0973968505859375,half_adder with 3 qubits.
3,Half Adder,H,1,0.0018794536590576172,0.004114866256713867,0.005994319915771484,0.06877326965332031,half_adder with 3 qubits.
3,Half Adder,H,3,0.005096435546875,0.005188703536987305,0.010285139083862305,0.09780311584472656,half_adder with 3 qubits.
5,Half Adder,0,1,0.007403135299682617,0.003435850143432617,0.010838985443115234,0.1165618896484375,half_adder with 5 qubits.
5,Half Adder,0,6,0.023000717163085938,0.058621883392333984,0.08162260055541992,0.36063480377197266,half_adder with 5 qubits.
5,Half Adder,H,1,0.006630659103393555,0.003917694091796875,0.01054835319519043,0.112762451171875,half_adder with 5 qubits.
5,Half Adder,H,6,0.02272963523864746,0.05671525001525879,0.07944488525390625,0.35923290252685547,half_adder with 5 qubits.
7,Half Adder,0,1,0.012230634689331055,0.00449371337890625,0.016724348068237305,0.1847686767578125,half_adder with 7 qubits.
7,Half Adder,0,12,0.0705251693725586,1.9475457668304443,2.018070936203003,1.1901721954345703,half_adder with 7 qubits.
7,Half Adder,H,1,0.011750459671020508,0.004491329193115234,0.016241788864135742,0.1847686767578125,half_adder with 7 qubits.
7,Half Adder,H,12,0.08620381355285645,1.9914779663085938,2.07768177986145,1.1900339126586914,half_adder with 7 qubits.
3,Half Adder,0,1,0.0023839473724365234,0.003833293914794922,0.006217241287231445,0.13613510131835938,half_adder with 3 qubits.
3,Half Adder,0,3,0.006601095199584961,0.00406956672668457,0.010670661926269531,0.0973968505859375,half_adder with 3 qubits.
3,Half Adder,H,1,0.0027074813842773438,0.003683805465698242,0.006391286849975586,0.06877326965332031,half_adder with 3 qubits.
3,Half Adder,H,3,0.0047304630279541016,0.004296064376831055,0.009026527404785156,0.09786701202392578,half_adder with 3 qubits.
5,Half Adder,0,1,0.006105661392211914,0.0036096572875976562,0.00971531867980957,0.1165618896484375,half_adder with 5 qubits.
5,Half Adder,0,6,0.02566814422607422,0.060005903244018555,0.08567404747009277,0.36063480377197266,half_adder with 5 qubits.
5,Half Adder,H,1,0.0061686038970947266,0.0042951107025146484,0.010463714599609375,0.112762451171875,half_adder with 5 qubits.
5,Half Adder,H,6,0.024232864379882812,0.06323027610778809,0.0874631404876709,0.3592967987060547,half_adder with 5 qubits.
7,Half Adder,0,1,0.013119220733642578,0.005199909210205078,0.018319129943847656,0.18470478057861328,half_adder with 7 qubits.
7,Half Adder,0,12,0.07353353500366211,2.0342040061950684,2.1077375411987305,1.1901721954345703,half_adder with 7 qubits.
7,Half Adder,H,1,0.019275903701782227,0.006034374237060547,0.025310277938842773,0.1847686767578125,half_adder with 7 qubits.
7,Half Adder,H,12,0.08526778221130371,2.0047483444213867,2.0900161266326904,1.1900339126586914,half_adder with 7 qubits.
3,Harrow-Hassidim-Lloyd Algorithm (HHL),0,1,0.0036673545837402344,0.0050945281982421875,0.008761882781982422,0.14894962310791016,hhl with 3 qubits.
3,Harrow-Hassidim-Lloyd Algorithm (HHL),0,3,0.009563207626342773,0.02875208854675293,0.0383152961730957,0.14963722229003906,hhl with 3 qubits.
3,Harrow-Hassidim-Lloyd Algorithm (HHL),H,1,0.0029430389404296875,0.0034885406494140625,0.00643157958984375,0.07814693450927734,hhl with 3 qubits.
3,Harrow-Hassidim-Lloyd Algorithm (HHL),H,3,0.008999824523925781,0.021545886993408203,0.030545711517333984,0.14928722381591797,hhl with 3 qubits.
4,Harrow-Hassidim-Lloyd Algorithm (HHL),0,1,0.011722326278686523,0.007855892181396484,0.019578218460083008,0.17235660552978516,hhl with 4 qubits.
4,Harrow-Hassidim-Lloyd Algorithm (HHL),0,4,0.04106330871582031,0.6149139404296875,0.6559772491455078,0.7295007705688477,hhl with 4 qubits.
4,Harrow-Hassidim-Lloyd Algorithm (HHL),H,1,0.010344266891479492,0.008618593215942383,0.018962860107421875,0.17171192169189453,hhl with 4 qubits.
4,Harrow-Hassidim-Lloyd Algorithm (HHL),H,4,0.04240918159484863,0.6102027893066406,0.6526119709014893,0.7287435531616211,hhl with 4 qubits.
5,Harrow-Hassidim-Lloyd Algorithm (HHL),0,1,0.012745380401611328,0.009947061538696289,0.022692441940307617,0.16501998901367188,hhl with 5 qubits.
5,Harrow-Hassidim-Lloyd Algorithm (HHL),0,6,0.05942726135253906,5.8279619216918945,5.887389183044434,1.0352678298950195,hhl with 5 qubits.
5,Harrow-Hassidim-Lloyd Algorithm (HHL),H,1,0.010430574417114258,0.0069963932037353516,0.01742696762084961,0.16488170623779297,hhl with 5 qubits.
5,Harrow-Hassidim-Lloyd Algorithm (HHL),H,6,0.07356023788452148,5.788534879684448,5.86209511756897,1.0352678298950195,hhl with 5 qubits.
6,Harrow-Hassidim-Lloyd Algorithm (HHL),0,1,0.026275634765625,0.01368856430053711,0.03996419906616211,0.25283050537109375,hhl with 6 qubits.
6,Harrow-Hassidim-Lloyd Algorithm (HHL),0,8,0.12686944007873535,134.264550447464,134.39141988754272,1.9984350204467773,hhl with 6 qubits.
6,Harrow-Hassidim-Lloyd Algorithm (HHL),H,1,0.018392324447631836,0.008992195129394531,0.027384519577026367,0.2527017593383789,hhl with 6 qubits.
6,Harrow-Hassidim-Lloyd Algorithm (HHL),H,8,0.11862635612487793,133.20841240882874,133.3270387649536,1.9997167587280273,hhl with 6 qubits.
7,Harrow-Hassidim-Lloyd Algorithm (HHL),0,1,0.030798912048339844,0.012709856033325195,0.04350876808166504,0.35874176025390625,hhl with 7 qubits.
7,Harrow-Hassidim-Lloyd Algorithm (HHL),0,12,0.36157894134521484,inf,inf,4.22318172454834,hhl with 7 qubits.
3,Harrow-Hassidim-Lloyd Algorithm (HHL),0,1,0.003962993621826172,0.005666255950927734,0.009629249572753906,0.14888572692871094,hhl with 3 qubits.
3,Harrow-Hassidim-Lloyd Algorithm (HHL),0,3,0.00693202018737793,0.004784107208251953,0.011716127395629883,0.11894893646240234,hhl with 3 qubits.
3,Harrow-Hassidim-Lloyd Algorithm (HHL),H,1,0.004034996032714844,0.004642486572265625,0.008677482604980469,0.07849693298339844,hhl with 3 qubits.
3,Harrow-Hassidim-Lloyd Algorithm (HHL),H,3,0.0074672698974609375,0.005906820297241211,0.013374090194702148,0.11888504028320312,hhl with 3 qubits.
4,Harrow-Hassidim-Lloyd Algorithm (HHL),0,1,0.007481098175048828,0.032521963119506836,0.040003061294555664,0.11945724487304688,hhl with 4 qubits.
4,Harrow-Hassidim-Lloyd Algorithm (HHL),0,4,0.023348093032836914,0.012286663055419922,0.035634756088256836,0.3732471466064453,hhl with 4 qubits.
4,Harrow-Hassidim-Lloyd Algorithm (HHL),H,1,0.007016420364379883,0.00505375862121582,0.012070178985595703,0.11945724487304688,hhl with 4 qubits.
4,Harrow-Hassidim-Lloyd Algorithm (HHL),H,4,0.023377656936645508,0.013548612594604492,0.03692626953125,0.37190914154052734,hhl with 4 qubits.
5,Harrow-Hassidim-Lloyd Algorithm (HHL),0,1,0.012108802795410156,0.006563425064086914,0.01867222785949707,0.15581893920898438,hhl with 5 qubits.
5,Harrow-Hassidim-Lloyd Algorithm (HHL),0,6,0.050826072692871094,0.029118061065673828,0.07994413375854492,0.8545665740966797,hhl with 5 qubits.
5,Harrow-Hassidim-Lloyd Algorithm (HHL),H,1,0.012694358825683594,0.006715059280395508,0.0194094181060791,0.15575504302978516,hhl with 5 qubits.
5,Harrow-Hassidim-Lloyd Algorithm (HHL),H,6,0.05154776573181152,0.02838444709777832,0.07993221282958984,0.8544282913208008,hhl with 5 qubits.
6,Harrow-Hassidim-Lloyd Algorithm (HHL),0,1,0.015695571899414062,0.009606361389160156,0.02530193328857422,0.24279117584228516,hhl with 6 qubits.
6,Harrow-Hassidim-Lloyd Algorithm (HHL),0,8,0.10475850105285645,0.06221342086791992,0.16697192192077637,1.79461669921875,hhl with 6 qubits.
6,Harrow-Hassidim-Lloyd Algorithm (HHL),H,1,0.016149044036865234,0.008684873580932617,0.02483391761779785,0.24279117584228516,hhl with 6 qubits.
6,Harrow-Hassidim-Lloyd Algorithm (HHL),H,8,0.1097569465637207,0.06864595413208008,0.17840290069580078,1.7938718795776367,hhl with 6 qubits.
7,Harrow-Hassidim-Lloyd Algorithm (HHL),0,1,0.021991491317749023,0.010520458221435547,0.03251194953918457,0.3476428985595703,hhl with 7 qubits.
7,Harrow-Hassidim-Lloyd Algorithm (HHL),0,12,0.2449045181274414,0.18957805633544922,0.4344825744628906,3.849458694458008,hhl with 7 qubits.
7,Harrow-Hassidim-Lloyd Algorithm (HHL),H,1,0.023840904235839844,0.011795282363891602,0.035636186599731445,0.3475790023803711,hhl with 7 qubits.
7,Harrow-Hassidim-Lloyd Algorithm (HHL),H,12,0.23762106895446777,0.17535948753356934,0.4129805564880371,3.848658561706543,hhl with 7 qubits.
3,Harrow-Hassidim-Lloyd Algorithm (HHL),0,1,0.004396200180053711,0.0042574405670166016,0.008653640747070312,0.14894962310791016,hhl with 3 qubits.
3,Harrow-Hassidim-Lloyd Algorithm (HHL),0,3,0.007077217102050781,0.004770755767822266,0.011847972869873047,0.11888504028320312,hhl with 3 qubits.
3,Harrow-Hassidim-Lloyd Algorithm (HHL),H,1,0.0026988983154296875,0.00313568115234375,0.0058345794677734375,0.07849693298339844,hhl with 3 qubits.
3,Harrow-Hassidim-Lloyd Algorithm (HHL),H,3,0.007401466369628906,0.004858493804931641,0.012259960174560547,0.11894893646240234,hhl with 3 qubits.
4,Harrow-Hassidim-Lloyd Algorithm (HHL),0,1,0.008290290832519531,0.006134033203125,0.014424324035644531,0.11945724487304688,hhl with 4 qubits.
4,Harrow-Hassidim-Lloyd Algorithm (HHL),0,4,0.024173498153686523,0.012839317321777344,0.03701281547546387,0.3732471466064453,hhl with 4 qubits.
4,Harrow-Hassidim-Lloyd Algorithm (HHL),H,1,0.008949756622314453,0.0076563358306884766,0.01660609245300293,0.11939334869384766,hhl with 4 qubits.
4,Harrow-Hassidim-Lloyd Algorithm (HHL),H,4,0.027611255645751953,0.0159761905670166,0.043587446212768555,0.37190914154052734,hhl with 4 qubits.
5,Harrow-Hassidim-Lloyd Algorithm (HHL),0,1,0.010109424591064453,0.006615161895751953,0.016724586486816406,0.15575504302978516,hhl with 5 qubits.
5,Harrow-Hassidim-Lloyd Algorithm (HHL),0,6,0.05150771141052246,0.028730392456054688,0.08023810386657715,0.8545665740966797,hhl with 5 qubits.
5,Harrow-Hassidim-Lloyd Algorithm (HHL),H,1,0.010707855224609375,0.006588459014892578,0.017296314239501953,0.15581893920898438,hhl with 5 qubits.
5,Harrow-Hassidim-Lloyd Algorithm (HHL),H,6,0.05119514465332031,0.02854466438293457,0.07973980903625488,0.8544282913208008,hhl with 5 qubits.
6,Harrow-Hassidim-Lloyd Algorithm (HHL),0,1,0.01575160026550293,0.007947206497192383,0.023698806762695312,0.24279117584228516,hhl with 6 qubits.
6,Harrow-Hassidim-Lloyd Algorithm (HHL),0,8,0.11010074615478516,0.06239509582519531,0.17249584197998047,1.79461669921875,hhl with 6 qubits.
6,Harrow-Hassidim-Lloyd Algorithm (HHL),H,1,0.015759706497192383,0.008698701858520508,0.02445840835571289,0.24279117584228516,hhl with 6 qubits.
6,Harrow-Hassidim-Lloyd Algorithm (HHL),H,8,0.10653281211853027,0.06693649291992188,0.17346930503845215,1.793935775756836,hhl with 6 qubits.
7,Harrow-Hassidim-Lloyd Algorithm (HHL),0,1,0.021112680435180664,0.011157751083374023,0.03227043151855469,0.3476428985595703,hhl with 7 qubits.
7,Harrow-Hassidim-Lloyd Algorithm (HHL),0,12,0.24412202835083008,0.176316499710083,0.4204385280609131,3.849458694458008,hhl with 7 qubits.
7,Harrow-Hassidim-Lloyd Algorithm (HHL),H,1,0.0212404727935791,0.011256933212280273,0.032497406005859375,0.3476428985595703,hhl with 7 qubits.
7,Harrow-Hassidim-Lloyd Algorithm (HHL),H,12,0.22771167755126953,0.17722702026367188,0.4049386978149414,3.848658561706543,hhl with 7 qubits.
3,Harrow-Hassidim-Lloyd Algorithm (HHL),0,1,0.005556344985961914,0.0036003589630126953,0.00915670394897461,0.14888572692871094,hhl with 3 qubits.
3,Harrow-Hassidim-Lloyd Algorithm (HHL),0,3,0.009821891784667969,0.025946378707885742,0.03576827049255371,0.14963722229003906,hhl with 3 qubits.
3,Harrow-Hassidim-Lloyd Algorithm (HHL),H,1,0.004473209381103516,0.004187107086181641,0.008660316467285156,0.07814693450927734,hhl with 3 qubits.
3,Harrow-Hassidim-Lloyd Algorithm (HHL),H,3,0.012076616287231445,0.027045011520385742,0.03912162780761719,0.14928722381591797,hhl with 3 qubits.
4,Harrow-Hassidim-Lloyd Algorithm (HHL),0,1,0.010889291763305664,0.006886720657348633,0.017776012420654297,0.17235660552978516,hhl with 4 qubits.
4,Harrow-Hassidim-Lloyd Algorithm (HHL),0,4,0.04333829879760742,0.5908303260803223,0.6341686248779297,0.7295007705688477,hhl with 4 qubits.
4,Harrow-Hassidim-Lloyd Algorithm (HHL),H,1,0.011845111846923828,0.0070188045501708984,0.018863916397094727,0.17171192169189453,hhl with 4 qubits.
4,Harrow-Hassidim-Lloyd Algorithm (HHL),H,4,0.043396711349487305,0.600313663482666,0.6437103748321533,0.7288074493408203,hhl with 4 qubits.
5,Harrow-Hassidim-Lloyd Algorithm (HHL),0,1,0.011549711227416992,0.007507801055908203,0.019057512283325195,0.16501998901367188,hhl with 5 qubits.
5,Harrow-Hassidim-Lloyd Algorithm (HHL),0,6,0.06225419044494629,5.762850284576416,5.825104475021362,1.0352678298950195,hhl with 5 qubits.
5,Harrow-Hassidim-Lloyd Algorithm (HHL),H,1,0.010612726211547852,0.006908893585205078,0.01752161979675293,0.16488170623779297,hhl with 5 qubits.
5,Harrow-Hassidim-Lloyd Algorithm (HHL),H,6,0.06126093864440918,5.776281833648682,5.837542772293091,1.0352678298950195,hhl with 5 qubits.
6,Harrow-Hassidim-Lloyd Algorithm (HHL),0,1,0.016689062118530273,0.008410930633544922,0.025099992752075195,0.25283050537109375,hhl with 6 qubits.
6,Harrow-Hassidim-Lloyd Algorithm (HHL),0,8,0.11789250373840332,132.84809041023254,132.96598291397095,1.9984350204467773,hhl with 6 qubits.
6,Harrow-Hassidim-Lloyd Algorithm (HHL),H,1,0.017673969268798828,0.01003575325012207,0.0277097225189209,0.2527656555175781,hhl with 6 qubits.
6,Harrow-Hassidim-Lloyd Algorithm (HHL),H,8,0.12117505073547363,134.414719581604,134.53589463233948,1.9997167587280273,hhl with 6 qubits.
7,Harrow-Hassidim-Lloyd Algorithm (HHL),0,1,0.02748274803161621,0.013663291931152344,0.041146039962768555,0.35880565643310547,hhl with 7 qubits.
7,Harrow-Hassidim-Lloyd Algorithm (HHL),0,12,0.3276400566101074,inf,inf,4.22318172454834,hhl with 7 qubits.
3,Harrow-Hassidim-Lloyd Algorithm (HHL),0,1,0.005094051361083984,0.004502534866333008,0.009596586227416992,0.14888572692871094,hhl with 3 qubits.
3,Harrow-Hassidim-Lloyd Algorithm (HHL),0,3,0.01004648208618164,0.03144717216491699,0.04149365425109863,0.14963722229003906,hhl with 3 qubits.
3,Harrow-Hassidim-Lloyd Algorithm (HHL),H,1,0.002982616424560547,0.0033698081970214844,0.006352424621582031,0.07814693450927734,hhl with 3 qubits.
3,Harrow-Hassidim-Lloyd Algorithm (HHL),H,3,0.010872125625610352,0.021708250045776367,0.03258037567138672,0.14928722381591797,hhl with 3 qubits.
4,Harrow-Hassidim-Lloyd Algorithm (HHL),0,1,0.010287761688232422,0.008258342742919922,0.018546104431152344,0.17229270935058594,hhl with 4 qubits.
4,Harrow-Hassidim-Lloyd Algorithm (HHL),0,4,0.04390215873718262,0.6057217121124268,0.6496238708496094,0.7294368743896484,hhl with 4 qubits.
4,Harrow-Hassidim-Lloyd Algorithm (HHL),H,1,0.012910842895507812,0.007175922393798828,0.02008676528930664,0.17171192169189453,hhl with 4 qubits.
4,Harrow-Hassidim-Lloyd Algorithm (HHL),H,4,0.046152591705322266,0.6162056922912598,0.662358283996582,0.7288074493408203,hhl with 4 qubits.
5,Harrow-Hassidim-Lloyd Algorithm (HHL),0,1,0.011725425720214844,0.0068514347076416016,0.018576860427856445,0.16501998901367188,hhl with 5 qubits.
5,Harrow-Hassidim-Lloyd Algorithm (HHL),0,6,0.061066389083862305,5.737969636917114,5.799036026000977,1.0352678298950195,hhl with 5 qubits.
5,Harrow-Hassidim-Lloyd Algorithm (HHL),H,1,0.010268926620483398,0.008330821990966797,0.018599748611450195,0.16481781005859375,hhl with 5 qubits.
5,Harrow-Hassidim-Lloyd Algorithm (HHL),H,6,0.06332659721374512,5.779376029968262,5.842702627182007,1.0352678298950195,hhl with 5 qubits.
6,Harrow-Hassidim-Lloyd Algorithm (HHL),0,1,0.017429351806640625,0.008644819259643555,0.02607417106628418,0.25283050537109375,hhl with 6 qubits.
6,Harrow-Hassidim-Lloyd Algorithm (HHL),0,8,0.1193692684173584,132.9740433692932,133.09341263771057,1.9984350204467773,hhl with 6 qubits.
6,Harrow-Hassidim-Lloyd Algorithm (HHL),H,1,0.02149486541748047,0.0099639892578125,0.03145885467529297,0.2527017593383789,hhl with 6 qubits.
6,Harrow-Hassidim-Lloyd Algorithm (HHL),H,8,0.13022375106811523,134.33706331253052,134.46728706359863,1.9997167587280273,hhl with 6 qubits.
7,Harrow-Hassidim-Lloyd Algorithm (HHL),0,1,0.025607585906982422,0.014231681823730469,0.03983926773071289,0.35880565643310547,hhl with 7 qubits.
7,Harrow-Hassidim-Lloyd Algorithm (HHL),0,12,0.3500487804412842,inf,inf,4.22318172454834,hhl with 7 qubits.
5,Häner-Roetteler-Svore (HRS) Cumulative Multiplier,0,1,0.03870129585266113,0.3385293483734131,0.3772306442260742,0.6747350692749023,hrs_cumulative_multiplier with 5 qubits.
5,Häner-Roetteler-Svore (HRS) Cumulative Multiplier,0,6,0.21533846855163574,159.7688717842102,159.98421025276184,3.7829341888427734,hrs_cumulative_multiplier with 5 qubits.
5,Häner-Roetteler-Svore (HRS) Cumulative Multiplier,H,1,0.043825626373291016,0.3472893238067627,0.3911149501800537,0.6095085144042969,hrs_cumulative_multiplier with 5 qubits.
5,Häner-Roetteler-Svore (HRS) Cumulative Multiplier,H,6,0.21843600273132324,159.23242235183716,159.45085835456848,3.7826309204101562,hrs_cumulative_multiplier with 5 qubits.
5,Häner-Roetteler-Svore (HRS) Cumulative Multiplier,0,1,0.03722190856933594,0.010587692260742188,0.047809600830078125,0.6299333572387695,hrs_cumulative_multiplier with 5 qubits.
5,Häner-Roetteler-Svore (HRS) Cumulative Multiplier,0,6,0.19794440269470215,0.09832525253295898,0.29626965522766113,3.455672264099121,hrs_cumulative_multiplier with 5 qubits.
5,Häner-Roetteler-Svore (HRS) Cumulative Multiplier,H,1,0.03356146812438965,0.00982213020324707,0.04338359832763672,0.5665616989135742,hrs_cumulative_multiplier with 5 qubits.
5,Häner-Roetteler-Svore (HRS) Cumulative Multiplier,H,6,0.18481230735778809,0.10809183120727539,0.2929041385650635,3.4548797607421875,hrs_cumulative_multiplier with 5 qubits.
5,Häner-Roetteler-Svore (HRS) Cumulative Multiplier,0,1,0.035651206970214844,0.010055780410766602,0.045706987380981445,0.630253791809082,hrs_cumulative_multiplier with 5 qubits.
5,Häner-Roetteler-Svore (HRS) Cumulative Multiplier,0,6,0.19460463523864746,0.1083376407623291,0.30294227600097656,3.455672264099121,hrs_cumulative_multiplier with 5 qubits.
5,Häner-Roetteler-Svore (HRS) Cumulative Multiplier,H,1,0.03316521644592285,0.00978398323059082,0.04294919967651367,0.5665616989135742,hrs_cumulative_multiplier with 5 qubits.
5,Häner-Roetteler-Svore (HRS) Cumulative Multiplier,H,6,0.19185471534729004,0.10423970222473145,0.2960944175720215,3.4548797607421875,hrs_cumulative_multiplier with 5 qubits.
5,Häner-Roetteler-Svore (HRS) Cumulative Multiplier,0,1,0.03634142875671387,0.010869026184082031,0.0472104549407959,0.6299333572387695,hrs_cumulative_multiplier with 5 qubits.
5,Häner-Roetteler-Svore (HRS) Cumulative Multiplier,0,6,0.18851637840270996,0.08660697937011719,0.27512335777282715,3.455672264099121,hrs_cumulative_multiplier with 5 qubits.
5,Häner-Roetteler-Svore (HRS) Cumulative Multiplier,H,1,0.0338749885559082,0.01002955436706543,0.04390454292297363,0.5665616989135742,hrs_cumulative_multiplier with 5 qubits.
5,Häner-Roetteler-Svore (HRS) Cumulative Multiplier,H,6,0.1867656707763672,0.08873319625854492,0.2754988670349121,3.4548797607421875,hrs_cumulative_multiplier with 5 qubits.
5,Häner-Roetteler-Svore (HRS) Cumulative Multiplier,0,1,0.037107229232788086,0.3400287628173828,0.3771359920501709,0.6746711730957031,hrs_cumulative_multiplier with 5 qubits.
5,Häner-Roetteler-Svore (HRS) Cumulative Multiplier,0,6,0.20722699165344238,157.07422828674316,157.2814552783966,3.7829341888427734,hrs_cumulative_multiplier with 5 qubits.
5,Häner-Roetteler-Svore (HRS) Cumulative Multiplier,H,1,0.03981494903564453,0.3463563919067383,0.3861713409423828,0.6094446182250977,hrs_cumulative_multiplier with 5 qubits.
5,Häner-Roetteler-Svore (HRS) Cumulative Multiplier,H,6,0.2057480812072754,159.01864957809448,159.22439765930176,3.7826309204101562,hrs_cumulative_multiplier with 5 qubits.
4,Modular Adder,0,1,0.005681514739990234,0.04834389686584473,0.05402541160583496,0.15715408325195312,modular_adder with 4 qubits.
4,Modular Adder,0,4,0.0186612606048584,0.006726264953613281,0.02538752555847168,0.17651081085205078,modular_adder with 4 qubits.
4,Modular Adder,H,1,0.0036699771881103516,0.0030562877655029297,0.006726264953613281,0.08581733703613281,modular_adder with 4 qubits.
4,Modular Adder,H,4,0.013088226318359375,0.004510402679443359,0.017598628997802734,0.1761608123779297,modular_adder with 4 qubits.
6,Modular Adder,0,1,0.00702214241027832,0.004678010940551758,0.011700153350830078,0.11679649353027344,modular_adder with 6 qubits.
6,Modular Adder,0,8,0.04473876953125,0.009547233581542969,0.05428600311279297,0.6939077377319336,modular_adder with 6 qubits.
6,Modular Adder,H,1,0.0074977874755859375,0.00464320182800293,0.012140989303588867,0.11672592163085938,modular_adder with 6 qubits.
6,Modular Adder,H,8,0.04339408874511719,0.009265661239624023,0.05265974998474121,0.6966896057128906,modular_adder with 6 qubits.
4,Modular Adder,0,1,0.008004903793334961,0.006963491439819336,0.014968395233154297,0.15715408325195312,modular_adder with 4 qubits.
4,Modular Adder,0,4,0.011862516403198242,0.004361867904663086,0.016224384307861328,0.17651081085205078,modular_adder with 4 qubits.
4,Modular Adder,H,1,0.003766775131225586,0.004633903503417969,0.008400678634643555,0.08581733703613281,modular_adder with 4 qubits.
4,Modular Adder,H,4,0.011894464492797852,0.0049896240234375,0.01688408851623535,0.1761608123779297,modular_adder with 4 qubits.
6,Modular Adder,0,1,0.006436586380004883,0.004006147384643555,0.010442733764648438,0.11679649353027344,modular_adder with 6 qubits.
6,Modular Adder,0,8,0.04308271408081055,0.00974726676940918,0.05282998085021973,0.6939077377319336,modular_adder with 6 qubits.
6,Modular Adder,H,1,0.00649714469909668,0.00392460823059082,0.0104217529296875,0.11672592163085938,modular_adder with 6 qubits.
6,Modular Adder,H,8,0.04423260688781738,0.009195566177368164,0.05342817306518555,0.6966896057128906,modular_adder with 6 qubits.
4,Modular Adder,0,1,0.010617256164550781,0.005482912063598633,0.016100168228149414,0.2076120376586914,modular_adder with 4 qubits.
4,Modular Adder,0,4,0.011261940002441406,0.004445552825927734,0.01570749282836914,0.1835498809814453,modular_adder with 4 qubits.
4,Modular Adder,H,1,0.0092010498046875,0.004697322845458984,0.013898372650146484,0.13623714447021484,modular_adder with 4 qubits.
4,Modular Adder,H,4,0.011962413787841797,0.0047872066497802734,0.01674962043762207,0.1845378875732422,modular_adder with 4 qubits.
6,Modular Adder,0,1,0.0073511600494384766,0.004195690155029297,0.011546850204467773,0.12496566772460938,modular_adder with 6 qubits.
6,Modular Adder,0,8,0.03448343276977539,0.874065637588501,0.9085490703582764,0.5815258026123047,modular_adder with 6 qubits.
6,Modular Adder,H,1,0.008797407150268555,0.003563404083251953,0.012360811233520508,0.12496566772460938,modular_adder with 6 qubits.
6,Modular Adder,H,8,0.03752708435058594,0.8366098403930664,0.8741369247436523,0.5815792083740234,modular_adder with 6 qubits.
4,Modular Adder,0,1,0.007088184356689453,0.0042188167572021484,0.011307001113891602,0.15715408325195312,modular_adder with 4 qubits.
4,Modular Adder,0,4,0.014097929000854492,0.0047168731689453125,0.018814802169799805,0.17651081085205078,modular_adder with 4 qubits.
4,Modular Adder,H,1,0.004112958908081055,0.004925966262817383,0.009038925170898438,0.08581733703613281,modular_adder with 4 qubits.
4,Modular Adder,H,4,0.013957977294921875,0.004392147064208984,0.01835012435913086,0.1761608123779297,modular_adder with 4 qubits.
6,Modular Adder,0,1,0.008122444152832031,0.0038902759552001953,0.012012720108032227,0.11679649353027344,modular_adder with 6 qubits.
6,Modular Adder,0,8,0.04881882667541504,0.010650157928466797,0.059468984603881836,0.6939077377319336,modular_adder with 6 qubits.
6,Modular Adder,H,1,0.006401777267456055,0.004062175750732422,0.010463953018188477,0.11672592163085938,modular_adder with 6 qubits.
6,Modular Adder,H,8,0.04781317710876465,0.009730815887451172,0.05754399299621582,0.6966896057128906,modular_adder with 6 qubits.
4,Modular Adder,0,1,0.0047533512115478516,0.005034208297729492,0.009787559509277344,0.15715408325195312,modular_adder with 4 qubits.
4,Modular Adder,0,4,0.011515140533447266,0.00450444221496582,0.016019582748413086,0.17651081085205078,modular_adder with 4 qubits.
4,Modular Adder,H,1,0.0037276744842529297,0.004214286804199219,0.007941961288452148,0.08581733703613281,modular_adder with 4 qubits.
4,Modular Adder,H,4,0.01222681999206543,0.00416254997253418,0.01638936996459961,0.1761608123779297,modular_adder with 4 qubits.
6,Modular Adder,0,1,0.0065898895263671875,0.003594636917114258,0.010184526443481445,0.11679649353027344,modular_adder with 6 qubits.
6,Modular Adder,0,8,0.04677534103393555,0.011080026626586914,0.05785536766052246,0.6939077377319336,modular_adder with 6 qubits.
6,Modular Adder,H,1,0.006418704986572266,0.003545522689819336,0.009964227676391602,0.11672592163085938,modular_adder with 6 qubits.
6,Modular Adder,H,8,0.04336857795715332,0.008791446685791016,0.052160024642944336,0.6966896057128906,modular_adder with 6 qubits.
4,Multiplier,0,1,0.011922597885131836,0.004984617233276367,0.016907215118408203,0.21356868743896484,multiplier with 4 qubits.
4,Multiplier,0,4,0.0196840763092041,0.0052258968353271484,0.02490997314453125,0.2809324264526367,multiplier with 4 qubits.
4,Multiplier,H,1,0.010192394256591797,0.0036668777465820312,0.013859272003173828,0.14339828491210938,multiplier with 4 qubits.
4,Multiplier,H,4,0.02005314826965332,0.005037546157836914,0.025090694427490234,0.28127574920654297,multiplier with 4 qubits.
4,Multiplier,0,1,0.014875173568725586,0.0052950382232666016,0.020170211791992188,0.21363258361816406,multiplier with 4 qubits.
4,Multiplier,0,4,0.0172426700592041,0.005583763122558594,0.022826433181762695,0.2809324264526367,multiplier with 4 qubits.
4,Multiplier,H,1,0.009436607360839844,0.004081249237060547,0.01351785659790039,0.14339828491210938,multiplier with 4 qubits.
4,Multiplier,H,4,0.02379631996154785,0.006242275238037109,0.03003859519958496,0.28127574920654297,multiplier with 4 qubits.
4,Multiplier,0,1,0.011686563491821289,0.005678415298461914,0.017364978790283203,0.21356868743896484,multiplier with 4 qubits.
4,Multiplier,0,4,0.017386436462402344,0.0066225528717041016,0.024008989334106445,0.2809324264526367,multiplier with 4 qubits.
4,Multiplier,H,1,0.008745670318603516,0.004746198654174805,0.01349186897277832,0.1433420181274414,multiplier with 4 qubits.
4,Multiplier,H,4,0.017894744873046875,0.0059969425201416016,0.023891687393188477,0.28127574920654297,multiplier with 4 qubits.
4,Multiplier,0,1,0.011354207992553711,0.004126071929931641,0.015480279922485352,0.20911216735839844,multiplier with 4 qubits.
4,Multiplier,0,4,0.01723456382751465,0.0047838687896728516,0.0220184326171875,0.2692375183105469,multiplier with 4 qubits.
4,Multiplier,H,1,0.00982046127319336,0.004079580307006836,0.013900041580200195,0.13788604736328125,multiplier with 4 qubits.
4,Multiplier,H,4,0.017445087432861328,0.005737781524658203,0.02318286895751953,0.2695169448852539,multiplier with 4 qubits.
4,Multiplier,0,1,0.011892318725585938,0.004292011260986328,0.016184329986572266,0.21356868743896484,multiplier with 4 qubits.
4,Multiplier,0,4,0.01844930648803711,0.005992412567138672,0.02444171905517578,0.2808685302734375,multiplier with 4 qubits.
4,Multiplier,H,1,0.00945281982421875,0.00428462028503418,0.01373744010925293,0.14339828491210938,multiplier with 4 qubits.
4,Multiplier,H,4,0.018219709396362305,0.004726886749267578,0.022946596145629883,0.28127574920654297,multiplier with 4 qubits.
3,Quantum Fourier Transformation (QFT),0,1,0.003169536590576172,0.004566192626953125,0.007735729217529297,0.141204833984375,qft with 3 qubits.
3,Quantum Fourier Transformation (QFT),0,3,0.005826711654663086,0.0048367977142333984,0.010663509368896484,0.10198688507080078,qft with 3 qubits.
3,Quantum Fourier Transformation (QFT),H,1,0.0025234222412109375,0.004181861877441406,0.006705284118652344,0.07136344909667969,qft with 3 qubits.
3,Quantum Fourier Transformation (QFT),H,3,0.005742788314819336,0.00486302375793457,0.010605812072753906,0.10233688354492188,qft with 3 qubits.
4,Quantum Fourier Transformation (QFT),0,1,0.004963874816894531,0.003464937210083008,0.008428812026977539,0.08712005615234375,qft with 4 qubits.
4,Quantum Fourier Transformation (QFT),0,4,0.013808727264404297,0.0053408145904541016,0.0191495418548584,0.2093944549560547,qft with 4 qubits.
4,Quantum Fourier Transformation (QFT),H,1,0.004664182662963867,0.0043871402740478516,0.009051322937011719,0.08776473999023438,qft with 4 qubits.
4,Quantum Fourier Transformation (QFT),H,4,0.012889385223388672,0.005572795867919922,0.018462181091308594,0.21008777618408203,qft with 4 qubits.
5,Quantum Fourier Transformation (QFT),0,1,0.0069408416748046875,0.0037627220153808594,0.010703563690185547,0.11116981506347656,qft with 5 qubits.
5,Quantum Fourier Transformation (QFT),0,6,0.03324294090270996,0.012328147888183594,0.045571088790893555,0.5305881500244141,qft with 5 qubits.
5,Quantum Fourier Transformation (QFT),H,1,0.00641942024230957,0.003341197967529297,0.009760618209838867,0.1110849380493164,qft with 5 qubits.
5,Quantum Fourier Transformation (QFT),H,6,0.033048152923583984,0.01290583610534668,0.045953989028930664,0.5304498672485352,qft with 5 qubits.
6,Quantum Fourier Transformation (QFT),0,1,0.008872032165527344,0.003652811050415039,0.012524843215942383,0.14029312133789062,qft with 6 qubits.
6,Quantum Fourier Transformation (QFT),0,8,0.06921696662902832,0.024344682693481445,0.09356164932250977,1.0774660110473633,qft with 6 qubits.
6,Quantum Fourier Transformation (QFT),H,1,0.008529186248779297,0.003663301467895508,0.012192487716674805,0.14029312133789062,qft with 6 qubits.
6,Quantum Fourier Transformation (QFT),H,8,0.06543540954589844,0.022286415100097656,0.0877218246459961,1.0731935501098633,qft with 6 qubits.
7,Quantum Fourier Transformation (QFT),0,1,0.014546871185302734,0.005028963088989258,0.019575834274291992,0.18809890747070312,qft with 7 qubits.
7,Quantum Fourier Transformation (QFT),0,12,0.1434791088104248,0.05174875259399414,0.19522786140441895,2.2713327407836914,qft with 7 qubits.
7,Quantum Fourier Transformation (QFT),H,1,0.01544809341430664,0.003995656967163086,0.019443750381469727,0.1870555877685547,qft with 7 qubits.
7,Quantum Fourier Transformation (QFT),H,12,0.1358342170715332,0.05596566200256348,0.19179987907409668,2.2696304321289062,qft with 7 qubits.
3,Quantum Fourier Transformation (QFT),0,1,0.003979206085205078,0.0034818649291992188,0.007461071014404297,0.141204833984375,qft with 3 qubits.
3,Quantum Fourier Transformation (QFT),0,3,0.005740165710449219,0.004159688949584961,0.00989985466003418,0.10198688507080078,qft with 3 qubits.
3,Quantum Fourier Transformation (QFT),H,1,0.0024726390838623047,0.002724170684814453,0.005196809768676758,0.07136344909667969,qft with 3 qubits.
3,Quantum Fourier Transformation (QFT),H,3,0.00511932373046875,0.004045963287353516,0.009165287017822266,0.10233688354492188,qft with 3 qubits.
4,Quantum Fourier Transformation (QFT),0,1,0.0037565231323242188,0.003368854522705078,0.007125377655029297,0.08712005615234375,qft with 4 qubits.
4,Quantum Fourier Transformation (QFT),0,4,0.014062881469726562,0.005661964416503906,0.01972484588623047,0.2093944549560547,qft with 4 qubits.
4,Quantum Fourier Transformation (QFT),H,1,0.003897428512573242,0.004427671432495117,0.00832509994506836,0.08770084381103516,qft with 4 qubits.
4,Quantum Fourier Transformation (QFT),H,4,0.014316082000732422,0.005292654037475586,0.019608736038208008,0.21008777618408203,qft with 4 qubits.
5,Quantum Fourier Transformation (QFT),0,1,0.0058519840240478516,0.0034656524658203125,0.009317636489868164,0.11116981506347656,qft with 5 qubits.
5,Quantum Fourier Transformation (QFT),0,6,0.032750844955444336,0.011235952377319336,0.04398679733276367,0.5305881500244141,qft with 5 qubits.
5,Quantum Fourier Transformation (QFT),H,1,0.006582021713256836,0.003682851791381836,0.010264873504638672,0.11102104187011719,qft with 5 qubits.
5,Quantum Fourier Transformation (QFT),H,6,0.03113579750061035,0.012138128280639648,0.04327392578125,0.5304498672485352,qft with 5 qubits.
6,Quantum Fourier Transformation (QFT),0,1,0.01083827018737793,0.004370689392089844,0.015208959579467773,0.14029312133789062,qft with 6 qubits.
6,Quantum Fourier Transformation (QFT),0,8,0.06912899017333984,0.023055076599121094,0.09218406677246094,1.0774660110473633,qft with 6 qubits.
6,Quantum Fourier Transformation (QFT),H,1,0.010121822357177734,0.003801107406616211,0.013922929763793945,0.14029312133789062,qft with 6 qubits.
6,Quantum Fourier Transformation (QFT),H,8,0.06848692893981934,0.025776147842407227,0.09426307678222656,1.073129653930664,qft with 6 qubits.
7,Quantum Fourier Transformation (QFT),0,1,0.013466835021972656,0.004992008209228516,0.018458843231201172,0.18809890747070312,qft with 7 qubits.
7,Quantum Fourier Transformation (QFT),0,12,0.14365053176879883,0.054987430572509766,0.1986379623413086,2.2713327407836914,qft with 7 qubits.
7,Quantum Fourier Transformation (QFT),H,1,0.014452695846557617,0.0061016082763671875,0.020554304122924805,0.1870555877685547,qft with 7 qubits.
7,Quantum Fourier Transformation (QFT),H,12,0.14522147178649902,0.054851531982421875,0.2000730037689209,2.2696304321289062,qft with 7 qubits.
3,Quantum Fourier Transformation (QFT),0,1,0.004546165466308594,0.0034935474395751953,0.008039712905883789,0.141204833984375,qft with 3 qubits.
3,Quantum Fourier Transformation (QFT),0,3,0.0068471431732177734,0.0049479007720947266,0.0117950439453125,0.10198688507080078,qft with 3 qubits.
3,Quantum Fourier Transformation (QFT),H,1,0.0027654170989990234,0.003399372100830078,0.0061647891998291016,0.07123565673828125,qft with 3 qubits.
3,Quantum Fourier Transformation (QFT),H,3,0.005296945571899414,0.0058956146240234375,0.011192560195922852,0.10233688354492188,qft with 3 qubits.
4,Quantum Fourier Transformation (QFT),0,1,0.003756284713745117,0.0029141902923583984,0.006670475006103516,0.08712005615234375,qft with 4 qubits.
4,Quantum Fourier Transformation (QFT),0,4,0.013643264770507812,0.006396055221557617,0.02003931999206543,0.2093944549560547,qft with 4 qubits.
4,Quantum Fourier Transformation (QFT),H,1,0.004806995391845703,0.0033190250396728516,0.008126020431518555,0.08776473999023438,qft with 4 qubits.
4,Quantum Fourier Transformation (QFT),H,4,0.012842416763305664,0.005732297897338867,0.01857471466064453,0.21008777618408203,qft with 4 qubits.
5,Quantum Fourier Transformation (QFT),0,1,0.005963563919067383,0.003571748733520508,0.00953531265258789,0.11116981506347656,qft with 5 qubits.
5,Quantum Fourier Transformation (QFT),0,6,0.03187870979309082,0.012867212295532227,0.04474592208862305,0.5305881500244141,qft with 5 qubits.
5,Quantum Fourier Transformation (QFT),H,1,0.006542682647705078,0.0032918453216552734,0.009834527969360352,0.1110849380493164,qft with 5 qubits.
5,Quantum Fourier Transformation (QFT),H,6,0.03408169746398926,0.013593673706054688,0.047675371170043945,0.5304498672485352,qft with 5 qubits.
6,Quantum Fourier Transformation (QFT),0,1,0.011527299880981445,0.004143476486206055,0.0156707763671875,0.14029312133789062,qft with 6 qubits.
6,Quantum Fourier Transformation (QFT),0,8,0.07171273231506348,0.024785518646240234,0.09649825096130371,1.0774660110473633,qft with 6 qubits.
6,Quantum Fourier Transformation (QFT),H,1,0.011021852493286133,0.004776477813720703,0.015798330307006836,0.14029312133789062,qft with 6 qubits.
6,Quantum Fourier Transformation (QFT),H,8,0.07117152214050293,0.024051666259765625,0.09522318840026855,1.0731935501098633,qft with 6 qubits.
7,Quantum Fourier Transformation (QFT),0,1,0.01937270164489746,0.005726337432861328,0.02509903907775879,0.1880350112915039,qft with 7 qubits.
7,Quantum Fourier Transformation (QFT),0,12,0.14701366424560547,0.05480194091796875,0.20181560516357422,2.2713327407836914,qft with 7 qubits.
7,Quantum Fourier Transformation (QFT),H,1,0.0167849063873291,0.006087541580200195,0.022872447967529297,0.18699169158935547,qft with 7 qubits.
7,Quantum Fourier Transformation (QFT),H,12,0.14957904815673828,0.053957462310791016,0.2035365104675293,2.2696304321289062,qft with 7 qubits.
3,Quantum Fourier Transformation (QFT),0,1,0.004582405090332031,0.006242990493774414,0.010825395584106445,0.141204833984375,qft with 3 qubits.
3,Quantum Fourier Transformation (QFT),0,3,0.006666421890258789,0.017258405685424805,0.023924827575683594,0.10150718688964844,qft with 3 qubits.
3,Quantum Fourier Transformation (QFT),H,1,0.0022788047790527344,0.002985239028930664,0.0052640438079833984,0.07136344909667969,qft with 3 qubits.
3,Quantum Fourier Transformation (QFT),H,3,0.005997180938720703,0.017320871353149414,0.023318052291870117,0.10185718536376953,qft with 3 qubits.
4,Quantum Fourier Transformation (QFT),0,1,0.0041658878326416016,0.003180980682373047,0.0073468685150146484,0.08712005615234375,qft with 4 qubits.
4,Quantum Fourier Transformation (QFT),0,4,0.014745950698852539,0.05140829086303711,0.06615424156188965,0.21957969665527344,qft with 4 qubits.
4,Quantum Fourier Transformation (QFT),H,1,0.004240512847900391,0.004470109939575195,0.008710622787475586,0.08770084381103516,qft with 4 qubits.
4,Quantum Fourier Transformation (QFT),H,4,0.01430368423461914,0.049260616302490234,0.06356430053710938,0.22027301788330078,qft with 4 qubits.
5,Quantum Fourier Transformation (QFT),0,1,0.006136655807495117,0.0040950775146484375,0.010231733322143555,0.11102104187011719,qft with 5 qubits.
5,Quantum Fourier Transformation (QFT),0,6,0.03512406349182129,2.03743577003479,2.0725598335266113,0.5489511489868164,qft with 5 qubits.
5,Quantum Fourier Transformation (QFT),H,1,0.0064051151275634766,0.0035827159881591797,0.009987831115722656,0.1110849380493164,qft with 5 qubits.
5,Quantum Fourier Transformation (QFT),H,6,0.03417491912841797,2.0393831729888916,2.0735580921173096,0.5490894317626953,qft with 5 qubits.
6,Quantum Fourier Transformation (QFT),0,1,0.009083032608032227,0.003897428512573242,0.012980461120605469,0.14029312133789062,qft with 6 qubits.
6,Quantum Fourier Transformation (QFT),0,8,0.06599044799804688,72.18068027496338,72.24667072296143,1.099283218383789,qft with 6 qubits.
6,Quantum Fourier Transformation (QFT),H,1,0.012928009033203125,0.0035758018493652344,0.01650381088256836,0.14029312133789062,qft with 6 qubits.
6,Quantum Fourier Transformation (QFT),H,8,0.07038593292236328,74.78205060958862,74.85243654251099,1.095010757446289,qft with 6 qubits.
7,Quantum Fourier Transformation (QFT),0,1,0.014388561248779297,0.004178285598754883,0.01856684684753418,0.18699169158935547,qft with 7 qubits.
7,Quantum Fourier Transformation (QFT),0,12,0.15297245979309082,inf,inf,2.3213863372802734,qft with 7 qubits.
3,Quantum Fourier Transformation (QFT),0,1,0.0030198097229003906,0.005261898040771484,0.008281707763671875,0.141204833984375,qft with 3 qubits.
3,Quantum Fourier Transformation (QFT),0,3,0.0057184696197509766,0.016158580780029297,0.021877050399780273,0.10150718688964844,qft with 3 qubits.
3,Quantum Fourier Transformation (QFT),H,1,0.002623319625854492,0.0034830570220947266,0.006106376647949219,0.07129955291748047,qft with 3 qubits.
3,Quantum Fourier Transformation (QFT),H,3,0.0062253475189208984,0.01889824867248535,0.02512359619140625,0.10185718536376953,qft with 3 qubits.
4,Quantum Fourier Transformation (QFT),0,1,0.0041272640228271484,0.003489971160888672,0.00761723518371582,0.08705615997314453,qft with 4 qubits.
4,Quantum Fourier Transformation (QFT),0,4,0.014045000076293945,0.04884934425354004,0.06289434432983398,0.21957969665527344,qft with 4 qubits.
4,Quantum Fourier Transformation (QFT),H,1,0.003834247589111328,0.003078937530517578,0.006913185119628906,0.08776473999023438,qft with 4 qubits.
4,Quantum Fourier Transformation (QFT),H,4,0.014497041702270508,0.04842424392700195,0.06292128562927246,0.22020912170410156,qft with 4 qubits.
5,Quantum Fourier Transformation (QFT),0,1,0.0059490203857421875,0.0036699771881103516,0.009618997573852539,0.1110849380493164,qft with 5 qubits.
5,Quantum Fourier Transformation (QFT),0,6,0.035248756408691406,1.9604694843292236,1.995718240737915,0.5488872528076172,qft with 5 qubits.
5,Quantum Fourier Transformation (QFT),H,1,0.006054878234863281,0.004107475280761719,0.010162353515625,0.1110849380493164,qft with 5 qubits.
5,Quantum Fourier Transformation (QFT),H,6,0.035732269287109375,1.9631068706512451,1.9988391399383545,0.5490894317626953,qft with 5 qubits.
6,Quantum Fourier Transformation (QFT),0,1,0.009052753448486328,0.0052721500396728516,0.01432490348815918,0.14029312133789062,qft with 6 qubits.
6,Quantum Fourier Transformation (QFT),0,8,0.0664510726928711,71.61027574539185,71.67672681808472,1.099283218383789,qft with 6 qubits.
6,Quantum Fourier Transformation (QFT),H,1,0.012642621994018555,0.00520634651184082,0.017848968505859375,0.14029312133789062,qft with 6 qubits.
6,Quantum Fourier Transformation (QFT),H,8,0.0700373649597168,71.85244917869568,71.9224865436554,1.095010757446289,qft with 6 qubits.
7,Quantum Fourier Transformation (QFT),0,1,0.01746368408203125,0.00433802604675293,0.02180171012878418,0.1870555877685547,qft with 7 qubits.
7,Quantum Fourier Transformation (QFT),0,12,0.1494443416595459,inf,inf,2.3213863372802734,qft with 7 qubits.
3,QFT with GHZ state input,0,1,0.005193233489990234,0.014052391052246094,0.019245624542236328,0.14410781860351562,qftentangled with 3 qubits.
3,QFT with GHZ state input,0,3,0.007479667663574219,0.05548214912414551,0.06296181678771973,0.11223506927490234,qftentangled with 3 qubits.
3,QFT with GHZ state input,H,1,0.0024242401123046875,0.009167909622192383,0.01159214973449707,0.07412052154541016,qftentangled with 3 qubits.
3,QFT with GHZ state input,H,3,0.006066799163818359,0.02304863929748535,0.02911543846130371,0.11223506927490234,qftentangled with 3 qubits.
4,QFT with GHZ state input,0,1,0.005658388137817383,0.015952587127685547,0.02161097526550293,0.0914764404296875,qftentangled with 4 qubits.
4,QFT with GHZ state input,0,4,0.02010822296142578,0.06647658348083496,0.08658480644226074,0.23849010467529297,qftentangled with 4 qubits.
4,QFT with GHZ state input,H,1,0.004292726516723633,0.012064695358276367,0.016357421875,0.09223365783691406,qftentangled with 4 qubits.
4,QFT with GHZ state input,H,4,0.01540517807006836,0.06948328018188477,0.08488845825195312,0.2379302978515625,qftentangled with 4 qubits.
5,QFT with GHZ state input,0,1,0.007414340972900391,0.01763772964477539,0.02505207061767578,0.11691665649414062,qftentangled with 5 qubits.
5,QFT with GHZ state input,0,6,0.038805246353149414,2.244506597518921,2.2833118438720703,0.5792236328125,qftentangled with 5 qubits.
5,QFT with GHZ state input,H,1,0.00917959213256836,0.016870737075805664,0.026050329208374023,0.11691665649414062,qftentangled with 5 qubits.
5,QFT with GHZ state input,H,6,0.03625059127807617,2.2341811656951904,2.2704317569732666,0.5790853500366211,qftentangled with 5 qubits.
6,QFT with GHZ state input,0,1,0.009959697723388672,0.025042295455932617,0.03500199317932129,0.14762496948242188,qftentangled with 6 qubits.
6,QFT with GHZ state input,0,8,0.07310795783996582,58.983726263046265,59.05683422088623,1.1583833694458008,qftentangled with 6 qubits.
6,QFT with GHZ state input,H,1,0.009277105331420898,0.022089719772338867,0.031366825103759766,0.14762496948242188,qftentangled with 6 qubits.
6,QFT with GHZ state input,H,8,0.06760215759277344,59.14312291145325,59.21072506904602,1.1594905853271484,qftentangled with 6 qubits.
7,QFT with GHZ state input,0,1,0.0128021240234375,0.036660194396972656,0.049462318420410156,0.19644737243652344,qftentangled with 7 qubits.
7,QFT with GHZ state input,0,12,0.1488964557647705,inf,inf,2.4124622344970703,qftentangled with 7 qubits.
3,QFT with GHZ state input,0,1,0.004652976989746094,0.01011514663696289,0.014768123626708984,0.14410781860351562,qftentangled with 3 qubits.
3,QFT with GHZ state input,0,3,0.007957220077514648,0.03184866905212402,0.03980588912963867,0.121246337890625,qftentangled with 3 qubits.
3,QFT with GHZ state input,H,1,0.003125905990600586,0.010915040969848633,0.014040946960449219,0.07412052154541016,qftentangled with 3 qubits.
3,QFT with GHZ state input,H,3,0.007051229476928711,0.026726484298706055,0.033777713775634766,0.12075042724609375,qftentangled with 3 qubits.
4,QFT with GHZ state input,0,1,0.00460505485534668,0.012456655502319336,0.017061710357666016,0.09154033660888672,qftentangled with 4 qubits.
4,QFT with GHZ state input,0,4,0.020191669464111328,0.09995102882385254,0.12014269828796387,0.26046276092529297,qftentangled with 4 qubits.
4,QFT with GHZ state input,H,1,0.0050160884857177734,0.012164831161499023,0.017180919647216797,0.0921630859375,qftentangled with 4 qubits.
4,QFT with GHZ state input,H,4,0.016505002975463867,0.1027681827545166,0.11927318572998047,0.25989627838134766,qftentangled with 4 qubits.
5,QFT with GHZ state input,0,1,0.006247997283935547,0.01749897003173828,0.023746967315673828,0.11691665649414062,qftentangled with 5 qubits.
5,QFT with GHZ state input,0,6,0.04514503479003906,3.756169319152832,3.801314353942871,0.622105598449707,qftentangled with 5 qubits.
5,QFT with GHZ state input,H,1,0.008215665817260742,0.017622709274291992,0.025838375091552734,0.11691665649414062,qftentangled with 5 qubits.
5,QFT with GHZ state input,H,6,0.03987765312194824,3.682219982147217,3.722097635269165,0.6219673156738281,qftentangled with 5 qubits.
6,QFT with GHZ state input,0,1,0.009760618209838867,0.023491621017456055,0.03325223922729492,0.14762496948242188,qftentangled with 6 qubits.
6,QFT with GHZ state input,0,8,0.08903217315673828,82.13638877868652,82.22542095184326,1.2175331115722656,qftentangled with 6 qubits.
6,QFT with GHZ state input,H,1,0.011307001113891602,0.025206565856933594,0.036513566970825195,0.14762496948242188,qftentangled with 6 qubits.
6,QFT with GHZ state input,H,8,0.07645368576049805,82.40625357627869,82.48270726203918,1.218576431274414,qftentangled with 6 qubits.
7,QFT with GHZ state input,0,1,0.01418304443359375,0.036751508712768555,0.050934553146362305,0.19644737243652344,qftentangled with 7 qubits.
7,QFT with GHZ state input,0,12,0.1630690097808838,inf,inf,2.5140085220336914,qftentangled with 7 qubits.
3,QFT with GHZ state input,0,1,0.003893613815307617,0.010175704956054688,0.014069318771362305,0.1440439224243164,qftentangled with 3 qubits.
3,QFT with GHZ state input,0,3,0.00824117660522461,0.022008419036865234,0.030249595642089844,0.11223506927490234,qftentangled with 3 qubits.
3,QFT with GHZ state input,H,1,0.0033752918243408203,0.009116888046264648,0.012492179870605469,0.07412052154541016,qftentangled with 3 qubits.
3,QFT with GHZ state input,H,3,0.008410215377807617,0.022588014602661133,0.03099822998046875,0.11223506927490234,qftentangled with 3 qubits.
4,QFT with GHZ state input,0,1,0.005208253860473633,0.013535499572753906,0.01874375343322754,0.09154033660888672,qftentangled with 4 qubits.
4,QFT with GHZ state input,0,4,0.01625680923461914,0.06608867645263672,0.08234548568725586,0.23849010467529297,qftentangled with 4 qubits.
4,QFT with GHZ state input,H,1,0.004469871520996094,0.0129547119140625,0.017424583435058594,0.09223365783691406,qftentangled with 4 qubits.
4,QFT with GHZ state input,H,4,0.017469406127929688,0.0738980770111084,0.09136748313903809,0.2379302978515625,qftentangled with 4 qubits.
5,QFT with GHZ state input,0,1,0.006242275238037109,0.015149116516113281,0.02139139175415039,0.11691665649414062,qftentangled with 5 qubits.
5,QFT with GHZ state input,0,6,0.0353391170501709,2.2733426094055176,2.3086817264556885,0.5792236328125,qftentangled with 5 qubits.
5,QFT with GHZ state input,H,1,0.006880283355712891,0.01740860939025879,0.02428889274597168,0.11691665649414062,qftentangled with 5 qubits.
5,QFT with GHZ state input,H,6,0.03554677963256836,2.253410816192627,2.2889575958251953,0.5790853500366211,qftentangled with 5 qubits.
6,QFT with GHZ state input,0,1,0.01015329360961914,0.023018360137939453,0.033171653747558594,0.14762496948242188,qftentangled with 6 qubits.
6,QFT with GHZ state input,0,8,0.0711977481842041,58.457711935043335,58.52890968322754,1.158447265625,qftentangled with 6 qubits.
6,QFT with GHZ state input,H,1,0.009284734725952148,0.023247241973876953,0.0325319766998291,0.14762496948242188,qftentangled with 6 qubits.
6,QFT with GHZ state input,H,8,0.07559776306152344,59.9025981426239,59.978195905685425,1.1594905853271484,qftentangled with 6 qubits.
7,QFT with GHZ state input,0,1,0.015335559844970703,0.038629770278930664,0.05396533012390137,0.19644737243652344,qftentangled with 7 qubits.
7,QFT with GHZ state input,0,12,0.15641283988952637,inf,inf,2.4124622344970703,qftentangled with 7 qubits.
3,QFT with GHZ state input,0,1,0.006608247756958008,0.015212535858154297,0.021820783615112305,0.1440439224243164,qftentangled with 3 qubits.
3,QFT with GHZ state input,0,3,0.00786590576171875,0.0314486026763916,0.03931450843811035,0.12118244171142578,qftentangled with 3 qubits.
3,QFT with GHZ state input,H,1,0.0038344860076904297,0.010962724685668945,0.014797210693359375,0.07412052154541016,qftentangled with 3 qubits.
3,QFT with GHZ state input,H,3,0.008003473281860352,0.026574373245239258,0.03457784652709961,0.12068653106689453,qftentangled with 3 qubits.
4,QFT with GHZ state input,0,1,0.004611015319824219,0.012160062789916992,0.01677107810974121,0.0914764404296875,qftentangled with 4 qubits.
4,QFT with GHZ state input,0,4,0.016590595245361328,0.10102701187133789,0.11761760711669922,0.26046276092529297,qftentangled with 4 qubits.
4,QFT with GHZ state input,H,1,0.006763935089111328,0.01777482032775879,0.024538755416870117,0.09209918975830078,qftentangled with 4 qubits.
4,QFT with GHZ state input,H,4,0.016738176345825195,0.09851384162902832,0.11525201797485352,0.25983238220214844,qftentangled with 4 qubits.
5,QFT with GHZ state input,0,1,0.007269620895385742,0.018065929412841797,0.02533555030822754,0.11691665649414062,qftentangled with 5 qubits.
5,QFT with GHZ state input,0,6,0.04259777069091797,3.7777211666107178,3.8203189373016357,0.6220417022705078,qftentangled with 5 qubits.
5,QFT with GHZ state input,H,1,0.011176347732543945,0.017528295516967773,0.02870464324951172,0.1168527603149414,qftentangled with 5 qubits.
5,QFT with GHZ state input,H,6,0.03822803497314453,3.6943531036376953,3.73258113861084,0.6219673156738281,qftentangled with 5 qubits.
6,QFT with GHZ state input,0,1,0.010468006134033203,0.022798538208007812,0.033266544342041016,0.14762496948242188,qftentangled with 6 qubits.
6,QFT with GHZ state input,0,8,0.08225178718566895,81.55156016349792,81.6338119506836,1.2175331115722656,qftentangled with 6 qubits.
6,QFT with GHZ state input,H,1,0.009581565856933594,0.025015592575073242,0.034597158432006836,0.14756107330322266,qftentangled with 6 qubits.
6,QFT with GHZ state input,H,8,0.08507013320922852,81.96724224090576,82.05231237411499,1.218576431274414,qftentangled with 6 qubits.
7,QFT with GHZ state input,0,1,0.017400503158569336,0.03843188285827637,0.0558323860168457,0.19644737243652344,qftentangled with 7 qubits.
7,QFT with GHZ state input,0,12,0.15867161750793457,inf,inf,2.5140085220336914,qftentangled with 7 qubits.
3,QFT with GHZ state input,0,1,0.0064830780029296875,0.013627767562866211,0.0201108455657959,0.1440439224243164,qftentangled with 3 qubits.
3,QFT with GHZ state input,0,3,0.00887298583984375,0.026619911193847656,0.035492897033691406,0.121246337890625,qftentangled with 3 qubits.
3,QFT with GHZ state input,H,1,0.0032181739807128906,0.012008190155029297,0.015226364135742188,0.07412052154541016,qftentangled with 3 qubits.
3,QFT with GHZ state input,H,3,0.008160829544067383,0.02651047706604004,0.03467130661010742,0.12068653106689453,qftentangled with 3 qubits.
4,QFT with GHZ state input,0,1,0.004502773284912109,0.012406110763549805,0.016908884048461914,0.0914764404296875,qftentangled with 4 qubits.
4,QFT with GHZ state input,0,4,0.01824498176574707,0.09400510787963867,0.11225008964538574,0.26046276092529297,qftentangled with 4 qubits.
4,QFT with GHZ state input,H,1,0.00438380241394043,0.013686180114746094,0.018069982528686523,0.0921630859375,qftentangled with 4 qubits.
4,QFT with GHZ state input,H,4,0.0162198543548584,0.09599566459655762,0.11221551895141602,0.25983238220214844,qftentangled with 4 qubits.
5,QFT with GHZ state input,0,1,0.006640911102294922,0.017878055572509766,0.024518966674804688,0.1168527603149414,qftentangled with 5 qubits.
5,QFT with GHZ state input,0,6,0.040955543518066406,3.7266032695770264,3.7675588130950928,0.622105598449707,qftentangled with 5 qubits.
5,QFT with GHZ state input,H,1,0.007600545883178711,0.017712831497192383,0.025313377380371094,0.11691665649414062,qftentangled with 5 qubits.
5,QFT with GHZ state input,H,6,0.0386042594909668,3.6507484912872314,3.6893527507781982,0.6219673156738281,qftentangled with 5 qubits.
6,QFT with GHZ state input,0,1,0.009975194931030273,0.02799820899963379,0.03797340393066406,0.14762496948242188,qftentangled with 6 qubits.
6,QFT with GHZ state input,0,8,0.08110523223876953,82.18647646903992,82.26758170127869,1.2175331115722656,qftentangled with 6 qubits.
6,QFT with GHZ state input,H,1,0.012115478515625,0.02474665641784668,0.03686213493347168,0.14756107330322266,qftentangled with 6 qubits.
6,QFT with GHZ state input,H,8,0.0788571834564209,81.90185403823853,81.98071122169495,1.218576431274414,qftentangled with 6 qubits.
7,QFT with GHZ state input,0,1,0.012779474258422852,0.03834795951843262,0.05112743377685547,0.19644737243652344,qftentangled with 7 qubits.
7,QFT with GHZ state input,0,12,0.15585970878601074,inf,inf,2.5140085220336914,qftentangled with 7 qubits.
3,Quantum Phase Estimation (QPE) exactly representable phase,0,1,0.004213571548461914,0.01020050048828125,0.014414072036743164,0.14365386962890625,qpeexact with 3 qubits.
3,Quantum Phase Estimation (QPE) exactly representable phase,0,3,0.006836891174316406,0.015444278717041016,0.022281169891357422,0.09859561920166016,qpeexact with 3 qubits.
3,Quantum Phase Estimation (QPE) exactly representable phase,H,1,0.002872943878173828,0.011022806167602539,0.013895750045776367,0.07191276550292969,qpeexact with 3 qubits.
3,Quantum Phase Estimation (QPE) exactly representable phase,H,3,0.005128145217895508,0.013204574584960938,0.018332719802856445,0.09894561767578125,qpeexact with 3 qubits.
4,Quantum Phase Estimation (QPE) exactly representable phase,0,1,0.0038688182830810547,0.011327028274536133,0.015195846557617188,0.08621978759765625,qpeexact with 4 qubits.
4,Quantum Phase Estimation (QPE) exactly representable phase,0,4,0.016247987747192383,0.05834698677062988,0.07459497451782227,0.23670005798339844,qpeexact with 4 qubits.
4,Quantum Phase Estimation (QPE) exactly representable phase,H,1,0.003957509994506836,0.012218475341796875,0.01617598533630371,0.08621978759765625,qpeexact with 4 qubits.
4,Quantum Phase Estimation (QPE) exactly representable phase,H,4,0.02129507064819336,0.05967569351196289,0.08097076416015625,0.23674869537353516,qpeexact with 4 qubits.
5,Quantum Phase Estimation (QPE) exactly representable phase,0,1,0.009749412536621094,0.017862796783447266,0.02761220932006836,0.11569499969482422,qpeexact with 5 qubits.
5,Quantum Phase Estimation (QPE) exactly representable phase,0,6,0.035843849182128906,3.2349131107330322,3.270756959915161,0.5406818389892578,qpeexact with 5 qubits.
5,Quantum Phase Estimation (QPE) exactly representable phase,H,1,0.0069844722747802734,0.016350507736206055,0.023334980010986328,0.11569499969482422,qpeexact with 5 qubits.
5,Quantum Phase Estimation (QPE) exactly representable phase,H,6,0.03450322151184082,3.1881062984466553,3.222609519958496,0.5408201217651367,qpeexact with 5 qubits.
6,Quantum Phase Estimation (QPE) exactly representable phase,0,1,0.009121417999267578,0.017833471298217773,0.02695488929748535,0.1375112533569336,qpeexact with 6 qubits.
6,Quantum Phase Estimation (QPE) exactly representable phase,0,8,0.06269621849060059,64.12335562705994,64.18605184555054,1.0621337890625,qpeexact with 6 qubits.
6,Quantum Phase Estimation (QPE) exactly representable phase,H,1,0.009634971618652344,0.016547679901123047,0.02618265151977539,0.1375112533569336,qpeexact with 6 qubits.
6,Quantum Phase Estimation (QPE) exactly representable phase,H,8,0.06369590759277344,63.384602069854736,63.44829797744751,1.0575408935546875,qpeexact with 6 qubits.
7,Quantum Phase Estimation (QPE) exactly representable phase,0,1,0.01647353172302246,0.028662919998168945,0.045136451721191406,0.17907333374023438,qpeexact with 7 qubits.
7,Quantum Phase Estimation (QPE) exactly representable phase,0,12,0.15133929252624512,inf,inf,2.3320083618164062,qpeexact with 7 qubits.
3,Quantum Phase Estimation (QPE) exactly representable phase,0,1,0.0040624141693115234,0.008926868438720703,0.012989282608032227,0.13276004791259766,qpeexact with 3 qubits.
3,Quantum Phase Estimation (QPE) exactly representable phase,0,3,0.0037126541137695312,0.01045846939086914,0.014171123504638672,0.08244609832763672,qpeexact with 3 qubits.
3,Quantum Phase Estimation (QPE) exactly representable phase,H,1,0.003206968307495117,0.009750127792358398,0.012957096099853516,0.0644674301147461,qpeexact with 3 qubits.
3,Quantum Phase Estimation (QPE) exactly representable phase,H,3,0.007664680480957031,0.016077280044555664,0.023741960525512695,0.08244609832763672,qpeexact with 3 qubits.
4,Quantum Phase Estimation (QPE) exactly representable phase,0,1,0.0033524036407470703,0.009688854217529297,0.013041257858276367,0.07677936553955078,qpeexact with 4 qubits.
4,Quantum Phase Estimation (QPE) exactly representable phase,0,4,0.008362054824829102,0.01973104476928711,0.02809309959411621,0.14240169525146484,qpeexact with 4 qubits.
4,Quantum Phase Estimation (QPE) exactly representable phase,H,1,0.0032558441162109375,0.010750532150268555,0.014006376266479492,0.07541465759277344,qpeexact with 4 qubits.
4,Quantum Phase Estimation (QPE) exactly representable phase,H,4,0.010796785354614258,0.021707534790039062,0.03250432014465332,0.14240169525146484,qpeexact with 4 qubits.
5,Quantum Phase Estimation (QPE) exactly representable phase,0,1,0.0054934024810791016,0.012985467910766602,0.018478870391845703,0.10584354400634766,qpeexact with 5 qubits.
5,Quantum Phase Estimation (QPE) exactly representable phase,0,6,0.028840065002441406,0.5312798023223877,0.5601198673248291,0.47731971740722656,qpeexact with 5 qubits.
5,Quantum Phase Estimation (QPE) exactly representable phase,H,1,0.005646467208862305,0.013388633728027344,0.01903510093688965,0.10512828826904297,qpeexact with 5 qubits.
5,Quantum Phase Estimation (QPE) exactly representable phase,H,6,0.030125141143798828,0.5155661106109619,0.5456912517547607,0.4768352508544922,qpeexact with 5 qubits.
6,Quantum Phase Estimation (QPE) exactly representable phase,0,1,0.007462024688720703,0.016757488250732422,0.024219512939453125,0.12929153442382812,qpeexact with 6 qubits.
6,Quantum Phase Estimation (QPE) exactly representable phase,0,8,0.0585329532623291,21.422318935394287,21.480851888656616,0.9527759552001953,qpeexact with 6 qubits.
6,Quantum Phase Estimation (QPE) exactly representable phase,H,1,0.007357120513916016,0.017729997634887695,0.02508711814880371,0.12929153442382812,qpeexact with 6 qubits.
6,Quantum Phase Estimation (QPE) exactly representable phase,H,8,0.06257247924804688,21.138226747512817,21.200799226760864,0.9527759552001953,qpeexact with 6 qubits.
7,Quantum Phase Estimation (QPE) exactly representable phase,0,1,0.011223554611206055,0.024821758270263672,0.03604531288146973,0.1613750457763672,qpeexact with 7 qubits.
7,Quantum Phase Estimation (QPE) exactly representable phase,0,12,0.12531685829162598,inf,inf,1.988194465637207,qpeexact with 7 qubits.
3,Quantum Phase Estimation (QPE) exactly representable phase,0,1,0.006237506866455078,0.00999760627746582,0.0162351131439209,0.14365386962890625,qpeexact with 3 qubits.
3,Quantum Phase Estimation (QPE) exactly representable phase,0,3,0.0048980712890625,0.015621185302734375,0.020519256591796875,0.09853172302246094,qpeexact with 3 qubits.
3,Quantum Phase Estimation (QPE) exactly representable phase,H,1,0.003350496292114258,0.012714624404907227,0.016065120697021484,0.07191276550292969,qpeexact with 3 qubits.
3,Quantum Phase Estimation (QPE) exactly representable phase,H,3,0.008640289306640625,0.016847848892211914,0.02548813819885254,0.09894561767578125,qpeexact with 3 qubits.
4,Quantum Phase Estimation (QPE) exactly representable phase,0,1,0.00435328483581543,0.014643192291259766,0.018996477127075195,0.08609199523925781,qpeexact with 4 qubits.
4,Quantum Phase Estimation (QPE) exactly representable phase,0,4,0.0156552791595459,0.05204153060913086,0.06769680976867676,0.23670005798339844,qpeexact with 4 qubits.
4,Quantum Phase Estimation (QPE) exactly representable phase,H,1,0.006510019302368164,0.010687828063964844,0.017197847366333008,0.08621978759765625,qpeexact with 4 qubits.
4,Quantum Phase Estimation (QPE) exactly representable phase,H,4,0.014985799789428711,0.051581382751464844,0.06656718254089355,0.23674869537353516,qpeexact with 4 qubits.
5,Quantum Phase Estimation (QPE) exactly representable phase,0,1,0.006577014923095703,0.016153812408447266,0.02273082733154297,0.11563873291015625,qpeexact with 5 qubits.
5,Quantum Phase Estimation (QPE) exactly representable phase,0,6,0.03980588912963867,3.2619287967681885,3.301734685897827,0.5406179428100586,qpeexact with 5 qubits.
5,Quantum Phase Estimation (QPE) exactly representable phase,H,1,0.006746053695678711,0.014768362045288086,0.021514415740966797,0.11569499969482422,qpeexact with 5 qubits.
5,Quantum Phase Estimation (QPE) exactly representable phase,H,6,0.03384256362915039,3.2376363277435303,3.2714788913726807,0.5408201217651367,qpeexact with 5 qubits.
6,Quantum Phase Estimation (QPE) exactly representable phase,0,1,0.00822138786315918,0.017706871032714844,0.025928258895874023,0.13744735717773438,qpeexact with 6 qubits.
6,Quantum Phase Estimation (QPE) exactly representable phase,0,8,0.06289005279541016,64.69041466712952,64.75330471992493,1.0621337890625,qpeexact with 6 qubits.
6,Quantum Phase Estimation (QPE) exactly representable phase,H,1,0.012356281280517578,0.021942853927612305,0.03429913520812988,0.13744735717773438,qpeexact with 6 qubits.
6,Quantum Phase Estimation (QPE) exactly representable phase,H,8,0.06685686111450195,63.27817749977112,63.34503436088562,1.0575408935546875,qpeexact with 6 qubits.
7,Quantum Phase Estimation (QPE) exactly representable phase,0,1,0.011443853378295898,0.02707529067993164,0.03851914405822754,0.17907333374023438,qpeexact with 7 qubits.
7,Quantum Phase Estimation (QPE) exactly representable phase,0,12,0.14184808731079102,inf,inf,2.3320083618164062,qpeexact with 7 qubits.
3,Quantum Phase Estimation (QPE) exactly representable phase,0,1,0.004132270812988281,0.015378952026367188,0.01951122283935547,0.13269615173339844,qpeexact with 3 qubits.
3,Quantum Phase Estimation (QPE) exactly representable phase,0,3,0.005309581756591797,0.013154983520507812,0.01846456527709961,0.08244609832763672,qpeexact with 3 qubits.
3,Quantum Phase Estimation (QPE) exactly representable phase,H,1,0.0021576881408691406,0.008422613143920898,0.010580301284790039,0.0644674301147461,qpeexact with 3 qubits.
3,Quantum Phase Estimation (QPE) exactly representable phase,H,3,0.0033435821533203125,0.010205507278442383,0.013549089431762695,0.08244609832763672,qpeexact with 3 qubits.
4,Quantum Phase Estimation (QPE) exactly representable phase,0,1,0.003431081771850586,0.009934425354003906,0.013365507125854492,0.07677936553955078,qpeexact with 4 qubits.
4,Quantum Phase Estimation (QPE) exactly representable phase,0,4,0.009190559387207031,0.02063918113708496,0.029829740524291992,0.14240169525146484,qpeexact with 4 qubits.
4,Quantum Phase Estimation (QPE) exactly representable phase,H,1,0.002708911895751953,0.010423660278320312,0.013132572174072266,0.07541465759277344,qpeexact with 4 qubits.
4,Quantum Phase Estimation (QPE) exactly representable phase,H,4,0.00850820541381836,0.020966053009033203,0.029474258422851562,0.14240169525146484,qpeexact with 4 qubits.
5,Quantum Phase Estimation (QPE) exactly representable phase,0,1,0.005931854248046875,0.015094280242919922,0.021026134490966797,0.10584354400634766,qpeexact with 5 qubits.
5,Quantum Phase Estimation (QPE) exactly representable phase,0,6,0.032283782958984375,0.5511603355407715,0.5834441184997559,0.47731971740722656,qpeexact with 5 qubits.
5,Quantum Phase Estimation (QPE) exactly representable phase,H,1,0.007488727569580078,0.018375635147094727,0.025864362716674805,0.10512828826904297,qpeexact with 5 qubits.
5,Quantum Phase Estimation (QPE) exactly representable phase,H,6,0.030583620071411133,0.519758939743042,0.5503425598144531,0.4768352508544922,qpeexact with 5 qubits.
6,Quantum Phase Estimation (QPE) exactly representable phase,0,1,0.007909774780273438,0.01709294319152832,0.025002717971801758,0.12935543060302734,qpeexact with 6 qubits.
6,Quantum Phase Estimation (QPE) exactly representable phase,0,8,0.05728006362915039,20.68915629386902,20.74643635749817,0.9527759552001953,qpeexact with 6 qubits.
6,Quantum Phase Estimation (QPE) exactly representable phase,H,1,0.01814889907836914,0.02345418930053711,0.04160308837890625,0.12935543060302734,qpeexact with 6 qubits.
6,Quantum Phase Estimation (QPE) exactly representable phase,H,8,0.061658382415771484,20.94398784637451,21.005646228790283,0.9527759552001953,qpeexact with 6 qubits.
7,Quantum Phase Estimation (QPE) exactly representable phase,0,1,0.01313638687133789,0.025914669036865234,0.039051055908203125,0.16131114959716797,qpeexact with 7 qubits.
7,Quantum Phase Estimation (QPE) exactly representable phase,0,12,0.13396358489990234,inf,inf,1.9881305694580078,qpeexact with 7 qubits.
3,Quantum Phase Estimation (QPE) exactly representable phase,0,1,0.0024695396423339844,0.010670900344848633,0.013140439987182617,0.13269615173339844,qpeexact with 3 qubits.
3,Quantum Phase Estimation (QPE) exactly representable phase,0,3,0.004297971725463867,0.011983394622802734,0.0162813663482666,0.08244609832763672,qpeexact with 3 qubits.
3,Quantum Phase Estimation (QPE) exactly representable phase,H,1,0.0018084049224853516,0.009366035461425781,0.011174440383911133,0.0644674301147461,qpeexact with 3 qubits.
3,Quantum Phase Estimation (QPE) exactly representable phase,H,3,0.005078554153442383,0.011533737182617188,0.01661229133605957,0.08244609832763672,qpeexact with 3 qubits.
4,Quantum Phase Estimation (QPE) exactly representable phase,0,1,0.0036706924438476562,0.0095062255859375,0.013176918029785156,0.07677936553955078,qpeexact with 4 qubits.
4,Quantum Phase Estimation (QPE) exactly representable phase,0,4,0.008531570434570312,0.01961803436279297,0.02814960479736328,0.14240169525146484,qpeexact with 4 qubits.
4,Quantum Phase Estimation (QPE) exactly representable phase,H,1,0.0024504661560058594,0.010958671569824219,0.013409137725830078,0.07535076141357422,qpeexact with 4 qubits.
4,Quantum Phase Estimation (QPE) exactly representable phase,H,4,0.009291887283325195,0.026852130889892578,0.03614401817321777,0.14240169525146484,qpeexact with 4 qubits.
5,Quantum Phase Estimation (QPE) exactly representable phase,0,1,0.005639791488647461,0.012105703353881836,0.017745494842529297,0.10584354400634766,qpeexact with 5 qubits.
5,Quantum Phase Estimation (QPE) exactly representable phase,0,6,0.031851768493652344,0.5411732196807861,0.5730249881744385,0.47731971740722656,qpeexact with 5 qubits.
5,Quantum Phase Estimation (QPE) exactly representable phase,H,1,0.0053288936614990234,0.013139009475708008,0.01846790313720703,0.10512828826904297,qpeexact with 5 qubits.
5,Quantum Phase Estimation (QPE) exactly representable phase,H,6,0.028122425079345703,0.5251648426055908,0.5532872676849365,0.4768352508544922,qpeexact with 5 qubits.
6,Quantum Phase Estimation (QPE) exactly representable phase,0,1,0.007966279983520508,0.019484281539916992,0.0274505615234375,0.12935543060302734,qpeexact with 6 qubits.
6,Quantum Phase Estimation (QPE) exactly representable phase,0,8,0.05874943733215332,20.518471717834473,20.577221155166626,0.9527759552001953,qpeexact with 6 qubits.
6,Quantum Phase Estimation (QPE) exactly representable phase,H,1,0.008530378341674805,0.018079757690429688,0.026610136032104492,0.12935543060302734,qpeexact with 6 qubits.
6,Quantum Phase Estimation (QPE) exactly representable phase,H,8,0.05853629112243652,20.842790126800537,20.901326417922974,0.9527759552001953,qpeexact with 6 qubits.
7,Quantum Phase Estimation (QPE) exactly representable phase,0,1,0.012502193450927734,0.025004148483276367,0.0375063419342041,0.1613750457763672,qpeexact with 7 qubits.
7,Quantum Phase Estimation (QPE) exactly representable phase,0,12,0.12148356437683105,inf,inf,1.988194465637207,qpeexact with 7 qubits.
3,Quantum Phase Estimation (QPE) not exactly representable phase,0,1,0.004359722137451172,0.011989593505859375,0.016349315643310547,0.14193344116210938,qpeinexact with 3 qubits.
3,Quantum Phase Estimation (QPE) not exactly representable phase,0,3,0.006184577941894531,0.01728677749633789,0.023471355438232422,0.10323524475097656,qpeinexact with 3 qubits.
3,Quantum Phase Estimation (QPE) not exactly representable phase,H,1,0.0029518604278564453,0.009735584259033203,0.012687444686889648,0.07115364074707031,qpeinexact with 3 qubits.
3,Quantum Phase Estimation (QPE) not exactly representable phase,H,3,0.006241321563720703,0.014793634414672852,0.021034955978393555,0.10358524322509766,qpeinexact with 3 qubits.
4,Quantum Phase Estimation (QPE) not exactly representable phase,0,1,0.003951311111450195,0.011979818344116211,0.015931129455566406,0.08604907989501953,qpeinexact with 4 qubits.
4,Quantum Phase Estimation (QPE) not exactly representable phase,0,4,0.014190673828125,0.041367292404174805,0.055557966232299805,0.2048044204711914,qpeinexact with 4 qubits.
4,Quantum Phase Estimation (QPE) not exactly representable phase,H,1,0.003672361373901367,0.014128446578979492,0.01780080795288086,0.08669376373291016,qpeinexact with 4 qubits.
4,Quantum Phase Estimation (QPE) not exactly representable phase,H,4,0.015089750289916992,0.044374942779541016,0.05946469306945801,0.20549774169921875,qpeinexact with 4 qubits.
5,Quantum Phase Estimation (QPE) not exactly representable phase,0,1,0.0071299076080322266,0.015383720397949219,0.022513628005981445,0.10828781127929688,qpeinexact with 5 qubits.
5,Quantum Phase Estimation (QPE) not exactly representable phase,0,6,0.03198099136352539,0.8807740211486816,0.912755012512207,0.51666259765625,qpeinexact with 5 qubits.
5,Quantum Phase Estimation (QPE) not exactly representable phase,H,1,0.007867574691772461,0.012276887893676758,0.02014446258544922,0.1083517074584961,qpeinexact with 5 qubits.
5,Quantum Phase Estimation (QPE) not exactly representable phase,H,6,0.034063100814819336,0.8806931972503662,0.9147562980651855,0.5164604187011719,qpeinexact with 5 qubits.
6,Quantum Phase Estimation (QPE) not exactly representable phase,0,1,0.010366201400756836,0.02123713493347168,0.031603336334228516,0.13724327087402344,qpeinexact with 6 qubits.
6,Quantum Phase Estimation (QPE) not exactly representable phase,0,8,0.06184887886047363,17.0900456905365,17.151894569396973,1.0340566635131836,qpeinexact with 6 qubits.
6,Quantum Phase Estimation (QPE) not exactly representable phase,H,1,0.011023998260498047,0.018146276473999023,0.02917027473449707,0.13724327087402344,qpeinexact with 6 qubits.
6,Quantum Phase Estimation (QPE) not exactly representable phase,H,8,0.07114624977111816,17.59713864326477,17.66828489303589,1.0294408798217773,qpeinexact with 6 qubits.
7,Quantum Phase Estimation (QPE) not exactly representable phase,0,1,0.013154745101928711,0.02535700798034668,0.03851175308227539,0.18031692504882812,qpeinexact with 7 qubits.
7,Quantum Phase Estimation (QPE) not exactly representable phase,0,12,0.13944125175476074,inf,inf,2.203123092651367,qpeinexact with 7 qubits.
3,Quantum Phase Estimation (QPE) not exactly representable phase,0,1,0.004358053207397461,0.012631893157958984,0.016989946365356445,0.14186954498291016,qpeinexact with 3 qubits.
3,Quantum Phase Estimation (QPE) not exactly representable phase,0,3,0.00762176513671875,0.0186765193939209,0.02629828453063965,0.10323524475097656,qpeinexact with 3 qubits.
3,Quantum Phase Estimation (QPE) not exactly representable phase,H,1,0.00328826904296875,0.01339864730834961,0.01668691635131836,0.07115364074707031,qpeinexact with 3 qubits.
3,Quantum Phase Estimation (QPE) not exactly representable phase,H,3,0.007670164108276367,0.019295454025268555,0.026965618133544922,0.10358524322509766,qpeinexact with 3 qubits.
4,Quantum Phase Estimation (QPE) not exactly representable phase,0,1,0.003910064697265625,0.012450933456420898,0.016360998153686523,0.08604907989501953,qpeinexact with 4 qubits.
4,Quantum Phase Estimation (QPE) not exactly representable phase,0,4,0.012665033340454102,0.0434260368347168,0.0560910701751709,0.2048044204711914,qpeinexact with 4 qubits.
4,Quantum Phase Estimation (QPE) not exactly representable phase,H,1,0.00396728515625,0.009950399398803711,0.013917684555053711,0.08669376373291016,qpeinexact with 4 qubits.
4,Quantum Phase Estimation (QPE) not exactly representable phase,H,4,0.013691425323486328,0.04443526268005371,0.05812668800354004,0.20549774169921875,qpeinexact with 4 qubits.
5,Quantum Phase Estimation (QPE) not exactly representable phase,0,1,0.006132602691650391,0.016185283660888672,0.022317886352539062,0.10828781127929688,qpeinexact with 5 qubits.
5,Quantum Phase Estimation (QPE) not exactly representable phase,0,6,0.03260684013366699,0.8984365463256836,0.9310433864593506,0.51666259765625,qpeinexact with 5 qubits.
5,Quantum Phase Estimation (QPE) not exactly representable phase,H,1,0.007142066955566406,0.013704299926757812,0.02084636688232422,0.1083517074584961,qpeinexact with 5 qubits.
5,Quantum Phase Estimation (QPE) not exactly representable phase,H,6,0.0350344181060791,0.9052441120147705,0.9402785301208496,0.5165243148803711,qpeinexact with 5 qubits.
6,Quantum Phase Estimation (QPE) not exactly representable phase,0,1,0.008524179458618164,0.018637657165527344,0.027161836624145508,0.13724327087402344,qpeinexact with 6 qubits.
6,Quantum Phase Estimation (QPE) not exactly representable phase,0,8,0.062299489974975586,17.062283515930176,17.12458300590515,1.0340566635131836,qpeinexact with 6 qubits.
6,Quantum Phase Estimation (QPE) not exactly representable phase,H,1,0.008448362350463867,0.02064657211303711,0.029094934463500977,0.13724327087402344,qpeinexact with 6 qubits.
6,Quantum Phase Estimation (QPE) not exactly representable phase,H,8,0.06294941902160645,17.434696674346924,17.49764609336853,1.0294408798217773,qpeinexact with 6 qubits.
7,Quantum Phase Estimation (QPE) not exactly representable phase,0,1,0.011628389358520508,0.022477149963378906,0.034105539321899414,0.1802530288696289,qpeinexact with 7 qubits.
7,Quantum Phase Estimation (QPE) not exactly representable phase,0,12,0.1424086093902588,inf,inf,2.203123092651367,qpeinexact with 7 qubits.
3,Quantum Phase Estimation (QPE) not exactly representable phase,0,1,0.003781557083129883,0.013483285903930664,0.017264842987060547,0.14193344116210938,qpeinexact with 3 qubits.
3,Quantum Phase Estimation (QPE) not exactly representable phase,0,3,0.009490251541137695,0.016172170639038086,0.02566242218017578,0.10323524475097656,qpeinexact with 3 qubits.
3,Quantum Phase Estimation (QPE) not exactly representable phase,H,1,0.002599477767944336,0.010725259780883789,0.013324737548828125,0.07115364074707031,qpeinexact with 3 qubits.
3,Quantum Phase Estimation (QPE) not exactly representable phase,H,3,0.005402565002441406,0.01674199104309082,0.022144556045532227,0.10358524322509766,qpeinexact with 3 qubits.
4,Quantum Phase Estimation (QPE) not exactly representable phase,0,1,0.005614519119262695,0.011313438415527344,0.01692795753479004,0.08598518371582031,qpeinexact with 4 qubits.
4,Quantum Phase Estimation (QPE) not exactly representable phase,0,4,0.014132022857666016,0.04186224937438965,0.055994272232055664,0.2048044204711914,qpeinexact with 4 qubits.
4,Quantum Phase Estimation (QPE) not exactly representable phase,H,1,0.0041697025299072266,0.009655475616455078,0.013825178146362305,0.08662986755371094,qpeinexact with 4 qubits.
4,Quantum Phase Estimation (QPE) not exactly representable phase,H,4,0.013116598129272461,0.043959617614746094,0.057076215744018555,0.20549774169921875,qpeinexact with 4 qubits.
5,Quantum Phase Estimation (QPE) not exactly representable phase,0,1,0.006113290786743164,0.014455080032348633,0.020568370819091797,0.10828781127929688,qpeinexact with 5 qubits.
5,Quantum Phase Estimation (QPE) not exactly representable phase,0,6,0.03609156608581543,0.8908572196960449,0.9269487857818604,0.51666259765625,qpeinexact with 5 qubits.
5,Quantum Phase Estimation (QPE) not exactly representable phase,H,1,0.006274223327636719,0.015509605407714844,0.021783828735351562,0.10828781127929688,qpeinexact with 5 qubits.
5,Quantum Phase Estimation (QPE) not exactly representable phase,H,6,0.033013105392456055,0.8753175735473633,0.9083306789398193,0.5165243148803711,qpeinexact with 5 qubits.
6,Quantum Phase Estimation (QPE) not exactly representable phase,0,1,0.008314132690429688,0.018825769424438477,0.027139902114868164,0.13724327087402344,qpeinexact with 6 qubits.
6,Quantum Phase Estimation (QPE) not exactly representable phase,0,8,0.06369638442993164,17.22931742668152,17.29301381111145,1.0340566635131836,qpeinexact with 6 qubits.
6,Quantum Phase Estimation (QPE) not exactly representable phase,H,1,0.008523941040039062,0.019711732864379883,0.028235673904418945,0.13724327087402344,qpeinexact with 6 qubits.
6,Quantum Phase Estimation (QPE) not exactly representable phase,H,8,0.06125903129577637,17.489546060562134,17.55080509185791,1.0293769836425781,qpeinexact with 6 qubits.
7,Quantum Phase Estimation (QPE) not exactly representable phase,0,1,0.013962507247924805,0.02723836898803711,0.041200876235961914,0.18031692504882812,qpeinexact with 7 qubits.
7,Quantum Phase Estimation (QPE) not exactly representable phase,0,12,0.1329967975616455,inf,inf,2.203123092651367,qpeinexact with 7 qubits.
3,Quantum Phase Estimation (QPE) not exactly representable phase,0,1,0.005450725555419922,0.010479450225830078,0.01593017578125,0.14193344116210938,qpeinexact with 3 qubits.
3,Quantum Phase Estimation (QPE) not exactly representable phase,0,3,0.00686335563659668,0.017502546310424805,0.024365901947021484,0.1031789779663086,qpeinexact with 3 qubits.
3,Quantum Phase Estimation (QPE) not exactly representable phase,H,1,0.002826213836669922,0.009421586990356445,0.012247800827026367,0.07115364074707031,qpeinexact with 3 qubits.
3,Quantum Phase Estimation (QPE) not exactly representable phase,H,3,0.005896329879760742,0.016360998153686523,0.022257328033447266,0.10358524322509766,qpeinexact with 3 qubits.
4,Quantum Phase Estimation (QPE) not exactly representable phase,0,1,0.004086494445800781,0.010657787322998047,0.014744281768798828,0.08599281311035156,qpeinexact with 4 qubits.
4,Quantum Phase Estimation (QPE) not exactly representable phase,0,4,0.012848138809204102,0.044213056564331055,0.057061195373535156,0.2048044204711914,qpeinexact with 4 qubits.
4,Quantum Phase Estimation (QPE) not exactly representable phase,H,1,0.0039048194885253906,0.013022422790527344,0.016927242279052734,0.08669376373291016,qpeinexact with 4 qubits.
4,Quantum Phase Estimation (QPE) not exactly representable phase,H,4,0.013104677200317383,0.0451045036315918,0.05820918083190918,0.20549774169921875,qpeinexact with 4 qubits.
5,Quantum Phase Estimation (QPE) not exactly representable phase,0,1,0.005828857421875,0.012731075286865234,0.018559932708740234,0.10828781127929688,qpeinexact with 5 qubits.
5,Quantum Phase Estimation (QPE) not exactly representable phase,0,6,0.035419464111328125,0.889923095703125,0.9253425598144531,0.51666259765625,qpeinexact with 5 qubits.
5,Quantum Phase Estimation (QPE) not exactly representable phase,H,1,0.006781339645385742,0.013516902923583984,0.020298242568969727,0.1083517074584961,qpeinexact with 5 qubits.
5,Quantum Phase Estimation (QPE) not exactly representable phase,H,6,0.033608436584472656,0.9058406352996826,0.9394490718841553,0.5165243148803711,qpeinexact with 5 qubits.
6,Quantum Phase Estimation (QPE) not exactly representable phase,0,1,0.008878946304321289,0.02063131332397461,0.0295102596282959,0.13724327087402344,qpeinexact with 6 qubits.
6,Quantum Phase Estimation (QPE) not exactly representable phase,0,8,0.06089663505554199,17.030386447906494,17.091283082962036,1.0340566635131836,qpeinexact with 6 qubits.
6,Quantum Phase Estimation (QPE) not exactly representable phase,H,1,0.00935053825378418,0.01850414276123047,0.02785468101501465,0.13724327087402344,qpeinexact with 6 qubits.
6,Quantum Phase Estimation (QPE) not exactly representable phase,H,8,0.06707239151000977,17.379554986953735,17.446627378463745,1.0294408798217773,qpeinexact with 6 qubits.
7,Quantum Phase Estimation (QPE) not exactly representable phase,0,1,0.013275146484375,0.022991657257080078,0.03626680374145508,0.1802530288696289,qpeinexact with 7 qubits.
7,Quantum Phase Estimation (QPE) not exactly representable phase,0,12,0.13120293617248535,inf,inf,2.203123092651367,qpeinexact with 7 qubits.
3,Quantum Phase Estimation (QPE) not exactly representable phase,0,1,0.003256082534790039,0.011878013610839844,0.015134096145629883,0.14193344116210938,qpeinexact with 3 qubits.
3,Quantum Phase Estimation (QPE) not exactly representable phase,0,3,0.0056629180908203125,0.014440298080444336,0.02010321617126465,0.10323524475097656,qpeinexact with 3 qubits.
3,Quantum Phase Estimation (QPE) not exactly representable phase,H,1,0.002410888671875,0.01080632209777832,0.01321721076965332,0.07115364074707031,qpeinexact with 3 qubits.
3,Quantum Phase Estimation (QPE) not exactly representable phase,H,3,0.005652189254760742,0.014899730682373047,0.02055191993713379,0.10358524322509766,qpeinexact with 3 qubits.
4,Quantum Phase Estimation (QPE) not exactly representable phase,0,1,0.004332304000854492,0.011954784393310547,0.01628708839416504,0.08604907989501953,qpeinexact with 4 qubits.
4,Quantum Phase Estimation (QPE) not exactly representable phase,0,4,0.014380931854248047,0.0429539680480957,0.05733489990234375,0.2048044204711914,qpeinexact with 4 qubits.
4,Quantum Phase Estimation (QPE) not exactly representable phase,H,1,0.003796100616455078,0.011409521102905273,0.015205621719360352,0.08662986755371094,qpeinexact with 4 qubits.
4,Quantum Phase Estimation (QPE) not exactly representable phase,H,4,0.013575077056884766,0.04403042793273926,0.05760550498962402,0.20549774169921875,qpeinexact with 4 qubits.
5,Quantum Phase Estimation (QPE) not exactly representable phase,0,1,0.008387088775634766,0.012717008590698242,0.021104097366333008,0.1083517074584961,qpeinexact with 5 qubits.
5,Quantum Phase Estimation (QPE) not exactly representable phase,0,6,0.03259706497192383,0.8912351131439209,0.9238321781158447,0.51666259765625,qpeinexact with 5 qubits.
5,Quantum Phase Estimation (QPE) not exactly representable phase,H,1,0.005800485610961914,0.01416468620300293,0.019965171813964844,0.1083517074584961,qpeinexact with 5 qubits.
5,Quantum Phase Estimation (QPE) not exactly representable phase,H,6,0.031186580657958984,0.8830628395080566,0.9142494201660156,0.5165243148803711,qpeinexact with 5 qubits.
6,Quantum Phase Estimation (QPE) not exactly representable phase,0,1,0.008193731307983398,0.018537521362304688,0.026731252670288086,0.13724327087402344,qpeinexact with 6 qubits.
6,Quantum Phase Estimation (QPE) not exactly representable phase,0,8,0.0654141902923584,17.11269497871399,17.178109169006348,1.0340566635131836,qpeinexact with 6 qubits.
6,Quantum Phase Estimation (QPE) not exactly representable phase,H,1,0.009214162826538086,0.020654678344726562,0.02986884117126465,0.13724327087402344,qpeinexact with 6 qubits.
6,Quantum Phase Estimation (QPE) not exactly representable phase,H,8,0.0623323917388916,17.525028944015503,17.587361335754395,1.0294408798217773,qpeinexact with 6 qubits.
7,Quantum Phase Estimation (QPE) not exactly representable phase,0,1,0.015796899795532227,0.022303342819213867,0.038100242614746094,0.18031692504882812,qpeinexact with 7 qubits.
7,Quantum Phase Estimation (QPE) not exactly representable phase,0,12,0.14484524726867676,inf,inf,2.203123092651367,qpeinexact with 7 qubits.
3,Quantum Walk,0,1,0.013906240463256836,0.032238006591796875,0.04614424705505371,0.2264108657836914,qwalk with 3 qubits.
3,Quantum Walk,0,3,0.031485795974731445,0.09223699569702148,0.12372279167175293,0.47203826904296875,qwalk with 3 qubits.
3,Quantum Walk,H,1,0.011968851089477539,0.0242459774017334,0.03621482849121094,0.15374755859375,qwalk with 3 qubits.
3,Quantum Walk,H,3,0.026994943618774414,0.08800983428955078,0.1150047779083252,0.47066497802734375,qwalk with 3 qubits.
4,Quantum Walk,0,1,0.03344392776489258,0.21642661094665527,0.24987053871154785,0.5435590744018555,qwalk with 4 qubits.
4,Quantum Walk,0,4,0.13225460052490234,3.4649953842163086,3.597249984741211,2.21710205078125,qwalk with 4 qubits.
4,Quantum Walk,H,1,0.03678107261657715,0.20622825622558594,0.24300932884216309,0.5446023941040039,qwalk with 4 qubits.
4,Quantum Walk,H,4,0.13050198554992676,3.4181575775146484,3.548659563064575,2.2131500244140625,qwalk with 4 qubits.
5,Quantum Walk,0,1,0.1072843074798584,23.310014009475708,23.417298316955566,1.7357816696166992,qwalk with 5 qubits.
5,Quantum Walk,0,6,0.6502566337585449,inf,inf,10.001468658447266,qwalk with 5 qubits.
6,Quantum Walk,0,1,0.23563623428344727,inf,inf,3.957132339477539,qwalk with 6 qubits.
7,Quantum Walk,0,1,0.443251371383667,inf,inf,7.1782684326171875,qwalk with 7 qubits.
3,Quantum Walk,0,1,0.011184930801391602,0.02593088150024414,0.03711581230163574,0.2264108657836914,qwalk with 3 qubits.
3,Quantum Walk,0,3,0.028034210205078125,0.09767794609069824,0.12571215629577637,0.47203826904296875,qwalk with 3 qubits.
3,Quantum Walk,H,1,0.010071992874145508,0.025534629821777344,0.03560662269592285,0.15368366241455078,qwalk with 3 qubits.
3,Quantum Walk,H,3,0.027486085891723633,0.09147953987121582,0.11896562576293945,0.47066497802734375,qwalk with 3 qubits.
4,Quantum Walk,0,1,0.03300333023071289,0.21799302101135254,0.25099635124206543,0.5435590744018555,qwalk with 4 qubits.
4,Quantum Walk,0,4,0.13541769981384277,3.618748664855957,3.7541663646698,2.21710205078125,qwalk with 4 qubits.
4,Quantum Walk,H,1,0.03557991981506348,0.21268796920776367,0.24826788902282715,0.5445384979248047,qwalk with 4 qubits.
4,Quantum Walk,H,4,0.12883424758911133,3.4693992137908936,3.598233461380005,2.2131500244140625,qwalk with 4 qubits.
5,Quantum Walk,0,1,0.10613250732421875,23.367069482803345,23.473201990127563,1.7357816696166992,qwalk with 5 qubits.
5,Quantum Walk,0,6,0.64971923828125,inf,inf,10.001532554626465,qwalk with 5 qubits.
6,Quantum Walk,0,1,0.22574615478515625,inf,inf,3.957132339477539,qwalk with 6 qubits.
7,Quantum Walk,0,1,0.42359352111816406,inf,inf,7.1782684326171875,qwalk with 7 qubits.
3,Quantum Walk,0,1,0.011959314346313477,0.024880647659301758,0.036839962005615234,0.2264108657836914,qwalk with 3 qubits.
3,Quantum Walk,0,3,0.03281998634338379,0.10556888580322266,0.13838887214660645,0.47203826904296875,qwalk with 3 qubits.
3,Quantum Walk,H,1,0.00980234146118164,0.025675058364868164,0.035477399826049805,0.15374755859375,qwalk with 3 qubits.
3,Quantum Walk,H,3,0.026698589324951172,0.09130740165710449,0.11800599098205566,0.47066497802734375,qwalk with 3 qubits.
4,Quantum Walk,0,1,0.033542633056640625,0.20766210556030273,0.24120473861694336,0.5435590744018555,qwalk with 4 qubits.
4,Quantum Walk,0,4,0.13271164894104004,3.385169744491577,3.517881393432617,2.21710205078125,qwalk with 4 qubits.
4,Quantum Walk,H,1,0.03353285789489746,0.2076859474182129,0.24121880531311035,0.5446023941040039,qwalk with 4 qubits.
4,Quantum Walk,H,4,0.12946724891662598,3.379045009613037,3.508512258529663,2.2131500244140625,qwalk with 4 qubits.
5,Quantum Walk,0,1,0.10330677032470703,23.262232303619385,23.365539073944092,1.7357816696166992,qwalk with 5 qubits.
5,Quantum Walk,0,6,0.6557817459106445,inf,inf,10.001532554626465,qwalk with 5 qubits.
6,Quantum Walk,0,1,0.22991180419921875,inf,inf,3.957132339477539,qwalk with 6 qubits.
7,Quantum Walk,0,1,0.4237186908721924,inf,inf,7.1782684326171875,qwalk with 7 qubits.
3,Quantum Walk,0,1,0.011851310729980469,0.027683019638061523,0.03953433036804199,0.2263469696044922,qwalk with 3 qubits.
3,Quantum Walk,0,3,0.028720617294311523,0.09181666374206543,0.12053728103637695,0.47203826904296875,qwalk with 3 qubits.
3,Quantum Walk,H,1,0.00989675521850586,0.02562689781188965,0.03552365303039551,0.15374755859375,qwalk with 3 qubits.
3,Quantum Walk,H,3,0.029002904891967773,0.09306764602661133,0.1220705509185791,0.47066497802734375,qwalk with 3 qubits.
4,Quantum Walk,0,1,0.03503727912902832,0.21787166595458984,0.25290894508361816,0.5435590744018555,qwalk with 4 qubits.
4,Quantum Walk,0,4,0.13395285606384277,3.4223976135253906,3.5563504695892334,2.21710205078125,qwalk with 4 qubits.
4,Quantum Walk,H,1,0.036205291748046875,0.21114039421081543,0.2473456859588623,0.5446023941040039,qwalk with 4 qubits.
4,Quantum Walk,H,4,0.13068795204162598,3.37910532951355,3.509793281555176,2.2131500244140625,qwalk with 4 qubits.
5,Quantum Walk,0,1,0.11072087287902832,22.86155652999878,22.972277402877808,1.7357816696166992,qwalk with 5 qubits.
5,Quantum Walk,0,6,0.6590304374694824,inf,inf,10.001532554626465,qwalk with 5 qubits.
6,Quantum Walk,0,1,0.2390444278717041,inf,inf,3.957132339477539,qwalk with 6 qubits.
7,Quantum Walk,0,1,0.4392220973968506,inf,inf,7.1782684326171875,qwalk with 7 qubits.
3,Quantum Walk,0,1,0.012022972106933594,0.02497696876525879,0.03699994087219238,0.2263469696044922,qwalk with 3 qubits.
3,Quantum Walk,0,3,0.03171086311340332,0.09065127372741699,0.12236213684082031,0.47203826904296875,qwalk with 3 qubits.
3,Quantum Walk,H,1,0.009519100189208984,0.024143695831298828,0.03366279602050781,0.15374755859375,qwalk with 3 qubits.
3,Quantum Walk,H,3,0.025687217712402344,0.08597254753112793,0.11165976524353027,0.47066497802734375,qwalk with 3 qubits.
4,Quantum Walk,0,1,0.03774428367614746,0.2088637351989746,0.24660801887512207,0.5435590744018555,qwalk with 4 qubits.
4,Quantum Walk,0,4,0.1361234188079834,3.40602707862854,3.5421504974365234,2.21710205078125,qwalk with 4 qubits.
4,Quantum Walk,H,1,0.03485894203186035,0.21076035499572754,0.2456192970275879,0.5446023941040039,qwalk with 4 qubits.
4,Quantum Walk,H,4,0.13212227821350098,3.4296603202819824,3.5617825984954834,2.2131500244140625,qwalk with 4 qubits.
5,Quantum Walk,0,1,0.10053372383117676,23.53334069252014,23.63387441635132,1.7357177734375,qwalk with 5 qubits.
5,Quantum Walk,0,6,0.6685051918029785,inf,inf,10.001532554626465,qwalk with 5 qubits.
6,Quantum Walk,0,1,0.24103331565856934,inf,inf,3.95706844329834,qwalk with 6 qubits.
7,Quantum Walk,0,1,0.4311370849609375,inf,inf,7.1782684326171875,qwalk with 7 qubits.
3,Random Quantum Circuit,0,1,0.010185956954956055,0.01833033561706543,0.028516292572021484,0.17993831634521484,randomcircuit with 3 qubits.
3,Random Quantum Circuit,0,3,0.01725912094116211,0.05779838562011719,0.0750575065612793,0.2606229782104492,randomcircuit with 3 qubits.
3,Random Quantum Circuit,H,1,0.006081342697143555,0.012968063354492188,0.019049406051635742,0.10847949981689453,randomcircuit with 3 qubits.
3,Random Quantum Circuit,H,3,0.015837430953979492,0.05482792854309082,0.07066535949707031,0.2614908218383789,randomcircuit with 3 qubits.
4,Random Quantum Circuit,0,1,0.015554189682006836,0.02416372299194336,0.039717912673950195,0.23673439025878906,randomcircuit with 4 qubits.
4,Random Quantum Circuit,0,4,0.05829477310180664,1.3330905437469482,1.3913853168487549,0.9699764251708984,randomcircuit with 4 qubits.
4,Random Quantum Circuit,H,1,0.015809297561645508,0.023988723754882812,0.03979802131652832,0.23673439025878906,randomcircuit with 4 qubits.
4,Random Quantum Circuit,H,4,0.05741095542907715,1.3245279788970947,1.3819389343261719,0.9700298309326172,randomcircuit with 4 qubits.
3,Random Quantum Circuit,0,1,0.0070896148681640625,0.014955759048461914,0.022045373916625977,0.17987442016601562,randomcircuit with 3 qubits.
3,Random Quantum Circuit,0,3,0.0188596248626709,0.05964231491088867,0.07850193977355957,0.26068687438964844,randomcircuit with 3 qubits.
3,Random Quantum Circuit,H,1,0.010159015655517578,0.016659021377563477,0.026818037033081055,0.10847949981689453,randomcircuit with 3 qubits.
3,Random Quantum Circuit,H,3,0.018052101135253906,0.060774803161621094,0.078826904296875,0.2614908218383789,randomcircuit with 3 qubits.
4,Random Quantum Circuit,0,1,0.020529508590698242,0.029462814331054688,0.04999232292175293,0.23679828643798828,randomcircuit with 4 qubits.
4,Random Quantum Circuit,0,4,0.06667685508728027,1.458359956741333,1.5250368118286133,0.9699764251708984,randomcircuit with 4 qubits.
4,Random Quantum Circuit,H,1,0.01688694953918457,0.026057958602905273,0.042944908142089844,0.23679828643798828,randomcircuit with 4 qubits.
4,Random Quantum Circuit,H,4,0.0650479793548584,1.4759900569915771,1.5410380363464355,0.9700298309326172,randomcircuit with 4 qubits.
3,Random Quantum Circuit,0,1,0.01021122932434082,0.014567852020263672,0.024779081344604492,0.17993831634521484,randomcircuit with 3 qubits.
3,Random Quantum Circuit,0,3,0.02199840545654297,0.06113409996032715,0.08313250541687012,0.26068687438964844,randomcircuit with 3 qubits.
3,Random Quantum Circuit,H,1,0.006380796432495117,0.012596607208251953,0.01897740364074707,0.10847949981689453,randomcircuit with 3 qubits.
3,Random Quantum Circuit,H,3,0.020993709564208984,0.06176924705505371,0.0827629566192627,0.2615547180175781,randomcircuit with 3 qubits.
4,Random Quantum Circuit,0,1,0.01621842384338379,0.026953935623168945,0.043172359466552734,0.23679828643798828,randomcircuit with 4 qubits.
4,Random Quantum Circuit,0,4,0.059530019760131836,1.4351201057434082,1.49465012550354,0.9699764251708984,randomcircuit with 4 qubits.
4,Random Quantum Circuit,H,1,0.014540433883666992,0.024115562438964844,0.038655996322631836,0.23679828643798828,randomcircuit with 4 qubits.
4,Random Quantum Circuit,H,4,0.05601692199707031,1.3661627769470215,1.4221796989440918,0.9700298309326172,randomcircuit with 4 qubits.
3,Random Quantum Circuit,0,1,0.007830381393432617,0.016022205352783203,0.02385258674621582,0.17987442016601562,randomcircuit with 3 qubits.
3,Random Quantum Circuit,0,3,0.017677783966064453,0.05570483207702637,0.07338261604309082,0.26068687438964844,randomcircuit with 3 qubits.
3,Random Quantum Circuit,H,1,0.005422115325927734,0.013148307800292969,0.018570423126220703,0.10847949981689453,randomcircuit with 3 qubits.
3,Random Quantum Circuit,H,3,0.015107154846191406,0.05538773536682129,0.0704948902130127,0.2615547180175781,randomcircuit with 3 qubits.
4,Random Quantum Circuit,0,1,0.015715599060058594,0.026374340057373047,0.04208993911743164,0.23679828643798828,randomcircuit with 4 qubits.
4,Random Quantum Circuit,0,4,0.056658029556274414,1.3630013465881348,1.4196593761444092,0.9699764251708984,randomcircuit with 4 qubits.
4,Random Quantum Circuit,H,1,0.014817476272583008,0.030233383178710938,0.045050859451293945,0.23679828643798828,randomcircuit with 4 qubits.
4,Random Quantum Circuit,H,4,0.0596776008605957,1.3480801582336426,1.4077577590942383,0.9700298309326172,randomcircuit with 4 qubits.
3,Random Quantum Circuit,0,1,0.007142066955566406,0.013787031173706055,0.02092909812927246,0.17993831634521484,randomcircuit with 3 qubits.
3,Random Quantum Circuit,0,3,0.015676021575927734,0.05604410171508789,0.07172012329101562,0.26068687438964844,randomcircuit with 3 qubits.
3,Random Quantum Circuit,H,1,0.006194591522216797,0.01350092887878418,0.019695520401000977,0.10847949981689453,randomcircuit with 3 qubits.
3,Random Quantum Circuit,H,3,0.01539468765258789,0.059441566467285156,0.07483625411987305,0.2615547180175781,randomcircuit with 3 qubits.
4,Random Quantum Circuit,0,1,0.015828371047973633,0.029285430908203125,0.04511380195617676,0.23679828643798828,randomcircuit with 4 qubits.
4,Random Quantum Circuit,0,4,0.0574951171875,1.395531415939331,1.453026533126831,0.9699764251708984,randomcircuit with 4 qubits.
4,Random Quantum Circuit,H,1,0.021435976028442383,0.030396223068237305,0.05183219909667969,0.23679828643798828,randomcircuit with 4 qubits.
4,Random Quantum Circuit,H,4,0.058121681213378906,1.4207878112792969,1.4789094924926758,0.9700298309326172,randomcircuit with 4 qubits.
4,Ruiz-Garcia (RG) QFT Multiplier,0,1,0.006623744964599609,0.005901813507080078,0.012525558471679688,0.1642742156982422,rg_qft_multiplier with 4 qubits.
4,Ruiz-Garcia (RG) QFT Multiplier,0,4,0.013198137283325195,0.004704952239990234,0.01790308952331543,0.1973285675048828,rg_qft_multiplier with 4 qubits.
4,Ruiz-Garcia (RG) QFT Multiplier,H,1,0.004966020584106445,0.003222227096557617,0.008188247680664062,0.09384536743164062,rg_qft_multiplier with 4 qubits.
4,Ruiz-Garcia (RG) QFT Multiplier,H,4,0.01281881332397461,0.004556417465209961,0.01737523078918457,0.19697856903076172,rg_qft_multiplier with 4 qubits.
4,Ruiz-Garcia (RG) QFT Multiplier,0,1,0.005764484405517578,0.004632472991943359,0.010396957397460938,0.1642742156982422,rg_qft_multiplier with 4 qubits.
4,Ruiz-Garcia (RG) QFT Multiplier,0,4,0.014000892639160156,0.005167722702026367,0.019168615341186523,0.1973285675048828,rg_qft_multiplier with 4 qubits.
4,Ruiz-Garcia (RG) QFT Multiplier,H,1,0.005254507064819336,0.003263235092163086,0.008517742156982422,0.09384536743164062,rg_qft_multiplier with 4 qubits.
4,Ruiz-Garcia (RG) QFT Multiplier,H,4,0.01283884048461914,0.004606962203979492,0.017445802688598633,0.19697856903076172,rg_qft_multiplier with 4 qubits.
4,Ruiz-Garcia (RG) QFT Multiplier,0,1,0.005816936492919922,0.004275083541870117,0.010092020034790039,0.1642742156982422,rg_qft_multiplier with 4 qubits.
4,Ruiz-Garcia (RG) QFT Multiplier,0,4,0.01329350471496582,0.005396127700805664,0.018689632415771484,0.1973285675048828,rg_qft_multiplier with 4 qubits.
4,Ruiz-Garcia (RG) QFT Multiplier,H,1,0.0048906803131103516,0.005036354064941406,0.009927034378051758,0.09384536743164062,rg_qft_multiplier with 4 qubits.
4,Ruiz-Garcia (RG) QFT Multiplier,H,4,0.012815475463867188,0.0044138431549072266,0.017229318618774414,0.19697856903076172,rg_qft_multiplier with 4 qubits.
4,Ruiz-Garcia (RG) QFT Multiplier,0,1,0.00883030891418457,0.005818605422973633,0.014648914337158203,0.1642742156982422,rg_qft_multiplier with 4 qubits.
4,Ruiz-Garcia (RG) QFT Multiplier,0,4,0.015863418579101562,0.005004405975341797,0.02086782455444336,0.2423419952392578,rg_qft_multiplier with 4 qubits.
4,Ruiz-Garcia (RG) QFT Multiplier,H,1,0.0050737857818603516,0.0033419132232666016,0.008415699005126953,0.09384536743164062,rg_qft_multiplier with 4 qubits.
4,Ruiz-Garcia (RG) QFT Multiplier,H,4,0.0163571834564209,0.0053327083587646484,0.021689891815185547,0.2433300018310547,rg_qft_multiplier with 4 qubits.
4,Ruiz-Garcia (RG) QFT Multiplier,0,1,0.0052297115325927734,0.0039141178131103516,0.009143829345703125,0.1642742156982422,rg_qft_multiplier with 4 qubits.
4,Ruiz-Garcia (RG) QFT Multiplier,0,4,0.015730857849121094,0.005036115646362305,0.0207669734954834,0.2423419952392578,rg_qft_multiplier with 4 qubits.
4,Ruiz-Garcia (RG) QFT Multiplier,H,1,0.00448918342590332,0.004611015319824219,0.009100198745727539,0.09384536743164062,rg_qft_multiplier with 4 qubits.
4,Ruiz-Garcia (RG) QFT Multiplier,H,4,0.01649022102355957,0.004402637481689453,0.020892858505249023,0.2433300018310547,rg_qft_multiplier with 4 qubits.
4,Vedral-Barenco-Eker (VBE) Ripple-Carry Adder,0,1,0.004050731658935547,0.003727436065673828,0.007778167724609375,0.14986133575439453,vbe_ripple_carry_adder with 4 qubits.
4,Vedral-Barenco-Eker (VBE) Ripple-Carry Adder,0,4,0.010762929916381836,0.004341602325439453,0.015104532241821289,0.18387985229492188,vbe_ripple_carry_adder with 4 qubits.
4,Vedral-Barenco-Eker (VBE) Ripple-Carry Adder,H,1,0.0028901100158691406,0.0030455589294433594,0.0059356689453125,0.08249282836914062,vbe_ripple_carry_adder with 4 qubits.
4,Vedral-Barenco-Eker (VBE) Ripple-Carry Adder,H,4,0.010955095291137695,0.004235744476318359,0.015190839767456055,0.18352985382080078,vbe_ripple_carry_adder with 4 qubits.
7,Vedral-Barenco-Eker (VBE) Ripple-Carry Adder,0,1,0.008853912353515625,0.004923343658447266,0.01377725601196289,0.1467437744140625,vbe_ripple_carry_adder with 7 qubits.
7,Vedral-Barenco-Eker (VBE) Ripple-Carry Adder,0,12,0.0942232608795166,0.01961493492126465,0.11383819580078125,1.7088279724121094,vbe_ripple_carry_adder with 7 qubits.
7,Vedral-Barenco-Eker (VBE) Ripple-Carry Adder,H,1,0.009229660034179688,0.004660844802856445,0.013890504837036133,0.14540576934814453,vbe_ripple_carry_adder with 7 qubits.
7,Vedral-Barenco-Eker (VBE) Ripple-Carry Adder,H,12,0.09608840942382812,0.018819332122802734,0.11490774154663086,1.7142820358276367,vbe_ripple_carry_adder with 7 qubits.
4,Vedral-Barenco-Eker (VBE) Ripple-Carry Adder,0,1,0.0044307708740234375,0.004750728607177734,0.009181499481201172,0.14986133575439453,vbe_ripple_carry_adder with 4 qubits.
4,Vedral-Barenco-Eker (VBE) Ripple-Carry Adder,0,4,0.011540651321411133,0.005351543426513672,0.016892194747924805,0.18387985229492188,vbe_ripple_carry_adder with 4 qubits.
4,Vedral-Barenco-Eker (VBE) Ripple-Carry Adder,H,1,0.0031173229217529297,0.0033652782440185547,0.006482601165771484,0.08249282836914062,vbe_ripple_carry_adder with 4 qubits.
4,Vedral-Barenco-Eker (VBE) Ripple-Carry Adder,H,4,0.011133670806884766,0.0039026737213134766,0.015036344528198242,0.18352985382080078,vbe_ripple_carry_adder with 4 qubits.
7,Vedral-Barenco-Eker (VBE) Ripple-Carry Adder,0,1,0.008404731750488281,0.005171775817871094,0.013576507568359375,0.1467437744140625,vbe_ripple_carry_adder with 7 qubits.
7,Vedral-Barenco-Eker (VBE) Ripple-Carry Adder,0,12,0.09908437728881836,0.02145671844482422,0.12054109573364258,1.7088279724121094,vbe_ripple_carry_adder with 7 qubits.
7,Vedral-Barenco-Eker (VBE) Ripple-Carry Adder,H,1,0.011993646621704102,0.004042863845825195,0.016036510467529297,0.14540576934814453,vbe_ripple_carry_adder with 7 qubits.
7,Vedral-Barenco-Eker (VBE) Ripple-Carry Adder,H,12,0.09802889823913574,0.01739501953125,0.11542391777038574,1.7142820358276367,vbe_ripple_carry_adder with 7 qubits.
4,Vedral-Barenco-Eker (VBE) Ripple-Carry Adder,0,1,0.004862070083618164,0.004792928695678711,0.009654998779296875,0.1497974395751953,vbe_ripple_carry_adder with 4 qubits.
4,Vedral-Barenco-Eker (VBE) Ripple-Carry Adder,0,4,0.012504339218139648,0.004530191421508789,0.017034530639648438,0.18387985229492188,vbe_ripple_carry_adder with 4 qubits.
4,Vedral-Barenco-Eker (VBE) Ripple-Carry Adder,H,1,0.0033545494079589844,0.003847360610961914,0.0072019100189208984,0.08249282836914062,vbe_ripple_carry_adder with 4 qubits.
4,Vedral-Barenco-Eker (VBE) Ripple-Carry Adder,H,4,0.01346445083618164,0.007337093353271484,0.020801544189453125,0.18352985382080078,vbe_ripple_carry_adder with 4 qubits.
7,Vedral-Barenco-Eker (VBE) Ripple-Carry Adder,0,1,0.009485960006713867,0.004224300384521484,0.013710260391235352,0.1467437744140625,vbe_ripple_carry_adder with 7 qubits.
7,Vedral-Barenco-Eker (VBE) Ripple-Carry Adder,0,12,0.10331177711486816,0.01884770393371582,0.12215948104858398,1.7087640762329102,vbe_ripple_carry_adder with 7 qubits.
7,Vedral-Barenco-Eker (VBE) Ripple-Carry Adder,H,1,0.008449077606201172,0.005408763885498047,0.013857841491699219,0.14540576934814453,vbe_ripple_carry_adder with 7 qubits.
7,Vedral-Barenco-Eker (VBE) Ripple-Carry Adder,H,12,0.09457182884216309,0.019700288772583008,0.1142721176147461,1.7142820358276367,vbe_ripple_carry_adder with 7 qubits.
4,Vedral-Barenco-Eker (VBE) Ripple-Carry Adder,0,1,0.004216194152832031,0.005423784255981445,0.009639978408813477,0.1497974395751953,vbe_ripple_carry_adder with 4 qubits.
4,Vedral-Barenco-Eker (VBE) Ripple-Carry Adder,0,4,0.012306690216064453,0.0054438114166259766,0.01775050163269043,0.18387985229492188,vbe_ripple_carry_adder with 4 qubits.
4,Vedral-Barenco-Eker (VBE) Ripple-Carry Adder,H,1,0.0036211013793945312,0.003553628921508789,0.00717473030090332,0.08249282836914062,vbe_ripple_carry_adder with 4 qubits.
4,Vedral-Barenco-Eker (VBE) Ripple-Carry Adder,H,4,0.011188268661499023,0.00420689582824707,0.015395164489746094,0.18352985382080078,vbe_ripple_carry_adder with 4 qubits.
7,Vedral-Barenco-Eker (VBE) Ripple-Carry Adder,0,1,0.009049654006958008,0.003518342971801758,0.012567996978759766,0.1467437744140625,vbe_ripple_carry_adder with 7 qubits.
7,Vedral-Barenco-Eker (VBE) Ripple-Carry Adder,0,12,0.10706114768981934,0.018590211868286133,0.12565135955810547,1.7088279724121094,vbe_ripple_carry_adder with 7 qubits.
7,Vedral-Barenco-Eker (VBE) Ripple-Carry Adder,H,1,0.008339166641235352,0.0040569305419921875,0.012396097183227539,0.1453418731689453,vbe_ripple_carry_adder with 7 qubits.
7,Vedral-Barenco-Eker (VBE) Ripple-Carry Adder,H,12,0.09669685363769531,0.01943683624267578,0.1161336898803711,1.7142820358276367,vbe_ripple_carry_adder with 7 qubits.
4,Vedral-Barenco-Eker (VBE) Ripple-Carry Adder,0,1,0.006394147872924805,0.004332542419433594,0.010726690292358398,0.14986133575439453,vbe_ripple_carry_adder with 4 qubits.
4,Vedral-Barenco-Eker (VBE) Ripple-Carry Adder,0,4,0.012717962265014648,0.005058765411376953,0.0177767276763916,0.18387985229492188,vbe_ripple_carry_adder with 4 qubits.
4,Vedral-Barenco-Eker (VBE) Ripple-Carry Adder,H,1,0.0034737586975097656,0.0035400390625,0.007013797760009766,0.08249282836914062,vbe_ripple_carry_adder with 4 qubits.
4,Vedral-Barenco-Eker (VBE) Ripple-Carry Adder,H,4,0.012171506881713867,0.006743669509887695,0.018915176391601562,0.18352985382080078,vbe_ripple_carry_adder with 4 qubits.
7,Vedral-Barenco-Eker (VBE) Ripple-Carry Adder,0,1,0.009632587432861328,0.005367755889892578,0.015000343322753906,0.1467437744140625,vbe_ripple_carry_adder with 7 qubits.
7,Vedral-Barenco-Eker (VBE) Ripple-Carry Adder,0,12,0.1034078598022461,0.018967151641845703,0.1223750114440918,1.7088813781738281,vbe_ripple_carry_adder with 7 qubits.
7,Vedral-Barenco-Eker (VBE) Ripple-Carry Adder,H,1,0.009981870651245117,0.0051343441009521484,0.015116214752197266,0.14540576934814453,vbe_ripple_carry_adder with 7 qubits.
7,Vedral-Barenco-Eker (VBE) Ripple-Carry Adder,H,12,0.1000204086303711,0.01904606819152832,0.11906647682189941,1.7142820358276367,vbe_ripple_carry_adder with 7 qubits.
3,W-State,0,1,0.003281116485595703,0.01027536392211914,0.013556480407714844,0.14135360717773438,wstate with 3 qubits.
3,W-State,0,3,0.005658149719238281,0.016466379165649414,0.022124528884887695,0.10057830810546875,wstate with 3 qubits.
3,W-State,H,1,0.003176450729370117,0.01020669937133789,0.013383150100708008,0.07061958312988281,wstate with 3 qubits.
3,W-State,H,3,0.00517582893371582,0.016629934310913086,0.021805763244628906,0.1009054183959961,wstate with 3 qubits.
4,W-State,0,1,0.003841400146484375,0.011545658111572266,0.01538705825805664,0.07804203033447266,wstate with 4 qubits.
4,W-State,0,4,0.010863542556762695,0.043794870376586914,0.05465841293334961,0.14815998077392578,wstate with 4 qubits.
4,W-State,H,1,0.004572391510009766,0.009572744369506836,0.014145135879516602,0.07804203033447266,wstate with 4 qubits.
4,W-State,H,4,0.009569883346557617,0.039736270904541016,0.04930615425109863,0.149658203125,wstate with 4 qubits.
5,W-State,0,1,0.0041162967681884766,0.011512994766235352,0.015629291534423828,0.08580589294433594,wstate with 5 qubits.
5,W-State,0,6,0.020814895629882812,0.5148904323577881,0.5357053279876709,0.2967824935913086,wstate with 5 qubits.
5,W-State,H,1,0.004515886306762695,0.011620521545410156,0.01613640785217285,0.08580589294433594,wstate with 5 qubits.
5,W-State,H,6,0.022461652755737305,0.49190449714660645,0.5143661499023438,0.2965078353881836,wstate with 5 qubits.
6,W-State,0,1,0.00444793701171875,0.012578725814819336,0.017026662826538086,0.0937347412109375,wstate with 6 qubits.
6,W-State,0,8,0.036401987075805664,5.4251978397369385,5.461599826812744,0.4953184127807617,wstate with 6 qubits.
6,W-State,H,1,0.009302377700805664,0.01413273811340332,0.023435115814208984,0.0937347412109375,wstate with 6 qubits.
6,W-State,H,8,0.030185937881469727,5.348534822463989,5.378720760345459,0.4957084655761719,wstate with 6 qubits.
7,W-State,0,1,0.007592201232910156,0.012348651885986328,0.019940853118896484,0.1013021469116211,wstate with 7 qubits.
7,W-State,0,12,0.06449317932128906,122.4785053730011,122.54299855232239,0.898900032043457,wstate with 7 qubits.
7,W-State,H,1,0.006083250045776367,0.015617847442626953,0.02170109748840332,0.10127544403076172,wstate with 7 qubits.
7,W-State,H,12,0.05895566940307617,121.89516115188599,121.95411682128906,0.8988733291625977,wstate with 7 qubits.
3,W-State,0,1,0.0036783218383789062,0.01166224479675293,0.015340566635131836,0.14135360717773438,wstate with 3 qubits.
3,W-State,0,3,0.006022930145263672,0.01674962043762207,0.022772550582885742,0.10057830810546875,wstate with 3 qubits.
3,W-State,H,1,0.0024750232696533203,0.008517742156982422,0.010992765426635742,0.07061958312988281,wstate with 3 qubits.
3,W-State,H,3,0.005980730056762695,0.018889665603637695,0.02487039566040039,0.1009054183959961,wstate with 3 qubits.
4,W-State,0,1,0.00429844856262207,0.011351585388183594,0.015650033950805664,0.07804203033447266,wstate with 4 qubits.
4,W-State,0,4,0.009813785552978516,0.039309024810791016,0.04912281036376953,0.14815998077392578,wstate with 4 qubits.
4,W-State,H,1,0.003449678421020508,0.008677244186401367,0.012126922607421875,0.07804203033447266,wstate with 4 qubits.
4,W-State,H,4,0.012438774108886719,0.045030832290649414,0.05746960639953613,0.149658203125,wstate with 4 qubits.
5,W-State,0,1,0.004231691360473633,0.01531672477722168,0.019548416137695312,0.08580589294433594,wstate with 5 qubits.
5,W-State,0,6,0.020392417907714844,0.4777102470397949,0.49810266494750977,0.2967824935913086,wstate with 5 qubits.
5,W-State,H,1,0.004803180694580078,0.009869575500488281,0.01467275619506836,0.08580589294433594,wstate with 5 qubits.
5,W-State,H,6,0.019440889358520508,0.47750115394592285,0.49694204330444336,0.2965078353881836,wstate with 5 qubits.
6,W-State,0,1,0.004304647445678711,0.011185407638549805,0.015490055084228516,0.0937347412109375,wstate with 6 qubits.
6,W-State,0,8,0.030902862548828125,5.300699472427368,5.331602334976196,0.4953184127807617,wstate with 6 qubits.
6,W-State,H,1,0.00556492805480957,0.01209259033203125,0.01765751838684082,0.0937347412109375,wstate with 6 qubits.
6,W-State,H,8,0.031991004943847656,5.348775625228882,5.3807666301727295,0.4957084655761719,wstate with 6 qubits.
7,W-State,0,1,0.006081342697143555,0.012611865997314453,0.018693208694458008,0.10123825073242188,wstate with 7 qubits.
7,W-State,0,12,0.059533119201660156,123.29718661308289,123.35671973228455,0.898900032043457,wstate with 7 qubits.
7,W-State,H,1,0.006403207778930664,0.011574506759643555,0.01797771453857422,0.10127544403076172,wstate with 7 qubits.
7,W-State,H,12,0.05790591239929199,122.07242345809937,122.13032937049866,0.8988733291625977,wstate with 7 qubits.
3,W-State,0,1,0.0032138824462890625,0.009521961212158203,0.012735843658447266,0.14128971099853516,wstate with 3 qubits.
3,W-State,0,3,0.005181074142456055,0.01784658432006836,0.023027658462524414,0.10057830810546875,wstate with 3 qubits.
3,W-State,H,1,0.002104043960571289,0.008050680160522461,0.01015472412109375,0.07061958312988281,wstate with 3 qubits.
3,W-State,H,3,0.007559299468994141,0.01897716522216797,0.02653646469116211,0.1009054183959961,wstate with 3 qubits.
4,W-State,0,1,0.003082752227783203,0.012764930725097656,0.01584768295288086,0.07804203033447266,wstate with 4 qubits.
4,W-State,0,4,0.011009693145751953,0.03646659851074219,0.04747629165649414,0.14815998077392578,wstate with 4 qubits.
4,W-State,H,1,0.003075122833251953,0.011591911315917969,0.014667034149169922,0.07804203033447266,wstate with 4 qubits.
4,W-State,H,4,0.011508941650390625,0.03947257995605469,0.05098152160644531,0.149658203125,wstate with 4 qubits.
5,W-State,0,1,0.0037577152252197266,0.00977635383605957,0.013534069061279297,0.08580589294433594,wstate with 5 qubits.
5,W-State,0,6,0.022518634796142578,0.48337459564208984,0.5058932304382324,0.2967824935913086,wstate with 5 qubits.
5,W-State,H,1,0.007075071334838867,0.01130986213684082,0.018384933471679688,0.08574199676513672,wstate with 5 qubits.
5,W-State,H,6,0.020140886306762695,0.489976167678833,0.5101170539855957,0.2965078353881836,wstate with 5 qubits.
6,W-State,0,1,0.0043332576751708984,0.010374784469604492,0.01470804214477539,0.09367084503173828,wstate with 6 qubits.
6,W-State,0,8,0.035243988037109375,5.3504111766815186,5.385655164718628,0.4953184127807617,wstate with 6 qubits.
6,W-State,H,1,0.00615692138671875,0.011156082153320312,0.017313003540039062,0.0937347412109375,wstate with 6 qubits.
6,W-State,H,8,0.029092073440551758,5.271524667739868,5.30061674118042,0.49564456939697266,wstate with 6 qubits.
7,W-State,0,1,0.007070064544677734,0.012804985046386719,0.019875049591064453,0.1013021469116211,wstate with 7 qubits.
7,W-State,0,12,0.05544304847717285,122.48981499671936,122.54525804519653,0.898900032043457,wstate with 7 qubits.
7,W-State,H,1,0.006426572799682617,0.010531187057495117,0.016957759857177734,0.10127544403076172,wstate with 7 qubits.
7,W-State,H,12,0.05372476577758789,121.76239156723022,121.81611633300781,0.8988733291625977,wstate with 7 qubits.
3,W-State,0,1,0.0035254955291748047,0.00896310806274414,0.012488603591918945,0.14135360717773438,wstate with 3 qubits.
3,W-State,0,3,0.006352901458740234,0.017704248428344727,0.02405714988708496,0.10051441192626953,wstate with 3 qubits.
3,W-State,H,1,0.0022552013397216797,0.008983612060546875,0.011238813400268555,0.07061958312988281,wstate with 3 qubits.
3,W-State,H,3,0.005067348480224609,0.01642584800720215,0.021493196487426758,0.1009054183959961,wstate with 3 qubits.
4,W-State,0,1,0.0031828880310058594,0.012311458587646484,0.015494346618652344,0.07804203033447266,wstate with 4 qubits.
4,W-State,0,4,0.009650468826293945,0.04124712944030762,0.05089759826660156,0.14815998077392578,wstate with 4 qubits.
4,W-State,H,1,0.002899646759033203,0.01064300537109375,0.013542652130126953,0.07804203033447266,wstate with 4 qubits.
4,W-State,H,4,0.009913206100463867,0.04285740852355957,0.05277061462402344,0.149658203125,wstate with 4 qubits.
5,W-State,0,1,0.004804372787475586,0.011853218078613281,0.016657590866088867,0.08580589294433594,wstate with 5 qubits.
5,W-State,0,6,0.024648189544677734,0.4931216239929199,0.5177698135375977,0.2967824935913086,wstate with 5 qubits.
5,W-State,H,1,0.0038487911224365234,0.011734724044799805,0.015583515167236328,0.08574199676513672,wstate with 5 qubits.
5,W-State,H,6,0.018732070922851562,0.47947192192077637,0.49820399284362793,0.2965078353881836,wstate with 5 qubits.
6,W-State,0,1,0.004649162292480469,0.011404275894165039,0.016053438186645508,0.0937347412109375,wstate with 6 qubits.
6,W-State,0,8,0.03124260902404785,5.387284994125366,5.418527603149414,0.4953184127807617,wstate with 6 qubits.
6,W-State,H,1,0.00451350212097168,0.010498762130737305,0.015012264251708984,0.0937347412109375,wstate with 6 qubits.
6,W-State,H,8,0.03421902656555176,5.39124059677124,5.425459623336792,0.4957084655761719,wstate with 6 qubits.
7,W-State,0,1,0.010204315185546875,0.01616048812866211,0.026364803314208984,0.1013021469116211,wstate with 7 qubits.
7,W-State,0,12,0.06278467178344727,122.16078472137451,122.22356939315796,0.898900032043457,wstate with 7 qubits.
7,W-State,H,1,0.005378007888793945,0.01191091537475586,0.017288923263549805,0.10127544403076172,wstate with 7 qubits.
7,W-State,H,12,0.05632519721984863,124.70128655433655,124.7576117515564,0.8988733291625977,wstate with 7 qubits.
3,W-State,0,1,0.004110097885131836,0.015016555786132812,0.01912665367126465,0.14135360717773438,wstate with 3 qubits.
3,W-State,0,3,0.006078243255615234,0.02457141876220703,0.030649662017822266,0.10057830810546875,wstate with 3 qubits.
3,W-State,H,1,0.0033676624298095703,0.009937286376953125,0.013304948806762695,0.07061958312988281,wstate with 3 qubits.
3,W-State,H,3,0.005040645599365234,0.0216827392578125,0.026723384857177734,0.1009054183959961,wstate with 3 qubits.
4,W-State,0,1,0.0031795501708984375,0.011037111282348633,0.01421666145324707,0.07804203033447266,wstate with 4 qubits.
4,W-State,0,4,0.010045528411865234,0.04337358474731445,0.05341911315917969,0.14809608459472656,wstate with 4 qubits.
4,W-State,H,1,0.004235506057739258,0.009755134582519531,0.013990640640258789,0.07804203033447266,wstate with 4 qubits.
4,W-State,H,4,0.010088920593261719,0.03688645362854004,0.04697537422180176,0.149658203125,wstate with 4 qubits.
5,W-State,0,1,0.0034444332122802734,0.010094404220581055,0.013538837432861328,0.08574962615966797,wstate with 5 qubits.
5,W-State,0,6,0.017473697662353516,0.49791765213012695,0.5153913497924805,0.2967824935913086,wstate with 5 qubits.
5,W-State,H,1,0.003855466842651367,0.011689901351928711,0.015545368194580078,0.08580589294433594,wstate with 5 qubits.
5,W-State,H,6,0.018301963806152344,0.48099470138549805,0.4992966651916504,0.2965078353881836,wstate with 5 qubits.
6,W-State,0,1,0.00417017936706543,0.011922836303710938,0.016093015670776367,0.0937347412109375,wstate with 6 qubits.
6,W-State,0,8,0.03197216987609863,5.347249269485474,5.379221439361572,0.4953184127807617,wstate with 6 qubits.
6,W-State,H,1,0.004770040512084961,0.011679649353027344,0.016449689865112305,0.0937347412109375,wstate with 6 qubits.
6,W-State,H,8,0.029880285263061523,5.349531650543213,5.379411935806274,0.4957084655761719,wstate with 6 qubits.
7,W-State,0,1,0.006180524826049805,0.011757850646972656,0.01793837547302246,0.1013021469116211,wstate with 7 qubits.
7,W-State,0,12,0.056529998779296875,123.1968686580658,123.25339865684509,0.898900032043457,wstate with 7 qubits.
7,W-State,H,1,0.008040428161621094,0.014909744262695312,0.022950172424316406,0.10127544403076172,wstate with 7 qubits.
7,W-State,H,12,0.05542731285095215,122.69980478286743,122.75523209571838,0.8988733291625977,wstate with 7 qubits.
