size,name,obs,kappa,time_iteration,memory (MB),problem
3,Amplitude Estimation,0,1,0.0639955997467041,0.8648099899291992,ae with 3 qubits.
3,Amplitude Estimation,0,3,0.05114150047302246,0.2652931213378906,ae with 3 qubits.
3,Amplitude Estimation,H,1,0.037821054458618164,0.17491722106933594,ae with 3 qubits.
3,Amplitude Estimation,H,3,0.046247243881225586,0.2511329650878906,ae with 3 qubits.
4,Amplitude Estimation,0,1,0.04328441619873047,0.20206260681152344,ae with 4 qubits.
4,Amplitude Estimation,0,4,0.06865572929382324,0.4079275131225586,ae with 4 qubits.
4,Amplitude Estimation,H,1,0.04966139793395996,0.20188236236572266,ae with 4 qubits.
4,Amplitude Estimation,H,4,0.082366943359375,0.3998241424560547,ae with 4 qubits.
5,Amplitude Estimation,0,1,0.06661581993103027,0.23961544036865234,ae with 5 qubits.
5,Amplitude Estimation,0,6,0.17684388160705566,0.8254604339599609,ae with 5 qubits.
5,Amplitude Estimation,H,1,0.0628054141998291,0.24154376983642578,ae with 5 qubits.
5,Amplitude Estimation,H,6,0.16688919067382812,0.7881622314453125,ae with 5 qubits.
6,Amplitude Estimation,0,1,0.22939753532409668,0.5861377716064453,ae with 6 qubits.
6,Amplitude Estimation,0,8,1.3550879955291748,1.882411003112793,ae with 6 qubits.
6,Amplitude Estimation,H,1,0.19849872589111328,0.4624967575073242,ae with 6 qubits.
6,Amplitude Estimation,H,8,1.5563592910766602,1.7296314239501953,ae with 6 qubits.
7,Amplitude Estimation,0,1,0.3643462657928467,0.6625394821166992,ae with 7 qubits.
7,Amplitude Estimation,0,12,3.8810818195343018,4.051725387573242,ae with 7 qubits.
7,Amplitude Estimation,H,1,0.3563723564147949,0.7284460067749023,ae with 7 qubits.
7,Amplitude Estimation,H,12,3.895275592803955,3.949766159057617,ae with 7 qubits.
3,Amplitude Estimation,0,1,0.08016371726989746,0.8638267517089844,ae with 3 qubits.
3,Amplitude Estimation,0,3,0.0659489631652832,0.2587108612060547,ae with 3 qubits.
3,Amplitude Estimation,H,1,0.0495607852935791,0.1728343963623047,ae with 3 qubits.
3,Amplitude Estimation,H,3,0.05788826942443848,0.2501869201660156,ae with 3 qubits.
4,Amplitude Estimation,0,1,0.04974031448364258,0.20501041412353516,ae with 4 qubits.
4,Amplitude Estimation,0,4,0.0992276668548584,0.4078969955444336,ae with 4 qubits.
4,Amplitude Estimation,H,1,0.05198335647583008,0.20078277587890625,ae with 4 qubits.
4,Amplitude Estimation,H,4,0.08983874320983887,0.4024667739868164,ae with 4 qubits.
5,Amplitude Estimation,0,1,0.07171106338500977,0.24277877807617188,ae with 5 qubits.
5,Amplitude Estimation,0,6,0.17613506317138672,0.8272075653076172,ae with 5 qubits.
5,Amplitude Estimation,H,1,0.06419491767883301,0.24344730377197266,ae with 5 qubits.
5,Amplitude Estimation,H,6,0.16160917282104492,0.7900485992431641,ae with 5 qubits.
6,Amplitude Estimation,0,1,0.20845508575439453,0.6027278900146484,ae with 6 qubits.
6,Amplitude Estimation,0,8,1.3743500709533691,1.8624944686889648,ae with 6 qubits.
6,Amplitude Estimation,H,1,0.2310793399810791,0.44998741149902344,ae with 6 qubits.
6,Amplitude Estimation,H,8,1.5091814994812012,1.7375802993774414,ae with 6 qubits.
7,Amplitude Estimation,0,1,0.3520805835723877,0.6230258941650391,ae with 7 qubits.
7,Amplitude Estimation,0,12,4.030354738235474,4.068487167358398,ae with 7 qubits.
7,Amplitude Estimation,H,1,0.338573694229126,0.6239967346191406,ae with 7 qubits.
7,Amplitude Estimation,H,12,3.8531248569488525,3.942173957824707,ae with 7 qubits.
3,Amplitude Estimation,0,1,0.07050633430480957,0.8636894226074219,ae with 3 qubits.
3,Amplitude Estimation,0,3,0.07180380821228027,0.26372814178466797,ae with 3 qubits.
3,Amplitude Estimation,H,1,0.04516959190368652,0.17717266082763672,ae with 3 qubits.
3,Amplitude Estimation,H,3,0.06184506416320801,0.25109004974365234,ae with 3 qubits.
4,Amplitude Estimation,0,1,0.05099320411682129,0.2064361572265625,ae with 4 qubits.
4,Amplitude Estimation,0,4,0.09752297401428223,0.40964317321777344,ae with 4 qubits.
4,Amplitude Estimation,H,1,0.05879521369934082,0.20282936096191406,ae with 4 qubits.
4,Amplitude Estimation,H,4,0.09382057189941406,0.4016265869140625,ae with 4 qubits.
5,Amplitude Estimation,0,1,0.06536030769348145,0.2397775650024414,ae with 5 qubits.
5,Amplitude Estimation,0,6,0.18486404418945312,0.8260669708251953,ae with 5 qubits.
5,Amplitude Estimation,H,1,0.06864261627197266,0.2412881851196289,ae with 5 qubits.
5,Amplitude Estimation,H,6,0.18619322776794434,0.78863525390625,ae with 5 qubits.
6,Amplitude Estimation,0,1,0.19663238525390625,0.5890493392944336,ae with 6 qubits.
6,Amplitude Estimation,0,8,1.2600929737091064,1.8811635971069336,ae with 6 qubits.
6,Amplitude Estimation,H,1,0.19112157821655273,0.4618978500366211,ae with 6 qubits.
6,Amplitude Estimation,H,8,1.467987298965454,1.7497806549072266,ae with 6 qubits.
7,Amplitude Estimation,0,1,0.3657653331756592,0.6476278305053711,ae with 7 qubits.
7,Amplitude Estimation,0,12,3.832343578338623,4.1685590744018555,ae with 7 qubits.
7,Amplitude Estimation,H,1,0.33682870864868164,0.6810131072998047,ae with 7 qubits.
7,Amplitude Estimation,H,12,3.8748507499694824,3.9367599487304688,ae with 7 qubits.
3,Amplitude Estimation,0,1,0.07602119445800781,0.8670110702514648,ae with 3 qubits.
3,Amplitude Estimation,0,3,0.06832194328308105,0.26350975036621094,ae with 3 qubits.
3,Amplitude Estimation,H,1,0.04521608352661133,0.1773052215576172,ae with 3 qubits.
3,Amplitude Estimation,H,3,0.05901813507080078,0.2530794143676758,ae with 3 qubits.
4,Amplitude Estimation,0,1,0.0565495491027832,0.20483684539794922,ae with 4 qubits.
4,Amplitude Estimation,0,4,0.08585453033447266,0.4087953567504883,ae with 4 qubits.
4,Amplitude Estimation,H,1,0.05243730545043945,0.201568603515625,ae with 4 qubits.
4,Amplitude Estimation,H,4,0.08869504928588867,0.4022531509399414,ae with 4 qubits.
5,Amplitude Estimation,0,1,0.06078958511352539,0.24077129364013672,ae with 5 qubits.
5,Amplitude Estimation,0,6,0.18319177627563477,0.8263387680053711,ae with 5 qubits.
5,Amplitude Estimation,H,1,0.0627593994140625,0.2418193817138672,ae with 5 qubits.
5,Amplitude Estimation,H,6,0.15949654579162598,0.7863082885742188,ae with 5 qubits.
6,Amplitude Estimation,0,1,0.18257427215576172,0.5890893936157227,ae with 6 qubits.
6,Amplitude Estimation,0,8,1.2941670417785645,1.880976676940918,ae with 6 qubits.
6,Amplitude Estimation,H,1,0.18375515937805176,0.46155261993408203,ae with 6 qubits.
6,Amplitude Estimation,H,8,1.4621455669403076,1.729684829711914,ae with 6 qubits.
7,Amplitude Estimation,0,1,0.3626854419708252,0.6627655029296875,ae with 7 qubits.
7,Amplitude Estimation,0,12,3.682056188583374,4.0486249923706055,ae with 7 qubits.
7,Amplitude Estimation,H,1,0.35124874114990234,0.7278594970703125,ae with 7 qubits.
7,Amplitude Estimation,H,12,3.883409261703491,3.947813034057617,ae with 7 qubits.
3,Amplitude Estimation,0,1,0.06672883033752441,0.8654193878173828,ae with 3 qubits.
3,Amplitude Estimation,0,3,0.06432723999023438,0.2627716064453125,ae with 3 qubits.
3,Amplitude Estimation,H,1,0.04761219024658203,0.17680072784423828,ae with 3 qubits.
3,Amplitude Estimation,H,3,0.06093311309814453,0.25394248962402344,ae with 3 qubits.
4,Amplitude Estimation,0,1,0.055090904235839844,0.2078418731689453,ae with 4 qubits.
4,Amplitude Estimation,0,4,0.09084796905517578,0.4080085754394531,ae with 4 qubits.
4,Amplitude Estimation,H,1,0.05156421661376953,0.20159435272216797,ae with 4 qubits.
4,Amplitude Estimation,H,4,0.08950185775756836,0.4024515151977539,ae with 4 qubits.
5,Amplitude Estimation,0,1,0.06801700592041016,0.2400054931640625,ae with 5 qubits.
5,Amplitude Estimation,0,6,0.19677519798278809,0.8257865905761719,ae with 5 qubits.
5,Amplitude Estimation,H,1,0.06010866165161133,0.23965167999267578,ae with 5 qubits.
5,Amplitude Estimation,H,6,0.16777896881103516,0.7848672866821289,ae with 5 qubits.
6,Amplitude Estimation,0,1,0.21658730506896973,0.5596523284912109,ae with 6 qubits.
6,Amplitude Estimation,0,8,1.3803036212921143,1.878173828125,ae with 6 qubits.
6,Amplitude Estimation,H,1,0.21188688278198242,0.46838951110839844,ae with 6 qubits.
6,Amplitude Estimation,H,8,1.4735980033874512,1.7536401748657227,ae with 6 qubits.
7,Amplitude Estimation,0,1,0.35144853591918945,0.6554384231567383,ae with 7 qubits.
7,Amplitude Estimation,0,12,3.7088966369628906,4.048888206481934,ae with 7 qubits.
7,Amplitude Estimation,H,1,0.34436559677124023,0.7340164184570312,ae with 7 qubits.
7,Amplitude Estimation,H,12,3.745742082595825,3.944732666015625,ae with 7 qubits.
3,Bernstein-Vazirani,0,1,0.06683707237243652,1.1170921325683594,bv with 3 qubits.
3,Bernstein-Vazirani,0,3,0.039026498794555664,0.13132858276367188,bv with 3 qubits.
3,Bernstein-Vazirani,H,1,0.03192758560180664,0.1155242919921875,bv with 3 qubits.
3,Bernstein-Vazirani,H,3,0.03382086753845215,0.1257038116455078,bv with 3 qubits.
4,Bernstein-Vazirani,0,1,0.03945040702819824,0.11794376373291016,bv with 4 qubits.
4,Bernstein-Vazirani,0,4,0.03630638122558594,0.1330575942993164,bv with 4 qubits.
4,Bernstein-Vazirani,H,1,0.031763315200805664,0.11719512939453125,bv with 4 qubits.
4,Bernstein-Vazirani,H,4,0.03691744804382324,0.13430500030517578,bv with 4 qubits.
5,Bernstein-Vazirani,0,1,0.03745317459106445,0.11049365997314453,bv with 5 qubits.
5,Bernstein-Vazirani,0,6,0.040228843688964844,0.1505451202392578,bv with 5 qubits.
5,Bernstein-Vazirani,H,1,0.0333864688873291,0.1142740249633789,bv with 5 qubits.
5,Bernstein-Vazirani,H,6,0.03848123550415039,0.15336036682128906,bv with 5 qubits.
6,Bernstein-Vazirani,0,1,0.037058115005493164,0.11545181274414062,bv with 6 qubits.
6,Bernstein-Vazirani,0,8,0.04032707214355469,0.18266963958740234,bv with 6 qubits.
6,Bernstein-Vazirani,H,1,0.03484654426574707,0.11608409881591797,bv with 6 qubits.
6,Bernstein-Vazirani,H,8,0.038924217224121094,0.181793212890625,bv with 6 qubits.
7,Bernstein-Vazirani,0,1,0.03678584098815918,0.11499786376953125,bv with 7 qubits.
7,Bernstein-Vazirani,0,12,0.048610687255859375,0.22298622131347656,bv with 7 qubits.
7,Bernstein-Vazirani,H,1,0.03444695472717285,0.11979389190673828,bv with 7 qubits.
7,Bernstein-Vazirani,H,12,0.04353499412536621,0.2152576446533203,bv with 7 qubits.
3,Bernstein-Vazirani,0,1,0.0641484260559082,1.114583969116211,bv with 3 qubits.
3,Bernstein-Vazirani,0,3,0.04132676124572754,0.13776874542236328,bv with 3 qubits.
3,Bernstein-Vazirani,H,1,0.03278851509094238,0.11471748352050781,bv with 3 qubits.
3,Bernstein-Vazirani,H,3,0.03617048263549805,0.1282339096069336,bv with 3 qubits.
4,Bernstein-Vazirani,0,1,0.038089752197265625,0.11786651611328125,bv with 4 qubits.
4,Bernstein-Vazirani,0,4,0.049015045166015625,0.1341094970703125,bv with 4 qubits.
4,Bernstein-Vazirani,H,1,0.035604000091552734,0.11460590362548828,bv with 4 qubits.
4,Bernstein-Vazirani,H,4,0.033507585525512695,0.13263797760009766,bv with 4 qubits.
5,Bernstein-Vazirani,0,1,0.03326582908630371,0.11079692840576172,bv with 5 qubits.
5,Bernstein-Vazirani,0,6,0.03843545913696289,0.15075969696044922,bv with 5 qubits.
5,Bernstein-Vazirani,H,1,0.03363037109375,0.11598968505859375,bv with 5 qubits.
5,Bernstein-Vazirani,H,6,0.04359936714172363,0.15556621551513672,bv with 5 qubits.
6,Bernstein-Vazirani,0,1,0.03334689140319824,0.11865901947021484,bv with 6 qubits.
6,Bernstein-Vazirani,0,8,0.04143357276916504,0.18332290649414062,bv with 6 qubits.
6,Bernstein-Vazirani,H,1,0.03543424606323242,0.11579227447509766,bv with 6 qubits.
6,Bernstein-Vazirani,H,8,0.03959941864013672,0.1822948455810547,bv with 6 qubits.
7,Bernstein-Vazirani,0,1,0.03799843788146973,0.11504268646240234,bv with 7 qubits.
7,Bernstein-Vazirani,0,12,0.04425525665283203,0.22375106811523438,bv with 7 qubits.
7,Bernstein-Vazirani,H,1,0.03714942932128906,0.11931228637695312,bv with 7 qubits.
7,Bernstein-Vazirani,H,12,0.04353833198547363,0.2119140625,bv with 7 qubits.
3,Bernstein-Vazirani,0,1,0.06562161445617676,1.116663932800293,bv with 3 qubits.
3,Bernstein-Vazirani,0,3,0.03577542304992676,0.13622570037841797,bv with 3 qubits.
3,Bernstein-Vazirani,H,1,0.029807329177856445,0.11441612243652344,bv with 3 qubits.
3,Bernstein-Vazirani,H,3,0.03676772117614746,0.12845325469970703,bv with 3 qubits.
4,Bernstein-Vazirani,0,1,0.03594017028808594,0.11790084838867188,bv with 4 qubits.
4,Bernstein-Vazirani,0,4,0.0429692268371582,0.1338329315185547,bv with 4 qubits.
4,Bernstein-Vazirani,H,1,0.0399775505065918,0.116790771484375,bv with 4 qubits.
4,Bernstein-Vazirani,H,4,0.04047703742980957,0.13571834564208984,bv with 4 qubits.
5,Bernstein-Vazirani,0,1,0.039569854736328125,0.11395263671875,bv with 5 qubits.
5,Bernstein-Vazirani,0,6,0.041893720626831055,0.15058517456054688,bv with 5 qubits.
5,Bernstein-Vazirani,H,1,0.031862735748291016,0.11708927154541016,bv with 5 qubits.
5,Bernstein-Vazirani,H,6,0.038576364517211914,0.15462779998779297,bv with 5 qubits.
6,Bernstein-Vazirani,0,1,0.037502288818359375,0.11896324157714844,bv with 6 qubits.
6,Bernstein-Vazirani,0,8,0.03874850273132324,0.18305206298828125,bv with 6 qubits.
6,Bernstein-Vazirani,H,1,0.034684181213378906,0.11630821228027344,bv with 6 qubits.
6,Bernstein-Vazirani,H,8,0.0403444766998291,0.18230915069580078,bv with 6 qubits.
7,Bernstein-Vazirani,0,1,0.03684878349304199,0.11724281311035156,bv with 7 qubits.
7,Bernstein-Vazirani,0,12,0.04459977149963379,0.22338104248046875,bv with 7 qubits.
7,Bernstein-Vazirani,H,1,0.03650331497192383,0.11984825134277344,bv with 7 qubits.
7,Bernstein-Vazirani,H,12,0.04495668411254883,0.2131357192993164,bv with 7 qubits.
3,Bernstein-Vazirani,0,1,0.08415889739990234,1.1161088943481445,bv with 3 qubits.
3,Bernstein-Vazirani,0,3,0.0441899299621582,0.13000106811523438,bv with 3 qubits.
3,Bernstein-Vazirani,H,1,0.03846144676208496,0.11468505859375,bv with 3 qubits.
3,Bernstein-Vazirani,H,3,0.04266643524169922,0.1225748062133789,bv with 3 qubits.
4,Bernstein-Vazirani,0,1,0.03757119178771973,0.1123800277709961,bv with 4 qubits.
4,Bernstein-Vazirani,0,4,0.0414578914642334,0.13234806060791016,bv with 4 qubits.
4,Bernstein-Vazirani,H,1,0.03748631477355957,0.112518310546875,bv with 4 qubits.
4,Bernstein-Vazirani,H,4,0.048777103424072266,0.13280010223388672,bv with 4 qubits.
5,Bernstein-Vazirani,0,1,0.05085349082946777,0.11050796508789062,bv with 5 qubits.
5,Bernstein-Vazirani,0,6,0.05153632164001465,0.1483306884765625,bv with 5 qubits.
5,Bernstein-Vazirani,H,1,0.039014339447021484,0.11411094665527344,bv with 5 qubits.
5,Bernstein-Vazirani,H,6,0.04691934585571289,0.15201663970947266,bv with 5 qubits.
6,Bernstein-Vazirani,0,1,0.04022502899169922,0.11557865142822266,bv with 6 qubits.
6,Bernstein-Vazirani,0,8,0.08235406875610352,0.1820831298828125,bv with 6 qubits.
6,Bernstein-Vazirani,H,1,0.057525634765625,0.115203857421875,bv with 6 qubits.
6,Bernstein-Vazirani,H,8,0.04322671890258789,0.18163013458251953,bv with 6 qubits.
7,Bernstein-Vazirani,0,1,0.03923296928405762,0.1155405044555664,bv with 7 qubits.
7,Bernstein-Vazirani,0,12,0.054236412048339844,0.2224569320678711,bv with 7 qubits.
7,Bernstein-Vazirani,H,1,0.04443621635437012,0.11859130859375,bv with 7 qubits.
7,Bernstein-Vazirani,H,12,0.06847405433654785,0.2133159637451172,bv with 7 qubits.
3,Bernstein-Vazirani,0,1,0.07204294204711914,1.1136837005615234,bv with 3 qubits.
3,Bernstein-Vazirani,0,3,0.116943359375,0.4474525451660156,bv with 3 qubits.
3,Bernstein-Vazirani,H,1,0.04129838943481445,0.11547374725341797,bv with 3 qubits.
3,Bernstein-Vazirani,H,3,0.10662412643432617,0.2796363830566406,bv with 3 qubits.
4,Bernstein-Vazirani,0,1,0.039299726486206055,0.11197280883789062,bv with 4 qubits.
4,Bernstein-Vazirani,0,4,0.04276895523071289,0.1324901580810547,bv with 4 qubits.
4,Bernstein-Vazirani,H,1,0.03892993927001953,0.1133260726928711,bv with 4 qubits.
4,Bernstein-Vazirani,H,4,0.09594583511352539,0.26123046875,bv with 4 qubits.
5,Bernstein-Vazirani,0,1,0.04196023941040039,0.11271381378173828,bv with 5 qubits.
5,Bernstein-Vazirani,0,6,0.05465507507324219,0.1488323211669922,bv with 5 qubits.
5,Bernstein-Vazirani,H,1,0.04098629951477051,0.11486530303955078,bv with 5 qubits.
5,Bernstein-Vazirani,H,6,0.046202898025512695,0.15209197998046875,bv with 5 qubits.
6,Bernstein-Vazirani,0,1,0.040361642837524414,0.1170206069946289,bv with 6 qubits.
6,Bernstein-Vazirani,0,8,0.047544240951538086,0.17988204956054688,bv with 6 qubits.
6,Bernstein-Vazirani,H,1,0.04080700874328613,0.11529731750488281,bv with 6 qubits.
6,Bernstein-Vazirani,H,8,0.04530000686645508,0.18097591400146484,bv with 6 qubits.
7,Bernstein-Vazirani,0,1,0.04865407943725586,0.1171560287475586,bv with 7 qubits.
7,Bernstein-Vazirani,0,12,0.051393747329711914,0.21344757080078125,bv with 7 qubits.
7,Bernstein-Vazirani,H,1,0.041829586029052734,0.12076091766357422,bv with 7 qubits.
7,Bernstein-Vazirani,H,12,0.0490877628326416,0.21317291259765625,bv with 7 qubits.
4,Cuccaro-Draper-Kutin-Moulton (CDKM) Ripple-Carry Adder,0,1,0.08862018585205078,1.1318931579589844,cdkm_ripple_carry_adder with 4 qubits.
4,Cuccaro-Draper-Kutin-Moulton (CDKM) Ripple-Carry Adder,0,4,0.04819130897521973,0.1835927963256836,cdkm_ripple_carry_adder with 4 qubits.
4,Cuccaro-Draper-Kutin-Moulton (CDKM) Ripple-Carry Adder,H,1,0.04855537414550781,0.127410888671875,cdkm_ripple_carry_adder with 4 qubits.
4,Cuccaro-Draper-Kutin-Moulton (CDKM) Ripple-Carry Adder,H,4,0.05896329879760742,0.1626882553100586,cdkm_ripple_carry_adder with 4 qubits.
6,Cuccaro-Draper-Kutin-Moulton (CDKM) Ripple-Carry Adder,0,1,0.04350900650024414,0.14342021942138672,cdkm_ripple_carry_adder with 6 qubits.
6,Cuccaro-Draper-Kutin-Moulton (CDKM) Ripple-Carry Adder,0,8,0.06801652908325195,0.32365894317626953,cdkm_ripple_carry_adder with 6 qubits.
6,Cuccaro-Draper-Kutin-Moulton (CDKM) Ripple-Carry Adder,H,1,0.0381014347076416,0.1460733413696289,cdkm_ripple_carry_adder with 6 qubits.
6,Cuccaro-Draper-Kutin-Moulton (CDKM) Ripple-Carry Adder,H,8,0.062226057052612305,0.32340431213378906,cdkm_ripple_carry_adder with 6 qubits.
4,Cuccaro-Draper-Kutin-Moulton (CDKM) Ripple-Carry Adder,0,1,0.08174848556518555,1.1321592330932617,cdkm_ripple_carry_adder with 4 qubits.
4,Cuccaro-Draper-Kutin-Moulton (CDKM) Ripple-Carry Adder,0,4,0.047640085220336914,0.18224525451660156,cdkm_ripple_carry_adder with 4 qubits.
4,Cuccaro-Draper-Kutin-Moulton (CDKM) Ripple-Carry Adder,H,1,0.039580583572387695,0.1262063980102539,cdkm_ripple_carry_adder with 4 qubits.
4,Cuccaro-Draper-Kutin-Moulton (CDKM) Ripple-Carry Adder,H,4,0.047055721282958984,0.16656017303466797,cdkm_ripple_carry_adder with 4 qubits.
6,Cuccaro-Draper-Kutin-Moulton (CDKM) Ripple-Carry Adder,0,1,0.04645109176635742,0.14464759826660156,cdkm_ripple_carry_adder with 6 qubits.
6,Cuccaro-Draper-Kutin-Moulton (CDKM) Ripple-Carry Adder,0,8,0.07048726081848145,0.32234764099121094,cdkm_ripple_carry_adder with 6 qubits.
6,Cuccaro-Draper-Kutin-Moulton (CDKM) Ripple-Carry Adder,H,1,0.04138374328613281,0.14600753784179688,cdkm_ripple_carry_adder with 6 qubits.
6,Cuccaro-Draper-Kutin-Moulton (CDKM) Ripple-Carry Adder,H,8,0.0701754093170166,0.32046031951904297,cdkm_ripple_carry_adder with 6 qubits.
4,Cuccaro-Draper-Kutin-Moulton (CDKM) Ripple-Carry Adder,0,1,0.0736541748046875,1.1354084014892578,cdkm_ripple_carry_adder with 4 qubits.
4,Cuccaro-Draper-Kutin-Moulton (CDKM) Ripple-Carry Adder,0,4,0.04898643493652344,0.182159423828125,cdkm_ripple_carry_adder with 4 qubits.
4,Cuccaro-Draper-Kutin-Moulton (CDKM) Ripple-Carry Adder,H,1,0.041623592376708984,0.12591266632080078,cdkm_ripple_carry_adder with 4 qubits.
4,Cuccaro-Draper-Kutin-Moulton (CDKM) Ripple-Carry Adder,H,4,0.04638099670410156,0.16299819946289062,cdkm_ripple_carry_adder with 4 qubits.
6,Cuccaro-Draper-Kutin-Moulton (CDKM) Ripple-Carry Adder,0,1,0.04376506805419922,0.14487648010253906,cdkm_ripple_carry_adder with 6 qubits.
6,Cuccaro-Draper-Kutin-Moulton (CDKM) Ripple-Carry Adder,0,8,0.06178426742553711,0.32288646697998047,cdkm_ripple_carry_adder with 6 qubits.
6,Cuccaro-Draper-Kutin-Moulton (CDKM) Ripple-Carry Adder,H,1,0.0454709529876709,0.14685821533203125,cdkm_ripple_carry_adder with 6 qubits.
6,Cuccaro-Draper-Kutin-Moulton (CDKM) Ripple-Carry Adder,H,8,0.0713968276977539,0.31981563568115234,cdkm_ripple_carry_adder with 6 qubits.
4,Cuccaro-Draper-Kutin-Moulton (CDKM) Ripple-Carry Adder,0,1,0.08104300498962402,1.1308555603027344,cdkm_ripple_carry_adder with 4 qubits.
4,Cuccaro-Draper-Kutin-Moulton (CDKM) Ripple-Carry Adder,0,4,0.05369162559509277,0.18293285369873047,cdkm_ripple_carry_adder with 4 qubits.
4,Cuccaro-Draper-Kutin-Moulton (CDKM) Ripple-Carry Adder,H,1,0.04123258590698242,0.12790966033935547,cdkm_ripple_carry_adder with 4 qubits.
4,Cuccaro-Draper-Kutin-Moulton (CDKM) Ripple-Carry Adder,H,4,0.04389214515686035,0.16501998901367188,cdkm_ripple_carry_adder with 4 qubits.
6,Cuccaro-Draper-Kutin-Moulton (CDKM) Ripple-Carry Adder,0,1,0.0472412109375,0.14385604858398438,cdkm_ripple_carry_adder with 6 qubits.
6,Cuccaro-Draper-Kutin-Moulton (CDKM) Ripple-Carry Adder,0,8,0.07270240783691406,0.32199764251708984,cdkm_ripple_carry_adder with 6 qubits.
6,Cuccaro-Draper-Kutin-Moulton (CDKM) Ripple-Carry Adder,H,1,0.04559636116027832,0.14901351928710938,cdkm_ripple_carry_adder with 6 qubits.
6,Cuccaro-Draper-Kutin-Moulton (CDKM) Ripple-Carry Adder,H,8,0.07634496688842773,0.32383251190185547,cdkm_ripple_carry_adder with 6 qubits.
4,Cuccaro-Draper-Kutin-Moulton (CDKM) Ripple-Carry Adder,0,1,0.0799112319946289,1.130488395690918,cdkm_ripple_carry_adder with 4 qubits.
4,Cuccaro-Draper-Kutin-Moulton (CDKM) Ripple-Carry Adder,0,4,0.04592156410217285,0.17990779876708984,cdkm_ripple_carry_adder with 4 qubits.
4,Cuccaro-Draper-Kutin-Moulton (CDKM) Ripple-Carry Adder,H,1,0.041716814041137695,0.1289682388305664,cdkm_ripple_carry_adder with 4 qubits.
4,Cuccaro-Draper-Kutin-Moulton (CDKM) Ripple-Carry Adder,H,4,0.049201011657714844,0.16627025604248047,cdkm_ripple_carry_adder with 4 qubits.
6,Cuccaro-Draper-Kutin-Moulton (CDKM) Ripple-Carry Adder,0,1,0.042185068130493164,0.14426898956298828,cdkm_ripple_carry_adder with 6 qubits.
6,Cuccaro-Draper-Kutin-Moulton (CDKM) Ripple-Carry Adder,0,8,0.07284235954284668,0.3250999450683594,cdkm_ripple_carry_adder with 6 qubits.
6,Cuccaro-Draper-Kutin-Moulton (CDKM) Ripple-Carry Adder,H,1,0.04259824752807617,0.1490497589111328,cdkm_ripple_carry_adder with 6 qubits.
6,Cuccaro-Draper-Kutin-Moulton (CDKM) Ripple-Carry Adder,H,8,0.06987953186035156,0.32227611541748047,cdkm_ripple_carry_adder with 6 qubits.
3,Deutsch-Jozsa,0,1,0.07551050186157227,1.1312370300292969,dj with 3 qubits.
3,Deutsch-Jozsa,0,3,0.04742860794067383,0.15008068084716797,dj with 3 qubits.
3,Deutsch-Jozsa,H,1,0.04487919807434082,0.1199636459350586,dj with 3 qubits.
3,Deutsch-Jozsa,H,3,0.049117326736450195,0.14233779907226562,dj with 3 qubits.
4,Deutsch-Jozsa,0,1,0.047660112380981445,0.11981773376464844,dj with 4 qubits.
4,Deutsch-Jozsa,0,4,0.0472567081451416,0.15533924102783203,dj with 4 qubits.
4,Deutsch-Jozsa,H,1,0.05023908615112305,0.12010002136230469,dj with 4 qubits.
4,Deutsch-Jozsa,H,4,0.04754209518432617,0.15521240234375,dj with 4 qubits.
5,Deutsch-Jozsa,0,1,0.04370903968811035,0.11880016326904297,dj with 5 qubits.
5,Deutsch-Jozsa,0,6,0.047905921936035156,0.19600486755371094,dj with 5 qubits.
5,Deutsch-Jozsa,H,1,0.039368391036987305,0.1248321533203125,dj with 5 qubits.
5,Deutsch-Jozsa,H,6,0.0525662899017334,0.18808364868164062,dj with 5 qubits.
6,Deutsch-Jozsa,0,1,0.04429197311401367,0.12909412384033203,dj with 6 qubits.
6,Deutsch-Jozsa,0,8,0.05889010429382324,0.22767353057861328,dj with 6 qubits.
6,Deutsch-Jozsa,H,1,0.04164004325866699,0.12734413146972656,dj with 6 qubits.
6,Deutsch-Jozsa,H,8,0.059009552001953125,0.23227691650390625,dj with 6 qubits.
7,Deutsch-Jozsa,0,1,0.04931998252868652,0.12618160247802734,dj with 7 qubits.
7,Deutsch-Jozsa,0,12,0.07793116569519043,0.29155826568603516,dj with 7 qubits.
7,Deutsch-Jozsa,H,1,0.04101848602294922,0.1291799545288086,dj with 7 qubits.
7,Deutsch-Jozsa,H,12,0.08154129981994629,0.28078746795654297,dj with 7 qubits.
3,Deutsch-Jozsa,0,1,0.07706809043884277,1.1276702880859375,dj with 3 qubits.
3,Deutsch-Jozsa,0,3,0.04639410972595215,0.14958572387695312,dj with 3 qubits.
3,Deutsch-Jozsa,H,1,0.0414888858795166,0.11725711822509766,dj with 3 qubits.
3,Deutsch-Jozsa,H,3,0.04455065727233887,0.1437969207763672,dj with 3 qubits.
4,Deutsch-Jozsa,0,1,0.03934741020202637,0.11986541748046875,dj with 4 qubits.
4,Deutsch-Jozsa,0,4,0.04076099395751953,0.15582275390625,dj with 4 qubits.
4,Deutsch-Jozsa,H,1,0.03816533088684082,0.11874961853027344,dj with 4 qubits.
4,Deutsch-Jozsa,H,4,0.05249977111816406,0.15367794036865234,dj with 4 qubits.
5,Deutsch-Jozsa,0,1,0.044198036193847656,0.11876964569091797,dj with 5 qubits.
5,Deutsch-Jozsa,0,6,0.05514836311340332,0.1966238021850586,dj with 5 qubits.
5,Deutsch-Jozsa,H,1,0.04385876655578613,0.1200876235961914,dj with 5 qubits.
5,Deutsch-Jozsa,H,6,0.05863618850708008,0.18856143951416016,dj with 5 qubits.
6,Deutsch-Jozsa,0,1,0.04466056823730469,0.12556838989257812,dj with 6 qubits.
6,Deutsch-Jozsa,0,8,0.06650590896606445,0.22272491455078125,dj with 6 qubits.
6,Deutsch-Jozsa,H,1,0.046695709228515625,0.12581443786621094,dj with 6 qubits.
6,Deutsch-Jozsa,H,8,0.05486321449279785,0.23104381561279297,dj with 6 qubits.
7,Deutsch-Jozsa,0,1,0.045305728912353516,0.1267080307006836,dj with 7 qubits.
7,Deutsch-Jozsa,0,12,0.06796145439147949,0.29084205627441406,dj with 7 qubits.
7,Deutsch-Jozsa,H,1,0.046623945236206055,0.12919330596923828,dj with 7 qubits.
7,Deutsch-Jozsa,H,12,0.07825517654418945,0.29045581817626953,dj with 7 qubits.
3,Deutsch-Jozsa,0,1,0.09484720230102539,1.129598617553711,dj with 3 qubits.
3,Deutsch-Jozsa,0,3,0.04440927505493164,0.15143203735351562,dj with 3 qubits.
3,Deutsch-Jozsa,H,1,0.04067349433898926,0.12111282348632812,dj with 3 qubits.
3,Deutsch-Jozsa,H,3,0.04240870475769043,0.14294147491455078,dj with 3 qubits.
4,Deutsch-Jozsa,0,1,0.040215253829956055,0.11995983123779297,dj with 4 qubits.
4,Deutsch-Jozsa,0,4,0.04420280456542969,0.1546182632446289,dj with 4 qubits.
4,Deutsch-Jozsa,H,1,0.041593313217163086,0.12031841278076172,dj with 4 qubits.
4,Deutsch-Jozsa,H,4,0.04604458808898926,0.15396499633789062,dj with 4 qubits.
5,Deutsch-Jozsa,0,1,0.03981947898864746,0.11953067779541016,dj with 5 qubits.
5,Deutsch-Jozsa,0,6,0.04867744445800781,0.19561195373535156,dj with 5 qubits.
5,Deutsch-Jozsa,H,1,0.03944659233093262,0.12146282196044922,dj with 5 qubits.
5,Deutsch-Jozsa,H,6,0.05385589599609375,0.18632984161376953,dj with 5 qubits.
6,Deutsch-Jozsa,0,1,0.05375838279724121,0.12690448760986328,dj with 6 qubits.
6,Deutsch-Jozsa,0,8,0.06489300727844238,0.22480487823486328,dj with 6 qubits.
6,Deutsch-Jozsa,H,1,0.04100513458251953,0.12723445892333984,dj with 6 qubits.
6,Deutsch-Jozsa,H,8,0.05221295356750488,0.23373126983642578,dj with 6 qubits.
7,Deutsch-Jozsa,0,1,0.04027819633483887,0.1263580322265625,dj with 7 qubits.
7,Deutsch-Jozsa,0,12,0.07353687286376953,0.29101085662841797,dj with 7 qubits.
7,Deutsch-Jozsa,H,1,0.041277170181274414,0.12850475311279297,dj with 7 qubits.
7,Deutsch-Jozsa,H,12,0.07818007469177246,0.2809867858886719,dj with 7 qubits.
3,Deutsch-Jozsa,0,1,0.08991813659667969,1.1277837753295898,dj with 3 qubits.
3,Deutsch-Jozsa,0,3,0.044225215911865234,0.15242290496826172,dj with 3 qubits.
3,Deutsch-Jozsa,H,1,0.03943634033203125,0.12168598175048828,dj with 3 qubits.
3,Deutsch-Jozsa,H,3,0.04624223709106445,0.14514732360839844,dj with 3 qubits.
4,Deutsch-Jozsa,0,1,0.04059624671936035,0.11960887908935547,dj with 4 qubits.
4,Deutsch-Jozsa,0,4,0.046350955963134766,0.15409469604492188,dj with 4 qubits.
4,Deutsch-Jozsa,H,1,0.03882241249084473,0.12111568450927734,dj with 4 qubits.
4,Deutsch-Jozsa,H,4,0.05054140090942383,0.15451622009277344,dj with 4 qubits.
5,Deutsch-Jozsa,0,1,0.042189836502075195,0.1170816421508789,dj with 5 qubits.
5,Deutsch-Jozsa,0,6,0.0515134334564209,0.19477558135986328,dj with 5 qubits.
5,Deutsch-Jozsa,H,1,0.04072427749633789,0.12048816680908203,dj with 5 qubits.
5,Deutsch-Jozsa,H,6,0.053057193756103516,0.18741512298583984,dj with 5 qubits.
6,Deutsch-Jozsa,0,1,0.040720224380493164,0.12731266021728516,dj with 6 qubits.
6,Deutsch-Jozsa,0,8,0.05507993698120117,0.22522449493408203,dj with 6 qubits.
6,Deutsch-Jozsa,H,1,0.04132413864135742,0.12577438354492188,dj with 6 qubits.
6,Deutsch-Jozsa,H,8,0.05740666389465332,0.23134803771972656,dj with 6 qubits.
7,Deutsch-Jozsa,0,1,0.04950284957885742,0.1264963150024414,dj with 7 qubits.
7,Deutsch-Jozsa,0,12,0.09068560600280762,0.2907981872558594,dj with 7 qubits.
7,Deutsch-Jozsa,H,1,0.05142855644226074,0.12775897979736328,dj with 7 qubits.
7,Deutsch-Jozsa,H,12,0.09245920181274414,0.2809123992919922,dj with 7 qubits.
3,Deutsch-Jozsa,0,1,0.07766079902648926,1.1298017501831055,dj with 3 qubits.
3,Deutsch-Jozsa,0,3,0.047756195068359375,0.1495647430419922,dj with 3 qubits.
3,Deutsch-Jozsa,H,1,0.04611492156982422,0.12035083770751953,dj with 3 qubits.
3,Deutsch-Jozsa,H,3,0.049082279205322266,0.14193248748779297,dj with 3 qubits.
4,Deutsch-Jozsa,0,1,0.04417777061462402,0.11628341674804688,dj with 4 qubits.
4,Deutsch-Jozsa,0,4,0.057204484939575195,0.15214157104492188,dj with 4 qubits.
4,Deutsch-Jozsa,H,1,0.04687333106994629,0.11728191375732422,dj with 4 qubits.
4,Deutsch-Jozsa,H,4,0.046579599380493164,0.1568155288696289,dj with 4 qubits.
5,Deutsch-Jozsa,0,1,0.04681897163391113,0.12135791778564453,dj with 5 qubits.
5,Deutsch-Jozsa,0,6,0.05609536170959473,0.1970529556274414,dj with 5 qubits.
5,Deutsch-Jozsa,H,1,0.039968252182006836,0.12265300750732422,dj with 5 qubits.
5,Deutsch-Jozsa,H,6,0.050417184829711914,0.1874380111694336,dj with 5 qubits.
6,Deutsch-Jozsa,0,1,0.0524601936340332,0.12691211700439453,dj with 6 qubits.
6,Deutsch-Jozsa,0,8,0.06877589225769043,0.22510433197021484,dj with 6 qubits.
6,Deutsch-Jozsa,H,1,0.04983878135681152,0.12780380249023438,dj with 6 qubits.
6,Deutsch-Jozsa,H,8,0.057271480560302734,0.23268413543701172,dj with 6 qubits.
7,Deutsch-Jozsa,0,1,0.043308258056640625,0.12813186645507812,dj with 7 qubits.
7,Deutsch-Jozsa,0,12,0.07805228233337402,0.29392433166503906,dj with 7 qubits.
7,Deutsch-Jozsa,H,1,0.05049419403076172,0.1290454864501953,dj with 7 qubits.
7,Deutsch-Jozsa,H,12,0.0654139518737793,0.2803525924682617,dj with 7 qubits.
4,Draper QFT Adder,0,1,0.09175825119018555,1.1464815139770508,draper_qft_adder with 4 qubits.
4,Draper QFT Adder,0,4,0.06486845016479492,0.21166610717773438,draper_qft_adder with 4 qubits.
4,Draper QFT Adder,H,1,0.049903154373168945,0.13030719757080078,draper_qft_adder with 4 qubits.
4,Draper QFT Adder,H,4,0.051837921142578125,0.19036388397216797,draper_qft_adder with 4 qubits.
6,Draper QFT Adder,0,1,0.037689208984375,0.13691997528076172,draper_qft_adder with 6 qubits.
6,Draper QFT Adder,0,8,0.11779570579528809,0.33248424530029297,draper_qft_adder with 6 qubits.
6,Draper QFT Adder,H,1,0.03788328170776367,0.13273143768310547,draper_qft_adder with 6 qubits.
6,Draper QFT Adder,H,8,0.06449604034423828,0.3238840103149414,draper_qft_adder with 6 qubits.
4,Draper QFT Adder,0,1,0.09815859794616699,1.1447868347167969,draper_qft_adder with 4 qubits.
4,Draper QFT Adder,0,4,0.11673688888549805,0.21076679229736328,draper_qft_adder with 4 qubits.
4,Draper QFT Adder,H,1,0.04442238807678223,0.1283245086669922,draper_qft_adder with 4 qubits.
4,Draper QFT Adder,H,4,0.05469107627868652,0.19162559509277344,draper_qft_adder with 4 qubits.
6,Draper QFT Adder,0,1,0.05667757987976074,0.13684654235839844,draper_qft_adder with 6 qubits.
6,Draper QFT Adder,0,8,0.08334684371948242,0.33374786376953125,draper_qft_adder with 6 qubits.
6,Draper QFT Adder,H,1,0.04699873924255371,0.1318359375,draper_qft_adder with 6 qubits.
6,Draper QFT Adder,H,8,0.0834658145904541,0.3230915069580078,draper_qft_adder with 6 qubits.
4,Draper QFT Adder,0,1,0.08474230766296387,1.1464176177978516,draper_qft_adder with 4 qubits.
4,Draper QFT Adder,0,4,0.061235666275024414,0.20995616912841797,draper_qft_adder with 4 qubits.
4,Draper QFT Adder,H,1,0.045125722885131836,0.12739944458007812,draper_qft_adder with 4 qubits.
4,Draper QFT Adder,H,4,0.05268597602844238,0.18931961059570312,draper_qft_adder with 4 qubits.
6,Draper QFT Adder,0,1,0.04262948036193848,0.1409473419189453,draper_qft_adder with 6 qubits.
6,Draper QFT Adder,0,8,0.07122492790222168,0.3355855941772461,draper_qft_adder with 6 qubits.
6,Draper QFT Adder,H,1,0.04182028770446777,0.13385581970214844,draper_qft_adder with 6 qubits.
6,Draper QFT Adder,H,8,0.06972932815551758,0.32219409942626953,draper_qft_adder with 6 qubits.
4,Draper QFT Adder,0,1,0.07368278503417969,1.1445302963256836,draper_qft_adder with 4 qubits.
4,Draper QFT Adder,0,4,0.05036568641662598,0.2096233367919922,draper_qft_adder with 4 qubits.
4,Draper QFT Adder,H,1,0.04128670692443848,0.13103675842285156,draper_qft_adder with 4 qubits.
4,Draper QFT Adder,H,4,0.04979729652404785,0.19035625457763672,draper_qft_adder with 4 qubits.
6,Draper QFT Adder,0,1,0.03680586814880371,0.13766765594482422,draper_qft_adder with 6 qubits.
6,Draper QFT Adder,0,8,0.060845136642456055,0.3334541320800781,draper_qft_adder with 6 qubits.
6,Draper QFT Adder,H,1,0.03890585899353027,0.1318073272705078,draper_qft_adder with 6 qubits.
6,Draper QFT Adder,H,8,0.06061720848083496,0.3236970901489258,draper_qft_adder with 6 qubits.
4,Draper QFT Adder,0,1,0.06757020950317383,1.145176887512207,draper_qft_adder with 4 qubits.
4,Draper QFT Adder,0,4,0.046019792556762695,0.20743465423583984,draper_qft_adder with 4 qubits.
4,Draper QFT Adder,H,1,0.039643049240112305,0.1266937255859375,draper_qft_adder with 4 qubits.
4,Draper QFT Adder,H,4,0.04371500015258789,0.1889505386352539,draper_qft_adder with 4 qubits.
6,Draper QFT Adder,0,1,0.03597450256347656,0.13576412200927734,draper_qft_adder with 6 qubits.
6,Draper QFT Adder,0,8,0.060407161712646484,0.3329648971557617,draper_qft_adder with 6 qubits.
6,Draper QFT Adder,H,1,0.03701353073120117,0.13080310821533203,draper_qft_adder with 6 qubits.
6,Draper QFT Adder,H,8,0.05775642395019531,0.32610321044921875,draper_qft_adder with 6 qubits.
4,Full Adder,0,1,0.06674528121948242,1.1511735916137695,full_adder with 4 qubits.
4,Full Adder,0,4,0.04397106170654297,0.22719097137451172,full_adder with 4 qubits.
4,Full Adder,H,1,0.035239219665527344,0.14885234832763672,full_adder with 4 qubits.
4,Full Adder,H,4,0.043282508850097656,0.232696533203125,full_adder with 4 qubits.
6,Full Adder,0,1,0.03780770301818848,0.15444374084472656,full_adder with 6 qubits.
6,Full Adder,0,8,0.06339263916015625,0.33563232421875,full_adder with 6 qubits.
6,Full Adder,H,1,0.036659955978393555,0.15596866607666016,full_adder with 6 qubits.
6,Full Adder,H,8,0.05852866172790527,0.33575916290283203,full_adder with 6 qubits.
4,Full Adder,0,1,0.10740303993225098,1.1528959274291992,full_adder with 4 qubits.
4,Full Adder,0,4,0.04200387001037598,0.23018360137939453,full_adder with 4 qubits.
4,Full Adder,H,1,0.03768467903137207,0.14716529846191406,full_adder with 4 qubits.
4,Full Adder,H,4,0.042366743087768555,0.2330188751220703,full_adder with 4 qubits.
6,Full Adder,0,1,0.03659796714782715,0.1540088653564453,full_adder with 6 qubits.
6,Full Adder,0,8,0.06280303001403809,0.3361215591430664,full_adder with 6 qubits.
6,Full Adder,H,1,0.03816580772399902,0.15735244750976562,full_adder with 6 qubits.
6,Full Adder,H,8,0.06168770790100098,0.3361082077026367,full_adder with 6 qubits.
4,Full Adder,0,1,0.06273698806762695,1.154576301574707,full_adder with 4 qubits.
4,Full Adder,0,4,0.050943851470947266,0.2355642318725586,full_adder with 4 qubits.
4,Full Adder,H,1,0.03383183479309082,0.14758014678955078,full_adder with 4 qubits.
4,Full Adder,H,4,0.04451107978820801,0.2313365936279297,full_adder with 4 qubits.
6,Full Adder,0,1,0.041303157806396484,0.15500164031982422,full_adder with 6 qubits.
6,Full Adder,0,8,0.06253838539123535,0.3360576629638672,full_adder with 6 qubits.
6,Full Adder,H,1,0.03868865966796875,0.1566028594970703,full_adder with 6 qubits.
6,Full Adder,H,8,0.06765055656433105,0.33538246154785156,full_adder with 6 qubits.
4,Full Adder,0,1,0.08044743537902832,1.154311180114746,full_adder with 4 qubits.
4,Full Adder,0,4,0.05405616760253906,0.23092365264892578,full_adder with 4 qubits.
4,Full Adder,H,1,0.051148176193237305,0.14566802978515625,full_adder with 4 qubits.
4,Full Adder,H,4,0.0603334903717041,0.23143577575683594,full_adder with 4 qubits.
6,Full Adder,0,1,0.0479276180267334,0.1550130844116211,full_adder with 6 qubits.
6,Full Adder,0,8,0.09357404708862305,0.337127685546875,full_adder with 6 qubits.
6,Full Adder,H,1,0.04803466796875,0.1575155258178711,full_adder with 6 qubits.
6,Full Adder,H,8,0.07085299491882324,0.33605384826660156,full_adder with 6 qubits.
4,Full Adder,0,1,0.1539783477783203,1.1538829803466797,full_adder with 4 qubits.
4,Full Adder,0,4,0.05256986618041992,0.2316751480102539,full_adder with 4 qubits.
4,Full Adder,H,1,0.04470682144165039,0.14543437957763672,full_adder with 4 qubits.
4,Full Adder,H,4,0.051400184631347656,0.23412418365478516,full_adder with 4 qubits.
6,Full Adder,0,1,0.045346736907958984,0.15517139434814453,full_adder with 6 qubits.
6,Full Adder,0,8,0.07138848304748535,0.3376932144165039,full_adder with 6 qubits.
6,Full Adder,H,1,0.043792009353637695,0.1589822769165039,full_adder with 6 qubits.
6,Full Adder,H,8,0.08214378356933594,0.3372354507446289,full_adder with 6 qubits.
3,GHZ State,0,1,0.07387375831604004,1.1123991012573242,ghz with 3 qubits.
3,GHZ State,0,3,0.04232978820800781,0.13761329650878906,ghz with 3 qubits.
3,GHZ State,H,1,0.03915143013000488,0.1161050796508789,ghz with 3 qubits.
3,GHZ State,H,3,0.03598427772521973,0.12430858612060547,ghz with 3 qubits.
4,GHZ State,0,1,0.03636884689331055,0.11389350891113281,ghz with 4 qubits.
4,GHZ State,0,4,0.04382777214050293,0.13145828247070312,ghz with 4 qubits.
4,GHZ State,H,1,0.03648638725280762,0.11429119110107422,ghz with 4 qubits.
4,GHZ State,H,4,0.03941178321838379,0.13007450103759766,ghz with 4 qubits.
5,GHZ State,0,1,0.04055285453796387,0.1117105484008789,ghz with 5 qubits.
5,GHZ State,0,6,0.04350900650024414,0.14538860321044922,ghz with 5 qubits.
5,GHZ State,H,1,0.04153561592102051,0.11615562438964844,ghz with 5 qubits.
5,GHZ State,H,6,0.045523643493652344,0.1468830108642578,ghz with 5 qubits.
6,GHZ State,0,1,0.03629779815673828,0.11597251892089844,ghz with 6 qubits.
6,GHZ State,0,8,0.04304385185241699,0.17177772521972656,ghz with 6 qubits.
6,GHZ State,H,1,0.038170576095581055,0.11326789855957031,ghz with 6 qubits.
6,GHZ State,H,8,0.047042131423950195,0.1727428436279297,ghz with 6 qubits.
7,GHZ State,0,1,0.04566836357116699,0.11322021484375,ghz with 7 qubits.
7,GHZ State,0,12,0.048563480377197266,0.21533966064453125,ghz with 7 qubits.
7,GHZ State,H,1,0.03954648971557617,0.11833763122558594,ghz with 7 qubits.
7,GHZ State,H,12,0.04629373550415039,0.21596717834472656,ghz with 7 qubits.
3,GHZ State,0,1,0.08163595199584961,1.1103878021240234,ghz with 3 qubits.
3,GHZ State,0,3,0.04741263389587402,0.13361740112304688,ghz with 3 qubits.
3,GHZ State,H,1,0.04282045364379883,0.1137237548828125,ghz with 3 qubits.
3,GHZ State,H,3,0.06180238723754883,0.1220855712890625,ghz with 3 qubits.
4,GHZ State,0,1,0.03636670112609863,0.11261558532714844,ghz with 4 qubits.
4,GHZ State,0,4,0.04674792289733887,0.13341140747070312,ghz with 4 qubits.
4,GHZ State,H,1,0.04447197914123535,0.11507606506347656,ghz with 4 qubits.
4,GHZ State,H,4,0.04152083396911621,0.12904930114746094,ghz with 4 qubits.
5,GHZ State,0,1,0.04072380065917969,0.11079692840576172,ghz with 5 qubits.
5,GHZ State,0,6,0.04713582992553711,0.1455535888671875,ghz with 5 qubits.
5,GHZ State,H,1,0.04923677444458008,0.1172189712524414,ghz with 5 qubits.
5,GHZ State,H,6,0.0480198860168457,0.14982986450195312,ghz with 5 qubits.
6,GHZ State,0,1,0.05553483963012695,0.11723995208740234,ghz with 6 qubits.
6,GHZ State,0,8,0.05219221115112305,0.1747589111328125,ghz with 6 qubits.
6,GHZ State,H,1,0.04249167442321777,0.11777305603027344,ghz with 6 qubits.
6,GHZ State,H,8,0.044225215911865234,0.17465877532958984,ghz with 6 qubits.
7,GHZ State,0,1,0.03697705268859863,0.1128387451171875,ghz with 7 qubits.
7,GHZ State,0,12,0.04698681831359863,0.21378135681152344,ghz with 7 qubits.
7,GHZ State,H,1,0.041175127029418945,0.11797428131103516,ghz with 7 qubits.
7,GHZ State,H,12,0.05915427207946777,0.21433639526367188,ghz with 7 qubits.
3,GHZ State,0,1,0.07575130462646484,1.110464096069336,ghz with 3 qubits.
3,GHZ State,0,3,0.046181678771972656,0.13405895233154297,ghz with 3 qubits.
3,GHZ State,H,1,0.03921198844909668,0.11409282684326172,ghz with 3 qubits.
3,GHZ State,H,3,0.04060864448547363,0.1224813461303711,ghz with 3 qubits.
4,GHZ State,0,1,0.04198479652404785,0.11261367797851562,ghz with 4 qubits.
4,GHZ State,0,4,0.05668497085571289,0.13423538208007812,ghz with 4 qubits.
4,GHZ State,H,1,0.038590192794799805,0.11359405517578125,ghz with 4 qubits.
4,GHZ State,H,4,0.04521298408508301,0.13070392608642578,ghz with 4 qubits.
5,GHZ State,0,1,0.04091167449951172,0.11140823364257812,ghz with 5 qubits.
5,GHZ State,0,6,0.042249202728271484,0.14505958557128906,ghz with 5 qubits.
5,GHZ State,H,1,0.041280508041381836,0.11420154571533203,ghz with 5 qubits.
5,GHZ State,H,6,0.05048799514770508,0.14763164520263672,ghz with 5 qubits.
6,GHZ State,0,1,0.04538702964782715,0.11527538299560547,ghz with 6 qubits.
6,GHZ State,0,8,0.04747653007507324,0.1729450225830078,ghz with 6 qubits.
6,GHZ State,H,1,0.04054450988769531,0.1132659912109375,ghz with 6 qubits.
6,GHZ State,H,8,0.04519963264465332,0.1724252700805664,ghz with 6 qubits.
7,GHZ State,0,1,0.039284706115722656,0.11311817169189453,ghz with 7 qubits.
7,GHZ State,0,12,0.04949378967285156,0.21437931060791016,ghz with 7 qubits.
7,GHZ State,H,1,0.04502749443054199,0.11947822570800781,ghz with 7 qubits.
7,GHZ State,H,12,0.050087928771972656,0.21546554565429688,ghz with 7 qubits.
3,GHZ State,0,1,0.08100366592407227,1.1110401153564453,ghz with 3 qubits.
3,GHZ State,0,3,0.057999610900878906,0.13727283477783203,ghz with 3 qubits.
3,GHZ State,H,1,0.043964385986328125,0.11688995361328125,ghz with 3 qubits.
3,GHZ State,H,3,0.04453706741333008,0.12622928619384766,ghz with 3 qubits.
4,GHZ State,0,1,0.03976297378540039,0.11583614349365234,ghz with 4 qubits.
4,GHZ State,0,4,0.045551300048828125,0.13245391845703125,ghz with 4 qubits.
4,GHZ State,H,1,0.0445709228515625,0.11374092102050781,ghz with 4 qubits.
4,GHZ State,H,4,0.042977333068847656,0.12904930114746094,ghz with 4 qubits.
5,GHZ State,0,1,0.0392611026763916,0.11266803741455078,ghz with 5 qubits.
5,GHZ State,0,6,0.0475924015045166,0.14534568786621094,ghz with 5 qubits.
5,GHZ State,H,1,0.04145312309265137,0.11409568786621094,ghz with 5 qubits.
5,GHZ State,H,6,0.05107307434082031,0.1460723876953125,ghz with 5 qubits.
6,GHZ State,0,1,0.041927337646484375,0.11509323120117188,ghz with 6 qubits.
6,GHZ State,0,8,0.047249555587768555,0.17377471923828125,ghz with 6 qubits.
6,GHZ State,H,1,0.04185795783996582,0.11531639099121094,ghz with 6 qubits.
6,GHZ State,H,8,0.04310917854309082,0.17206478118896484,ghz with 6 qubits.
7,GHZ State,0,1,0.0384213924407959,0.1150197982788086,ghz with 7 qubits.
7,GHZ State,0,12,0.05470538139343262,0.21527099609375,ghz with 7 qubits.
7,GHZ State,H,1,0.046886444091796875,0.1190023422241211,ghz with 7 qubits.
7,GHZ State,H,12,0.06099748611450195,0.21622753143310547,ghz with 7 qubits.
3,GHZ State,0,1,0.0861508846282959,1.111344337463379,ghz with 3 qubits.
3,GHZ State,0,3,0.04305005073547363,0.13110828399658203,ghz with 3 qubits.
3,GHZ State,H,1,0.03667902946472168,0.11695384979248047,ghz with 3 qubits.
3,GHZ State,H,3,0.04175972938537598,0.12358283996582031,ghz with 3 qubits.
4,GHZ State,0,1,0.04119729995727539,0.11158180236816406,ghz with 4 qubits.
4,GHZ State,0,4,0.042378902435302734,0.12999820709228516,ghz with 4 qubits.
4,GHZ State,H,1,0.038471221923828125,0.11266517639160156,ghz with 4 qubits.
4,GHZ State,H,4,0.04074835777282715,0.12926292419433594,ghz with 4 qubits.
5,GHZ State,0,1,0.037320852279663086,0.1101083755493164,ghz with 5 qubits.
5,GHZ State,0,6,0.0425872802734375,0.14543437957763672,ghz with 5 qubits.
5,GHZ State,H,1,0.03772234916687012,0.11405658721923828,ghz with 5 qubits.
5,GHZ State,H,6,0.04532003402709961,0.14604759216308594,ghz with 5 qubits.
6,GHZ State,0,1,0.04279184341430664,0.11369609832763672,ghz with 6 qubits.
6,GHZ State,0,8,0.046506643295288086,0.17109203338623047,ghz with 6 qubits.
6,GHZ State,H,1,0.03905200958251953,0.11234283447265625,ghz with 6 qubits.
6,GHZ State,H,8,0.04625868797302246,0.17139339447021484,ghz with 6 qubits.
7,GHZ State,0,1,0.044844627380371094,0.11268997192382812,ghz with 7 qubits.
7,GHZ State,0,12,0.047607421875,0.21368122100830078,ghz with 7 qubits.
7,GHZ State,H,1,0.04074406623840332,0.11785888671875,ghz with 7 qubits.
7,GHZ State,H,12,0.05346512794494629,0.21526527404785156,ghz with 7 qubits.
3,Graph State,0,1,0.08844971656799316,0.8504791259765625,graphstate with 3 qubits.
3,Graph State,0,3,0.04225277900695801,0.1324138641357422,graphstate with 3 qubits.
3,Graph State,H,1,0.03745865821838379,0.11556243896484375,graphstate with 3 qubits.
3,Graph State,H,3,0.0414891242980957,0.12421703338623047,graphstate with 3 qubits.
4,Graph State,0,1,0.04155611991882324,0.11570358276367188,graphstate with 4 qubits.
4,Graph State,0,4,0.04594540596008301,0.12856578826904297,graphstate with 4 qubits.
4,Graph State,H,1,0.043977975845336914,0.11283206939697266,graphstate with 4 qubits.
4,Graph State,H,4,0.04773306846618652,0.12949562072753906,graphstate with 4 qubits.
5,Graph State,0,1,0.040292978286743164,0.11247444152832031,graphstate with 5 qubits.
5,Graph State,0,6,0.04620218276977539,0.14771747589111328,graphstate with 5 qubits.
5,Graph State,H,1,0.040287017822265625,0.1127462387084961,graphstate with 5 qubits.
5,Graph State,H,6,0.04809236526489258,0.14971351623535156,graphstate with 5 qubits.
6,Graph State,0,1,0.04495596885681152,0.11321449279785156,graphstate with 6 qubits.
6,Graph State,0,8,0.052547454833984375,0.17992687225341797,graphstate with 6 qubits.
6,Graph State,H,1,0.04122018814086914,0.1143341064453125,graphstate with 6 qubits.
6,Graph State,H,8,0.050956010818481445,0.18230342864990234,graphstate with 6 qubits.
7,Graph State,0,1,0.04471921920776367,0.11695194244384766,graphstate with 7 qubits.
7,Graph State,0,12,0.05730795860290527,0.2299022674560547,graphstate with 7 qubits.
7,Graph State,H,1,0.04671144485473633,0.11575794219970703,graphstate with 7 qubits.
7,Graph State,H,12,0.06597161293029785,0.22442340850830078,graphstate with 7 qubits.
3,Graph State,0,1,0.08529329299926758,0.8467893600463867,graphstate with 3 qubits.
3,Graph State,0,3,0.08372163772583008,0.12902545928955078,graphstate with 3 qubits.
3,Graph State,H,1,0.06879544258117676,0.11359214782714844,graphstate with 3 qubits.
3,Graph State,H,3,0.06974077224731445,0.12267208099365234,graphstate with 3 qubits.
4,Graph State,0,1,0.057282209396362305,0.11365032196044922,graphstate with 4 qubits.
4,Graph State,0,4,0.054908037185668945,0.12766170501708984,graphstate with 4 qubits.
4,Graph State,H,1,0.0669705867767334,0.11077690124511719,graphstate with 4 qubits.
4,Graph State,H,4,0.05027461051940918,0.1289968490600586,graphstate with 4 qubits.
5,Graph State,0,1,0.04396486282348633,0.11082935333251953,graphstate with 5 qubits.
5,Graph State,0,6,0.06432342529296875,0.14779090881347656,graphstate with 5 qubits.
5,Graph State,H,1,0.06268715858459473,0.1120595932006836,graphstate with 5 qubits.
5,Graph State,H,6,0.1049036979675293,0.15013504028320312,graphstate with 5 qubits.
6,Graph State,0,1,0.0775299072265625,0.11345958709716797,graphstate with 6 qubits.
6,Graph State,0,8,0.08453822135925293,0.17922306060791016,graphstate with 6 qubits.
6,Graph State,H,1,0.06864261627197266,0.1148824691772461,graphstate with 6 qubits.
6,Graph State,H,8,0.0834195613861084,0.18244266510009766,graphstate with 6 qubits.
7,Graph State,0,1,0.060733795166015625,0.11501884460449219,graphstate with 7 qubits.
7,Graph State,0,12,0.051836252212524414,0.22992420196533203,graphstate with 7 qubits.
7,Graph State,H,1,0.03373885154724121,0.11646080017089844,graphstate with 7 qubits.
7,Graph State,H,12,0.05427670478820801,0.224945068359375,graphstate with 7 qubits.
3,Graph State,0,1,0.060202598571777344,0.8460187911987305,graphstate with 3 qubits.
3,Graph State,0,3,0.03821372985839844,0.13096237182617188,graphstate with 3 qubits.
3,Graph State,H,1,0.03523683547973633,0.11707019805908203,graphstate with 3 qubits.
3,Graph State,H,3,0.03214287757873535,0.12177181243896484,graphstate with 3 qubits.
4,Graph State,0,1,0.030807018280029297,0.11536216735839844,graphstate with 4 qubits.
4,Graph State,0,4,0.04004669189453125,0.12780094146728516,graphstate with 4 qubits.
4,Graph State,H,1,0.03252434730529785,0.11241912841796875,graphstate with 4 qubits.
4,Graph State,H,4,0.04516434669494629,0.13031578063964844,graphstate with 4 qubits.
5,Graph State,0,1,0.0374605655670166,0.1121377944946289,graphstate with 5 qubits.
5,Graph State,0,6,0.03906750679016113,0.14859962463378906,graphstate with 5 qubits.
5,Graph State,H,1,0.038594961166381836,0.11327648162841797,graphstate with 5 qubits.
5,Graph State,H,6,0.03890085220336914,0.14986896514892578,graphstate with 5 qubits.
6,Graph State,0,1,0.03351950645446777,0.11300086975097656,graphstate with 6 qubits.
6,Graph State,0,8,0.044455766677856445,0.17975616455078125,graphstate with 6 qubits.
6,Graph State,H,1,0.03807425498962402,0.11474037170410156,graphstate with 6 qubits.
6,Graph State,H,8,0.043636322021484375,0.18273448944091797,graphstate with 6 qubits.
7,Graph State,0,1,0.03362154960632324,0.11557674407958984,graphstate with 7 qubits.
7,Graph State,0,12,0.0477902889251709,0.22880268096923828,graphstate with 7 qubits.
7,Graph State,H,1,0.05993914604187012,0.11722564697265625,graphstate with 7 qubits.
7,Graph State,H,12,0.041631460189819336,0.2259368896484375,graphstate with 7 qubits.
3,Graph State,0,1,0.054791927337646484,0.8488368988037109,graphstate with 3 qubits.
3,Graph State,0,3,0.038403987884521484,0.13591289520263672,graphstate with 3 qubits.
3,Graph State,H,1,0.031935691833496094,0.11480140686035156,graphstate with 3 qubits.
3,Graph State,H,3,0.03180050849914551,0.12268733978271484,graphstate with 3 qubits.
4,Graph State,0,1,0.03278374671936035,0.11424922943115234,graphstate with 4 qubits.
4,Graph State,0,4,0.03452944755554199,0.12868309020996094,graphstate with 4 qubits.
4,Graph State,H,1,0.032689809799194336,0.11337566375732422,graphstate with 4 qubits.
4,Graph State,H,4,0.03320455551147461,0.12938499450683594,graphstate with 4 qubits.
5,Graph State,0,1,0.03132486343383789,0.11279106140136719,graphstate with 5 qubits.
5,Graph State,0,6,0.03887057304382324,0.1491861343383789,graphstate with 5 qubits.
5,Graph State,H,1,0.02960824966430664,0.11388492584228516,graphstate with 5 qubits.
5,Graph State,H,6,0.03567624092102051,0.15062332153320312,graphstate with 5 qubits.
6,Graph State,0,1,0.03411269187927246,0.11293220520019531,graphstate with 6 qubits.
6,Graph State,0,8,0.03794097900390625,0.17971324920654297,graphstate with 6 qubits.
6,Graph State,H,1,0.03299880027770996,0.11501121520996094,graphstate with 6 qubits.
6,Graph State,H,8,0.041378021240234375,0.1820974349975586,graphstate with 6 qubits.
7,Graph State,0,1,0.0315093994140625,0.11598396301269531,graphstate with 7 qubits.
7,Graph State,0,12,0.04520869255065918,0.22891998291015625,graphstate with 7 qubits.
7,Graph State,H,1,0.03774619102478027,0.11649799346923828,graphstate with 7 qubits.
7,Graph State,H,12,0.04353523254394531,0.2244243621826172,graphstate with 7 qubits.
3,Graph State,0,1,0.05318951606750488,0.8510150909423828,graphstate with 3 qubits.
3,Graph State,0,3,0.034531354904174805,0.1305551528930664,graphstate with 3 qubits.
3,Graph State,H,1,0.03479790687561035,0.1144704818725586,graphstate with 3 qubits.
3,Graph State,H,3,0.03632760047912598,0.12080860137939453,graphstate with 3 qubits.
4,Graph State,0,1,0.030106306076049805,0.11273670196533203,graphstate with 4 qubits.
4,Graph State,0,4,0.03387165069580078,0.12951087951660156,graphstate with 4 qubits.
4,Graph State,H,1,0.031054973602294922,0.11619186401367188,graphstate with 4 qubits.
4,Graph State,H,4,0.03745412826538086,0.1298532485961914,graphstate with 4 qubits.
5,Graph State,0,1,0.03555655479431152,0.11219310760498047,graphstate with 5 qubits.
5,Graph State,0,6,0.04893684387207031,0.14934539794921875,graphstate with 5 qubits.
5,Graph State,H,1,0.031447649002075195,0.11259269714355469,graphstate with 5 qubits.
5,Graph State,H,6,0.03506183624267578,0.15201759338378906,graphstate with 5 qubits.
6,Graph State,0,1,0.031119346618652344,0.11485862731933594,graphstate with 6 qubits.
6,Graph State,0,8,0.039420127868652344,0.1794872283935547,graphstate with 6 qubits.
6,Graph State,H,1,0.03195834159851074,0.11596488952636719,graphstate with 6 qubits.
6,Graph State,H,8,0.03752303123474121,0.18194103240966797,graphstate with 6 qubits.
7,Graph State,0,1,0.0314788818359375,0.11444759368896484,graphstate with 7 qubits.
7,Graph State,0,12,0.04476308822631836,0.23004913330078125,graphstate with 7 qubits.
7,Graph State,H,1,0.03284883499145508,0.11753177642822266,graphstate with 7 qubits.
7,Graph State,H,12,0.04399704933166504,0.22452545166015625,graphstate with 7 qubits.
3,Grover's Algorithm,0,1,0.07610917091369629,1.1224212646484375,grover with 3 qubits.
3,Grover's Algorithm,0,3,0.04921388626098633,0.15458011627197266,grover with 3 qubits.
3,Grover's Algorithm,H,1,0.03963589668273926,0.11807918548583984,grover with 3 qubits.
3,Grover's Algorithm,H,3,0.04276108741760254,0.14607810974121094,grover with 3 qubits.
4,Grover's Algorithm,0,1,0.04927396774291992,0.1375417709350586,grover with 4 qubits.
4,Grover's Algorithm,0,4,0.07135462760925293,0.21918773651123047,grover with 4 qubits.
4,Grover's Algorithm,H,1,0.05188155174255371,0.13533878326416016,grover with 4 qubits.
4,Grover's Algorithm,H,4,0.054964542388916016,0.2066783905029297,grover with 4 qubits.
5,Grover's Algorithm,0,1,0.0423431396484375,0.14966106414794922,grover with 5 qubits.
5,Grover's Algorithm,0,6,0.08679771423339844,0.34235191345214844,grover with 5 qubits.
5,Grover's Algorithm,H,1,0.05090785026550293,0.147613525390625,grover with 5 qubits.
5,Grover's Algorithm,H,6,0.15740966796875,0.3399009704589844,grover with 5 qubits.
6,Grover's Algorithm,0,1,0.09395885467529297,0.16994476318359375,grover with 6 qubits.
6,Grover's Algorithm,0,8,0.12316250801086426,0.5224390029907227,grover with 6 qubits.
6,Grover's Algorithm,H,1,0.05724692344665527,0.17010211944580078,grover with 6 qubits.
6,Grover's Algorithm,H,8,0.12860488891601562,0.516362190246582,grover with 6 qubits.
7,Grover's Algorithm,0,1,0.05922651290893555,0.21300601959228516,grover with 7 qubits.
7,Grover's Algorithm,0,12,0.2208702564239502,1.1156883239746094,grover with 7 qubits.
7,Grover's Algorithm,H,1,0.05833745002746582,0.2456226348876953,grover with 7 qubits.
7,Grover's Algorithm,H,12,0.23339343070983887,1.190032958984375,grover with 7 qubits.
3,Grover's Algorithm,0,1,0.10100722312927246,1.1201820373535156,grover with 3 qubits.
3,Grover's Algorithm,0,3,0.0657353401184082,0.151702880859375,grover with 3 qubits.
3,Grover's Algorithm,H,1,0.0368349552154541,0.11987113952636719,grover with 3 qubits.
3,Grover's Algorithm,H,3,0.04199838638305664,0.14874744415283203,grover with 3 qubits.
4,Grover's Algorithm,0,1,0.040950775146484375,0.13808059692382812,grover with 4 qubits.
4,Grover's Algorithm,0,4,0.055709123611450195,0.21778011322021484,grover with 4 qubits.
4,Grover's Algorithm,H,1,0.040863037109375,0.13902950286865234,grover with 4 qubits.
4,Grover's Algorithm,H,4,0.09835147857666016,0.21209239959716797,grover with 4 qubits.
5,Grover's Algorithm,0,1,0.08585000038146973,0.14716243743896484,grover with 5 qubits.
5,Grover's Algorithm,0,6,0.07921695709228516,0.34038639068603516,grover with 5 qubits.
5,Grover's Algorithm,H,1,0.04295182228088379,0.14317989349365234,grover with 5 qubits.
5,Grover's Algorithm,H,6,0.07549309730529785,0.3378143310546875,grover with 5 qubits.
6,Grover's Algorithm,0,1,0.0507817268371582,0.16298770904541016,grover with 6 qubits.
6,Grover's Algorithm,0,8,0.15558600425720215,0.5338125228881836,grover with 6 qubits.
6,Grover's Algorithm,H,1,0.0776681900024414,0.1672534942626953,grover with 6 qubits.
6,Grover's Algorithm,H,8,0.15459513664245605,0.5127897262573242,grover with 6 qubits.
7,Grover's Algorithm,0,1,0.07558774948120117,0.21140003204345703,grover with 7 qubits.
7,Grover's Algorithm,0,12,0.28551650047302246,1.1162710189819336,grover with 7 qubits.
7,Grover's Algorithm,H,1,0.0847625732421875,0.24866580963134766,grover with 7 qubits.
7,Grover's Algorithm,H,12,0.29009151458740234,1.1911869049072266,grover with 7 qubits.
3,Grover's Algorithm,0,1,0.11870503425598145,1.121694564819336,grover with 3 qubits.
3,Grover's Algorithm,0,3,0.054482221603393555,0.15586566925048828,grover with 3 qubits.
3,Grover's Algorithm,H,1,0.04478168487548828,0.12209415435791016,grover with 3 qubits.
3,Grover's Algorithm,H,3,0.046373605728149414,0.14730453491210938,grover with 3 qubits.
4,Grover's Algorithm,0,1,0.049509525299072266,0.1361856460571289,grover with 4 qubits.
4,Grover's Algorithm,0,4,0.05847644805908203,0.21743488311767578,grover with 4 qubits.
4,Grover's Algorithm,H,1,0.05118107795715332,0.13764286041259766,grover with 4 qubits.
4,Grover's Algorithm,H,4,0.05690717697143555,0.20589256286621094,grover with 4 qubits.
5,Grover's Algorithm,0,1,0.05262255668640137,0.14949512481689453,grover with 5 qubits.
5,Grover's Algorithm,0,6,0.0850372314453125,0.34034252166748047,grover with 5 qubits.
5,Grover's Algorithm,H,1,0.05851173400878906,0.14857006072998047,grover with 5 qubits.
5,Grover's Algorithm,H,6,0.08341169357299805,0.3382883071899414,grover with 5 qubits.
6,Grover's Algorithm,0,1,0.058260202407836914,0.16865062713623047,grover with 6 qubits.
6,Grover's Algorithm,0,8,0.14047741889953613,0.5259475708007812,grover with 6 qubits.
6,Grover's Algorithm,H,1,0.05460023880004883,0.16932201385498047,grover with 6 qubits.
6,Grover's Algorithm,H,8,0.12428569793701172,0.5132408142089844,grover with 6 qubits.
7,Grover's Algorithm,0,1,0.06311345100402832,0.21089839935302734,grover with 7 qubits.
7,Grover's Algorithm,0,12,0.23741888999938965,1.1164436340332031,grover with 7 qubits.
7,Grover's Algorithm,H,1,0.06189680099487305,0.2421884536743164,grover with 7 qubits.
7,Grover's Algorithm,H,12,0.24460768699645996,1.1868019104003906,grover with 7 qubits.
3,Grover's Algorithm,0,1,0.1159663200378418,1.1200523376464844,grover with 3 qubits.
3,Grover's Algorithm,0,3,0.04616832733154297,0.15762996673583984,grover with 3 qubits.
3,Grover's Algorithm,H,1,0.04278707504272461,0.121856689453125,grover with 3 qubits.
3,Grover's Algorithm,H,3,0.0483551025390625,0.1472158432006836,grover with 3 qubits.
4,Grover's Algorithm,0,1,0.04747319221496582,0.13643169403076172,grover with 4 qubits.
4,Grover's Algorithm,0,4,0.050154685974121094,0.21624469757080078,grover with 4 qubits.
4,Grover's Algorithm,H,1,0.047367095947265625,0.1369953155517578,grover with 4 qubits.
4,Grover's Algorithm,H,4,0.06684088706970215,0.20499134063720703,grover with 4 qubits.
5,Grover's Algorithm,0,1,0.0672755241394043,0.14834976196289062,grover with 5 qubits.
5,Grover's Algorithm,0,6,0.08074760437011719,0.3394966125488281,grover with 5 qubits.
5,Grover's Algorithm,H,1,0.0475003719329834,0.14632129669189453,grover with 5 qubits.
5,Grover's Algorithm,H,6,0.09652519226074219,0.3367166519165039,grover with 5 qubits.
6,Grover's Algorithm,0,1,0.06723499298095703,0.1688823699951172,grover with 6 qubits.
6,Grover's Algorithm,0,8,0.12507867813110352,0.5220651626586914,grover with 6 qubits.
6,Grover's Algorithm,H,1,0.04701828956604004,0.16810226440429688,grover with 6 qubits.
6,Grover's Algorithm,H,8,0.12736868858337402,0.5158853530883789,grover with 6 qubits.
7,Grover's Algorithm,0,1,0.06498169898986816,0.20932292938232422,grover with 7 qubits.
7,Grover's Algorithm,0,12,0.2338428497314453,1.118011474609375,grover with 7 qubits.
7,Grover's Algorithm,H,1,0.06911039352416992,0.24411296844482422,grover with 7 qubits.
7,Grover's Algorithm,H,12,0.25075292587280273,1.187758445739746,grover with 7 qubits.
3,Grover's Algorithm,0,1,0.07698416709899902,1.1187267303466797,grover with 3 qubits.
3,Grover's Algorithm,0,3,0.04644894599914551,0.15549087524414062,grover with 3 qubits.
3,Grover's Algorithm,H,1,0.04355907440185547,0.12058544158935547,grover with 3 qubits.
3,Grover's Algorithm,H,3,0.04379105567932129,0.1461801528930664,grover with 3 qubits.
4,Grover's Algorithm,0,1,0.04334568977355957,0.1380615234375,grover with 4 qubits.
4,Grover's Algorithm,0,4,0.052308082580566406,0.2181692123413086,grover with 4 qubits.
4,Grover's Algorithm,H,1,0.0454864501953125,0.13977622985839844,grover with 4 qubits.
4,Grover's Algorithm,H,4,0.05608224868774414,0.20641326904296875,grover with 4 qubits.
5,Grover's Algorithm,0,1,0.05662131309509277,0.1503734588623047,grover with 5 qubits.
5,Grover's Algorithm,0,6,0.07987761497497559,0.3397073745727539,grover with 5 qubits.
5,Grover's Algorithm,H,1,0.04781603813171387,0.14692974090576172,grover with 5 qubits.
5,Grover's Algorithm,H,6,0.08030438423156738,0.33722877502441406,grover with 5 qubits.
6,Grover's Algorithm,0,1,0.047593116760253906,0.1705331802368164,grover with 6 qubits.
6,Grover's Algorithm,0,8,0.1301734447479248,0.5226125717163086,grover with 6 qubits.
6,Grover's Algorithm,H,1,0.06653404235839844,0.1690082550048828,grover with 6 qubits.
6,Grover's Algorithm,H,8,0.12296724319458008,0.5133781433105469,grover with 6 qubits.
7,Grover's Algorithm,0,1,0.06406092643737793,0.21082210540771484,grover with 7 qubits.
7,Grover's Algorithm,0,12,0.24997329711914062,1.1160202026367188,grover with 7 qubits.
7,Grover's Algorithm,H,1,0.07127523422241211,0.2488994598388672,grover with 7 qubits.
7,Grover's Algorithm,H,12,0.29372549057006836,1.1860885620117188,grover with 7 qubits.
3,Half Adder,0,1,0.07928895950317383,1.1380558013916016,half_adder with 3 qubits.
3,Half Adder,0,3,0.061544179916381836,0.18704700469970703,half_adder with 3 qubits.
3,Half Adder,H,1,0.04501032829284668,0.13306903839111328,half_adder with 3 qubits.
3,Half Adder,H,3,0.044747352600097656,0.1775808334350586,half_adder with 3 qubits.
5,Half Adder,0,1,0.05669116973876953,0.1598978042602539,half_adder with 5 qubits.
5,Half Adder,0,6,0.07999205589294434,0.29599761962890625,half_adder with 5 qubits.
5,Half Adder,H,1,0.06102252006530762,0.14502811431884766,half_adder with 5 qubits.
5,Half Adder,H,6,0.08907151222229004,0.30309581756591797,half_adder with 5 qubits.
7,Half Adder,0,1,0.08445072174072266,0.1590137481689453,half_adder with 7 qubits.
7,Half Adder,0,12,0.1751863956451416,0.6684856414794922,half_adder with 7 qubits.
7,Half Adder,H,1,0.0625300407409668,0.16155529022216797,half_adder with 7 qubits.
7,Half Adder,H,12,0.1668088436126709,0.6055212020874023,half_adder with 7 qubits.
3,Half Adder,0,1,0.08637309074401855,1.1401052474975586,half_adder with 3 qubits.
3,Half Adder,0,3,0.055527687072753906,0.19005870819091797,half_adder with 3 qubits.
3,Half Adder,H,1,0.049874305725097656,0.1367511749267578,half_adder with 3 qubits.
3,Half Adder,H,3,0.051589012145996094,0.1815195083618164,half_adder with 3 qubits.
5,Half Adder,0,1,0.05009722709655762,0.16229248046875,half_adder with 5 qubits.
5,Half Adder,0,6,0.08687448501586914,0.29523468017578125,half_adder with 5 qubits.
5,Half Adder,H,1,0.04483747482299805,0.1460886001586914,half_adder with 5 qubits.
5,Half Adder,H,6,0.0751807689666748,0.29917144775390625,half_adder with 5 qubits.
7,Half Adder,0,1,0.04944968223571777,0.16043376922607422,half_adder with 7 qubits.
7,Half Adder,0,12,0.1513667106628418,0.6674652099609375,half_adder with 7 qubits.
7,Half Adder,H,1,0.056012630462646484,0.16112518310546875,half_adder with 7 qubits.
7,Half Adder,H,12,0.15576481819152832,0.6048688888549805,half_adder with 7 qubits.
3,Half Adder,0,1,0.08115005493164062,1.1408767700195312,half_adder with 3 qubits.
3,Half Adder,0,3,0.05948448181152344,0.19037628173828125,half_adder with 3 qubits.
3,Half Adder,H,1,0.04711198806762695,0.13446998596191406,half_adder with 3 qubits.
3,Half Adder,H,3,0.05096244812011719,0.1807565689086914,half_adder with 3 qubits.
5,Half Adder,0,1,0.04842686653137207,0.1605367660522461,half_adder with 5 qubits.
5,Half Adder,0,6,0.13200783729553223,0.2961587905883789,half_adder with 5 qubits.
5,Half Adder,H,1,0.04957723617553711,0.14610862731933594,half_adder with 5 qubits.
5,Half Adder,H,6,0.105804443359375,0.29971981048583984,half_adder with 5 qubits.
7,Half Adder,0,1,0.0451662540435791,0.1609506607055664,half_adder with 7 qubits.
7,Half Adder,0,12,0.1988530158996582,0.6668272018432617,half_adder with 7 qubits.
7,Half Adder,H,1,0.04979395866394043,0.16034698486328125,half_adder with 7 qubits.
7,Half Adder,H,12,0.17022943496704102,0.6048355102539062,half_adder with 7 qubits.
3,Half Adder,0,1,0.09707140922546387,1.1401634216308594,half_adder with 3 qubits.
3,Half Adder,0,3,0.05654788017272949,0.19316673278808594,half_adder with 3 qubits.
3,Half Adder,H,1,0.05400824546813965,0.1365203857421875,half_adder with 3 qubits.
3,Half Adder,H,3,0.05711841583251953,0.1814413070678711,half_adder with 3 qubits.
5,Half Adder,0,1,0.05405735969543457,0.16017627716064453,half_adder with 5 qubits.
5,Half Adder,0,6,0.13696026802062988,0.29828929901123047,half_adder with 5 qubits.
5,Half Adder,H,1,0.05471372604370117,0.1460399627685547,half_adder with 5 qubits.
5,Half Adder,H,6,0.08786463737487793,0.3016214370727539,half_adder with 5 qubits.
7,Half Adder,0,1,0.06480097770690918,0.15915203094482422,half_adder with 7 qubits.
7,Half Adder,0,12,0.16183137893676758,0.6676368713378906,half_adder with 7 qubits.
7,Half Adder,H,1,0.05661153793334961,0.16045665740966797,half_adder with 7 qubits.
7,Half Adder,H,12,0.16236090660095215,0.6044168472290039,half_adder with 7 qubits.
3,Half Adder,0,1,0.08851504325866699,1.1360807418823242,half_adder with 3 qubits.
3,Half Adder,0,3,0.05272626876831055,0.18798351287841797,half_adder with 3 qubits.
3,Half Adder,H,1,0.05757403373718262,0.135101318359375,half_adder with 3 qubits.
3,Half Adder,H,3,0.11269617080688477,0.1804342269897461,half_adder with 3 qubits.
5,Half Adder,0,1,0.07957267761230469,0.16198348999023438,half_adder with 5 qubits.
5,Half Adder,0,6,0.07294154167175293,0.2958641052246094,half_adder with 5 qubits.
5,Half Adder,H,1,0.05144619941711426,0.14728355407714844,half_adder with 5 qubits.
5,Half Adder,H,6,0.14226818084716797,0.30037975311279297,half_adder with 5 qubits.
7,Half Adder,0,1,0.05291104316711426,0.1593484878540039,half_adder with 7 qubits.
7,Half Adder,0,12,0.18572068214416504,0.6668787002563477,half_adder with 7 qubits.
7,Half Adder,H,1,0.052733659744262695,0.1612720489501953,half_adder with 7 qubits.
7,Half Adder,H,12,0.15819692611694336,0.6044578552246094,half_adder with 7 qubits.
3,Harrow-Hassidim-Lloyd Algorithm (HHL),0,1,0.08107900619506836,1.1429204940795898,hhl with 3 qubits.
3,Harrow-Hassidim-Lloyd Algorithm (HHL),0,3,0.052533626556396484,0.17226696014404297,hhl with 3 qubits.
3,Harrow-Hassidim-Lloyd Algorithm (HHL),H,1,0.044454097747802734,0.12664127349853516,hhl with 3 qubits.
3,Harrow-Hassidim-Lloyd Algorithm (HHL),H,3,0.05550432205200195,0.16014766693115234,hhl with 3 qubits.
4,Harrow-Hassidim-Lloyd Algorithm (HHL),0,1,0.08775806427001953,0.1376190185546875,hhl with 4 qubits.
4,Harrow-Hassidim-Lloyd Algorithm (HHL),0,4,0.07422685623168945,0.20339584350585938,hhl with 4 qubits.
4,Harrow-Hassidim-Lloyd Algorithm (HHL),H,1,0.04431343078613281,0.13078022003173828,hhl with 4 qubits.
4,Harrow-Hassidim-Lloyd Algorithm (HHL),H,4,0.07900428771972656,0.20192241668701172,hhl with 4 qubits.
5,Harrow-Hassidim-Lloyd Algorithm (HHL),0,1,0.05084586143493652,0.13433074951171875,hhl with 5 qubits.
5,Harrow-Hassidim-Lloyd Algorithm (HHL),0,6,0.10182857513427734,0.2824134826660156,hhl with 5 qubits.
5,Harrow-Hassidim-Lloyd Algorithm (HHL),H,1,0.05096602439880371,0.1370697021484375,hhl with 5 qubits.
5,Harrow-Hassidim-Lloyd Algorithm (HHL),H,6,0.1070406436920166,0.2851295471191406,hhl with 5 qubits.
6,Harrow-Hassidim-Lloyd Algorithm (HHL),0,1,0.05606484413146973,0.15121746063232422,hhl with 6 qubits.
6,Harrow-Hassidim-Lloyd Algorithm (HHL),0,8,0.16975641250610352,0.4136495590209961,hhl with 6 qubits.
6,Harrow-Hassidim-Lloyd Algorithm (HHL),H,1,0.056073665618896484,0.14776134490966797,hhl with 6 qubits.
6,Harrow-Hassidim-Lloyd Algorithm (HHL),H,8,0.11858820915222168,0.4007720947265625,hhl with 6 qubits.
7,Harrow-Hassidim-Lloyd Algorithm (HHL),0,1,0.05737447738647461,0.16161632537841797,hhl with 7 qubits.
7,Harrow-Hassidim-Lloyd Algorithm (HHL),0,12,0.17201733589172363,0.6553258895874023,hhl with 7 qubits.
7,Harrow-Hassidim-Lloyd Algorithm (HHL),H,1,0.07021355628967285,0.16203022003173828,hhl with 7 qubits.
7,Harrow-Hassidim-Lloyd Algorithm (HHL),H,12,0.2063884735107422,0.6593809127807617,hhl with 7 qubits.
3,Harrow-Hassidim-Lloyd Algorithm (HHL),0,1,0.08824610710144043,1.1446332931518555,hhl with 3 qubits.
3,Harrow-Hassidim-Lloyd Algorithm (HHL),0,3,0.051671504974365234,0.16988849639892578,hhl with 3 qubits.
3,Harrow-Hassidim-Lloyd Algorithm (HHL),H,1,0.04394388198852539,0.12572097778320312,hhl with 3 qubits.
3,Harrow-Hassidim-Lloyd Algorithm (HHL),H,3,0.06069016456604004,0.16228866577148438,hhl with 3 qubits.
4,Harrow-Hassidim-Lloyd Algorithm (HHL),0,1,0.06033778190612793,0.1336956024169922,hhl with 4 qubits.
4,Harrow-Hassidim-Lloyd Algorithm (HHL),0,4,0.08607316017150879,0.20301342010498047,hhl with 4 qubits.
4,Harrow-Hassidim-Lloyd Algorithm (HHL),H,1,0.06256675720214844,0.13264083862304688,hhl with 4 qubits.
4,Harrow-Hassidim-Lloyd Algorithm (HHL),H,4,0.07245492935180664,0.20284748077392578,hhl with 4 qubits.
5,Harrow-Hassidim-Lloyd Algorithm (HHL),0,1,0.05230450630187988,0.13422679901123047,hhl with 5 qubits.
5,Harrow-Hassidim-Lloyd Algorithm (HHL),0,6,0.11829948425292969,0.27855682373046875,hhl with 5 qubits.
5,Harrow-Hassidim-Lloyd Algorithm (HHL),H,1,0.12946081161499023,0.1378183364868164,hhl with 5 qubits.
5,Harrow-Hassidim-Lloyd Algorithm (HHL),H,6,0.0993955135345459,0.28502559661865234,hhl with 5 qubits.
6,Harrow-Hassidim-Lloyd Algorithm (HHL),0,1,0.06203269958496094,0.15095996856689453,hhl with 6 qubits.
6,Harrow-Hassidim-Lloyd Algorithm (HHL),0,8,0.10858821868896484,0.4138822555541992,hhl with 6 qubits.
6,Harrow-Hassidim-Lloyd Algorithm (HHL),H,1,0.06954622268676758,0.14672088623046875,hhl with 6 qubits.
6,Harrow-Hassidim-Lloyd Algorithm (HHL),H,8,0.19466423988342285,0.4005718231201172,hhl with 6 qubits.
7,Harrow-Hassidim-Lloyd Algorithm (HHL),0,1,0.052816152572631836,0.163970947265625,hhl with 7 qubits.
7,Harrow-Hassidim-Lloyd Algorithm (HHL),0,12,0.17592716217041016,0.6555080413818359,hhl with 7 qubits.
7,Harrow-Hassidim-Lloyd Algorithm (HHL),H,1,0.08015084266662598,0.16209030151367188,hhl with 7 qubits.
7,Harrow-Hassidim-Lloyd Algorithm (HHL),H,12,0.22394776344299316,0.6580266952514648,hhl with 7 qubits.
3,Harrow-Hassidim-Lloyd Algorithm (HHL),0,1,0.08409285545349121,1.1436500549316406,hhl with 3 qubits.
3,Harrow-Hassidim-Lloyd Algorithm (HHL),0,3,0.05630755424499512,0.16691207885742188,hhl with 3 qubits.
3,Harrow-Hassidim-Lloyd Algorithm (HHL),H,1,0.045671701431274414,0.12336254119873047,hhl with 3 qubits.
3,Harrow-Hassidim-Lloyd Algorithm (HHL),H,3,0.05552172660827637,0.15942096710205078,hhl with 3 qubits.
4,Harrow-Hassidim-Lloyd Algorithm (HHL),0,1,0.046178340911865234,0.1324024200439453,hhl with 4 qubits.
4,Harrow-Hassidim-Lloyd Algorithm (HHL),0,4,0.0620419979095459,0.20290088653564453,hhl with 4 qubits.
4,Harrow-Hassidim-Lloyd Algorithm (HHL),H,1,0.056250572204589844,0.13063812255859375,hhl with 4 qubits.
4,Harrow-Hassidim-Lloyd Algorithm (HHL),H,4,0.05245566368103027,0.2017059326171875,hhl with 4 qubits.
5,Harrow-Hassidim-Lloyd Algorithm (HHL),0,1,0.04761767387390137,0.13381481170654297,hhl with 5 qubits.
5,Harrow-Hassidim-Lloyd Algorithm (HHL),0,6,0.14043211936950684,0.2777996063232422,hhl with 5 qubits.
5,Harrow-Hassidim-Lloyd Algorithm (HHL),H,1,0.04507899284362793,0.1351938247680664,hhl with 5 qubits.
5,Harrow-Hassidim-Lloyd Algorithm (HHL),H,6,0.07499480247497559,0.2839622497558594,hhl with 5 qubits.
6,Harrow-Hassidim-Lloyd Algorithm (HHL),0,1,0.06215929985046387,0.15036964416503906,hhl with 6 qubits.
6,Harrow-Hassidim-Lloyd Algorithm (HHL),0,8,0.10223078727722168,0.41440677642822266,hhl with 6 qubits.
6,Harrow-Hassidim-Lloyd Algorithm (HHL),H,1,0.049501657485961914,0.14506244659423828,hhl with 6 qubits.
6,Harrow-Hassidim-Lloyd Algorithm (HHL),H,8,0.13505911827087402,0.40111637115478516,hhl with 6 qubits.
7,Harrow-Hassidim-Lloyd Algorithm (HHL),0,1,0.055925846099853516,0.16063594818115234,hhl with 7 qubits.
7,Harrow-Hassidim-Lloyd Algorithm (HHL),0,12,0.16994309425354004,0.6538515090942383,hhl with 7 qubits.
7,Harrow-Hassidim-Lloyd Algorithm (HHL),H,1,0.06813502311706543,0.16167831420898438,hhl with 7 qubits.
7,Harrow-Hassidim-Lloyd Algorithm (HHL),H,12,0.1754443645477295,0.6581935882568359,hhl with 7 qubits.
3,Harrow-Hassidim-Lloyd Algorithm (HHL),0,1,0.11519908905029297,1.1433544158935547,hhl with 3 qubits.
3,Harrow-Hassidim-Lloyd Algorithm (HHL),0,3,0.048139095306396484,0.16822242736816406,hhl with 3 qubits.
3,Harrow-Hassidim-Lloyd Algorithm (HHL),H,1,0.060611724853515625,0.12412452697753906,hhl with 3 qubits.
3,Harrow-Hassidim-Lloyd Algorithm (HHL),H,3,0.04288625717163086,0.16086196899414062,hhl with 3 qubits.
4,Harrow-Hassidim-Lloyd Algorithm (HHL),0,1,0.05290389060974121,0.1322774887084961,hhl with 4 qubits.
4,Harrow-Hassidim-Lloyd Algorithm (HHL),0,4,0.09912848472595215,0.20337677001953125,hhl with 4 qubits.
4,Harrow-Hassidim-Lloyd Algorithm (HHL),H,1,0.07278108596801758,0.13137245178222656,hhl with 4 qubits.
4,Harrow-Hassidim-Lloyd Algorithm (HHL),H,4,0.05872035026550293,0.20160579681396484,hhl with 4 qubits.
5,Harrow-Hassidim-Lloyd Algorithm (HHL),0,1,0.05042862892150879,0.1333293914794922,hhl with 5 qubits.
5,Harrow-Hassidim-Lloyd Algorithm (HHL),0,6,0.0846097469329834,0.2793760299682617,hhl with 5 qubits.
5,Harrow-Hassidim-Lloyd Algorithm (HHL),H,1,0.04418587684631348,0.14025306701660156,hhl with 5 qubits.
5,Harrow-Hassidim-Lloyd Algorithm (HHL),H,6,0.07261776924133301,0.2823457717895508,hhl with 5 qubits.
6,Harrow-Hassidim-Lloyd Algorithm (HHL),0,1,0.04968905448913574,0.1507425308227539,hhl with 6 qubits.
6,Harrow-Hassidim-Lloyd Algorithm (HHL),0,8,0.09940767288208008,0.4138336181640625,hhl with 6 qubits.
6,Harrow-Hassidim-Lloyd Algorithm (HHL),H,1,0.07539486885070801,0.14554309844970703,hhl with 6 qubits.
6,Harrow-Hassidim-Lloyd Algorithm (HHL),H,8,0.10239934921264648,0.4000968933105469,hhl with 6 qubits.
7,Harrow-Hassidim-Lloyd Algorithm (HHL),0,1,0.08184266090393066,0.16143131256103516,hhl with 7 qubits.
7,Harrow-Hassidim-Lloyd Algorithm (HHL),0,12,0.162109375,0.6544675827026367,hhl with 7 qubits.
7,Harrow-Hassidim-Lloyd Algorithm (HHL),H,1,0.04929995536804199,0.1639232635498047,hhl with 7 qubits.
7,Harrow-Hassidim-Lloyd Algorithm (HHL),H,12,0.1737990379333496,0.6574716567993164,hhl with 7 qubits.
3,Harrow-Hassidim-Lloyd Algorithm (HHL),0,1,0.10071468353271484,1.1405344009399414,hhl with 3 qubits.
3,Harrow-Hassidim-Lloyd Algorithm (HHL),0,3,0.0708777904510498,0.16640949249267578,hhl with 3 qubits.
3,Harrow-Hassidim-Lloyd Algorithm (HHL),H,1,0.04447770118713379,0.12338829040527344,hhl with 3 qubits.
3,Harrow-Hassidim-Lloyd Algorithm (HHL),H,3,0.04288339614868164,0.15897846221923828,hhl with 3 qubits.
4,Harrow-Hassidim-Lloyd Algorithm (HHL),0,1,0.0436093807220459,0.13111114501953125,hhl with 4 qubits.
4,Harrow-Hassidim-Lloyd Algorithm (HHL),0,4,0.0729374885559082,0.20111560821533203,hhl with 4 qubits.
4,Harrow-Hassidim-Lloyd Algorithm (HHL),H,1,0.06904959678649902,0.13074111938476562,hhl with 4 qubits.
4,Harrow-Hassidim-Lloyd Algorithm (HHL),H,4,0.0698096752166748,0.20087528228759766,hhl with 4 qubits.
5,Harrow-Hassidim-Lloyd Algorithm (HHL),0,1,0.09016585350036621,0.13386058807373047,hhl with 5 qubits.
5,Harrow-Hassidim-Lloyd Algorithm (HHL),0,6,0.0708158016204834,0.28078556060791016,hhl with 5 qubits.
5,Harrow-Hassidim-Lloyd Algorithm (HHL),H,1,0.04863476753234863,0.13935184478759766,hhl with 5 qubits.
5,Harrow-Hassidim-Lloyd Algorithm (HHL),H,6,0.07457304000854492,0.2846498489379883,hhl with 5 qubits.
6,Harrow-Hassidim-Lloyd Algorithm (HHL),0,1,0.0763852596282959,0.14996719360351562,hhl with 6 qubits.
6,Harrow-Hassidim-Lloyd Algorithm (HHL),0,8,0.11400246620178223,0.4139852523803711,hhl with 6 qubits.
6,Harrow-Hassidim-Lloyd Algorithm (HHL),H,1,0.045151710510253906,0.14702987670898438,hhl with 6 qubits.
6,Harrow-Hassidim-Lloyd Algorithm (HHL),H,8,0.14531326293945312,0.3999481201171875,hhl with 6 qubits.
7,Harrow-Hassidim-Lloyd Algorithm (HHL),0,1,0.04780077934265137,0.16220951080322266,hhl with 7 qubits.
7,Harrow-Hassidim-Lloyd Algorithm (HHL),0,12,0.16192030906677246,0.652740478515625,hhl with 7 qubits.
7,Harrow-Hassidim-Lloyd Algorithm (HHL),H,1,0.053200721740722656,0.1640911102294922,hhl with 7 qubits.
7,Harrow-Hassidim-Lloyd Algorithm (HHL),H,12,0.1775045394897461,0.6567554473876953,hhl with 7 qubits.
5,Häner-Roetteler-Svore (HRS) Cumulative Multiplier,0,1,0.14667010307312012,1.1523752212524414,hrs_cumulative_multiplier with 5 qubits.
5,Häner-Roetteler-Svore (HRS) Cumulative Multiplier,0,6,0.25901317596435547,0.6678667068481445,hrs_cumulative_multiplier with 5 qubits.
5,Häner-Roetteler-Svore (HRS) Cumulative Multiplier,H,1,0.09606790542602539,0.21481895446777344,hrs_cumulative_multiplier with 5 qubits.
5,Häner-Roetteler-Svore (HRS) Cumulative Multiplier,H,6,0.20077872276306152,0.6485309600830078,hrs_cumulative_multiplier with 5 qubits.
5,Häner-Roetteler-Svore (HRS) Cumulative Multiplier,0,1,0.10713386535644531,1.1467161178588867,hrs_cumulative_multiplier with 5 qubits.
5,Häner-Roetteler-Svore (HRS) Cumulative Multiplier,0,6,0.15757346153259277,0.6701135635375977,hrs_cumulative_multiplier with 5 qubits.
5,Häner-Roetteler-Svore (HRS) Cumulative Multiplier,H,1,0.06015777587890625,0.217987060546875,hrs_cumulative_multiplier with 5 qubits.
5,Häner-Roetteler-Svore (HRS) Cumulative Multiplier,H,6,0.16013550758361816,0.6525983810424805,hrs_cumulative_multiplier with 5 qubits.
5,Häner-Roetteler-Svore (HRS) Cumulative Multiplier,0,1,0.09434628486633301,1.1520376205444336,hrs_cumulative_multiplier with 5 qubits.
5,Häner-Roetteler-Svore (HRS) Cumulative Multiplier,0,6,0.17758488655090332,0.6696968078613281,hrs_cumulative_multiplier with 5 qubits.
5,Häner-Roetteler-Svore (HRS) Cumulative Multiplier,H,1,0.057657480239868164,0.21551132202148438,hrs_cumulative_multiplier with 5 qubits.
5,Häner-Roetteler-Svore (HRS) Cumulative Multiplier,H,6,0.23060965538024902,0.6482791900634766,hrs_cumulative_multiplier with 5 qubits.
5,Häner-Roetteler-Svore (HRS) Cumulative Multiplier,0,1,0.09485983848571777,1.1500740051269531,hrs_cumulative_multiplier with 5 qubits.
5,Häner-Roetteler-Svore (HRS) Cumulative Multiplier,0,6,0.1778123378753662,0.6717119216918945,hrs_cumulative_multiplier with 5 qubits.
5,Häner-Roetteler-Svore (HRS) Cumulative Multiplier,H,1,0.07420992851257324,0.21841144561767578,hrs_cumulative_multiplier with 5 qubits.
5,Häner-Roetteler-Svore (HRS) Cumulative Multiplier,H,6,0.1633589267730713,0.6498832702636719,hrs_cumulative_multiplier with 5 qubits.
5,Häner-Roetteler-Svore (HRS) Cumulative Multiplier,0,1,0.15322637557983398,1.1497726440429688,hrs_cumulative_multiplier with 5 qubits.
5,Häner-Roetteler-Svore (HRS) Cumulative Multiplier,0,6,0.171830415725708,0.6712350845336914,hrs_cumulative_multiplier with 5 qubits.
5,Häner-Roetteler-Svore (HRS) Cumulative Multiplier,H,1,0.05986618995666504,0.21781349182128906,hrs_cumulative_multiplier with 5 qubits.
5,Häner-Roetteler-Svore (HRS) Cumulative Multiplier,H,6,0.16670799255371094,0.649561882019043,hrs_cumulative_multiplier with 5 qubits.
4,Modular Adder,0,1,0.08164596557617188,1.1629009246826172,modular_adder with 4 qubits.
4,Modular Adder,0,4,0.06977319717407227,0.23031044006347656,modular_adder with 4 qubits.
4,Modular Adder,H,1,0.043894290924072266,0.13566303253173828,modular_adder with 4 qubits.
4,Modular Adder,H,4,0.05522871017456055,0.21633052825927734,modular_adder with 4 qubits.
6,Modular Adder,0,1,0.04884529113769531,0.1523122787475586,modular_adder with 6 qubits.
6,Modular Adder,0,8,0.09288167953491211,0.3890972137451172,modular_adder with 6 qubits.
6,Modular Adder,H,1,0.04490351676940918,0.15047550201416016,modular_adder with 6 qubits.
6,Modular Adder,H,8,0.0839536190032959,0.3795890808105469,modular_adder with 6 qubits.
4,Modular Adder,0,1,0.12102484703063965,1.159184455871582,modular_adder with 4 qubits.
4,Modular Adder,0,4,0.06976485252380371,0.2312154769897461,modular_adder with 4 qubits.
4,Modular Adder,H,1,0.046090126037597656,0.1361227035522461,modular_adder with 4 qubits.
4,Modular Adder,H,4,0.06416058540344238,0.21735477447509766,modular_adder with 4 qubits.
6,Modular Adder,0,1,0.041687726974487305,0.14827537536621094,modular_adder with 6 qubits.
6,Modular Adder,0,8,0.13004326820373535,0.38927745819091797,modular_adder with 6 qubits.
6,Modular Adder,H,1,0.04981851577758789,0.14736175537109375,modular_adder with 6 qubits.
6,Modular Adder,H,8,0.25193285942077637,0.3786659240722656,modular_adder with 6 qubits.
4,Modular Adder,0,1,0.2203078269958496,1.1615352630615234,modular_adder with 4 qubits.
4,Modular Adder,0,4,0.05580592155456543,0.22845458984375,modular_adder with 4 qubits.
4,Modular Adder,H,1,0.06304574012756348,0.13553524017333984,modular_adder with 4 qubits.
4,Modular Adder,H,4,0.05534672737121582,0.21797752380371094,modular_adder with 4 qubits.
6,Modular Adder,0,1,0.0489506721496582,0.14659786224365234,modular_adder with 6 qubits.
6,Modular Adder,0,8,0.08970880508422852,0.3852996826171875,modular_adder with 6 qubits.
6,Modular Adder,H,1,0.04558849334716797,0.15216922760009766,modular_adder with 6 qubits.
6,Modular Adder,H,8,0.10761308670043945,0.37824249267578125,modular_adder with 6 qubits.
4,Modular Adder,0,1,0.08926939964294434,1.1594409942626953,modular_adder with 4 qubits.
4,Modular Adder,0,4,0.0657811164855957,0.23039722442626953,modular_adder with 4 qubits.
4,Modular Adder,H,1,0.04227852821350098,0.1392974853515625,modular_adder with 4 qubits.
4,Modular Adder,H,4,0.06549763679504395,0.218017578125,modular_adder with 4 qubits.
6,Modular Adder,0,1,0.10296821594238281,0.14913368225097656,modular_adder with 6 qubits.
6,Modular Adder,0,8,0.13232421875,0.38960838317871094,modular_adder with 6 qubits.
6,Modular Adder,H,1,0.04556441307067871,0.14844799041748047,modular_adder with 6 qubits.
6,Modular Adder,H,8,0.08327031135559082,0.37944889068603516,modular_adder with 6 qubits.
4,Modular Adder,0,1,0.09839177131652832,1.1609563827514648,modular_adder with 4 qubits.
4,Modular Adder,0,4,0.06764650344848633,0.23534679412841797,modular_adder with 4 qubits.
4,Modular Adder,H,1,0.05357646942138672,0.13661861419677734,modular_adder with 4 qubits.
4,Modular Adder,H,4,0.09823274612426758,0.2165212631225586,modular_adder with 4 qubits.
6,Modular Adder,0,1,0.13856220245361328,0.14914321899414062,modular_adder with 6 qubits.
6,Modular Adder,0,8,0.1053168773651123,0.3880338668823242,modular_adder with 6 qubits.
6,Modular Adder,H,1,0.04616951942443848,0.1514739990234375,modular_adder with 6 qubits.
6,Modular Adder,H,8,0.0909426212310791,0.37894439697265625,modular_adder with 6 qubits.
4,Multiplier,0,1,0.12059426307678223,1.1635656356811523,multiplier with 4 qubits.
4,Multiplier,0,4,0.0706627368927002,0.22578907012939453,multiplier with 4 qubits.
4,Multiplier,H,1,0.06698799133300781,0.13451480865478516,multiplier with 4 qubits.
4,Multiplier,H,4,0.10016369819641113,0.21441650390625,multiplier with 4 qubits.
4,Multiplier,0,1,0.07898306846618652,1.1665515899658203,multiplier with 4 qubits.
4,Multiplier,0,4,0.055701494216918945,0.22643661499023438,multiplier with 4 qubits.
4,Multiplier,H,1,0.04457831382751465,0.1355142593383789,multiplier with 4 qubits.
4,Multiplier,H,4,0.06222343444824219,0.21646881103515625,multiplier with 4 qubits.
4,Multiplier,0,1,0.0837712287902832,1.1634807586669922,multiplier with 4 qubits.
4,Multiplier,0,4,0.06741881370544434,0.2295846939086914,multiplier with 4 qubits.
4,Multiplier,H,1,0.04506039619445801,0.1358957290649414,multiplier with 4 qubits.
4,Multiplier,H,4,0.06153607368469238,0.2148456573486328,multiplier with 4 qubits.
4,Multiplier,0,1,0.1109011173248291,1.166691780090332,multiplier with 4 qubits.
4,Multiplier,0,4,0.06248021125793457,0.23178863525390625,multiplier with 4 qubits.
4,Multiplier,H,1,0.048399925231933594,0.13732147216796875,multiplier with 4 qubits.
4,Multiplier,H,4,0.06354761123657227,0.21564483642578125,multiplier with 4 qubits.
4,Multiplier,0,1,0.08201241493225098,1.1635923385620117,multiplier with 4 qubits.
4,Multiplier,0,4,0.05628705024719238,0.23069190979003906,multiplier with 4 qubits.
4,Multiplier,H,1,0.045549631118774414,0.13574504852294922,multiplier with 4 qubits.
4,Multiplier,H,4,0.06492400169372559,0.21520423889160156,multiplier with 4 qubits.
3,Quantum Fourier Transformation (QFT),0,1,0.09466052055358887,1.12261962890625,qft with 3 qubits.
3,Quantum Fourier Transformation (QFT),0,3,0.07459092140197754,0.1598644256591797,qft with 3 qubits.
3,Quantum Fourier Transformation (QFT),H,1,0.06854915618896484,0.12363338470458984,qft with 3 qubits.
3,Quantum Fourier Transformation (QFT),H,3,0.05689501762390137,0.14623260498046875,qft with 3 qubits.
4,Quantum Fourier Transformation (QFT),0,1,0.047991275787353516,0.12154579162597656,qft with 4 qubits.
4,Quantum Fourier Transformation (QFT),0,4,0.054947614669799805,0.16423988342285156,qft with 4 qubits.
4,Quantum Fourier Transformation (QFT),H,1,0.04790544509887695,0.1225137710571289,qft with 4 qubits.
4,Quantum Fourier Transformation (QFT),H,4,0.06082439422607422,0.16352176666259766,qft with 4 qubits.
5,Quantum Fourier Transformation (QFT),0,1,0.051444053649902344,0.1251068115234375,qft with 5 qubits.
5,Quantum Fourier Transformation (QFT),0,6,0.1434473991394043,0.21848773956298828,qft with 5 qubits.
5,Quantum Fourier Transformation (QFT),H,1,0.06925725936889648,0.12604045867919922,qft with 5 qubits.
5,Quantum Fourier Transformation (QFT),H,6,0.07607889175415039,0.21943950653076172,qft with 5 qubits.
6,Quantum Fourier Transformation (QFT),0,1,0.06638979911804199,0.1338481903076172,qft with 6 qubits.
6,Quantum Fourier Transformation (QFT),0,8,0.11938977241516113,0.30330371856689453,qft with 6 qubits.
6,Quantum Fourier Transformation (QFT),H,1,0.05324721336364746,0.13463306427001953,qft with 6 qubits.
6,Quantum Fourier Transformation (QFT),H,8,0.09268569946289062,0.3173713684082031,qft with 6 qubits.
7,Quantum Fourier Transformation (QFT),0,1,0.04831743240356445,0.14011192321777344,qft with 7 qubits.
7,Quantum Fourier Transformation (QFT),0,12,0.10517048835754395,0.4590463638305664,qft with 7 qubits.
7,Quantum Fourier Transformation (QFT),H,1,0.04953360557556152,0.14098453521728516,qft with 7 qubits.
7,Quantum Fourier Transformation (QFT),H,12,0.10536360740661621,0.4626893997192383,qft with 7 qubits.
3,Quantum Fourier Transformation (QFT),0,1,0.07963109016418457,1.118149757385254,qft with 3 qubits.
3,Quantum Fourier Transformation (QFT),0,3,0.08085966110229492,0.1596508026123047,qft with 3 qubits.
3,Quantum Fourier Transformation (QFT),H,1,0.1323099136352539,0.11980342864990234,qft with 3 qubits.
3,Quantum Fourier Transformation (QFT),H,3,0.0449671745300293,0.14388561248779297,qft with 3 qubits.
4,Quantum Fourier Transformation (QFT),0,1,0.042842864990234375,0.12116050720214844,qft with 4 qubits.
4,Quantum Fourier Transformation (QFT),0,4,0.05823373794555664,0.16389179229736328,qft with 4 qubits.
4,Quantum Fourier Transformation (QFT),H,1,0.04663443565368652,0.12163352966308594,qft with 4 qubits.
4,Quantum Fourier Transformation (QFT),H,4,0.054648637771606445,0.16353511810302734,qft with 4 qubits.
5,Quantum Fourier Transformation (QFT),0,1,0.05615973472595215,0.1236715316772461,qft with 5 qubits.
5,Quantum Fourier Transformation (QFT),0,6,0.07402181625366211,0.21834754943847656,qft with 5 qubits.
5,Quantum Fourier Transformation (QFT),H,1,0.05401945114135742,0.12462615966796875,qft with 5 qubits.
5,Quantum Fourier Transformation (QFT),H,6,0.06579422950744629,0.21878719329833984,qft with 5 qubits.
6,Quantum Fourier Transformation (QFT),0,1,0.051116943359375,0.13410377502441406,qft with 6 qubits.
6,Quantum Fourier Transformation (QFT),0,8,0.08745455741882324,0.30270957946777344,qft with 6 qubits.
6,Quantum Fourier Transformation (QFT),H,1,0.04828476905822754,0.1344623565673828,qft with 6 qubits.
6,Quantum Fourier Transformation (QFT),H,8,0.09194254875183105,0.3167600631713867,qft with 6 qubits.
7,Quantum Fourier Transformation (QFT),0,1,0.06675171852111816,0.13928604125976562,qft with 7 qubits.
7,Quantum Fourier Transformation (QFT),0,12,0.12704253196716309,0.45802974700927734,qft with 7 qubits.
7,Quantum Fourier Transformation (QFT),H,1,0.05107998847961426,0.1422739028930664,qft with 7 qubits.
7,Quantum Fourier Transformation (QFT),H,12,0.12462639808654785,0.4607839584350586,qft with 7 qubits.
3,Quantum Fourier Transformation (QFT),0,1,0.0871279239654541,1.1226844787597656,qft with 3 qubits.
3,Quantum Fourier Transformation (QFT),0,3,0.0484776496887207,0.15118408203125,qft with 3 qubits.
3,Quantum Fourier Transformation (QFT),H,1,0.03815150260925293,0.12002277374267578,qft with 3 qubits.
3,Quantum Fourier Transformation (QFT),H,3,0.044008493423461914,0.1434469223022461,qft with 3 qubits.
4,Quantum Fourier Transformation (QFT),0,1,0.04114866256713867,0.12005138397216797,qft with 4 qubits.
4,Quantum Fourier Transformation (QFT),0,4,0.047823190689086914,0.16344833374023438,qft with 4 qubits.
4,Quantum Fourier Transformation (QFT),H,1,0.04166388511657715,0.11972522735595703,qft with 4 qubits.
4,Quantum Fourier Transformation (QFT),H,4,0.049231529235839844,0.16303062438964844,qft with 4 qubits.
5,Quantum Fourier Transformation (QFT),0,1,0.05132436752319336,0.1251516342163086,qft with 5 qubits.
5,Quantum Fourier Transformation (QFT),0,6,0.05812478065490723,0.2184000015258789,qft with 5 qubits.
5,Quantum Fourier Transformation (QFT),H,1,0.04645037651062012,0.12580108642578125,qft with 5 qubits.
5,Quantum Fourier Transformation (QFT),H,6,0.06502342224121094,0.2185077667236328,qft with 5 qubits.
6,Quantum Fourier Transformation (QFT),0,1,0.047280073165893555,0.13222885131835938,qft with 6 qubits.
6,Quantum Fourier Transformation (QFT),0,8,0.07500004768371582,0.3017158508300781,qft with 6 qubits.
6,Quantum Fourier Transformation (QFT),H,1,0.054033756256103516,0.1341257095336914,qft with 6 qubits.
6,Quantum Fourier Transformation (QFT),H,8,0.08668017387390137,0.31386852264404297,qft with 6 qubits.
7,Quantum Fourier Transformation (QFT),0,1,0.04878520965576172,0.13964366912841797,qft with 7 qubits.
7,Quantum Fourier Transformation (QFT),0,12,0.1226644515991211,0.4574098587036133,qft with 7 qubits.
7,Quantum Fourier Transformation (QFT),H,1,0.05018162727355957,0.14079952239990234,qft with 7 qubits.
7,Quantum Fourier Transformation (QFT),H,12,0.10644364356994629,0.4604949951171875,qft with 7 qubits.
3,Quantum Fourier Transformation (QFT),0,1,0.0783853530883789,1.1259212493896484,qft with 3 qubits.
3,Quantum Fourier Transformation (QFT),0,3,0.04468655586242676,0.156585693359375,qft with 3 qubits.
3,Quantum Fourier Transformation (QFT),H,1,0.04276561737060547,0.11865520477294922,qft with 3 qubits.
3,Quantum Fourier Transformation (QFT),H,3,0.04280996322631836,0.1449728012084961,qft with 3 qubits.
4,Quantum Fourier Transformation (QFT),0,1,0.04482555389404297,0.1245584487915039,qft with 4 qubits.
4,Quantum Fourier Transformation (QFT),0,4,0.07148456573486328,0.16575241088867188,qft with 4 qubits.
4,Quantum Fourier Transformation (QFT),H,1,0.04631495475769043,0.12302494049072266,qft with 4 qubits.
4,Quantum Fourier Transformation (QFT),H,4,0.05713033676147461,0.16576480865478516,qft with 4 qubits.
5,Quantum Fourier Transformation (QFT),0,1,0.040923118591308594,0.12607383728027344,qft with 5 qubits.
5,Quantum Fourier Transformation (QFT),0,6,0.0849299430847168,0.21849918365478516,qft with 5 qubits.
5,Quantum Fourier Transformation (QFT),H,1,0.06860804557800293,0.1255512237548828,qft with 5 qubits.
5,Quantum Fourier Transformation (QFT),H,6,0.061139583587646484,0.2191171646118164,qft with 5 qubits.
6,Quantum Fourier Transformation (QFT),0,1,0.06445097923278809,0.13268184661865234,qft with 6 qubits.
6,Quantum Fourier Transformation (QFT),0,8,0.1234745979309082,0.3024272918701172,qft with 6 qubits.
6,Quantum Fourier Transformation (QFT),H,1,0.04655933380126953,0.1342926025390625,qft with 6 qubits.
6,Quantum Fourier Transformation (QFT),H,8,0.11851143836975098,0.3162269592285156,qft with 6 qubits.
7,Quantum Fourier Transformation (QFT),0,1,0.05174112319946289,0.13962173461914062,qft with 7 qubits.
7,Quantum Fourier Transformation (QFT),0,12,0.12819623947143555,0.45812320709228516,qft with 7 qubits.
7,Quantum Fourier Transformation (QFT),H,1,0.0589137077331543,0.14110279083251953,qft with 7 qubits.
7,Quantum Fourier Transformation (QFT),H,12,0.14953255653381348,0.46144676208496094,qft with 7 qubits.
3,Quantum Fourier Transformation (QFT),0,1,0.07566332817077637,1.12371826171875,qft with 3 qubits.
3,Quantum Fourier Transformation (QFT),0,3,0.04824018478393555,0.15072917938232422,qft with 3 qubits.
3,Quantum Fourier Transformation (QFT),H,1,0.04137873649597168,0.12093734741210938,qft with 3 qubits.
3,Quantum Fourier Transformation (QFT),H,3,0.04676651954650879,0.1456470489501953,qft with 3 qubits.
4,Quantum Fourier Transformation (QFT),0,1,0.04332590103149414,0.1206817626953125,qft with 4 qubits.
4,Quantum Fourier Transformation (QFT),0,4,0.05825686454772949,0.1620464324951172,qft with 4 qubits.
4,Quantum Fourier Transformation (QFT),H,1,0.05094456672668457,0.12116718292236328,qft with 4 qubits.
4,Quantum Fourier Transformation (QFT),H,4,0.05080056190490723,0.16339588165283203,qft with 4 qubits.
5,Quantum Fourier Transformation (QFT),0,1,0.04700183868408203,0.12581348419189453,qft with 5 qubits.
5,Quantum Fourier Transformation (QFT),0,6,0.08060121536254883,0.2188129425048828,qft with 5 qubits.
5,Quantum Fourier Transformation (QFT),H,1,0.044980525970458984,0.12616920471191406,qft with 5 qubits.
5,Quantum Fourier Transformation (QFT),H,6,0.05652260780334473,0.21856403350830078,qft with 5 qubits.
6,Quantum Fourier Transformation (QFT),0,1,0.043428659439086914,0.13255882263183594,qft with 6 qubits.
6,Quantum Fourier Transformation (QFT),0,8,0.10833406448364258,0.30466651916503906,qft with 6 qubits.
6,Quantum Fourier Transformation (QFT),H,1,0.04609942436218262,0.13454818725585938,qft with 6 qubits.
6,Quantum Fourier Transformation (QFT),H,8,0.13234901428222656,0.31508541107177734,qft with 6 qubits.
7,Quantum Fourier Transformation (QFT),0,1,0.06549286842346191,0.13955116271972656,qft with 7 qubits.
7,Quantum Fourier Transformation (QFT),0,12,0.1304173469543457,0.45856285095214844,qft with 7 qubits.
7,Quantum Fourier Transformation (QFT),H,1,0.08852243423461914,0.13980388641357422,qft with 7 qubits.
7,Quantum Fourier Transformation (QFT),H,12,0.1462254524230957,0.46018028259277344,qft with 7 qubits.
3,QFT with GHZ state input,0,1,0.08177852630615234,1.1232938766479492,qftentangled with 3 qubits.
3,QFT with GHZ state input,0,3,0.05115389823913574,0.15064716339111328,qftentangled with 3 qubits.
3,QFT with GHZ state input,H,1,0.040053367614746094,0.12146759033203125,qftentangled with 3 qubits.
3,QFT with GHZ state input,H,3,0.04733538627624512,0.14528942108154297,qftentangled with 3 qubits.
4,QFT with GHZ state input,0,1,0.040137290954589844,0.1217966079711914,qftentangled with 4 qubits.
4,QFT with GHZ state input,0,4,0.054099082946777344,0.16524505615234375,qftentangled with 4 qubits.
4,QFT with GHZ state input,H,1,0.053488969802856445,0.12045669555664062,qftentangled with 4 qubits.
4,QFT with GHZ state input,H,4,0.04825711250305176,0.16676616668701172,qftentangled with 4 qubits.
5,QFT with GHZ state input,0,1,0.0450444221496582,0.12632465362548828,qftentangled with 5 qubits.
5,QFT with GHZ state input,0,6,0.058088064193725586,0.23573589324951172,qftentangled with 5 qubits.
5,QFT with GHZ state input,H,1,0.05217480659484863,0.12831497192382812,qftentangled with 5 qubits.
5,QFT with GHZ state input,H,6,0.0713653564453125,0.23320770263671875,qftentangled with 5 qubits.
6,QFT with GHZ state input,0,1,0.05461692810058594,0.13544940948486328,qftentangled with 6 qubits.
6,QFT with GHZ state input,0,8,0.08046460151672363,0.3217277526855469,qftentangled with 6 qubits.
6,QFT with GHZ state input,H,1,0.044069766998291016,0.13566112518310547,qftentangled with 6 qubits.
6,QFT with GHZ state input,H,8,0.1045234203338623,0.3168210983276367,qftentangled with 6 qubits.
7,QFT with GHZ state input,0,1,0.12471747398376465,0.14159202575683594,qftentangled with 7 qubits.
7,QFT with GHZ state input,0,12,0.1887342929840088,0.4678211212158203,qftentangled with 7 qubits.
7,QFT with GHZ state input,H,1,0.05495762825012207,0.1421642303466797,qftentangled with 7 qubits.
7,QFT with GHZ state input,H,12,0.15472030639648438,0.48316383361816406,qftentangled with 7 qubits.
3,QFT with GHZ state input,0,1,0.08560442924499512,1.1253204345703125,qftentangled with 3 qubits.
3,QFT with GHZ state input,0,3,0.04484820365905762,0.1554708480834961,qftentangled with 3 qubits.
3,QFT with GHZ state input,H,1,0.04572653770446777,0.1191701889038086,qftentangled with 3 qubits.
3,QFT with GHZ state input,H,3,0.04886507987976074,0.14695072174072266,qftentangled with 3 qubits.
4,QFT with GHZ state input,0,1,0.04150056838989258,0.12401390075683594,qftentangled with 4 qubits.
4,QFT with GHZ state input,0,4,0.05148649215698242,0.16877079010009766,qftentangled with 4 qubits.
4,QFT with GHZ state input,H,1,0.0379948616027832,0.12338447570800781,qftentangled with 4 qubits.
4,QFT with GHZ state input,H,4,0.05074429512023926,0.16906452178955078,qftentangled with 4 qubits.
5,QFT with GHZ state input,0,1,0.043369293212890625,0.1286478042602539,qftentangled with 5 qubits.
5,QFT with GHZ state input,0,6,0.07386207580566406,0.23319721221923828,qftentangled with 5 qubits.
5,QFT with GHZ state input,H,1,0.04390549659729004,0.12801074981689453,qftentangled with 5 qubits.
5,QFT with GHZ state input,H,6,0.05865740776062012,0.23281288146972656,qftentangled with 5 qubits.
6,QFT with GHZ state input,0,1,0.0424199104309082,0.13542461395263672,qftentangled with 6 qubits.
6,QFT with GHZ state input,0,8,0.0933234691619873,0.3222208023071289,qftentangled with 6 qubits.
6,QFT with GHZ state input,H,1,0.050853729248046875,0.13408660888671875,qftentangled with 6 qubits.
6,QFT with GHZ state input,H,8,0.08064985275268555,0.3166036605834961,qftentangled with 6 qubits.
7,QFT with GHZ state input,0,1,0.04914116859436035,0.1428823471069336,qftentangled with 7 qubits.
7,QFT with GHZ state input,0,12,0.13427114486694336,0.46797657012939453,qftentangled with 7 qubits.
7,QFT with GHZ state input,H,1,0.05222320556640625,0.14473342895507812,qftentangled with 7 qubits.
7,QFT with GHZ state input,H,12,0.12970662117004395,0.4843616485595703,qftentangled with 7 qubits.
3,QFT with GHZ state input,0,1,0.07828164100646973,1.1266326904296875,qftentangled with 3 qubits.
3,QFT with GHZ state input,0,3,0.060166120529174805,0.15615177154541016,qftentangled with 3 qubits.
3,QFT with GHZ state input,H,1,0.037279605865478516,0.12058830261230469,qftentangled with 3 qubits.
3,QFT with GHZ state input,H,3,0.04691052436828613,0.1454029083251953,qftentangled with 3 qubits.
4,QFT with GHZ state input,0,1,0.04505658149719238,0.12364482879638672,qftentangled with 4 qubits.
4,QFT with GHZ state input,0,4,0.06743454933166504,0.16764354705810547,qftentangled with 4 qubits.
4,QFT with GHZ state input,H,1,0.054253578186035156,0.12636089324951172,qftentangled with 4 qubits.
4,QFT with GHZ state input,H,4,0.04828643798828125,0.1667499542236328,qftentangled with 4 qubits.
5,QFT with GHZ state input,0,1,0.04040694236755371,0.12571144104003906,qftentangled with 5 qubits.
5,QFT with GHZ state input,0,6,0.07541966438293457,0.2354278564453125,qftentangled with 5 qubits.
5,QFT with GHZ state input,H,1,0.047853946685791016,0.13135433197021484,qftentangled with 5 qubits.
5,QFT with GHZ state input,H,6,0.09945034980773926,0.23449134826660156,qftentangled with 5 qubits.
6,QFT with GHZ state input,0,1,0.10801863670349121,0.13634777069091797,qftentangled with 6 qubits.
6,QFT with GHZ state input,0,8,0.16367697715759277,0.32247161865234375,qftentangled with 6 qubits.
6,QFT with GHZ state input,H,1,0.04421043395996094,0.13755416870117188,qftentangled with 6 qubits.
6,QFT with GHZ state input,H,8,0.10648107528686523,0.32006263732910156,qftentangled with 6 qubits.
7,QFT with GHZ state input,0,1,0.05265164375305176,0.14443683624267578,qftentangled with 7 qubits.
7,QFT with GHZ state input,0,12,0.11709713935852051,0.4672422409057617,qftentangled with 7 qubits.
7,QFT with GHZ state input,H,1,0.05244088172912598,0.14075469970703125,qftentangled with 7 qubits.
7,QFT with GHZ state input,H,12,0.1998729705810547,0.4820680618286133,qftentangled with 7 qubits.
3,QFT with GHZ state input,0,1,0.09199380874633789,1.124192237854004,qftentangled with 3 qubits.
3,QFT with GHZ state input,0,3,0.05907726287841797,0.15190505981445312,qftentangled with 3 qubits.
3,QFT with GHZ state input,H,1,0.04806041717529297,0.12088584899902344,qftentangled with 3 qubits.
3,QFT with GHZ state input,H,3,0.04681515693664551,0.14486408233642578,qftentangled with 3 qubits.
4,QFT with GHZ state input,0,1,0.06270408630371094,0.12085437774658203,qftentangled with 4 qubits.
4,QFT with GHZ state input,0,4,0.05134725570678711,0.16799354553222656,qftentangled with 4 qubits.
4,QFT with GHZ state input,H,1,0.04628705978393555,0.12251567840576172,qftentangled with 4 qubits.
4,QFT with GHZ state input,H,4,0.06168007850646973,0.16894817352294922,qftentangled with 4 qubits.
5,QFT with GHZ state input,0,1,0.0563967227935791,0.12596893310546875,qftentangled with 5 qubits.
5,QFT with GHZ state input,0,6,0.0633707046508789,0.2326803207397461,qftentangled with 5 qubits.
5,QFT with GHZ state input,H,1,0.050508737564086914,0.12775421142578125,qftentangled with 5 qubits.
5,QFT with GHZ state input,H,6,0.062471866607666016,0.2329387664794922,qftentangled with 5 qubits.
6,QFT with GHZ state input,0,1,0.044670820236206055,0.13483619689941406,qftentangled with 6 qubits.
6,QFT with GHZ state input,0,8,0.07470273971557617,0.32183361053466797,qftentangled with 6 qubits.
6,QFT with GHZ state input,H,1,0.05003619194030762,0.13626670837402344,qftentangled with 6 qubits.
6,QFT with GHZ state input,H,8,0.0888829231262207,0.3172140121459961,qftentangled with 6 qubits.
7,QFT with GHZ state input,0,1,0.051979780197143555,0.14217853546142578,qftentangled with 7 qubits.
7,QFT with GHZ state input,0,12,0.12569451332092285,0.46855926513671875,qftentangled with 7 qubits.
7,QFT with GHZ state input,H,1,0.04871559143066406,0.14250564575195312,qftentangled with 7 qubits.
7,QFT with GHZ state input,H,12,0.12572121620178223,0.4833803176879883,qftentangled with 7 qubits.
3,QFT with GHZ state input,0,1,0.07424354553222656,1.1212902069091797,qftentangled with 3 qubits.
3,QFT with GHZ state input,0,3,0.050606727600097656,0.1559734344482422,qftentangled with 3 qubits.
3,QFT with GHZ state input,H,1,0.042761802673339844,0.1202535629272461,qftentangled with 3 qubits.
3,QFT with GHZ state input,H,3,0.04793143272399902,0.1463146209716797,qftentangled with 3 qubits.
4,QFT with GHZ state input,0,1,0.03915905952453613,0.12128448486328125,qftentangled with 4 qubits.
4,QFT with GHZ state input,0,4,0.05636334419250488,0.16589069366455078,qftentangled with 4 qubits.
4,QFT with GHZ state input,H,1,0.03926825523376465,0.12102508544921875,qftentangled with 4 qubits.
4,QFT with GHZ state input,H,4,0.05306243896484375,0.1668376922607422,qftentangled with 4 qubits.
5,QFT with GHZ state input,0,1,0.04394102096557617,0.1259765625,qftentangled with 5 qubits.
5,QFT with GHZ state input,0,6,0.06932616233825684,0.23258399963378906,qftentangled with 5 qubits.
5,QFT with GHZ state input,H,1,0.044463157653808594,0.12641239166259766,qftentangled with 5 qubits.
5,QFT with GHZ state input,H,6,0.06189537048339844,0.2335805892944336,qftentangled with 5 qubits.
6,QFT with GHZ state input,0,1,0.05319643020629883,0.1346273422241211,qftentangled with 6 qubits.
6,QFT with GHZ state input,0,8,0.0914297103881836,0.32084178924560547,qftentangled with 6 qubits.
6,QFT with GHZ state input,H,1,0.04927635192871094,0.13471698760986328,qftentangled with 6 qubits.
6,QFT with GHZ state input,H,8,0.0833275318145752,0.3200092315673828,qftentangled with 6 qubits.
7,QFT with GHZ state input,0,1,0.059007883071899414,0.14231586456298828,qftentangled with 7 qubits.
7,QFT with GHZ state input,0,12,0.12584257125854492,0.46650218963623047,qftentangled with 7 qubits.
7,QFT with GHZ state input,H,1,0.04937863349914551,0.14411163330078125,qftentangled with 7 qubits.
7,QFT with GHZ state input,H,12,0.14412903785705566,0.48348426818847656,qftentangled with 7 qubits.
3,Quantum Phase Estimation (QPE) exactly representable phase,0,1,0.07217049598693848,1.1123952865600586,qpeexact with 3 qubits.
3,Quantum Phase Estimation (QPE) exactly representable phase,0,3,0.04310941696166992,0.1334390640258789,qpeexact with 3 qubits.
3,Quantum Phase Estimation (QPE) exactly representable phase,H,1,0.04527568817138672,0.11346912384033203,qpeexact with 3 qubits.
3,Quantum Phase Estimation (QPE) exactly representable phase,H,3,0.046610355377197266,0.12445640563964844,qpeexact with 3 qubits.
4,Quantum Phase Estimation (QPE) exactly representable phase,0,1,0.03759455680847168,0.1116018295288086,qpeexact with 4 qubits.
4,Quantum Phase Estimation (QPE) exactly representable phase,0,4,0.044602394104003906,0.1402568817138672,qpeexact with 4 qubits.
4,Quantum Phase Estimation (QPE) exactly representable phase,H,1,0.040555715560913086,0.11272430419921875,qpeexact with 4 qubits.
4,Quantum Phase Estimation (QPE) exactly representable phase,H,4,0.04563713073730469,0.14090919494628906,qpeexact with 4 qubits.
5,Quantum Phase Estimation (QPE) exactly representable phase,0,1,0.038686275482177734,0.11801719665527344,qpeexact with 5 qubits.
5,Quantum Phase Estimation (QPE) exactly representable phase,0,6,0.056386709213256836,0.2033233642578125,qpeexact with 5 qubits.
5,Quantum Phase Estimation (QPE) exactly representable phase,H,1,0.04944896697998047,0.11891841888427734,qpeexact with 5 qubits.
5,Quantum Phase Estimation (QPE) exactly representable phase,H,6,0.06573748588562012,0.2012481689453125,qpeexact with 5 qubits.
6,Quantum Phase Estimation (QPE) exactly representable phase,0,1,0.04204511642456055,0.12367820739746094,qpeexact with 6 qubits.
6,Quantum Phase Estimation (QPE) exactly representable phase,0,8,0.0694129467010498,0.27415943145751953,qpeexact with 6 qubits.
6,Quantum Phase Estimation (QPE) exactly representable phase,H,1,0.04267549514770508,0.1252279281616211,qpeexact with 6 qubits.
6,Quantum Phase Estimation (QPE) exactly representable phase,H,8,0.06717133522033691,0.27811431884765625,qpeexact with 6 qubits.
7,Quantum Phase Estimation (QPE) exactly representable phase,0,1,0.04622197151184082,0.12975120544433594,qpeexact with 7 qubits.
7,Quantum Phase Estimation (QPE) exactly representable phase,0,12,0.08513593673706055,0.4263143539428711,qpeexact with 7 qubits.
7,Quantum Phase Estimation (QPE) exactly representable phase,H,1,0.04302167892456055,0.13442230224609375,qpeexact with 7 qubits.
7,Quantum Phase Estimation (QPE) exactly representable phase,H,12,0.09522271156311035,0.41712093353271484,qpeexact with 7 qubits.
3,Quantum Phase Estimation (QPE) exactly representable phase,0,1,0.09001636505126953,1.1140975952148438,qpeexact with 3 qubits.
3,Quantum Phase Estimation (QPE) exactly representable phase,0,3,0.05509448051452637,0.1378488540649414,qpeexact with 3 qubits.
3,Quantum Phase Estimation (QPE) exactly representable phase,H,1,0.042630910873413086,0.11696434020996094,qpeexact with 3 qubits.
3,Quantum Phase Estimation (QPE) exactly representable phase,H,3,0.06447720527648926,0.12776470184326172,qpeexact with 3 qubits.
4,Quantum Phase Estimation (QPE) exactly representable phase,0,1,0.03847622871398926,0.1174631118774414,qpeexact with 4 qubits.
4,Quantum Phase Estimation (QPE) exactly representable phase,0,4,0.053275346755981445,0.14309406280517578,qpeexact with 4 qubits.
4,Quantum Phase Estimation (QPE) exactly representable phase,H,1,0.04131436347961426,0.11572647094726562,qpeexact with 4 qubits.
4,Quantum Phase Estimation (QPE) exactly representable phase,H,4,0.050879478454589844,0.1430826187133789,qpeexact with 4 qubits.
5,Quantum Phase Estimation (QPE) exactly representable phase,0,1,0.040360212326049805,0.1203622817993164,qpeexact with 5 qubits.
5,Quantum Phase Estimation (QPE) exactly representable phase,0,6,0.05386018753051758,0.20368289947509766,qpeexact with 5 qubits.
5,Quantum Phase Estimation (QPE) exactly representable phase,H,1,0.043828725814819336,0.11971282958984375,qpeexact with 5 qubits.
5,Quantum Phase Estimation (QPE) exactly representable phase,H,6,0.06566190719604492,0.203582763671875,qpeexact with 5 qubits.
6,Quantum Phase Estimation (QPE) exactly representable phase,0,1,0.04806184768676758,0.1253032684326172,qpeexact with 6 qubits.
6,Quantum Phase Estimation (QPE) exactly representable phase,0,8,0.07013797760009766,0.27575111389160156,qpeexact with 6 qubits.
6,Quantum Phase Estimation (QPE) exactly representable phase,H,1,0.04545283317565918,0.12895679473876953,qpeexact with 6 qubits.
6,Quantum Phase Estimation (QPE) exactly representable phase,H,8,0.07102441787719727,0.2813272476196289,qpeexact with 6 qubits.
7,Quantum Phase Estimation (QPE) exactly representable phase,0,1,0.04561638832092285,0.13269710540771484,qpeexact with 7 qubits.
7,Quantum Phase Estimation (QPE) exactly representable phase,0,12,0.0878598690032959,0.4254884719848633,qpeexact with 7 qubits.
7,Quantum Phase Estimation (QPE) exactly representable phase,H,1,0.05052042007446289,0.1323719024658203,qpeexact with 7 qubits.
7,Quantum Phase Estimation (QPE) exactly representable phase,H,12,0.08682847023010254,0.4160575866699219,qpeexact with 7 qubits.
3,Quantum Phase Estimation (QPE) exactly representable phase,0,1,0.09881997108459473,1.1138172149658203,qpeexact with 3 qubits.
3,Quantum Phase Estimation (QPE) exactly representable phase,0,3,0.04624795913696289,0.1374683380126953,qpeexact with 3 qubits.
3,Quantum Phase Estimation (QPE) exactly representable phase,H,1,0.0459897518157959,0.11864471435546875,qpeexact with 3 qubits.
3,Quantum Phase Estimation (QPE) exactly representable phase,H,3,0.04669189453125,0.126861572265625,qpeexact with 3 qubits.
4,Quantum Phase Estimation (QPE) exactly representable phase,0,1,0.14450836181640625,0.11660003662109375,qpeexact with 4 qubits.
4,Quantum Phase Estimation (QPE) exactly representable phase,0,4,0.09956932067871094,0.1429615020751953,qpeexact with 4 qubits.
4,Quantum Phase Estimation (QPE) exactly representable phase,H,1,0.04285097122192383,0.11464977264404297,qpeexact with 4 qubits.
4,Quantum Phase Estimation (QPE) exactly representable phase,H,4,0.05221915245056152,0.1429767608642578,qpeexact with 4 qubits.
5,Quantum Phase Estimation (QPE) exactly representable phase,0,1,0.06368684768676758,0.12002182006835938,qpeexact with 5 qubits.
5,Quantum Phase Estimation (QPE) exactly representable phase,0,6,0.10235166549682617,0.20402908325195312,qpeexact with 5 qubits.
5,Quantum Phase Estimation (QPE) exactly representable phase,H,1,0.05009341239929199,0.11994075775146484,qpeexact with 5 qubits.
5,Quantum Phase Estimation (QPE) exactly representable phase,H,6,0.05796623229980469,0.20229148864746094,qpeexact with 5 qubits.
6,Quantum Phase Estimation (QPE) exactly representable phase,0,1,0.04886651039123535,0.12540149688720703,qpeexact with 6 qubits.
6,Quantum Phase Estimation (QPE) exactly representable phase,0,8,0.09525728225708008,0.27593231201171875,qpeexact with 6 qubits.
6,Quantum Phase Estimation (QPE) exactly representable phase,H,1,0.05231761932373047,0.1266765594482422,qpeexact with 6 qubits.
6,Quantum Phase Estimation (QPE) exactly representable phase,H,8,0.07400774955749512,0.2800273895263672,qpeexact with 6 qubits.
7,Quantum Phase Estimation (QPE) exactly representable phase,0,1,0.051772117614746094,0.13208580017089844,qpeexact with 7 qubits.
7,Quantum Phase Estimation (QPE) exactly representable phase,0,12,0.15035438537597656,0.4248533248901367,qpeexact with 7 qubits.
7,Quantum Phase Estimation (QPE) exactly representable phase,H,1,0.05160164833068848,0.1367778778076172,qpeexact with 7 qubits.
7,Quantum Phase Estimation (QPE) exactly representable phase,H,12,0.19265437126159668,0.41631031036376953,qpeexact with 7 qubits.
3,Quantum Phase Estimation (QPE) exactly representable phase,0,1,0.07964038848876953,1.1130056381225586,qpeexact with 3 qubits.
3,Quantum Phase Estimation (QPE) exactly representable phase,0,3,0.046521663665771484,0.1318063735961914,qpeexact with 3 qubits.
3,Quantum Phase Estimation (QPE) exactly representable phase,H,1,0.04398822784423828,0.11687088012695312,qpeexact with 3 qubits.
3,Quantum Phase Estimation (QPE) exactly representable phase,H,3,0.07110905647277832,0.1265583038330078,qpeexact with 3 qubits.
4,Quantum Phase Estimation (QPE) exactly representable phase,0,1,0.041580915451049805,0.1161203384399414,qpeexact with 4 qubits.
4,Quantum Phase Estimation (QPE) exactly representable phase,0,4,0.0432124137878418,0.14288997650146484,qpeexact with 4 qubits.
4,Quantum Phase Estimation (QPE) exactly representable phase,H,1,0.037393808364868164,0.11459827423095703,qpeexact with 4 qubits.
4,Quantum Phase Estimation (QPE) exactly representable phase,H,4,0.0595393180847168,0.14252567291259766,qpeexact with 4 qubits.
5,Quantum Phase Estimation (QPE) exactly representable phase,0,1,0.042450666427612305,0.1191396713256836,qpeexact with 5 qubits.
5,Quantum Phase Estimation (QPE) exactly representable phase,0,6,0.06614923477172852,0.20495891571044922,qpeexact with 5 qubits.
5,Quantum Phase Estimation (QPE) exactly representable phase,H,1,0.04216289520263672,0.12125682830810547,qpeexact with 5 qubits.
5,Quantum Phase Estimation (QPE) exactly representable phase,H,6,0.05652928352355957,0.20243167877197266,qpeexact with 5 qubits.
6,Quantum Phase Estimation (QPE) exactly representable phase,0,1,0.04971790313720703,0.12417793273925781,qpeexact with 6 qubits.
6,Quantum Phase Estimation (QPE) exactly representable phase,0,8,0.059778690338134766,0.27602481842041016,qpeexact with 6 qubits.
6,Quantum Phase Estimation (QPE) exactly representable phase,H,1,0.040693044662475586,0.1267099380493164,qpeexact with 6 qubits.
6,Quantum Phase Estimation (QPE) exactly representable phase,H,8,0.07850813865661621,0.2798147201538086,qpeexact with 6 qubits.
7,Quantum Phase Estimation (QPE) exactly representable phase,0,1,0.04393577575683594,0.13092613220214844,qpeexact with 7 qubits.
7,Quantum Phase Estimation (QPE) exactly representable phase,0,12,0.09966206550598145,0.42371654510498047,qpeexact with 7 qubits.
7,Quantum Phase Estimation (QPE) exactly representable phase,H,1,0.05983734130859375,0.1328573226928711,qpeexact with 7 qubits.
7,Quantum Phase Estimation (QPE) exactly representable phase,H,12,0.09247636795043945,0.41714954376220703,qpeexact with 7 qubits.
3,Quantum Phase Estimation (QPE) exactly representable phase,0,1,0.07497167587280273,1.118722915649414,qpeexact with 3 qubits.
3,Quantum Phase Estimation (QPE) exactly representable phase,0,3,0.046553611755371094,0.13559532165527344,qpeexact with 3 qubits.
3,Quantum Phase Estimation (QPE) exactly representable phase,H,1,0.03864932060241699,0.11546039581298828,qpeexact with 3 qubits.
3,Quantum Phase Estimation (QPE) exactly representable phase,H,3,0.03963112831115723,0.12849044799804688,qpeexact with 3 qubits.
4,Quantum Phase Estimation (QPE) exactly representable phase,0,1,0.042376041412353516,0.11567115783691406,qpeexact with 4 qubits.
4,Quantum Phase Estimation (QPE) exactly representable phase,0,4,0.04406428337097168,0.1420421600341797,qpeexact with 4 qubits.
4,Quantum Phase Estimation (QPE) exactly representable phase,H,1,0.04545092582702637,0.11478710174560547,qpeexact with 4 qubits.
4,Quantum Phase Estimation (QPE) exactly representable phase,H,4,0.04738306999206543,0.14261531829833984,qpeexact with 4 qubits.
5,Quantum Phase Estimation (QPE) exactly representable phase,0,1,0.04104495048522949,0.1201333999633789,qpeexact with 5 qubits.
5,Quantum Phase Estimation (QPE) exactly representable phase,0,6,0.058843374252319336,0.20383739471435547,qpeexact with 5 qubits.
5,Quantum Phase Estimation (QPE) exactly representable phase,H,1,0.039171457290649414,0.12097549438476562,qpeexact with 5 qubits.
5,Quantum Phase Estimation (QPE) exactly representable phase,H,6,0.05611085891723633,0.20262527465820312,qpeexact with 5 qubits.
6,Quantum Phase Estimation (QPE) exactly representable phase,0,1,0.041483402252197266,0.1254749298095703,qpeexact with 6 qubits.
6,Quantum Phase Estimation (QPE) exactly representable phase,0,8,0.07304835319519043,0.27593326568603516,qpeexact with 6 qubits.
6,Quantum Phase Estimation (QPE) exactly representable phase,H,1,0.04506731033325195,0.1278553009033203,qpeexact with 6 qubits.
6,Quantum Phase Estimation (QPE) exactly representable phase,H,8,0.06162571907043457,0.279510498046875,qpeexact with 6 qubits.
7,Quantum Phase Estimation (QPE) exactly representable phase,0,1,0.04596877098083496,0.1325235366821289,qpeexact with 7 qubits.
7,Quantum Phase Estimation (QPE) exactly representable phase,0,12,0.09412288665771484,0.424530029296875,qpeexact with 7 qubits.
7,Quantum Phase Estimation (QPE) exactly representable phase,H,1,0.042348623275756836,0.13277721405029297,qpeexact with 7 qubits.
7,Quantum Phase Estimation (QPE) exactly representable phase,H,12,0.08031177520751953,0.4169178009033203,qpeexact with 7 qubits.
3,Quantum Phase Estimation (QPE) not exactly representable phase,0,1,0.08210611343383789,1.1134567260742188,qpeinexact with 3 qubits.
3,Quantum Phase Estimation (QPE) not exactly representable phase,0,3,0.04430675506591797,0.13941192626953125,qpeinexact with 3 qubits.
3,Quantum Phase Estimation (QPE) not exactly representable phase,H,1,0.0452265739440918,0.11667823791503906,qpeinexact with 3 qubits.
3,Quantum Phase Estimation (QPE) not exactly representable phase,H,3,0.0445561408996582,0.12852954864501953,qpeinexact with 3 qubits.
4,Quantum Phase Estimation (QPE) not exactly representable phase,0,1,0.039186954498291016,0.1173410415649414,qpeinexact with 4 qubits.
4,Quantum Phase Estimation (QPE) not exactly representable phase,0,4,0.050041913986206055,0.14754676818847656,qpeinexact with 4 qubits.
4,Quantum Phase Estimation (QPE) not exactly representable phase,H,1,0.04582834243774414,0.1185445785522461,qpeinexact with 4 qubits.
4,Quantum Phase Estimation (QPE) not exactly representable phase,H,4,0.049865007400512695,0.14819622039794922,qpeinexact with 4 qubits.
5,Quantum Phase Estimation (QPE) not exactly representable phase,0,1,0.0476529598236084,0.11885261535644531,qpeinexact with 5 qubits.
5,Quantum Phase Estimation (QPE) not exactly representable phase,0,6,0.05311918258666992,0.20362472534179688,qpeinexact with 5 qubits.
5,Quantum Phase Estimation (QPE) not exactly representable phase,H,1,0.0485997200012207,0.11983966827392578,qpeinexact with 5 qubits.
5,Quantum Phase Estimation (QPE) not exactly representable phase,H,6,0.054793596267700195,0.2024707794189453,qpeinexact with 5 qubits.
6,Quantum Phase Estimation (QPE) not exactly representable phase,0,1,0.05926966667175293,0.12624454498291016,qpeinexact with 6 qubits.
6,Quantum Phase Estimation (QPE) not exactly representable phase,0,8,0.07848048210144043,0.2850637435913086,qpeinexact with 6 qubits.
6,Quantum Phase Estimation (QPE) not exactly representable phase,H,1,0.05063056945800781,0.13083362579345703,qpeinexact with 6 qubits.
6,Quantum Phase Estimation (QPE) not exactly representable phase,H,8,0.06188178062438965,0.2877931594848633,qpeinexact with 6 qubits.
7,Quantum Phase Estimation (QPE) not exactly representable phase,0,1,0.045171499252319336,0.13257122039794922,qpeinexact with 7 qubits.
7,Quantum Phase Estimation (QPE) not exactly representable phase,0,12,0.09477376937866211,0.4456443786621094,qpeinexact with 7 qubits.
7,Quantum Phase Estimation (QPE) not exactly representable phase,H,1,0.044507503509521484,0.1363544464111328,qpeinexact with 7 qubits.
7,Quantum Phase Estimation (QPE) not exactly representable phase,H,12,0.0877230167388916,0.4364509582519531,qpeinexact with 7 qubits.
3,Quantum Phase Estimation (QPE) not exactly representable phase,0,1,0.07309865951538086,1.1165781021118164,qpeinexact with 3 qubits.
3,Quantum Phase Estimation (QPE) not exactly representable phase,0,3,0.04056382179260254,0.13536453247070312,qpeinexact with 3 qubits.
3,Quantum Phase Estimation (QPE) not exactly representable phase,H,1,0.04431509971618652,0.11649131774902344,qpeinexact with 3 qubits.
3,Quantum Phase Estimation (QPE) not exactly representable phase,H,3,0.037338972091674805,0.128387451171875,qpeinexact with 3 qubits.
4,Quantum Phase Estimation (QPE) not exactly representable phase,0,1,0.040932655334472656,0.11396503448486328,qpeinexact with 4 qubits.
4,Quantum Phase Estimation (QPE) not exactly representable phase,0,4,0.05065321922302246,0.14925289154052734,qpeinexact with 4 qubits.
4,Quantum Phase Estimation (QPE) not exactly representable phase,H,1,0.044786930084228516,0.11759281158447266,qpeinexact with 4 qubits.
4,Quantum Phase Estimation (QPE) not exactly representable phase,H,4,0.04900026321411133,0.14775371551513672,qpeinexact with 4 qubits.
5,Quantum Phase Estimation (QPE) not exactly representable phase,0,1,0.04535055160522461,0.11790943145751953,qpeinexact with 5 qubits.
5,Quantum Phase Estimation (QPE) not exactly representable phase,0,6,0.061646461486816406,0.20444869995117188,qpeinexact with 5 qubits.
5,Quantum Phase Estimation (QPE) not exactly representable phase,H,1,0.050031185150146484,0.12096405029296875,qpeinexact with 5 qubits.
5,Quantum Phase Estimation (QPE) not exactly representable phase,H,6,0.06966829299926758,0.20221710205078125,qpeinexact with 5 qubits.
6,Quantum Phase Estimation (QPE) not exactly representable phase,0,1,0.04459810256958008,0.12761783599853516,qpeinexact with 6 qubits.
6,Quantum Phase Estimation (QPE) not exactly representable phase,0,8,0.0710301399230957,0.28505420684814453,qpeinexact with 6 qubits.
6,Quantum Phase Estimation (QPE) not exactly representable phase,H,1,0.052908897399902344,0.12934207916259766,qpeinexact with 6 qubits.
6,Quantum Phase Estimation (QPE) not exactly representable phase,H,8,0.09065556526184082,0.2892789840698242,qpeinexact with 6 qubits.
7,Quantum Phase Estimation (QPE) not exactly representable phase,0,1,0.04350471496582031,0.13317012786865234,qpeinexact with 7 qubits.
7,Quantum Phase Estimation (QPE) not exactly representable phase,0,12,0.10702824592590332,0.4460878372192383,qpeinexact with 7 qubits.
7,Quantum Phase Estimation (QPE) not exactly representable phase,H,1,0.05438971519470215,0.1345844268798828,qpeinexact with 7 qubits.
7,Quantum Phase Estimation (QPE) not exactly representable phase,H,12,0.08821606636047363,0.4356117248535156,qpeinexact with 7 qubits.
3,Quantum Phase Estimation (QPE) not exactly representable phase,0,1,0.08333086967468262,1.1185340881347656,qpeinexact with 3 qubits.
3,Quantum Phase Estimation (QPE) not exactly representable phase,0,3,0.04396176338195801,0.13880634307861328,qpeinexact with 3 qubits.
3,Quantum Phase Estimation (QPE) not exactly representable phase,H,1,0.04464006423950195,0.11388015747070312,qpeinexact with 3 qubits.
3,Quantum Phase Estimation (QPE) not exactly representable phase,H,3,0.049668312072753906,0.12701416015625,qpeinexact with 3 qubits.
4,Quantum Phase Estimation (QPE) not exactly representable phase,0,1,0.04034900665283203,0.11561203002929688,qpeinexact with 4 qubits.
4,Quantum Phase Estimation (QPE) not exactly representable phase,0,4,0.0450139045715332,0.14635944366455078,qpeinexact with 4 qubits.
4,Quantum Phase Estimation (QPE) not exactly representable phase,H,1,0.03923773765563965,0.11575889587402344,qpeinexact with 4 qubits.
4,Quantum Phase Estimation (QPE) not exactly representable phase,H,4,0.04673004150390625,0.1462411880493164,qpeinexact with 4 qubits.
5,Quantum Phase Estimation (QPE) not exactly representable phase,0,1,0.05748271942138672,0.1208953857421875,qpeinexact with 5 qubits.
5,Quantum Phase Estimation (QPE) not exactly representable phase,0,6,0.05008435249328613,0.20299720764160156,qpeinexact with 5 qubits.
5,Quantum Phase Estimation (QPE) not exactly representable phase,H,1,0.04658365249633789,0.11875247955322266,qpeinexact with 5 qubits.
5,Quantum Phase Estimation (QPE) not exactly representable phase,H,6,0.061319589614868164,0.20108318328857422,qpeinexact with 5 qubits.
6,Quantum Phase Estimation (QPE) not exactly representable phase,0,1,0.047925710678100586,0.12509441375732422,qpeinexact with 6 qubits.
6,Quantum Phase Estimation (QPE) not exactly representable phase,0,8,0.09319043159484863,0.2848491668701172,qpeinexact with 6 qubits.
6,Quantum Phase Estimation (QPE) not exactly representable phase,H,1,0.03962850570678711,0.12768173217773438,qpeinexact with 6 qubits.
6,Quantum Phase Estimation (QPE) not exactly representable phase,H,8,0.0662086009979248,0.2873811721801758,qpeinexact with 6 qubits.
7,Quantum Phase Estimation (QPE) not exactly representable phase,0,1,0.04736614227294922,0.13290977478027344,qpeinexact with 7 qubits.
7,Quantum Phase Estimation (QPE) not exactly representable phase,0,12,0.10633349418640137,0.4455451965332031,qpeinexact with 7 qubits.
7,Quantum Phase Estimation (QPE) not exactly representable phase,H,1,0.04781937599182129,0.13332843780517578,qpeinexact with 7 qubits.
7,Quantum Phase Estimation (QPE) not exactly representable phase,H,12,0.09358096122741699,0.4341554641723633,qpeinexact with 7 qubits.
3,Quantum Phase Estimation (QPE) not exactly representable phase,0,1,0.08473801612854004,1.113616943359375,qpeinexact with 3 qubits.
3,Quantum Phase Estimation (QPE) not exactly representable phase,0,3,0.042938232421875,0.1335906982421875,qpeinexact with 3 qubits.
3,Quantum Phase Estimation (QPE) not exactly representable phase,H,1,0.06238079071044922,0.11629009246826172,qpeinexact with 3 qubits.
3,Quantum Phase Estimation (QPE) not exactly representable phase,H,3,0.06583595275878906,0.129486083984375,qpeinexact with 3 qubits.
4,Quantum Phase Estimation (QPE) not exactly representable phase,0,1,0.03611922264099121,0.11294937133789062,qpeinexact with 4 qubits.
4,Quantum Phase Estimation (QPE) not exactly representable phase,0,4,0.08071303367614746,0.14612865447998047,qpeinexact with 4 qubits.
4,Quantum Phase Estimation (QPE) not exactly representable phase,H,1,0.058484554290771484,0.11517047882080078,qpeinexact with 4 qubits.
4,Quantum Phase Estimation (QPE) not exactly representable phase,H,4,0.049896240234375,0.14595794677734375,qpeinexact with 4 qubits.
5,Quantum Phase Estimation (QPE) not exactly representable phase,0,1,0.03767657279968262,0.11745738983154297,qpeinexact with 5 qubits.
5,Quantum Phase Estimation (QPE) not exactly representable phase,0,6,0.0579981803894043,0.2020893096923828,qpeinexact with 5 qubits.
5,Quantum Phase Estimation (QPE) not exactly representable phase,H,1,0.04446697235107422,0.11869525909423828,qpeinexact with 5 qubits.
5,Quantum Phase Estimation (QPE) not exactly representable phase,H,6,0.05444598197937012,0.2011280059814453,qpeinexact with 5 qubits.
6,Quantum Phase Estimation (QPE) not exactly representable phase,0,1,0.042762041091918945,0.12554264068603516,qpeinexact with 6 qubits.
6,Quantum Phase Estimation (QPE) not exactly representable phase,0,8,0.06802845001220703,0.2826356887817383,qpeinexact with 6 qubits.
6,Quantum Phase Estimation (QPE) not exactly representable phase,H,1,0.0390627384185791,0.12633800506591797,qpeinexact with 6 qubits.
6,Quantum Phase Estimation (QPE) not exactly representable phase,H,8,0.06203174591064453,0.2857522964477539,qpeinexact with 6 qubits.
7,Quantum Phase Estimation (QPE) not exactly representable phase,0,1,0.04178476333618164,0.13134098052978516,qpeinexact with 7 qubits.
7,Quantum Phase Estimation (QPE) not exactly representable phase,0,12,0.0914914608001709,0.4439210891723633,qpeinexact with 7 qubits.
7,Quantum Phase Estimation (QPE) not exactly representable phase,H,1,0.04365682601928711,0.13266754150390625,qpeinexact with 7 qubits.
7,Quantum Phase Estimation (QPE) not exactly representable phase,H,12,0.09117531776428223,0.43483448028564453,qpeinexact with 7 qubits.
3,Quantum Phase Estimation (QPE) not exactly representable phase,0,1,0.10392451286315918,1.111083984375,qpeinexact with 3 qubits.
3,Quantum Phase Estimation (QPE) not exactly representable phase,0,3,0.07346081733703613,0.13916397094726562,qpeinexact with 3 qubits.
3,Quantum Phase Estimation (QPE) not exactly representable phase,H,1,0.03760123252868652,0.11470794677734375,qpeinexact with 3 qubits.
3,Quantum Phase Estimation (QPE) not exactly representable phase,H,3,0.042383670806884766,0.12701034545898438,qpeinexact with 3 qubits.
4,Quantum Phase Estimation (QPE) not exactly representable phase,0,1,0.05734753608703613,0.11448383331298828,qpeinexact with 4 qubits.
4,Quantum Phase Estimation (QPE) not exactly representable phase,0,4,0.07601642608642578,0.14934730529785156,qpeinexact with 4 qubits.
4,Quantum Phase Estimation (QPE) not exactly representable phase,H,1,0.08395838737487793,0.11877250671386719,qpeinexact with 4 qubits.
4,Quantum Phase Estimation (QPE) not exactly representable phase,H,4,0.058678627014160156,0.14751529693603516,qpeinexact with 4 qubits.
5,Quantum Phase Estimation (QPE) not exactly representable phase,0,1,0.05801749229431152,0.11856746673583984,qpeinexact with 5 qubits.
5,Quantum Phase Estimation (QPE) not exactly representable phase,0,6,0.10623741149902344,0.2046356201171875,qpeinexact with 5 qubits.
5,Quantum Phase Estimation (QPE) not exactly representable phase,H,1,0.03764629364013672,0.12071418762207031,qpeinexact with 5 qubits.
5,Quantum Phase Estimation (QPE) not exactly representable phase,H,6,0.05269622802734375,0.20157432556152344,qpeinexact with 5 qubits.
6,Quantum Phase Estimation (QPE) not exactly representable phase,0,1,0.05147385597229004,0.12601947784423828,qpeinexact with 6 qubits.
6,Quantum Phase Estimation (QPE) not exactly representable phase,0,8,0.07001829147338867,0.2840900421142578,qpeinexact with 6 qubits.
6,Quantum Phase Estimation (QPE) not exactly representable phase,H,1,0.04883313179016113,0.12883949279785156,qpeinexact with 6 qubits.
6,Quantum Phase Estimation (QPE) not exactly representable phase,H,8,0.08345484733581543,0.2876100540161133,qpeinexact with 6 qubits.
7,Quantum Phase Estimation (QPE) not exactly representable phase,0,1,0.04743838310241699,0.1327199935913086,qpeinexact with 7 qubits.
7,Quantum Phase Estimation (QPE) not exactly representable phase,0,12,0.09661316871643066,0.44498443603515625,qpeinexact with 7 qubits.
7,Quantum Phase Estimation (QPE) not exactly representable phase,H,1,0.050116777420043945,0.1353740692138672,qpeinexact with 7 qubits.
7,Quantum Phase Estimation (QPE) not exactly representable phase,H,12,0.18578052520751953,0.4373149871826172,qpeinexact with 7 qubits.
3,Quantum Walk,0,1,0.08211541175842285,1.1220550537109375,qwalk with 3 qubits.
3,Quantum Walk,0,3,0.06297826766967773,0.15617084503173828,qwalk with 3 qubits.
3,Quantum Walk,H,1,0.04903268814086914,0.11944103240966797,qwalk with 3 qubits.
3,Quantum Walk,H,3,0.0470120906829834,0.14255332946777344,qwalk with 3 qubits.
4,Quantum Walk,0,1,0.04169726371765137,0.1261119842529297,qwalk with 4 qubits.
4,Quantum Walk,0,4,0.05255699157714844,0.18126773834228516,qwalk with 4 qubits.
4,Quantum Walk,H,1,0.05341768264770508,0.12447547912597656,qwalk with 4 qubits.
4,Quantum Walk,H,4,0.06108260154724121,0.18164539337158203,qwalk with 4 qubits.
5,Quantum Walk,0,1,0.04871320724487305,0.1286325454711914,qwalk with 5 qubits.
5,Quantum Walk,0,6,0.08775663375854492,0.26104068756103516,qwalk with 5 qubits.
5,Quantum Walk,H,1,0.10095095634460449,0.12932300567626953,qwalk with 5 qubits.
5,Quantum Walk,H,6,0.07907605171203613,0.24547576904296875,qwalk with 5 qubits.
6,Quantum Walk,0,1,0.04788994789123535,0.13538551330566406,qwalk with 6 qubits.
6,Quantum Walk,0,8,0.07698369026184082,0.3538217544555664,qwalk with 6 qubits.
6,Quantum Walk,H,1,0.044217824935913086,0.13539981842041016,qwalk with 6 qubits.
6,Quantum Walk,H,8,0.0681450366973877,0.35422611236572266,qwalk with 6 qubits.
7,Quantum Walk,0,1,0.08791851997375488,0.1400308609008789,qwalk with 7 qubits.
7,Quantum Walk,0,12,0.12439727783203125,0.5598468780517578,qwalk with 7 qubits.
7,Quantum Walk,H,1,0.04871392250061035,0.14153766632080078,qwalk with 7 qubits.
7,Quantum Walk,H,12,0.1052861213684082,0.5492210388183594,qwalk with 7 qubits.
3,Quantum Walk,0,1,0.07283592224121094,1.1165533065795898,qwalk with 3 qubits.
3,Quantum Walk,0,3,0.07168865203857422,0.1527862548828125,qwalk with 3 qubits.
3,Quantum Walk,H,1,0.08065366744995117,0.11559486389160156,qwalk with 3 qubits.
3,Quantum Walk,H,3,0.05365800857543945,0.14136886596679688,qwalk with 3 qubits.
4,Quantum Walk,0,1,0.0682532787322998,0.12423324584960938,qwalk with 4 qubits.
4,Quantum Walk,0,4,0.06423234939575195,0.1809406280517578,qwalk with 4 qubits.
4,Quantum Walk,H,1,0.05322694778442383,0.12804794311523438,qwalk with 4 qubits.
4,Quantum Walk,H,4,0.047960519790649414,0.18295001983642578,qwalk with 4 qubits.
5,Quantum Walk,0,1,0.03971362113952637,0.12934112548828125,qwalk with 5 qubits.
5,Quantum Walk,0,6,0.053771018981933594,0.26045894622802734,qwalk with 5 qubits.
5,Quantum Walk,H,1,0.046225547790527344,0.12889957427978516,qwalk with 5 qubits.
5,Quantum Walk,H,6,0.06165719032287598,0.24712848663330078,qwalk with 5 qubits.
6,Quantum Walk,0,1,0.0438995361328125,0.13559436798095703,qwalk with 6 qubits.
6,Quantum Walk,0,8,0.0917661190032959,0.3536853790283203,qwalk with 6 qubits.
6,Quantum Walk,H,1,0.045992374420166016,0.13660526275634766,qwalk with 6 qubits.
6,Quantum Walk,H,8,0.08524250984191895,0.35533714294433594,qwalk with 6 qubits.
7,Quantum Walk,0,1,0.05306291580200195,0.14025115966796875,qwalk with 7 qubits.
7,Quantum Walk,0,12,0.16822218894958496,0.5591268539428711,qwalk with 7 qubits.
7,Quantum Walk,H,1,0.0541994571685791,0.14270877838134766,qwalk with 7 qubits.
7,Quantum Walk,H,12,0.10903310775756836,0.5502614974975586,qwalk with 7 qubits.
3,Quantum Walk,0,1,0.07591891288757324,1.1180200576782227,qwalk with 3 qubits.
3,Quantum Walk,0,3,0.052518606185913086,0.15423583984375,qwalk with 3 qubits.
3,Quantum Walk,H,1,0.03792691230773926,0.11735725402832031,qwalk with 3 qubits.
3,Quantum Walk,H,3,0.04444313049316406,0.14456558227539062,qwalk with 3 qubits.
4,Quantum Walk,0,1,0.04324483871459961,0.12919235229492188,qwalk with 4 qubits.
4,Quantum Walk,0,4,0.08429431915283203,0.1816091537475586,qwalk with 4 qubits.
4,Quantum Walk,H,1,0.05281877517700195,0.12446212768554688,qwalk with 4 qubits.
4,Quantum Walk,H,4,0.04279041290283203,0.18423175811767578,qwalk with 4 qubits.
5,Quantum Walk,0,1,0.03773975372314453,0.12946128845214844,qwalk with 5 qubits.
5,Quantum Walk,0,6,0.059206485748291016,0.26078033447265625,qwalk with 5 qubits.
5,Quantum Walk,H,1,0.041429758071899414,0.12798786163330078,qwalk with 5 qubits.
5,Quantum Walk,H,6,0.06036567687988281,0.24570751190185547,qwalk with 5 qubits.
6,Quantum Walk,0,1,0.04103255271911621,0.1331949234008789,qwalk with 6 qubits.
6,Quantum Walk,0,8,0.07370138168334961,0.3523702621459961,qwalk with 6 qubits.
6,Quantum Walk,H,1,0.042850494384765625,0.13454437255859375,qwalk with 6 qubits.
6,Quantum Walk,H,8,0.07390379905700684,0.3559141159057617,qwalk with 6 qubits.
7,Quantum Walk,0,1,0.04595947265625,0.1403026580810547,qwalk with 7 qubits.
7,Quantum Walk,0,12,0.11312723159790039,0.5564641952514648,qwalk with 7 qubits.
7,Quantum Walk,H,1,0.0475468635559082,0.14111995697021484,qwalk with 7 qubits.
7,Quantum Walk,H,12,0.10321879386901855,0.5486049652099609,qwalk with 7 qubits.
3,Quantum Walk,0,1,0.09191775321960449,1.1194581985473633,qwalk with 3 qubits.
3,Quantum Walk,0,3,0.14600753784179688,0.15196800231933594,qwalk with 3 qubits.
3,Quantum Walk,H,1,0.11361193656921387,0.11981678009033203,qwalk with 3 qubits.
3,Quantum Walk,H,3,0.040102481842041016,0.14354896545410156,qwalk with 3 qubits.
4,Quantum Walk,0,1,0.049994468688964844,0.12396240234375,qwalk with 4 qubits.
4,Quantum Walk,0,4,0.06182718276977539,0.18017005920410156,qwalk with 4 qubits.
4,Quantum Walk,H,1,0.038115739822387695,0.12476158142089844,qwalk with 4 qubits.
4,Quantum Walk,H,4,0.04283428192138672,0.18058013916015625,qwalk with 4 qubits.
5,Quantum Walk,0,1,0.0481877326965332,0.1312713623046875,qwalk with 5 qubits.
5,Quantum Walk,0,6,0.062345266342163086,0.2616996765136719,qwalk with 5 qubits.
5,Quantum Walk,H,1,0.06627345085144043,0.13112163543701172,qwalk with 5 qubits.
5,Quantum Walk,H,6,0.0667109489440918,0.24638748168945312,qwalk with 5 qubits.
6,Quantum Walk,0,1,0.049839019775390625,0.1342306137084961,qwalk with 6 qubits.
6,Quantum Walk,0,8,0.09482574462890625,0.35474109649658203,qwalk with 6 qubits.
6,Quantum Walk,H,1,0.04731416702270508,0.13489723205566406,qwalk with 6 qubits.
6,Quantum Walk,H,8,0.06703686714172363,0.35389137268066406,qwalk with 6 qubits.
7,Quantum Walk,0,1,0.057117462158203125,0.13916683197021484,qwalk with 7 qubits.
7,Quantum Walk,0,12,0.10537600517272949,0.5554437637329102,qwalk with 7 qubits.
7,Quantum Walk,H,1,0.056047677993774414,0.14149951934814453,qwalk with 7 qubits.
7,Quantum Walk,H,12,0.10920095443725586,0.547734260559082,qwalk with 7 qubits.
3,Quantum Walk,0,1,0.0679941177368164,1.119791030883789,qwalk with 3 qubits.
3,Quantum Walk,0,3,0.049344539642333984,0.15033435821533203,qwalk with 3 qubits.
3,Quantum Walk,H,1,0.04214668273925781,0.11894989013671875,qwalk with 3 qubits.
3,Quantum Walk,H,3,0.04200387001037598,0.14136981964111328,qwalk with 3 qubits.
4,Quantum Walk,0,1,0.04689764976501465,0.1249847412109375,qwalk with 4 qubits.
4,Quantum Walk,0,4,0.047754526138305664,0.1804056167602539,qwalk with 4 qubits.
4,Quantum Walk,H,1,0.03960371017456055,0.12520694732666016,qwalk with 4 qubits.
4,Quantum Walk,H,4,0.05386471748352051,0.1800365447998047,qwalk with 4 qubits.
5,Quantum Walk,0,1,0.03989243507385254,0.12878894805908203,qwalk with 5 qubits.
5,Quantum Walk,0,6,0.05828499794006348,0.2606534957885742,qwalk with 5 qubits.
5,Quantum Walk,H,1,0.04257607460021973,0.1286001205444336,qwalk with 5 qubits.
5,Quantum Walk,H,6,0.06281208992004395,0.24679946899414062,qwalk with 5 qubits.
6,Quantum Walk,0,1,0.046176910400390625,0.13286399841308594,qwalk with 6 qubits.
6,Quantum Walk,0,8,0.08282709121704102,0.35411834716796875,qwalk with 6 qubits.
6,Quantum Walk,H,1,0.04512333869934082,0.13788890838623047,qwalk with 6 qubits.
6,Quantum Walk,H,8,0.08652281761169434,0.35611438751220703,qwalk with 6 qubits.
7,Quantum Walk,0,1,0.05440330505371094,0.14105987548828125,qwalk with 7 qubits.
7,Quantum Walk,0,12,0.10252881050109863,0.5563087463378906,qwalk with 7 qubits.
7,Quantum Walk,H,1,0.04335427284240723,0.1407003402709961,qwalk with 7 qubits.
7,Quantum Walk,H,12,0.11786079406738281,0.5487327575683594,qwalk with 7 qubits.
3,Random Quantum Circuit,0,1,0.08795785903930664,1.1138601303100586,randomcircuit with 3 qubits.
3,Random Quantum Circuit,0,3,0.04683566093444824,0.14544677734375,randomcircuit with 3 qubits.
3,Random Quantum Circuit,H,1,0.04088902473449707,0.11952781677246094,randomcircuit with 3 qubits.
3,Random Quantum Circuit,H,3,0.04537487030029297,0.1359119415283203,randomcircuit with 3 qubits.
4,Random Quantum Circuit,0,1,0.056546688079833984,0.15967941284179688,randomcircuit with 4 qubits.
4,Random Quantum Circuit,0,4,0.06055593490600586,0.19947433471679688,randomcircuit with 4 qubits.
4,Random Quantum Circuit,H,1,0.04818224906921387,0.15830612182617188,randomcircuit with 4 qubits.
4,Random Quantum Circuit,H,4,0.06650876998901367,0.19584274291992188,randomcircuit with 4 qubits.
5,Random Quantum Circuit,0,1,0.055829763412475586,0.1618022918701172,randomcircuit with 5 qubits.
5,Random Quantum Circuit,0,6,0.10034775733947754,0.264801025390625,randomcircuit with 5 qubits.
5,Random Quantum Circuit,H,1,0.04582095146179199,0.16275978088378906,randomcircuit with 5 qubits.
5,Random Quantum Circuit,H,6,0.08659648895263672,0.2551565170288086,randomcircuit with 5 qubits.
6,Random Quantum Circuit,0,1,0.04541492462158203,0.1420879364013672,randomcircuit with 6 qubits.
6,Random Quantum Circuit,0,8,0.11849355697631836,0.34154415130615234,randomcircuit with 6 qubits.
6,Random Quantum Circuit,H,1,0.05125999450683594,0.15010643005371094,randomcircuit with 6 qubits.
6,Random Quantum Circuit,H,8,0.11764693260192871,0.34171104431152344,randomcircuit with 6 qubits.
7,Random Quantum Circuit,0,1,0.06846809387207031,0.21012210845947266,randomcircuit with 7 qubits.
7,Random Quantum Circuit,0,12,0.2555515766143799,0.5778694152832031,randomcircuit with 7 qubits.
7,Random Quantum Circuit,H,1,0.09859085083007812,0.1895761489868164,randomcircuit with 7 qubits.
7,Random Quantum Circuit,H,12,0.27826380729675293,0.5606756210327148,randomcircuit with 7 qubits.
3,Random Quantum Circuit,0,1,0.08322954177856445,1.1160869598388672,randomcircuit with 3 qubits.
3,Random Quantum Circuit,0,3,0.053977012634277344,0.14037704467773438,randomcircuit with 3 qubits.
3,Random Quantum Circuit,H,1,0.043442726135253906,0.12285900115966797,randomcircuit with 3 qubits.
3,Random Quantum Circuit,H,3,0.042522430419921875,0.13632965087890625,randomcircuit with 3 qubits.
4,Random Quantum Circuit,0,1,0.04974222183227539,0.15700435638427734,randomcircuit with 4 qubits.
4,Random Quantum Circuit,0,4,0.060390472412109375,0.19818687438964844,randomcircuit with 4 qubits.
4,Random Quantum Circuit,H,1,0.054781198501586914,0.1574869155883789,randomcircuit with 4 qubits.
4,Random Quantum Circuit,H,4,0.0715024471282959,0.19463157653808594,randomcircuit with 4 qubits.
5,Random Quantum Circuit,0,1,0.059236764907836914,0.16235923767089844,randomcircuit with 5 qubits.
5,Random Quantum Circuit,0,6,0.08141446113586426,0.26113128662109375,randomcircuit with 5 qubits.
5,Random Quantum Circuit,H,1,0.046431541442871094,0.1633472442626953,randomcircuit with 5 qubits.
5,Random Quantum Circuit,H,6,0.08681726455688477,0.2542705535888672,randomcircuit with 5 qubits.
6,Random Quantum Circuit,0,1,0.04909515380859375,0.1405048370361328,randomcircuit with 6 qubits.
6,Random Quantum Circuit,0,8,0.10736203193664551,0.33980560302734375,randomcircuit with 6 qubits.
6,Random Quantum Circuit,H,1,0.05378580093383789,0.14795589447021484,randomcircuit with 6 qubits.
6,Random Quantum Circuit,H,8,0.1125190258026123,0.3395347595214844,randomcircuit with 6 qubits.
7,Random Quantum Circuit,0,1,0.05582380294799805,0.21063518524169922,randomcircuit with 7 qubits.
7,Random Quantum Circuit,0,12,0.23784732818603516,0.5785512924194336,randomcircuit with 7 qubits.
7,Random Quantum Circuit,H,1,0.06437253952026367,0.19047069549560547,randomcircuit with 7 qubits.
7,Random Quantum Circuit,H,12,0.29021286964416504,0.5630435943603516,randomcircuit with 7 qubits.
3,Random Quantum Circuit,0,1,0.08401894569396973,1.1186513900756836,randomcircuit with 3 qubits.
3,Random Quantum Circuit,0,3,0.054474830627441406,0.142303466796875,randomcircuit with 3 qubits.
3,Random Quantum Circuit,H,1,0.06036686897277832,0.11918830871582031,randomcircuit with 3 qubits.
3,Random Quantum Circuit,H,3,0.05307149887084961,0.13452625274658203,randomcircuit with 3 qubits.
4,Random Quantum Circuit,0,1,0.07126808166503906,0.1558675765991211,randomcircuit with 4 qubits.
4,Random Quantum Circuit,0,4,0.06236839294433594,0.19762706756591797,randomcircuit with 4 qubits.
4,Random Quantum Circuit,H,1,0.06646275520324707,0.15638065338134766,randomcircuit with 4 qubits.
4,Random Quantum Circuit,H,4,0.08022904396057129,0.1966228485107422,randomcircuit with 4 qubits.
5,Random Quantum Circuit,0,1,0.05532073974609375,0.1631937026977539,randomcircuit with 5 qubits.
5,Random Quantum Circuit,0,6,0.0855247974395752,0.2603797912597656,randomcircuit with 5 qubits.
5,Random Quantum Circuit,H,1,0.051053762435913086,0.16289997100830078,randomcircuit with 5 qubits.
5,Random Quantum Circuit,H,6,0.10527968406677246,0.2543172836303711,randomcircuit with 5 qubits.
6,Random Quantum Circuit,0,1,0.10030102729797363,0.14254093170166016,randomcircuit with 6 qubits.
6,Random Quantum Circuit,0,8,0.1490185260772705,0.3422212600708008,randomcircuit with 6 qubits.
6,Random Quantum Circuit,H,1,0.06342124938964844,0.14847755432128906,randomcircuit with 6 qubits.
6,Random Quantum Circuit,H,8,0.10064291954040527,0.33910465240478516,randomcircuit with 6 qubits.
7,Random Quantum Circuit,0,1,0.05849575996398926,0.21076107025146484,randomcircuit with 7 qubits.
7,Random Quantum Circuit,0,12,0.2774806022644043,0.5783977508544922,randomcircuit with 7 qubits.
7,Random Quantum Circuit,H,1,0.06174635887145996,0.19110679626464844,randomcircuit with 7 qubits.
7,Random Quantum Circuit,H,12,0.2559163570404053,0.5605907440185547,randomcircuit with 7 qubits.
3,Random Quantum Circuit,0,1,0.06937789916992188,1.1231775283813477,randomcircuit with 3 qubits.
3,Random Quantum Circuit,0,3,0.04347538948059082,0.14519119262695312,randomcircuit with 3 qubits.
3,Random Quantum Circuit,H,1,0.035253047943115234,0.12158966064453125,randomcircuit with 3 qubits.
3,Random Quantum Circuit,H,3,0.04520153999328613,0.13811111450195312,randomcircuit with 3 qubits.
4,Random Quantum Circuit,0,1,0.04453730583190918,0.15831661224365234,randomcircuit with 4 qubits.
4,Random Quantum Circuit,0,4,0.06110501289367676,0.20107078552246094,randomcircuit with 4 qubits.
4,Random Quantum Circuit,H,1,0.045621395111083984,0.1588420867919922,randomcircuit with 4 qubits.
4,Random Quantum Circuit,H,4,0.07765316963195801,0.19713878631591797,randomcircuit with 4 qubits.
5,Random Quantum Circuit,0,1,0.07198190689086914,0.1631155014038086,randomcircuit with 5 qubits.
5,Random Quantum Circuit,0,6,0.07993960380554199,0.26595497131347656,randomcircuit with 5 qubits.
5,Random Quantum Circuit,H,1,0.049904584884643555,0.16312599182128906,randomcircuit with 5 qubits.
5,Random Quantum Circuit,H,6,0.09233880043029785,0.2542896270751953,randomcircuit with 5 qubits.
6,Random Quantum Circuit,0,1,0.05046439170837402,0.14194774627685547,randomcircuit with 6 qubits.
6,Random Quantum Circuit,0,8,0.10870695114135742,0.3403358459472656,randomcircuit with 6 qubits.
6,Random Quantum Circuit,H,1,0.05077767372131348,0.15057945251464844,randomcircuit with 6 qubits.
6,Random Quantum Circuit,H,8,0.10743999481201172,0.3389310836791992,randomcircuit with 6 qubits.
7,Random Quantum Circuit,0,1,0.05297565460205078,0.21042633056640625,randomcircuit with 7 qubits.
7,Random Quantum Circuit,0,12,0.2660493850708008,0.5796537399291992,randomcircuit with 7 qubits.
7,Random Quantum Circuit,H,1,0.05865883827209473,0.19091510772705078,randomcircuit with 7 qubits.
7,Random Quantum Circuit,H,12,0.23727965354919434,0.5608139038085938,randomcircuit with 7 qubits.
3,Random Quantum Circuit,0,1,0.14225006103515625,1.1140146255493164,randomcircuit with 3 qubits.
3,Random Quantum Circuit,0,3,0.05252337455749512,0.14312171936035156,randomcircuit with 3 qubits.
3,Random Quantum Circuit,H,1,0.0973653793334961,0.11973857879638672,randomcircuit with 3 qubits.
3,Random Quantum Circuit,H,3,0.06337809562683105,0.13402938842773438,randomcircuit with 3 qubits.
4,Random Quantum Circuit,0,1,0.04732847213745117,0.15781307220458984,randomcircuit with 4 qubits.
4,Random Quantum Circuit,0,4,0.07125520706176758,0.19808006286621094,randomcircuit with 4 qubits.
4,Random Quantum Circuit,H,1,0.04673933982849121,0.15650463104248047,randomcircuit with 4 qubits.
4,Random Quantum Circuit,H,4,0.08952569961547852,0.1952810287475586,randomcircuit with 4 qubits.
5,Random Quantum Circuit,0,1,0.053316354751586914,0.16349411010742188,randomcircuit with 5 qubits.
5,Random Quantum Circuit,0,6,0.07566547393798828,0.2601299285888672,randomcircuit with 5 qubits.
5,Random Quantum Circuit,H,1,0.05257868766784668,0.1618824005126953,randomcircuit with 5 qubits.
5,Random Quantum Circuit,H,6,0.10348892211914062,0.25238704681396484,randomcircuit with 5 qubits.
6,Random Quantum Circuit,0,1,0.05177783966064453,0.14024639129638672,randomcircuit with 6 qubits.
6,Random Quantum Circuit,0,8,0.11954879760742188,0.34092140197753906,randomcircuit with 6 qubits.
6,Random Quantum Circuit,H,1,0.05097460746765137,0.14606761932373047,randomcircuit with 6 qubits.
6,Random Quantum Circuit,H,8,0.1309211254119873,0.33850955963134766,randomcircuit with 6 qubits.
7,Random Quantum Circuit,0,1,0.06567263603210449,0.2118396759033203,randomcircuit with 7 qubits.
7,Random Quantum Circuit,0,12,0.2486422061920166,0.5774955749511719,randomcircuit with 7 qubits.
7,Random Quantum Circuit,H,1,0.0885171890258789,0.19176864624023438,randomcircuit with 7 qubits.
7,Random Quantum Circuit,H,12,0.2677915096282959,0.558894157409668,randomcircuit with 7 qubits.
4,Ruiz-Garcia (RG) QFT Multiplier,0,1,0.07822632789611816,1.1405925750732422,rg_qft_multiplier with 4 qubits.
4,Ruiz-Garcia (RG) QFT Multiplier,0,4,0.14148807525634766,0.2064361572265625,rg_qft_multiplier with 4 qubits.
4,Ruiz-Garcia (RG) QFT Multiplier,H,1,0.06920671463012695,0.1253376007080078,rg_qft_multiplier with 4 qubits.
4,Ruiz-Garcia (RG) QFT Multiplier,H,4,0.05020904541015625,0.1858377456665039,rg_qft_multiplier with 4 qubits.
4,Ruiz-Garcia (RG) QFT Multiplier,0,1,0.08887743949890137,1.1378555297851562,rg_qft_multiplier with 4 qubits.
4,Ruiz-Garcia (RG) QFT Multiplier,0,4,0.0562744140625,0.20243167877197266,rg_qft_multiplier with 4 qubits.
4,Ruiz-Garcia (RG) QFT Multiplier,H,1,0.0395054817199707,0.13054561614990234,rg_qft_multiplier with 4 qubits.
4,Ruiz-Garcia (RG) QFT Multiplier,H,4,0.07094287872314453,0.1851816177368164,rg_qft_multiplier with 4 qubits.
4,Ruiz-Garcia (RG) QFT Multiplier,0,1,0.07975220680236816,1.138382911682129,rg_qft_multiplier with 4 qubits.
4,Ruiz-Garcia (RG) QFT Multiplier,0,4,0.07359051704406738,0.2036914825439453,rg_qft_multiplier with 4 qubits.
4,Ruiz-Garcia (RG) QFT Multiplier,H,1,0.0467677116394043,0.1254129409790039,rg_qft_multiplier with 4 qubits.
4,Ruiz-Garcia (RG) QFT Multiplier,H,4,0.05035042762756348,0.18423938751220703,rg_qft_multiplier with 4 qubits.
4,Ruiz-Garcia (RG) QFT Multiplier,0,1,0.0792689323425293,1.1400890350341797,rg_qft_multiplier with 4 qubits.
4,Ruiz-Garcia (RG) QFT Multiplier,0,4,0.058229923248291016,0.20340728759765625,rg_qft_multiplier with 4 qubits.
4,Ruiz-Garcia (RG) QFT Multiplier,H,1,0.04764533042907715,0.1281566619873047,rg_qft_multiplier with 4 qubits.
4,Ruiz-Garcia (RG) QFT Multiplier,H,4,0.0503389835357666,0.18845844268798828,rg_qft_multiplier with 4 qubits.
4,Ruiz-Garcia (RG) QFT Multiplier,0,1,0.07867288589477539,1.1399040222167969,rg_qft_multiplier with 4 qubits.
4,Ruiz-Garcia (RG) QFT Multiplier,0,4,0.053758859634399414,0.2019939422607422,rg_qft_multiplier with 4 qubits.
4,Ruiz-Garcia (RG) QFT Multiplier,H,1,0.0435791015625,0.12648391723632812,rg_qft_multiplier with 4 qubits.
4,Ruiz-Garcia (RG) QFT Multiplier,H,4,0.05346202850341797,0.18265247344970703,rg_qft_multiplier with 4 qubits.
4,Vedral-Barenco-Eker (VBE) Ripple-Carry Adder,0,1,0.08429527282714844,1.1312246322631836,vbe_ripple_carry_adder with 4 qubits.
4,Vedral-Barenco-Eker (VBE) Ripple-Carry Adder,0,4,0.04414224624633789,0.1832427978515625,vbe_ripple_carry_adder with 4 qubits.
4,Vedral-Barenco-Eker (VBE) Ripple-Carry Adder,H,1,0.03687620162963867,0.12616825103759766,vbe_ripple_carry_adder with 4 qubits.
4,Vedral-Barenco-Eker (VBE) Ripple-Carry Adder,H,4,0.045786142349243164,0.1654653549194336,vbe_ripple_carry_adder with 4 qubits.
7,Vedral-Barenco-Eker (VBE) Ripple-Carry Adder,0,1,0.045679330825805664,0.15545177459716797,vbe_ripple_carry_adder with 7 qubits.
7,Vedral-Barenco-Eker (VBE) Ripple-Carry Adder,0,12,0.08744502067565918,0.5000019073486328,vbe_ripple_carry_adder with 7 qubits.
7,Vedral-Barenco-Eker (VBE) Ripple-Carry Adder,H,1,0.049832820892333984,0.16008949279785156,vbe_ripple_carry_adder with 7 qubits.
7,Vedral-Barenco-Eker (VBE) Ripple-Carry Adder,H,12,0.08933186531066895,0.4664154052734375,vbe_ripple_carry_adder with 7 qubits.
4,Vedral-Barenco-Eker (VBE) Ripple-Carry Adder,0,1,0.07911062240600586,1.1299686431884766,vbe_ripple_carry_adder with 4 qubits.
4,Vedral-Barenco-Eker (VBE) Ripple-Carry Adder,0,4,0.06078314781188965,0.18343734741210938,vbe_ripple_carry_adder with 4 qubits.
4,Vedral-Barenco-Eker (VBE) Ripple-Carry Adder,H,1,0.04630684852600098,0.13019371032714844,vbe_ripple_carry_adder with 4 qubits.
4,Vedral-Barenco-Eker (VBE) Ripple-Carry Adder,H,4,0.047875165939331055,0.1661529541015625,vbe_ripple_carry_adder with 4 qubits.
7,Vedral-Barenco-Eker (VBE) Ripple-Carry Adder,0,1,0.04172348976135254,0.15699100494384766,vbe_ripple_carry_adder with 7 qubits.
7,Vedral-Barenco-Eker (VBE) Ripple-Carry Adder,0,12,0.18938493728637695,0.49651432037353516,vbe_ripple_carry_adder with 7 qubits.
7,Vedral-Barenco-Eker (VBE) Ripple-Carry Adder,H,1,0.05003666877746582,0.15698909759521484,vbe_ripple_carry_adder with 7 qubits.
7,Vedral-Barenco-Eker (VBE) Ripple-Carry Adder,H,12,0.07607388496398926,0.4681549072265625,vbe_ripple_carry_adder with 7 qubits.
4,Vedral-Barenco-Eker (VBE) Ripple-Carry Adder,0,1,0.06540942192077637,1.134408950805664,vbe_ripple_carry_adder with 4 qubits.
4,Vedral-Barenco-Eker (VBE) Ripple-Carry Adder,0,4,0.037587642669677734,0.18328285217285156,vbe_ripple_carry_adder with 4 qubits.
4,Vedral-Barenco-Eker (VBE) Ripple-Carry Adder,H,1,0.031206130981445312,0.12961292266845703,vbe_ripple_carry_adder with 4 qubits.
4,Vedral-Barenco-Eker (VBE) Ripple-Carry Adder,H,4,0.035820722579956055,0.16618633270263672,vbe_ripple_carry_adder with 4 qubits.
7,Vedral-Barenco-Eker (VBE) Ripple-Carry Adder,0,1,0.03446459770202637,0.15706825256347656,vbe_ripple_carry_adder with 7 qubits.
7,Vedral-Barenco-Eker (VBE) Ripple-Carry Adder,0,12,0.06871771812438965,0.4994487762451172,vbe_ripple_carry_adder with 7 qubits.
7,Vedral-Barenco-Eker (VBE) Ripple-Carry Adder,H,1,0.04118967056274414,0.1584644317626953,vbe_ripple_carry_adder with 7 qubits.
7,Vedral-Barenco-Eker (VBE) Ripple-Carry Adder,H,12,0.0809776782989502,0.46984004974365234,vbe_ripple_carry_adder with 7 qubits.
4,Vedral-Barenco-Eker (VBE) Ripple-Carry Adder,0,1,0.06676340103149414,1.1301050186157227,vbe_ripple_carry_adder with 4 qubits.
4,Vedral-Barenco-Eker (VBE) Ripple-Carry Adder,0,4,0.043991804122924805,0.18224716186523438,vbe_ripple_carry_adder with 4 qubits.
4,Vedral-Barenco-Eker (VBE) Ripple-Carry Adder,H,1,0.03587603569030762,0.1259450912475586,vbe_ripple_carry_adder with 4 qubits.
4,Vedral-Barenco-Eker (VBE) Ripple-Carry Adder,H,4,0.03880023956298828,0.16668319702148438,vbe_ripple_carry_adder with 4 qubits.
7,Vedral-Barenco-Eker (VBE) Ripple-Carry Adder,0,1,0.03726625442504883,0.1586599349975586,vbe_ripple_carry_adder with 7 qubits.
7,Vedral-Barenco-Eker (VBE) Ripple-Carry Adder,0,12,0.07149958610534668,0.49737071990966797,vbe_ripple_carry_adder with 7 qubits.
7,Vedral-Barenco-Eker (VBE) Ripple-Carry Adder,H,1,0.04445338249206543,0.1587066650390625,vbe_ripple_carry_adder with 7 qubits.
7,Vedral-Barenco-Eker (VBE) Ripple-Carry Adder,H,12,0.07594609260559082,0.4668245315551758,vbe_ripple_carry_adder with 7 qubits.
4,Vedral-Barenco-Eker (VBE) Ripple-Carry Adder,0,1,0.060753822326660156,1.128718376159668,vbe_ripple_carry_adder with 4 qubits.
4,Vedral-Barenco-Eker (VBE) Ripple-Carry Adder,0,4,0.04451465606689453,0.1846294403076172,vbe_ripple_carry_adder with 4 qubits.
4,Vedral-Barenco-Eker (VBE) Ripple-Carry Adder,H,1,0.03154158592224121,0.12810134887695312,vbe_ripple_carry_adder with 4 qubits.
4,Vedral-Barenco-Eker (VBE) Ripple-Carry Adder,H,4,0.04033660888671875,0.1664714813232422,vbe_ripple_carry_adder with 4 qubits.
7,Vedral-Barenco-Eker (VBE) Ripple-Carry Adder,0,1,0.03539586067199707,0.15608978271484375,vbe_ripple_carry_adder with 7 qubits.
7,Vedral-Barenco-Eker (VBE) Ripple-Carry Adder,0,12,0.07348084449768066,0.49900150299072266,vbe_ripple_carry_adder with 7 qubits.
7,Vedral-Barenco-Eker (VBE) Ripple-Carry Adder,H,1,0.033679962158203125,0.1584320068359375,vbe_ripple_carry_adder with 7 qubits.
7,Vedral-Barenco-Eker (VBE) Ripple-Carry Adder,H,12,0.07542085647583008,0.46889209747314453,vbe_ripple_carry_adder with 7 qubits.
3,W-State,0,1,0.0664665699005127,1.115584373474121,wstate with 3 qubits.
3,W-State,0,3,0.038640737533569336,0.14315032958984375,wstate with 3 qubits.
3,W-State,H,1,0.03730511665344238,0.12020111083984375,wstate with 3 qubits.
3,W-State,H,3,0.03760385513305664,0.13140392303466797,wstate with 3 qubits.
4,W-State,0,1,0.04268479347229004,0.11420154571533203,wstate with 4 qubits.
4,W-State,0,4,0.046369075775146484,0.14331626892089844,wstate with 4 qubits.
4,W-State,H,1,0.03424406051635742,0.11244487762451172,wstate with 4 qubits.
4,W-State,H,4,0.04039597511291504,0.14353179931640625,wstate with 4 qubits.
5,W-State,0,1,0.037751197814941406,0.1146087646484375,wstate with 5 qubits.
5,W-State,0,6,0.0447385311126709,0.17719459533691406,wstate with 5 qubits.
5,W-State,H,1,0.03621959686279297,0.11603546142578125,wstate with 5 qubits.
5,W-State,H,6,0.05498218536376953,0.17884445190429688,wstate with 5 qubits.
6,W-State,0,1,0.054721832275390625,0.11918926239013672,wstate with 6 qubits.
6,W-State,0,8,0.05206036567687988,0.22507953643798828,wstate with 6 qubits.
6,W-State,H,1,0.03839826583862305,0.12185382843017578,wstate with 6 qubits.
6,W-State,H,8,0.056522369384765625,0.21895980834960938,wstate with 6 qubits.
7,W-State,0,1,0.05600380897521973,0.12057876586914062,wstate with 7 qubits.
7,W-State,0,12,0.08246040344238281,0.30049705505371094,wstate with 7 qubits.
7,W-State,H,1,0.042641401290893555,0.12262153625488281,wstate with 7 qubits.
7,W-State,H,12,0.09978723526000977,0.3008155822753906,wstate with 7 qubits.
3,W-State,0,1,0.06952214241027832,1.117140769958496,wstate with 3 qubits.
3,W-State,0,3,0.03961896896362305,0.1392812728881836,wstate with 3 qubits.
3,W-State,H,1,0.046036481857299805,0.1150197982788086,wstate with 3 qubits.
3,W-State,H,3,0.03668570518493652,0.13073158264160156,wstate with 3 qubits.
4,W-State,0,1,0.04488635063171387,0.11496925354003906,wstate with 4 qubits.
4,W-State,0,4,0.06025123596191406,0.14375782012939453,wstate with 4 qubits.
4,W-State,H,1,0.04009246826171875,0.11380672454833984,wstate with 4 qubits.
4,W-State,H,4,0.043318986892700195,0.1446676254272461,wstate with 4 qubits.
5,W-State,0,1,0.03654193878173828,0.11532306671142578,wstate with 5 qubits.
5,W-State,0,6,0.044908761978149414,0.1780376434326172,wstate with 5 qubits.
5,W-State,H,1,0.03614997863769531,0.11712455749511719,wstate with 5 qubits.
5,W-State,H,6,0.04549455642700195,0.1800556182861328,wstate with 5 qubits.
6,W-State,0,1,0.03476762771606445,0.12114715576171875,wstate with 6 qubits.
6,W-State,0,8,0.046738386154174805,0.22427082061767578,wstate with 6 qubits.
6,W-State,H,1,0.047626495361328125,0.11897754669189453,wstate with 6 qubits.
6,W-State,H,8,0.05641674995422363,0.2161884307861328,wstate with 6 qubits.
7,W-State,0,1,0.0384061336517334,0.12089347839355469,wstate with 7 qubits.
7,W-State,0,12,0.06373405456542969,0.3016986846923828,wstate with 7 qubits.
7,W-State,H,1,0.03724837303161621,0.12230587005615234,wstate with 7 qubits.
7,W-State,H,12,0.06411361694335938,0.30017948150634766,wstate with 7 qubits.
3,W-State,0,1,0.05895376205444336,1.111546516418457,wstate with 3 qubits.
3,W-State,0,3,0.03714323043823242,0.13391494750976562,wstate with 3 qubits.
3,W-State,H,1,0.03369283676147461,0.11450767517089844,wstate with 3 qubits.
3,W-State,H,3,0.03335094451904297,0.12610912322998047,wstate with 3 qubits.
4,W-State,0,1,0.03430771827697754,0.11826419830322266,wstate with 4 qubits.
4,W-State,0,4,0.05547785758972168,0.1421060562133789,wstate with 4 qubits.
4,W-State,H,1,0.03262925148010254,0.11405658721923828,wstate with 4 qubits.
4,W-State,H,4,0.03474235534667969,0.14956283569335938,wstate with 4 qubits.
5,W-State,0,1,0.03661537170410156,0.11684131622314453,wstate with 5 qubits.
5,W-State,0,6,0.03914809226989746,0.17884349822998047,wstate with 5 qubits.
5,W-State,H,1,0.03496408462524414,0.11749458312988281,wstate with 5 qubits.
5,W-State,H,6,0.03799319267272949,0.1796741485595703,wstate with 5 qubits.
6,W-State,0,1,0.0311126708984375,0.11818981170654297,wstate with 6 qubits.
6,W-State,0,8,0.04524397850036621,0.22472190856933594,wstate with 6 qubits.
6,W-State,H,1,0.03725767135620117,0.11919689178466797,wstate with 6 qubits.
6,W-State,H,8,0.07036256790161133,0.21644878387451172,wstate with 6 qubits.
7,W-State,0,1,0.04694938659667969,0.11996841430664062,wstate with 7 qubits.
7,W-State,0,12,0.06643176078796387,0.3027973175048828,wstate with 7 qubits.
7,W-State,H,1,0.03648209571838379,0.12396812438964844,wstate with 7 qubits.
7,W-State,H,12,0.06056094169616699,0.30060577392578125,wstate with 7 qubits.
3,W-State,0,1,0.07659339904785156,1.1133794784545898,wstate with 3 qubits.
3,W-State,0,3,0.04102134704589844,0.1359233856201172,wstate with 3 qubits.
3,W-State,H,1,0.038515567779541016,0.1195220947265625,wstate with 3 qubits.
3,W-State,H,3,0.04599642753601074,0.12883853912353516,wstate with 3 qubits.
4,W-State,0,1,0.04825592041015625,0.11432361602783203,wstate with 4 qubits.
4,W-State,0,4,0.046189308166503906,0.14326190948486328,wstate with 4 qubits.
4,W-State,H,1,0.04146432876586914,0.1125335693359375,wstate with 4 qubits.
4,W-State,H,4,0.06106233596801758,0.14284992218017578,wstate with 4 qubits.
5,W-State,0,1,0.046114206314086914,0.1160888671875,wstate with 5 qubits.
5,W-State,0,6,0.05089688301086426,0.17817306518554688,wstate with 5 qubits.
5,W-State,H,1,0.044586181640625,0.11430740356445312,wstate with 5 qubits.
5,W-State,H,6,0.04765176773071289,0.1789255142211914,wstate with 5 qubits.
6,W-State,0,1,0.04169821739196777,0.11855792999267578,wstate with 6 qubits.
6,W-State,0,8,0.05817246437072754,0.22532939910888672,wstate with 6 qubits.
6,W-State,H,1,0.049434661865234375,0.12006187438964844,wstate with 6 qubits.
6,W-State,H,8,0.06513786315917969,0.2159271240234375,wstate with 6 qubits.
7,W-State,0,1,0.044185638427734375,0.11957073211669922,wstate with 7 qubits.
7,W-State,0,12,0.08389544486999512,0.29883861541748047,wstate with 7 qubits.
7,W-State,H,1,0.04093146324157715,0.1219015121459961,wstate with 7 qubits.
7,W-State,H,12,0.07966232299804688,0.3011770248413086,wstate with 7 qubits.
3,W-State,0,1,0.0753178596496582,1.1080799102783203,wstate with 3 qubits.
3,W-State,0,3,0.04162168502807617,0.1361255645751953,wstate with 3 qubits.
3,W-State,H,1,0.04263782501220703,0.12041091918945312,wstate with 3 qubits.
3,W-State,H,3,0.0398716926574707,0.1275787353515625,wstate with 3 qubits.
4,W-State,0,1,0.04079747200012207,0.11220073699951172,wstate with 4 qubits.
4,W-State,0,4,0.046653032302856445,0.1414470672607422,wstate with 4 qubits.
4,W-State,H,1,0.03926682472229004,0.11142826080322266,wstate with 4 qubits.
4,W-State,H,4,0.042502641677856445,0.142852783203125,wstate with 4 qubits.
5,W-State,0,1,0.043592214584350586,0.11351966857910156,wstate with 5 qubits.
5,W-State,0,6,0.047307491302490234,0.17650127410888672,wstate with 5 qubits.
5,W-State,H,1,0.04004383087158203,0.11494636535644531,wstate with 5 qubits.
5,W-State,H,6,0.04932045936584473,0.1801156997680664,wstate with 5 qubits.
6,W-State,0,1,0.03568458557128906,0.11930465698242188,wstate with 6 qubits.
6,W-State,0,8,0.05568861961364746,0.2257223129272461,wstate with 6 qubits.
6,W-State,H,1,0.04767942428588867,0.1229400634765625,wstate with 6 qubits.
6,W-State,H,8,0.0552830696105957,0.21828460693359375,wstate with 6 qubits.
7,W-State,0,1,0.03763413429260254,0.12123298645019531,wstate with 7 qubits.
7,W-State,0,12,0.07603144645690918,0.2989835739135742,wstate with 7 qubits.
7,W-State,H,1,0.03984212875366211,0.12052536010742188,wstate with 7 qubits.
7,W-State,H,12,0.07469582557678223,0.30072498321533203,wstate with 7 qubits.
