size,clauses,time_lumping,kappa,time_iteration,memory (MB),formula
5,9,0.0028994083404541016,1,5.626678466796875e-05,0.02935791015625,[(x_3 v -x_0) ^ (x_2 v -x_0) ^ (x_0 v x_4 v x_2) ^ (x_0 v -x_3) ^ (x_3 v x_2) ^ (x_3 v x_0) ^ (x_0 v -x_1 v -x_2) ^ (x_4 v -x_3) ^ (x_3 v x_4)]
5,13,0.0045506954193115234,6,7.081031799316406e-05,0.014788627624511719,[(-x_1 v -x_4 v x_3) ^ (x_2 v -x_0) ^ (x_3 v -x_2 v x_4) ^ (x_1 v -x_2 v -x_3) ^ (x_0 v -x_1 v x_4) ^ (x_3 v x_2 v -x_0) ^ (x_1 v x_4 v -x_0) ^ (x_1 v -x_4) ^ (x_3 v -x_4 v -x_0) ^ (-x_0 v -x_2 v -x_3) ^ (x_0 v x_2 v -x_3) ^ (x_4 v x_2) ^ (x_0 v x_1 v -x_3)]
5,9,0.0027086734771728516,1,0.00012111663818359375,0.02686309814453125,[(x_1 v x_4 v x_2) ^ (x_2 v -x_3) ^ (-x_1 v -x_4 v -x_0) ^ (x_0 v -x_4 v -x_2) ^ (x_0 v -x_2 v x_3) ^ (x_3 v x_1 v x_0) ^ (-x_0 v -x_2 v x_4) ^ (x_0 v x_2) ^ (-x_2 v -x_3)]
5,8,0.0023393630981445312,6,4.5299530029296875e-05,0.01652050018310547,[(x_2 v -x_0) ^ (x_0 v -x_2) ^ (x_2 v -x_3) ^ (-x_4 v x_2 v -x_0) ^ (-x_4 v -x_0) ^ (x_1 v x_4 v -x_0) ^ (x_1 v -x_4 v x_2) ^ (x_0 v -x_2 v x_3)]
5,11,0.0036809444427490234,1,4.1961669921875e-05,0.02901458740234375,[(x_1 v -x_3 v -x_0) ^ (x_1 v -x_4 v -x_2) ^ (x_0 v x_4 v -x_3) ^ (x_0 v x_4) ^ (x_1 v -x_3) ^ (x_1 v -x_4) ^ (x_3 v -x_4 v -x_0) ^ (x_0 v x_1 v x_4) ^ (-x_1 v -x_4 v -x_3) ^ (x_0 v -x_4) ^ (-x_1 v x_4 v x_3)]
5,13,0.0030846595764160156,6,8.344650268554688e-05,0.015299797058105469,[(x_3 v x_4 v x_2) ^ (-x_2 v -x_0) ^ (x_1 v -x_3) ^ (-x_4 v -x_0) ^ (x_3 v x_4 v x_0) ^ (x_3 v -x_4) ^ (-x_4 v -x_2 v -x_3) ^ (x_0 v x_4 v -x_2) ^ (-x_1 v x_4 v x_2) ^ (-x_1 v x_2 v -x_0) ^ (x_3 v -x_1 v -x_2) ^ (-x_1 v -x_2 v x_4) ^ (x_4 v x_2)]
5,13,0.00416111946105957,1,4.1484832763671875e-05,0.03306102752685547,[(-x_1 v -x_3) ^ (-x_0 v -x_3) ^ (-x_1 v -x_3 v -x_0) ^ (x_0 v -x_2 v x_4) ^ (-x_4 v -x_2 v -x_0) ^ (-x_4 v x_2 v -x_3) ^ (x_1 v x_2) ^ (x_0 v -x_4 v -x_3) ^ (x_0 v x_1 v -x_2) ^ (-x_1 v -x_4 v x_2) ^ (-x_4 v x_2) ^ (-x_0 v -x_4 v -x_3) ^ (x_1 v x_4 v -x_3)]
5,6,0.0020971298217773438,6,0.00011420249938964844,0.012786865234375,[(x_3 v -x_4) ^ (-x_1 v -x_4) ^ (-x_1 v x_2 v -x_0) ^ (x_1 v x_2 v -x_3) ^ (x_0 v -x_4) ^ (x_0 v x_1 v x_4)]
5,10,0.0029752254486083984,1,4.100799560546875e-05,0.02962493896484375,[(-x_2 v -x_0) ^ (-x_1 v -x_2 v x_0) ^ (x_0 v -x_3) ^ (x_3 v x_1 v -x_4) ^ (-x_1 v -x_2 v -x_3) ^ (x_1 v x_2) ^ (x_1 v -x_4 v x_2) ^ (x_1 v x_2 v -x_3) ^ (x_0 v -x_2 v x_3) ^ (-x_1 v x_4 v x_3)]
5,11,0.004423856735229492,6,6.365776062011719e-05,0.014788627624511719,[(x_3 v x_4 v x_2) ^ (x_1 v -x_4 v -x_0) ^ (x_3 v -x_2) ^ (-x_1 v x_2 v -x_3) ^ (-x_1 v -x_2 v -x_3) ^ (-x_0 v -x_2 v -x_3) ^ (-x_1 v x_2 v -x_0) ^ (-x_1 v x_3) ^ (-x_1 v x_3 v x_0) ^ (x_3 v x_4) ^ (x_3 v -x_4 v -x_2)]
5,15,0.0034456253051757812,1,3.933906555175781e-05,0.03257274627685547,[(-x_1 v -x_3) ^ (-x_1 v -x_4 v x_3) ^ (x_3 v -x_4) ^ (x_3 v x_1) ^ (-x_1 v x_4 v -x_3) ^ (-x_4 v x_2 v -x_3) ^ (-x_1 v x_4 v x_2) ^ (-x_1 v x_2) ^ (-x_1 v -x_0) ^ (x_1 v -x_2 v -x_0) ^ (-x_0 v x_4 v -x_3) ^ (x_3 v x_1 v x_2) ^ (-x_4 v x_2) ^ (x_4 v x_2) ^ (-x_1 v -x_2 v -x_0)]
5,13,0.0039975643157958984,6,0.0001277923583984375,0.01670074462890625,[(x_2 v -x_3) ^ (x_0 v x_1 v -x_2) ^ (x_1 v -x_4 v -x_2) ^ (x_0 v x_4 v -x_3) ^ (-x_1 v x_4 v -x_3) ^ (x_3 v x_1) ^ (x_1 v -x_4 v x_2) ^ (x_3) ^ (-x_1 v -x_3 v x_0) ^ (-x_0 v x_4 v -x_3) ^ (x_0 v -x_1 v -x_4) ^ (x_1 v x_4) ^ (x_0 v x_1 v x_4)]
5,15,0.004484415054321289,1,5.030632019042969e-05,0.03316020965576172,[(-x_1 v x_3 v x_2) ^ (x_0 v x_4) ^ (x_0 v -x_3) ^ (-x_1 v -x_4 v -x_2) ^ (-x_1 v -x_2 v -x_3) ^ (-x_0 v -x_2 v x_4) ^ (x_1 v -x_4 v -x_3) ^ (x_0 v x_1 v x_2) ^ (x_1 v -x_4 v x_2) ^ (-x_1 v x_3) ^ (x_4 v x_2 v -x_0) ^ (x_0 v x_2) ^ (-x_4 v -x_3) ^ (x_4 v -x_3) ^ (-x_2 v -x_3)]
5,15,0.003918170928955078,6,0.0002415180206298828,0.0147857666015625,[(x_4 v x_2 v -x_3) ^ (x_2 v -x_0) ^ (x_3 v -x_1 v x_2) ^ (x_1 v x_2 v -x_0) ^ (x_3 v x_2 v -x_0) ^ (x_3 v -x_4 v x_2) ^ (-x_4 v -x_2) ^ (x_0 v -x_1 v -x_3) ^ (-x_4 v x_2 v -x_3) ^ (-x_0 v -x_2 v -x_3) ^ (-x_1 v x_4 v x_0) ^ (-x_1 v -x_4 v -x_3) ^ (x_3 v x_1 v x_4) ^ (x_3 v x_4) ^ (x_0 v x_1 v x_4)]
5,14,0.0047473907470703125,1,4.291534423828125e-05,0.03269481658935547,[(-x_1 v -x_3) ^ (-x_1 v x_0) ^ (x_2 v -x_0) ^ (x_3 v x_1 v -x_4) ^ (-x_0 v -x_2 v x_4) ^ (-x_1 v x_4 v -x_3) ^ (x_4 v -x_0) ^ (x_0 v x_2) ^ (-x_1 v x_4 v x_2) ^ (-x_1 v x_3) ^ (-x_1 v -x_4 v -x_3) ^ (-x_1 v -x_0) ^ (x_0 v x_3) ^ (-x_4 v x_2)]
5,14,0.0032618045806884766,6,5.9604644775390625e-05,0.017669677734375,[(-x_1 v -x_3) ^ (x_4 v x_2 v -x_3) ^ (x_2 v -x_0) ^ (x_1 v -x_4 v -x_2) ^ (x_0 v -x_3) ^ (x_3 v -x_4) ^ (x_1 v x_4 v -x_0) ^ (-x_4 v x_2 v -x_3) ^ (x_0 v x_4 v -x_2) ^ (x_0 v x_2) ^ (-x_1 v -x_4 v x_2) ^ (-x_1 v x_0 v -x_3) ^ (x_4 v x_2) ^ (x_1 v x_4)]
5,7,0.002267122268676758,1,0.00012731552124023438,0.0260772705078125,[(x_0 v x_4 v x_2) ^ (x_0 v x_1 v -x_4) ^ (x_3 v x_1 v x_0) ^ (-x_1 v x_4 v x_0) ^ (-x_1 v -x_4 v -x_3) ^ (-x_4 v -x_2 v -x_3) ^ (x_3 v x_1 v -x_0)]
5,15,0.0036869049072265625,6,6.389617919921875e-05,0.01832866668701172,[(-x_1 v -x_3) ^ (x_1 v x_4 v x_2) ^ (-x_1 v x_4) ^ (x_1 v -x_4 v -x_2) ^ (x_0 v x_4) ^ (x_1 v -x_3) ^ (-x_4 v -x_0) ^ (-x_2 v -x_3 v -x_0) ^ (x_3 v x_1 v x_0) ^ (x_3 v -x_4 v -x_0) ^ (x_0 v x_1 v x_2) ^ (x_1 v -x_2 v -x_0) ^ (x_1 v -x_0) ^ (-x_3 v -x_0) ^ (-x_0 v -x_4 v -x_3)]
5,12,0.004004716873168945,1,4.649162292480469e-05,0.02906322479248047,[(x_1 v x_4 v x_2) ^ (x_3 v x_1 v x_4) ^ (x_0 v x_4 v -x_3) ^ (x_3 v x_2 v -x_0) ^ (-x_1 v -x_2 v x_0) ^ (x_0 v -x_4 v -x_2) ^ (x_0 v x_1 v x_2) ^ (-x_1 v x_4 v x_2) ^ (-x_1 v -x_4 v x_2) ^ (x_3 v x_1 v -x_0) ^ (-x_2 v -x_3) ^ (x_0 v x_1 v x_4)]
5,6,0.0017998218536376953,6,0.00018072128295898438,0.01445770263671875,[(x_3 v -x_2 v x_4) ^ (x_3 v x_4 v -x_2) ^ (x_3 v x_1 v x_0) ^ (x_1 v -x_4) ^ (-x_4 v -x_2 v -x_3) ^ (x_3 v x_4)]
5,5,0.002234935760498047,1,0.00013017654418945312,0.02722930908203125,[(x_2 v -x_0) ^ (-x_4 v -x_0) ^ (-x_1 v -x_4 v -x_2) ^ (x_3 v x_1 v -x_0) ^ (x_0 v -x_2 v x_3)]
5,9,0.002382040023803711,6,7.05718994140625e-05,0.014796257019042969,[(x_4 v x_2 v -x_3) ^ (x_3 v -x_0) ^ (-x_4 v -x_0) ^ (-x_0 v -x_4 v -x_3) ^ (x_0 v -x_2 v -x_3) ^ (x_1 v -x_4) ^ (x_0 v x_4 v -x_2) ^ (x_1 v -x_0) ^ (x_3 v x_4 v -x_0)]
5,9,0.002667665481567383,1,6.866455078125e-05,0.0295257568359375,[(-x_1 v x_4) ^ (x_1 v -x_4 v -x_2) ^ (x_1 v -x_3) ^ (-x_4 v -x_0) ^ (x_0 v -x_1 v -x_3) ^ (x_0 v -x_4 v -x_3) ^ (x_4 v x_2 v -x_0) ^ (x_0 v -x_4) ^ (x_3 v -x_2 v -x_0)]
5,11,0.002794504165649414,6,6.413459777832031e-05,0.014498710632324219,[(x_3 v -x_2) ^ (x_0 v -x_4 v -x_2) ^ (-x_4 v -x_2 v -x_0) ^ (x_1 v x_2) ^ (-x_1 v x_4 v x_2) ^ (-x_1 v -x_4 v x_2) ^ (x_1 v -x_4 v x_2) ^ (x_0 v -x_4 v x_2) ^ (x_3 v x_1 v x_2) ^ (x_4 v x_2) ^ (x_0 v -x_1 v x_2)]
5,8,0.003915548324584961,1,4.506111145019531e-05,0.02935791015625,[(x_0 v x_4) ^ (-x_1 v -x_2 v -x_3) ^ (-x_2 v -x_3 v -x_0) ^ (x_1 v x_4 v -x_0) ^ (x_0 v x_4 v x_3) ^ (x_1 v -x_0) ^ (-x_0 v x_4 v -x_3) ^ (-x_1 v x_4 v -x_0)]
5,9,0.0023665428161621094,6,6.461143493652344e-05,0.014788627624511719,[(x_4 v x_2 v -x_3) ^ (x_0 v -x_4 v x_2) ^ (x_3 v -x_2 v x_0) ^ (-x_1 v -x_3 v -x_0) ^ (x_0 v -x_1) ^ (x_3 v -x_4 v x_2) ^ (-x_1 v x_2) ^ (x_4 v -x_0) ^ (x_3 v x_1 v x_4)]
5,14,0.004730701446533203,1,9.632110595703125e-05,0.03293895721435547,[(x_3 v -x_1) ^ (x_3 v x_4 v -x_0) ^ (x_1 v x_4 v x_2) ^ (x_0 v -x_1 v x_4) ^ (-x_1 v -x_4 v -x_2) ^ (-x_1 v -x_2 v -x_3) ^ (x_3 v -x_4) ^ (-x_0 v -x_2 v x_4) ^ (x_4 v -x_0) ^ (x_1 v x_2) ^ (-x_4 v x_2 v -x_3) ^ (x_4 v x_2 v -x_0) ^ (x_3 v x_4) ^ (-x_0 v -x_4 v -x_3)]
5,14,0.0048525333404541016,6,0.0001201629638671875,0.01450347900390625,[(x_4 v x_2 v -x_3) ^ (x_1 v -x_4 v -x_2) ^ (x_0 v x_4) ^ (x_1 v -x_3) ^ (x_0 v -x_1) ^ (-x_0 v x_2 v -x_3) ^ (-x_0 v -x_2 v x_4) ^ (x_3 v -x_4 v -x_0) ^ (-x_1 v x_4 v -x_3) ^ (x_0 v x_1) ^ (-x_2 v -x_3) ^ (x_3 v -x_1 v -x_4) ^ (x_3 v x_4 v -x_0) ^ (x_1 v x_4 v -x_3)]
5,6,0.0018010139465332031,1,0.00012755393981933594,0.02581024169921875,[(-x_1 v -x_4 v x_3) ^ (x_0 v -x_2) ^ (x_3 v x_1 v -x_2) ^ (-x_1 v x_2) ^ (x_3 v x_1 v x_2) ^ (x_3 v x_4 v -x_0)]
5,10,0.0030057430267333984,6,6.008148193359375e-05,0.013087272644042969,[(x_4 v x_2 v -x_3) ^ (x_3 v -x_1 v x_2) ^ (x_1 v -x_4 v -x_2) ^ (x_0 v x_1 v -x_4) ^ (-x_0 v -x_2 v x_4) ^ (x_0 v -x_1 v -x_2) ^ (-x_4 v x_2 v -x_3) ^ (x_4 v -x_3) ^ (x_0 v -x_1 v x_2) ^ (x_1 v x_4 v -x_3)]
5,13,0.0035772323608398438,1,4.410743713378906e-05,0.03113842010498047,[(x_3 v -x_1) ^ (x_0 v -x_1 v x_4) ^ (x_3 v -x_4) ^ (-x_0 v x_1 v -x_3) ^ (x_1 v -x_4) ^ (x_3 v x_0) ^ (x_1 v x_2) ^ (x_0 v x_2) ^ (-x_1 v -x_4 v -x_3) ^ (x_3 v x_1 v x_4) ^ (x_4 v -x_3) ^ (x_1 v x_4) ^ (-x_4)]
5,12,0.0037593841552734375,6,7.05718994140625e-05,0.01670074462890625,[(x_3 v -x_0) ^ (x_1 v -x_2) ^ (x_2 v -x_3 v -x_0) ^ (-x_1 v x_4 v x_3) ^ (x_0 v -x_1 v -x_2) ^ (x_3 v -x_2 v -x_0) ^ (x_3 v x_1 v -x_0) ^ (-x_1 v x_2 v -x_0) ^ (x_0 v x_3) ^ (x_3 v x_1 v x_2) ^ (x_3 v -x_1 v -x_4) ^ (x_3 v x_4 v -x_0)]
5,7,0.002132892608642578,1,0.00019884109497070312,0.0280609130859375,[(x_3 v x_1 v -x_2) ^ (-x_1 v x_2 v -x_3) ^ (x_0 v x_4 v -x_3) ^ (-x_1 v -x_4 v -x_2) ^ (-x_0 v -x_2 v x_4) ^ (-x_1 v x_2) ^ (x_3 v x_1 v x_2)]
5,12,0.0029642581939697266,6,5.53131103515625e-05,0.014948844909667969,[(x_2 v -x_3) ^ (x_3 v x_1 v -x_2) ^ (-x_1 v -x_2 v -x_3) ^ (x_3 v -x_4) ^ (x_3 v -x_4 v -x_0) ^ (-x_4 v x_2 v -x_3) ^ (x_1 v x_2) ^ (-x_1 v x_4 v x_0) ^ (-x_2 v -x_3 v x_4) ^ (-x_1 v -x_4 v x_2) ^ (x_3 v x_1 v x_2) ^ (-x_1 v x_4 v -x_0)]
5,11,0.0031244754791259766,1,5.507469177246094e-05,0.02950286865234375,[(x_3 v x_4 v x_2) ^ (x_4 v x_2 v -x_3) ^ (-x_1 v x_4) ^ (x_1 v -x_3 v -x_0) ^ (x_3 v x_1 v -x_2) ^ (-x_4 v x_2 v -x_0) ^ (x_3 v -x_4) ^ (-x_0 v x_2 v -x_3) ^ (x_1 v -x_4) ^ (x_3 v x_1 v x_2) ^ (-x_1 v -x_2 v x_4)]
5,7,0.0017063617706298828,6,5.507469177246094e-05,0.012309074401855469,[(x_1 v -x_2 v -x_3) ^ (-x_2 v -x_3 v -x_0) ^ (x_0 v -x_2 v -x_3) ^ (-x_1 v -x_4) ^ (x_0 v x_3 v x_2) ^ (-x_4 v -x_3 v -x_0) ^ (x_0 v x_1 v -x_3)]
5,14,0.004591226577758789,1,4.5299530029296875e-05,0.03101634979248047,[(-x_1 v x_3 v -x_0) ^ (x_1 v -x_2) ^ (x_0 v x_1 v -x_2) ^ (x_3 v x_1 v -x_4) ^ (-x_4 v -x_2) ^ (x_3 v -x_4) ^ (x_0 v -x_2 v -x_3) ^ (x_4 v -x_0) ^ (-x_1 v x_2) ^ (-x_1 v x_4 v x_2) ^ (x_4 v x_2 v -x_0) ^ (x_4 v -x_3) ^ (x_0 v -x_1 v -x_4) ^ (x_0 v -x_1 v x_2)]
5,14,0.003192424774169922,6,6.532669067382812e-05,0.0161895751953125,[(x_3 v -x_1) ^ (x_3 v -x_4 v x_2) ^ (x_3 v -x_1 v x_4) ^ (x_3 v x_1 v x_0) ^ (-x_0 v -x_2 v x_4) ^ (x_1 v -x_4) ^ (-x_0 v x_1 v -x_3) ^ (x_0 v x_2 v -x_3) ^ (x_3 v -x_1 v -x_2) ^ (-x_1 v x_3 v x_0) ^ (-x_1 v -x_4 v x_2) ^ (-x_1 v -x_2 v x_3) ^ (-x_4 v -x_3 v -x_0) ^ (x_0 v x_1 v -x_3)]
5,14,0.005545616149902344,1,5.173683166503906e-05,0.03162670135498047,[(-x_1 v x_0) ^ (x_1 v -x_4 v -x_2) ^ (x_1 v -x_0) ^ (x_0 v -x_2 v x_4) ^ (-x_4 v -x_2 v -x_0) ^ (x_3 v x_2) ^ (x_4 v -x_0) ^ (x_3 v -x_4 v -x_0) ^ (-x_3 v -x_0) ^ (-x_1 v x_2 v -x_0) ^ (-x_4 v -x_2 v -x_3) ^ (x_3 v x_1 v x_4) ^ (x_3 v x_4) ^ (x_1 v x_4 v -x_3)]
5,13,0.003045320510864258,6,0.00022125244140625,0.01718902587890625,[(-x_1 v x_4) ^ (-x_2 v -x_0) ^ (x_0 v x_4 v -x_3) ^ (x_1 v -x_2 v -x_3) ^ (x_0 v x_4 v x_2) ^ (-x_1 v -x_2 v -x_3) ^ (-x_0 v x_1 v -x_3) ^ (x_3 v x_1) ^ (x_0 v x_1 v x_2) ^ (-x_2 v -x_3 v x_4) ^ (x_3 v -x_2 v -x_0) ^ (x_3 v x_4) ^ (-x_1 v x_4 v x_3)]
5,7,0.002594470977783203,1,0.0001068115234375,0.02747344970703125,[(x_1 v x_4 v x_2) ^ (x_3 v -x_0) ^ (-x_1 v x_0) ^ (-x_1 v x_2) ^ (x_1 v -x_4 v x_2) ^ (x_0 v x_4 v x_3) ^ (-x_1 v -x_2 v x_3)]
5,13,0.0035114288330078125,6,6.818771362304688e-05,0.01677989959716797,[(x_3 v x_4 v x_2) ^ (x_1 v -x_4 v -x_0) ^ (-x_2 v x_4) ^ (-x_0 v -x_3) ^ (x_2 v -x_0) ^ (x_0 v -x_1) ^ (-x_4 v -x_2) ^ (-x_1 v x_4 v -x_3) ^ (-x_1 v x_2) ^ (x_3 v x_1) ^ (-x_2 v -x_3 v x_4) ^ (x_4 v x_2) ^ (x_3 v x_2 v x_0)]
5,6,0.0018529891967773438,1,0.0001354217529296875,0.0296478271484375,[(x_1 v -x_3) ^ (x_3 v x_1) ^ (-x_4 v x_2 v -x_3) ^ (x_1 v -x_4 v x_2) ^ (x_3 v x_1 v x_4) ^ (-x_4 v -x_3 v -x_0)]
5,13,0.003113985061645508,6,6.723403930664062e-05,0.01633739471435547,[(x_4 v x_2 v -x_3) ^ (x_3 v -x_2) ^ (-x_1 v -x_4 v -x_0) ^ (x_1 v -x_3) ^ (-x_1 v -x_4 v -x_2) ^ (x_0 v x_4 v -x_2) ^ (-x_2 v -x_3 v x_4) ^ (-x_1 v x_3) ^ (x_4 v x_2 v -x_0) ^ (-x_4 v -x_2 v -x_3) ^ (x_0 v -x_1 v -x_4) ^ (x_3 v -x_1 v -x_2) ^ (-x_4 v -x_3 v -x_0)]
5,14,0.004435539245605469,1,4.410743713378906e-05,0.03162670135498047,[(x_4 v x_2 v -x_3) ^ (-x_2 v x_4) ^ (-x_1 v -x_2) ^ (-x_1 v x_2 v -x_3) ^ (x_3 v x_2 v -x_0) ^ (-x_0 v x_2 v -x_3) ^ (x_1 v x_4 v -x_0) ^ (x_4 v -x_0) ^ (x_0 v x_1 v x_2) ^ (x_0 v x_2 v -x_3) ^ (x_1 v -x_0) ^ (-x_4 v x_2) ^ (x_3 v -x_4 v -x_2) ^ (-x_1 v -x_0 v -x_3)]
5,13,0.004020214080810547,6,0.00011754035949707031,0.01633453369140625,[(x_3 v -x_2) ^ (x_2 v -x_0) ^ (x_0 v x_4 v -x_3) ^ (x_3 v x_1 v -x_4) ^ (-x_1 v -x_2 v -x_3) ^ (x_1 v x_4 v -x_0) ^ (x_1 v -x_4) ^ (x_0 v -x_1 v -x_3) ^ (x_3 v x_1 v x_0) ^ (x_0 v x_2 v -x_3) ^ (-x_1 v -x_0) ^ (-x_4 v -x_2 v -x_3) ^ (x_3 v -x_4 v x_0)]
5,13,0.0036573410034179688,1,5.8650970458984375e-05,0.02725505828857422,[(x_3 v x_4 v x_2) ^ (x_3 v -x_2) ^ (-x_1 v x_4) ^ (x_0 v x_4) ^ (x_0 v x_1 v -x_4) ^ (-x_1 v -x_4 v -x_2) ^ (x_3 v -x_4 v x_2) ^ (x_1 v x_4 v -x_0) ^ (x_0 v -x_1 v -x_3) ^ (x_0 v x_2) ^ (-x_1 v x_4 v x_2) ^ (x_1 v -x_2 v x_4) ^ (-x_4 v -x_3)]
5,13,0.003129243850708008,6,0.00010180473327636719,0.0127410888671875,[(-x_1 v -x_2) ^ (x_1 v x_2 v -x_0) ^ (x_2 v -x_0) ^ (x_1 v -x_3) ^ (-x_1 v -x_3 v -x_0) ^ (x_3 v x_4 v -x_2) ^ (-x_1) ^ (x_3 v x_2) ^ (x_3 v x_0) ^ (x_0 v x_2) ^ (x_4 v -x_3 v -x_0) ^ (x_0 v -x_4 v -x_3) ^ (x_3 v x_1 v -x_0)]
5,9,0.0027229785919189453,1,5.555152893066406e-05,0.0265960693359375,[(-x_1 v x_4 v -x_0) ^ (x_3 v x_4 v -x_0) ^ (x_3 v -x_1 v x_4) ^ (x_3 v x_1 v x_0) ^ (x_1 v -x_2 v x_4) ^ (x_3 v x_1 v x_4) ^ (x_3 v -x_1 v x_0) ^ (x_3 v -x_4 v x_0) ^ (-x_1 v -x_0 v -x_3)]
5,12,0.003322124481201172,6,0.00010824203491210938,0.014925956726074219,[(-x_1 v x_3 v -x_0) ^ (x_1 v x_2 v -x_0) ^ (x_0 v x_4) ^ (x_0 v -x_1) ^ (x_1 v -x_2 v -x_3) ^ (x_2 v -x_3 v -x_0) ^ (x_0 v -x_4 v x_3) ^ (x_0 v -x_1 v -x_2) ^ (-x_1 v x_2 v x_3) ^ (x_0 v x_1) ^ (x_4 v -x_3 v -x_0) ^ (x_3 v x_4)]
5,14,0.004055500030517578,1,8.845329284667969e-05,0.03003978729248047,[(-x_1 v -x_3) ^ (x_3 v -x_1) ^ (-x_1 v x_4) ^ (x_2 v -x_3) ^ (x_0 v -x_2 v x_4) ^ (x_3 v x_1 v -x_4) ^ (-x_4 v -x_2 v -x_0) ^ (-x_2 v x_4 v -x_3) ^ (x_0 v x_1 v x_3) ^ (x_0 v x_2) ^ (x_1 v -x_2 v x_4) ^ (x_0 v x_1) ^ (x_3 v -x_2 v -x_0) ^ (x_1 v x_4)]
5,14,0.0033202171325683594,6,5.698204040527344e-05,0.01476287841796875,[(x_4 v x_2 v -x_3) ^ (x_1 v x_2 v -x_0) ^ (x_1 v -x_2) ^ (-x_1 v x_0) ^ (x_1 v -x_2 v -x_3) ^ (-x_2 v x_4 v -x_3) ^ (x_1 v -x_4) ^ (x_3 v x_1 v x_0) ^ (x_3 v -x_4 v -x_0) ^ (-x_1 v x_3) ^ (x_1 v x_2 v -x_3) ^ (-x_1 v x_2 v -x_0) ^ (x_4 v x_2 v -x_0) ^ (x_3 v -x_4 v -x_2)]
5,12,0.0037648677825927734,1,0.00019073486328125,0.03026103973388672,[(x_4 v x_2 v -x_3) ^ (-x_1 v -x_2) ^ (x_2 v -x_0) ^ (x_1 v -x_2 v -x_3) ^ (-x_4 v -x_2) ^ (x_1 v x_4 v -x_0) ^ (-x_0 v x_1 v -x_3) ^ (-x_0 v -x_2 v -x_3) ^ (-x_1 v x_0 v -x_3) ^ (-x_1 v -x_2 v -x_0) ^ (x_0 v x_1 v -x_3) ^ (-x_1 v x_4 v -x_0)]
5,7,0.0019364356994628906,6,0.00020432472229003906,0.011810302734375,[(x_1 v x_2 v -x_0) ^ (x_0 v x_1 v -x_4) ^ (x_1 v -x_4) ^ (-x_1 v x_4 v -x_3) ^ (-x_1 v -x_4 v x_0) ^ (x_0 v x_1 v x_4) ^ (-x_1 v x_4 v -x_0)]
5,12,0.00490570068359375,1,0.00016045570373535156,0.03103923797607422,[(x_3 v x_4 v x_2) ^ (x_1 v -x_4 v -x_0) ^ (-x_1 v x_4) ^ (x_0 v x_4 v x_2) ^ (x_3 v -x_2 v x_0) ^ (x_0 v -x_1 v -x_2) ^ (x_1 v -x_4 v -x_3) ^ (x_0 v x_1 v x_3) ^ (x_1 v -x_2 v -x_0) ^ (x_3 v -x_1 v -x_2) ^ (x_0 v -x_2 v x_3) ^ (x_1 v x_4)]
5,9,0.002393484115600586,6,0.0002377033233642578,0.01447296142578125,[(-x_1 v -x_3) ^ (-x_1 v -x_4 v x_3) ^ (x_1 v -x_4 v -x_2) ^ (x_0 v -x_4 v x_3) ^ (-x_4 v -x_0) ^ (-x_1 v x_4 v -x_3) ^ (-x_1 v x_4 v x_0) ^ (-x_4 v -x_2 v -x_3) ^ (-x_2 v -x_3)]
5,13,0.0034911632537841797,1,4.076957702636719e-05,0.03067302703857422,[(x_3 v x_4 v x_2) ^ (x_3 v -x_2) ^ (x_3 v -x_0) ^ (x_1 v -x_2) ^ (-x_1 v -x_4 v -x_0) ^ (-x_1 v x_2 v x_0) ^ (-x_1 v -x_4 v -x_2) ^ (x_1 v -x_4 v -x_3) ^ (x_1 v x_2) ^ (-x_1 v -x_4 v x_0) ^ (x_1 v -x_0) ^ (x_3 v x_1 v -x_0) ^ (-x_4 v -x_3 v -x_0)]
5,5,0.0017108917236328125,6,6.556510925292969e-05,0.0142822265625,[(-x_1 v x_2 v -x_3) ^ (-x_1 v x_4 v -x_3) ^ (x_0 v x_2) ^ (-x_1 v x_4 v x_2) ^ (x_3 v -x_1 v -x_2)]
5,14,0.004188060760498047,1,7.915496826171875e-05,0.03001689910888672,[(x_1 v -x_0) ^ (x_0 v -x_1 v x_2) ^ (x_1 v -x_3) ^ (x_0 v -x_4 v -x_2) ^ (-x_4 v -x_2 v -x_0) ^ (-x_4 v x_2 v -x_3) ^ (-x_1 v -x_4 v x_0) ^ (-x_0 v -x_2 v -x_3) ^ (x_4 v x_2 v -x_0) ^ (x_3) ^ (-x_1 v -x_4 v -x_3) ^ (x_0 v x_1) ^ (-x_2 v -x_3) ^ (x_0 v x_1 v -x_2)]
5,15,0.004104137420654297,6,0.00016570091247558594,0.01647186279296875,[(x_3 v x_1 v -x_2) ^ (-x_1 v x_2 v -x_3) ^ (-x_4 v x_2 v -x_0) ^ (-x_1 v x_4 v -x_2) ^ (x_2 v -x_3 v -x_0) ^ (x_3 v x_4) ^ (-x_1 v -x_3 v -x_0) ^ (-x_1 v x_4 v -x_3) ^ (-x_4 v x_2 v -x_3) ^ (x_0 v -x_1 v -x_3) ^ (x_1 v -x_4 v x_2) ^ (-x_1 v x_2 v -x_0) ^ (-x_4 v -x_2 v -x_3) ^ (x_0 v -x_1 v -x_4) ^ (-x_1 v x_4 v -x_0)]
5,7,0.0021097660064697266,1,0.00013446807861328125,0.0301361083984375,[(-x_1 v -x_3) ^ (-x_0 v -x_3) ^ (x_0 v x_4 v x_2) ^ (x_1 v -x_2 v -x_3) ^ (-x_4 v -x_0) ^ (-x_0 v x_4 v -x_3) ^ (x_1 v x_4)]
5,6,0.0018105506896972656,6,5.793571472167969e-05,0.012812614440917969,[(-x_2 v x_4) ^ (-x_1 v x_2 v x_0) ^ (x_0 v -x_1 v -x_3) ^ (x_4 v x_2 v -x_0) ^ (-x_1 v -x_4 v -x_3) ^ (x_0 v x_3)]
5,6,0.0018939971923828125,1,4.410743713378906e-05,0.02581024169921875,[(-x_1 v -x_3 v -x_0) ^ (-x_1 v x_4 v x_3) ^ (x_2 v -x_3 v -x_0) ^ (x_1 v -x_4 v x_2) ^ (x_3 v x_4) ^ (x_0 v x_1 v x_4)]
5,12,0.003103017807006836,6,5.9604644775390625e-05,0.015444755554199219,[(x_1 v -x_2 v -x_3) ^ (x_0 v -x_2 v x_4) ^ (x_3 v x_1 v -x_4) ^ (x_1 v x_4 v -x_0) ^ (-x_0 v -x_2 v x_4) ^ (x_1 v -x_4 v x_2) ^ (-x_1 v -x_4 v x_2) ^ (-x_1 v -x_0) ^ (-x_1 v -x_4 v -x_3) ^ (x_0 v x_1) ^ (x_0 v -x_4 v -x_3) ^ (x_1 v x_4)]
5,12,0.0035288333892822266,1,4.57763671875e-05,0.02938079833984375,[(-x_1 v -x_3) ^ (x_1 v -x_4 v -x_0) ^ (x_3 v -x_4 v x_2) ^ (-x_1 v -x_2 v -x_3) ^ (-x_0 v x_1 v -x_3) ^ (x_3 v x_1) ^ (x_0 v x_2) ^ (-x_1 v x_2 v x_3) ^ (-x_1 v x_3) ^ (x_0 v -x_4 v x_2) ^ (x_3 v x_4) ^ (-x_2 v -x_3)]
5,9,0.0027010440826416016,6,6.604194641113281e-05,0.014765739440917969,[(x_2 v -x_3) ^ (x_1 v -x_2) ^ (x_0 v -x_1) ^ (x_0 v x_1 v -x_4) ^ (-x_1 v x_4 v -x_3) ^ (x_1 v x_2) ^ (x_3 v -x_2 v -x_0) ^ (-x_4 v -x_3) ^ (x_1 v x_4)]
5,14,0.003823518753051758,1,7.62939453125e-05,0.03026103973388672,[(-x_2 v -x_0) ^ (x_2 v -x_3) ^ (-x_4 v x_2 v -x_0) ^ (x_0 v x_1 v -x_4) ^ (-x_1 v -x_2 v -x_3) ^ (-x_4 v -x_2 v -x_0) ^ (x_4 v -x_0) ^ (x_1 v x_2) ^ (-x_4 v x_2 v -x_3) ^ (-x_1 v x_2 v -x_0) ^ (x_1 v -x_2 v -x_0) ^ (-x_4 v -x_2 v -x_3) ^ (x_1 v x_4 v -x_3) ^ (-x_1 v x_4 v -x_0)]
5,5,0.001695394515991211,6,0.00010156631469726562,0.0122833251953125,[(x_0 v -x_2 v -x_3) ^ (x_1 v x_4 v -x_0) ^ (x_0 v x_1 v x_2) ^ (x_1 v x_2 v -x_3) ^ (x_0 v x_2 v -x_3)]
5,11,0.003482341766357422,1,0.00013899803161621094,0.02962493896484375,[(-x_2 v x_4) ^ (x_3 v -x_1) ^ (x_3 v -x_2) ^ (-x_1 v x_4) ^ (-x_1 v -x_3 v -x_0) ^ (-x_4 v -x_2 v -x_0) ^ (x_0 v x_2) ^ (x_0 v -x_4 v -x_3) ^ (x_3 v x_1 v -x_0) ^ (-x_2 v -x_3) ^ (x_0 v x_1 v x_4)]
5,14,0.006658315658569336,6,0.0002505779266357422,0.01777172088623047,[(x_2 v -x_3) ^ (x_2 v -x_0) ^ (x_1 v -x_4 v -x_2) ^ (x_3 v -x_2 v x_0) ^ (x_0 v -x_2 v x_4) ^ (x_0 v -x_4 v -x_2) ^ (-x_1 v -x_2 v -x_3) ^ (-x_1 v -x_4) ^ (x_1 v -x_4 v -x_3) ^ (-x_0 v -x_2 v -x_3) ^ (-x_1 v -x_4 v x_2) ^ (x_0 v x_3) ^ (-x_4 v -x_3) ^ (-x_0 v -x_4 v -x_3)]
5,8,0.002650737762451172,1,0.0002694129943847656,0.02901458740234375,[(x_1 v x_2 v -x_0) ^ (x_0 v -x_2) ^ (x_1 v x_4 v -x_0) ^ (-x_2 v -x_3 v x_4) ^ (x_0 v -x_4 v x_2) ^ (x_4 v x_2) ^ (-x_2 v -x_3) ^ (-x_3)]
5,15,0.0036509037017822266,6,6.651878356933594e-05,0.014018058776855469,[(x_1 v -x_4 v -x_0) ^ (x_3 v -x_0) ^ (x_2 v -x_0) ^ (x_1 v -x_0) ^ (x_0 v x_4) ^ (-x_4 v -x_2) ^ (x_1 v x_4 v -x_0) ^ (x_0 v x_2) ^ (x_0 v x_1 v x_4) ^ (x_4 v x_2 v -x_0) ^ (-x_4 v -x_2 v -x_3) ^ (-x_4 v x_2) ^ (-x_1 v -x_2 v -x_0) ^ (x_0 v -x_2 v x_3) ^ (-x_0 v -x_4 v -x_3)]
5,6,0.002180337905883789,1,0.00013637542724609375,0.0278167724609375,[(x_1 v -x_3 v -x_0) ^ (x_3 v -x_1 v x_2) ^ (-x_4 v -x_0) ^ (x_0 v -x_4 v -x_2) ^ (-x_4 v -x_2) ^ (-x_1 v -x_4)]
5,5,0.0017962455749511719,6,6.008148193359375e-05,0.01178741455078125,[(x_3 v -x_0) ^ (-x_1 v x_2 v -x_3) ^ (x_0 v -x_4 v x_3) ^ (x_3 v x_2) ^ (-x_4 v -x_2 v -x_3)]
5,15,0.0056879520416259766,1,4.553794860839844e-05,0.03162670135498047,[(-x_1 v -x_2) ^ (x_3 v x_1 v -x_2) ^ (x_0 v x_4) ^ (x_3 v -x_2 v x_0) ^ (-x_4 v -x_0) ^ (x_1 v -x_4) ^ (x_3 v -x_4 v -x_0) ^ (x_1 v -x_4 v -x_3) ^ (x_1 v x_2) ^ (x_0 v x_2 v -x_3) ^ (-x_1 v -x_4 v -x_3) ^ (x_1 v -x_0) ^ (x_0 v -x_4) ^ (-x_2 v -x_3) ^ (x_0 v x_1 v x_4)]
5,11,0.0024673938751220703,6,5.9604644775390625e-05,0.01696014404296875,[(x_0 v x_4) ^ (x_0 v x_1 v -x_4) ^ (-x_1 v -x_2 v -x_3) ^ (x_0 v -x_1 v -x_3) ^ (-x_1 v x_4 v -x_3) ^ (-x_1 v x_2 v x_3) ^ (x_4 v x_2 v -x_0) ^ (-x_4 v -x_2 v -x_3) ^ (x_0 v -x_4 v x_2) ^ (x_3 v -x_1 v x_0) ^ (-x_2 v -x_3)]
5,14,0.004293680191040039,1,0.00010895729064941406,0.03415203094482422,[(x_1 v -x_4 v -x_0) ^ (x_0 v -x_1 v x_3) ^ (x_3 v -x_2) ^ (x_1 v -x_2) ^ (x_2 v -x_3) ^ (x_0 v -x_4 v x_2) ^ (x_3 v x_1) ^ (-x_4 v x_2 v -x_3) ^ (x_1 v -x_4 v x_2) ^ (x_3) ^ (x_3 v x_1 v x_4) ^ (x_3 v x_1 v -x_0) ^ (-x_1 v -x_2 v -x_0) ^ (x_3 v x_4 v -x_0)]
5,5,0.0015630722045898438,6,0.0001423358917236328,0.01212310791015625,[(x_0 v -x_1) ^ (x_4 v -x_0) ^ (-x_0 v x_4 v -x_3) ^ (x_3 v x_2 v x_0) ^ (x_0 v x_1 v x_4)]
5,10,0.0034508705139160156,1,4.57763671875e-05,0.02901458740234375,[(x_3 v -x_2) ^ (x_3 v x_1 v x_4) ^ (-x_0 v x_1 v -x_3) ^ (x_3 v -x_4 v -x_0) ^ (-x_4 v x_2 v -x_3) ^ (x_3 v x_0) ^ (x_0 v x_2) ^ (-x_1 v -x_4 v x_2) ^ (x_4 v -x_3) ^ (x_0 v x_1 v -x_2)]
5,9,0.003008604049682617,6,9.846687316894531e-05,0.012812614440917969,[(x_3 v -x_0) ^ (x_3 v x_4 v -x_0) ^ (x_3 v -x_2 v x_0) ^ (-x_1 v -x_4 v -x_2) ^ (-x_4 v x_2 v -x_3) ^ (-x_1 v -x_4 v x_0) ^ (x_0 v -x_4 v -x_3) ^ (x_0 v x_1 v -x_2) ^ (x_1 v x_4 v -x_3)]
5,9,0.002738475799560547,1,9.679794311523438e-05,0.02901458740234375,[(x_0 v -x_2) ^ (-x_1 v -x_4 v -x_0) ^ (x_1) ^ (x_0 v x_1 v -x_4) ^ (x_3 v x_1 v -x_4) ^ (-x_1 v -x_2 v -x_3) ^ (x_4 v -x_0) ^ (x_0 v -x_4 v -x_3) ^ (x_3 v x_1 v x_2)]
5,10,0.003387928009033203,6,0.00013637542724609375,0.014811515808105469,[(-x_1 v -x_2) ^ (-x_1 v -x_4 v x_3) ^ (x_3 v x_4 v -x_0) ^ (x_0 v -x_1) ^ (-x_1 v x_4 v -x_3) ^ (x_1 v -x_0) ^ (x_0 v -x_4 v -x_3) ^ (-x_3 v -x_0) ^ (x_0 v -x_1 v x_3) ^ (x_1 v x_4 v -x_3)]
5,13,0.0036995410919189453,1,4.8160552978515625e-05,0.03130626678466797,[(-x_2 v x_4) ^ (x_1 v x_4 v x_2) ^ (x_1 v -x_4 v -x_2) ^ (x_0 v x_4) ^ (x_3 v x_2 v -x_0) ^ (x_1 v -x_4) ^ (x_3 v -x_4 v -x_0) ^ (-x_0 v x_1 v -x_3) ^ (x_1 v -x_2 v -x_0) ^ (x_3 v -x_2 v -x_0) ^ (-x_4) ^ (x_0 v -x_1 v x_2) ^ (-x_1 v x_4 v -x_0)]
5,5,0.001589059829711914,6,8.606910705566406e-05,0.014495849609375,[(x_1 v -x_4 v -x_0) ^ (x_3 v x_2) ^ (x_1 v x_2 v -x_3) ^ (x_3) ^ (x_1 v -x_0)]
5,14,0.003973245620727539,1,4.410743713378906e-05,0.02906322479248047,[(x_1 v -x_4 v -x_0) ^ (x_0 v -x_2) ^ (-x_4 v x_2 v -x_0) ^ (x_0 v -x_4 v x_3) ^ (-x_1 v -x_2 v x_0) ^ (x_1 v -x_4) ^ (-x_0) ^ (x_1 v x_2) ^ (x_0 v x_2) ^ (x_4 v x_2 v -x_0) ^ (x_3 v x_1 v x_4) ^ (x_4 v -x_3) ^ (x_0 v x_3 v x_2) ^ (-x_1 v x_4 v -x_0)]
5,13,0.002921581268310547,6,6.151199340820312e-05,0.01753997802734375,[(x_4 v x_2 v -x_3) ^ (x_3 v x_4 v x_2) ^ (x_3 v -x_0) ^ (x_1 v -x_3) ^ (-x_1 v x_4 v x_3) ^ (x_0 v -x_4 v -x_2) ^ (x_1 v -x_4) ^ (x_0 v x_2) ^ (-x_1 v x_2 v -x_0) ^ (-x_1 v -x_0) ^ (x_3 v x_1 v x_2) ^ (x_3 v x_1 v -x_0) ^ (x_3 v x_4 v -x_0)]
5,6,0.0016093254089355469,1,7.867813110351562e-05,0.02901458740234375,[(x_0 v -x_2) ^ (-x_1 v x_4 v x_3) ^ (x_0 v -x_3) ^ (x_3 v x_4) ^ (-x_2 v -x_3) ^ (-x_4)]
5,5,0.0014328956604003906,6,5.53131103515625e-05,0.011810302734375,[(x_3 v -x_2) ^ (x_2 v -x_0) ^ (-x_1 v -x_2 v -x_3) ^ (x_4 v -x_0) ^ (-x_1 v -x_4 v -x_3)]
5,7,0.0023429393768310547,1,0.00016045570373535156,0.03076934814453125,[(x_0 v x_4 v x_2) ^ (x_4 v x_2) ^ (-x_0) ^ (x_0 v x_4 v x_3) ^ (x_0 v -x_4) ^ (x_3 v x_1 v x_2) ^ (x_3 v x_4)]
5,15,0.003618478775024414,6,4.935264587402344e-05,0.01650524139404297,[(-x_1 v -x_3) ^ (x_3 v -x_2) ^ (-x_0 v -x_3) ^ (x_3 v x_2 v -x_0) ^ (x_3 v x_1 v -x_4) ^ (x_3 v x_4 v x_0) ^ (-x_1 v -x_2 v -x_3) ^ (x_1 v x_4 v -x_0) ^ (x_0 v -x_1 v -x_3) ^ (x_3 v x_2) ^ (x_4 v -x_0) ^ (-x_2 v -x_3 v x_4) ^ (-x_1 v -x_0) ^ (x_0 v -x_1 v -x_4) ^ (x_3 v -x_4 v x_0)]
5,13,0.004174947738647461,1,8.893013000488281e-05,0.03257274627685547,[(-x_1 v -x_3) ^ (x_1 v x_4 v x_2) ^ (-x_1 v x_4) ^ (-x_1 v x_3 v x_2) ^ (-x_1 v -x_2 v x_0) ^ (x_0 v -x_2 v x_4) ^ (-x_4 v -x_2 v -x_0) ^ (-x_1 v x_4 v -x_3) ^ (-x_1 v -x_0) ^ (x_1 v -x_0) ^ (x_4 v x_2 v -x_0) ^ (-x_1 v -x_4 v -x_3) ^ (-x_1 v -x_0 v -x_3)]
5,11,0.0027523040771484375,6,6.461143493652344e-05,0.012786865234375,[(-x_1 v x_4) ^ (x_0 v -x_2) ^ (x_0 v x_4 v x_2) ^ (x_3 v -x_4 v x_2) ^ (-x_4 v -x_2 v -x_0) ^ (x_3 v x_1 v x_0) ^ (x_1 v -x_2 v x_4) ^ (-x_1 v x_2 v -x_0) ^ (-x_2 v x_4 v -x_0) ^ (x_0 v -x_4) ^ (x_0 v -x_1 v -x_4)]
5,14,0.005123138427734375,1,3.838539123535156e-05,0.02942943572998047,[(x_1 v -x_4 v -x_0) ^ (-x_1 v -x_4 v -x_0) ^ (x_3 v x_2 v -x_0) ^ (-x_1 v x_4 v x_3) ^ (x_0 v x_2 v x_3) ^ (-x_1 v -x_2 v -x_3) ^ (-x_1 v x_4 v x_0) ^ (x_0 v x_4 v x_3) ^ (x_0 v x_1) ^ (x_1 v -x_2 v -x_0) ^ (-x_1 v -x_4 v x_2) ^ (x_4 v -x_3) ^ (-x_2 v -x_3) ^ (x_0 v x_1 v x_4)]
5,6,0.0017108917236328125,6,0.0001380443572998047,0.013946533203125,[(x_3 v -x_1) ^ (x_0 v x_4 v x_2) ^ (-x_0 v x_1 v -x_3) ^ (x_3 v x_1) ^ (x_1 v -x_2 v x_4) ^ (-x_3 v -x_0)]
5,14,0.0041310787200927734,1,4.649162292480469e-05,0.03081798553466797,[(x_3 v -x_2) ^ (-x_1 v -x_4 v -x_0) ^ (x_1 v -x_0) ^ (-x_4 v -x_2) ^ (-x_1 v -x_2 v -x_3) ^ (-x_1 v -x_4) ^ (x_3 v x_1 v x_0) ^ (x_3 v x_1) ^ (x_0 v -x_2 v x_3) ^ (x_0 v x_2) ^ (x_4 v x_2 v -x_0) ^ (-x_1 v -x_0) ^ (-x_2 v -x_3) ^ (x_0 v x_1 v -x_3)]
5,5,0.002131223678588867,6,0.000118255615234375,0.0113067626953125,[(-x_1 v -x_4 v -x_0) ^ (x_1 v -x_4 v -x_3) ^ (-x_2 v x_4 v -x_0) ^ (x_0 v -x_4 v -x_3) ^ (x_0 v x_1 v x_4)]
5,9,0.0026559829711914062,1,3.933906555175781e-05,0.0297698974609375,[(x_3 v -x_2 v x_4) ^ (x_0 v -x_3) ^ (x_3 v -x_1 v -x_0) ^ (x_3 v -x_4) ^ (-x_0 v -x_2 v -x_3) ^ (x_0 v x_1) ^ (x_1 v -x_0) ^ (x_0 v -x_4 v -x_3) ^ (-x_4 v x_2)]
5,5,0.0014505386352539062,6,5.888938903808594e-05,0.012125968933105469,[(x_3 v -x_2) ^ (x_0 v x_4 v x_2) ^ (x_3 v -x_4) ^ (x_1 v x_2 v -x_3) ^ (-x_1 v x_4 v x_3)]
5,13,0.0049741268157958984,1,4.124641418457031e-05,0.03113842010498047,[(x_3 v x_4 v x_2) ^ (-x_1 v x_0) ^ (x_0 v x_4) ^ (-x_1 v -x_2 v x_0) ^ (x_0 v -x_1 v x_4) ^ (-x_1 v -x_2 v -x_3) ^ (-x_0 v x_2 v -x_3) ^ (x_1 v x_4 v -x_0) ^ (x_3 v x_0) ^ (x_0 v -x_4 v -x_3) ^ (x_0 v -x_4) ^ (x_3 v x_1 v -x_0) ^ (x_0 v x_1 v -x_3)]
5,7,0.0017740726470947266,6,6.127357482910156e-05,0.0122833251953125,[(x_3 v -x_1 v x_4) ^ (-x_1 v -x_2 v -x_3) ^ (x_1 v x_4 v -x_0) ^ (-x_0 v -x_2 v x_4) ^ (x_1 v -x_2 v -x_0) ^ (x_0 v -x_1 v -x_4) ^ (x_0 v x_1 v x_4)]
6,14,0.00934743881225586,1,4.3392181396484375e-05,0.03705120086669922,[(x_4 v x_2 v -x_3) ^ (x_0 v x_4 v x_5) ^ (-x_1 v -x_4 v -x_5) ^ (-x_1 v -x_5 v -x_2) ^ (-x_1 v x_4 v -x_2) ^ (-x_1 v -x_2) ^ (-x_5 v x_2) ^ (-x_4 v -x_2 v -x_0) ^ (x_3 v -x_4 v -x_5) ^ (-x_1 v -x_4 v -x_3) ^ (x_0 v -x_5) ^ (-x_2 v -x_3) ^ (-x_4 v -x_3 v -x_0) ^ (x_1 v x_4 v -x_3)]
6,13,0.006036996841430664,8,0.00018715858459472656,0.021366119384765625,[(x_4 v x_2 v -x_3) ^ (x_3 v x_2 v x_5) ^ (-x_2 v x_4) ^ (x_5 v -x_3 v -x_0) ^ (x_3 v x_1 v x_4) ^ (x_3 v -x_2 v x_4) ^ (x_3 v -x_4) ^ (-x_4 v x_2 v -x_3) ^ (-x_2 v -x_5 v -x_0) ^ (x_4 v x_5) ^ (-x_1 v -x_2 v x_5) ^ (-x_4 v -x_3) ^ (-x_1 v x_4 v -x_0)]
6,17,0.009851932525634766,1,0.00011849403381347656,0.035765647888183594,[(x_3 v x_4 v x_2) ^ (x_0 v x_5 v x_2) ^ (x_3 v -x_1 v x_5) ^ (x_5 v -x_0) ^ (-x_0 v x_2 v -x_3) ^ (x_3 v -x_4) ^ (x_3 v -x_4 v -x_0) ^ (-x_5 v -x_2 v x_4) ^ (x_0 v -x_5 v x_4) ^ (x_2 v x_4 v x_5) ^ (-x_1 v -x_5 v x_2) ^ (x_1 v -x_5 v -x_0) ^ (x_1 v -x_2 v -x_0) ^ (x_0 v -x_4) ^ (x_3 v x_1 v x_2) ^ (x_3 v x_2 v x_0) ^ (x_3 v x_4 v -x_0)]
6,17,0.00903463363647461,8,0.00013828277587890625,0.02089691162109375,[(x_3 v x_1 v -x_5) ^ (x_3 v -x_2) ^ (-x_1 v x_4) ^ (-x_5 v x_4) ^ (x_1 v x_5) ^ (x_0 v x_4 v -x_3) ^ (x_0 v x_1 v -x_5) ^ (x_3 v x_4 v x_5) ^ (-x_5 v x_2 v -x_3) ^ (x_3 v x_1) ^ (-x_0 v x_1 v -x_3) ^ (-x_5 v -x_2 v -x_3) ^ (-x_1 v -x_0) ^ (-x_1 v -x_4 v -x_3) ^ (-x_1 v -x_2 v -x_0) ^ (x_0 v x_1 v -x_3) ^ (-x_1 v x_4 v -x_0)]
6,16,0.008321762084960938,1,9.083747863769531e-05,0.033324241638183594,[(x_0 v x_4 v -x_3) ^ (x_0 v -x_4 v -x_2) ^ (x_3 v -x_4 v -x_5) ^ (-x_1 v x_0 v -x_3) ^ (x_1 v -x_5 v -x_0) ^ (x_1 v -x_4 v x_2) ^ (-x_1 v x_2 v -x_0) ^ (-x_4 v x_5) ^ (-x_1 v x_3) ^ (-x_5 v -x_3) ^ (x_3 v x_1 v x_4) ^ (-x_1 v -x_2 v -x_0) ^ (x_4 v x_2) ^ (x_0 v x_3 v x_2) ^ (x_1 v -x_4 v -x_5) ^ (-x_1 v -x_0 v -x_3)]
6,6,0.0035560131072998047,8,6.866455078125e-05,0.01696014404296875,[(x_3 v -x_5 v -x_0) ^ (x_3 v -x_4) ^ (x_0 v x_1 v x_2) ^ (x_1 v -x_2 v x_4) ^ (x_0 v -x_4 v -x_3) ^ (x_3 v x_1 v x_2)]
6,17,0.008363485336303711,1,4.1484832763671875e-05,0.037009239196777344,[(x_0 v -x_1 v x_3) ^ (x_3 v -x_2) ^ (x_1 v -x_3 v -x_0) ^ (x_0 v -x_4 v x_2) ^ (x_1 v -x_2 v -x_5) ^ (x_3 v -x_5 v x_4) ^ (-x_1 v x_4 v x_5) ^ (-x_4 v -x_5 v x_2) ^ (-x_1 v -x_5 v -x_3) ^ (x_0 v x_2) ^ (x_1 v -x_0) ^ (x_3 v x_1 v x_4) ^ (x_0 v x_1 v -x_3) ^ (x_1 v x_4 v -x_3) ^ (-x_4 v -x_5 v -x_3) ^ (-x_4 v -x_2 v x_5) ^ (-x_1 v x_4 v -x_0)]
6,6,0.002912282943725586,8,0.00012922286987304688,0.01727294921875,[(x_0 v -x_4 v -x_2) ^ (-x_5 v -x_3 v x_4) ^ (x_0 v x_2) ^ (x_3 v x_1 v x_2) ^ (-x_4 v x_5 v -x_3) ^ (-x_4 v -x_3)]
6,18,0.008580684661865234,1,6.580352783203125e-05,0.035521507263183594,[(x_1 v -x_4 v -x_0) ^ (-x_0 v x_5 v -x_3) ^ (x_2 v -x_3) ^ (x_0 v -x_1 v x_5) ^ (x_0 v -x_2 v x_5) ^ (-x_5 v x_2 v x_4) ^ (-x_2 v x_5 v -x_3) ^ (-x_2 v x_4 v -x_3) ^ (x_5 v -x_0) ^ (x_5 v x_2 v -x_0) ^ (-x_1 v -x_5 v x_2) ^ (x_0 v -x_4 v x_5) ^ (x_0 v -x_5 v x_4) ^ (-x_1 v -x_5 v -x_0) ^ (x_0 v -x_4) ^ (x_1 v x_4 v -x_3) ^ (x_1 v -x_4 v -x_5) ^ (-x_1 v x_4 v -x_0)]
6,9,0.004076719284057617,8,6.628036499023438e-05,0.01639556884765625,[(-x_1 v x_2 v -x_3) ^ (x_3 v x_1 v -x_4) ^ (x_1 v -x_5 v x_2) ^ (-x_1 v -x_5 v -x_0) ^ (x_0 v -x_5) ^ (-x_1 v -x_2 v x_4) ^ (-x_2 v -x_3) ^ (-x_4 v -x_2 v x_5) ^ (x_2 v x_5)]
6,6,0.004767894744873047,1,5.269050598144531e-05,0.03435516357421875,[(x_1 v -x_3 v -x_0) ^ (x_3 v x_0) ^ (-x_4 v x_5) ^ (x_4 v x_2 v -x_0) ^ (x_5 v -x_3) ^ (-x_4 v x_5 v -x_0)]
6,13,0.0060422420501708984,8,8.20159912109375e-05,0.021597862243652344,[(-x_1 v x_5 v x_0) ^ (x_1 v x_5) ^ (x_1 v -x_4 v -x_2) ^ (x_1 v -x_2 v -x_5) ^ (x_3 v x_2 v -x_0) ^ (-x_1 v -x_3 v -x_0) ^ (x_3 v -x_4 v -x_5) ^ (x_1 v -x_4) ^ (-x_4 v x_5 v -x_0) ^ (x_0 v -x_4) ^ (x_3 v -x_4 v x_5) ^ (x_3 v -x_4 v -x_2) ^ (-x_5 v x_2 v -x_0)]
6,17,0.008862018585205078,1,4.506111145019531e-05,0.034667015075683594,[(x_3 v -x_2 v x_4) ^ (x_1 v -x_3) ^ (x_3 v x_1 v -x_4) ^ (x_4 v x_5 v -x_0) ^ (x_0 v -x_4) ^ (x_1 v x_4 v -x_0) ^ (-x_1 v -x_5) ^ (x_1 v x_4 v -x_5) ^ (-x_0 v -x_4 v -x_3) ^ (-x_1 v x_5 v x_2) ^ (x_0 v x_1 v x_2) ^ (-x_1 v -x_4) ^ (-x_5 v x_2 v x_4) ^ (x_0 v -x_1 v -x_2) ^ (x_3 v x_1 v x_4) ^ (x_5 v x_4 v x_2) ^ (x_0 v -x_1 v x_3)]
6,17,0.0072672367095947266,8,6.866455078125e-05,0.02359771728515625,[(x_3 v -x_0) ^ (-x_2 v -x_0) ^ (x_0 v -x_2) ^ (x_0 v x_1 v -x_4) ^ (-x_1 v x_4 v x_5) ^ (-x_1 v -x_2 v -x_3) ^ (-x_2 v x_5 v -x_0) ^ (x_5 v -x_0) ^ (x_3 v x_1 v x_0) ^ (x_0 v -x_1 v -x_2) ^ (x_1 v -x_2 v x_5) ^ (x_0 v -x_5 v x_2) ^ (-x_1 v -x_0) ^ (x_3 v -x_1 v -x_5) ^ (-x_1 v -x_2 v -x_0) ^ (x_3 v -x_5 v x_2) ^ (-x_2 v x_5 v -x_3)]
6,10,0.005986690521240234,1,0.00017762184143066406,0.03464794158935547,[(x_0 v x_1 v -x_5) ^ (x_3 v x_4 v x_5) ^ (-x_5 v x_2 v x_4) ^ (-x_4 v -x_0) ^ (-x_5 v x_2 v -x_3) ^ (-x_1 v -x_5 v -x_3) ^ (-x_1 v -x_4 v x_5) ^ (-x_1 v x_4 v -x_3) ^ (x_1 v -x_2 v -x_0) ^ (x_3 v x_4 v -x_0)]
6,16,0.007012605667114258,8,0.00016570091247558594,0.019870758056640625,[(-x_4 v x_2) ^ (x_3 v x_4 v x_2) ^ (-x_4 v -x_5 v -x_0) ^ (x_2 v -x_3) ^ (x_3 v x_1 v x_4) ^ (-x_1 v x_2 v -x_3) ^ (x_3 v x_1 v -x_4) ^ (x_3 v -x_1 v x_4) ^ (-x_1) ^ (-x_2 v -x_3 v x_4) ^ (x_1 v -x_2 v x_5) ^ (-x_1 v -x_4 v -x_3) ^ (x_4 v x_5) ^ (-x_1 v -x_2 v x_5) ^ (x_0 v x_1 v -x_3) ^ (-x_2 v x_5)]
6,12,0.005907297134399414,1,4.482269287109375e-05,0.03601360321044922,[(-x_1 v -x_3) ^ (x_0 v x_5 v x_2) ^ (x_2 v -x_0) ^ (x_2) ^ (x_3 v x_2) ^ (x_0 v -x_1 v -x_3) ^ (x_0 v x_2) ^ (-x_1 v x_4 v x_2) ^ (x_1 v -x_5) ^ (x_0 v x_1) ^ (x_1 v x_4) ^ (x_1 v x_4 v -x_3)]
6,11,0.005002498626708984,8,5.173683166503906e-05,0.021892547607421875,[(x_3 v -x_5 v -x_0) ^ (x_1 v -x_3) ^ (x_3 v x_1 v -x_4) ^ (x_0 v -x_3) ^ (-x_2 v x_5 v -x_0) ^ (x_3 v -x_4 v -x_5) ^ (-x_1 v -x_5) ^ (x_3 v -x_2 v x_5) ^ (x_3 v -x_5) ^ (x_1 v -x_4 v x_2) ^ (x_0 v -x_1 v x_3)]
6,13,0.0066912174224853516,1,3.504753112792969e-05,0.03157329559326172,[(-x_1 v -x_2) ^ (x_2 v -x_0) ^ (x_0 v -x_5 v -x_3) ^ (x_0 v x_1 v -x_4) ^ (-x_1 v x_5 v -x_3) ^ (-x_2) ^ (-x_1 v x_4 v -x_3) ^ (x_3 v x_2) ^ (x_0 v x_2) ^ (-x_1 v x_2 v -x_0) ^ (x_0 v -x_4 v x_2) ^ (-x_1 v x_5 v x_0) ^ (x_3 v -x_4 v x_0)]
6,11,0.004885435104370117,8,7.081031799316406e-05,0.020626068115234375,[(-x_1 v x_2 v -x_3) ^ (x_0 v x_4 v -x_3) ^ (-x_0 v -x_5 v -x_3) ^ (x_0 v -x_2 v x_4) ^ (x_0 v -x_2 v -x_3) ^ (-x_1 v x_4 v -x_3) ^ (-x_1 v -x_4 v x_5) ^ (-x_1 v x_2) ^ (x_1 v -x_0) ^ (-x_4 v x_5 v -x_3) ^ (-x_1 v -x_4 v x_2)]
6,13,0.006180286407470703,1,0.00017189979553222656,0.03538036346435547,[(-x_1 v -x_4 v -x_0) ^ (-x_5 v x_2) ^ (-x_5 v -x_3 v -x_0) ^ (x_3 v x_2 v -x_0) ^ (x_0 v -x_1 v x_2) ^ (x_0) ^ (-x_1 v x_4 v x_5) ^ (x_0 v -x_2 v -x_3) ^ (-x_1 v x_4 v x_2) ^ (-x_1 v -x_0) ^ (-x_4 v -x_2 v x_5) ^ (x_4 v x_2) ^ (-x_2 v x_5)]
6,14,0.005930185317993164,8,6.937980651855469e-05,0.017391204833984375,[(x_3 v -x_1) ^ (x_1 v -x_2 v -x_5) ^ (-x_5 v x_4 v -x_3) ^ (x_0 v -x_2 v x_5) ^ (-x_1 v x_2 v x_0) ^ (x_0 v -x_2 v x_4) ^ (x_3 v -x_5 v -x_2) ^ (x_1 v -x_5 v -x_0) ^ (-x_0 v -x_2 v -x_3) ^ (x_3 v x_1 v x_5) ^ (x_0 v -x_4) ^ (-x_4 v -x_3) ^ (x_4 v x_2) ^ (x_3 v -x_4 v x_5)]
6,17,0.007944107055664062,1,2.9802322387695312e-05,0.034934043884277344,[(x_3 v x_2 v x_5) ^ (x_1 v x_2 v x_5) ^ (x_3 v -x_5 v -x_0) ^ (x_1 v -x_2) ^ (x_5 v x_2) ^ (x_1) ^ (x_0 v x_1 v -x_4) ^ (-x_0 v -x_5 v -x_3) ^ (x_0 v -x_2 v x_5) ^ (-x_1) ^ (-x_2 v -x_4 v -x_5) ^ (x_3 v -x_2 v x_5) ^ (-x_1 v x_4 v x_2) ^ (-x_0 v -x_5 v x_4) ^ (x_4 v -x_3 v -x_0) ^ (x_0 v -x_1 v -x_5) ^ (x_1 v x_4)]
6,17,0.009952783584594727,8,5.936622619628906e-05,0.01971435546875,[(-x_1 v -x_3) ^ (-x_2 v x_5) ^ (x_1 v x_2 v x_5) ^ (x_3 v x_4 v -x_0) ^ (x_1 v -x_2) ^ (x_0 v x_5 v x_2) ^ (x_0 v x_3 v x_5) ^ (-x_0 v -x_5 v -x_3) ^ (-x_1 v x_2 v x_0) ^ (x_0 v -x_2 v x_5) ^ (x_1 v -x_5 v -x_3) ^ (-x_4 v -x_2 v -x_0) ^ (-x_1 v -x_5) ^ (-x_0 v -x_2 v x_4) ^ (x_3 v -x_1 v -x_5) ^ (-x_4 v -x_3 v -x_0) ^ (x_0 v x_1 v -x_3)]
6,16,0.007046937942504883,1,4.982948303222656e-05,0.036375999450683594,[(x_5 v -x_3 v -x_0) ^ (-x_1 v -x_4 v -x_5) ^ (x_2 v -x_0) ^ (x_3 v -x_1 v x_2) ^ (-x_5 v -x_3 v -x_0) ^ (x_3 v -x_2 v x_4) ^ (x_0 v x_4) ^ (x_2 v -x_3 v -x_0) ^ (x_0 v x_1 v -x_5) ^ (-x_1 v x_4 v x_5) ^ (-x_2 v x_5 v -x_0) ^ (-x_1 v x_5 v -x_0) ^ (x_0 v -x_4 v x_5) ^ (-x_1 v -x_4 v x_0) ^ (-x_1 v -x_2 v -x_0) ^ (-x_4 v -x_3 v -x_0)]
6,14,0.006910800933837891,8,5.412101745605469e-05,0.01998138427734375,[(x_0 v x_4 v x_5) ^ (x_5 v -x_3 v -x_0) ^ (-x_0 v x_5 v -x_3) ^ (-x_5 v -x_3 v -x_0) ^ (x_1 v -x_5 v -x_3) ^ (x_4 v -x_0) ^ (x_3 v -x_2 v x_5) ^ (x_0 v x_1 v x_2) ^ (-x_2 v -x_3 v x_4) ^ (x_0 v -x_5 v x_2) ^ (-x_0 v -x_2 v -x_3) ^ (-x_4 v x_5 v -x_3) ^ (x_0 v x_1 v x_5) ^ (x_3 v x_5 v x_0)]
6,8,0.005495548248291016,1,5.125999450683594e-05,0.03352642059326172,[(x_4 v x_2 v -x_3) ^ (x_2 v -x_0) ^ (-x_1 v x_2 v -x_3) ^ (x_0 v -x_5 v -x_2) ^ (-x_2 v -x_5) ^ (-x_4 v x_2 v -x_3) ^ (x_4 v -x_3) ^ (x_1 v x_4)]
6,9,0.0044918060302734375,8,6.246566772460938e-05,0.018184661865234375,[(x_2 v -x_3) ^ (-x_2 v x_5 v -x_0) ^ (-x_4 v -x_2 v -x_3) ^ (-x_1 v -x_2 v x_4) ^ (x_1 v -x_4 v -x_3) ^ (x_0 v x_1) ^ (-x_1 v -x_3 v x_0) ^ (-x_1 v x_2 v x_5) ^ (x_5 v x_4 v x_2)]
6,16,0.007318019866943359,1,2.9802322387695312e-05,0.037177085876464844,[(x_0 v x_4 v x_5) ^ (-x_2 v x_5) ^ (-x_2 v x_4) ^ (-x_2 v -x_0) ^ (x_0 v -x_4 v -x_5) ^ (x_3 v x_2 v -x_0) ^ (x_3 v -x_1 v -x_0) ^ (x_5 v -x_0) ^ (x_3 v -x_5 v x_0) ^ (x_1 v x_2 v -x_3) ^ (-x_1 v -x_0) ^ (-x_1 v x_2 v -x_0) ^ (-x_5) ^ (x_3 v x_1 v -x_0) ^ (x_4 v x_2) ^ (-x_4 v -x_5 v -x_3)]
6,18,0.008098125457763672,8,6.699562072753906e-05,0.0200042724609375,[(x_0 v -x_1 v x_3) ^ (-x_2 v -x_5 v -x_3) ^ (x_3 v x_1 v x_4) ^ (x_3 v x_2 v -x_0) ^ (x_0 v -x_1 v x_5) ^ (x_0 v -x_2 v x_4) ^ (-x_1 v -x_4 v -x_2) ^ (x_3 v -x_4) ^ (x_0 v -x_5) ^ (-x_4 v -x_5 v x_2) ^ (-x_1 v x_2) ^ (-x_1 v x_2 v -x_0) ^ (-x_4 v x_5) ^ (x_3 v x_1 v x_5) ^ (x_3 v -x_1 v -x_5) ^ (-x_2 v x_5 v x_4) ^ (x_1 v x_4) ^ (-x_4 v -x_5 v -x_3)]
6,15,0.0074956417083740234,1,0.0001010894775390625,0.03544902801513672,[(x_3 v x_5) ^ (x_3 v x_1 v x_4) ^ (x_0 v -x_4 v x_2) ^ (x_3 v x_1 v -x_2) ^ (x_0 v x_4 v x_2) ^ (x_3 v -x_2 v x_0) ^ (-x_2 v -x_5 v -x_3) ^ (x_0 v x_2 v x_3) ^ (x_0 v -x_5) ^ (x_3 v x_2) ^ (-x_1 v -x_4 v x_0) ^ (-x_1 v -x_4 v x_2) ^ (x_1 v x_2 v -x_3) ^ (-x_1 v x_4 v x_2) ^ (-x_1 v -x_2 v x_5)]
6,9,0.004413127899169922,8,0.0001556873321533203,0.019451141357421875,[(x_4 v x_2 v -x_3) ^ (-x_0 v -x_3) ^ (x_0 v x_4 v x_2) ^ (x_3 v x_4 v x_5) ^ (-x_1 v -x_5 v x_4) ^ (x_4 v -x_0) ^ (x_1 v -x_2 v x_4) ^ (-x_4 v -x_3 v -x_0) ^ (x_3 v x_5 v x_0)]
6,15,0.007080078125,1,3.7670135498046875e-05,0.03391551971435547,[(-x_4 v -x_5 v -x_0) ^ (-x_1 v -x_4 v -x_0) ^ (-x_5 v x_2 v -x_3) ^ (x_1 v -x_4 v -x_3) ^ (x_3 v -x_2 v x_5) ^ (-x_1 v x_4 v x_2) ^ (x_0 v -x_5 v x_4) ^ (x_5 v x_1 v x_2) ^ (x_0 v x_1 v x_4) ^ (x_0 v x_1 v x_5) ^ (-x_1 v -x_2 v x_5) ^ (x_3 v x_1 v x_2) ^ (x_4 v -x_3) ^ (x_3 v -x_5 v x_2) ^ (x_3 v x_4 v -x_0)]
6,14,0.0051691532135009766,8,5.435943603515625e-05,0.020328521728515625,[(-x_0 v x_5 v -x_3) ^ (x_4 v x_5 v -x_3) ^ (x_3 v x_4 v x_0) ^ (x_0 v -x_1 v -x_4) ^ (-x_2 v x_5 v -x_0) ^ (x_3 v -x_4 v -x_5) ^ (x_1 v -x_5 v -x_0) ^ (x_0 v -x_5 v x_4) ^ (-x_1 v -x_4 v x_5) ^ (-x_2 v -x_3 v x_4) ^ (-x_1 v x_2 v -x_0) ^ (x_1 v -x_2 v -x_0) ^ (-x_0 v x_4 v -x_3) ^ (x_5 v x_4 v x_2)]
6,13,0.0062503814697265625,1,7.772445678710938e-05,0.03518199920654297,[(x_1 v -x_4 v -x_0) ^ (x_1 v x_2 v -x_0) ^ (x_3 v x_1 v -x_2) ^ (-x_4 v -x_2 v -x_3) ^ (-x_0 v x_2 v -x_3) ^ (x_1 v -x_4) ^ (x_3 v x_1) ^ (x_3 v -x_5 v x_0) ^ (-x_2 v -x_4 v -x_5) ^ (x_3 v -x_2 v x_5) ^ (x_3 v x_1 v x_5) ^ (x_1 v -x_5) ^ (x_1 v -x_2 v x_4)]
6,18,0.007408857345581055,8,0.0001709461212158203,0.019840240478515625,[(x_4 v x_2 v -x_3) ^ (x_3 v x_2 v x_5) ^ (-x_2 v -x_5 v -x_3) ^ (x_3 v -x_1 v x_2) ^ (x_0 v -x_2) ^ (-x_4 v -x_5) ^ (-x_4 v x_2 v -x_0) ^ (x_0 v x_4) ^ (-x_1 v x_2 v x_0) ^ (-x_0 v -x_2 v x_4) ^ (-x_4 v -x_5 v x_2) ^ (x_3 v x_2) ^ (-x_1 v x_4 v x_2) ^ (x_1 v x_5 v -x_0) ^ (-x_4 v x_5) ^ (x_4 v x_2 v -x_0) ^ (-x_1 v -x_2 v x_3) ^ (x_3 v -x_4 v x_0)]
6,7,0.004468202590942383,1,4.553794860839844e-05,0.03198528289794922,[(x_3 v x_1 v -x_5) ^ (x_0 v -x_4 v -x_5) ^ (x_0 v -x_2) ^ (-x_4 v x_2 v -x_0) ^ (-x_0 v -x_2 v x_4) ^ (x_3 v x_5 v -x_0) ^ (x_2 v x_5 v -x_0)]
6,18,0.008222103118896484,8,0.00017070770263671875,0.019603729248046875,[(x_3 v x_4 v x_2) ^ (x_1 v x_4 v x_2) ^ (x_1 v x_4 v x_5) ^ (x_1 v -x_5 v -x_3) ^ (-x_4 v -x_2) ^ (-x_1 v -x_5) ^ (-x_1 v -x_2 v -x_3) ^ (-x_0 v -x_2 v x_4) ^ (x_4 v -x_0) ^ (x_0 v x_4 v -x_2) ^ (-x_1 v x_2) ^ (-x_1 v -x_4 v -x_3) ^ (-x_4 v -x_2 v x_5) ^ (-x_1 v -x_2 v x_4) ^ (x_0 v -x_2 v x_3) ^ (-x_1 v x_5 v x_0) ^ (x_0 v x_1 v -x_3) ^ (x_3 v x_5 v x_0)]
6,10,0.005636692047119141,1,7.295608520507812e-05,0.03259563446044922,[(x_3 v -x_4 v x_0) ^ (x_1 v x_2 v -x_0) ^ (x_0 v x_4 v x_2) ^ (x_1 v -x_5 v x_2) ^ (x_3 v -x_5 v -x_2) ^ (-x_0 v -x_2 v x_4) ^ (x_1 v x_2 v -x_3) ^ (-x_4 v x_5 v -x_3) ^ (-x_1 v x_5 v x_0) ^ (x_0 v x_1 v x_5)]
6,11,0.005020618438720703,8,0.000118255615234375,0.021564483642578125,[(x_0) ^ (x_0 v -x_1 v x_5) ^ (-x_1 v x_5 v -x_3) ^ (-x_2 v -x_5) ^ (x_3 v -x_4) ^ (x_1 v -x_5 v -x_0) ^ (-x_1 v -x_4 v x_5) ^ (-x_1 v x_4 v -x_3) ^ (x_0 v x_2) ^ (x_4 v x_2) ^ (-x_4 v x_5 v -x_0)]
6,15,0.00714111328125,1,4.553794860839844e-05,0.03567028045654297,[(-x_4 v -x_5 v -x_0) ^ (x_1 v x_4) ^ (-x_4 v -x_0) ^ (x_3 v -x_4) ^ (x_3 v -x_4 v -x_5) ^ (-x_1 v x_5 v -x_0) ^ (-x_5 v -x_2) ^ (x_0 v -x_4) ^ (-x_1 v x_2 v x_3) ^ (-x_2 v -x_3 v x_4) ^ (x_0 v x_1) ^ (x_4 v -x_3 v -x_0) ^ (x_3 v x_1 v x_4) ^ (x_4 v -x_3) ^ (x_3 v x_2 v x_0)]
6,13,0.0068285465240478516,8,5.626678466796875e-05,0.019405364990234375,[(x_1 v -x_2 v -x_5) ^ (x_0 v x_1 v -x_5) ^ (x_0 v -x_2 v x_5) ^ (x_0 v -x_4 v -x_2) ^ (-x_1 v x_5 v -x_0) ^ (-x_4 v -x_5 v x_2) ^ (x_4 v -x_0) ^ (x_1 v -x_4) ^ (x_3 v -x_5) ^ (-x_2 v -x_3 v x_4) ^ (x_3 v x_1 v x_5) ^ (x_4 v x_2) ^ (-x_1 v x_5 v x_3)]
6,15,0.00919198989868164,1,5.245208740234375e-05,0.03623485565185547,[(x_3 v x_1 v -x_5) ^ (x_1 v x_4 v x_2) ^ (x_0 v x_5 v x_2) ^ (x_1 v x_2 v x_5) ^ (x_3 v -x_1 v x_2) ^ (-x_1 v -x_2 v x_0) ^ (x_0 v -x_1 v -x_4) ^ (-x_1 v -x_5 v x_4) ^ (x_1 v -x_4) ^ (-x_4 v -x_5 v x_2) ^ (x_0 v -x_1 v -x_2) ^ (-x_1 v -x_5 v -x_3) ^ (-x_2 v -x_3 v x_4) ^ (x_3 v x_4) ^ (x_2 v x_5)]
6,13,0.007965803146362305,8,0.00023174285888671875,0.020046234130859375,[(x_1 v x_4 v x_2) ^ (x_2 v -x_3) ^ (-x_1 v -x_4 v -x_0) ^ (x_5 v x_2) ^ (-x_1 v x_4 v x_5) ^ (x_1 v x_4 v -x_0) ^ (-x_5 v x_2 v -x_0) ^ (x_3 v -x_5) ^ (x_4 v -x_3 v -x_0) ^ (-x_1 v -x_2 v -x_0) ^ (x_3 v -x_5 v x_2) ^ (x_0 v x_1 v x_4) ^ (x_2 v x_5)]
6,16,0.007607936859130859,1,7.963180541992188e-05,0.034827232360839844,[(x_4 v x_2 v -x_3) ^ (x_0 v x_4 v x_5) ^ (-x_2 v -x_0) ^ (-x_1 v -x_5 v x_0) ^ (-x_1 v -x_4 v -x_0) ^ (x_3 v -x_2 v x_4) ^ (x_2 v -x_3 v -x_0) ^ (-x_5 v x_2 v -x_3) ^ (x_0 v -x_1 v -x_2) ^ (x_0 v x_1 v x_2) ^ (-x_2 v -x_5 v -x_0) ^ (-x_1 v x_3 v x_0) ^ (x_0 v -x_4 v x_2) ^ (x_3 v x_4) ^ (-x_4 v x_5 v -x_0) ^ (-x_1 v -x_0 v -x_3)]
6,6,0.003343343734741211,8,7.772445678710938e-05,0.01932525634765625,[(x_2 v -x_3) ^ (-x_1 v x_2 v x_0) ^ (x_1 v -x_5 v x_2) ^ (x_0 v -x_4 v x_5) ^ (-x_5 v -x_2 v -x_3) ^ (x_0 v -x_4 v x_2)]
6,9,0.005781412124633789,1,4.4345855712890625e-05,0.03283977508544922,[(-x_1 v x_5) ^ (x_1 v -x_2 v -x_3) ^ (-x_5 v x_2 v x_4) ^ (x_3 v -x_4) ^ (x_0 v x_2 v -x_3) ^ (x_4 v x_2 v -x_0) ^ (-x_1 v -x_2 v x_3) ^ (x_3 v x_4) ^ (x_1 v x_5 v -x_0)]
6,10,0.007067441940307617,8,7.796287536621094e-05,0.022274017333984375,[(-x_1 v -x_3) ^ (x_3 v x_5) ^ (x_2 v -x_0) ^ (x_1 v -x_2 v -x_5) ^ (x_4 v x_5 v -x_3) ^ (-x_1 v -x_4) ^ (-x_1 v x_3) ^ (-x_1 v -x_0) ^ (-x_1 v -x_2 v x_5) ^ (-x_2 v x_5)]
6,14,0.006822824478149414,1,4.887580871582031e-05,0.03489208221435547,[(-x_0 v -x_3) ^ (-x_4 v -x_5 v -x_0) ^ (-x_5 v x_2) ^ (x_3 v -x_0) ^ (x_0 v x_4 v -x_3) ^ (x_0 v -x_1 v x_4) ^ (x_5 v x_2 v -x_3) ^ (-x_0 v -x_2 v x_4) ^ (x_3 v x_0) ^ (-x_2 v x_4 v -x_0) ^ (x_4 v -x_3 v -x_0) ^ (-x_4 v -x_3) ^ (x_3 v x_2 v x_0) ^ (-x_2 v x_5 v -x_3)]
6,9,0.00545811653137207,8,5.936622619628906e-05,0.020832061767578125,[(-x_1 v x_5 v -x_3) ^ (-x_5 v x_2 v x_4) ^ (-x_4 v -x_5 v x_2) ^ (x_4 v -x_0) ^ (x_1 v x_2) ^ (-x_2 v -x_3 v x_4) ^ (x_1 v x_2 v -x_3) ^ (x_1 v -x_2 v x_4) ^ (x_1 v x_4 v -x_3)]
6,15,0.008762359619140625,1,3.719329833984375e-05,0.03693675994873047,[(-x_1 v x_2 v -x_3) ^ (x_1 v -x_4 v -x_2) ^ (-x_1 v x_5 v -x_3) ^ (x_3 v x_1 v -x_4) ^ (-x_1 v -x_4) ^ (-x_1 v x_5 v -x_0) ^ (x_3 v x_2) ^ (x_1 v -x_4 v x_2) ^ (-x_1 v x_2 v -x_0) ^ (x_1 v -x_0) ^ (x_3 v -x_2 v -x_0) ^ (-x_3 v -x_0) ^ (-x_4 v -x_5 v -x_3) ^ (x_0 v -x_1 v x_2) ^ (x_3 v x_5 v x_0)]
6,16,0.006700992584228516,8,4.410743713378906e-05,0.021335601806640625,[(-x_2 v x_4) ^ (-x_1 v x_4) ^ (-x_1 v x_5) ^ (x_1 v -x_2 v -x_3) ^ (x_0 v x_5) ^ (-x_4 v -x_2) ^ (-x_4 v -x_5 v x_2) ^ (-x_4 v x_2 v -x_3) ^ (-x_5 v -x_2 v x_4) ^ (x_0 v x_2) ^ (x_1 v x_2 v -x_3) ^ (x_4 v x_2 v -x_0) ^ (x_5 v x_1 v x_2) ^ (x_3 v x_1 v x_2) ^ (-x_4 v -x_3) ^ (-x_1 v x_5 v x_0)]
6,13,0.01016855239868164,1,5.507469177246094e-05,0.03391551971435547,[(x_3 v x_1 v -x_5) ^ (-x_2 v x_4) ^ (-x_1 v -x_5 v -x_2) ^ (-x_1 v x_2 v -x_3) ^ (x_1 v -x_2 v -x_3) ^ (x_0 v -x_4 v -x_2) ^ (-x_2 v -x_3 v -x_0) ^ (x_4 v -x_0) ^ (x_0 v x_2 v -x_3) ^ (x_1 v x_2 v -x_3) ^ (-x_1 v -x_4 v -x_3) ^ (x_0 v -x_4 v x_2) ^ (x_0 v x_3)]
6,15,0.008970022201538086,8,0.0001285076141357422,0.018856048583984375,[(x_0 v x_4 v x_5) ^ (-x_2 v -x_5 v -x_3) ^ (x_3 v x_1 v -x_4) ^ (x_3 v x_5 v -x_0) ^ (-x_1 v -x_4 v x_5) ^ (x_3 v -x_5) ^ (x_3 v x_1 v x_5) ^ (-x_0 v -x_5 v x_4) ^ (-x_4 v x_5 v -x_3) ^ (-x_1 v -x_4 v x_2) ^ (-x_5 v -x_3 v x_4) ^ (x_1 v x_4 v -x_3) ^ (x_3 v -x_5 v x_2) ^ (x_0 v x_1 v -x_3) ^ (-x_4 v -x_3)]
6,6,0.005179882049560547,1,3.3855438232421875e-05,0.03110027313232422,[(x_0 v -x_5 v -x_2) ^ (x_1 v -x_2 v -x_3) ^ (-x_4 v -x_2 v -x_0) ^ (-x_1 v -x_5 v -x_3) ^ (x_3 v x_0) ^ (x_3 v -x_4 v -x_0)]
6,14,0.007039785385131836,8,6.747245788574219e-05,0.020229339599609375,[(x_0 v x_4 v x_5) ^ (x_5 v -x_3 v -x_0) ^ (x_1 v x_5) ^ (x_0 v -x_5 v -x_3) ^ (x_3 v -x_5 v -x_0) ^ (-x_1 v -x_5 v x_0) ^ (x_2 v -x_0) ^ (x_1 v x_2 v -x_0) ^ (x_0 v -x_4 v -x_2) ^ (-x_0 v -x_4 v -x_3) ^ (x_1 v -x_5 v -x_0) ^ (-x_1 v x_2 v x_5) ^ (-x_1 v -x_2 v -x_0) ^ (x_3 v -x_4 v x_0)]
6,9,0.005251646041870117,1,5.078315734863281e-05,0.03247356414794922,[(x_3 v x_2 v x_5) ^ (x_0 v -x_4 v -x_2) ^ (x_3 v x_4 v x_0) ^ (-x_5 v x_2 v -x_3) ^ (-x_5 v -x_2) ^ (-x_1 v -x_4 v x_5) ^ (-x_2 v -x_3 v x_4) ^ (-x_5 v -x_3 v x_4) ^ (-x_2 v x_5 v -x_3)]
6,11,0.004787921905517578,8,0.00011897087097167969,0.019771575927734375,[(x_3 v -x_1 v -x_4) ^ (-x_0 v -x_3) ^ (x_1 v -x_4 v -x_2) ^ (-x_4 v -x_5) ^ (-x_4 v -x_2 v -x_3) ^ (-x_5) ^ (-x_1 v -x_0) ^ (x_5 v -x_3) ^ (x_0 v -x_4 v -x_3) ^ (-x_4 v -x_3) ^ (x_0 v x_3)]
6,7,0.004464149475097656,1,7.104873657226562e-05,0.03342723846435547,[(-x_1 v -x_3) ^ (x_1 v -x_2) ^ (-x_1 v x_2 v -x_3) ^ (x_3 v -x_4 v -x_0) ^ (x_3 v x_1 v x_5) ^ (-x_1 v -x_3 v x_0) ^ (-x_1 v -x_2 v -x_0)]
6,14,0.007229328155517578,8,7.009506225585938e-05,0.019992828369140625,[(-x_1 v x_4) ^ (x_0 v -x_5 v -x_3) ^ (-x_5 v x_4) ^ (x_3 v x_2 v -x_0) ^ (-x_1 v -x_3 v -x_0) ^ (x_5 v x_2 v -x_3) ^ (x_0 v x_1 v x_5) ^ (x_3 v -x_2 v x_5) ^ (x_0 v x_1 v x_2) ^ (-x_1 v x_4 v x_2) ^ (x_1 v -x_2 v -x_0) ^ (x_5 v -x_3) ^ (-x_4 v x_5 v -x_0) ^ (x_0 v -x_1 v x_2)]
6,17,0.008944034576416016,1,3.457069396972656e-05,0.035811424255371094,[(x_3 v -x_4 v x_0) ^ (x_1 v -x_5 v x_4) ^ (-x_4 v -x_0) ^ (x_0 v -x_3) ^ (-x_4 v -x_2) ^ (x_1 v -x_5 v x_2) ^ (-x_1 v -x_2 v -x_3) ^ (x_1 v -x_4) ^ (-x_1 v -x_5 v x_2) ^ (x_3 v x_5 v -x_0) ^ (x_1 v x_2) ^ (x_1 v -x_4 v -x_3) ^ (x_0 v -x_4 v -x_3) ^ (-x_1 v -x_2 v x_5) ^ (x_3 v -x_2 v -x_0) ^ (x_4 v x_2) ^ (-x_4 v -x_2 v x_5)]
6,12,0.00648188591003418,8,0.0001938343048095703,0.020233154296875,[(-x_1 v x_0) ^ (x_0) ^ (x_2 v -x_3) ^ (x_0 v x_5) ^ (x_0 v -x_5 v -x_3) ^ (x_0 v -x_4 v -x_5) ^ (x_3 v -x_4 v x_2) ^ (x_4 v x_5 v -x_0) ^ (x_2 v x_4 v x_5) ^ (-x_1 v x_5 v -x_0) ^ (-x_0 v x_4 v -x_3) ^ (-x_4 v -x_3)]
6,16,0.007235050201416016,1,4.2438507080078125e-05,0.037047386169433594,[(x_3 v -x_1) ^ (-x_1 v -x_5 v -x_2) ^ (-x_5 v x_4) ^ (x_1 v x_2 v -x_0) ^ (x_1 v -x_4 v -x_5) ^ (-x_1 v -x_4 v -x_0) ^ (-x_1 v -x_3 v -x_0) ^ (-x_5 v -x_2) ^ (x_3 v x_0) ^ (-x_2 v -x_4 v -x_5) ^ (-x_1 v -x_4 v x_0) ^ (x_0 v -x_1 v -x_2) ^ (-x_5 v -x_2 v -x_3) ^ (x_3 v x_1 v -x_0) ^ (-x_1 v -x_2 v -x_0) ^ (x_0 v x_1 v x_4)]
6,13,0.006012439727783203,8,0.00011157989501953125,0.01976776123046875,[(x_0 v x_4 v -x_3) ^ (x_0 v x_5) ^ (x_0 v x_4 v x_2) ^ (x_3 v x_4 v x_5) ^ (x_1 v -x_5 v -x_3) ^ (x_0 v -x_3) ^ (-x_1 v -x_5 v x_4) ^ (x_3 v x_0) ^ (-x_1 v x_4 v x_2) ^ (-x_2 v x_5 v x_4) ^ (x_4 v x_2) ^ (x_3 v -x_1 v -x_4) ^ (-x_2 v x_5)]
6,11,0.00544428825378418,1,4.291534423828125e-05,0.03184032440185547,[(x_1 v x_4 v x_2) ^ (-x_5 v -x_2 v -x_0) ^ (x_1 v -x_2 v -x_5) ^ (x_0 v -x_5 v -x_2) ^ (x_1 v -x_3) ^ (x_1 v -x_5 v -x_0) ^ (x_3 v -x_4 v -x_0) ^ (-x_4 v -x_5 v x_2) ^ (x_1 v -x_2 v x_5) ^ (x_3 v x_1 v x_5) ^ (x_0 v -x_2 v x_3)]
6,7,0.003145456314086914,8,6.628036499023438e-05,0.015148162841796875,[(x_1 v -x_4 v -x_2) ^ (x_0 v x_1 v -x_4) ^ (x_3 v x_4 v x_0) ^ (-x_2 v x_5 v -x_0) ^ (-x_1 v x_4 v x_0) ^ (x_0 v -x_4) ^ (-x_5 v x_4 v -x_0)]
6,10,0.005025386810302734,1,5.125999450683594e-05,0.03538036346435547,[(x_1 v x_4 v x_2) ^ (x_3 v -x_1) ^ (x_0 v x_4) ^ (x_0 v x_1 v -x_5) ^ (x_2 v x_4 v x_5) ^ (x_3 v x_1 v x_0) ^ (-x_1 v x_4 v -x_3) ^ (x_0 v x_4 v -x_2) ^ (-x_1 v -x_2 v x_5) ^ (x_1 v x_4)]
6,16,0.008508682250976562,8,9.584426879882812e-05,0.020473480224609375,[(x_3 v -x_0) ^ (-x_1 v -x_5 v -x_2) ^ (x_0 v -x_2) ^ (x_5 v x_2) ^ (x_1 v -x_2 v -x_3) ^ (x_3 v -x_5 v -x_0) ^ (x_0 v x_5) ^ (-x_1 v -x_4) ^ (-x_5 v x_2 v -x_3) ^ (-x_1 v -x_5 v -x_3) ^ (x_3 v -x_2 v x_5) ^ (-x_1 v x_2 v -x_0) ^ (x_3 v x_4) ^ (x_3 v -x_4 v -x_2) ^ (-x_1 v x_4 v x_3) ^ (x_2 v x_5)]
6,18,0.009092092514038086,1,4.792213439941406e-05,0.037535667419433594,[(x_0 v x_4 v x_5) ^ (x_3 v x_1 v -x_5) ^ (-x_1 v -x_2) ^ (x_0 v -x_4 v -x_5) ^ (-x_5 v -x_0) ^ (-x_5 v x_2) ^ (-x_0 v -x_5 v -x_3) ^ (x_3 v -x_4 v x_2) ^ (-x_1 v x_4 v x_5) ^ (x_3 v -x_4) ^ (-x_2 v x_5 v -x_0) ^ (-x_1 v -x_5 v x_4) ^ (-x_4 v -x_5 v x_2) ^ (-x_1 v -x_4 v x_0) ^ (-x_0 v -x_2 v -x_3) ^ (x_3) ^ (-x_1 v -x_3 v x_0) ^ (-x_5 v x_2 v -x_0)]
6,10,0.004369020462036133,8,7.605552673339844e-05,0.01609039306640625,[(x_1 v -x_2) ^ (x_3 v x_2 v -x_0) ^ (x_3 v -x_1 v -x_0) ^ (-x_5 v -x_2) ^ (-x_1 v x_2) ^ (x_1 v -x_4 v -x_3) ^ (x_0 v -x_5 v x_4) ^ (x_3 v x_1 v -x_0) ^ (-x_1 v -x_2 v x_5) ^ (-x_1 v -x_2 v x_3)]
6,10,0.0054285526275634766,1,4.839897155761719e-05,0.03364849090576172,[(x_3 v x_5) ^ (-x_1 v -x_4 v -x_5) ^ (-x_4 v -x_5) ^ (-x_4 v x_2 v -x_0) ^ (x_0 v x_2 v x_3) ^ (x_1 v x_4 v -x_0) ^ (x_1 v -x_4) ^ (x_3 v x_2) ^ (-x_5 v -x_3) ^ (-x_1 v -x_2 v -x_0)]
6,6,0.003147125244140625,8,0.00022602081298828125,0.017444610595703125,[(x_3 v -x_2) ^ (x_3 v -x_4 v -x_2) ^ (x_4 v x_5 v -x_0) ^ (-x_1 v x_3 v x_0) ^ (-x_5 v -x_4 v -x_2) ^ (x_0 v x_1 v -x_2)]
6,17,0.008118391036987305,1,3.62396240234375e-05,0.037299156188964844,[(x_3 v x_4 v x_2) ^ (x_3 v x_1 v x_4) ^ (x_0 v -x_4 v x_2) ^ (-x_1 v x_2 v -x_3) ^ (x_1 v -x_2 v -x_3) ^ (x_4 v x_5 v -x_3) ^ (x_0 v -x_3) ^ (x_4 v x_5 v -x_0) ^ (-x_1 v -x_5 v x_4) ^ (-x_5 v -x_2 v x_4) ^ (x_3 v -x_2 v x_5) ^ (-x_1 v -x_2 v x_5) ^ (-x_1 v -x_0) ^ (x_0 v x_2 v x_5) ^ (-x_4 v -x_2 v x_5) ^ (-x_1 v -x_2 v -x_0) ^ (-x_1 v x_4 v -x_0)]
6,11,0.006545543670654297,8,0.00018739700317382812,0.01755523681640625,[(-x_1 v x_5) ^ (-x_1 v -x_4 v x_3) ^ (x_3 v x_1 v -x_2) ^ (x_1 v -x_0) ^ (x_5 v -x_3) ^ (x_0 v x_1 v -x_4) ^ (x_1 v -x_4 v x_5) ^ (x_1 v x_4 v -x_0) ^ (-x_5 v x_2 v -x_3) ^ (-x_5 v -x_2 v -x_3) ^ (-x_1 v -x_3 v x_0)]
6,17,0.008942127227783203,1,3.600120544433594e-05,0.037169456481933594,[(x_0 v x_5 v x_3) ^ (x_1 v x_4 v x_2) ^ (x_3 v -x_0) ^ (-x_1 v -x_5 v -x_2) ^ (x_1 v -x_2) ^ (-x_4 v x_2 v -x_0) ^ (x_0 v x_1 v -x_4) ^ (x_0 v -x_2 v x_5) ^ (-x_4 v -x_2) ^ (x_1 v -x_4) ^ (x_0 v x_2 v -x_3) ^ (-x_1 v -x_0) ^ (-x_4 v -x_2 v -x_3) ^ (x_3 v x_1 v -x_0) ^ (-x_2 v -x_3) ^ (x_1 v x_4) ^ (-x_2 v x_5 v -x_3)]
6,13,0.006391048431396484,8,0.00010085105895996094,0.01950836181640625,[(x_1 v x_5) ^ (x_2 v -x_0) ^ (-x_5 v x_4) ^ (x_1 v -x_2 v -x_5) ^ (x_0 v -x_5 v -x_3) ^ (-x_1 v x_2 v x_0) ^ (x_1 v -x_5 v x_2) ^ (x_3 v -x_5 v -x_2) ^ (-x_5 v -x_2 v x_4) ^ (x_1 v x_2 v -x_3) ^ (x_5 v -x_3) ^ (x_1 v x_4 v x_5) ^ (x_1 v x_5 v -x_0)]
6,13,0.006323575973510742,1,6.771087646484375e-05,0.03671550750732422,[(x_3 v x_1 v -x_5) ^ (-x_1 v x_4) ^ (x_0 v x_1 v -x_4) ^ (-x_2 v -x_5) ^ (-x_0 v -x_4 v -x_3) ^ (x_3 v -x_5 v -x_2) ^ (x_5 v x_2 v -x_0) ^ (x_3 v -x_4 v -x_0) ^ (x_1 v -x_2 v -x_0) ^ (-x_4 v -x_2 v -x_3) ^ (-x_0 v x_4 v -x_3) ^ (x_3 v -x_4 v -x_2) ^ (x_0 v x_1 v x_5)]
6,17,0.009430170059204102,8,7.510185241699219e-05,0.021091461181640625,[(-x_1 v -x_5 v -x_2) ^ (x_0 v -x_2) ^ (x_1 v -x_5 v x_4) ^ (x_0 v -x_1 v x_4) ^ (x_1 v -x_4 v x_5) ^ (x_5 v x_2 v -x_0) ^ (x_0 v -x_2 v -x_3) ^ (-x_2 v -x_3 v -x_0) ^ (x_1 v -x_5 v -x_0) ^ (x_3 v x_1 v x_0) ^ (x_0 v x_2) ^ (x_1 v -x_4 v x_2) ^ (-x_0 v -x_5 v x_4) ^ (x_4 v -x_3) ^ (-x_1 v -x_2 v -x_0) ^ (-x_4 v -x_5 v -x_3) ^ (x_1 v x_4 v -x_3)]
6,6,0.003895282745361328,1,4.7206878662109375e-05,0.0354766845703125,[(-x_1 v -x_3) ^ (x_5 v -x_3 v -x_0) ^ (x_3 v x_2) ^ (x_0 v x_5 v -x_3) ^ (-x_1 v x_4 v x_2) ^ (x_4 v x_2)]
6,11,0.005083322525024414,8,4.2438507080078125e-05,0.018210411071777344,[(x_3 v x_1 v -x_5) ^ (x_0) ^ (x_3 v -x_4 v -x_5) ^ (x_3 v x_5 v -x_0) ^ (x_3 v -x_5) ^ (-x_2 v -x_3) ^ (-x_5 v -x_2 v -x_3) ^ (-x_4 v -x_2 v -x_3) ^ (-x_5 v x_4 v -x_0) ^ (-x_4 v -x_3 v -x_0) ^ (x_0 v x_1 v x_4)]
6,15,0.007051706314086914,1,4.00543212890625e-05,0.03477001190185547,[(x_1 v x_5) ^ (x_2 v -x_0) ^ (-x_2 v -x_5 v -x_3) ^ (-x_1 v x_2 v -x_3) ^ (x_0 v x_4 v x_2) ^ (-x_1 v -x_2 v x_3) ^ (x_1 v -x_4) ^ (x_0 v -x_1 v -x_2) ^ (-x_1 v x_4 v x_2) ^ (x_0 v -x_5 v x_2) ^ (-x_4 v -x_2 v -x_3) ^ (x_1 v x_5 v -x_3) ^ (-x_1 v -x_2 v x_4) ^ (x_4 v x_2) ^ (-x_2 v -x_3)]
6,14,0.007750749588012695,8,8.344650268554688e-05,0.019268035888671875,[(-x_0 v x_5 v -x_3) ^ (x_0 v -x_4 v -x_5) ^ (x_3 v x_5 v x_2) ^ (x_0 v x_2 v x_3) ^ (x_3 v -x_4 v -x_5) ^ (-x_1 v x_5 v -x_0) ^ (-x_1 v -x_5 v x_2) ^ (x_1 v -x_4 v -x_3) ^ (x_1 v -x_4 v x_2) ^ (-x_1 v -x_5 v -x_0) ^ (x_0 v x_1) ^ (x_3 v x_1 v -x_0) ^ (x_4 v -x_3) ^ (x_3 v -x_4 v x_5)]
6,16,0.008437633514404297,1,0.00010752677917480469,0.037543296813964844,[(-x_1 v -x_4 v x_3) ^ (-x_5 v x_4) ^ (x_0 v x_4 v -x_3) ^ (x_0 v x_5) ^ (x_2 v x_5) ^ (x_1 v -x_4 v x_5) ^ (-x_1 v -x_5) ^ (-x_0 v x_1 v -x_3) ^ (x_3 v -x_2 v -x_0) ^ (-x_1 v -x_4 v x_2) ^ (-x_1 v x_3) ^ (x_3 v x_1 v x_4) ^ (-x_2 v x_5 v x_4) ^ (x_0 v -x_1 v -x_4) ^ (-x_1 v x_4 v x_3) ^ (x_3 v x_5 v x_0)]
6,17,0.007250070571899414,8,7.2479248046875e-05,0.0216064453125,[(x_5 v -x_4 v x_2) ^ (-x_4 v -x_0) ^ (x_5 v -x_0) ^ (-x_0 v -x_2 v x_4) ^ (-x_1 v x_0 v -x_3) ^ (-x_1 v -x_5 v -x_3) ^ (x_5) ^ (-x_1 v x_4 v x_2) ^ (-x_1 v x_2 v -x_0) ^ (-x_1 v x_3) ^ (x_0 v x_1 v -x_2) ^ (-x_4 v -x_2 v x_5) ^ (-x_2 v x_5 v x_4) ^ (-x_1 v -x_2 v -x_0) ^ (x_3 v -x_4 v x_5) ^ (-x_5 v x_2 v -x_0) ^ (x_1 v x_4 v -x_3)]
6,7,0.00448918342590332,1,4.291534423828125e-05,0.03222942352294922,[(x_2 v -x_0) ^ (x_0 v x_5) ^ (-x_1 v x_5 v -x_3) ^ (x_1 v -x_5 v -x_0) ^ (-x_5 v -x_2) ^ (x_1 v x_2) ^ (x_3 v -x_1 v -x_4)]
6,18,0.008086204528808594,8,9.393692016601562e-05,0.022998809814453125,[(-x_2 v x_4) ^ (-x_5 v x_4) ^ (x_0 v -x_4 v -x_5) ^ (-x_5 v -x_0) ^ (x_1 v -x_2 v -x_3) ^ (x_0 v x_4 v -x_3) ^ (x_0 v x_5) ^ (x_0 v -x_4 v -x_2) ^ (x_5 v x_2 v -x_0) ^ (x_3 v -x_5 v x_0) ^ (x_5) ^ (-x_1 v -x_4 v x_2) ^ (x_1 v -x_2 v x_4) ^ (x_1 v x_2 v -x_3) ^ (x_0 v x_1 v -x_2) ^ (x_3 v x_1 v x_4) ^ (x_1 v x_4) ^ (-x_4 v -x_2 v x_5)]
6,6,0.003293275833129883,1,5.8650970458984375e-05,0.03477001190185547,[(x_3 v x_5 v x_2) ^ (x_2 v x_4 v x_5) ^ (-x_0 v x_1 v -x_3) ^ (-x_5 v -x_2) ^ (-x_3 v -x_0) ^ (x_5 v x_4 v x_2)]
6,11,0.010145902633666992,8,7.200241088867188e-05,0.016651153564453125,[(x_1 v x_2 v x_5) ^ (-x_4 v -x_5 v -x_0) ^ (-x_1 v -x_3 v -x_0) ^ (x_1 v -x_5 v -x_3) ^ (x_4 v x_5 v -x_0) ^ (-x_5 v x_2 v x_4) ^ (-x_4 v -x_5 v x_2) ^ (-x_1 v x_2 v -x_0) ^ (x_1 v -x_0) ^ (x_1 v x_5 v -x_3) ^ (x_3 v x_1 v x_2)]
6,12,0.00554347038269043,1,4.172325134277344e-05,0.03440380096435547,[(-x_1 v x_4) ^ (x_0) ^ (x_0 v x_4 v -x_3) ^ (x_1 v -x_5 v x_4) ^ (-x_4 v -x_5) ^ (x_0 v -x_2 v x_4) ^ (x_1) ^ (-x_0 v x_2 v -x_3) ^ (-x_4 v -x_2 v -x_0) ^ (-x_0) ^ (-x_1 v -x_2 v x_5) ^ (x_1 v x_5 v -x_0)]
6,12,0.005341768264770508,8,8.535385131835938e-05,0.023090362548828125,[(-x_1 v x_0) ^ (-x_1 v -x_2 v x_0) ^ (x_3 v x_4 v x_5) ^ (-x_1 v x_5 v -x_3) ^ (-x_1 v x_4 v x_5) ^ (x_0 v -x_1 v -x_3) ^ (x_5) ^ (-x_1 v x_3) ^ (x_3 v -x_1 v -x_2) ^ (-x_4 v x_5 v -x_3) ^ (-x_4 v -x_5 v -x_3) ^ (-x_2 v x_5)]
6,11,0.005801677703857422,1,4.410743713378906e-05,0.03693675994873047,[(x_4 v x_2 v -x_3) ^ (x_1 v x_4 v x_2) ^ (x_0 v x_5 v x_2) ^ (-x_1 v x_4) ^ (x_0 v x_3 v x_5) ^ (x_1 v -x_4 v x_5) ^ (x_3 v x_2) ^ (x_5 v x_1 v x_2) ^ (x_0 v -x_5 v x_2) ^ (x_0 v x_3) ^ (x_3 v x_1 v -x_0)]
6,11,0.00525212287902832,8,6.318092346191406e-05,0.019657135009765625,[(-x_5 v -x_0) ^ (-x_1 v x_4 v x_5) ^ (x_1 v -x_4 v x_5) ^ (-x_2 v x_5 v -x_0) ^ (-x_4 v -x_5 v x_2) ^ (x_4 v -x_0) ^ (x_0 v x_5 v -x_3) ^ (-x_1 v x_4 v -x_3) ^ (x_1 v -x_2 v x_5) ^ (-x_1 v -x_4 v -x_3) ^ (-x_1 v x_4 v -x_0)]
6,7,0.004517316818237305,1,4.172325134277344e-05,0.03052043914794922,[(-x_1 v -x_4 v -x_0) ^ (x_3 v -x_4 v x_5) ^ (-x_1 v -x_5 v -x_3) ^ (-x_1 v x_4 v x_2) ^ (x_3 v x_1 v -x_0) ^ (-x_4 v -x_3) ^ (-x_2 v x_5 v -x_3)]
6,15,0.0064487457275390625,8,0.0001308917999267578,0.020832061767578125,[(x_3 v x_4 v x_2) ^ (x_3 v x_1 v -x_5) ^ (x_3 v -x_5 v -x_0) ^ (-x_5 v x_4) ^ (x_1 v -x_3 v -x_0) ^ (x_0 v -x_5 v -x_2) ^ (x_3 v x_5 v x_2) ^ (x_4 v x_5 v -x_0) ^ (x_3 v x_2) ^ (x_0 v x_2) ^ (-x_1 v x_4 v x_0) ^ (x_0 v -x_4 v x_2) ^ (x_5 v x_4 v x_2) ^ (x_2 v x_5 v -x_0) ^ (x_0 v x_1 v x_4)]
6,8,0.004933834075927734,1,4.673004150390625e-05,0.03357219696044922,[(x_3 v x_1 v -x_5) ^ (-x_2 v x_4) ^ (x_1 v -x_3 v -x_0) ^ (x_0 v -x_2) ^ (x_3 v x_4 v x_5) ^ (-x_0 v x_2 v -x_3) ^ (x_1 v x_2 v -x_3) ^ (-x_4 v x_5 v -x_0)]
6,15,0.009798526763916016,8,0.00023603439331054688,0.022792816162109375,[(x_3 v x_5) ^ (x_0 v -x_5 v -x_3) ^ (x_3 v x_2 v -x_0) ^ (x_2 v -x_3 v -x_0) ^ (x_1 v -x_4 v x_5) ^ (-x_1 v -x_5) ^ (-x_1 v -x_2 v x_4) ^ (-x_5 v -x_2 v x_4) ^ (-x_1 v -x_5 v x_2) ^ (x_3 v -x_5) ^ (-x_1 v x_2 v -x_0) ^ (-x_4 v x_5 v -x_3) ^ (-x_4 v x_2) ^ (x_4 v x_2) ^ (-x_1 v x_4 v x_3)]
6,9,0.004769563674926758,1,5.6743621826171875e-05,0.03640270233154297,[(x_4 v x_2 v -x_3) ^ (-x_5 v -x_0) ^ (x_0 v x_1 v -x_5) ^ (x_3 v -x_4) ^ (x_3 v -x_2 v x_5) ^ (x_4 v x_5) ^ (x_3 v -x_1 v -x_2) ^ (x_0 v -x_4) ^ (-x_2 v x_5)]
6,14,0.007657766342163086,8,0.00019502639770507812,0.018650054931640625,[(-x_1 v x_4) ^ (x_2 v -x_0) ^ (-x_4 v x_2 v -x_0) ^ (-x_1) ^ (-x_4 v -x_2 v -x_0) ^ (-x_4 v -x_5 v x_2) ^ (-x_5 v -x_2 v x_4) ^ (x_3 v -x_2 v x_5) ^ (-x_1 v -x_4 v x_0) ^ (-x_4 v x_5) ^ (x_1 v -x_0) ^ (x_0 v -x_4) ^ (x_3 v x_4) ^ (-x_1 v x_4 v x_3)]
6,18,0.009456634521484375,1,0.0002601146697998047,0.037032127380371094,[(x_3 v -x_2) ^ (x_3 v -x_1) ^ (x_0 v -x_4 v -x_5) ^ (x_1 v -x_2 v -x_5) ^ (-x_4 v -x_5) ^ (x_0 v x_5) ^ (-x_1 v x_5 v -x_3) ^ (x_3 v -x_4) ^ (-x_1 v x_5 v -x_0) ^ (x_1 v -x_4 v -x_3) ^ (x_0 v -x_5 v x_3) ^ (x_1 v -x_2 v x_5) ^ (-x_1 v -x_5 v -x_0) ^ (x_0 v x_2 v x_5) ^ (-x_2 v x_5 v x_4) ^ (-x_2 v -x_3) ^ (-x_4 v -x_5 v -x_3) ^ (x_0 v x_1 v x_4)]
6,9,0.0046825408935546875,8,6.151199340820312e-05,0.01779937744140625,[(-x_2 v x_4) ^ (-x_5 v x_4) ^ (x_0 v x_1 v -x_5) ^ (-x_1 v -x_4) ^ (-x_4 v -x_5 v x_2) ^ (-x_1 v x_4 v -x_3) ^ (x_0 v -x_4 v x_5) ^ (-x_4 v x_5 v -x_3) ^ (x_3 v -x_2 v -x_0)]
7,19,0.018620014190673828,1,0.00033020973205566406,0.044066429138183594,[(x_3 v -x_6) ^ (x_0 v x_1 v x_5) ^ (x_0 v x_3 v -x_6) ^ (-x_6 v -x_5 v -x_3) ^ (x_6 v -x_2 v x_5) ^ (x_0 v x_4 v -x_2) ^ (x_3 v -x_2 v x_5) ^ (x_3 v x_2 v -x_6) ^ (-x_5 v -x_2 v -x_3) ^ (x_3 v -x_4 v x_5) ^ (x_6 v -x_0) ^ (-x_2 v x_6 v -x_5) ^ (x_6 v -x_4 v -x_3) ^ (x_0 v x_6 v -x_3) ^ (-x_1 v -x_2 v -x_0) ^ (-x_1 v -x_4 v -x_5) ^ (x_2 v -x_3) ^ (-x_1 v -x_0 v -x_6) ^ (x_0 v -x_4 v x_2)]
7,13,0.01225137710571289,12,0.00016164779663085938,0.02738189697265625,[(-x_2 v -x_5 v x_4) ^ (-x_1 v x_4) ^ (-x_5 v -x_0) ^ (x_0 v x_1 v -x_4) ^ (x_6 v -x_5 v -x_0) ^ (x_3 v -x_4) ^ (-x_4 v -x_5 v x_2) ^ (x_0 v -x_5 v x_3) ^ (x_0 v x_2) ^ (x_1 v -x_2 v x_5) ^ (x_0 v -x_5 v x_2) ^ (-x_5 v -x_3) ^ (-x_3)]
7,7,0.007567167282104492,1,4.935264587402344e-05,0.04003429412841797,[(x_6 v -x_2 v -x_3) ^ (x_1 v x_5 v -x_6) ^ (x_4 v x_5 v -x_3) ^ (x_0 v -x_6) ^ (-x_4 v x_5) ^ (x_1 v -x_6 v -x_3) ^ (-x_1 v -x_3 v -x_6)]
7,16,0.015109062194824219,12,9.799003601074219e-05,0.029460906982421875,[(x_0 v x_6 v x_1) ^ (x_6 v -x_2 v -x_0) ^ (x_3 v -x_2) ^ (-x_1 v x_4) ^ (x_0 v -x_6 v -x_3) ^ (-x_5 v -x_0) ^ (x_0 v x_6) ^ (-x_4 v x_2 v -x_0) ^ (x_3 v x_4 v -x_2) ^ (x_3 v -x_6 v -x_0) ^ (x_3 v -x_5 v -x_2) ^ (x_0 v -x_2 v -x_3) ^ (x_1 v -x_6) ^ (x_1 v -x_2 v -x_0) ^ (-x_2 v x_5 v x_4) ^ (x_0 v x_1 v -x_3)]
7,11,0.012366056442260742,1,5.459785461425781e-05,0.045409202575683594,[(x_3 v x_1 v -x_5) ^ (x_0 v -x_1 v -x_6) ^ (-x_0 v -x_5 v -x_3) ^ (x_6 v x_1 v -x_4) ^ (-x_2 v -x_5 v -x_0) ^ (-x_1 v x_6 v -x_3) ^ (x_6 v -x_4) ^ (x_1 v -x_5) ^ (x_6 v -x_4 v -x_5) ^ (x_0 v -x_4) ^ (-x_4 v -x_2 v x_5)]
7,10,0.009411096572875977,12,0.00012302398681640625,0.021881103515625,[(-x_1 v -x_6 v -x_0) ^ (-x_4 v -x_0) ^ (x_0 v -x_1 v -x_2) ^ (x_5 v x_1 v x_2) ^ (-x_1 v -x_4 v -x_3) ^ (-x_2 v x_4 v -x_0) ^ (-x_1 v -x_5 v -x_0) ^ (x_0 v -x_5) ^ (-x_2 v x_5 v x_4) ^ (x_0 v -x_1 v -x_5)]
7,20,0.01891303062438965,1,4.696846008300781e-05,0.044943809509277344,[(x_5 v -x_6) ^ (x_5 v -x_4 v x_2) ^ (x_3 v -x_1 v -x_6) ^ (-x_5 v -x_6) ^ (x_6 v -x_2 v -x_0) ^ (x_3 v -x_4 v -x_0) ^ (x_3 v x_1) ^ (x_0 v x_4 v -x_2) ^ (x_6 v x_5 v -x_0) ^ (-x_1 v -x_6 v -x_3) ^ (x_2 v x_5) ^ (x_4 v x_5 v -x_3) ^ (x_0 v x_1 v x_2) ^ (x_0 v x_4 v x_3) ^ (x_0 v x_2 v x_5) ^ (-x_5 v x_2 v -x_0) ^ (x_0 v x_6 v x_5) ^ (-x_1 v -x_4 v x_5) ^ (x_4 v x_2 v -x_0) ^ (x_3 v -x_2 v -x_0)]
7,8,0.00758814811706543,12,0.0001342296600341797,0.0229949951171875,[(x_6 v x_4 v x_2) ^ (x_3 v -x_4 v -x_5) ^ (-x_1 v x_2) ^ (-x_1 v -x_4 v x_0) ^ (x_0 v x_6 v -x_4) ^ (x_4 v x_5) ^ (-x_2 v x_5 v x_4) ^ (-x_2 v x_5 v -x_3)]
7,7,0.006772518157958984,1,4.100799560546875e-05,0.03700542449951172,[(x_0 v x_6 v x_2) ^ (-x_0 v x_4 v -x_6) ^ (x_2 v -x_3) ^ (x_3 v x_2) ^ (x_6 v -x_3 v -x_0) ^ (-x_6 v -x_5 v x_4) ^ (-x_1 v -x_2 v x_5)]
7,9,0.008345365524291992,12,7.009506225585938e-05,0.023891448974609375,[(-x_5 v x_4) ^ (x_0 v x_4 v -x_3) ^ (-x_1 v -x_4 v -x_2) ^ (-x_1 v x_4 v x_5) ^ (x_0 v x_1 v -x_6) ^ (x_6 v -x_5 v x_4) ^ (x_0 v x_6 v -x_3) ^ (x_0 v -x_4 v x_5) ^ (x_4 v x_2 v -x_0)]
7,16,0.016448020935058594,1,5.412101745605469e-05,0.044478416442871094,[(x_1 v x_4 v x_2) ^ (x_1 v -x_2) ^ (x_6 v x_1 v -x_0) ^ (x_3 v -x_2 v -x_6) ^ (x_0 v x_4 v x_2) ^ (-x_2 v x_5 v -x_6) ^ (x_3 v -x_6) ^ (-x_1 v x_5 v -x_3) ^ (x_3 v -x_4 v -x_0) ^ (-x_1 v -x_4 v x_5) ^ (x_0 v x_6 v -x_3) ^ (-x_5 v -x_2 v x_4) ^ (x_3 v x_1 v x_5) ^ (-x_5) ^ (x_3 v x_6 v -x_1) ^ (x_3 v x_4 v -x_6)]
7,15,0.013575553894042969,12,7.581710815429688e-05,0.02724456787109375,[(-x_0 v x_1 v -x_6) ^ (x_3 v x_4 v -x_0) ^ (x_0 v -x_2) ^ (-x_1 v x_2 v -x_3) ^ (x_0 v x_1 v -x_4) ^ (x_2 v -x_3 v -x_0) ^ (-x_1 v -x_5) ^ (x_6 v x_2 v -x_0) ^ (x_0 v -x_4 v x_5) ^ (-x_1 v x_6 v -x_4) ^ (x_0 v x_1 v x_5) ^ (-x_4 v -x_2 v x_5) ^ (-x_1 v -x_5 v -x_6) ^ (x_6 v x_1 v -x_5) ^ (x_0 v x_1 v -x_3)]
7,19,0.01635885238647461,1,3.719329833984375e-05,0.046011924743652344,[(x_5 v -x_3 v -x_0) ^ (x_3 v -x_1 v x_5) ^ (x_0 v -x_2 v x_5) ^ (-x_4 v -x_2 v -x_0) ^ (-x_5 v -x_2 v -x_6) ^ (x_0 v -x_5 v -x_2) ^ (-x_4 v -x_6 v -x_3) ^ (-x_1 v -x_6 v x_0) ^ (x_4 v -x_6) ^ (x_1 v -x_2 v -x_6) ^ (-x_1 v x_5 v -x_6) ^ (x_1 v x_5 v -x_3) ^ (x_0 v -x_2) ^ (-x_1 v -x_4 v -x_2) ^ (x_0 v x_1) ^ (x_3 v x_1 v x_4) ^ (-x_4 v x_2 v -x_0) ^ (x_6 v x_4 v -x_0) ^ (x_0 v -x_4 v -x_3)]
7,15,0.012945413589477539,12,0.0001556873321533203,0.02899169921875,[(x_1 v x_4 v x_2) ^ (-x_4 v -x_3 v -x_6) ^ (-x_1 v x_6 v -x_5) ^ (x_3 v -x_5 v -x_0) ^ (-x_4 v x_2 v -x_0) ^ (x_4 v x_5 v -x_3) ^ (x_1 v -x_4 v -x_6) ^ (x_0 v -x_3) ^ (x_3 v x_2) ^ (-x_4 v x_2 v -x_3) ^ (x_6 v x_2) ^ (-x_1 v -x_4 v x_2) ^ (-x_1 v -x_2 v -x_0) ^ (-x_5 v -x_4 v -x_2) ^ (x_0 v x_1 v -x_3)]
7,16,0.014481306076049805,1,7.867813110351562e-05,0.047255516052246094,[(-x_1 v -x_5 v x_0) ^ (x_4 v x_5 v -x_3) ^ (x_6 v x_1 v -x_3) ^ (x_0 v x_1 v -x_5) ^ (-x_1 v x_2 v x_0) ^ (x_1 v -x_5 v -x_3) ^ (x_4 v x_5 v -x_0) ^ (x_3 v -x_4 v -x_6) ^ (-x_4 v x_2 v -x_3) ^ (x_6 v x_1) ^ (x_1 v -x_2 v -x_6) ^ (x_6 v -x_5) ^ (x_0 v -x_4 v -x_3) ^ (-x_4 v x_2) ^ (-x_0 v x_5 v -x_6) ^ (x_1 v -x_4 v -x_6)]
7,16,0.013517141342163086,12,6.651878356933594e-05,0.02819061279296875,[(x_0 v x_6 v x_2) ^ (-x_1 v x_4) ^ (x_3 v -x_0) ^ (x_0 v x_4 v -x_3) ^ (x_3 v x_6 v x_4) ^ (-x_1 v -x_4 v -x_2) ^ (x_0 v x_1 v -x_6) ^ (-x_6 v -x_3) ^ (x_4 v x_5) ^ (-x_0 v x_2 v -x_6) ^ (-x_6 v x_4 v -x_0) ^ (-x_1 v -x_4 v x_2) ^ (-x_1 v -x_5 v -x_6) ^ (x_0 v -x_2 v x_3) ^ (x_0 v x_3 v x_2) ^ (-x_0 v -x_3 v -x_6)]
7,9,0.010517120361328125,1,5.245208740234375e-05,0.040846824645996094,[(x_0 v x_6 v x_2) ^ (-x_1 v -x_5 v -x_2) ^ (x_1 v -x_4 v -x_6) ^ (-x_0 v x_2 v -x_3) ^ (-x_1 v -x_5 v -x_3) ^ (-x_4 v x_2 v -x_3) ^ (x_1 v -x_4 v -x_3) ^ (x_0 v x_6 v -x_3) ^ (x_3 v -x_4 v x_0)]
7,14,0.012119531631469727,12,0.00010609626770019531,0.03095245361328125,[(x_2 v -x_3) ^ (x_0 v x_5) ^ (x_0 v x_6 v -x_2) ^ (-x_1 v x_4 v x_5) ^ (x_0 v x_6 v -x_1) ^ (x_0 v -x_2 v x_3) ^ (-x_4 v -x_5 v -x_6) ^ (-x_2 v -x_4 v -x_5) ^ (-x_1 v x_3 v x_0) ^ (x_3 v x_6 v -x_4) ^ (x_4 v x_5 v -x_6) ^ (x_0 v x_1 v -x_3) ^ (x_0 v x_6 v -x_5) ^ (-x_4 v -x_5 v -x_3)]
7,12,0.01495814323425293,1,5.507469177246094e-05,0.043456077575683594,[(-x_1 v -x_4 v -x_0) ^ (x_0 v x_4 v x_2) ^ (-x_2 v x_5 v -x_6) ^ (x_6 v x_2 v -x_3) ^ (-x_4 v -x_2) ^ (x_3 v -x_4) ^ (x_3 v x_6 v x_1) ^ (x_3 v -x_5 v x_0) ^ (-x_1 v x_2 v -x_6) ^ (x_6 v -x_5) ^ (-x_5 v -x_4 v -x_2) ^ (-x_2 v x_5 v -x_3)]
7,14,0.013155698776245117,12,8.606910705566406e-05,0.0264892578125,[(x_0 v x_4 v x_5) ^ (x_5 v -x_3 v -x_0) ^ (-x_1 v x_0) ^ (x_6 v -x_4 v x_5) ^ (-x_1 v -x_4 v -x_2) ^ (x_5 v -x_3 v -x_6) ^ (x_3 v -x_4 v -x_5) ^ (x_1 v x_2) ^ (x_0 v -x_4 v x_5) ^ (x_1 v -x_5 v -x_6) ^ (x_6 v x_5 v -x_0) ^ (x_3 v x_1 v x_2) ^ (-x_0 v -x_4 v -x_3) ^ (-x_1 v -x_0 v -x_3)]
7,11,0.012270212173461914,1,0.00016498565673828125,0.039717674255371094,[(-x_2 v -x_5 v x_4) ^ (x_3 v x_2 v x_5) ^ (-x_2 v x_4) ^ (x_4 v x_5 v -x_3) ^ (x_6 v -x_4 v -x_3) ^ (x_3 v x_4 v x_5) ^ (x_3 v -x_6 v -x_0) ^ (-x_1 v -x_5 v x_4) ^ (x_1 v -x_5 v x_2) ^ (-x_4 v x_2 v x_5) ^ (-x_5 v -x_4 v -x_2)]
7,13,0.012888431549072266,12,0.0003590583801269531,0.0296478271484375,[(x_1 v x_4 v x_2) ^ (x_3 v -x_1) ^ (x_0 v -x_2) ^ (-x_4 v -x_5) ^ (-x_4 v x_2 v -x_0) ^ (-x_1 v x_6 v x_0) ^ (-x_1 v -x_2 v -x_3) ^ (x_1 v -x_4 v -x_3) ^ (x_0 v x_4 v -x_6) ^ (-x_6 v -x_3 v -x_0) ^ (x_6 v -x_4 v -x_5) ^ (-x_3) ^ (x_2 v x_5 v -x_0)]
7,16,0.014544248580932617,1,0.00011515617370605469,0.044821739196777344,[(x_0 v -x_1 v -x_6) ^ (-x_1 v x_5) ^ (-x_2 v -x_5 v -x_3) ^ (x_6 v -x_5 v x_2) ^ (-x_4 v -x_2 v -x_0) ^ (x_3 v -x_4 v -x_5) ^ (-x_4 v -x_6 v -x_3) ^ (-x_1 v -x_5 v -x_3) ^ (x_6 v x_4 v -x_3) ^ (x_0 v -x_4 v x_5) ^ (-x_1 v -x_4 v x_0) ^ (x_6 v -x_5) ^ (x_1 v -x_2 v -x_0) ^ (x_6 v -x_5 v -x_2) ^ (-x_1 v x_6 v -x_3) ^ (x_3 v x_6 v -x_0)]
7,16,0.013243913650512695,12,0.0003533363342285156,0.0260467529296875,[(x_3 v x_4 v x_2) ^ (-x_1 v -x_2) ^ (-x_1 v x_4 v -x_6) ^ (-x_4 v -x_5) ^ (x_6 v -x_2) ^ (-x_2 v x_5 v -x_0) ^ (x_3 v -x_4 v -x_6) ^ (-x_1 v x_5 v -x_0) ^ (-x_1 v -x_4 v x_0) ^ (x_0 v x_2 v -x_3) ^ (x_1 v -x_2 v x_4) ^ (x_6 v x_1 v -x_5) ^ (x_4 v x_5 v -x_6) ^ (x_0 v x_6 v -x_4) ^ (-x_1 v x_5 v x_0) ^ (-x_4 v -x_6 v -x_0)]
7,19,0.016609668731689453,1,3.504753112792969e-05,0.044264793395996094,[(x_0 v x_6 v x_1) ^ (x_0 v x_4) ^ (x_3 v -x_1 v x_5) ^ (x_1 v -x_4 v x_5) ^ (x_3 v x_5 v -x_0) ^ (-x_2 v -x_3 v x_4) ^ (x_3 v x_6 v x_2) ^ (-x_1 v -x_6) ^ (x_5 v x_2 v -x_6) ^ (x_3 v x_4 v -x_6) ^ (x_3 v -x_4 v x_5) ^ (x_1 v x_4 v x_2) ^ (-x_2 v x_1 v -x_5) ^ (x_1 v -x_0) ^ (x_0 v x_1 v x_4) ^ (x_0 v -x_3) ^ (x_0 v x_5 v -x_3) ^ (x_0 v x_3) ^ (-x_1 v x_6 v -x_0)]
7,14,0.011733531951904297,12,7.867813110351562e-05,0.0254364013671875,[(x_6 v -x_2 v -x_3) ^ (x_1 v x_5 v -x_6) ^ (-x_1 v -x_4 v -x_0) ^ (x_6 v x_4 v -x_0) ^ (x_2 v -x_3 v -x_0) ^ (x_6 v x_1 v -x_4) ^ (x_3 v x_2) ^ (-x_1 v x_2 v -x_6) ^ (-x_5 v -x_2 v -x_3) ^ (-x_1 v -x_3 v -x_6) ^ (-x_0 v x_4 v -x_3) ^ (-x_4 v -x_3) ^ (x_0 v x_6 v -x_5) ^ (x_0 v x_6 v x_3)]
7,17,0.015059232711791992,1,5.6743621826171875e-05,0.041922569274902344,[(x_3 v x_4 v x_2) ^ (-x_1 v x_3 v -x_0) ^ (x_1 v -x_2) ^ (x_3 v -x_5 v -x_6) ^ (x_4 v x_2) ^ (-x_4 v -x_0) ^ (x_6 v x_1 v -x_3) ^ (-x_0 v x_2 v -x_3) ^ (x_6 v -x_2 v x_4) ^ (x_3 v -x_4) ^ (x_4 v -x_0) ^ (x_0 v x_1 v x_2) ^ (x_6 v -x_5) ^ (-x_1 v x_5 v -x_6) ^ (-x_1 v -x_2 v -x_6) ^ (x_0 v -x_1 v -x_4) ^ (-x_1 v -x_5 v x_3)]
7,8,0.008313655853271484,12,0.0001475811004638672,0.02573394775390625,[(x_5 v -x_3 v -x_0) ^ (-x_1 v -x_2) ^ (x_6 v x_4 v -x_0) ^ (-x_4 v x_5 v -x_6) ^ (-x_4 v -x_2) ^ (x_0 v x_2 v -x_3) ^ (-x_1 v -x_4 v -x_3) ^ (-x_2 v x_5 v x_4)]
7,16,0.014694690704345703,1,4.4345855712890625e-05,0.046988487243652344,[(-x_4 v x_2 v -x_6) ^ (-x_1 v -x_5 v x_0) ^ (-x_4 v -x_2 v -x_6) ^ (-x_4 v x_5 v -x_6) ^ (-x_1 v x_4 v x_5) ^ (x_3 v x_2) ^ (x_0 v -x_5 v x_4) ^ (x_1 v -x_4 v -x_3) ^ (-x_1 v -x_4 v x_0) ^ (x_0 v -x_5 v x_2) ^ (x_3 v x_6) ^ (-x_1 v x_3 v x_0) ^ (-x_1 v x_6 v -x_2) ^ (-x_4 v x_5 v -x_3) ^ (x_3 v x_4) ^ (-x_5 v x_4 v -x_0)]
7,15,0.014197111129760742,12,7.2479248046875e-05,0.0260772705078125,[(-x_2 v x_4) ^ (-x_6 v -x_0) ^ (x_3 v -x_2 v x_4) ^ (x_0 v x_6 v x_4) ^ (-x_6 v -x_5 v -x_3) ^ (-x_4 v x_2 v -x_3) ^ (x_3 v x_2 v -x_6) ^ (-x_2 v -x_5 v -x_0) ^ (x_0 v x_2) ^ (x_6 v -x_4 v x_2) ^ (x_3 v x_1 v -x_0) ^ (x_1 v x_4 v x_5) ^ (x_3 v -x_4 v x_5) ^ (x_6 v x_1 v -x_3) ^ (-x_1 v x_5 v x_3)]
7,17,0.015515327453613281,1,4.291534423828125e-05,0.047301292419433594,[(x_0 v x_4 v x_5) ^ (-x_1 v -x_5 v -x_2) ^ (x_6 v x_1 v x_4) ^ (x_3 v -x_1 v x_2) ^ (-x_5 v x_2) ^ (-x_5 v x_2 v -x_6) ^ (x_5 v -x_0) ^ (x_1 v x_4 v -x_0) ^ (-x_6 v -x_5 v -x_0) ^ (-x_4 v -x_5 v x_2) ^ (x_0 v -x_1 v -x_2) ^ (x_0 v x_1 v -x_6) ^ (x_4 v -x_6) ^ (x_6 v x_1) ^ (-x_5 v -x_3) ^ (x_4 v -x_3) ^ (x_3 v -x_1 v -x_4)]
7,12,0.01400613784790039,12,7.200241088867188e-05,0.02434539794921875,[(x_0 v x_6 v x_2) ^ (x_0 v x_6) ^ (x_3 v -x_5 v x_4) ^ (x_0 v -x_2 v x_5) ^ (-x_4 v x_5 v -x_6) ^ (-x_1 v -x_5) ^ (x_3 v -x_2 v -x_0) ^ (x_1 v -x_2 v -x_6) ^ (x_1 v x_2 v -x_3) ^ (x_1 v x_4 v x_5) ^ (-x_1 v x_4 v -x_6) ^ (x_1 v x_5 v -x_0)]
7,18,0.0190277099609375,1,0.0001361370086669922,0.047400474548339844,[(x_6 v -x_2 v -x_3) ^ (-x_1 v -x_5 v -x_2) ^ (x_2 v -x_3) ^ (x_0 v x_2 v -x_6) ^ (x_0 v x_1 v -x_4) ^ (-x_1 v x_5 v -x_3) ^ (-x_1 v x_4 v x_5) ^ (-x_6) ^ (x_3 v -x_6 v -x_0) ^ (x_0 v -x_2 v x_5) ^ (-x_4 v -x_5 v -x_6) ^ (-x_1 v x_5 v -x_0) ^ (x_0 v x_5 v -x_6) ^ (x_6 v x_5 v -x_3) ^ (x_6 v x_1) ^ (x_0 v x_6 v -x_4) ^ (x_1 v -x_5 v -x_6) ^ (x_4 v x_5)]
7,18,0.016169309616088867,12,0.00014328956604003906,0.0284881591796875,[(x_3 v x_4 v x_2) ^ (x_5 v -x_3 v -x_0) ^ (x_6 v -x_2 v -x_0) ^ (x_6 v -x_4 v x_5) ^ (x_6 v x_2 v -x_3) ^ (-x_6 v x_4 v -x_3) ^ (-x_5 v x_2 v -x_6) ^ (x_2 v -x_6) ^ (x_3 v x_6 v x_1) ^ (-x_2 v -x_3 v -x_0) ^ (x_6 v -x_2 v x_4) ^ (x_6 v x_5 v -x_3) ^ (x_5 v x_2 v -x_6) ^ (x_0 v x_1) ^ (-x_4 v x_5 v -x_3) ^ (-x_4 v -x_2 v x_5) ^ (-x_1 v x_4 v -x_6) ^ (-x_0 v -x_4 v -x_3)]
7,10,0.015095233917236328,1,7.867813110351562e-05,0.041075706481933594,[(x_3 v -x_2 v -x_6) ^ (x_0 v -x_4 v -x_5) ^ (x_0 v x_4 v -x_3) ^ (-x_1 v x_6 v x_2) ^ (-x_2 v -x_4 v -x_5) ^ (-x_4 v x_2 v -x_3) ^ (x_0 v -x_6) ^ (x_1 v -x_0) ^ (x_4 v -x_3) ^ (x_3 v -x_1 v -x_4)]
7,12,0.011204957962036133,12,9.34600830078125e-05,0.0263214111328125,[(x_1 v -x_4 v -x_0) ^ (-x_5 v -x_0) ^ (-x_4 v -x_5) ^ (x_0 v x_4 v x_2) ^ (-x_1 v -x_4 v -x_2) ^ (x_2 v -x_6) ^ (x_1 v -x_4 v -x_3) ^ (x_0 v x_1 v x_2) ^ (-x_6 v -x_5 v x_4) ^ (x_4 v x_5 v -x_6) ^ (-x_1 v x_2 v x_5) ^ (x_1 v x_4 v -x_3)]
7,17,0.016091346740722656,1,0.00010204315185546875,0.048171043395996094,[(x_0 v x_6 v x_2) ^ (x_4 v x_2 v -x_3) ^ (-x_5 v -x_3 v -x_0) ^ (x_0 v x_1 v -x_4) ^ (-x_5 v x_2 v -x_6) ^ (x_4 v x_2 v -x_6) ^ (-x_6) ^ (x_6 v -x_2 v x_5) ^ (-x_4 v -x_2) ^ (x_0 v -x_3) ^ (-x_1 v x_2) ^ (x_1 v -x_2 v -x_6) ^ (x_0 v x_6 v -x_4) ^ (-x_1 v -x_3 v x_0) ^ (-x_1 v -x_2 v -x_6) ^ (-x_3 v -x_0) ^ (x_0 v -x_5 v -x_6)]
7,18,0.015334844589233398,12,6.008148193359375e-05,0.0293731689453125,[(-x_5 v x_4) ^ (-x_1 v -x_4 v -x_0) ^ (x_3 v -x_2 v -x_6) ^ (x_6 v x_2 v -x_3) ^ (x_3 v x_1 v -x_4) ^ (x_6 v x_5 v -x_0) ^ (-x_2 v x_5 v -x_0) ^ (x_4 v x_2 v -x_6) ^ (x_6 v -x_2 v x_5) ^ (-x_1 v x_4 v -x_3) ^ (-x_4 v -x_6) ^ (x_3 v x_6 v -x_4) ^ (-x_6 v -x_5 v x_4) ^ (-x_0 v -x_5 v x_4) ^ (x_3 v -x_1 v -x_2) ^ (x_3) ^ (-x_4 v x_5 v -x_0) ^ (x_0 v x_1 v -x_3)]
7,12,0.012479543685913086,1,3.2901763916015625e-05,0.042456626892089844,[(x_6 v -x_2 v -x_3) ^ (x_3 v -x_0) ^ (x_6 v -x_0) ^ (x_1 v x_4) ^ (x_3 v x_4 v x_5) ^ (x_6 v x_1 v x_5) ^ (x_3 v -x_5) ^ (x_0 v -x_5 v x_2) ^ (x_3 v -x_6 v x_0) ^ (x_4 v -x_3) ^ (x_3 v -x_4 v x_5) ^ (-x_1 v x_4 v -x_6)]
7,18,0.015592098236083984,12,9.608268737792969e-05,0.02701568603515625,[(x_6 v -x_2 v -x_0) ^ (x_3 v x_4 v -x_0) ^ (-x_0 v -x_5 v -x_6) ^ (x_1 v -x_3) ^ (-x_2 v x_5 v -x_6) ^ (x_0 v x_2 v x_3) ^ (x_0 v -x_2 v x_5) ^ (-x_2 v -x_6) ^ (x_6 v x_2 v -x_0) ^ (-x_1 v -x_6 v x_0) ^ (-x_1 v x_2 v -x_6) ^ (x_6 v -x_5) ^ (x_2 v x_5 v -x_6) ^ (x_0 v -x_2 v -x_6) ^ (-x_4 v -x_3) ^ (-x_2 v -x_3) ^ (-x_5 v -x_4 v -x_2) ^ (x_0 v -x_1 v x_3)]
7,17,0.015429496765136719,1,5.888938903808594e-05,0.045187950134277344,[(x_0 v x_6) ^ (-x_4 v x_2 v -x_6) ^ (-x_1 v x_5 v -x_3) ^ (x_0 v -x_4 v -x_2) ^ (x_1 v x_4 v -x_6) ^ (-x_1 v -x_5 v x_4) ^ (-x_1 v -x_4) ^ (x_3 v -x_5 v -x_2) ^ (-x_4 v x_2 v -x_3) ^ (x_0 v -x_5 v x_3) ^ (x_1 v -x_2 v -x_6) ^ (-x_6 v -x_5 v x_4) ^ (x_4) ^ (x_3 v -x_1 v -x_2) ^ (-x_1 v -x_3 v -x_6) ^ (x_4 v -x_3) ^ (x_6 v x_1 v -x_3)]
7,19,0.01844501495361328,12,0.0003180503845214844,0.03072357177734375,[(-x_4 v -x_5 v -x_0) ^ (-x_6 v -x_2 v -x_0) ^ (x_3 v -x_1 v -x_6) ^ (-x_1 v -x_5 v -x_3) ^ (-x_1 v -x_5 v x_2) ^ (x_3 v x_0) ^ (-x_1 v x_5 v x_0) ^ (x_0 v -x_5 v x_2) ^ (x_6 v -x_3) ^ (x_6 v -x_5 v -x_3) ^ (x_3 v x_6 v -x_5) ^ (-x_1 v x_4 v x_5) ^ (-x_1 v x_6 v -x_4) ^ (x_0 v x_1 v x_4) ^ (x_0 v x_6 v x_5) ^ (x_3 v -x_4) ^ (-x_1 v x_2 v -x_6) ^ (x_1 v x_5 v -x_3) ^ (x_3 v -x_1 v -x_4)]
7,16,0.014619112014770508,1,3.552436828613281e-05,0.046065330505371094,[(x_5 v -x_6) ^ (x_6 v x_1 v x_4) ^ (x_1 v -x_4 v -x_2) ^ (x_1 v -x_2 v -x_3) ^ (x_3 v x_6 v x_1) ^ (x_6 v -x_5 v x_4) ^ (-x_1 v x_2) ^ (-x_0 v -x_2 v x_4) ^ (-x_1 v x_2 v -x_6) ^ (x_0 v x_2 v -x_3) ^ (-x_5 v -x_3) ^ (x_6 v -x_5) ^ (-x_6 v x_4 v -x_0) ^ (x_3 v -x_1 v -x_5) ^ (x_0 v x_1 v x_5) ^ (x_0 v -x_5 v -x_6)]
7,8,0.006822824478149414,12,0.00018906593322753906,0.0209503173828125,[(x_6 v x_5) ^ (-x_1 v -x_2) ^ (-x_1 v x_2 v -x_3) ^ (x_3 v x_2) ^ (x_6 v x_1 v -x_2) ^ (x_0 v -x_5 v x_4) ^ (-x_2 v -x_3 v x_4) ^ (x_3 v -x_4 v -x_2)]
7,11,0.009908437728881836,1,4.887580871582031e-05,0.043654441833496094,[(-x_6 v -x_2 v -x_0) ^ (-x_4 v -x_5) ^ (x_6 v x_2 v -x_3) ^ (x_6 v -x_5 v -x_0) ^ (x_1 v x_4 v -x_6) ^ (x_3 v -x_4) ^ (x_1 v x_4 v -x_0) ^ (x_6 v x_2 v -x_0) ^ (x_3 v x_2) ^ (x_0 v x_2) ^ (-x_0 v -x_6)]
7,13,0.011113643646240234,12,7.200241088867188e-05,0.021881103515625,[(x_5 v -x_6) ^ (x_6 v x_5) ^ (x_0 v -x_4 v -x_6) ^ (-x_1 v x_2 v -x_3) ^ (x_3 v x_2 v -x_0) ^ (x_0 v x_6 v -x_1) ^ (-x_1 v -x_4) ^ (-x_1 v x_4 v -x_3) ^ (x_3 v -x_5) ^ (-x_5 v -x_3) ^ (x_3 v -x_0 v -x_6) ^ (x_3 v x_4 v -x_6) ^ (x_0 v x_1 v x_4)]
7,19,0.01663827896118164,1,0.00010609626770019531,0.046278953552246094,[(-x_1 v -x_5 v -x_2) ^ (x_1 v -x_3) ^ (x_0 v -x_2 v x_5) ^ (x_6 v x_4 v -x_3) ^ (x_6 v x_1) ^ (-x_1 v -x_3 v x_0) ^ (-x_0 v -x_5 v x_4) ^ (x_2 v x_5 v -x_0) ^ (x_6 v x_1 v x_2) ^ (x_1 v x_2 v -x_0) ^ (-x_1 v -x_4) ^ (x_1 v -x_3 v -x_6) ^ (x_0 v x_1 v x_2) ^ (-x_1 v x_3 v -x_0) ^ (-x_1 v x_4) ^ (x_6 v x_4 v -x_0) ^ (x_0 v -x_3) ^ (-x_4 v -x_5 v x_2) ^ (x_6 v -x_4 v x_2)]
7,10,0.009441852569580078,12,6.747245788574219e-05,0.02292633056640625,[(-x_4 v -x_2 v x_5) ^ (x_1 v x_5 v -x_6) ^ (x_1 v -x_4 v -x_2) ^ (x_3 v -x_1 v -x_0) ^ (-x_1 v -x_4) ^ (x_6 v -x_5 v x_4) ^ (-x_1 v x_6 v -x_3) ^ (x_4 v x_2 v -x_0) ^ (x_0 v -x_4 v x_2) ^ (x_6 v x_1 v -x_3)]
7,11,0.011379718780517578,1,3.24249267578125e-05,0.044310569763183594,[(-x_0 v x_4 v -x_6) ^ (-x_5 v x_2) ^ (-x_1 v x_2 v -x_3) ^ (x_3 v -x_2 v x_4) ^ (-x_6 v -x_5 v -x_3) ^ (x_0 v x_4 v -x_6) ^ (x_1 v x_2) ^ (x_0 v x_1 v x_3) ^ (-x_1 v x_6 v -x_4) ^ (x_4 v -x_3 v -x_0) ^ (x_3 v x_5 v x_0)]
7,10,0.008348226547241211,12,5.054473876953125e-05,0.02385711669921875,[(-x_0 v -x_5 v -x_6) ^ (x_6 v -x_4 v -x_2) ^ (x_0 v x_4) ^ (-x_1 v -x_2 v -x_3) ^ (x_3 v -x_6 v -x_0) ^ (-x_1 v x_4 v -x_3) ^ (x_3 v x_5 v -x_0) ^ (x_3 v x_1 v x_5) ^ (-x_1 v x_6 v -x_0) ^ (x_1 v -x_4 v -x_6)]
7,14,0.015245437622070312,1,0.00011301040649414062,0.044211387634277344,[(x_1 v x_4 v x_2) ^ (x_0 v -x_1) ^ (-x_1 v -x_2 v x_0) ^ (x_6 v x_1 v -x_2) ^ (x_1 v -x_5 v -x_0) ^ (x_3 v -x_5 v x_0) ^ (x_3 v -x_5) ^ (x_3 v x_6 v -x_2) ^ (x_6 v -x_4 v -x_0) ^ (x_3 v x_6 v -x_0) ^ (x_1 v x_4 v -x_3) ^ (-x_4 v -x_3) ^ (x_1 v x_4) ^ (-x_6 v x_2 v -x_3)]
7,11,0.010477066040039062,12,0.00014710426330566406,0.02793121337890625,[(x_4 v x_2 v -x_3) ^ (x_1 v x_4 v x_2) ^ (x_1 v -x_2) ^ (x_4 v x_5 v -x_3) ^ (x_6 v x_2 v -x_0) ^ (x_6 v x_1 v -x_4) ^ (x_6 v x_4 v -x_3) ^ (x_4 v -x_0) ^ (x_0 v x_6 v -x_4) ^ (x_3 v x_1 v x_4) ^ (-x_1 v x_5 v x_3)]
7,19,0.018572568893432617,1,0.0002262592315673828,0.048514366149902344,[(-x_4 v -x_5 v -x_0) ^ (-x_4 v -x_0) ^ (x_0 v x_1 v x_3) ^ (x_4 v x_2) ^ (-x_5 v -x_6) ^ (x_1 v -x_4) ^ (x_6 v x_1 v x_2) ^ (-x_0 v x_6 v -x_3) ^ (x_1 v x_5 v -x_6) ^ (-x_5 v x_2) ^ (-x_1 v -x_4 v -x_2) ^ (x_1 v -x_5 v -x_0) ^ (x_1 v -x_0) ^ (x_3 v x_1 v x_4) ^ (x_3 v x_1 v -x_0) ^ (x_6 v x_5) ^ (-x_0 v -x_5 v -x_6) ^ (x_3 v x_5 v -x_6) ^ (-x_6 v x_2 v -x_3)]
7,8,0.008356332778930664,12,7.367134094238281e-05,0.02504730224609375,[(x_3 v -x_6) ^ (-x_1 v x_6 v x_4) ^ (-x_6) ^ (x_5 v -x_0) ^ (-x_2 v -x_3 v -x_0) ^ (x_3 v x_2) ^ (-x_4 v -x_2 v x_5) ^ (-x_6 v x_2 v -x_3)]
7,17,0.015288591384887695,1,3.2901763916015625e-05,0.043723106384277344,[(x_0 v -x_4 v -x_6) ^ (-x_1 v x_6 v -x_5) ^ (x_6 v x_5) ^ (x_3 v x_6 v x_4) ^ (x_0 v x_4 v -x_3) ^ (x_3 v x_2 v -x_0) ^ (x_1 v x_4 v -x_6) ^ (-x_4 v -x_2) ^ (x_6 v x_1 v -x_4) ^ (-x_1 v -x_5 v -x_3) ^ (x_4 v -x_0) ^ (x_3 v x_6 v -x_4) ^ (x_3 v -x_5) ^ (x_1 v -x_4) ^ (-x_6 v -x_5 v x_4) ^ (-x_5 v -x_3) ^ (x_0 v x_1 v -x_2)]
7,18,0.015455007553100586,12,0.00011873245239257812,0.02750396728515625,[(-x_0 v x_6 v -x_3) ^ (-x_4 v x_2 v -x_6) ^ (x_0 v -x_4 v -x_5) ^ (-x_5 v x_2) ^ (x_1 v -x_4 v -x_2) ^ (-x_1 v x_5 v -x_3) ^ (x_6 v x_1 v x_2) ^ (x_2 v x_4 v x_5) ^ (-x_5 v x_2 v -x_0) ^ (-x_1 v x_2) ^ (x_3 v x_5 v -x_6) ^ (x_0 v x_6 v -x_4) ^ (x_3 v x_1 v x_2) ^ (-x_4 v x_5 v -x_3) ^ (-x_4 v -x_2 v x_5) ^ (x_1 v x_4 v x_5) ^ (-x_4 v -x_5 v -x_3) ^ (-x_1 v -x_0 v -x_3)]
7,17,0.01549673080444336,1,0.00019812583923339844,0.045790672302246094,[(x_6) ^ (-x_1 v x_6) ^ (-x_4 v x_2 v -x_6) ^ (x_2 v -x_0) ^ (x_3 v -x_5 v -x_6) ^ (-x_4 v -x_6 v -x_3) ^ (x_5 v -x_3 v -x_6) ^ (-x_4 v -x_5 v -x_6) ^ (x_3 v x_1) ^ (x_0 v x_5 v -x_6) ^ (x_6 v x_2) ^ (x_3 v x_6 v x_5) ^ (x_0 v x_2 v -x_3) ^ (x_3 v x_1 v x_4) ^ (x_3 v x_1 v x_2) ^ (x_4 v -x_3) ^ (x_1 v -x_4 v -x_5)]
7,9,0.009265661239624023,12,0.00012159347534179688,0.0263214111328125,[(x_1 v -x_4 v -x_0) ^ (x_6 v x_4) ^ (x_0 v x_4 v -x_3) ^ (x_3 v x_6 v x_4) ^ (-x_1 v -x_5 v -x_6) ^ (x_6 v x_2) ^ (x_0 v -x_2 v -x_6) ^ (x_3 v -x_1 v x_0) ^ (x_4 v x_2)]
7,20,0.02014946937561035,1,0.00014853477478027344,0.049468040466308594,[(-x_1 v -x_5 v -x_2) ^ (-x_6 v -x_2 v -x_0) ^ (x_3 v x_5 v -x_0) ^ (x_0 v x_6 v -x_4) ^ (x_3 v x_5) ^ (x_3 v -x_4 v -x_5) ^ (x_1 v -x_4) ^ (-x_4 v x_5 v -x_3) ^ (x_3 v -x_4 v x_5) ^ (x_3 v x_2 v -x_0) ^ (x_1 v -x_5 v x_4) ^ (x_3 v -x_2) ^ (x_1 v x_5) ^ (-x_1 v -x_4 v -x_0) ^ (x_3 v -x_4 v -x_6) ^ (-x_2 v -x_3 v -x_6) ^ (x_4 v x_5) ^ (-x_1 v x_6 v x_5) ^ (-x_1 v -x_2 v x_5) ^ (x_3 v x_4)]
7,17,0.01573467254638672,12,0.00024127960205078125,0.026031494140625,[(x_0 v x_6 v x_1) ^ (-x_1 v -x_3) ^ (x_3 v x_1 v -x_5) ^ (x_0 v x_5 v x_2) ^ (x_6 v x_5) ^ (-x_5 v x_2) ^ (x_0 v x_4 v -x_3) ^ (x_3 v x_4 v x_5) ^ (x_3 v x_1 v -x_4) ^ (x_3 v -x_4 v x_2) ^ (x_0 v x_5 v -x_6) ^ (x_1 v x_4 v -x_0) ^ (x_3 v x_1) ^ (x_3 v x_5 v -x_6) ^ (-x_5 v -x_2 v -x_3) ^ (x_4 v x_2 v -x_0) ^ (-x_0 v x_2 v -x_6)]
7,16,0.014796257019042969,1,0.0004458427429199219,0.044920921325683594,[(x_0 v x_6) ^ (x_6 v x_4) ^ (x_0 v -x_2) ^ (-x_2 v x_5 v -x_6) ^ (-x_1 v x_6 v x_0) ^ (x_3 v -x_6 v -x_0) ^ (x_3 v -x_5 v -x_2) ^ (-x_6 v -x_3) ^ (-x_1 v -x_5 v x_2) ^ (-x_2 v -x_5 v -x_0) ^ (x_6 v x_2) ^ (x_0 v -x_6) ^ (x_1 v -x_6 v -x_3) ^ (-x_0 v x_4 v -x_3) ^ (x_1 v x_5 v -x_3) ^ (-x_1 v x_5 v x_0)]
7,21,0.017850875854492188,12,0.0001704692840576172,0.03057098388671875,[(x_0 v -x_6 v -x_3) ^ (x_3 v -x_6) ^ (x_1 v -x_3) ^ (x_0 v -x_6) ^ (-x_0 v x_1 v -x_6) ^ (-x_1 v -x_3) ^ (-x_5 v -x_0) ^ (-x_2 v -x_3 v -x_0) ^ (x_1 v -x_4) ^ (x_3 v x_2 v -x_6) ^ (x_0 v -x_5 v x_3) ^ (x_0 v -x_2 v x_3) ^ (-x_1 v x_6 v x_2) ^ (x_3 v x_4 v -x_2) ^ (x_1 v x_4 v -x_0) ^ (x_1 v -x_3 v -x_6) ^ (x_0 v x_1 v x_2) ^ (-x_1 v -x_4 v x_2) ^ (x_3 v x_1 v x_4) ^ (x_3 v x_2) ^ (x_3 v x_1 v x_2)]
7,12,0.012522459030151367,1,4.291534423828125e-05,0.042159080505371094,[(-x_1 v -x_5 v -x_2) ^ (x_2 v -x_0) ^ (x_4 v x_5 v -x_3) ^ (x_6 v -x_2) ^ (x_1 v -x_5 v x_2) ^ (x_3 v x_6 v x_2) ^ (-x_1 v -x_4 v x_5) ^ (x_3 v -x_2 v -x_0) ^ (x_0 v -x_5 v x_4) ^ (x_6 v x_4 v x_5) ^ (x_0 v x_2 v -x_3) ^ (-x_1 v -x_2 v x_3)]
7,20,0.019975900650024414,12,0.00035452842712402344,0.03047943115234375,[(x_3 v -x_1 v x_5) ^ (x_3 v -x_2 v x_0) ^ (x_6 v x_4 v -x_3) ^ (x_0 v -x_4 v x_5) ^ (x_3 v x_6) ^ (x_3 v -x_1 v -x_2) ^ (x_0 v x_1 v x_5) ^ (-x_1 v -x_3) ^ (x_1 v -x_3 v -x_0) ^ (-x_3 v -x_6) ^ (-x_1 v x_2 v -x_0) ^ (-x_4 v x_2) ^ (-x_0 v x_5 v -x_6) ^ (-x_1 v x_4 v -x_0) ^ (x_3 v x_1 v x_5) ^ (-x_1 v -x_2 v -x_0) ^ (x_5 v x_4 v x_2) ^ (-x_4 v x_2 v -x_6) ^ (-x_4 v x_2 v -x_0) ^ (-x_1 v -x_5)]
7,8,0.009761810302734375,1,4.7206878662109375e-05,0.037940025329589844,[(-x_1 v x_3 v -x_0) ^ (x_0 v -x_5 v -x_2) ^ (-x_4 v x_5 v -x_6) ^ (-x_1 v x_2 v x_0) ^ (x_1 v -x_5 v -x_3) ^ (x_3 v x_2) ^ (x_1 v -x_2 v -x_0) ^ (x_0 v x_1 v -x_2)]
7,8,0.009897470474243164,12,7.843971252441406e-05,0.025604248046875,[(-x_4 v -x_6 v -x_0) ^ (x_0 v -x_1 v x_5) ^ (-x_1 v -x_0) ^ (-x_4 v -x_2 v -x_3) ^ (-x_1 v -x_6 v -x_3) ^ (x_3 v x_4 v -x_6) ^ (x_6 v x_1 v -x_3) ^ (-x_1 v -x_0 v -x_3)]
7,13,0.011909961700439453,1,3.3855438232421875e-05,0.041411399841308594,[(x_0 v x_4 v x_5) ^ (x_6 v x_5) ^ (-x_4 v -x_3 v -x_6) ^ (x_0 v x_2 v -x_6) ^ (x_6 v x_2 v -x_3) ^ (x_0 v -x_5 v -x_2) ^ (x_0 v -x_2 v x_5) ^ (x_2 v -x_3 v -x_6) ^ (-x_1 v -x_5 v x_4) ^ (x_6 v x_1 v -x_2) ^ (-x_1 v x_5 v -x_6) ^ (x_4 v x_5 v -x_6) ^ (-x_1 v x_4 v x_3)]
7,14,0.011182308197021484,12,0.0001423358917236328,0.02872467041015625,[(-x_5 v -x_6) ^ (x_1 v x_4 v x_2) ^ (-x_1 v x_3 v -x_0) ^ (x_1 v x_2 v -x_0) ^ (-x_1 v x_4 v -x_2) ^ (-x_5 v x_2) ^ (-x_4 v -x_5) ^ (x_6 v -x_4 v -x_2) ^ (x_1 v -x_4) ^ (x_3 v x_2) ^ (x_0 v x_4 v -x_6) ^ (x_0 v x_1 v x_3) ^ (x_1 v -x_5 v -x_6) ^ (-x_1 v x_3 v x_0)]
7,17,0.015825986862182617,1,0.00011301040649414062,0.045302391052246094,[(x_0 v x_1 v -x_2) ^ (x_6 v -x_5 v x_2) ^ (-x_1 v x_6 v x_2) ^ (x_1) ^ (x_6 v x_4 v x_2) ^ (x_6 v -x_2) ^ (x_0 v -x_2 v x_5) ^ (x_6 v x_2 v -x_0) ^ (-x_4 v -x_5 v -x_6) ^ (-x_6 v -x_5 v -x_0) ^ (x_3 v -x_2 v x_5) ^ (x_0 v x_4 v -x_6) ^ (x_0 v -x_5 v x_4) ^ (-x_1 v x_2 v -x_0) ^ (-x_4 v x_5 v -x_3) ^ (x_1 v x_5 v -x_3) ^ (x_6 v x_1 v -x_3)]
7,12,0.011331796646118164,12,0.00016546249389648438,0.02161407470703125,[(x_0 v x_3 v -x_6) ^ (x_6 v x_4) ^ (-x_0 v -x_4 v -x_6) ^ (x_0 v x_2 v x_3) ^ (x_4 v x_5 v -x_0) ^ (-x_2 v -x_5 v -x_6) ^ (x_0 v -x_2 v -x_3) ^ (x_3 v x_1) ^ (-x_0 v -x_5 v x_4) ^ (-x_1 v x_6 v x_5) ^ (x_6 v -x_4 v -x_0) ^ (x_1 v x_4 v -x_3)]
7,19,0.01846027374267578,1,0.00014901161193847656,0.049712181091308594,[(x_1 v -x_4 v x_5) ^ (-x_4 v -x_5 v -x_6) ^ (x_6 v x_5 v x_2) ^ (x_6 v x_1) ^ (x_0 v x_6 v -x_4) ^ (-x_5 v -x_0) ^ (-x_6 v -x_5 v -x_3) ^ (x_0 v -x_5 v x_2) ^ (x_0 v -x_5) ^ (x_1 v x_4) ^ (x_6 v -x_5 v x_4) ^ (x_0 v x_6 v -x_3) ^ (x_0 v x_1 v x_2) ^ (-x_1 v x_6 v -x_4) ^ (-x_4 v x_2 v -x_6) ^ (-x_1 v -x_2 v x_0) ^ (-x_1 v x_5 v -x_3) ^ (x_0 v -x_4 v x_2) ^ (x_6 v x_2 v x_5)]
7,9,0.00977945327758789,12,7.43865966796875e-05,0.021881103515625,[(-x_1 v -x_4 v -x_5) ^ (x_3 v x_2 v -x_0) ^ (-x_5 v x_2 v -x_3) ^ (x_5) ^ (-x_5 v -x_3 v -x_6) ^ (x_4 v x_2 v -x_0) ^ (x_0 v -x_2 v -x_6) ^ (x_0 v -x_2 v x_3) ^ (x_3 v x_4 v -x_0)]
7,17,0.015278816223144531,1,4.839897155761719e-05,0.043875694274902344,[(x_5 v -x_3 v -x_0) ^ (-x_4 v -x_5 v -x_0) ^ (x_3 v -x_2 v -x_6) ^ (x_1 v x_2 v -x_0) ^ (x_6 v -x_4 v x_5) ^ (x_1 v -x_4 v -x_2) ^ (x_0 v x_1 v -x_4) ^ (x_3 v -x_5 v x_4) ^ (-x_1 v x_2 v x_0) ^ (-x_1 v -x_5 v -x_3) ^ (-x_1 v x_4 v -x_3) ^ (-x_6 v -x_2 v x_4) ^ (x_1 v -x_2 v x_5) ^ (x_6 v -x_4) ^ (x_0 v -x_5) ^ (x_3 v x_1 v -x_0) ^ (x_3 v x_4)]
7,9,0.008241415023803711,12,6.914138793945312e-05,0.024017333984375,[(x_1 v x_4 v x_2) ^ (x_3 v -x_0) ^ (x_5 v x_2) ^ (x_0 v -x_6) ^ (-x_1 v -x_0) ^ (x_1 v -x_0) ^ (-x_5 v -x_3) ^ (x_0 v -x_4 v -x_3) ^ (-x_1 v x_4 v -x_6)]
7,7,0.007171154022216797,1,5.316734313964844e-05,0.03805065155029297,[(x_3 v x_4 v x_2) ^ (x_1 v x_2 v -x_6) ^ (x_1 v x_5 v -x_6) ^ (-x_1 v x_4 v -x_3) ^ (x_6 v -x_3 v -x_0) ^ (x_1 v -x_5 v -x_6) ^ (x_0 v -x_2 v -x_6)]
7,12,0.010428667068481445,12,0.00010085105895996094,0.025852203369140625,[(-x_2 v -x_0) ^ (x_1 v x_2 v -x_0) ^ (x_0 v x_6 v x_4) ^ (x_3 v -x_1 v x_4) ^ (x_6 v x_4 v x_2) ^ (-x_1 v -x_0 v -x_6) ^ (x_1 v -x_5 v -x_0) ^ (x_0 v -x_5 v x_3) ^ (x_0 v x_2) ^ (x_3 v x_6 v x_5) ^ (x_3 v x_1 v -x_6) ^ (-x_6 v x_2 v -x_3)]
7,9,0.009431838989257812,1,8.845329284667969e-05,0.041403770446777344,[(x_5 v -x_6) ^ (x_3 v -x_5 v -x_0) ^ (-x_1 v x_4 v x_5) ^ (-x_4 v -x_2 v -x_0) ^ (-x_1 v -x_5) ^ (-x_4 v -x_5 v x_2) ^ (x_0 v -x_5 v x_2) ^ (-x_1 v x_3 v x_0) ^ (x_1 v x_4 v x_5)]
7,7,0.006260871887207031,12,5.14984130859375e-05,0.0204010009765625,[(x_0 v -x_4 v -x_5) ^ (-x_0 v -x_4 v -x_6) ^ (x_0 v -x_2 v x_5) ^ (-x_1 v x_6 v x_3) ^ (x_0 v x_6 v -x_2) ^ (x_1 v -x_4 v x_5) ^ (-x_0 v -x_5 v x_4)]
7,15,0.015226364135742188,1,7.176399230957031e-05,0.044234275817871094,[(x_6 v x_4) ^ (x_1 v -x_2 v -x_3) ^ (x_1 v x_4) ^ (x_0 v -x_1 v x_2) ^ (-x_1 v -x_2 v -x_3) ^ (-x_1 v -x_0 v -x_3) ^ (x_6 v x_5 v -x_3) ^ (x_3 v x_5 v -x_6) ^ (-x_3 v -x_0) ^ (x_3 v x_1 v x_4) ^ (-x_1 v -x_6 v -x_3) ^ (x_0 v -x_2 v x_3) ^ (-x_1 v x_6 v -x_0) ^ (x_0 v x_1 v -x_3) ^ (-x_6 v x_2 v -x_3)]
7,10,0.008466243743896484,12,8.702278137207031e-05,0.027252197265625,[(x_3 v -x_5 v -x_0) ^ (-x_4 v -x_5) ^ (x_1 v -x_5 v x_4) ^ (x_3 v x_6 v x_2) ^ (-x_2 v x_5 v -x_0) ^ (x_1 v x_2) ^ (x_3 v -x_5) ^ (x_1 v x_2 v -x_3) ^ (-x_1 v -x_2 v x_5) ^ (-x_1 v x_6 v -x_2)]
7,18,0.016698360443115234,1,5.9604644775390625e-05,0.046561241149902344,[(-x_1 v -x_3) ^ (-x_4 v -x_5 v -x_0) ^ (-x_0 v -x_5 v -x_6) ^ (x_3 v x_1 v -x_2) ^ (x_3 v x_0 v -x_6) ^ (x_4 v x_5 v -x_3) ^ (x_6 v -x_4 v x_5) ^ (-x_0 v -x_5 v -x_3) ^ (x_2 v -x_0) ^ (x_2 v -x_3 v -x_6) ^ (x_0 v x_2 v -x_6) ^ (x_0 v -x_4 v -x_2) ^ (-x_0 v x_1 v -x_3) ^ (-x_1 v -x_5 v -x_3) ^ (x_3 v -x_5 v x_0) ^ (-x_5 v -x_3 v -x_6) ^ (-x_1 v x_4 v x_0) ^ (x_3 v -x_2 v -x_0)]
7,20,0.01837611198425293,12,0.00027370452880859375,0.02820587158203125,[(x_1 v x_2 v -x_6) ^ (x_0 v -x_2 v x_5) ^ (-x_4 v -x_2 v x_5) ^ (x_3 v -x_1 v x_0) ^ (-x_1 v -x_3) ^ (x_3 v x_6 v x_1) ^ (x_3 v x_1) ^ (-x_0 v -x_6) ^ (-x_1 v x_3) ^ (x_5 v -x_3) ^ (-x_4 v x_2) ^ (x_1 v x_4 v x_2) ^ (-x_2 v -x_5 v -x_0) ^ (x_0 v x_1 v x_2) ^ (-x_1 v x_6 v -x_4) ^ (x_0 v x_2 v x_5) ^ (-x_5 v x_2 v -x_0) ^ (x_0 v x_4 v x_5) ^ (x_0 v x_2 v -x_3) ^ (-x_1 v x_6 v -x_0)]
7,9,0.008666276931762695,1,0.00010395050048828125,0.040625572204589844,[(-x_5 v x_4 v -x_3) ^ (x_0 v x_4 v -x_3) ^ (-x_4 v -x_0) ^ (x_3 v x_1 v x_0) ^ (x_3 v -x_5) ^ (-x_1 v x_6 v -x_4) ^ (x_0 v -x_5) ^ (x_3 v x_4) ^ (x_2 v x_5 v -x_0)]
7,20,0.017567873001098633,12,0.000244140625,0.0290985107421875,[(-x_1 v x_6 v x_0) ^ (x_6 v x_5 v -x_3) ^ (-x_2 v -x_3 v x_4) ^ (x_3 v x_6 v -x_2) ^ (x_3 v -x_1 v -x_2) ^ (-x_1 v -x_4 v x_3) ^ (x_1 v -x_5 v -x_3) ^ (x_3 v -x_4 v -x_5) ^ (-x_1 v -x_5 v -x_0) ^ (-x_6 v -x_5 v x_4) ^ (-x_4 v x_2) ^ (x_3 v x_4 v -x_6) ^ (x_6 v x_1 v x_2) ^ (-x_1 v x_2) ^ (-x_1 v x_6 v -x_4) ^ (-x_1 v -x_2 v x_4) ^ (x_3 v -x_2) ^ (-x_1 v x_6 v -x_5) ^ (x_3 v x_5 v -x_6) ^ (x_4 v -x_3 v -x_0)]
7,12,0.011954545974731445,1,4.220008850097656e-05,0.043990135192871094,[(x_1 v x_2 v -x_6) ^ (-x_2 v -x_0) ^ (x_0 v -x_4 v -x_5) ^ (-x_2 v x_4) ^ (-x_4 v x_5 v -x_6) ^ (x_1 v -x_5 v x_2) ^ (x_3 v -x_4 v -x_6) ^ (x_2 v -x_6) ^ (x_3 v x_2 v -x_6) ^ (x_3 v -x_2 v x_5) ^ (x_3 v x_6 v x_5) ^ (-x_1 v -x_4 v -x_3)]
7,12,0.012099504470825195,12,0.00012302398681640625,0.02434539794921875,[(x_0 v x_1 v -x_4) ^ (x_4 v x_5 v -x_0) ^ (x_1 v x_4 v -x_6) ^ (x_3 v x_2) ^ (-x_1 v x_2) ^ (x_3 v -x_4 v -x_0) ^ (x_1 v -x_2 v x_5) ^ (-x_5 v -x_2 v -x_3) ^ (-x_1 v x_2 v -x_0) ^ (x_4 v x_5 v -x_6) ^ (x_3 v x_1 v x_4) ^ (x_0 v x_6 v -x_5)]
7,20,0.017514705657958984,1,0.0001404285430908203,0.047438621520996094,[(x_5 v -x_3 v -x_0) ^ (x_6 v x_1) ^ (x_6 v x_5 v x_2) ^ (-x_1 v x_6 v -x_3) ^ (-x_1 v -x_3) ^ (-x_1 v -x_5 v x_4) ^ (x_3 v -x_4 v -x_5) ^ (x_0 v -x_5 v x_3) ^ (-x_6 v -x_5 v x_4) ^ (-x_4 v x_5 v -x_3) ^ (-x_4 v x_2) ^ (x_3 v -x_4 v x_5) ^ (x_0 v x_1 v -x_2) ^ (x_1 v x_4 v x_2) ^ (x_2 v -x_0) ^ (x_3 v x_6 v -x_5) ^ (x_1 v -x_5 v -x_0) ^ (-x_4 v x_5 v -x_0) ^ (-x_1 v x_4) ^ (x_0 v x_6 v x_5)]
7,7,0.007904052734375,12,0.0001251697540283203,0.0196380615234375,[(x_6 v -x_2 v -x_0) ^ (-x_1 v -x_5 v -x_2) ^ (x_0 v -x_5 v -x_3) ^ (x_6 v -x_4 v -x_3) ^ (x_0 v x_6 v x_5) ^ (-x_4 v x_5) ^ (x_4 v x_2 v -x_0)]
7,20,0.018106937408447266,1,5.221366882324219e-05,0.047377586364746094,[(x_0 v -x_6 v -x_3) ^ (x_6 v x_2 v -x_3) ^ (-x_4 v x_2 v -x_3) ^ (-x_1 v -x_4 v -x_3) ^ (-x_1 v -x_2 v -x_6) ^ (x_3 v -x_6 v x_0) ^ (x_0 v -x_5 v -x_2) ^ (x_0 v x_1 v -x_6) ^ (x_3 v x_2 v -x_6) ^ (x_1 v -x_5 v -x_0) ^ (x_0 v x_1 v x_2) ^ (x_1 v -x_5) ^ (x_3 v x_1 v -x_6) ^ (x_6 v -x_4 v -x_2) ^ (-x_1 v x_5 v -x_3) ^ (x_6 v x_2 v -x_0) ^ (-x_4 v -x_5 v x_2) ^ (-x_2 v -x_3 v -x_6) ^ (x_0 v x_2 v -x_3) ^ (x_4 v x_2 v -x_0)]
7,20,0.016762495040893555,12,8.273124694824219e-05,0.031097412109375,[(x_0 v x_6 v x_1) ^ (x_5 v -x_4 v x_2) ^ (x_6 v x_2 v -x_3) ^ (x_0 v -x_1 v x_4) ^ (x_0 v x_1 v -x_5) ^ (x_6 v x_1 v -x_4) ^ (-x_1 v -x_5 v x_2) ^ (-x_5 v x_4 v -x_0) ^ (x_3 v -x_1 v x_2) ^ (x_6 v x_1 v -x_0) ^ (x_2 v x_5 v -x_0) ^ (x_6 v -x_0) ^ (-x_1 v x_4 v x_5) ^ (x_0 v x_2) ^ (x_3 v x_1 v -x_6) ^ (-x_4 v x_2 v -x_6) ^ (-x_1 v x_6 v x_4) ^ (x_5 v x_2 v -x_0) ^ (-x_1 v x_6 v x_5) ^ (-x_2 v -x_3)]
7,20,0.018468379974365234,1,5.1021575927734375e-05,0.044058799743652344,[(x_1 v -x_4 v -x_0) ^ (-x_6 v -x_2 v -x_0) ^ (-x_0 v -x_4 v -x_6) ^ (x_3 v -x_1 v -x_0) ^ (x_2 v -x_6) ^ (x_6 v x_4 v -x_3) ^ (-x_4 v x_5) ^ (x_0 v -x_6) ^ (x_0 v x_2 v -x_6) ^ (x_0 v x_3 v x_5) ^ (-x_6 v -x_5 v -x_3) ^ (-x_1 v x_4 v x_5) ^ (x_0 v x_2) ^ (-x_1 v x_6 v -x_5) ^ (x_6 v -x_5 v -x_0) ^ (x_4 v x_2 v -x_6) ^ (x_4 v x_5 v -x_0) ^ (x_3 v x_6 v x_0) ^ (x_5 v x_1 v x_2) ^ (x_1 v x_5 v -x_3)]
7,20,0.016873598098754883,12,7.605552673339844e-05,0.03020477294921875,[(x_3 v -x_1 v -x_6) ^ (x_3 v -x_1 v -x_0) ^ (-x_5 v x_2 v -x_3) ^ (x_0 v -x_5 v -x_3) ^ (x_1 v -x_2 v -x_3) ^ (x_0 v -x_2 v -x_3) ^ (x_1 v -x_4) ^ (x_3 v -x_2 v x_5) ^ (-x_5 v -x_2 v -x_3) ^ (-x_1 v x_3) ^ (x_0 v -x_1 v x_3) ^ (x_6 v x_1 v x_2) ^ (x_0 v x_6 v x_2) ^ (x_3 v x_1 v x_5) ^ (x_1 v -x_6 v -x_3) ^ (x_1 v x_2 v x_5) ^ (-x_1 v x_5 v -x_3) ^ (x_0 v -x_3) ^ (-x_4 v x_2 v x_5) ^ (x_3 v -x_2 v -x_0)]
7,10,0.0055005550384521484,1,2.4557113647460938e-05,0.041502952575683594,[(x_0 v x_6) ^ (x_0 v -x_4 v x_3) ^ (-x_5 v x_2 v -x_6) ^ (x_6 v -x_5 v x_4) ^ (-x_2 v -x_3 v -x_6) ^ (x_1 v -x_2 v -x_6) ^ (x_1 v -x_2 v x_4) ^ (x_0 v x_3) ^ (-x_4 v x_2) ^ (-x_3)]
7,11,0.00612187385559082,12,0.00011301040649414062,0.0263214111328125,[(-x_0 v x_4 v -x_6) ^ (-x_4 v x_2 v -x_6) ^ (-x_2 v x_5 v -x_6) ^ (x_0 v x_6 v x_4) ^ (x_3 v x_4 v -x_2) ^ (-x_1 v -x_2 v x_4) ^ (-x_1 v -x_6) ^ (x_0 v x_1 v x_3) ^ (x_1 v -x_0) ^ (x_3 v x_1 v -x_0) ^ (x_0 v x_6 v -x_5)]
7,8,0.0031676292419433594,1,2.3365020751953125e-05,0.038207054138183594,[(x_1 v x_4 v x_2) ^ (-x_5 v x_2 v x_4) ^ (-x_4 v x_5) ^ (x_6 v -x_4 v x_2) ^ (x_4 v x_2 v -x_0) ^ (x_3 v -x_1 v -x_5) ^ (-x_4 v x_5 v -x_0) ^ (x_0 v x_6 v x_3)]
7,11,0.003620624542236328,12,4.887580871582031e-05,0.02648162841796875,[(-x_0 v x_6 v -x_3) ^ (x_5 v -x_6) ^ (-x_1 v -x_6 v -x_0) ^ (-x_4 v -x_2 v -x_6) ^ (x_3 v x_6 v x_1) ^ (x_4 v x_5 v -x_6) ^ (x_0 v -x_5 v x_2) ^ (-x_1 v -x_4 v -x_3) ^ (x_2 v x_5 v -x_6) ^ (-x_1 v -x_3 v -x_6) ^ (x_3 v -x_4 v x_0)]
7,7,0.0054514408111572266,1,4.267692565917969e-05,0.03700542449951172,[(-x_1 v x_2 v x_0) ^ (x_1 v -x_4 v x_5) ^ (x_4 v x_5 v -x_0) ^ (x_2 v -x_6) ^ (-x_0 v -x_5 v x_4) ^ (x_0 v x_1 v x_5) ^ (-x_1 v -x_0 v -x_3)]
7,20,0.011838197708129883,12,0.00011110305786132812,0.031452178955078125,[(x_1 v -x_2 v -x_5) ^ (x_3 v -x_2 v x_0) ^ (x_6 v x_1 v -x_5) ^ (x_4 v -x_3 v -x_6) ^ (-x_2 v x_5 v -x_0) ^ (x_3 v x_1) ^ (x_1 v -x_4 v -x_3) ^ (x_3 v x_6 v -x_4) ^ (-x_1 v x_3) ^ (x_6 v x_5 v -x_0) ^ (x_2 v -x_3 v -x_0) ^ (-x_1 v x_4 v x_5) ^ (x_1 v x_4 v x_5) ^ (-x_4 v x_5 v -x_0) ^ (-x_2 v x_5) ^ (-x_1 v -x_2 v x_0) ^ (-x_4 v x_2 v x_5) ^ (x_5 v x_1 v x_2) ^ (x_3 v x_4) ^ (-x_1 v x_6 v -x_0)]
7,8,0.006883144378662109,1,6.365776062011719e-05,0.040625572204589844,[(x_0 v -x_5 v -x_3) ^ (-x_5 v -x_0) ^ (-x_5 v -x_2 v -x_0) ^ (x_0 v x_6 v x_5) ^ (-x_2 v -x_3 v x_4) ^ (-x_1 v x_5 v -x_6) ^ (x_1 v -x_5 v -x_6) ^ (x_0 v -x_5)]
7,7,0.006170749664306641,12,9.751319885253906e-05,0.0238800048828125,[(-x_1 v -x_5 v -x_2) ^ (x_1 v -x_4 v -x_2) ^ (x_0 v x_4) ^ (x_6 v -x_4 v -x_3) ^ (-x_4 v -x_3) ^ (x_0 v -x_1 v -x_4) ^ (x_1 v -x_6 v -x_0)]
8,21,0.03793048858642578,1,0.0001227855682373047,0.058073997497558594,[(x_0 v x_7 v x_4) ^ (-x_1 v -x_2 v -x_3) ^ (x_6 v -x_7 v -x_5) ^ (x_4 v x_7 v -x_3) ^ (x_7 v x_5 v x_4) ^ (x_6 v x_1 v -x_0) ^ (x_1 v -x_7 v -x_2) ^ (-x_1 v -x_5 v x_4) ^ (-x_5 v -x_2 v x_7) ^ (x_0 v -x_1 v -x_3) ^ (x_3 v -x_7 v x_4) ^ (x_6 v -x_2 v x_7) ^ (x_1 v -x_7 v x_4) ^ (x_2 v -x_0) ^ (x_3 v x_6 v -x_5) ^ (x_1 v -x_7 v -x_0) ^ (-x_4 v -x_7 v -x_6) ^ (-x_1 v x_6 v -x_5) ^ (-x_1 v x_2 v -x_6) ^ (x_6 v -x_4 v x_2) ^ (-x_1 v x_7 v x_2)]
8,11,0.023003578186035156,16,0.00010704994201660156,0.039215087890625,[(-x_4 v -x_3 v -x_6) ^ (-x_6 v -x_2 v -x_3) ^ (-x_4 v x_5 v -x_7) ^ (-x_7 v -x_2 v x_5) ^ (-x_0 v x_7 v -x_3) ^ (x_6 v -x_7 v x_4) ^ (-x_6 v x_7 v -x_3) ^ (x_0 v x_7 v -x_6) ^ (x_6 v x_5 v -x_0) ^ (-x_1 v -x_2 v x_4) ^ (x_6 v x_7)]
8,13,0.026128053665161133,1,7.963180541992188e-05,0.061148643493652344,[(-x_2 v x_5 v x_7) ^ (x_0 v -x_4 v -x_5) ^ (x_7 v x_5 v -x_3) ^ (-x_4 v -x_2 v x_7) ^ (x_1 v x_4 v -x_6) ^ (x_1 v x_7 v -x_6) ^ (-x_5 v -x_2 v -x_6) ^ (x_4 v x_7 v -x_6) ^ (x_4 v x_7 v -x_0) ^ (-x_4 v -x_2 v -x_3) ^ (-x_1 v x_2 v x_5) ^ (x_0 v x_6 v -x_5) ^ (-x_1 v -x_0 v -x_3)]
8,18,0.030087947845458984,16,0.0002560615539550781,0.0430908203125,[(x_1 v -x_7 v -x_5) ^ (x_1 v -x_7 v x_4) ^ (x_1 v -x_7 v -x_6) ^ (-x_5 v x_4) ^ (-x_4 v -x_5) ^ (-x_1 v x_7 v -x_0) ^ (-x_1 v x_2 v x_0) ^ (-x_4 v -x_7 v -x_0) ^ (-x_5 v -x_2 v x_7) ^ (-x_4 v -x_2 v -x_0) ^ (-x_1 v -x_5 v -x_3) ^ (x_1 v -x_7 v x_5) ^ (x_1 v x_2) ^ (-x_1 v -x_4 v x_5) ^ (-x_7 v -x_2 v -x_6) ^ (x_1 v -x_2 v -x_0) ^ (x_3 v x_1 v -x_0) ^ (-x_5 v x_7 v -x_0)]
8,9,0.018340587615966797,1,4.935264587402344e-05,0.050490379333496094,[(x_4 v x_7 v -x_3) ^ (x_6 v -x_5 v x_2) ^ (x_5 v -x_4 v x_2) ^ (-x_1 v x_7 v -x_0) ^ (-x_1 v -x_4 v -x_2) ^ (-x_4 v -x_7 v -x_0) ^ (-x_1 v -x_7 v x_5) ^ (x_1 v -x_7 v -x_3) ^ (x_3 v x_7 v -x_6)]
8,15,0.02585601806640625,16,8.511543273925781e-05,0.0362091064453125,[(-x_4 v -x_5 v -x_0) ^ (-x_1 v x_7 v -x_6) ^ (-x_1 v x_6 v x_2) ^ (x_6 v x_2 v -x_3) ^ (-x_2 v -x_7 v -x_5) ^ (x_3 v -x_6 v -x_0) ^ (x_1 v x_2) ^ (x_0 v -x_4 v x_5) ^ (x_0 v x_1 v x_2) ^ (x_3 v -x_2 v -x_0) ^ (x_1 v -x_4 v x_7) ^ (x_3 v x_6 v -x_1) ^ (x_4 v x_2) ^ (x_6 v -x_7 v x_5) ^ (x_7 v x_5 v -x_6)]
8,18,0.029207944869995117,1,4.649162292480469e-05,0.057875633239746094,[(-x_4 v -x_2 v x_7) ^ (-x_1 v -x_7 v x_3) ^ (-x_5 v -x_2 v x_7) ^ (-x_1 v -x_7 v x_0) ^ (-x_5 v x_2 v -x_3) ^ (-x_0 v -x_2 v x_4) ^ (-x_4 v x_2 v -x_7) ^ (-x_1 v -x_4 v x_5) ^ (x_1 v x_2) ^ (-x_2 v -x_3 v x_4) ^ (x_4 v x_5) ^ (x_3 v x_1 v -x_6) ^ (-x_1 v x_4 v x_7) ^ (-x_5 v x_7 v x_4) ^ (-x_1 v -x_4 v -x_3) ^ (x_5 v x_4 v x_2) ^ (x_3 v x_4 v -x_6) ^ (-x_7 v -x_6 v -x_3)]
8,14,0.023969411849975586,16,0.00015878677368164062,0.03786468505859375,[(x_3 v -x_0) ^ (x_2 v -x_0) ^ (-x_1 v x_7 v -x_6) ^ (-x_0 v -x_7 v -x_6) ^ (x_0 v x_6 v -x_5) ^ (-x_5 v x_2 v -x_3) ^ (-x_4 v x_5 v -x_0) ^ (x_0 v -x_7 v x_4) ^ (x_6 v x_7 v -x_3) ^ (-x_7 v -x_5 v x_4) ^ (-x_1 v -x_7 v x_0) ^ (x_3 v -x_1 v -x_4) ^ (-x_1 v -x_5 v x_3) ^ (x_7 v x_5 v -x_6)]
8,18,0.03269791603088379,1,7.295608520507812e-05,0.061926841735839844,[(-x_4 v x_2 v -x_6) ^ (x_0 v x_7 v x_2) ^ (x_7 v x_2 v -x_0) ^ (x_3 v x_4 v -x_0) ^ (x_3 v -x_1 v x_5) ^ (-x_7 v -x_5) ^ (x_3 v x_5 v x_2) ^ (-x_6 v -x_5 v -x_3) ^ (-x_4 v -x_2) ^ (-x_4 v -x_2 v -x_0) ^ (-x_7 v -x_2 v x_4) ^ (x_6 v x_4 v -x_3) ^ (x_0 v -x_5 v x_4) ^ (-x_7 v x_2 v -x_0) ^ (x_0 v x_6 v x_7) ^ (-x_3) ^ (x_0 v x_1 v -x_2) ^ (x_1 v -x_2 v x_7)]
8,10,0.017830371856689453,16,0.00011086463928222656,0.03917694091796875,[(-x_6 v x_5 v -x_3) ^ (-x_4 v x_7 v -x_6) ^ (x_0 v -x_4 v x_3) ^ (x_2 v -x_3 v -x_6) ^ (-x_1 v -x_4 v -x_7) ^ (-x_6 v x_7 v -x_0) ^ (x_1 v x_2) ^ (x_0 v -x_5 v x_7) ^ (-x_5 v -x_3 v x_4) ^ (x_3 v -x_5 v x_2)]
8,13,0.03992891311645508,1,0.00026679039001464844,0.053755760192871094,[(x_1 v x_2 v -x_6) ^ (-x_1 v -x_7 v x_4) ^ (x_1 v -x_7 v -x_2) ^ (-x_1 v -x_6) ^ (x_4 v -x_0) ^ (-x_4 v -x_6) ^ (x_6 v x_5 v -x_3) ^ (-x_2 v -x_3 v x_4) ^ (-x_0 v -x_7 v -x_3) ^ (x_7 v x_2 v -x_6) ^ (x_0 v -x_5 v x_3) ^ (x_6 v -x_4 v -x_0) ^ (x_0 v x_7 v -x_3)]
8,17,0.028957605361938477,16,0.00011658668518066406,0.0379486083984375,[(x_3 v x_6 v x_7) ^ (x_0 v x_2 v x_5) ^ (x_0 v -x_4 v x_3) ^ (-x_4 v x_7) ^ (x_1 v x_4 v x_5) ^ (x_0 v x_6 v -x_7) ^ (-x_1 v -x_2 v -x_3) ^ (x_0 v -x_2 v -x_3) ^ (x_0 v -x_5 v x_3) ^ (x_6 v x_1 v x_5) ^ (-x_1 v x_6 v -x_4) ^ (-x_1 v -x_4 v -x_3) ^ (x_0 v x_7 v -x_6) ^ (x_3 v x_1 v -x_6) ^ (-x_6 v -x_5 v x_4) ^ (x_3 v -x_2 v -x_0) ^ (x_6 v -x_4 v x_2)]
8,14,0.02288079261779785,1,6.508827209472656e-05,0.058142662048339844,[(x_4 v x_7 v -x_3) ^ (-x_1 v -x_2) ^ (-x_1 v x_2 v x_0) ^ (x_4 v x_5 v -x_0) ^ (x_1 v x_7 v -x_6) ^ (-x_0 v -x_2 v x_4) ^ (-x_4 v x_2 v -x_7) ^ (-x_7 v -x_6) ^ (x_1 v x_7 v -x_5) ^ (-x_1 v x_2 v -x_6) ^ (-x_0 v -x_5 v x_4) ^ (-x_7 v x_5 v -x_3) ^ (x_0 v -x_7 v x_5) ^ (x_0 v x_4 v x_7)]
8,14,0.024579286575317383,16,0.00011420249938964844,0.03781890869140625,[(x_1 v -x_7 v -x_5) ^ (x_6 v x_4) ^ (x_0 v -x_2 v x_5) ^ (x_1 v -x_4 v x_5) ^ (-x_1 v -x_5) ^ (x_6 v x_4 v x_5) ^ (x_6 v -x_4 v x_2) ^ (x_0 v -x_2 v -x_6) ^ (-x_2 v x_7 v -x_0) ^ (x_4 v x_5 v -x_6) ^ (-x_1 v -x_4 v x_2) ^ (x_1 v -x_6 v -x_3) ^ (-x_7 v x_4 v -x_0) ^ (x_3 v x_4 v -x_0)]
8,21,0.055823326110839844,1,0.0001068115234375,0.057326316833496094,[(x_6 v -x_7 v x_2) ^ (x_3 v -x_1 v -x_6) ^ (x_1 v -x_4 v -x_7) ^ (x_0 v x_1 v -x_5) ^ (x_1 v x_4 v -x_6) ^ (x_3 v -x_6 v x_0) ^ (x_7 v x_5 v -x_6) ^ (x_0 v -x_7 v -x_2) ^ (x_3 v -x_7 v x_5) ^ (x_6 v -x_4 v -x_7) ^ (-x_6 v -x_5 v x_4) ^ (x_0 v x_1 v -x_2) ^ (x_1 v x_7 v -x_3) ^ (-x_1 v -x_5 v x_0) ^ (-x_5 v x_2) ^ (x_3 v x_6 v x_4) ^ (-x_7 v -x_5) ^ (x_1 v -x_7 v -x_0) ^ (x_3 v x_4 v x_2) ^ (x_0 v -x_3) ^ (-x_1 v -x_2 v x_5)]
8,23,0.0310208797454834,16,7.534027099609375e-05,0.04648590087890625,[(x_5 v -x_6) ^ (x_5 v -x_0) ^ (x_7 v x_2) ^ (-x_0 v x_2 v -x_6) ^ (-x_5 v x_7 v x_4) ^ (-x_4 v -x_6 v -x_0) ^ (-x_4 v -x_6 v -x_3) ^ (-x_5 v -x_2 v -x_3) ^ (x_6 v -x_2 v x_7) ^ (-x_1 v -x_7 v x_0) ^ (x_2 v x_5 v -x_0) ^ (-x_2 v -x_5) ^ (x_1 v -x_7 v -x_0) ^ (-x_7 v x_2 v -x_6) ^ (-x_6 v -x_3) ^ (x_3 v x_1 v x_4) ^ (-x_7 v x_5 v -x_0) ^ (-x_1 v -x_4 v -x_0) ^ (-x_5 v -x_3 v -x_0) ^ (-x_2 v x_7) ^ (-x_0 v x_7 v x_4) ^ (-x_1 v x_6 v x_5) ^ (x_0 v x_1 v -x_3)]
8,11,0.031235933303833008,1,5.841255187988281e-05,0.050749778747558594,[(x_1 v -x_7 v x_4) ^ (x_7 v x_5 v x_4) ^ (x_3 v -x_2) ^ (x_3 v x_5) ^ (-x_0 v x_7 v -x_6) ^ (x_6 v x_7 v x_5) ^ (x_0 v -x_4 v x_7) ^ (x_0 v x_1) ^ (x_0 v -x_7 v x_4) ^ (x_3 v x_2 v x_0) ^ (x_7 v x_5 v -x_6)]
8,12,0.025798320770263672,16,7.748603820800781e-05,0.03995513916015625,[(x_1 v -x_4 v -x_0) ^ (-x_1 v -x_4 v -x_5) ^ (-x_2 v x_7 v x_4) ^ (-x_1 v -x_5 v -x_2) ^ (-x_2 v x_5 v x_7) ^ (x_3 v x_5 v x_2) ^ (x_6 v -x_7) ^ (x_3 v -x_2 v x_5) ^ (x_0 v x_2) ^ (x_0 v -x_4 v x_2) ^ (x_0 v x_7 v -x_3) ^ (-x_0 v -x_2 v -x_6)]
8,17,0.026795625686645508,1,0.00015401840209960938,0.056120872497558594,[(x_0 v -x_1 v -x_6) ^ (x_7 v -x_3 v -x_0) ^ (x_0 v -x_4 v x_2) ^ (-x_1 v x_7 v -x_6) ^ (x_0 v -x_5 v -x_2) ^ (x_7 v x_2) ^ (-x_1 v x_5 v -x_0) ^ (x_3 v -x_7 v -x_6) ^ (x_3 v -x_2 v -x_0) ^ (x_0 v x_2) ^ (-x_7 v -x_2 v -x_6) ^ (x_1 v -x_5) ^ (x_0 v -x_4 v x_5) ^ (-x_1 v -x_4 v x_2) ^ (-x_1 v x_2 v x_5) ^ (x_0 v x_1 v -x_7) ^ (-x_7 v x_5 v -x_0)]
8,8,0.014864921569824219,16,0.0005190372467041016,0.04293060302734375,[(-x_2 v x_7 v x_4) ^ (-x_4 v x_5 v -x_7) ^ (x_0 v x_7 v x_3) ^ (x_3 v -x_5 v x_4) ^ (-x_1 v x_7 v -x_3) ^ (x_1 v -x_2 v -x_6) ^ (-x_1 v -x_5 v -x_0) ^ (-x_1 v x_3 v x_5)]
8,21,0.033400774002075195,1,7.867813110351562e-05,0.0626058578491211,[(-x_2 v x_7 v -x_6) ^ (x_7 v x_5 v -x_3) ^ (x_6 v x_2 v -x_3) ^ (x_4 v x_7 v -x_3) ^ (x_3 v -x_7 v -x_5) ^ (x_6 v -x_5 v x_7) ^ (-x_5 v x_7) ^ (x_2 v x_7 v x_5) ^ (x_0 v x_5) ^ (x_6 v x_4 v x_2) ^ (-x_1 v x_4 v x_5) ^ (x_0 v -x_7) ^ (x_3 v x_1 v -x_0) ^ (-x_2 v x_5) ^ (x_0 v x_7) ^ (x_6 v x_4 v -x_0) ^ (x_0 v -x_4 v -x_2) ^ (x_2 v x_5 v -x_3) ^ (-x_0 v x_1 v -x_3) ^ (x_1 v x_2 v -x_3) ^ (x_0 v x_7 v x_2)]
8,14,0.02341914176940918,16,0.00019431114196777344,0.0385284423828125,[(-x_7 v -x_2) ^ (x_1 v -x_7) ^ (-x_0 v -x_3) ^ (x_0 v x_6) ^ (-x_1 v -x_4 v -x_5) ^ (x_3 v -x_7 v -x_2) ^ (x_3 v x_6 v x_4) ^ (x_3 v -x_4 v -x_6) ^ (-x_6 v -x_3) ^ (x_3 v x_6 v -x_7) ^ (x_3 v x_6 v -x_4) ^ (x_0 v -x_3 v -x_6) ^ (x_0 v x_6 v -x_5) ^ (x_1 v x_4 v -x_3)]
8,14,0.02179098129272461,1,4.506111145019531e-05,0.058318138122558594,[(x_1 v x_5) ^ (-x_2 v x_7 v x_4) ^ (x_1 v x_7 v x_2) ^ (-x_6 v -x_5 v -x_3) ^ (x_2 v -x_3 v -x_6) ^ (-x_0 v -x_7 v -x_6) ^ (-x_5 v x_2 v -x_3) ^ (x_6 v -x_3 v -x_0) ^ (x_6 v x_1 v x_5) ^ (x_6 v -x_4 v -x_7) ^ (x_0 v -x_6) ^ (-x_4 v -x_2 v -x_7) ^ (x_6 v x_7 v -x_0) ^ (x_3 v x_7 v x_5)]
8,14,0.031029224395751953,16,9.632110595703125e-05,0.03992462158203125,[(x_0 v x_6 v x_2) ^ (x_3 v -x_7 v -x_5) ^ (x_3 v x_7) ^ (x_6 v -x_2 v x_5) ^ (-x_1 v x_5 v -x_0) ^ (-x_0 v -x_2 v x_4) ^ (x_3 v x_5 v -x_0) ^ (-x_4 v -x_7) ^ (x_3 v -x_7 v x_4) ^ (x_4 v x_7 v -x_0) ^ (x_4 v x_2 v -x_0) ^ (x_7 v x_4) ^ (-x_2 v x_5 v -x_3) ^ (x_0 v x_4 v x_7)]
8,15,0.025782346725463867,1,0.00012922286987304688,0.053481101989746094,[(x_3 v x_6 v x_7) ^ (-x_7 v -x_2 v -x_3) ^ (x_7 v -x_3 v -x_6) ^ (-x_1 v -x_7 v x_3) ^ (x_3 v x_6 v -x_5) ^ (x_6 v x_7 v -x_0) ^ (-x_7 v x_4 v -x_3) ^ (-x_7 v x_2 v x_5) ^ (x_6 v -x_4 v -x_5) ^ (-x_1 v -x_6 v x_0) ^ (x_6 v x_1) ^ (-x_7 v -x_2 v -x_6) ^ (x_1 v x_2) ^ (x_6 v -x_2 v x_7) ^ (-x_7 v -x_5 v -x_3)]
8,14,0.031569719314575195,16,0.00012159347534179688,0.03435516357421875,[(x_1 v -x_2) ^ (x_0 v x_7 v x_5) ^ (-x_4 v x_2 v -x_0) ^ (x_0 v -x_2 v x_7) ^ (-x_1 v x_7 v -x_0) ^ (x_0 v -x_7 v -x_5) ^ (x_0 v -x_4 v -x_2) ^ (-x_4 v x_7) ^ (-x_5 v -x_3 v x_4) ^ (-x_7 v -x_2 v x_4) ^ (-x_1 v x_5 v -x_6) ^ (-x_7 v x_4 v -x_6) ^ (x_3 v x_1 v -x_0) ^ (-x_6 v x_4 v -x_0)]
8,16,0.035353899002075195,1,6.103515625e-05,0.053481101989746094,[(-x_2 v -x_5 v x_4) ^ (x_1 v -x_7 v -x_6) ^ (-x_5 v -x_2 v -x_0) ^ (-x_1 v x_6 v x_5) ^ (-x_1 v -x_3 v -x_0) ^ (-x_1 v -x_4 v -x_2) ^ (-x_1 v -x_7 v -x_0) ^ (x_3 v -x_5 v -x_2) ^ (x_3 v -x_7 v x_5) ^ (x_1 v x_7) ^ (x_0 v x_4 v x_3) ^ (x_6 v -x_7 v -x_2) ^ (x_4 v x_5 v -x_6) ^ (x_3 v -x_1 v -x_5) ^ (-x_2 v x_5) ^ (x_1 v x_4 v -x_3)]
8,10,0.016791582107543945,16,8.535385131835938e-05,0.041351318359375,[(x_3 v x_1 v -x_2) ^ (x_0 v x_4 v -x_3) ^ (-x_0 v -x_4 v -x_6) ^ (x_0 v -x_5 v -x_6) ^ (x_4 v x_5 v -x_3) ^ (x_1 v -x_4 v -x_3) ^ (x_3 v x_6) ^ (x_0 v -x_7 v x_4) ^ (-x_7 v x_4 v -x_0) ^ (-x_1 v -x_0 v -x_3)]
8,12,0.01990652084350586,1,4.7206878662109375e-05,0.048140525817871094,[(-x_2 v x_4 v -x_6) ^ (-x_2 v -x_5 v x_7) ^ (x_3 v -x_4 v x_2) ^ (x_1 v -x_4 v x_5) ^ (x_3 v x_4 v x_5) ^ (x_5 v -x_0) ^ (-x_1 v -x_5 v x_4) ^ (x_0 v x_6 v x_5) ^ (-x_1 v -x_4 v x_5) ^ (-x_1 v -x_7 v x_5) ^ (x_6 v -x_3) ^ (x_1 v -x_2 v x_7)]
8,9,0.02434229850769043,16,0.00024390220642089844,0.0414886474609375,[(x_0 v x_6) ^ (-x_3 v -x_6) ^ (x_0 v x_1 v -x_5) ^ (x_0 v x_1 v -x_4) ^ (x_1 v -x_7 v -x_0) ^ (x_6 v x_2 v -x_0) ^ (x_3 v x_6 v -x_4) ^ (-x_1 v x_2 v -x_0) ^ (x_0 v x_6 v -x_4)]
8,22,0.036902666091918945,1,6.222724914550781e-05,0.056326866149902344,[(x_5 v -x_3 v -x_0) ^ (x_3 v -x_1 v x_5) ^ (x_3 v -x_4 v x_7) ^ (x_6 v x_5 v -x_3) ^ (-x_2 v -x_3) ^ (x_6 v -x_4 v x_5) ^ (x_0 v x_6 v -x_7) ^ (-x_7 v x_2) ^ (-x_1 v x_5 v -x_6) ^ (x_3 v -x_7 v x_0) ^ (x_6 v x_4 v x_2) ^ (x_6 v -x_4 v -x_3) ^ (x_0 v x_5 v -x_6) ^ (-x_1 v -x_4) ^ (x_0 v -x_5 v x_4) ^ (-x_5 v -x_7 v -x_2) ^ (-x_4 v -x_5 v -x_3) ^ (x_7 v x_5 v -x_0) ^ (x_3 v -x_4 v -x_6) ^ (-x_7 v -x_2 v -x_6) ^ (x_3 v -x_2 v -x_0) ^ (x_0 v x_7 v -x_3)]
8,15,0.020495891571044922,16,9.655952453613281e-05,0.042877197265625,[(x_4 v x_2 v -x_3) ^ (-x_7 v -x_5 v -x_0) ^ (x_3 v x_6 v x_2) ^ (x_4 v -x_3) ^ (x_5 v -x_3 v -x_6) ^ (x_2 v x_4 v x_5) ^ (x_3 v x_6 v -x_7) ^ (-x_1 v -x_7 v x_5) ^ (-x_1 v x_2 v -x_6) ^ (-x_1 v x_4 v x_7) ^ (-x_0 v x_2 v -x_6) ^ (-x_1 v -x_4 v -x_3) ^ (x_6 v -x_4 v -x_0) ^ (x_4 v x_2) ^ (-x_7 v -x_6 v -x_0)]
8,22,0.03390979766845703,1,3.790855407714844e-05,0.058562278747558594,[(x_5 v -x_6) ^ (x_7 v x_2) ^ (-x_4 v -x_2 v x_5) ^ (x_4 v x_2) ^ (x_3 v -x_7 v -x_5) ^ (x_3 v x_7 v x_2) ^ (x_3 v -x_5 v -x_6) ^ (-x_7 v x_4 v x_2) ^ (x_1 v -x_5 v x_7) ^ (x_0 v x_4 v -x_2) ^ (-x_0 v x_5 v -x_6) ^ (-x_2 v x_5 v x_7) ^ (-x_1 v x_6 v x_2) ^ (-x_1 v x_4 v x_5) ^ (-x_6 v x_2 v -x_0) ^ (-x_4 v x_7 v x_5) ^ (x_1 v x_5) ^ (-x_1 v -x_4 v -x_0) ^ (-x_5 v x_7 v -x_6) ^ (x_4 v -x_0) ^ (-x_1 v -x_4 v x_0) ^ (x_6 v -x_4 v x_2)]
8,12,0.0187225341796875,16,9.369850158691406e-05,0.0438385009765625,[(-x_2 v -x_5 v -x_3) ^ (-x_4 v -x_2 v x_7) ^ (x_0 v x_2 v -x_6) ^ (x_6 v x_4 v -x_0) ^ (-x_1 v x_2 v -x_3) ^ (-x_4 v -x_7 v -x_6) ^ (x_0 v x_6 v -x_2) ^ (x_0 v x_1 v -x_6) ^ (x_6 v x_1 v -x_2) ^ (x_6 v -x_7 v x_5) ^ (-x_5 v x_7 v x_4) ^ (x_3 v x_4 v -x_6)]
8,15,0.04655051231384277,1,0.00018739700317382812,0.058073997497558594,[(x_1 v -x_4 v -x_0) ^ (x_6 v -x_4 v -x_0) ^ (-x_1 v -x_7 v -x_0) ^ (x_3 v -x_4 v -x_0) ^ (x_3 v -x_7 v x_5) ^ (-x_0) ^ (-x_1 v -x_4 v x_5) ^ (x_1 v -x_4 v x_2) ^ (x_3 v x_6 v x_5) ^ (-x_7 v -x_5 v -x_6) ^ (-x_7 v x_4 v -x_6) ^ (-x_1 v -x_2 v -x_6) ^ (-x_1 v -x_2 v x_4) ^ (-x_1 v x_7 v x_2) ^ (-x_1 v x_5 v x_3)]
8,15,0.029288768768310547,16,0.00010704994201660156,0.0416717529296875,[(x_0 v x_7) ^ (x_3 v x_1 v -x_2) ^ (-x_2 v -x_5 v x_7) ^ (x_3 v x_2 v x_0) ^ (-x_4 v -x_2 v -x_0) ^ (-x_2 v -x_6) ^ (x_5 v -x_0) ^ (x_3 v -x_4 v -x_7) ^ (-x_1 v x_2) ^ (x_0 v -x_6) ^ (-x_7 v -x_5 v -x_6) ^ (x_1 v x_5 v -x_3) ^ (x_3 v -x_2 v -x_0) ^ (-x_7 v -x_3) ^ (-x_1 v x_6 v -x_0)]
8,10,0.016122817993164062,1,6.628036499023438e-05,0.049872398376464844,[(x_2 v x_7 v x_5) ^ (-x_5 v -x_3 v -x_0) ^ (x_0 v x_4 v x_2) ^ (x_6 v -x_2) ^ (x_6 v -x_5 v x_7) ^ (x_6 v x_4 v -x_3) ^ (x_6 v x_5 v x_2) ^ (x_3 v x_6 v x_5) ^ (-x_5 v -x_3) ^ (x_1 v -x_4 v -x_5)]
8,9,0.0155181884765625,16,0.0002110004425048828,0.04044342041015625,[(x_4 v x_7 v -x_3) ^ (x_3 v -x_7 v -x_5) ^ (x_6 v -x_4 v x_5) ^ (-x_1 v x_7) ^ (-x_1 v x_7 v -x_3) ^ (x_0 v x_5 v -x_3) ^ (x_1 v -x_4 v x_7) ^ (x_0 v -x_4 v -x_3) ^ (-x_1 v -x_7 v x_2)]
8,22,0.05456280708312988,1,0.00013399124145507812,0.055914878845214844,[(x_1 v x_2 v -x_6) ^ (x_0 v x_4) ^ (-x_1 v -x_3 v -x_0) ^ (-x_1 v -x_5 v -x_3) ^ (x_1 v -x_2 v x_7) ^ (x_1 v -x_5 v x_7) ^ (x_6 v -x_5 v x_7) ^ (-x_0 v -x_2 v x_4) ^ (-x_5 v -x_2) ^ (-x_1 v x_7 v x_3) ^ (x_7 v -x_6) ^ (x_3 v x_1 v x_5) ^ (-x_4 v -x_5 v x_7) ^ (x_1 v -x_7) ^ (-x_1 v -x_7 v -x_6) ^ (x_1 v -x_4 v -x_2) ^ (-x_5 v x_2 v -x_6) ^ (-x_1 v -x_4 v x_5) ^ (x_3 v x_5 v -x_6) ^ (x_0 v -x_7 v x_5) ^ (-x_1 v x_7 v x_2) ^ (-x_1 v x_4 v -x_6)]
8,24,0.033008575439453125,16,7.939338684082031e-05,0.04461669921875,[(-x_2 v x_5 v -x_6) ^ (x_3 v x_5 v -x_0) ^ (x_0 v x_1 v x_5) ^ (-x_2 v x_7 v x_4) ^ (-x_5 v x_4) ^ (x_3 v -x_5 v -x_6) ^ (x_1 v -x_7 v -x_2) ^ (x_7) ^ (x_0 v -x_4 v -x_3) ^ (x_0 v x_6 v x_2) ^ (x_1 v -x_7 v x_4) ^ (x_0 v -x_2) ^ (x_1 v -x_5 v x_4) ^ (-x_1 v x_4 v x_5) ^ (-x_5 v -x_7 v -x_2) ^ (x_0 v -x_1 v x_2) ^ (x_0 v x_6 v x_3) ^ (x_0 v x_4 v x_5) ^ (x_3 v -x_2) ^ (x_0 v -x_4 v -x_7) ^ (x_4 v x_2 v -x_6) ^ (x_3 v -x_4 v -x_6) ^ (-x_1 v -x_2 v x_5) ^ (x_0 v x_1 v -x_3)]
8,24,0.07172489166259766,1,4.553794860839844e-05,0.058524131774902344,[(-x_2 v -x_5 v -x_3) ^ (-x_6 v x_5 v -x_3) ^ (-x_7 v -x_3 v -x_6) ^ (-x_1 v -x_2 v -x_3) ^ (x_1 v -x_4 v x_5) ^ (x_6 v -x_7 v x_5) ^ (-x_1 v -x_4 v -x_6) ^ (-x_2 v x_7 v x_4) ^ (x_3 v -x_4 v -x_0) ^ (-x_1 v x_2 v -x_0) ^ (-x_1 v x_6 v -x_2) ^ (-x_0 v -x_3 v -x_6) ^ (-x_1 v x_6) ^ (x_3 v x_1 v -x_4) ^ (-x_1 v -x_4) ^ (x_3 v -x_5 v -x_2) ^ (x_7 v -x_6) ^ (-x_6 v -x_3 v -x_0) ^ (x_3 v x_6 v -x_0) ^ (x_1 v -x_4 v -x_2) ^ (x_0 v -x_7 v -x_5) ^ (x_3 v -x_4) ^ (-x_4 v -x_5 v x_2) ^ (-x_1 v x_3 v x_0)]
8,12,0.01700139045715332,16,0.00017523765563964844,0.0453033447265625,[(-x_1 v x_5 v x_0) ^ (-x_4 v x_7 v -x_6) ^ (x_3 v x_2 v -x_0) ^ (-x_6 v -x_5 v -x_3) ^ (-x_4 v -x_7) ^ (-x_5 v -x_3) ^ (x_6 v -x_4 v -x_5) ^ (x_3 v x_1 v -x_0) ^ (-x_1 v -x_2 v -x_0) ^ (-x_1 v x_6 v -x_0) ^ (x_4 v -x_3 v -x_6) ^ (-x_7 v x_4)]
8,20,0.032137155532836914,1,4.673004150390625e-05,0.057517051696777344,[(x_0 v -x_4 v x_3) ^ (x_6 v x_5 v -x_3) ^ (x_6 v -x_4 v -x_0) ^ (-x_2 v -x_5 v x_4) ^ (x_5 v x_2) ^ (x_6 v -x_4 v x_5) ^ (x_1 v -x_7 v -x_2) ^ (x_6 v -x_3) ^ (x_1 v x_5 v -x_6) ^ (x_0 v x_4 v x_2) ^ (x_1 v -x_7 v x_5) ^ (-x_6 v x_7 v -x_0) ^ (x_3 v -x_5 v x_2) ^ (-x_2 v -x_0) ^ (-x_2 v x_7) ^ (x_6 v x_2 v -x_0) ^ (x_6 v -x_3 v -x_0) ^ (x_0 v x_5 v -x_3) ^ (-x_6 v -x_2 v x_4) ^ (x_4 v x_5 v -x_6)]
8,16,0.029781579971313477,16,9.679794311523438e-05,0.0433807373046875,[(-x_4 v x_7 v x_5) ^ (-x_0 v x_4 v -x_6) ^ (x_6 v x_5) ^ (x_3 v -x_2 v x_0) ^ (-x_1 v x_6 v x_4) ^ (-x_1 v -x_4 v -x_2) ^ (x_0 v -x_2 v x_4) ^ (x_0 v x_5 v -x_6) ^ (x_6 v -x_7 v x_4) ^ (-x_4 v x_2 v -x_3) ^ (x_0 v -x_4 v x_7) ^ (x_3 v x_6 v x_5) ^ (-x_1 v -x_0) ^ (-x_7 v -x_2 v -x_0) ^ (x_0 v x_6 v -x_5) ^ (-x_0 v -x_2 v -x_6)]
8,15,0.030709266662597656,1,6.651878356933594e-05,0.056899070739746094,[(x_4 v x_5 v x_7) ^ (-x_7 v -x_3 v -x_0) ^ (-x_7 v x_4 v -x_3) ^ (x_3 v -x_4 v x_7) ^ (-x_1 v -x_7 v -x_0) ^ (x_1 v x_4 v -x_0) ^ (x_6 v x_1 v -x_4) ^ (x_3 v x_1 v x_0) ^ (-x_7 v -x_2 v x_4) ^ (-x_0 v -x_7 v -x_6) ^ (x_3 v -x_4 v -x_6) ^ (-x_7 v x_4 v -x_0) ^ (x_4 v x_5 v -x_6) ^ (-x_1 v -x_2 v x_5) ^ (-x_4 v x_5 v -x_0)]
8,22,0.03489184379577637,16,0.00024437904357910156,0.045379638671875,[(x_3 v x_7 v -x_0) ^ (-x_1 v -x_2 v x_7) ^ (-x_6 v -x_2 v -x_0) ^ (x_1 v -x_3) ^ (-x_5 v x_2 v -x_3) ^ (-x_5 v -x_2 v -x_6) ^ (-x_1 v -x_5 v x_2) ^ (x_6 v -x_7 v x_5) ^ (-x_7 v -x_5 v x_2) ^ (x_0 v -x_5 v -x_3) ^ (x_0 v x_2 v -x_6) ^ (x_6 v -x_2) ^ (x_1 v -x_4 v -x_3) ^ (-x_0 v -x_6) ^ (-x_4 v x_5 v -x_3) ^ (-x_5 v x_7) ^ (x_1 v -x_7 v -x_5) ^ (-x_2 v x_5 v x_7) ^ (-x_4 v -x_6) ^ (x_0 v x_1) ^ (x_6 v x_2 v -x_0) ^ (x_1 v -x_7 v -x_3)]
8,9,0.025564193725585938,1,4.5299530029296875e-05,0.0625600814819336,[(x_1 v x_7 v x_2) ^ (-x_1 v -x_7 v x_4) ^ (-x_4 v -x_5) ^ (-x_1 v x_6 v x_5) ^ (-x_2 v x_7) ^ (x_3 v -x_4 v x_2) ^ (x_0 v -x_3) ^ (x_3 v -x_5) ^ (-x_0 v x_4 v -x_3)]
8,17,0.028914690017700195,16,0.00012159347534179688,0.03913116455078125,[(x_2 v x_7 v x_5) ^ (x_0 v x_5) ^ (-x_2 v x_7 v -x_3) ^ (x_1 v -x_3) ^ (x_3 v x_1 v -x_4) ^ (x_3 v -x_4) ^ (x_3 v x_7 v -x_2) ^ (x_3 v x_6 v -x_4) ^ (-x_6 v -x_2 v x_4) ^ (-x_7 v -x_6 v -x_3) ^ (x_6 v x_1 v x_7) ^ (x_0 v x_1) ^ (-x_1 v -x_0) ^ (x_4 v x_5 v -x_6) ^ (-x_1 v x_7 v x_2) ^ (-x_1 v x_6 v -x_0) ^ (-x_5 v x_2 v -x_0)]
8,8,0.019155502319335938,1,0.0005078315734863281,0.053458213806152344,[(x_6 v -x_2 v -x_3) ^ (x_0 v x_1 v x_7) ^ (-x_4 v -x_2) ^ (x_6 v x_2 v -x_0) ^ (-x_5 v -x_3 v -x_6) ^ (x_0 v -x_6) ^ (x_4 v x_2 v -x_0) ^ (x_7 v x_5 v -x_6)]
8,13,0.02351522445678711,16,0.00011849403381347656,0.038421630859375,[(x_6 v -x_2 v -x_3) ^ (-x_2 v x_7 v -x_6) ^ (x_7 v x_2 v x_4) ^ (-x_4 v x_2 v -x_6) ^ (x_6 v -x_5 v -x_3) ^ (-x_1 v x_2 v -x_3) ^ (x_6 v -x_4 v -x_2) ^ (x_4 v x_2 v -x_6) ^ (-x_1 v -x_4 v x_5) ^ (x_1 v -x_5 v -x_6) ^ (x_7 v x_2 v -x_6) ^ (x_0 v x_1 v -x_7) ^ (x_0 v -x_7 v -x_2)]
8,15,0.02604365348815918,1,4.482269287109375e-05,0.054701805114746094,[(x_0 v x_6) ^ (-x_1 v x_6 v -x_5) ^ (-x_7 v -x_2 v -x_3) ^ (x_0 v -x_7 v x_2) ^ (-x_1 v x_2 v -x_3) ^ (-x_2 v -x_5) ^ (x_6 v -x_5 v -x_0) ^ (x_3 v -x_5 v x_4) ^ (x_3 v -x_4 v -x_5) ^ (x_6 v x_7 v x_2) ^ (x_1 v x_2) ^ (-x_7 v -x_2 v -x_6) ^ (-x_5 v -x_3) ^ (x_4 v x_5 v -x_6) ^ (x_3 v -x_1 v -x_5)]
8,14,0.022643089294433594,16,0.00010561943054199219,0.043701171875,[(x_3 v x_5) ^ (-x_0 v x_6 v -x_3) ^ (-x_7 v x_5 v -x_3) ^ (x_2 v x_5 v -x_3) ^ (x_1 v x_7 v -x_6) ^ (-x_6 v x_7 v x_4) ^ (-x_5 v -x_2) ^ (x_6 v -x_7 v -x_3) ^ (-x_1 v -x_5 v -x_3) ^ (-x_7 v -x_2 v x_5) ^ (x_3 v x_1 v -x_6) ^ (x_3 v -x_1 v -x_7) ^ (x_3 v -x_2 v -x_0) ^ (x_3 v x_4 v -x_6)]
8,11,0.027458667755126953,1,5.340576171875e-05,0.050124168395996094,[(x_1 v -x_7 v -x_6) ^ (x_1 v x_5) ^ (-x_1 v -x_4 v -x_2) ^ (x_1 v x_7) ^ (x_1 v x_7 v -x_6) ^ (x_1 v x_7 v -x_5) ^ (-x_7 v x_2 v -x_0) ^ (-x_7 v x_5 v -x_3) ^ (x_6 v -x_4 v -x_0) ^ (x_0 v -x_7 v x_3) ^ (x_6 v x_1 v -x_3)]
8,23,0.05183696746826172,16,0.000118255615234375,0.0446624755859375,[(x_0 v x_6 v x_1) ^ (-x_1 v x_0) ^ (x_0 v -x_4 v x_3) ^ (x_4 v x_2 v x_7) ^ (-x_4 v -x_7 v -x_0) ^ (-x_1 v x_3 v -x_6) ^ (x_3 v -x_2 v x_7) ^ (-x_4 v x_2 v -x_3) ^ (-x_1 v x_6 v -x_3) ^ (-x_5 v x_7 v x_4) ^ (-x_7 v -x_2) ^ (-x_4 v -x_6 v -x_0) ^ (x_3 v x_5) ^ (x_7 v x_2 v -x_3) ^ (x_3 v -x_4 v x_5) ^ (x_6 v x_1 v x_2) ^ (x_3 v x_2 v -x_0) ^ (x_6 v -x_5 v x_4) ^ (-x_6 v -x_3 v -x_0) ^ (-x_1 v -x_4 v x_2) ^ (-x_5 v -x_4 v -x_2) ^ (-x_7 v x_4 v -x_0) ^ (x_1 v x_4 v -x_3)]
8,19,0.04994463920593262,1,0.000392913818359375,0.057295799255371094,[(x_3 v x_4 v x_5) ^ (-x_1 v -x_2 v -x_3) ^ (-x_1 v x_7) ^ (x_6 v -x_7) ^ (-x_1 v x_7 v x_0) ^ (x_0 v -x_4 v -x_6) ^ (-x_1 v -x_4 v -x_6) ^ (-x_7 v x_4 v -x_3) ^ (x_3 v -x_4 v -x_5) ^ (x_0 v x_1 v -x_6) ^ (x_6 v x_1 v -x_2) ^ (x_4 v -x_6) ^ (x_1 v x_4 v -x_0) ^ (-x_6 v -x_5 v -x_0) ^ (-x_1 v -x_2 v x_4) ^ (-x_2 v x_4) ^ (x_6 v -x_5 v -x_0) ^ (x_3 v x_5 v -x_6) ^ (x_4 v x_5 v -x_6)]
8,11,0.018798351287841797,16,8.130073547363281e-05,0.04175567626953125,[(x_4 v x_7 v -x_3) ^ (x_5 v x_2) ^ (x_4 v x_2 v x_7) ^ (-x_6 v x_7 v -x_0) ^ (x_1 v -x_4) ^ (x_6 v -x_2 v x_5) ^ (x_0 v x_6 v -x_3) ^ (x_3 v x_1 v x_7) ^ (-x_1 v -x_5 v -x_6) ^ (-x_5 v x_7) ^ (x_3 v x_4 v -x_0)]
8,9,0.01541280746459961,1,0.00010919570922851562,0.06360530853271484,[(x_0 v -x_4 v -x_6) ^ (-x_2 v -x_0) ^ (-x_1 v -x_2 v x_0) ^ (x_0 v x_1 v -x_6) ^ (x_4 v -x_0) ^ (x_0 v x_5 v -x_3) ^ (x_3 v x_1 v x_2) ^ (-x_4 v x_7 v -x_3) ^ (-x_1 v -x_2 v x_3)]
8,17,0.03880739212036133,16,0.00015854835510253906,0.03659820556640625,[(-x_5 v x_7 v -x_3) ^ (x_0 v x_6) ^ (-x_4 v -x_5 v -x_0) ^ (x_6 v -x_0) ^ (-x_2 v -x_0) ^ (x_0 v x_6 v -x_2) ^ (x_3 v -x_4) ^ (x_0 v -x_1 v -x_2) ^ (-x_6 v -x_2 v x_4) ^ (-x_2 v -x_3 v x_4) ^ (-x_7 v x_4 v -x_0) ^ (x_7 v x_2 v -x_6) ^ (-x_1 v -x_0) ^ (-x_1 v x_2 v -x_0) ^ (x_3 v x_4 v -x_6) ^ (x_6 v x_1 v -x_5) ^ (x_0 v x_6 v x_3)]
8,14,0.04284024238586426,1,7.462501525878906e-05,0.058585166931152344,[(x_7 v x_2 v x_4) ^ (-x_4 v x_7 v -x_0) ^ (-x_4 v -x_0) ^ (x_3 v x_4 v x_5) ^ (-x_1 v -x_4 v -x_2) ^ (x_2 v -x_3 v -x_6) ^ (-x_1 v -x_5 v x_4) ^ (x_1 v x_7) ^ (x_0 v -x_7 v -x_3) ^ (-x_2 v -x_5 v -x_0) ^ (-x_7 v -x_2 v -x_6) ^ (x_0 v -x_3 v -x_6) ^ (-x_2 v x_5) ^ (-x_4 v -x_6 v -x_0)]
8,16,0.027602195739746094,16,0.00035119056701660156,0.0469970703125,[(x_5 v -x_6) ^ (-x_5 v -x_0) ^ (x_6 v -x_4 v x_5) ^ (x_4 v x_5 v -x_3) ^ (x_3 v x_6 v -x_5) ^ (x_1 v -x_4) ^ (x_3 v x_2) ^ (-x_1 v -x_6 v x_0) ^ (x_0 v -x_4 v x_5) ^ (-x_1 v -x_7 v x_5) ^ (-x_1 v x_2 v -x_6) ^ (-x_1 v -x_0) ^ (x_4 v x_7 v -x_0) ^ (x_1 v -x_7 v x_2) ^ (x_0 v -x_5) ^ (x_3 v -x_2 v -x_0)]
8,16,0.04816460609436035,1,7.987022399902344e-05,0.052702903747558594,[(-x_0 v x_1 v -x_6) ^ (-x_4 v x_7 v x_5) ^ (x_0 v -x_4 v -x_7) ^ (x_1 v x_7 v x_5) ^ (-x_5 v x_2) ^ (x_3 v x_7 v x_2) ^ (x_6 v -x_7 v x_2) ^ (x_0 v x_4 v x_7) ^ (-x_1 v -x_7 v -x_0) ^ (x_6 v x_7) ^ (-x_1 v x_6 v -x_3) ^ (-x_5 v -x_2 v -x_3) ^ (x_6 v -x_4 v -x_0) ^ (-x_4) ^ (-x_1 v x_4 v -x_6) ^ (-x_4 v -x_6 v -x_0)]
8,12,0.020082473754882812,16,0.00010633468627929688,0.04048919677734375,[(x_1 v x_2 v -x_0) ^ (-x_0 v -x_5 v -x_6) ^ (-x_6 v -x_2 v -x_0) ^ (-x_7 v x_4 v x_5) ^ (x_0 v -x_5 v -x_6) ^ (-x_1 v x_7 v -x_0) ^ (x_0 v -x_7 v -x_3) ^ (-x_6 v -x_3) ^ (-x_1 v -x_4 v x_0) ^ (x_3 v x_1 v -x_6) ^ (x_0 v -x_1 v x_7) ^ (-x_1 v -x_0 v -x_3)]
8,11,0.024921655654907227,1,6.890296936035156e-05,0.055731773376464844,[(x_0 v x_6 v x_1) ^ (-x_4 v -x_5 v -x_0) ^ (-x_1 v -x_5 v -x_2) ^ (x_0 v x_4) ^ (x_6 v x_4 v x_2) ^ (-x_5 v x_7 v -x_6) ^ (x_3 v -x_1 v -x_0) ^ (x_6 v -x_5 v x_4) ^ (-x_4 v -x_5 v x_7) ^ (x_1 v x_5 v -x_3) ^ (-x_7 v -x_5 v -x_3)]
8,23,0.04437828063964844,16,8.106231689453125e-05,0.04388427734375,[(-x_1 v -x_5 v -x_2) ^ (-x_5 v -x_2 v -x_0) ^ (x_1 v -x_4 v -x_7) ^ (x_1 v -x_4 v x_5) ^ (x_5 v -x_0) ^ (-x_1 v -x_4 v -x_3) ^ (-x_1 v -x_2 v x_3) ^ (-x_1 v -x_4 v x_3) ^ (-x_1 v -x_7 v -x_5) ^ (x_1 v -x_2 v -x_3) ^ (x_3 v x_7) ^ (x_4 v x_7 v -x_6) ^ (x_1 v x_4 v x_2) ^ (x_7 v -x_0) ^ (x_3 v x_6 v x_4) ^ (-x_7 v -x_5) ^ (x_6 v x_7 v -x_0) ^ (-x_2 v x_5) ^ (x_3 v -x_2) ^ (-x_1 v -x_4 v -x_5) ^ (x_2 v -x_3) ^ (x_3 v x_1 v -x_7) ^ (x_4 v -x_3 v -x_0)]
8,17,0.04960155487060547,1,0.0003833770751953125,0.057265281677246094,[(x_4 v x_2 v -x_3) ^ (x_7 v -x_3 v -x_0) ^ (x_3 v -x_5 v -x_0) ^ (x_6 v -x_5 v x_2) ^ (x_1 v -x_2 v -x_3) ^ (x_3 v x_2 v -x_0) ^ (x_0 v x_1 v -x_5) ^ (x_3 v x_6 v x_2) ^ (x_6 v -x_2 v x_5) ^ (x_0 v -x_2 v -x_3) ^ (-x_1 v -x_4 v -x_7) ^ (-x_0 v -x_6) ^ (-x_1 v -x_7 v -x_3) ^ (-x_1 v -x_4 v x_2) ^ (-x_4 v -x_5 v x_7) ^ (x_6 v x_1 v -x_3) ^ (x_7 v x_5 v -x_6)]
8,8,0.015006065368652344,16,0.0002918243408203125,0.0390167236328125,[(-x_1 v -x_7 v -x_6) ^ (x_3 v -x_7 v -x_2) ^ (-x_4 v x_7 v x_2) ^ (-x_1 v -x_5) ^ (-x_1 v -x_5 v x_7) ^ (x_6 v -x_7 v -x_2) ^ (-x_1 v x_6 v -x_2) ^ (-x_5 v x_7 v -x_0)]
8,16,0.04144692420959473,1,8.034706115722656e-05,0.052222251892089844,[(-x_1 v x_6) ^ (-x_1 v x_5) ^ (-x_2 v x_5 v x_7) ^ (x_7 v x_2 v -x_0) ^ (x_3 v -x_2 v x_4) ^ (x_3 v -x_4 v x_2) ^ (x_7 v x_2 v -x_3) ^ (-x_1 v x_7 v -x_3) ^ (x_0 v x_5 v -x_3) ^ (x_1 v -x_2 v x_4) ^ (-x_0 v -x_5 v x_4) ^ (-x_7 v x_5 v -x_3) ^ (-x_4 v x_5 v -x_3) ^ (x_1 v x_4 v x_5) ^ (-x_7 v -x_3) ^ (x_1 v -x_4 v -x_6)]
8,21,0.037592411041259766,16,0.00010156631469726562,0.04131317138671875,[(x_1 v -x_2 v -x_5) ^ (x_3 v -x_1 v x_4) ^ (x_1 v -x_2 v x_5) ^ (-x_1 v x_7 v x_5) ^ (x_3 v -x_1 v x_6) ^ (-x_4 v -x_2 v -x_7) ^ (x_6 v -x_7 v x_5) ^ (-x_4 v x_7) ^ (-x_4 v x_5 v -x_7) ^ (-x_7 v -x_5 v x_4) ^ (-x_7 v -x_5) ^ (-x_7 v x_2 v -x_6) ^ (x_1 v -x_3 v -x_6) ^ (x_6 v -x_5) ^ (-x_2 v -x_0) ^ (x_1 v x_5) ^ (-x_1 v -x_7 v -x_6) ^ (x_7 v x_5 v -x_0) ^ (-x_4 v x_2 v -x_7) ^ (x_1 v -x_7 v -x_3) ^ (x_3 v -x_2 v -x_0)]
8,14,0.02991962432861328,1,5.0067901611328125e-05,0.055922508239746094,[(x_3 v x_7 v x_2) ^ (-x_5 v -x_2 v -x_0) ^ (-x_2 v x_4 v -x_6) ^ (x_0 v x_3 v x_5) ^ (-x_7 v -x_5) ^ (x_7 v -x_3 v x_4) ^ (x_7 v x_2 v -x_3) ^ (-x_1 v -x_7 v -x_2) ^ (x_1 v x_7) ^ (x_4 v -x_0) ^ (x_3 v x_6 v x_5) ^ (-x_0 v -x_5 v x_4) ^ (x_7 v x_4) ^ (x_0 v -x_5 v -x_6)]
8,17,0.036332130432128906,16,0.00030040740966796875,0.0410003662109375,[(x_1 v -x_7) ^ (x_0 v x_4 v -x_3) ^ (-x_1 v -x_2 v x_0) ^ (-x_0 v x_2 v -x_6) ^ (x_4 v -x_3) ^ (x_1 v x_7 v -x_6) ^ (-x_4 v -x_5 v -x_7) ^ (-x_7 v x_2 v -x_6) ^ (x_6 v x_4 v -x_3) ^ (-x_7 v x_2 v x_5) ^ (x_0 v x_1 v x_2) ^ (-x_1 v x_5 v -x_0) ^ (x_1 v -x_5) ^ (x_4 v x_2 v -x_0) ^ (-x_7 v x_5 v -x_3) ^ (-x_7 v -x_5 v -x_6) ^ (x_3 v -x_7 v -x_0)]
8,20,0.05556631088256836,1,7.534027099609375e-05,0.056365013122558594,[(x_6 v -x_4 v -x_0) ^ (x_3 v -x_1 v x_7) ^ (x_0 v x_6 v -x_7) ^ (x_7 v x_2 v -x_3) ^ (-x_1 v -x_5 v x_4) ^ (x_0 v x_1 v -x_6) ^ (x_3 v x_6 v -x_4) ^ (-x_1 v x_3) ^ (x_3 v -x_0 v -x_6) ^ (x_0 v x_5 v -x_6) ^ (x_0 v -x_2 v -x_6) ^ (x_0 v -x_5 v x_7) ^ (x_6 v x_7 v -x_0) ^ (-x_1 v x_3 v -x_0) ^ (x_6 v -x_4 v -x_2) ^ (x_0 v x_6 v -x_1) ^ (-x_7 v -x_2 v x_4) ^ (x_6 v x_4 v x_5) ^ (-x_0 v x_7 v x_4) ^ (x_3 v -x_4 v -x_2)]
8,18,0.026394367218017578,16,0.00014972686767578125,0.03964996337890625,[(x_2 v -x_3) ^ (x_6 v x_1 v -x_0) ^ (-x_1 v -x_7 v -x_5) ^ (x_6 v x_7 v x_5) ^ (-x_4 v -x_2) ^ (-x_4 v -x_2 v -x_0) ^ (x_1 v -x_7 v x_5) ^ (x_3 v x_6 v x_1) ^ (-x_7 v x_5 v -x_6) ^ (x_3 v -x_2 v x_7) ^ (x_3 v x_5 v -x_0) ^ (-x_4 v -x_5 v x_2) ^ (-x_7 v -x_2 v -x_6) ^ (x_3 v -x_2 v x_5) ^ (x_4 v x_5) ^ (x_3 v x_1 v x_4) ^ (-x_1 v -x_4 v x_7) ^ (x_1 v -x_2 v x_7)]
8,23,0.05602073669433594,1,7.486343383789062e-05,0.060965538024902344,[(x_1 v x_7 v x_2) ^ (-x_2 v -x_5 v -x_3) ^ (x_7 v x_2) ^ (-x_4 v -x_2 v -x_7) ^ (x_4 v x_2) ^ (x_4 v x_2 v -x_3) ^ (x_6 v x_1 v -x_2) ^ (-x_4 v -x_2 v -x_3) ^ (-x_4 v -x_3) ^ (x_0 v x_1 v -x_7) ^ (x_6 v x_1 v x_2) ^ (-x_1 v -x_2) ^ (x_0 v x_7 v x_5) ^ (x_0 v x_4 v x_2) ^ (x_5 v x_4 v x_2) ^ (x_6 v x_7 v -x_0) ^ (x_3 v -x_2) ^ (x_6 v -x_5 v -x_0) ^ (-x_2 v -x_3 v -x_6) ^ (x_0 v x_5 v -x_3) ^ (x_1 v -x_7 v -x_3) ^ (-x_1 v -x_0) ^ (-x_1 v x_5 v x_3)]
8,12,0.017728328704833984,16,0.00014472007751464844,0.03754425048828125,[(x_1 v x_7 v x_5) ^ (x_0 v x_7 v x_5) ^ (x_6 v -x_4 v x_5) ^ (-x_1 v x_5 v -x_3) ^ (x_6 v -x_2) ^ (-x_1 v -x_4) ^ (-x_4 v -x_5 v -x_7) ^ (x_3 v -x_7 v x_5) ^ (-x_1 v x_6 v x_7) ^ (x_0 v x_7 v -x_6) ^ (-x_1 v -x_7) ^ (-x_1 v -x_5 v x_3)]
8,12,0.019469261169433594,1,6.604194641113281e-05,0.053992271423339844,[(x_6 v -x_5 v -x_3) ^ (x_0 v x_7 v x_5) ^ (x_0 v x_4 v x_2) ^ (x_3 v -x_1 v -x_6) ^ (-x_4 v x_7 v x_2) ^ (x_2 v -x_3 v -x_6) ^ (x_4 v x_2 v -x_6) ^ (x_3 v x_6 v -x_7) ^ (x_0 v x_2) ^ (-x_1 v x_7 v x_5) ^ (x_6 v -x_5) ^ (x_6 v x_1 v x_2)]
8,20,0.032999515533447266,16,0.00010466575622558594,0.04341888427734375,[(x_0 v x_4) ^ (x_3 v -x_1) ^ (x_6 v x_1 v x_4) ^ (-x_1 v -x_7 v x_4) ^ (x_1 v -x_2 v -x_3) ^ (x_0 v x_6 v -x_7) ^ (x_0 v -x_1 v -x_3) ^ (x_6 v x_5 v -x_0) ^ (x_3 v -x_5 v -x_0) ^ (-x_2 v x_5 v x_7) ^ (x_3 v x_1 v -x_4) ^ (-x_2 v -x_5 v -x_0) ^ (-x_4 v -x_5 v -x_3) ^ (x_6 v x_5) ^ (-x_1 v -x_7 v -x_6) ^ (-x_1 v x_2 v -x_3) ^ (x_1 v -x_7 v -x_3) ^ (x_3 v x_5 v -x_6) ^ (-x_2 v x_5 v x_4) ^ (x_0 v -x_5 v -x_6)]
8,11,0.019188404083251953,1,4.649162292480469e-05,0.058142662048339844,[(x_1 v x_2 v x_5) ^ (-x_1 v -x_4 v -x_6) ^ (-x_4 v -x_3 v -x_6) ^ (x_0 v -x_4 v -x_2) ^ (-x_4 v -x_7 v -x_0) ^ (-x_1 v -x_7 v -x_0) ^ (x_3 v x_2) ^ (x_0 v -x_6) ^ (-x_4 v -x_3) ^ (x_3 v -x_7 v -x_0) ^ (x_0 v x_7 v -x_3)]
8,21,0.03600645065307617,16,0.00015616416931152344,0.0442962646484375,[(x_0 v x_4) ^ (x_3 v -x_6) ^ (x_3 v -x_1 v -x_0) ^ (x_0 v -x_4 v x_5) ^ (x_6 v x_7) ^ (x_6 v -x_4 v -x_7) ^ (-x_6 v -x_5 v x_4) ^ (-x_4 v x_5 v -x_3) ^ (-x_4 v -x_3) ^ (x_0 v -x_7 v x_3) ^ (-x_1 v x_7 v -x_6) ^ (x_6 v -x_2 v -x_3) ^ (x_0 v x_7 v x_5) ^ (-x_6 v -x_5 v -x_0) ^ (x_0 v x_6 v -x_3) ^ (-x_1 v -x_2 v -x_0) ^ (x_3 v -x_5 v x_2) ^ (-x_7 v -x_2 v x_4) ^ (x_3 v x_2) ^ (x_3 v -x_1 v -x_5) ^ (x_3 v x_4)]
8,19,0.052506446838378906,1,0.00014400482177734375,0.053328514099121094,[(x_3 v -x_1 v x_6) ^ (x_3 v -x_1) ^ (-x_5 v x_4) ^ (x_0 v -x_7 v x_2) ^ (-x_7 v x_4 v x_2) ^ (x_7 v x_2 v -x_3) ^ (x_3 v x_1) ^ (x_3 v -x_7 v x_4) ^ (-x_0 v -x_5 v x_4) ^ (x_0 v x_7 v x_5) ^ (-x_1 v x_6 v x_2) ^ (x_1 v -x_7 v x_5) ^ (x_3 v x_1 v x_4) ^ (-x_1 v -x_2 v x_4) ^ (-x_4 v -x_5 v x_7) ^ (-x_2 v -x_0) ^ (-x_5 v x_2 v -x_6) ^ (x_0 v -x_4 v -x_2) ^ (x_2 v x_5 v -x_3)]
8,23,0.031642913818359375,16,0.00012445449829101562,0.04225921630859375,[(x_3 v -x_1 v -x_6) ^ (x_4 v x_2 v x_7) ^ (x_1 v -x_2 v x_7) ^ (-x_4 v x_7 v -x_6) ^ (-x_1 v -x_6) ^ (-x_4 v -x_2 v -x_3) ^ (x_6 v -x_2 v x_7) ^ (x_6 v x_7 v -x_3) ^ (x_3 v -x_4 v x_5) ^ (x_1 v -x_5 v x_4) ^ (-x_7 v -x_5) ^ (-x_6 v -x_3) ^ (x_0 v x_2) ^ (-x_1 v -x_2 v -x_0) ^ (-x_4 v x_7 v x_5) ^ (x_0 v x_7 v -x_2) ^ (x_6 v x_4 v -x_0) ^ (x_0 v x_6 v x_5) ^ (-x_1 v x_4 v -x_3) ^ (x_0 v -x_4 v x_7) ^ (x_4 v x_7 v -x_0) ^ (-x_1 v -x_2 v x_5) ^ (-x_2 v x_5 v x_4)]
8,12,0.03678083419799805,1,4.9591064453125e-05,0.06493282318115234,[(x_7 v -x_0) ^ (x_0 v x_4 v -x_3) ^ (-x_7 v -x_5) ^ (x_3 v x_6 v x_2) ^ (x_3 v -x_1 v -x_0) ^ (x_4 v x_2 v -x_6) ^ (-x_0 v x_1 v -x_3) ^ (-x_1 v x_5 v -x_0) ^ (x_4 v -x_6) ^ (x_3 v x_6 v x_5) ^ (x_3 v -x_1 v -x_7) ^ (x_0 v x_7 v -x_3)]
8,19,0.02908492088317871,16,0.00012922286987304688,0.03951263427734375,[(x_1 v -x_7 v -x_6) ^ (-x_4 v -x_5) ^ (x_0 v -x_2 v x_5) ^ (-x_4 v -x_7 v -x_0) ^ (-x_7 v x_5 v -x_6) ^ (-x_4 v -x_2 v x_5) ^ (x_3 v x_5 v x_0) ^ (-x_1 v -x_4 v x_3) ^ (x_0 v x_6 v x_4) ^ (x_4 v -x_6) ^ (x_3 v -x_7 v x_4) ^ (-x_5 v -x_4 v -x_2) ^ (-x_5 v x_7 v -x_0) ^ (-x_1 v -x_2 v x_0) ^ (-x_1 v -x_5) ^ (x_1 v x_7) ^ (x_5 v x_1 v x_2) ^ (x_1 v -x_2 v x_4) ^ (-x_1 v -x_4 v x_7)]
8,11,0.031271934509277344,1,6.008148193359375e-05,0.054999351501464844,[(-x_4 v x_2 v -x_6) ^ (-x_6 v -x_0) ^ (x_2 v -x_3) ^ (x_3 v -x_5 v -x_6) ^ (-x_1 v x_6 v x_2) ^ (-x_1 v -x_5 v x_7) ^ (-x_1 v -x_4 v x_5) ^ (x_6 v -x_7 v -x_3) ^ (-x_2 v -x_3 v x_4) ^ (x_3 v x_4 v -x_6) ^ (-x_5 v -x_4 v -x_2)]
8,20,0.03217959403991699,16,0.0003266334533691406,0.04315948486328125,[(-x_5 v -x_2 v -x_0) ^ (x_7 v x_5 v -x_3) ^ (x_6 v x_2 v -x_3) ^ (-x_0 v -x_4 v -x_6) ^ (x_1 v -x_4 v -x_7) ^ (x_0 v -x_2 v x_5) ^ (-x_4 v -x_2 v -x_0) ^ (x_6 v x_1) ^ (-x_1 v x_6 v -x_3) ^ (x_5 v x_2 v -x_3) ^ (x_4 v x_2 v -x_3) ^ (x_6 v x_1 v x_7) ^ (x_2 v x_7 v x_5) ^ (-x_1 v x_6) ^ (-x_7 v -x_2 v -x_3) ^ (x_3 v x_6 v -x_7) ^ (x_0 v x_1) ^ (x_3 v x_4 v x_7) ^ (x_3 v x_4 v x_2) ^ (x_0 v x_1 v -x_3)]
8,19,0.03150033950805664,1,5.6743621826171875e-05,0.056365013122558594,[(x_7 v x_4 v -x_0) ^ (x_3 v -x_4 v x_2) ^ (x_0 v -x_4 v x_5) ^ (x_6 v x_1) ^ (x_3 v x_5) ^ (-x_1 v -x_7 v x_4) ^ (x_7 v x_2 v -x_3) ^ (x_3 v -x_2 v x_5) ^ (x_6 v -x_4 v -x_7) ^ (x_0 v -x_2) ^ (x_1 v x_4 v -x_0) ^ (-x_1 v -x_2 v x_4) ^ (-x_2 v x_5 v -x_3) ^ (x_0 v x_6 v x_5) ^ (x_6 v x_7 v x_5) ^ (-x_4 v -x_5 v x_2) ^ (x_1 v -x_2 v x_4) ^ (-x_0 v x_7 v x_4) ^ (x_4 v -x_3 v -x_0)]
8,10,0.014393329620361328,16,0.00027489662170410156,0.04151153564453125,[(x_1 v -x_7 v -x_5) ^ (x_3 v -x_2 v -x_6) ^ (-x_2 v x_5 v x_7) ^ (x_0 v x_2 v -x_6) ^ (-x_4 v -x_0) ^ (x_3 v -x_5) ^ (x_3 v -x_1 v x_6) ^ (-x_1 v -x_2 v x_4) ^ (x_3 v -x_4 v -x_2) ^ (x_6 v x_1 v -x_3)]
8,23,0.038252830505371094,1,0.0001819133758544922,0.062415122985839844,[(x_1 v -x_2 v -x_5) ^ (x_7 v x_5 v -x_3) ^ (x_1 v -x_4 v -x_7) ^ (x_3 v -x_4 v x_7) ^ (x_6 v -x_2 v x_4) ^ (-x_5 v x_4) ^ (x_3 v -x_5 v -x_6) ^ (-x_3 v -x_6) ^ (-x_1 v -x_4 v x_7) ^ (-x_1 v -x_6 v -x_3) ^ (x_1 v x_4) ^ (x_3 v x_1 v -x_5) ^ (x_1 v -x_7 v x_4) ^ (x_6 v -x_0) ^ (x_3 v -x_5 v -x_2) ^ (x_6 v x_7 v x_2) ^ (-x_2 v -x_0) ^ (x_6 v x_7 v x_5) ^ (x_0 v -x_4 v -x_2) ^ (-x_2 v -x_3 v -x_6) ^ (x_3 v x_5 v -x_6) ^ (-x_7 v -x_3) ^ (-x_7 v x_4 v -x_0)]
8,17,0.023747682571411133,16,9.083747863769531e-05,0.0346221923828125,[(-x_6 v x_2 v -x_0) ^ (-x_2 v x_7 v x_4) ^ (x_0 v x_4 v -x_3) ^ (x_0 v -x_2 v -x_3) ^ (-x_1 v x_5 v -x_0) ^ (-x_2 v -x_3 v -x_6) ^ (x_6 v -x_7 v -x_3) ^ (-x_4 v x_2 v -x_7) ^ (-x_1 v x_4 v x_2) ^ (x_0 v x_1 v x_2) ^ (x_0 v x_2 v -x_3) ^ (x_0 v x_1) ^ (-x_0 v x_2 v -x_6) ^ (-x_2 v x_4 v -x_0) ^ (x_3 v -x_1 v -x_5) ^ (x_3 v x_6 v -x_0) ^ (x_3 v x_4)]
8,20,0.05744433403015137,1,8.0108642578125e-05,0.057700157165527344,[(-x_0 v -x_3) ^ (x_5 v -x_0) ^ (-x_5 v x_2 v x_7) ^ (-x_2 v -x_3 v x_4) ^ (-x_7 v x_2 v -x_0) ^ (x_1 v x_5 v -x_0) ^ (x_4 v x_2 v -x_3) ^ (-x_1 v -x_6 v -x_0) ^ (-x_2 v -x_5 v -x_6) ^ (x_6 v x_1 v x_5) ^ (x_0 v -x_1) ^ (x_6 v x_7 v x_2) ^ (x_3 v -x_7 v x_2) ^ (x_3 v x_1 v x_5) ^ (x_0 v x_1) ^ (x_3 v x_1 v x_4) ^ (x_1 v x_4 v x_5) ^ (x_1 v -x_7) ^ (x_0 v x_6 v x_5) ^ (x_3 v x_7 v x_5)]
8,17,0.027956485748291016,16,0.00017762184143066406,0.04056549072265625,[(x_0 v -x_7 v x_2) ^ (x_3 v x_6 v x_4) ^ (x_3 v -x_6) ^ (-x_2 v x_7 v -x_3) ^ (x_0 v -x_2 v x_4) ^ (x_0 v x_1 v x_7) ^ (x_0 v -x_2 v x_5) ^ (-x_1 v x_7) ^ (x_1 v x_7) ^ (x_3 v -x_5 v -x_2) ^ (-x_1 v x_6 v x_0) ^ (x_1 v -x_3 v -x_6) ^ (x_3 v -x_4 v -x_5) ^ (x_1 v -x_2 v -x_6) ^ (x_0 v -x_2 v -x_6) ^ (-x_7 v -x_5 v x_4) ^ (x_6 v x_7)]
8,16,0.042771100997924805,1,7.43865966796875e-05,0.052283287048339844,[(x_1 v -x_7) ^ (x_1 v x_5 v -x_6) ^ (-x_1 v x_6 v -x_7) ^ (x_3 v -x_6) ^ (-x_5 v x_7 v -x_6) ^ (-x_5 v x_2 v -x_6) ^ (-x_7 v -x_2 v x_5) ^ (x_1 v x_7) ^ (-x_1 v x_3 v -x_6) ^ (x_0 v -x_4 v x_7) ^ (x_3 v x_2 v -x_6) ^ (x_6 v x_1 v x_5) ^ (-x_4 v x_2 v -x_7) ^ (x_3 v x_6 v x_5) ^ (-x_1 v x_4 v -x_3) ^ (-x_7 v x_2 v -x_3)]
8,11,0.01964879035949707,16,0.00011348724365234375,0.0394439697265625,[(x_0 v -x_7 v -x_2) ^ (x_0 v -x_1 v x_4) ^ (x_0 v -x_7 v -x_5) ^ (x_7 v x_2 v -x_3) ^ (x_1 v x_2) ^ (x_1 v x_2 v -x_3) ^ (-x_1 v -x_2 v -x_0) ^ (x_6 v -x_4 v x_2) ^ (x_3 v x_4) ^ (x_4 v -x_3 v -x_6) ^ (-x_7 v -x_2)]
8,16,0.031572818756103516,1,0.00012373924255371094,0.054358482360839844,[(-x_1 v x_6 v -x_5) ^ (-x_2 v -x_0) ^ (-x_1 v -x_4 v -x_0) ^ (x_1 v -x_2 v -x_3) ^ (x_6 v -x_5 v -x_0) ^ (x_1 v -x_5 v -x_3) ^ (x_0 v -x_7 v -x_3) ^ (-x_1 v x_7 v -x_3) ^ (x_0 v x_1 v x_3) ^ (x_0 v -x_4 v x_5) ^ (x_5 v x_1 v x_2) ^ (x_0 v x_1) ^ (-x_7 v x_5 v -x_3) ^ (x_6 v x_5 v -x_0) ^ (-x_7 v -x_2 v -x_0) ^ (-x_7 v -x_2)]
8,16,0.02667689323425293,16,0.00011897087097167969,0.0435638427734375,[(x_3 v x_6 v x_7) ^ (x_0 v -x_4 v -x_5) ^ (x_6 v x_2 v -x_3) ^ (x_6 v x_1 v -x_7) ^ (x_6 v -x_4 v -x_2) ^ (-x_1 v x_6 v x_4) ^ (x_3 v x_1 v -x_4) ^ (-x_6 v x_7 v x_4) ^ (x_1 v x_4 v -x_0) ^ (x_4 v -x_6) ^ (-x_2 v -x_3 v x_4) ^ (x_0 v x_6 v -x_4) ^ (-x_7 v -x_5 v -x_6) ^ (x_1 v x_4 v x_5) ^ (x_1 v x_5 v -x_0) ^ (-x_1 v x_4 v -x_0)]
8,15,0.04468417167663574,1,0.00012803077697753906,0.054358482360839844,[(x_3 v x_4 v x_2) ^ (x_6 v x_4) ^ (-x_5 v x_2) ^ (x_4 v x_5 v x_7) ^ (-x_4 v x_5 v -x_7) ^ (x_6 v -x_5 v -x_0) ^ (x_1 v x_7) ^ (-x_1 v x_5 v -x_0) ^ (x_1 v x_4 v -x_0) ^ (x_3 v -x_7 v x_4) ^ (x_0 v x_4 v x_3) ^ (x_4 v -x_3) ^ (x_0 v -x_1 v -x_5) ^ (-x_2 v x_5) ^ (x_3 v x_5 v x_0)]
8,8,0.01410222053527832,16,9.989738464355469e-05,0.03162384033203125,[(-x_1 v x_5 v -x_3) ^ (x_6 v -x_2) ^ (-x_1 v -x_5 v x_4) ^ (x_6 v x_7 v x_2) ^ (x_1 v -x_2 v -x_0) ^ (x_6 v -x_5 v -x_2) ^ (x_4 v -x_3) ^ (x_4 v x_2)]
8,22,0.06215858459472656,1,7.867813110351562e-05,0.056952476501464844,[(-x_1 v -x_2 v x_7) ^ (-x_4 v x_2 v -x_3) ^ (x_5 v x_2 v -x_3) ^ (x_3 v x_7 v x_2) ^ (x_3 v -x_1 v x_7) ^ (-x_2 v x_5 v -x_0) ^ (x_0 v x_1 v -x_6) ^ (x_1 v -x_7 v x_2) ^ (x_6 v x_7 v -x_3) ^ (x_0 v -x_5) ^ (x_3 v x_1 v -x_5) ^ (x_1 v x_5 v -x_6) ^ (x_1 v -x_6 v -x_3) ^ (-x_2 v x_5) ^ (-x_7 v x_5) ^ (-x_0 v -x_4 v -x_3) ^ (x_7 v -x_3) ^ (x_6 v -x_4 v -x_2) ^ (-x_4 v x_2 v -x_7) ^ (-x_1 v x_2 v -x_6) ^ (-x_1 v -x_7) ^ (-x_1 v x_7 v x_2)]
8,20,0.02848982810974121,16,7.939338684082031e-05,0.0398101806640625,[(-x_1 v -x_3 v -x_0) ^ (-x_4 v -x_2 v -x_0) ^ (x_6 v -x_7 v -x_0) ^ (-x_7 v -x_5 v x_2) ^ (x_0 v -x_7 v -x_2) ^ (x_4 v -x_3 v -x_6) ^ (-x_1 v -x_4 v -x_6) ^ (x_0 v x_6 v -x_2) ^ (-x_5 v x_2 v x_4) ^ (x_0 v -x_7 v -x_3) ^ (-x_4 v -x_2 v -x_3) ^ (x_7 v x_5) ^ (x_0 v x_1 v x_2) ^ (-x_7 v x_5) ^ (x_2 v -x_3) ^ (x_7 v -x_3) ^ (x_7 v x_5 v -x_0) ^ (x_0 v x_6 v x_5) ^ (x_3 v x_1 v x_0) ^ (x_4 v x_5 v -x_6)]
8,24,0.038747310638427734,1,7.462501525878906e-05,0.061720848083496094,[(-x_2 v x_7 v -x_6) ^ (x_5 v -x_7 v x_2) ^ (-x_2 v -x_3 v x_4) ^ (-x_7 v x_2 v -x_3) ^ (-x_5 v -x_2 v x_7) ^ (x_6 v x_1 v -x_2) ^ (x_6 v x_5 v -x_0) ^ (x_3 v x_1 v -x_5) ^ (x_4 v x_5 v x_7) ^ (x_0 v x_4 v x_2) ^ (-x_1 v x_6 v x_2) ^ (-x_2 v -x_5) ^ (-x_1 v x_4 v x_5) ^ (x_0 v x_5 v -x_6) ^ (x_3 v -x_5 v -x_2) ^ (-x_7 v x_2 v -x_6) ^ (x_3 v x_1 v x_5) ^ (x_0 v x_4 v x_5) ^ (x_6 v x_5) ^ (x_3 v -x_2 v -x_6) ^ (x_6 v -x_4 v -x_2) ^ (x_6 v x_2 v -x_0) ^ (x_4 v x_5) ^ (-x_1 v x_4 v -x_6)]
8,13,0.023354291915893555,16,0.00011992454528808594,0.03609466552734375,[(x_7 v x_5 v x_4) ^ (-x_1 v x_4) ^ (x_6 v -x_0) ^ (x_6 v x_1 v -x_7) ^ (-x_1 v -x_4 v -x_2) ^ (-x_5 v -x_2 v x_7) ^ (x_0 v x_7 v -x_3) ^ (-x_1 v -x_4 v x_5) ^ (-x_1 v -x_7 v x_5) ^ (-x_1 v -x_5 v -x_0) ^ (x_3 v x_7 v x_0) ^ (x_3 v x_4 v x_7) ^ (x_6 v -x_7 v x_5)]
9,18,0.06652116775512695,1,0.0001380443572998047,0.09796810150146484,[(-x_1 v -x_4 v -x_6) ^ (x_0 v -x_2) ^ (-x_8 v -x_6) ^ (x_7 v x_2 v x_8) ^ (-x_1 v -x_2 v -x_3) ^ (x_0 v x_1 v -x_8) ^ (-x_1 v -x_4 v -x_7) ^ (x_1 v -x_4) ^ (x_3 v -x_7 v x_5) ^ (-x_4 v -x_7 v x_8) ^ (x_7 v x_5 v x_8) ^ (x_6 v x_2) ^ (x_4 v x_7 v -x_0) ^ (-x_1 v -x_6 v -x_3) ^ (x_0 v -x_1 v x_8) ^ (x_4 v x_2 v x_8) ^ (-x_5 v x_2 v -x_0) ^ (x_0 v x_8)]
9,26,0.08534836769104004,23,0.0003790855407714844,0.08577442169189453,[(x_1 v x_7 v x_2) ^ (-x_1 v -x_2 v x_7) ^ (x_6 v x_2 v -x_8) ^ (x_7 v x_5 v -x_3) ^ (-x_2 v x_5 v -x_6) ^ (-x_1 v -x_4 v x_8) ^ (-x_1 v -x_4 v -x_3) ^ (-x_1 v -x_8 v -x_3) ^ (-x_4 v x_7 v -x_6) ^ (x_8 v x_2 v -x_3) ^ (x_3 v -x_0 v -x_6) ^ (-x_1 v -x_8 v -x_0) ^ (x_6 v x_1 v -x_3) ^ (x_0 v x_1 v -x_2) ^ (x_1 v x_5 v -x_8) ^ (-x_5 v x_8) ^ (x_0 v x_2) ^ (x_7 v x_2 v -x_6) ^ (x_1 v x_4 v x_5) ^ (-x_7 v x_5 v -x_0) ^ (x_1 v x_2 v x_5) ^ (-x_1 v -x_5 v -x_8) ^ (x_1 v -x_4 v -x_2) ^ (-x_0 v x_7 v -x_3) ^ (x_1 v -x_2 v x_4) ^ (x_3 v x_1 v x_2)]
9,9,0.04120635986328125,1,0.0001361370086669922,0.09014034271240234,[(x_5 v -x_4 v x_2) ^ (-x_3 v -x_8 v -x_6) ^ (-x_5 v x_7 v x_8) ^ (-x_6 v -x_3 v x_8) ^ (-x_2 v x_5 v -x_0) ^ (x_7 v x_2 v -x_3) ^ (x_4 v -x_8) ^ (-x_1 v -x_2 v x_4) ^ (x_8 v -x_7 v -x_6)]
9,15,0.049149513244628906,23,0.0002923011779785156,0.08265399932861328,[(x_6 v -x_2 v -x_3) ^ (-x_0 v -x_3) ^ (-x_7 v x_5 v x_8) ^ (-x_1 v -x_7 v -x_6) ^ (-x_2 v x_7 v x_4) ^ (x_6 v x_4 v -x_0) ^ (x_3 v x_2 v -x_0) ^ (x_7 v x_8) ^ (-x_1 v -x_4 v x_8) ^ (-x_4 v x_2 v -x_0) ^ (x_6 v -x_5 v -x_8) ^ (x_1 v -x_8 v -x_0) ^ (-x_4 v x_5) ^ (-x_1 v -x_2 v x_4) ^ (-x_4 v -x_6 v -x_0)]
9,10,0.05890154838562012,1,0.0001480579376220703,0.08847713470458984,[(-x_1 v -x_2 v -x_8) ^ (x_0 v -x_4 v -x_7) ^ (-x_6 v -x_5 v x_8) ^ (x_5 v -x_8 v -x_6) ^ (x_0 v -x_7 v -x_3) ^ (-x_1 v -x_7 v -x_0) ^ (x_8 v -x_7 v -x_3) ^ (-x_1 v x_7 v x_2) ^ (-x_7 v x_4 v -x_0) ^ (x_0 v -x_1 v x_2)]
9,21,0.05550789833068848,23,0.00019359588623046875,0.08823871612548828,[(x_1 v -x_4 v -x_0) ^ (x_0 v x_7 v x_4) ^ (x_4 v x_2 v -x_8) ^ (x_0 v -x_2 v -x_8) ^ (x_1 v -x_4 v -x_8) ^ (x_3 v x_2 v x_8) ^ (x_3 v x_8) ^ (-x_4 v -x_2 v -x_8) ^ (-x_7 v x_4 v x_2) ^ (x_4 v x_8) ^ (-x_1 v -x_7 v -x_0) ^ (-x_0 v -x_6) ^ (x_1 v -x_7 v x_4) ^ (x_6 v -x_3 v x_8) ^ (x_3 v x_6 v -x_7) ^ (x_3 v x_5 v -x_8) ^ (-x_2 v x_5 v -x_3) ^ (-x_0 v x_5 v x_8) ^ (x_3 v x_1 v -x_7) ^ (x_2 v x_5 v -x_3) ^ (x_6 v x_4 v x_5)]
9,11,0.06074929237365723,1,0.00024771690368652344,0.0955190658569336,[(x_0 v -x_4 v -x_5) ^ (x_0 v -x_7 v x_2) ^ (x_3 v -x_4 v x_2) ^ (x_5 v x_8) ^ (x_7 v x_4) ^ (-x_4 v -x_6) ^ (x_0 v x_1 v x_2) ^ (-x_1 v x_2 v -x_6) ^ (x_3 v -x_5 v x_7) ^ (x_3 v x_1 v -x_6) ^ (x_0 v -x_4 v x_2)]
9,19,0.05768704414367676,23,0.00028967857360839844,0.08833026885986328,[(x_0 v x_6 v -x_8) ^ (x_3 v -x_1 v -x_6) ^ (-x_1 v -x_3 v -x_0) ^ (-x_1 v x_5 v -x_0) ^ (-x_7 v x_2 v -x_3) ^ (-x_1 v -x_0 v x_8) ^ (-x_8 v -x_6) ^ (-x_5 v -x_2 v x_7) ^ (x_0 v x_1 v -x_7) ^ (x_6 v x_1 v x_2) ^ (-x_2 v x_5 v -x_8) ^ (-x_2 v x_5 v x_8) ^ (-x_4 v x_5 v -x_0) ^ (x_8 v x_2 v -x_0) ^ (-x_4 v x_7 v x_5) ^ (-x_2 v x_7) ^ (-x_1 v -x_5 v x_8) ^ (x_0 v -x_4) ^ (x_3 v -x_7 v -x_8)]
9,19,0.08026957511901855,1,0.00022220611572265625,0.1104269027709961,[(x_0 v x_4) ^ (x_3 v -x_7 v x_8) ^ (x_3 v x_2 v -x_8) ^ (x_0 v -x_5 v x_8) ^ (x_3 v -x_7) ^ (x_4 v -x_8 v -x_6) ^ (-x_7 v x_4 v x_2) ^ (-x_5 v x_2 v x_4) ^ (-x_7 v -x_8 v -x_6) ^ (x_7 v -x_3 v x_4) ^ (x_1 v -x_7 v -x_0) ^ (-x_1 v x_7 v -x_8) ^ (-x_5 v x_8) ^ (x_3 v x_5 v -x_8) ^ (x_0 v -x_7) ^ (x_0 v x_7 v x_8) ^ (x_4 v x_5) ^ (x_8 v x_2 v -x_3) ^ (-x_1 v -x_4 v x_7)]
9,13,0.03419613838195801,23,0.0003719329833984375,0.07935047149658203,[(x_0 v -x_4 v x_8) ^ (-x_1 v -x_4 v -x_6) ^ (x_7 v -x_0) ^ (x_4 v x_5 v x_7) ^ (x_0 v x_1 v x_8) ^ (x_5 v -x_8 v -x_3) ^ (-x_1 v x_6 v x_4) ^ (x_3 v x_2 v -x_8) ^ (x_3 v -x_8 v x_0) ^ (-x_7 v -x_2 v -x_6) ^ (x_0 v x_6 v -x_4) ^ (x_4 v x_7 v -x_0) ^ (-x_0 v x_8)]
9,22,0.08941888809204102,1,0.0001533031463623047,0.1062154769897461,[(x_3 v -x_0) ^ (x_1 v -x_8) ^ (x_0 v -x_7 v x_8) ^ (x_3 v x_6 v x_1) ^ (x_0 v x_1 v -x_6) ^ (x_3 v -x_4 v -x_0) ^ (x_5 v -x_8 v -x_0) ^ (-x_4 v -x_2 v x_8) ^ (x_3 v -x_7 v -x_0) ^ (x_1 v x_5 v -x_6) ^ (-x_2 v x_5 v x_7) ^ (-x_1 v x_6 v x_2) ^ (x_0 v -x_1 v x_5) ^ (-x_6 v x_7 v x_8) ^ (-x_7 v -x_2 v -x_8) ^ (x_3 v x_1 v -x_0) ^ (-x_0 v x_5 v x_8) ^ (x_6 v x_5) ^ (x_4 v x_5 v -x_0) ^ (x_6 v -x_8 v -x_0) ^ (x_6 v x_2 v -x_0) ^ (x_1 v x_4 v -x_3)]
9,19,0.04940938949584961,23,0.0001480579376220703,0.08353900909423828,[(-x_1 v -x_5 v -x_3) ^ (x_3 v x_5 v x_0) ^ (x_7 v -x_3 v -x_6) ^ (x_8 v -x_5 v -x_3) ^ (-x_3 v -x_8 v -x_6) ^ (-x_7 v x_4 v x_2) ^ (x_6 v -x_4 v -x_7) ^ (-x_7 v -x_5 v -x_6) ^ (x_6 v x_7 v -x_3) ^ (-x_1 v x_7 v -x_6) ^ (x_3 v -x_6 v x_8) ^ (-x_6 v -x_3 v -x_0) ^ (x_7 v -x_8) ^ (x_8 v x_2 v -x_6) ^ (-x_4 v x_5 v -x_0) ^ (x_6 v x_4 v -x_0) ^ (-x_4 v x_2 v -x_0) ^ (-x_4 v x_2 v -x_7) ^ (x_7 v x_5 v -x_8)]
9,21,0.09463047981262207,1,0.00011134147644042969,0.09590816497802734,[(-x_7 v x_5 v x_8) ^ (x_0 v x_2 v x_3) ^ (x_3 v x_4 v x_5) ^ (x_6 v -x_7) ^ (x_0 v -x_5 v x_8) ^ (x_3 v -x_7) ^ (-x_4 v -x_2 v -x_8) ^ (x_0) ^ (x_6 v x_1 v -x_7) ^ (-x_5) ^ (-x_1 v x_6 v -x_2) ^ (x_0 v x_4 v x_2) ^ (-x_7 v x_4 v x_5) ^ (x_3 v -x_5 v -x_2) ^ (-x_5 v -x_8 v -x_6) ^ (x_3 v -x_5 v x_0) ^ (x_0 v -x_5 v x_7) ^ (x_6 v -x_3 v -x_0) ^ (x_1 v -x_7 v -x_3) ^ (x_1 v -x_4 v x_2) ^ (-x_1 v x_6 v x_5)]
9,14,0.037268638610839844,23,0.0002110004425048828,0.08019733428955078,[(-x_1 v x_6) ^ (-x_4 v -x_5 v -x_0) ^ (-x_7 v x_5 v x_8) ^ (x_1 v x_5 v -x_6) ^ (-x_7 v x_4 v x_5) ^ (-x_1 v x_2 v x_0) ^ (x_1 v -x_5 v -x_3) ^ (-x_4 v x_2 v x_8) ^ (x_1 v x_8) ^ (-x_1 v -x_6) ^ (-x_4 v x_2 v -x_7) ^ (-x_1 v x_2 v -x_6) ^ (-x_4 v -x_5 v x_8) ^ (x_1 v -x_2 v x_7)]
9,15,0.05333065986633301,1,0.0002486705780029297,0.0957632064819336,[(x_1 v -x_7 v -x_6) ^ (x_4 v x_7) ^ (-x_4 v x_7 v x_5) ^ (x_3 v -x_2 v -x_8) ^ (x_3 v x_5 v x_8) ^ (-x_5 v x_2 v -x_6) ^ (x_1 v x_7 v -x_0) ^ (x_3 v x_1) ^ (-x_1 v -x_2 v -x_6) ^ (x_6 v -x_4 v x_2) ^ (x_3 v x_1 v -x_6) ^ (-x_7 v x_4 v -x_6) ^ (x_1 v -x_7 v x_8) ^ (x_0 v x_1 v -x_2) ^ (x_2 v -x_3 v x_8)]
9,21,0.05974888801574707,23,0.00018286705017089844,0.07899951934814453,[(-x_0 v -x_3) ^ (-x_4 v x_7 v x_8) ^ (x_6 v x_4 v x_8) ^ (x_6 v -x_5 v -x_8) ^ (-x_1 v x_6 v x_7) ^ (x_4 v -x_8) ^ (x_0 v -x_7 v -x_2) ^ (x_8 v x_5 v -x_6) ^ (-x_7 v -x_5 v x_8) ^ (-x_6 v -x_2 v -x_3) ^ (-x_1 v -x_7 v -x_5) ^ (x_4 v -x_8 v -x_0) ^ (x_3 v x_1 v x_8) ^ (x_3 v x_1 v -x_5) ^ (x_3 v -x_8 v -x_6) ^ (x_1 v x_7 v -x_8) ^ (-x_1 v x_7 v x_8) ^ (x_0 v x_7 v x_8) ^ (-x_2 v -x_5 v x_8) ^ (x_8 v x_2 v -x_3) ^ (x_0 v -x_1 v x_2)]
9,26,0.09927606582641602,1,0.0002117156982421875,0.10642147064208984,[(x_3 v -x_0 v x_8) ^ (-x_6 v -x_8 v -x_3) ^ (-x_7 v -x_5 v x_2) ^ (-x_1 v -x_6 v -x_0) ^ (x_1 v x_7 v x_5) ^ (x_4 v x_8) ^ (x_0 v -x_8 v -x_3) ^ (-x_6 v -x_5 v -x_3) ^ (x_3 v x_6 v x_2) ^ (x_0 v -x_7 v -x_3) ^ (-x_7 v -x_5 v -x_6) ^ (-x_4 v -x_2 v -x_3) ^ (x_0 v x_1 v -x_8) ^ (-x_1 v x_4 v x_5) ^ (x_1 v x_4 v -x_0) ^ (x_1 v x_7 v -x_6) ^ (x_3 v x_2 v x_0) ^ (-x_1 v -x_0 v -x_3) ^ (-x_1 v x_7 v x_8) ^ (-x_2 v x_7 v x_8) ^ (x_0 v -x_4 v -x_8) ^ (x_3 v x_2) ^ (-x_5 v x_2 v -x_8) ^ (-x_1 v x_3 v x_0) ^ (x_3 v -x_1 v -x_5) ^ (x_0 v -x_5 v -x_6)]
9,11,0.035574913024902344,23,0.00015306472778320312,0.07145404815673828,[(x_1 v x_2 v x_8) ^ (-x_2 v x_4) ^ (-x_7 v -x_5 v x_8) ^ (x_0 v -x_7 v -x_6) ^ (x_6 v x_1 v x_8) ^ (-x_4 v x_7 v x_8) ^ (-x_7 v x_2) ^ (-x_7 v -x_2 v x_5) ^ (-x_5 v -x_8 v -x_3) ^ (-x_5 v -x_3 v -x_6) ^ (-x_1 v x_2 v -x_0)]
9,20,0.0844264030456543,1,0.00022864341735839844,0.09978389739990234,[(x_0 v x_1 v -x_5) ^ (x_0 v -x_7 v -x_8) ^ (x_4 v -x_3 v x_8) ^ (-x_7 v x_2 v -x_3) ^ (x_3 v x_6 v x_1) ^ (x_6 v x_1 v x_2) ^ (x_0 v x_1 v x_7) ^ (-x_4 v -x_6) ^ (x_0 v x_3 v x_8) ^ (x_6 v -x_5) ^ (x_5 v x_4 v x_2) ^ (-x_1 v x_2 v -x_8) ^ (-x_1 v -x_0 v -x_3) ^ (-x_4 v x_2 v -x_6) ^ (-x_4 v x_5 v -x_6) ^ (x_3 v -x_4) ^ (-x_7 v -x_2 v x_5) ^ (x_1 v x_5 v -x_3) ^ (x_6 v -x_7 v -x_8) ^ (x_3 v x_7 v x_5)]
9,15,0.04726719856262207,23,0.0002467632293701172,0.07962512969970703,[(-x_1 v -x_3) ^ (-x_7 v -x_2 v x_8) ^ (x_1 v -x_5 v -x_8) ^ (-x_4 v x_7 v x_5) ^ (x_0 v x_7 v -x_8) ^ (-x_4 v x_8) ^ (x_0 v x_1 v x_8) ^ (-x_5 v -x_2 v x_7) ^ (x_1 v -x_5 v -x_0) ^ (-x_1 v x_7 v x_5) ^ (-x_7 v x_4 v -x_6) ^ (x_3 v -x_7 v -x_0) ^ (x_3 v x_4 v -x_6) ^ (x_3 v -x_4 v x_5) ^ (-x_7 v -x_8 v -x_3)]
9,12,0.036394357681274414,1,0.00010275840759277344,0.08969783782958984,[(x_1 v x_5) ^ (x_0 v x_1 v -x_4) ^ (-x_1 v x_5 v -x_3) ^ (x_0 v x_7 v x_3) ^ (-x_4 v x_2 v x_8) ^ (x_0 v x_2 v x_8) ^ (x_6 v -x_3 v -x_0) ^ (-x_5 v -x_2 v x_4) ^ (-x_2 v -x_3 v -x_6) ^ (-x_1 v x_6 v x_5) ^ (-x_1 v -x_4 v x_2) ^ (-x_5 v x_7 v -x_0)]
9,16,0.04196667671203613,23,0.0002338886260986328,0.07599353790283203,[(x_0 v -x_4 v -x_7) ^ (x_6 v x_4 v -x_0) ^ (x_6 v -x_7 v x_8) ^ (-x_5 v -x_8 v x_4) ^ (x_1 v -x_5 v x_2) ^ (-x_0 v -x_2 v x_4) ^ (x_0 v x_4 v -x_6) ^ (x_6 v -x_4 v -x_5) ^ (-x_1 v x_6 v -x_4) ^ (x_1 v -x_8 v -x_0) ^ (-x_2 v x_7 v -x_0) ^ (-x_4 v x_5 v -x_3) ^ (x_0 v x_1 v -x_3) ^ (x_7 v x_5 v -x_6) ^ (x_0 v -x_1 v x_3) ^ (x_0 v -x_5 v -x_6)]
9,24,0.0811312198638916,1,0.00023174285888671875,0.10253047943115234,[(x_0 v -x_3 v x_8) ^ (-x_7 v -x_5 v -x_0) ^ (-x_1 v x_0) ^ (x_1 v -x_3) ^ (-x_4 v -x_0) ^ (-x_1 v x_7) ^ (x_3 v x_5 v -x_0) ^ (x_4 v x_2 v x_8) ^ (-x_1 v -x_3) ^ (-x_4 v -x_2 v x_7) ^ (-x_8 v -x_6) ^ (x_0 v x_6 v x_4) ^ (x_6 v -x_5 v -x_2) ^ (x_3 v x_4 v -x_6) ^ (x_0 v -x_2 v x_4) ^ (x_1 v -x_7 v x_5) ^ (x_1 v x_5 v -x_8) ^ (x_7 v -x_6) ^ (x_3 v x_8 v -x_0) ^ (x_1 v -x_4 v x_2) ^ (x_0 v -x_4 v -x_3) ^ (x_0 v x_7 v -x_3) ^ (-x_1 v x_6 v -x_0) ^ (-x_0 v x_8)]
9,11,0.030516624450683594,23,0.00015783309936523438,0.08339405059814453,[(-x_2 v x_7 v -x_6) ^ (x_0 v x_7 v x_2) ^ (x_3 v -x_4 v x_0) ^ (-x_1 v -x_7 v x_3) ^ (-x_4 v x_2 v -x_7) ^ (-x_1 v x_3) ^ (x_0 v x_1) ^ (x_6 v x_2 v x_8) ^ (-x_7 v -x_6 v -x_0) ^ (x_0 v x_4 v -x_8) ^ (x_7 v x_5 v -x_6)]
9,21,0.08201026916503906,1,0.00013947486877441406,0.0944967269897461,[(x_6 v x_2 v -x_3) ^ (x_3 v x_4 v x_5) ^ (-x_8 v -x_0) ^ (x_1 v -x_2 v -x_8) ^ (x_3 v x_7 v x_2) ^ (-x_7 v x_4 v x_2) ^ (x_6 v -x_5 v x_7) ^ (x_3 v -x_4 v -x_0) ^ (-x_2 v x_5 v x_7) ^ (x_0 v x_7 v x_5) ^ (x_0 v x_5) ^ (x_1 v x_4 v -x_0) ^ (x_0 v x_1) ^ (-x_1 v x_2 v x_5) ^ (x_0 v x_6 v -x_5) ^ (-x_0 v x_2 v x_8) ^ (x_7 v -x_8 v -x_0) ^ (x_2 v x_5 v -x_3) ^ (-x_1 v -x_4 v -x_7) ^ (-x_1 v x_4 v -x_3) ^ (-x_1 v -x_5 v x_8)]
9,16,0.044348716735839844,23,0.00018715858459472656,0.08281421661376953,[(x_0 v x_7 v -x_8) ^ (x_0 v x_6) ^ (-x_7 v -x_2 v -x_3) ^ (-x_1 v -x_8 v -x_0) ^ (x_3 v -x_5 v -x_6) ^ (-x_6 v -x_2 v -x_0) ^ (x_0 v x_3 v -x_8) ^ (x_0 v x_1 v x_8) ^ (-x_5 v x_7 v -x_6) ^ (x_3 v x_1 v -x_4) ^ (-x_2 v -x_7 v -x_5) ^ (x_6 v x_2 v -x_0) ^ (x_3 v -x_7 v x_4) ^ (x_0 v x_1) ^ (x_3 v -x_6 v x_0) ^ (-x_1 v -x_7 v x_0)]
9,22,0.09719395637512207,1,0.0001842975616455078,0.10222530364990234,[(x_3 v -x_1 v x_5) ^ (x_8 v -x_4 v -x_6) ^ (-x_4 v -x_2 v -x_0) ^ (x_7 v x_2) ^ (x_8 v -x_2 v -x_6) ^ (x_8 v -x_2 v -x_0) ^ (x_3 v x_6 v -x_2) ^ (x_4 v x_2 v x_8) ^ (-x_2 v x_4 v -x_6) ^ (-x_5 v x_2 v x_4) ^ (x_0 v x_1 v -x_6) ^ (x_6 v -x_2 v x_7) ^ (x_6 v -x_3 v x_8) ^ (-x_7 v -x_8 v -x_0) ^ (-x_6 v x_7 v x_8) ^ (-x_6 v -x_3) ^ (x_3 v -x_5 v x_7) ^ (x_0 v x_1 v x_2) ^ (x_3 v x_1 v -x_2) ^ (x_5 v -x_8 v -x_6) ^ (x_0 v x_4 v -x_6) ^ (x_3 v x_1 v x_2)]
9,10,0.030919551849365234,23,0.0002486705780029297,0.07741260528564453,[(x_0 v -x_2 v x_8) ^ (-x_7 v -x_5 v x_8) ^ (-x_1 v -x_4 v -x_5) ^ (x_1 v -x_4 v x_8) ^ (x_6 v -x_0) ^ (-x_4 v x_7) ^ (x_5 v -x_8 v -x_3) ^ (-x_1 v -x_7 v -x_2) ^ (x_3 v -x_4 v x_5) ^ (-x_7 v -x_8 v -x_3)]
9,11,0.015563011169433594,1,0.00018215179443359375,0.0954427719116211,[(-x_1 v x_0) ^ (x_7 v -x_0) ^ (x_0 v x_7 v x_3) ^ (x_6 v x_4 v x_2) ^ (-x_1 v -x_7) ^ (-x_1 v x_6 v x_7) ^ (-x_6 v x_4 v -x_0) ^ (-x_4 v x_5 v x_8) ^ (x_0 v -x_2 v x_3) ^ (x_3 v -x_7 v -x_8) ^ (-x_5 v -x_8)]
9,14,0.02048468589782715,23,0.000274658203125,0.08547687530517578,[(x_6 v x_4) ^ (-x_4 v -x_2 v -x_8) ^ (x_6 v -x_4 v x_5) ^ (x_0 v x_5) ^ (-x_7 v x_4 v x_2) ^ (x_5 v -x_8 v -x_6) ^ (-x_1 v x_6 v x_4) ^ (x_4 v x_2 v x_7) ^ (x_4 v x_2 v -x_8) ^ (x_0 v x_2 v x_8) ^ (x_0 v -x_4 v x_5) ^ (x_1 v x_4 v x_8) ^ (x_3 v -x_4 v -x_7) ^ (x_1 v x_5 v -x_0)]
9,21,0.029389142990112305,1,0.00011777877807617188,0.10237789154052734,[(x_1 v x_4 v -x_6) ^ (x_6 v -x_7 v -x_5) ^ (-x_1 v x_6 v -x_8) ^ (x_3 v x_6) ^ (-x_4 v x_5 v -x_7) ^ (-x_4 v -x_2) ^ (-x_1 v -x_7 v -x_0) ^ (-x_1 v x_7 v -x_3) ^ (x_4 v -x_6) ^ (x_6 v x_1 v -x_8) ^ (-x_4 v x_2) ^ (x_1 v -x_4 v -x_6) ^ (x_3 v x_6 v x_4) ^ (x_3 v x_2 v -x_0) ^ (x_7 v -x_6) ^ (-x_2 v -x_5 v -x_0) ^ (-x_4 v -x_5 v x_7) ^ (x_3 v -x_2 v x_4) ^ (x_6 v -x_8 v -x_0) ^ (x_1 v -x_2 v x_4) ^ (x_3 v x_7 v x_5)]
9,20,0.0256803035736084,23,0.00010585784912109375,0.08813190460205078,[(-x_1 v -x_2 v -x_8) ^ (-x_4 v x_5 v -x_8) ^ (x_7 v x_5 v -x_3) ^ (-x_0 v -x_8 v -x_3) ^ (x_3 v -x_2 v x_7) ^ (x_1 v -x_4 v -x_8) ^ (x_8 v x_5 v -x_6) ^ (-x_1 v -x_6 v -x_0) ^ (-x_4 v -x_7 v -x_8) ^ (x_6 v x_1 v x_2) ^ (x_0 v x_7 v x_5) ^ (-x_6 v x_7 v x_4) ^ (x_0 v -x_7) ^ (x_0 v -x_3 v -x_6) ^ (x_7 v -x_8) ^ (x_7 v -x_8 v -x_0) ^ (x_3 v x_1 v -x_2) ^ (-x_1 v -x_2 v x_0) ^ (x_3 v -x_4 v -x_6) ^ (x_0 v -x_4 v x_7)]
9,25,0.04449939727783203,1,7.677078247070312e-05,0.10266780853271484,[(x_0 v -x_4 v -x_5) ^ (x_6 v -x_7 v x_4) ^ (x_6 v x_1 v -x_4) ^ (-x_5 v -x_3 v x_4) ^ (x_3 v -x_5 v -x_6) ^ (x_0 v -x_2 v -x_3) ^ (x_3 v x_4 v -x_6) ^ (x_1 v -x_4 v -x_6) ^ (x_6 v -x_4 v x_8) ^ (-x_2 v x_6 v -x_5) ^ (x_1 v -x_7 v -x_0) ^ (x_0 v -x_5 v x_4) ^ (x_3 v x_6 v -x_7) ^ (-x_1 v x_4 v x_7) ^ (x_3 v x_4 v x_7) ^ (-x_2 v x_5 v x_8) ^ (x_3 v x_1 v x_4) ^ (x_3 v x_7 v x_8) ^ (x_1 v x_4 v -x_8) ^ (x_3 v -x_4 v -x_6) ^ (x_1 v -x_7 v -x_3) ^ (-x_1 v -x_5 v x_8) ^ (x_0 v x_3) ^ (x_3 v -x_7 v -x_8) ^ (x_6 v x_4 v -x_8)]
9,10,0.01354074478149414,23,0.00013589859008789062,0.07870197296142578,[(-x_5 v -x_6) ^ (x_3 v x_1 v -x_7) ^ (-x_5 v x_2) ^ (-x_5 v x_4 v -x_6) ^ (x_0 v x_1 v -x_4) ^ (x_0 v -x_7 v -x_6) ^ (x_0 v -x_1 v -x_2) ^ (x_0 v x_2 v x_8) ^ (x_0 v -x_7 v -x_8) ^ (x_1 v -x_4 v x_2)]
9,21,0.029386281967163086,1,9.608268737792969e-05,0.1020193099975586,[(x_1 v -x_7 v -x_6) ^ (-x_4 v -x_3 v -x_6) ^ (x_3 v -x_7 v x_8) ^ (-x_7 v x_2 v -x_0) ^ (x_5 v -x_8) ^ (-x_1 v -x_7 v -x_5) ^ (x_3 v x_2 v -x_6) ^ (-x_6 v -x_5 v x_4) ^ (-x_1 v -x_6 v -x_3) ^ (x_2 v -x_8 v -x_6) ^ (-x_7 v -x_2 v -x_0) ^ (x_3 v -x_4 v x_5) ^ (x_1 v x_4 v -x_0) ^ (x_6 v x_7 v x_2) ^ (x_8 v -x_5 v x_4) ^ (-x_1 v x_6 v -x_4) ^ (-x_2 v x_5 v x_8) ^ (-x_7 v x_5 v -x_0) ^ (-x_7 v -x_8 v -x_3) ^ (x_1 v x_4 v -x_8) ^ (-x_1 v -x_2 v x_5)]
9,12,0.016253232955932617,23,0.0001995563507080078,0.07745075225830078,[(x_1 v x_4 v x_2) ^ (x_2 v -x_0) ^ (x_3 v x_6 v x_4) ^ (-x_0 v -x_4 v -x_6) ^ (x_6 v -x_7 v x_8) ^ (x_1 v -x_7 v x_5) ^ (x_6 v -x_7) ^ (-x_1 v x_2 v -x_6) ^ (x_0 v -x_2 v -x_8) ^ (x_1 v -x_2 v x_4) ^ (-x_8) ^ (x_6 v -x_4 v x_8)]
9,24,0.0857839584350586,1,0.0001704692840576172,0.09737300872802734,[(-x_1 v x_5) ^ (x_0 v -x_2 v x_5) ^ (x_1 v -x_4 v x_5) ^ (x_6 v -x_7 v x_4) ^ (x_3 v x_5 v -x_0) ^ (x_8 v -x_6 v -x_0) ^ (x_3 v x_1 v -x_8) ^ (x_0 v x_7 v x_2) ^ (x_0 v -x_5 v -x_2) ^ (x_3 v -x_7 v -x_6) ^ (x_1 v -x_8 v -x_3) ^ (-x_7 v -x_2 v -x_0) ^ (x_0 v x_1 v -x_2) ^ (x_7 v x_2 v x_8) ^ (x_0 v -x_5 v x_4) ^ (-x_6 v -x_8 v -x_0) ^ (x_0 v -x_7) ^ (x_0 v -x_3 v -x_6) ^ (x_7 v -x_8) ^ (x_3 v x_1 v -x_2) ^ (x_7 v x_8) ^ (x_6 v x_5 v x_8) ^ (x_1 v -x_3 v x_8) ^ (x_3 v x_4 v -x_0)]
9,19,0.06427764892578125,23,0.0004134178161621094,0.08639240264892578,[(-x_1 v -x_5 v -x_2) ^ (x_6 v x_5 v -x_3) ^ (-x_2 v -x_8 v x_4) ^ (x_3 v x_6) ^ (x_1 v x_8 v -x_0) ^ (-x_1 v -x_7 v x_4) ^ (x_1 v -x_2 v x_8) ^ (x_5 v -x_3) ^ (x_0 v -x_8 v -x_6) ^ (-x_1 v x_4 v x_7) ^ (-x_1 v -x_7 v -x_3) ^ (x_1 v x_4 v x_5) ^ (-x_4 v x_7 v -x_0) ^ (x_6 v x_7 v x_5) ^ (x_0 v -x_4 v -x_2) ^ (-x_0 v -x_7 v -x_6) ^ (x_3 v x_5 v -x_6) ^ (-x_7 v x_5 v -x_3) ^ (x_0 v x_7 v x_2)]
9,12,0.034470558166503906,1,0.00010442733764648438,0.09772396087646484,[(-x_1 v x_6 v x_8) ^ (x_0 v x_7 v x_4) ^ (x_1 v -x_2 v -x_3) ^ (-x_4 v -x_5) ^ (-x_2 v -x_5 v -x_8) ^ (-x_2 v x_7 v -x_8) ^ (x_3 v x_6 v x_1) ^ (x_6 v -x_4 v -x_8) ^ (x_1 v x_7 v -x_0) ^ (-x_4 v -x_5 v -x_6) ^ (-x_6 v -x_8 v -x_0) ^ (-x_4 v x_2)]
9,21,0.05877828598022461,23,0.00029087066650390625,0.08324909210205078,[(x_1 v x_2 v -x_6) ^ (x_3 v -x_0) ^ (x_5 v x_2 v -x_8) ^ (x_0 v -x_7 v -x_6) ^ (x_6 v -x_7 v x_4) ^ (x_6 v x_2 v x_8) ^ (-x_7 v x_2 v -x_3) ^ (x_7 v x_2 v -x_0) ^ (-x_8 v -x_6) ^ (-x_2 v -x_6) ^ (x_0 v -x_5) ^ (x_6 v x_4 v x_2) ^ (x_3 v -x_7 v x_2) ^ (x_3 v x_1 v -x_0) ^ (-x_2 v x_7 v x_8) ^ (x_3 v -x_2 v -x_6) ^ (x_3 v x_1 v -x_2) ^ (x_6 v -x_5 v -x_0) ^ (-x_7 v -x_3 v x_8) ^ (-x_1 v x_4 v -x_3) ^ (-x_6 v x_4 v x_8)]
9,23,0.09286093711853027,1,0.00014019012451171875,0.1048116683959961,[(-x_1 v x_5) ^ (x_5 v x_2 v -x_8) ^ (x_6 v -x_7 v x_8) ^ (x_1 v -x_7 v -x_8) ^ (x_0 v -x_7 v -x_8) ^ (x_7 v x_4) ^ (-x_1 v -x_4 v x_3) ^ (x_6 v x_1 v -x_0) ^ (x_0 v -x_5 v -x_2) ^ (x_3 v -x_7 v x_5) ^ (x_3 v -x_7 v -x_6) ^ (x_6 v -x_8 v -x_3) ^ (-x_2 v -x_5) ^ (-x_7 v -x_5) ^ (x_0 v x_1 v x_7) ^ (-x_5 v -x_8 v x_4) ^ (x_0 v -x_8) ^ (x_3 v x_1 v x_4) ^ (-x_1 v x_2 v -x_3) ^ (-x_4 v x_2 v x_5) ^ (x_0 v -x_7 v x_5) ^ (-x_1 v x_6 v -x_0) ^ (x_7 v x_5 v -x_8)]
9,23,0.08111143112182617,23,0.0002875328063964844,0.08791065216064453,[(x_3 v x_4 v -x_0) ^ (-x_7 v -x_5 v -x_0) ^ (-x_4 v x_2 v x_8) ^ (x_3 v x_4 v x_0) ^ (-x_1 v x_6 v x_7) ^ (-x_7 v x_2 v -x_0) ^ (-x_1 v -x_7 v x_2) ^ (-x_8 v -x_6) ^ (x_0 v -x_8 v -x_3) ^ (x_0 v -x_5 v x_2) ^ (-x_0 v -x_2 v -x_6) ^ (x_1 v x_5 v -x_3) ^ (x_1 v -x_7 v x_4) ^ (x_6 v -x_0) ^ (-x_1 v x_6 v x_2) ^ (x_6 v -x_4 v -x_3) ^ (-x_6 v x_7 v x_4) ^ (-x_1 v -x_4) ^ (x_1 v -x_7 v x_5) ^ (x_3 v -x_2) ^ (-x_7 v -x_0) ^ (x_3 v -x_1 v -x_5) ^ (-x_4 v x_2 v -x_8)]
9,21,0.07622861862182617,1,0.0001811981201171875,0.0959615707397461,[(-x_4 v -x_5 v -x_0) ^ (x_3 v -x_0 v x_8) ^ (x_0 v -x_5 v x_8) ^ (x_1 v -x_7 v x_8) ^ (-x_7 v -x_5 v -x_3) ^ (-x_1 v -x_6 v -x_0) ^ (-x_1 v -x_7 v -x_5) ^ (-x_1 v -x_5 v x_4) ^ (x_2 v -x_8 v -x_0) ^ (x_3 v -x_5 v -x_0) ^ (x_3 v x_4 v -x_8) ^ (-x_1 v x_7 v x_3) ^ (x_3 v x_1 v -x_4) ^ (-x_2 v x_7 v -x_8) ^ (x_0 v x_3 v x_8) ^ (x_2 v x_5 v -x_8) ^ (-x_5 v -x_3) ^ (-x_0 v x_5 v x_8) ^ (x_0 v x_4 v -x_6) ^ (x_1 v x_5 v -x_3) ^ (x_1 v -x_8)]
9,19,0.06536436080932617,23,0.000209808349609375,0.08308124542236328,[(x_0 v x_6 v x_1) ^ (-x_1 v -x_2 v -x_8) ^ (x_0 v -x_4 v -x_5) ^ (-x_1 v x_6 v -x_7) ^ (x_3 v x_8 v -x_6) ^ (-x_7 v -x_5 v -x_3) ^ (x_3 v -x_7 v -x_5) ^ (-x_7 v x_4 v -x_8) ^ (x_0 v -x_5 v x_3) ^ (x_5 v -x_3) ^ (x_7 v x_2 v x_8) ^ (x_1 v x_4 v -x_0) ^ (x_7 v x_2 v -x_6) ^ (x_1 v x_7 v -x_8) ^ (x_0 v x_6 v -x_5) ^ (-x_0 v -x_4 v -x_3) ^ (x_7 v -x_8 v -x_3) ^ (-x_1 v -x_4 v -x_8) ^ (-x_8 v -x_3)]
9,26,0.0973665714263916,1,0.00018858909606933594,0.1032857894897461,[(x_0 v x_4) ^ (-x_0 v -x_7 v x_8) ^ (-x_4 v -x_7 v -x_0) ^ (x_4 v x_7 v -x_8) ^ (x_3 v x_2 v -x_8) ^ (x_3 v -x_8 v x_0) ^ (x_0 v x_6 v -x_4) ^ (-x_4 v x_5 v x_8) ^ (x_0 v -x_2 v x_8) ^ (x_1 v -x_2) ^ (-x_7 v x_4 v -x_3) ^ (x_1 v x_2) ^ (x_6 v -x_4 v -x_7) ^ (-x_7 v -x_5 v x_4) ^ (x_6 v x_4) ^ (x_6 v -x_0) ^ (-x_7 v -x_5) ^ (x_0 v x_5 v -x_8) ^ (x_3 v x_6 v -x_0) ^ (-x_7 v x_5 v -x_0) ^ (x_2 v -x_8 v -x_3) ^ (-x_1 v -x_4 v -x_0) ^ (x_8 v x_7 v -x_3) ^ (-x_2 v -x_5 v -x_8) ^ (x_2 v x_5 v -x_3) ^ (-x_4 v x_2 v -x_8)]
9,16,0.0599675178527832,23,0.0009877681732177734,0.07599353790283203,[(-x_7 v -x_5 v x_8) ^ (x_1 v -x_4 v x_8) ^ (-x_7 v x_4 v x_2) ^ (x_3 v -x_4 v x_2) ^ (x_0 v -x_4 v -x_2) ^ (-x_4 v -x_2 v -x_0) ^ (-x_1 v x_7) ^ (x_3 v x_6 v -x_4) ^ (x_4 v -x_8) ^ (-x_1 v -x_7 v x_5) ^ (x_1 v x_2 v -x_3) ^ (-x_5 v -x_2 v -x_3) ^ (-x_4 v x_5 v -x_3) ^ (-x_1 v -x_2 v x_5) ^ (-x_1 v -x_7 v x_8) ^ (-x_1 v x_4 v -x_0)]
9,26,0.08054280281066895,1,0.00010728836059570312,0.1064443588256836,[(x_0 v x_1 v -x_5) ^ (-x_1 v -x_4 v x_8) ^ (-x_1 v x_7) ^ (x_1 v x_7 v -x_5) ^ (-x_1 v x_5 v -x_0) ^ (x_1 v -x_5 v x_8) ^ (x_6 v -x_5 v x_8) ^ (x_3 v -x_7 v x_5) ^ (-x_1 v -x_7 v x_5) ^ (x_6 v -x_2 v x_7) ^ (-x_1 v -x_7 v x_0) ^ (x_7 v x_2 v -x_8) ^ (-x_7 v x_4) ^ (-x_5 v x_4 v x_8) ^ (x_3 v -x_7 v x_0) ^ (x_6 v -x_5 v x_2) ^ (x_6 v -x_2 v x_8) ^ (-x_1 v x_6 v x_2) ^ (x_8 v -x_3 v -x_6) ^ (x_0 v x_5 v -x_6) ^ (-x_5 v -x_3) ^ (-x_4 v -x_5 v x_7) ^ (-x_7 v -x_8 v -x_3) ^ (x_3 v x_1 v -x_2) ^ (x_4 v x_5 v -x_0) ^ (-x_7 v -x_3)]
9,27,0.07906651496887207,23,0.0002808570861816406,0.09404468536376953,[(-x_2 v x_7 v -x_6) ^ (-x_1 v -x_2 v -x_8) ^ (-x_2 v -x_5 v -x_3) ^ (-x_1 v -x_7 v -x_2) ^ (x_6 v -x_4 v -x_0) ^ (-x_4 v -x_2 v x_5) ^ (-x_1 v -x_8) ^ (-x_2 v x_7 v x_4) ^ (x_7 v x_2 v -x_0) ^ (-x_2 v -x_6) ^ (x_3 v -x_7 v -x_6) ^ (x_3 v -x_2 v x_5) ^ (x_0 v -x_7 v x_4) ^ (-x_0 v x_1 v x_8) ^ (x_0 v x_1 v -x_8) ^ (-x_1 v -x_2) ^ (x_7 v -x_0) ^ (-x_2 v -x_4 v -x_5) ^ (-x_1 v x_3 v -x_0) ^ (-x_0 v -x_5 v -x_6) ^ (-x_1 v -x_5 v -x_8) ^ (x_3 v -x_4) ^ (x_6 v -x_8 v -x_0) ^ (-x_1 v -x_4 v x_5) ^ (x_0 v -x_4 v x_7) ^ (x_0 v x_2 v -x_3) ^ (x_8 v x_5 v -x_3)]
9,26,0.10201716423034668,1,0.00023055076599121094,0.10156917572021484,[(x_1 v -x_4 v -x_0) ^ (-x_1 v -x_4 v x_8) ^ (-x_4 v x_7 v x_8) ^ (x_6 v -x_7 v x_4) ^ (x_4 v x_5 v -x_8) ^ (x_8 v x_4 v -x_0) ^ (-x_0 v x_1 v -x_6) ^ (x_0 v -x_5 v -x_3) ^ (-x_1 v -x_7 v x_4) ^ (x_8 v -x_2 v -x_3) ^ (-x_1 v x_2 v -x_0) ^ (x_0 v -x_5) ^ (x_6 v -x_4 v x_8) ^ (x_1 v x_7 v -x_6) ^ (-x_7 v x_2 v x_5) ^ (x_3 v x_6 v -x_7) ^ (x_1 v -x_6 v -x_3) ^ (-x_6 v -x_3 v -x_0) ^ (-x_6 v x_4 v -x_0) ^ (x_1 v x_2 v x_5) ^ (x_2 v -x_3) ^ (x_0 v x_6 v x_5) ^ (-x_0 v x_7 v -x_3) ^ (x_3 v -x_4) ^ (x_3 v -x_4 v -x_8) ^ (-x_1 v -x_7 v x_8)]
9,25,0.07899045944213867,23,0.0004863739013671875,0.09501361846923828,[(x_3 v x_2 v x_5) ^ (x_1 v -x_4 v -x_0) ^ (x_3 v -x_1 v -x_0) ^ (-x_4 v -x_2 v x_5) ^ (x_4 v -x_8) ^ (-x_7 v x_4 v -x_8) ^ (-x_1 v x_3 v -x_8) ^ (-x_7 v x_2 v -x_8) ^ (-x_1 v x_4 v x_2) ^ (x_0 v x_6 v x_7) ^ (-x_5 v x_7) ^ (x_2 v x_5 v -x_0) ^ (x_1 v -x_8 v -x_6) ^ (x_3 v -x_7 v -x_2) ^ (x_3 v x_4 v -x_8) ^ (-x_1 v x_4 v -x_8) ^ (x_6 v x_7 v -x_0) ^ (x_6 v x_5 v -x_8) ^ (x_7 v x_2 v x_4) ^ (-x_4 v x_5 v -x_6) ^ (x_6 v x_7 v x_5) ^ (x_6 v x_5 v x_8) ^ (x_1 v x_7 v x_8) ^ (x_0 v x_2 v -x_3) ^ (x_3 v x_7 v x_5)]
9,15,0.04934215545654297,1,0.00020170211791992188,0.0970296859741211,[(-x_2 v x_8) ^ (-x_1 v -x_2 v x_0) ^ (x_0 v x_3 v x_5) ^ (x_3 v x_4 v -x_2) ^ (x_1 v -x_4 v -x_7) ^ (x_6 v x_5 v x_8) ^ (-x_5 v x_2 v -x_3) ^ (x_6 v x_1 v -x_2) ^ (-x_7 v x_4 v x_8) ^ (x_0 v -x_6) ^ (x_3 v -x_1 v x_6) ^ (x_0 v -x_4) ^ (-x_1 v x_2 v x_5) ^ (-x_1 v -x_2 v -x_0) ^ (x_3 v -x_7 v -x_8)]
9,26,0.08623385429382324,23,0.00021123886108398438,0.08799457550048828,[(-x_2 v x_7 v -x_6) ^ (-x_0 v -x_3) ^ (-x_6 v -x_5 v x_8) ^ (x_7 v x_4 v -x_0) ^ (x_6 v x_2 v -x_3) ^ (-x_4 v x_2 v x_8) ^ (x_3 v -x_7 v -x_5) ^ (x_6 v x_1 v -x_0) ^ (x_3 v -x_7 v x_5) ^ (x_0 v x_4 v -x_2) ^ (-x_7 v x_4 v x_8) ^ (x_1 v -x_8 v -x_3) ^ (x_1 v -x_5 v x_4) ^ (-x_4 v x_7 v x_2) ^ (-x_0 v -x_5 v x_8) ^ (x_8 v -x_3 v -x_0) ^ (x_4 v -x_8 v -x_3) ^ (x_3 v x_6 v -x_0) ^ (-x_0 v -x_4 v -x_3) ^ (x_8 v x_2 v -x_0) ^ (x_3 v x_1 v x_7) ^ (-x_6 v -x_2 v x_4) ^ (-x_1 v -x_5 v x_8) ^ (x_4 v x_5 v -x_6) ^ (x_0 v x_7 v -x_3) ^ (-x_6 v x_4 v x_8)]
9,26,0.09225606918334961,1,0.0001537799835205078,0.1049184799194336,[(x_1 v -x_4 v -x_0) ^ (-x_0 v -x_7 v x_8) ^ (x_6 v -x_7 v x_8) ^ (x_6 v -x_4 v -x_0) ^ (x_3 v -x_7 v -x_5) ^ (x_3 v x_7 v x_2) ^ (x_5 v -x_3 v x_8) ^ (x_1 v -x_2 v -x_3) ^ (x_1 v -x_7 v -x_2) ^ (x_6 v -x_2 v x_5) ^ (x_3 v -x_2 v x_5) ^ (x_1 v -x_8 v -x_3) ^ (-x_7 v -x_2 v -x_0) ^ (-x_1 v x_7 v -x_6) ^ (-x_7 v x_4) ^ (-x_2 v x_5 v -x_8) ^ (x_6 v -x_2 v x_8) ^ (x_3 v x_2 v -x_0) ^ (x_0 v x_1 v x_2) ^ (-x_1 v x_4 v x_0) ^ (x_0 v x_7 v -x_6) ^ (x_0 v x_5 v x_8) ^ (-x_1 v -x_5 v -x_8) ^ (x_6 v -x_3 v -x_0) ^ (x_1 v x_4 v x_8) ^ (-x_1 v -x_0)]
9,12,0.04357290267944336,23,0.0004935264587402344,0.07849597930908203,[(-x_1 v -x_2) ^ (-x_6 v -x_2 v -x_0) ^ (x_6 v -x_4 v -x_2) ^ (x_3 v -x_7) ^ (x_0 v x_1 v -x_4) ^ (-x_5 v x_2 v x_8) ^ (-x_7 v x_5 v -x_6) ^ (x_0 v -x_4 v x_7) ^ (x_6 v -x_4 v -x_5) ^ (x_0 v -x_4) ^ (x_2 v x_5 v -x_0) ^ (x_1 v -x_2 v -x_8)]
9,21,0.07129168510437012,1,0.0002052783966064453,0.10082149505615234,[(x_3 v -x_8 v -x_0) ^ (x_0 v -x_1 v x_4) ^ (-x_1 v x_7) ^ (x_1 v x_8) ^ (x_3 v x_6) ^ (-x_4 v -x_2 v -x_7) ^ (-x_7 v -x_2) ^ (x_4 v x_7 v -x_3) ^ (x_6 v x_1 v -x_0) ^ (-x_4 v x_5 v -x_3) ^ (x_2 v -x_8 v -x_6) ^ (-x_5 v -x_8) ^ (x_1 v x_7 v -x_3) ^ (x_0 v x_7 v x_5) ^ (x_0 v x_5) ^ (-x_5 v -x_8 v -x_6) ^ (-x_1 v x_2 v -x_8) ^ (-x_4 v x_7 v x_5) ^ (x_3 v x_1 v -x_7) ^ (x_6 v x_7 v x_5) ^ (x_1 v -x_4 v x_2)]
9,22,0.07742834091186523,23,0.00036144256591796875,0.08484363555908203,[(-x_2 v x_7 v -x_6) ^ (-x_1 v x_0) ^ (-x_1 v -x_4 v x_8) ^ (x_8 v -x_2 v -x_6) ^ (-x_1 v -x_3) ^ (x_6 v -x_2 v -x_0) ^ (-x_2 v x_7 v x_4) ^ (x_3 v -x_5 v -x_6) ^ (-x_1 v x_6 v -x_2) ^ (x_0 v x_1 v -x_8) ^ (-x_7 v -x_3 v -x_0) ^ (x_0 v -x_1) ^ (x_0 v x_4 v -x_3) ^ (x_6 v x_7 v x_2) ^ (x_3 v -x_2 v x_8) ^ (x_2 v x_5 v -x_8) ^ (x_3 v x_6 v x_7) ^ (x_3 v -x_4) ^ (x_6 v -x_3 v -x_0) ^ (-x_5 v -x_3 v -x_6) ^ (x_1 v -x_7 v -x_3) ^ (x_5 v x_2 v -x_6)]
9,14,0.04720020294189453,1,0.00015854835510253906,0.10233211517333984,[(x_1 v x_4 v x_2) ^ (x_1 v -x_4 v -x_7) ^ (x_0 v -x_5 v -x_8) ^ (x_6 v -x_5 v x_7) ^ (-x_4 v x_7 v x_8) ^ (-x_4 v -x_2 v -x_0) ^ (x_7 v x_2 v -x_3) ^ (-x_1 v x_2) ^ (x_6 v -x_5) ^ (-x_5 v -x_3) ^ (-x_6 v -x_3 v -x_0) ^ (x_1 v -x_6 v -x_3) ^ (x_3 v x_1 v x_2) ^ (x_8 v x_2 v -x_6)]
9,14,0.04683399200439453,23,0.00016880035400390625,0.08079242706298828,[(-x_0 v x_5 v -x_3) ^ (x_7 v x_8) ^ (x_1 v -x_7 v x_5) ^ (-x_1 v -x_4) ^ (x_1 v x_5 v -x_8) ^ (x_1 v x_4 v x_8) ^ (-x_7 v x_4 v x_8) ^ (x_4 v x_2 v -x_0) ^ (x_4 v x_5) ^ (x_6 v x_7 v -x_3) ^ (x_4 v x_7 v x_8) ^ (x_3 v x_4 v -x_6) ^ (x_0 v x_1 v x_5) ^ (x_0 v -x_5 v -x_6)]
9,23,0.07334280014038086,1,0.00013566017150878906,0.1065511703491211,[(-x_7 v x_8) ^ (x_3 v -x_1 v x_4) ^ (-x_4 v -x_2 v -x_0) ^ (x_6 v -x_7 v x_4) ^ (x_3 v -x_1 v -x_7) ^ (x_7 v x_4) ^ (x_1 v -x_2 v -x_8) ^ (-x_1 v x_6 v x_3) ^ (x_5 v x_8) ^ (-x_4 v -x_5 v -x_8) ^ (-x_4 v -x_6 v -x_3) ^ (-x_1 v -x_5 v x_4) ^ (x_3 v x_6 v x_2) ^ (-x_1 v x_7 v -x_3) ^ (x_3 v x_4 v -x_6) ^ (-x_1 v x_3 v x_8) ^ (-x_4 v x_8) ^ (-x_1 v -x_8 v x_0) ^ (-x_4 v -x_5 v x_7) ^ (-x_1 v x_4) ^ (x_6 v x_2 v -x_0) ^ (x_0 v x_2 v -x_3) ^ (x_0 v x_7 v -x_3)]
9,12,0.04293322563171387,23,0.0002803802490234375,0.08533191680908203,[(x_3 v x_6 v x_8) ^ (-x_1 v x_4) ^ (-x_0 v x_4 v x_8) ^ (x_6 v x_2 v -x_3) ^ (x_6 v x_7 v -x_0) ^ (-x_4 v -x_7 v -x_6) ^ (x_1 v x_2) ^ (-x_7 v x_4 v x_8) ^ (-x_1 v x_2 v -x_0) ^ (x_6 v x_2 v x_5) ^ (x_6 v x_7 v x_4) ^ (-x_1 v x_2 v -x_8)]
9,16,0.06008028984069824,1,0.0002751350402832031,0.10172176361083984,[(x_7 v x_4 v -x_6) ^ (x_0 v -x_4 v -x_7) ^ (x_3 v -x_2 v -x_6) ^ (x_0 v x_2 v -x_6) ^ (x_1 v x_8 v -x_6) ^ (x_3 v -x_7 v x_8) ^ (x_1 v -x_7 v x_5) ^ (x_7 v -x_6) ^ (x_0 v x_7 v x_8) ^ (-x_4 v -x_2 v x_8) ^ (-x_4 v x_7 v -x_3) ^ (-x_5 v x_7 v -x_0) ^ (-x_2 v -x_8) ^ (x_7 v x_2 v -x_8) ^ (-x_4 v -x_8 v -x_0) ^ (x_1 v x_5 v -x_0)]
9,26,0.08493471145629883,23,0.0002570152282714844,0.08528614044189453,[(-x_7 v x_8) ^ (-x_2 v x_5 v -x_6) ^ (-x_5 v x_7 v x_8) ^ (-x_4 v -x_7 v -x_0) ^ (x_6 v -x_7 v -x_5) ^ (x_7 v x_2) ^ (-x_1 v x_6 v -x_3) ^ (-x_5 v -x_6) ^ (x_3 v x_8) ^ (x_0 v -x_4 v -x_6) ^ (-x_5 v x_4) ^ (x_0 v x_6 v x_4) ^ (x_5 v x_8) ^ (-x_4 v -x_8 v -x_3) ^ (x_1 v x_7 v -x_3) ^ (x_6 v x_7 v -x_8) ^ (x_7 v -x_6) ^ (x_3 v x_5 v -x_8) ^ (x_1 v -x_8 v -x_0) ^ (x_3 v x_1 v x_5) ^ (x_0 v x_5 v -x_8) ^ (x_1 v x_5) ^ (x_6 v -x_5 v -x_0) ^ (-x_1 v x_5 v -x_3) ^ (x_6 v -x_8) ^ (x_4 v -x_8 v -x_0)]
9,19,0.06700849533081055,1,0.00012993812561035156,0.09700679779052734,[(-x_2 v x_7 v -x_6) ^ (x_1 v x_2 v -x_6) ^ (-x_1 v x_7 v -x_0) ^ (-x_5 v x_2 v x_8) ^ (-x_1 v -x_2 v -x_3) ^ (-x_1 v -x_0 v x_8) ^ (x_3 v -x_5 v -x_6) ^ (-x_5 v -x_2 v x_8) ^ (x_3 v x_6 v x_1) ^ (-x_2 v x_7 v -x_0) ^ (x_4 v x_5 v -x_3) ^ (x_1 v -x_7 v x_5) ^ (x_3 v x_8 v -x_0) ^ (x_3 v -x_1 v -x_8) ^ (x_5 v x_4 v x_2) ^ (-x_1 v -x_2 v x_5) ^ (x_0 v x_2 v -x_3) ^ (x_0 v x_8 v -x_3) ^ (x_0 v -x_4 v -x_3)]
9,17,0.05796408653259277,23,0.00023984909057617188,0.08128833770751953,[(x_3 v -x_1 v x_7) ^ (x_1 v x_4 v -x_8) ^ (-x_7 v x_4) ^ (-x_1 v x_7 v x_4) ^ (-x_1 v -x_8 v x_0) ^ (x_0 v -x_7 v -x_6) ^ (x_6 v x_4) ^ (x_6 v -x_2) ^ (x_7 v x_2 v -x_3) ^ (x_3 v -x_4 v x_2) ^ (-x_7 v x_4 v x_5) ^ (x_0 v x_1 v -x_5) ^ (x_3 v -x_2 v x_8) ^ (-x_6 v -x_3) ^ (-x_7 v -x_8 v -x_6) ^ (-x_1 v -x_8 v -x_3) ^ (x_1 v -x_8)]
9,25,0.09481954574584961,1,0.00021409988403320312,0.11098384857177734,[(x_1 v -x_4 v -x_0) ^ (-x_1 v x_0) ^ (x_6 v -x_7 v -x_5) ^ (-x_4 v -x_5 v -x_6) ^ (-x_1 v -x_5 v -x_3) ^ (x_6 v -x_7 v x_4) ^ (x_4 v -x_8 v -x_6) ^ (-x_2 v x_7 v x_4) ^ (-x_6 v -x_2 v -x_3) ^ (x_3 v x_1) ^ (x_8 v x_4 v -x_3) ^ (-x_1 v -x_3 v -x_6) ^ (-x_5 v -x_8) ^ (x_1 v -x_4 v -x_6) ^ (-x_1 v x_4 v -x_0) ^ (-x_0 v x_6 v -x_3) ^ (x_7 v -x_8 v x_4) ^ (x_1 v -x_7 v -x_0) ^ (x_1 v -x_8 v -x_0) ^ (-x_1 v -x_7 v -x_3) ^ (x_7 v -x_8) ^ (-x_7 v x_5) ^ (x_7 v x_5 v -x_0) ^ (x_0 v -x_4 v -x_8) ^ (-x_4 v x_2 v x_5)]
9,23,0.07682156562805176,23,0.0004286766052246094,0.09072589874267578,[(-x_2 v x_7 v -x_6) ^ (x_7 v x_5 v -x_8) ^ (-x_4 v -x_7) ^ (x_3 v x_6 v x_8) ^ (x_0 v x_2 v -x_6) ^ (x_0 v -x_8 v -x_3) ^ (-x_1 v x_4 v x_2) ^ (-x_1 v x_7 v -x_6) ^ (-x_7 v x_4) ^ (x_0 v -x_8 v -x_6) ^ (x_2 v x_4 v x_5) ^ (x_3 v x_4 v x_8) ^ (x_3 v x_1 v -x_6) ^ (x_1 v x_4 v x_5) ^ (x_8 v x_2 v -x_0) ^ (x_2 v -x_3) ^ (x_6 v -x_4 v -x_2) ^ (x_3 v -x_4) ^ (-x_4 v x_2 v x_5) ^ (x_6 v -x_4 v x_2) ^ (x_1 v -x_2 v -x_0) ^ (-x_1 v x_8 v -x_6) ^ (x_0 v -x_5 v -x_6)]
9,25,0.07699441909790039,1,0.0002002716064453125,0.09700679779052734,[(x_0 v -x_4 v x_3) ^ (x_4 v x_2 v -x_8) ^ (-x_2 v x_4 v -x_3) ^ (-x_7 v -x_6 v -x_3) ^ (-x_5 v -x_3 v x_4) ^ (x_4 v x_2 v x_8) ^ (-x_8 v -x_0) ^ (-x_7 v x_2 v -x_3) ^ (-x_7 v -x_2) ^ (x_3 v -x_1) ^ (x_0 v -x_2 v x_7) ^ (x_1 v -x_2 v -x_3) ^ (x_5 v x_8) ^ (-x_4 v x_2) ^ (-x_4 v x_8) ^ (x_3 v x_6 v -x_5) ^ (-x_6 v -x_3) ^ (-x_5 v x_8) ^ (x_3 v x_1 v x_5) ^ (x_3 v x_6 v -x_0) ^ (x_0 v x_7) ^ (x_3 v x_2) ^ (x_4 v x_2 v -x_0) ^ (x_7 v x_5 v -x_8) ^ (x_2 v -x_3 v x_8)]
9,16,0.05533289909362793,23,0.0003085136413574219,0.08633136749267578,[(x_3 v x_7 v -x_0) ^ (-x_1 v x_6 v -x_5) ^ (-x_0 v -x_3) ^ (x_1 v x_4 v x_7) ^ (x_7 v -x_0) ^ (x_3 v x_6 v x_4) ^ (-x_1 v -x_0 v -x_6) ^ (x_6 v -x_4 v -x_8) ^ (x_8 v -x_5 v -x_6) ^ (x_3 v -x_4 v -x_0) ^ (x_0 v x_6 v x_8) ^ (x_0 v -x_5 v x_2) ^ (-x_1 v -x_8 v -x_0) ^ (-x_2 v -x_3) ^ (x_6 v x_1 v -x_5) ^ (x_1 v x_5 v -x_0)]
9,14,0.04908871650695801,1,0.0001461505889892578,0.0986318588256836,[(-x_4 v -x_2 v -x_8) ^ (x_6 v -x_4 v x_5) ^ (x_0 v -x_5 v -x_2) ^ (x_4 v x_2) ^ (-x_4 v -x_0) ^ (-x_1 v -x_4 v x_8) ^ (-x_1 v -x_4 v -x_2) ^ (-x_1 v x_8) ^ (x_0 v x_5 v x_8) ^ (x_8 v x_7 v -x_3) ^ (x_6 v -x_2 v x_8) ^ (x_6 v -x_4 v -x_8) ^ (x_6 v x_5 v -x_3) ^ (x_3 v x_4)]
9,13,0.049881935119628906,23,0.0002448558807373047,0.07730579376220703,[(x_0 v -x_4 v -x_7) ^ (x_0 v x_7 v -x_2) ^ (x_0 v -x_5 v -x_2) ^ (x_0 v x_6 v x_5) ^ (x_3 v -x_1 v x_4) ^ (x_1 v x_8) ^ (x_3 v x_6 v x_0) ^ (x_3 v -x_0 v x_8) ^ (x_4 v x_7 v -x_6) ^ (-x_4 v x_5) ^ (-x_4 v -x_5 v x_8) ^ (-x_4 v -x_3) ^ (x_4 v -x_3 v -x_6)]
9,21,0.0680701732635498,1,0.000186920166015625,0.0996389389038086,[(x_6 v -x_7 v x_2) ^ (-x_2 v x_8) ^ (x_6 v x_7) ^ (-x_1 v x_6 v x_8) ^ (x_0 v -x_7 v x_2) ^ (x_8 v -x_5 v -x_3) ^ (-x_6 v -x_5 v -x_3) ^ (-x_1 v -x_5 v x_4) ^ (x_0 v x_1 v -x_6) ^ (x_0 v x_6 v x_7) ^ (x_1 v x_4 v x_2) ^ (x_6 v x_7 v x_2) ^ (x_3 v x_4 v x_7) ^ (x_0 v x_5 v x_8) ^ (-x_3 v -x_8 v -x_0) ^ (x_6 v -x_5 v -x_0) ^ (x_4 v x_5 v -x_0) ^ (x_1 v -x_7 v -x_3) ^ (x_1 v x_2 v -x_3) ^ (-x_1 v x_8 v -x_3) ^ (x_7 v -x_8 v -x_3)]
9,21,0.07162857055664062,23,0.0002772808074951172,0.08094501495361328,[(x_7 v x_2) ^ (x_0 v -x_7 v -x_8) ^ (x_1 v -x_6) ^ (-x_2 v -x_8 v -x_0) ^ (x_1 v x_5 v -x_0) ^ (x_0 v -x_2 v x_8) ^ (-x_4 v x_7 v -x_6) ^ (-x_7 v x_4 v -x_3) ^ (x_1 v -x_2 v x_8) ^ (-x_7 v x_2 v -x_8) ^ (-x_7 v x_4 v x_8) ^ (-x_1 v x_6 v -x_2) ^ (x_6 v x_1 v x_8) ^ (x_1 v x_4 v -x_0) ^ (-x_4 v -x_5 v -x_7) ^ (x_8 v x_4 v -x_6) ^ (-x_6 v -x_8 v -x_0) ^ (x_6 v x_7 v x_8) ^ (x_0 v x_8) ^ (-x_1 v -x_7 v -x_8) ^ (x_3 v -x_7 v -x_8)]
9,19,0.0664832592010498,1,0.0001049041748046875,0.0971975326538086,[(x_3 v -x_4 v x_8) ^ (x_1 v -x_7 v -x_8) ^ (-x_4 v -x_2 v -x_0) ^ (-x_5 v x_2 v x_7) ^ (-x_1 v -x_7 v -x_2) ^ (x_6 v x_4 v x_7) ^ (x_3 v -x_0 v x_8) ^ (x_3 v x_7) ^ (x_0 v -x_7 v -x_3) ^ (x_0 v x_1 v -x_7) ^ (-x_1 v x_5 v -x_8) ^ (x_6 v x_4) ^ (x_6 v -x_0) ^ (x_0 v x_1 v -x_4) ^ (x_7 v x_2 v x_8) ^ (-x_6 v x_7 v x_4) ^ (-x_5 v -x_3 v -x_0) ^ (x_7 v x_8) ^ (x_0 v x_7 v x_8)]
9,22,0.06936120986938477,23,0.00020313262939453125,0.08406543731689453,[(x_1 v -x_4 v -x_0) ^ (-x_4 v x_5 v -x_8) ^ (x_0 v x_2 v x_3) ^ (-x_1 v x_6 v x_0) ^ (-x_1 v -x_5 v -x_3) ^ (x_8 v -x_6 v -x_0) ^ (x_0 v -x_7 v -x_8) ^ (x_6 v -x_4 v -x_0) ^ (x_6 v x_1 v -x_5) ^ (x_0 v -x_7 v -x_2) ^ (-x_1 v -x_5 v -x_0) ^ (-x_5 v -x_2 v -x_3) ^ (x_0 v -x_7 v x_4) ^ (x_1 v -x_8 v -x_3) ^ (-x_0 v x_5 v -x_6) ^ (x_7 v x_5) ^ (x_1 v x_4 v -x_0) ^ (x_1 v x_7) ^ (x_6 v x_2 v -x_0) ^ (x_3 v -x_4 v -x_6) ^ (-x_8 v -x_3) ^ (x_1 v -x_4 v -x_5)]
9,11,0.03942298889160156,1,0.0001590251922607422,0.0913076400756836,[(x_3 v -x_8 v -x_0) ^ (x_6 v x_1 v x_8) ^ (-x_4 v -x_7 v -x_0) ^ (x_3 v -x_4 v -x_5) ^ (-x_1 v -x_4) ^ (x_0 v x_1 v x_3) ^ (x_0 v x_6 v x_8) ^ (x_3 v x_6 v x_5) ^ (x_3 v x_2 v x_8) ^ (-x_5 v x_2 v -x_0) ^ (-x_1 v x_7 v x_8)]
9,13,0.0440669059753418,23,0.0003693103790283203,0.07874011993408203,[(x_6 v x_5 v -x_8) ^ (x_1 v x_2 v x_8) ^ (x_0 v x_5 v x_8) ^ (x_5 v -x_8 v -x_6) ^ (-x_4 v -x_5 v -x_6) ^ (-x_1 v -x_7 v -x_8) ^ (-x_7 v -x_6 v x_8) ^ (-x_2 v -x_8 v x_4) ^ (x_1 v x_4 v -x_3) ^ (x_6 v -x_5) ^ (x_0 v -x_4 v x_2) ^ (x_3 v -x_7 v -x_0) ^ (-x_7 v x_5 v -x_0)]
9,17,0.07912421226501465,1,0.0001881122589111328,0.09625911712646484,[(x_6 v x_7 v x_8) ^ (-x_2 v -x_8 v -x_6) ^ (x_3 v -x_8 v -x_6) ^ (x_0 v -x_5 v -x_3) ^ (x_6 v -x_4 v x_5) ^ (x_3 v -x_7 v x_8) ^ (x_2 v x_5 v -x_3) ^ (x_3 v x_6 v x_0) ^ (-x_5 v -x_8 v -x_6) ^ (x_5 v -x_8 v -x_0) ^ (-x_4 v -x_7) ^ (x_6 v -x_4 v -x_7) ^ (-x_1 v -x_7 v -x_3) ^ (-x_7 v -x_6 v -x_3) ^ (x_4 v x_2) ^ (-x_1 v x_4 v -x_6) ^ (-x_7 v -x_2)]
9,26,0.08383727073669434,23,0.00027370452880859375,0.09066486358642578,[(x_1 v -x_7 v -x_6) ^ (x_3 v -x_6 v -x_0) ^ (-x_4 v -x_7) ^ (-x_4 v x_5 v x_8) ^ (-x_4 v x_7) ^ (x_8 v x_5 v -x_0) ^ (-x_7 v x_2 v -x_8) ^ (-x_1 v -x_7 v -x_0) ^ (x_6 v x_2) ^ (x_6 v x_7 v -x_3) ^ (x_0 v -x_1 v -x_5) ^ (-x_0 v x_5 v -x_6) ^ (x_3 v -x_7 v x_0) ^ (-x_1 v x_6) ^ (x_0 v x_7 v x_5) ^ (x_1 v x_4 v -x_8) ^ (x_3 v x_1 v -x_2) ^ (x_0 v x_6 v x_5) ^ (-x_5 v x_2 v -x_6) ^ (-x_0 v x_7 v -x_3) ^ (-x_4 v x_2 v -x_7) ^ (x_0 v -x_4 v x_7) ^ (x_3 v x_1 v x_7) ^ (-x_5 v x_2 v -x_8) ^ (x_0 v -x_4 v -x_3) ^ (-x_6 v x_4 v x_8)]
9,17,0.05767321586608887,1,0.00022029876708984375,0.1006765365600586,[(-x_1 v -x_4 v -x_6) ^ (x_6 v -x_5 v x_2) ^ (x_6 v -x_2 v x_7) ^ (x_3 v -x_2 v x_4) ^ (x_1 v -x_5 v x_4) ^ (x_0 v x_1 v -x_5) ^ (-x_1 v x_3 v -x_8) ^ (x_5 v x_7 v x_2) ^ (-x_5 v -x_3 v x_4) ^ (-x_1 v -x_2 v x_8) ^ (x_1 v -x_6) ^ (-x_5 v -x_2 v -x_3) ^ (x_1 v -x_4 v x_7) ^ (-x_7 v x_4 v -x_6) ^ (-x_4 v -x_5 v x_8) ^ (x_3 v -x_8) ^ (-x_0 v x_8)]
9,25,0.07907462120056152,23,0.00022411346435546875,0.08860492706298828,[(x_1 v -x_5 v -x_8) ^ (-x_0 v -x_2 v x_8) ^ (x_0 v -x_7 v -x_6) ^ (x_1 v -x_5 v x_8) ^ (x_0 v -x_2 v -x_8) ^ (-x_1 v x_7 v x_0) ^ (-x_7 v -x_8) ^ (-x_1 v -x_7 v -x_5) ^ (-x_1 v -x_7 v x_4) ^ (-x_5 v -x_8 v -x_3) ^ (x_1 v -x_7 v x_2) ^ (-x_7 v x_2 v x_8) ^ (x_1 v -x_5 v x_4) ^ (-x_2 v -x_4 v -x_5) ^ (x_8 v -x_5 v -x_6) ^ (x_6 v x_7 v x_2) ^ (x_0 v x_1 v x_2) ^ (x_1 v x_4 v x_5) ^ (x_1 v -x_7) ^ (-x_0 v -x_7 v -x_6) ^ (-x_1 v -x_4 v -x_7) ^ (x_6 v -x_8 v -x_0) ^ (x_0 v -x_7 v x_5) ^ (-x_2 v x_5 v x_4) ^ (x_6 v x_4 v -x_8)]
9,22,0.08307099342346191,1,0.00016260147094726562,0.0949850082397461,[(x_0 v x_5 v x_3) ^ (-x_1 v -x_2 v -x_8) ^ (x_1 v -x_4 v -x_7) ^ (x_3 v -x_5 v -x_8) ^ (-x_1 v x_5 v -x_0) ^ (x_0 v -x_4 v x_5) ^ (-x_4 v x_5) ^ (x_3 v x_6) ^ (-x_1 v -x_3) ^ (-x_1 v x_2 v -x_0) ^ (-x_4 v -x_2 v -x_3) ^ (x_0 v -x_5) ^ (-x_5 v x_7) ^ (x_6 v -x_5 v x_4) ^ (x_0 v -x_3 v -x_6) ^ (x_0 v x_1 v -x_3) ^ (x_0 v x_1 v x_4) ^ (x_0 v x_4 v x_5) ^ (-x_1 v -x_4 v -x_5) ^ (-x_2 v x_7 v -x_3) ^ (-x_1 v -x_0 v -x_6) ^ (-x_4 v x_7 v -x_8)]
9,14,0.05466580390930176,23,0.0002834796905517578,0.08786487579345703,[(x_3 v x_5) ^ (x_0 v x_3 v -x_8) ^ (x_3 v x_1 v x_4) ^ (x_1 v -x_4 v -x_2) ^ (x_3 v -x_1 v x_5) ^ (x_0 v -x_1 v x_4) ^ (-x_0 v -x_2 v x_4) ^ (x_3 v x_5 v -x_6) ^ (-x_1 v x_5 v x_8) ^ (-x_1 v -x_5 v -x_0) ^ (x_3 v x_1 v -x_0) ^ (-x_7 v -x_8 v -x_6) ^ (x_3 v -x_5 v x_2) ^ (-x_0 v -x_2 v -x_6)]
9,13,0.047866106033325195,1,0.0001266002655029297,0.0997457504272461,[(-x_2 v -x_5 v -x_3) ^ (-x_7 v -x_5 v -x_0) ^ (-x_1 v -x_5 v -x_8) ^ (x_7 v x_5 v -x_3) ^ (x_0 v x_1 v -x_4) ^ (x_7 v x_2 v -x_3) ^ (x_3 v -x_4 v -x_0) ^ (-x_6 v -x_3) ^ (x_3 v -x_5 v x_8) ^ (x_3 v -x_0 v x_8) ^ (x_1 v -x_7 v -x_3) ^ (x_8 v -x_2 v -x_3) ^ (-x_6 v x_8)]
9,19,0.06405186653137207,23,0.00020051002502441406,0.08150959014892578,[(x_0 v x_7 v x_4) ^ (-x_5 v x_2 v x_8) ^ (-x_4 v x_2 v -x_3) ^ (x_3 v x_4) ^ (x_3 v x_6 v -x_4) ^ (x_1 v -x_6 v -x_0) ^ (-x_7 v x_4) ^ (-x_5 v -x_8 v x_4) ^ (-x_4 v -x_5 v -x_7) ^ (x_6 v -x_5 v x_4) ^ (x_3 v -x_5 v x_7) ^ (x_7 v -x_8 v -x_6) ^ (x_5 v x_2 v -x_0) ^ (-x_1 v x_5 v x_2) ^ (x_4 v x_7 v -x_0) ^ (x_0 v x_8 v -x_3) ^ (x_4 v x_5) ^ (x_6 v -x_7 v -x_8) ^ (x_0 v x_7 v x_2)]
9,21,0.07529354095458984,1,0.0001957416534423828,0.09870052337646484,[(x_1 v -x_2 v -x_5) ^ (x_0 v -x_7 v -x_6) ^ (x_3 v x_4 v x_5) ^ (-x_5 v x_2 v x_7) ^ (x_0 v -x_4 v x_5) ^ (x_8 v x_5 v -x_6) ^ (-x_4 v -x_7 v -x_8) ^ (-x_4 v x_7 v -x_6) ^ (x_1 v -x_2 v -x_3) ^ (-x_1 v -x_7 v x_5) ^ (x_6 v -x_2 v -x_8) ^ (-x_1 v x_7 v -x_6) ^ (x_1 v x_5 v -x_6) ^ (x_0 v x_4 v x_2) ^ (x_6 v x_7 v -x_8) ^ (-x_0 v -x_4 v -x_3) ^ (x_1 v x_2 v -x_8) ^ (-x_0 v x_2 v -x_3) ^ (x_3 v -x_4 v -x_6) ^ (x_3 v x_6 v x_0) ^ (-x_1 v -x_0)]
9,11,0.03765273094177246,23,0.0006124973297119141,0.07218647003173828,[(x_5 v -x_7 v x_2) ^ (x_3 v -x_2 v x_4) ^ (-x_2 v x_5 v -x_6) ^ (x_3 v x_6 v x_0) ^ (-x_5 v x_2 v -x_0) ^ (x_3 v x_5 v -x_0) ^ (-x_7 v -x_2 v -x_6) ^ (-x_5 v x_7 v -x_0) ^ (x_6 v x_2 v x_8) ^ (-x_2 v -x_3) ^ (x_0 v x_1 v x_5)]
9,22,0.07628679275512695,1,0.00011467933654785156,0.0989980697631836,[(x_3 v x_7 v x_4) ^ (-x_5 v x_2 v x_7) ^ (x_6 v -x_7 v -x_0) ^ (-x_1 v -x_7 v -x_5) ^ (x_1 v -x_7 v -x_2) ^ (-x_6 v -x_3 v x_8) ^ (-x_1 v -x_7 v x_5) ^ (-x_4 v x_2) ^ (x_7 v x_2 v -x_8) ^ (-x_1 v x_7 v -x_6) ^ (x_3 v x_6 v -x_5) ^ (x_1 v x_5 v -x_8) ^ (-x_5 v -x_7 v -x_2) ^ (x_7 v -x_8) ^ (-x_6 v x_2 v -x_0) ^ (x_1 v -x_4 v -x_2) ^ (x_5 v -x_8 v -x_6) ^ (x_0 v -x_4 v -x_2) ^ (x_0 v x_7 v x_8) ^ (-x_1 v -x_4 v x_5) ^ (-x_1 v x_2 v -x_6) ^ (x_0 v -x_1 v x_2)]
9,21,0.06764674186706543,23,0.0002040863037109375,0.08513355255126953,[(x_3 v -x_1 v x_4) ^ (x_1 v x_4 v -x_6) ^ (-x_1 v x_5 v -x_0) ^ (x_4 v -x_8) ^ (-x_3 v -x_0) ^ (x_8 v x_5 v -x_6) ^ (-x_4 v -x_2 v x_7) ^ (-x_6 v -x_2 v -x_3) ^ (x_6 v x_5 v -x_0) ^ (-x_5 v x_7 v -x_3) ^ (x_6 v -x_4 v -x_3) ^ (-x_6 v -x_8 v -x_0) ^ (x_3 v -x_1 v -x_8) ^ (x_6 v -x_5) ^ (x_3 v -x_5 v x_2) ^ (-x_0 v x_7 v x_8) ^ (x_0 v x_6 v x_5) ^ (-x_1 v x_6 v x_4) ^ (x_6 v -x_7 v -x_3) ^ (-x_1 v x_6 v x_5) ^ (-x_0 v x_8)]
9,20,0.06327104568481445,1,0.0003142356872558594,0.1063680648803711,[(x_6 v x_2 v -x_3) ^ (-x_4 v -x_2 v -x_0) ^ (-x_0 v -x_8 v -x_3) ^ (-x_7 v -x_6 v -x_3) ^ (-x_2 v x_4 v x_8) ^ (-x_7 v -x_5 v -x_3) ^ (x_7 v x_2 v -x_0) ^ (-x_5 v x_2 v x_4) ^ (x_6 v -x_2 v x_5) ^ (x_6 v -x_4 v -x_8) ^ (-x_1 v x_2 v -x_0) ^ (-x_5 v -x_2 v -x_3) ^ (x_2 v -x_0) ^ (-x_5 v x_4 v -x_3) ^ (x_7 v x_2 v x_8) ^ (x_8 v -x_3 v -x_0) ^ (-x_1 v x_3 v -x_0) ^ (x_5 v x_2 v -x_0) ^ (-x_1 v -x_4 v -x_7) ^ (-x_2 v x_5 v x_4)]
9,13,0.046033620834350586,23,0.00021314620971679688,0.07745075225830078,[(x_0 v -x_1 v -x_6) ^ (x_3 v x_4 v x_5) ^ (x_1 v -x_2 v x_8) ^ (-x_2 v x_7 v -x_8) ^ (x_0 v -x_1 v x_6) ^ (-x_6 v -x_3) ^ (x_1 v x_4 v x_8) ^ (-x_2 v -x_3 v x_4) ^ (x_0 v x_1) ^ (x_1 v x_7 v -x_8) ^ (-x_1 v -x_8 v -x_0) ^ (-x_8 v -x_0) ^ (x_0 v x_1 v -x_7)]
9,21,0.0696249008178711,1,0.00012946128845214844,0.10259151458740234,[(-x_0 v -x_2 v x_8) ^ (-x_1 v x_7 v -x_0) ^ (-x_1 v -x_5 v -x_3) ^ (-x_1 v x_6 v x_7) ^ (x_1 v -x_6) ^ (x_0 v -x_7 v -x_8) ^ (-x_2 v x_4 v x_8) ^ (-x_4 v -x_6 v -x_0) ^ (x_0 v -x_7 v x_8) ^ (x_0 v -x_7 v x_2) ^ (-x_7 v x_4 v -x_3) ^ (-x_4 v x_5 v -x_7) ^ (x_6 v x_5 v -x_0) ^ (-x_7 v -x_5 v x_4) ^ (-x_4 v x_2) ^ (x_0 v -x_5 v x_4) ^ (-x_5 v -x_2 v x_4) ^ (x_1 v -x_5) ^ (-x_1 v -x_5 v -x_6) ^ (-x_7 v -x_2 v x_4) ^ (x_0 v x_3)]
9,14,0.04665398597717285,23,0.00021886825561523438,0.07825183868408203,[(x_3 v x_4 v x_2) ^ (x_0 v -x_7 v x_8) ^ (-x_1 v -x_4 v -x_6) ^ (x_0 v -x_4 v -x_5) ^ (x_1 v x_7 v x_2) ^ (-x_5 v x_2) ^ (-x_2 v x_7) ^ (x_3 v x_7 v -x_8) ^ (x_3 v x_7 v -x_2) ^ (x_0 v -x_1 v -x_3) ^ (-x_4 v x_2 v -x_3) ^ (-x_0 v -x_2 v -x_3) ^ (x_1 v -x_2 v -x_6) ^ (-x_6 v x_4 v x_8)]
9,14,0.052637577056884766,1,0.0002574920654296875,0.0992116928100586,[(x_7 v -x_8 v -x_0) ^ (x_1 v -x_6 v x_8) ^ (-x_1 v x_4 v -x_2) ^ (-x_1 v x_6 v x_2) ^ (-x_6 v -x_2 v x_8) ^ (x_6 v -x_5 v x_7) ^ (-x_4 v -x_6 v -x_3) ^ (x_1 v x_7 v x_4) ^ (x_0 v -x_1 v -x_3) ^ (x_0 v x_5 v -x_3) ^ (-x_6 v -x_2 v x_4) ^ (-x_1 v x_2 v -x_6) ^ (x_3 v x_5 v -x_6) ^ (-x_4 v x_7 v -x_3)]
9,14,0.04853415489196777,23,0.0002472400665283203,0.08469867706298828,[(x_1 v x_2 v x_8) ^ (-x_1 v x_6) ^ (-x_0 v x_2 v x_8) ^ (-x_1 v -x_4 v -x_6) ^ (-x_6 v -x_5 v x_8) ^ (x_6 v -x_4 v x_5) ^ (x_4 v x_5 v -x_3) ^ (x_1 v x_2 v -x_6) ^ (x_8 v x_7 v -x_6) ^ (-x_1 v -x_2 v -x_3) ^ (-x_4 v -x_7 v x_8) ^ (-x_1 v x_7 v x_0) ^ (x_0 v -x_2 v -x_6) ^ (x_7 v x_5 v -x_8)]
9,10,0.039197683334350586,1,0.00019121170043945312,0.0922994613647461,[(x_6 v x_1 v x_4) ^ (x_1 v x_7 v x_2) ^ (-x_2 v x_5 v -x_6) ^ (x_3 v -x_5 v -x_8) ^ (-x_1 v -x_2 v -x_3) ^ (x_3 v -x_4 v -x_6) ^ (-x_1 v x_4 v x_2) ^ (x_0 v x_6 v x_7) ^ (x_6 v -x_3) ^ (x_6 v x_1 v x_7)]
9,10,0.036376953125,23,0.00022482872009277344,0.07764911651611328,[(x_1 v -x_2) ^ (-x_4 v x_7 v -x_6) ^ (x_0 v x_1 v x_8) ^ (-x_4 v x_7 v -x_3) ^ (-x_1 v x_4 v x_8) ^ (x_6 v -x_7 v -x_5) ^ (x_6 v -x_7 v -x_3) ^ (-x_1 v -x_5 v x_8) ^ (x_4 v -x_8 v -x_0) ^ (x_1 v -x_7 v x_8)]
9,12,0.04567575454711914,1,0.00012493133544921875,0.09964656829833984,[(x_1 v -x_2) ^ (x_6 v -x_5 v -x_3) ^ (x_0 v x_1 v x_8) ^ (x_3 v x_7 v -x_8) ^ (x_1 v x_7 v -x_0) ^ (x_6 v x_4 v -x_3) ^ (x_3 v x_0) ^ (x_1 v -x_7 v x_2) ^ (x_7 v x_2 v -x_6) ^ (-x_4 v -x_5 v x_8) ^ (x_4 v x_2 v x_8) ^ (x_3 v x_5 v x_0)]
9,18,0.05949974060058594,23,0.00044608116149902344,0.07404804229736328,[(-x_5 v -x_6) ^ (x_3 v -x_8 v -x_0) ^ (-x_4 v x_7 v -x_0) ^ (x_0 v x_1 v x_8) ^ (x_3 v x_5 v x_8) ^ (x_1 v -x_7 v -x_8) ^ (x_6 v x_1 v -x_2) ^ (x_0 v x_4 v -x_6) ^ (-x_0 v -x_5 v x_8) ^ (-x_1 v x_4 v x_2) ^ (x_8 v -x_5 v x_4) ^ (x_0 v -x_8) ^ (x_4 v -x_3 v -x_6) ^ (-x_1 v -x_7 v x_8) ^ (-x_1 v -x_6 v -x_3) ^ (-x_0 v x_5 v -x_6) ^ (-x_1 v x_5 v x_0) ^ (-x_4 v x_2 v -x_8)]
9,23,0.08077859878540039,1,0.00020432472229003906,0.1002798080444336,[(-x_4 v -x_2 v -x_6) ^ (-x_4 v x_7 v x_8) ^ (-x_0 v -x_8 v -x_3) ^ (-x_2 v x_4 v -x_3) ^ (-x_7 v x_2 v -x_0) ^ (x_3 v -x_8) ^ (-x_3) ^ (x_3 v x_2 v x_8) ^ (x_3 v x_6 v x_8) ^ (-x_1 v -x_6) ^ (-x_2 v -x_5 v -x_6) ^ (x_0 v -x_5 v x_3) ^ (x_5 v -x_3) ^ (x_6 v -x_2 v -x_8) ^ (x_3 v -x_2 v -x_8) ^ (x_6 v -x_2 v x_8) ^ (x_6 v x_7 v -x_8) ^ (x_1 v x_2 v -x_8) ^ (x_0 v -x_4 v -x_8) ^ (-x_1 v x_2 v x_8) ^ (x_0 v x_2 v -x_3) ^ (-x_7 v x_5 v -x_3) ^ (-x_1 v x_4 v x_3)]
9,12,0.04246044158935547,23,0.0005950927734375,0.07964801788330078,[(-x_1 v x_4) ^ (-x_1 v -x_2) ^ (-x_5 v x_2) ^ (x_0 v x_6 v -x_2) ^ (x_3 v -x_6 v -x_0) ^ (-x_4 v -x_2 v -x_0) ^ (-x_4 v -x_5 v -x_8) ^ (x_6 v x_7 v x_2) ^ (x_3 v -x_7 v x_2) ^ (-x_1 v x_5 v -x_6) ^ (-x_4 v x_5 v -x_3) ^ (x_1 v -x_8 v -x_6)]
10,14,0.08971405029296875,1,0.00020742416381835938,0.15304946899414062,[(-x_0 v x_1 v -x_6) ^ (-x_4 v x_9 v -x_8) ^ (x_9 v -x_6) ^ (x_1 v -x_2 v -x_5) ^ (-x_1 v x_9 v x_8) ^ (x_9 v -x_4 v -x_0) ^ (x_1 v x_9 v -x_5) ^ (-x_1 v -x_4) ^ (-x_9 v x_5 v -x_8) ^ (x_3 v -x_9 v -x_0) ^ (-x_1 v x_5 v x_8) ^ (-x_7 v x_2 v x_8) ^ (x_6 v x_7 v x_8) ^ (-x_5 v x_7 v -x_0)]
10,24,0.14000701904296875,32,0.00029468536376953125,0.16168880462646484,[(x_1 v -x_4 v -x_0) ^ (-x_4 v x_5 v -x_8) ^ (x_0 v -x_1 v x_4) ^ (x_0 v x_9 v -x_6) ^ (x_3 v -x_1 v -x_2) ^ (-x_5 v x_7 v x_4) ^ (-x_3) ^ (-x_5 v -x_0) ^ (x_1 v -x_5 v -x_3) ^ (-x_4 v -x_5 v x_8) ^ (x_1 v x_4) ^ (-x_2 v -x_4 v -x_5) ^ (x_0 v -x_9 v -x_2) ^ (-x_1 v x_4 v -x_8) ^ (-x_7 v x_4 v -x_6) ^ (-x_9 v x_2 v -x_3) ^ (-x_1 v -x_7 v -x_6) ^ (x_9 v -x_7 v -x_3) ^ (x_0 v x_9 v -x_5) ^ (x_9 v -x_5) ^ (x_6 v -x_7 v -x_3) ^ (x_9 v x_4 v -x_7) ^ (x_9 v -x_2 v -x_7) ^ (x_0 v x_7 v x_2)]
10,10,0.06987309455871582,1,0.00021386146545410156,0.13940048217773438,[(x_3 v x_2 v x_5) ^ (-x_4 v x_7 v x_2) ^ (-x_0 v -x_5 v -x_3) ^ (-x_9 v -x_2 v x_7) ^ (x_0 v x_1 v x_7) ^ (x_1 v x_4 v -x_0) ^ (x_3 v x_1 v x_8) ^ (x_3 v -x_0 v x_8) ^ (-x_9 v -x_0) ^ (x_0 v x_7 v -x_6)]
10,26,0.13161087036132812,32,0.00040030479431152344,0.15688228607177734,[(x_1 v -x_5 v -x_8) ^ (x_3 v x_7 v x_5) ^ (-x_5 v -x_2 v -x_8) ^ (x_0 v x_9 v -x_8) ^ (x_0 v -x_5 v -x_2) ^ (x_5 v x_8) ^ (x_1 v x_9 v x_2) ^ (x_9 v -x_4 v -x_3) ^ (x_9 v -x_8 v -x_6) ^ (-x_9 v x_2 v -x_8) ^ (x_0 v -x_2) ^ (x_6 v x_1 v x_8) ^ (-x_1 v x_7 v -x_8) ^ (x_0 v x_6 v -x_3) ^ (x_0 v x_2) ^ (x_3 v -x_5 v x_2) ^ (-x_9 v -x_8 v -x_0) ^ (x_0 v x_7) ^ (x_9 v -x_4 v -x_8) ^ (x_6 v x_4 v -x_0) ^ (x_3 v -x_9 v -x_7) ^ (-x_1 v -x_5) ^ (x_0 v x_7 v x_8) ^ (x_3 v -x_2 v -x_0) ^ (x_3 v x_4) ^ (x_3 v x_4 v -x_0)]
10,20,0.10791587829589844,1,0.00033473968505859375,0.16383743286132812,[(-x_2 v x_7 v -x_6) ^ (x_1 v x_2 v x_8) ^ (-x_1 v x_6 v -x_0) ^ (x_1 v -x_4 v -x_7) ^ (x_3 v -x_4 v x_2) ^ (x_9 v x_4 v x_2) ^ (x_8 v -x_7 v -x_0) ^ (-x_1 v x_7 v x_5) ^ (x_4 v -x_3 v x_8) ^ (x_6 v x_2 v x_8) ^ (x_4 v x_2 v x_8) ^ (-x_1 v -x_8) ^ (-x_6 v -x_5 v x_4) ^ (x_9 v -x_8 v -x_6) ^ (x_9 v -x_7 v -x_0) ^ (-x_0 v x_7 v -x_6) ^ (x_3 v -x_7 v x_2) ^ (x_0 v -x_2 v -x_6) ^ (-x_9 v -x_2 v -x_8) ^ (x_9 v x_5)]
10,28,0.15475845336914062,32,0.00035119056701660156,0.15408992767333984,[(-x_2 v -x_9 v -x_5) ^ (x_5 v x_2 v -x_8) ^ (-x_1 v -x_9 v x_8) ^ (x_6 v -x_9 v -x_4) ^ (x_6 v -x_5 v -x_8) ^ (x_3 v -x_0 v x_8) ^ (-x_1 v x_6 v -x_8) ^ (x_0 v -x_5 v x_8) ^ (x_6 v -x_9 v -x_0) ^ (x_3 v -x_8) ^ (x_1 v x_9 v -x_2) ^ (-x_9 v x_5) ^ (-x_1 v -x_5 v -x_0) ^ (x_3 v x_9 v -x_6) ^ (-x_1 v x_7 v -x_6) ^ (-x_1 v -x_5 v x_0) ^ (-x_1 v -x_9 v -x_4) ^ (x_1 v -x_5 v x_4) ^ (x_9 v -x_6 v -x_0) ^ (-x_4 v -x_5 v -x_7) ^ (x_6 v -x_5 v x_4) ^ (x_0 v -x_5 v x_4) ^ (-x_4 v x_5 v -x_0) ^ (x_3 v x_4 v x_2) ^ (x_0 v -x_9 v x_8) ^ (x_1 v -x_6 v x_8) ^ (x_6 v x_7 v x_5) ^ (-x_1 v -x_9 v x_5)]
10,13,0.08013153076171875,1,0.00037598609924316406,0.15122604370117188,[(-x_9 v -x_5 v x_8) ^ (x_3 v x_8) ^ (-x_2 v -x_8 v -x_6) ^ (x_0 v x_4 v x_2) ^ (x_3 v x_6 v -x_5) ^ (x_9 v x_2 v -x_6) ^ (x_0 v -x_4 v -x_2) ^ (x_3 v -x_4) ^ (-x_9 v -x_7 v -x_2) ^ (x_1 v -x_4 v x_2) ^ (x_0 v -x_7 v x_4) ^ (x_0 v x_3) ^ (-x_9 v x_4 v x_2)]
10,22,0.11159896850585938,32,0.00045371055603027344,0.1457967758178711,[(x_5 v -x_6) ^ (x_3 v x_9 v x_8) ^ (-x_1 v -x_2 v -x_3) ^ (x_9 v x_7 v -x_0) ^ (-x_0 v x_1 v -x_6) ^ (-x_1 v x_4 v -x_2) ^ (x_5 v -x_3 v x_8) ^ (x_0 v -x_8 v -x_3) ^ (-x_9 v x_7 v -x_3) ^ (-x_5 v -x_2 v x_7) ^ (x_0 v -x_7 v x_3) ^ (x_1 v -x_8 v -x_6) ^ (x_9 v x_4 v x_8) ^ (x_7 v -x_8 v x_4) ^ (-x_1 v x_4 v x_5) ^ (x_1 v x_7 v -x_6) ^ (-x_4 v x_7 v x_5) ^ (x_6 v x_5) ^ (x_2 v x_5 v -x_3) ^ (x_3 v x_2) ^ (-x_1 v x_2 v -x_6) ^ (-x_2 v -x_3)]
10,13,0.08351898193359375,1,0.0004439353942871094,0.15642929077148438,[(x_0 v x_9 v -x_7) ^ (x_6 v x_5) ^ (x_9 v -x_6) ^ (-x_1 v x_7 v -x_0) ^ (x_1 v -x_3) ^ (x_6 v x_4 v x_2) ^ (x_3 v x_4 v x_0) ^ (x_0 v x_8) ^ (-x_1 v -x_7 v x_5) ^ (x_3 v x_6) ^ (x_3 v -x_1 v -x_2) ^ (x_9 v -x_2 v -x_7) ^ (x_9 v -x_2 v -x_3)]
10,21,0.12259507179260254,32,0.0005567073822021484,0.14096736907958984,[(x_0 v x_6 v -x_8) ^ (x_6 v -x_7 v x_4) ^ (x_1 v -x_2 v x_5) ^ (-x_7 v x_2 v -x_0) ^ (-x_9 v x_5) ^ (-x_7 v -x_5 v -x_3) ^ (-x_2 v -x_8 v -x_6) ^ (x_6 v x_1 v -x_0) ^ (-x_8 v -x_6) ^ (-x_6 v -x_5 v -x_3) ^ (x_0 v x_1 v -x_8) ^ (x_9 v -x_2 v x_4) ^ (x_6 v -x_4 v x_7) ^ (x_5 v -x_8 v -x_3) ^ (x_6 v -x_5) ^ (x_6 v x_7 v x_8) ^ (-x_1 v -x_5 v -x_8) ^ (x_6 v -x_5 v -x_0) ^ (x_0 v -x_4 v x_7) ^ (x_9 v x_7 v x_2) ^ (-x_9 v x_5 v -x_0)]
10,11,0.07776975631713867,1,0.00048065185546875,0.19135665893554688,[(x_3 v x_9 v x_2) ^ (x_3 v x_9 v -x_8) ^ (x_9 v x_4 v -x_3) ^ (-x_0 v -x_5 v -x_6) ^ (x_0 v -x_4 v x_3) ^ (-x_9 v x_5 v -x_3) ^ (-x_1 v x_5 v -x_3) ^ (x_0 v x_9 v x_7) ^ (-x_9 v -x_5 v -x_3) ^ (x_6 v -x_4 v -x_7) ^ (x_0 v -x_5 v x_7)]
10,17,0.11295819282531738,32,0.0004858970642089844,0.12958431243896484,[(x_3 v x_7 v x_8) ^ (x_0 v -x_9 v -x_5) ^ (x_3 v -x_2 v -x_6) ^ (x_9 v x_5 v -x_0) ^ (-x_1 v -x_7 v x_4) ^ (x_3 v x_6 v x_4) ^ (x_9 v -x_2 v -x_7) ^ (-x_2 v -x_3 v x_8) ^ (-x_9 v -x_2 v -x_8) ^ (-x_1 v -x_4) ^ (x_0 v -x_9 v x_4) ^ (x_8 v -x_3 v -x_0) ^ (x_1 v -x_4 v x_2) ^ (x_6 v -x_2 v x_7) ^ (-x_9 v -x_6 v -x_3) ^ (-x_9 v x_5) ^ (-x_9 v -x_2 v -x_6)]
10,15,0.1025390625,1,0.0002994537353515625,0.15519332885742188,[(x_3 v -x_8 v -x_6) ^ (x_3 v -x_1 v -x_0) ^ (x_3 v -x_9 v x_1) ^ (x_0 v x_9 v x_8) ^ (-x_2 v x_7 v -x_8) ^ (-x_1 v x_6 v x_9) ^ (x_3 v x_7 v -x_2) ^ (-x_7 v -x_2 v -x_8) ^ (-x_1 v x_9 v -x_2) ^ (x_3 v -x_5 v x_7) ^ (-x_4 v -x_2 v -x_7) ^ (x_1 v -x_4 v x_7) ^ (x_7 v x_2 v -x_6) ^ (x_9 v -x_2 v -x_6) ^ (x_0 v -x_5 v -x_6)]
10,16,0.10109066963195801,32,0.00037789344787597656,0.13390254974365234,[(-x_1 v x_3 v x_8) ^ (x_0 v -x_8 v -x_6) ^ (x_0 v -x_4 v -x_7) ^ (x_0 v -x_5 v -x_3) ^ (x_3 v -x_8 v -x_0) ^ (x_6 v -x_4 v x_7) ^ (-x_4 v x_2 v -x_0) ^ (-x_1 v x_4 v x_5) ^ (-x_4 v -x_7 v -x_3) ^ (-x_5 v -x_8 v -x_3) ^ (-x_1 v x_4 v -x_3) ^ (-x_7 v x_4 v x_8) ^ (x_9 v x_4) ^ (-x_1 v -x_0) ^ (-x_9 v -x_4 v -x_3) ^ (x_6 v -x_4 v x_9)]
10,26,0.16452336311340332,1,0.0004069805145263672,0.14736557006835938,[(-x_1 v -x_2 v -x_8) ^ (-x_9 v -x_5 v x_2) ^ (x_1 v -x_9 v x_5) ^ (x_7 v x_5 v -x_6) ^ (x_7 v x_5 v x_4) ^ (-x_0 v -x_8 v -x_6) ^ (-x_2 v x_5 v -x_0) ^ (x_6 v x_7 v -x_3) ^ (-x_7 v -x_2 v -x_0) ^ (x_9 v x_2 v -x_0) ^ (x_6 v x_1 v -x_3) ^ (x_3 v -x_7 v x_0) ^ (x_0 v x_1 v x_8) ^ (x_1 v x_9 v -x_5) ^ (x_3 v -x_9) ^ (-x_1 v -x_2 v x_4) ^ (-x_1 v x_7 v x_8) ^ (x_0 v x_9 v -x_7) ^ (-x_4 v x_2 v -x_6) ^ (x_3 v -x_2 v -x_6) ^ (x_1 v x_5) ^ (-x_1 v x_2 v -x_3) ^ (-x_1 v x_9) ^ (-x_7 v -x_2 v -x_6) ^ (x_6 v -x_7 v -x_8) ^ (-x_6 v x_2 v -x_3)]
10,29,0.16935133934020996,32,0.0002827644348144531,0.14873409271240234,[(x_3 v x_9 v x_8) ^ (x_1 v -x_3) ^ (-x_4 v x_7 v x_8) ^ (x_3 v x_2 v -x_8) ^ (x_0 v -x_1 v x_9) ^ (x_1 v x_8 v -x_0) ^ (-x_9 v x_1 v -x_7) ^ (-x_1 v -x_7 v x_4) ^ (x_9 v -x_5 v -x_3) ^ (x_3 v x_6 v x_1) ^ (-x_7 v -x_5 v -x_6) ^ (x_1 v -x_3 v x_8) ^ (-x_5 v x_7 v -x_3) ^ (-x_1 v x_6 v -x_9) ^ (x_0 v x_3 v -x_8) ^ (x_6 v x_4) ^ (-x_5 v -x_8 v -x_6) ^ (x_3 v -x_6 v x_8) ^ (x_6 v -x_9 v -x_3) ^ (x_1 v x_4 v x_5) ^ (-x_9 v -x_2 v -x_0) ^ (x_6 v x_7 v x_8) ^ (-x_9 v x_2 v -x_3) ^ (x_3 v x_7 v x_8) ^ (-x_1 v -x_4 v -x_5) ^ (x_0 v x_7 v x_8) ^ (x_6 v -x_4 v x_2) ^ (-x_2 v -x_8) ^ (x_0 v -x_1 v -x_4)]
10,29,0.17185616493225098,1,0.0002872943878173828,0.16601181030273438,[(-x_4 v x_9 v -x_3) ^ (x_1 v -x_5 v -x_8) ^ (x_0 v -x_4 v -x_5) ^ (x_0 v x_9 v x_5) ^ (-x_2 v x_5 v -x_6) ^ (-x_9 v -x_4 v -x_7) ^ (-x_1 v x_7) ^ (x_6 v x_9 v x_8) ^ (x_4 v x_2 v x_8) ^ (-x_1 v -x_7 v x_2) ^ (x_0 v x_6) ^ (x_0 v -x_2 v x_7) ^ (-x_9 v -x_7 v -x_0) ^ (x_3 v x_6 v x_2) ^ (-x_1 v x_9 v -x_5) ^ (-x_1 v x_2 v x_0) ^ (x_8 v x_4 v -x_6) ^ (-x_1 v x_6 v x_9) ^ (x_1 v -x_5) ^ (x_0 v x_7 v -x_6) ^ (x_0 v -x_5 v x_7) ^ (x_7 v -x_8 v -x_0) ^ (-x_2 v x_7 v x_8) ^ (x_0 v x_7 v -x_2) ^ (x_4 v x_5 v -x_0) ^ (-x_9 v -x_4 v -x_6) ^ (-x_9 v x_4 v x_7) ^ (x_4 v x_2 v -x_0) ^ (x_0 v x_1 v -x_3)]
10,26,0.15620851516723633,32,0.0006442070007324219,0.13877010345458984,[(-x_7 v x_5 v x_8) ^ (x_7 v x_5 v -x_3) ^ (x_3 v -x_5 v -x_8) ^ (x_6 v x_4 v -x_3) ^ (x_6 v -x_9 v x_5) ^ (x_4 v x_2) ^ (x_0 v -x_9 v x_7) ^ (x_9 v x_4 v x_5) ^ (x_9 v -x_5 v -x_3) ^ (-x_4 v -x_7 v x_8) ^ (x_6 v x_1 v x_5) ^ (x_1 v -x_8 v -x_6) ^ (x_3 v x_9 v -x_0) ^ (-x_1 v x_6) ^ (-x_9 v -x_7 v x_8) ^ (-x_4 v -x_7 v -x_6) ^ (x_9 v -x_5 v -x_8) ^ (x_3 v x_4 v x_8) ^ (x_3 v x_9) ^ (-x_2 v x_7) ^ (-x_5 v x_2 v -x_6) ^ (-x_1 v -x_4 v -x_7) ^ (x_9 v x_7 v x_2) ^ (x_6 v x_1 v -x_9) ^ (-x_7 v x_4 v -x_0) ^ (x_1 v -x_8)]
10,30,0.17166423797607422,1,0.0003936290740966797,0.18327713012695312,[(x_5 v -x_7 v x_2) ^ (-x_7 v -x_5 v -x_0) ^ (x_6 v x_2 v -x_8) ^ (x_9 v x_7) ^ (x_3 v -x_6 v -x_0) ^ (x_4 v x_2 v -x_8) ^ (-x_1 v x_7 v x_0) ^ (-x_0 v x_2 v -x_6) ^ (-x_8 v -x_0) ^ (-x_9 v -x_5 v -x_0) ^ (x_3 v x_5) ^ (-x_9 v -x_7 v -x_0) ^ (-x_5 v x_4 v -x_6) ^ (-x_1 v x_9 v x_4) ^ (x_3 v -x_9 v -x_5) ^ (-x_1 v -x_4 v x_7) ^ (x_3 v -x_7 v x_5) ^ (x_1 v -x_8 v -x_3) ^ (x_3 v -x_7 v -x_0) ^ (-x_7 v -x_2 v -x_0) ^ (x_3 v x_1 v -x_5) ^ (-x_9 v -x_4 v -x_8) ^ (x_9 v x_4 v -x_6) ^ (x_3 v -x_5 v x_0) ^ (x_1 v x_9 v x_5) ^ (-x_0 v x_4 v -x_6) ^ (x_0 v x_2 v -x_8) ^ (-x_7 v -x_2 v x_5) ^ (x_9 v x_5 v -x_3) ^ (x_3 v -x_4 v -x_7)]
10,15,0.10023999214172363,32,0.0003795623779296875,0.1405019760131836,[(-x_0 v x_4 v -x_6) ^ (x_6 v -x_9 v -x_7) ^ (x_0 v x_4 v x_2) ^ (-x_9 v x_7 v -x_3) ^ (x_1 v -x_9 v x_4) ^ (-x_6 v x_7 v -x_0) ^ (x_5 v x_7 v x_2) ^ (x_1 v -x_5 v x_8) ^ (x_9 v x_4 v -x_6) ^ (x_8 v -x_2 v -x_0) ^ (x_0 v x_6 v -x_4) ^ (-x_5) ^ (x_0 v x_7 v x_2) ^ (-x_9 v -x_7 v -x_8) ^ (x_1 v x_4 v -x_3)]
10,20,0.14207792282104492,1,0.0002472400665283203,0.15088272094726562,[(x_9 v x_7) ^ (x_8 v -x_2 v -x_0) ^ (-x_1 v x_7 v x_5) ^ (x_4 v -x_8) ^ (x_9 v -x_4 v -x_7) ^ (x_3 v x_6 v x_1) ^ (x_6 v -x_9 v -x_8) ^ (x_0 v -x_5 v x_3) ^ (-x_1 v -x_7 v x_5) ^ (x_9 v x_4) ^ (x_2 v -x_0) ^ (-x_6 v x_7 v x_8) ^ (x_0 v -x_5 v x_4) ^ (-x_5 v -x_3) ^ (-x_9 v -x_2 v -x_0) ^ (-x_4 v -x_5 v x_7) ^ (-x_9 v -x_2 v -x_6) ^ (x_3 v -x_9 v x_1) ^ (-x_7 v -x_2 v x_4) ^ (x_1 v -x_3 v x_8)]
10,27,0.1491861343383789,32,0.00034308433532714844,0.14806270599365234,[(-x_1 v x_9 v x_7) ^ (-x_9 v -x_5) ^ (x_0 v -x_2 v x_5) ^ (x_3 v -x_1 v x_4) ^ (x_5 v -x_3 v -x_6) ^ (x_3 v x_5 v -x_0) ^ (x_6 v -x_5 v -x_8) ^ (-x_1 v x_6 v x_7) ^ (x_8 v -x_7 v -x_3) ^ (-x_8 v -x_0) ^ (x_4 v x_2) ^ (x_1 v -x_2 v x_7) ^ (x_0 v x_9 v -x_8) ^ (-x_7 v x_2) ^ (-x_1 v -x_9 v x_7) ^ (x_5 v -x_8 v -x_0) ^ (x_6 v -x_2 v -x_8) ^ (x_6 v x_9) ^ (x_2 v -x_8 v -x_6) ^ (-x_2 v -x_8 v -x_3) ^ (x_6 v x_9 v x_2) ^ (x_0 v x_5 v -x_8) ^ (-x_9 v x_4) ^ (x_1 v -x_4 v -x_2) ^ (x_3 v x_5 v x_8) ^ (-x_9 v -x_7 v -x_2) ^ (-x_9 v x_4 v x_2)]
10,24,0.1642148494720459,1,0.00030994415283203125,0.17169570922851562,[(-x_2 v x_7 v -x_6) ^ (-x_4 v -x_3 v -x_6) ^ (-x_5 v x_7 v x_8) ^ (x_7 v x_5 v x_8) ^ (-x_1 v -x_2 v -x_6) ^ (-x_8 v -x_0) ^ (x_1 v -x_2 v x_7) ^ (-x_4 v x_5 v -x_7) ^ (x_0 v x_6 v -x_2) ^ (x_1 v -x_2 v x_8) ^ (-x_9 v x_1 v x_7) ^ (-x_1 v -x_7) ^ (x_9 v x_7 v -x_6) ^ (-x_9 v -x_4) ^ (-x_1 v -x_4) ^ (x_1 v x_7 v -x_6) ^ (x_3 v x_6 v -x_7) ^ (x_9 v -x_7 v -x_8) ^ (x_1 v x_4 v x_5) ^ (x_1 v x_9 v -x_8) ^ (-x_1 v -x_7 v x_3) ^ (-x_1 v x_3 v x_0) ^ (x_9 v -x_2 v -x_7) ^ (x_6 v -x_7 v -x_8)]
10,15,0.0998995304107666,32,0.0003452301025390625,0.13838863372802734,[(x_0 v x_5 v x_3) ^ (-x_9 v x_4 v -x_5) ^ (-x_4 v x_5 v -x_6) ^ (x_0 v x_6 v -x_2) ^ (x_4 v x_5 v -x_0) ^ (x_0 v x_2 v x_8) ^ (-x_1 v -x_9 v x_5) ^ (x_3 v x_6 v -x_8) ^ (-x_1 v x_2 v -x_6) ^ (-x_7 v -x_5 v x_4) ^ (x_9 v -x_8 v -x_6) ^ (x_4 v -x_8) ^ (x_0 v -x_2 v x_3) ^ (x_3 v -x_9 v -x_2) ^ (-x_4 v x_7 v -x_8)]
10,15,0.0953834056854248,1,0.0004677772521972656,0.16904830932617188,[(x_1 v -x_9 v -x_0) ^ (x_1 v -x_7 v x_4) ^ (x_1 v -x_4 v x_8) ^ (-x_9 v -x_3 v -x_0) ^ (x_3 v x_2 v -x_0) ^ (-x_9 v x_2) ^ (x_9 v x_4 v x_2) ^ (-x_1 v x_2) ^ (x_3 v -x_9 v -x_4) ^ (-x_1 v x_6 v -x_8) ^ (-x_5 v x_9 v -x_2) ^ (-x_4 v x_5 v -x_3) ^ (-x_9 v -x_4 v -x_3) ^ (x_0 v x_4 v -x_8) ^ (-x_1 v x_5 v x_3)]
10,20,0.12935757637023926,32,0.00077056884765625,0.1416311264038086,[(x_7 v -x_3 v x_8) ^ (-x_1 v -x_4 v x_8) ^ (-x_4 v x_9 v -x_5) ^ (-x_1 v -x_2 v -x_3) ^ (-x_9 v -x_5 v -x_3) ^ (-x_1 v x_8 v -x_0) ^ (x_0 v x_6 v x_8) ^ (-x_5 v x_7 v x_4) ^ (-x_1 v -x_7 v x_2) ^ (x_3 v x_5) ^ (x_7 v x_2 v -x_0) ^ (x_3 v x_6 v -x_9) ^ (x_4 v x_7 v -x_6) ^ (x_2 v -x_0) ^ (-x_1 v x_5 v x_8) ^ (x_6 v x_7 v -x_0) ^ (x_6 v -x_8) ^ (x_3 v x_5 v -x_6) ^ (x_9 v -x_4 v x_8) ^ (x_6 v x_1 v -x_9)]
10,27,0.15766596794128418,1,0.0005323886871337891,0.17113876342773438,[(x_0 v x_6 v x_1) ^ (x_6 v -x_7 v x_8) ^ (x_6 v -x_7 v -x_5) ^ (x_6 v x_1 v -x_4) ^ (-x_4 v x_9 v -x_0) ^ (-x_1 v x_8 v -x_0) ^ (-x_7 v -x_5 v -x_8) ^ (-x_4 v -x_2 v -x_7) ^ (-x_9 v -x_7 v x_5) ^ (-x_6 v -x_8 v -x_3) ^ (-x_1 v -x_3) ^ (-x_4 v x_7 v -x_6) ^ (-x_1 v x_8) ^ (x_9 v -x_5 v -x_0) ^ (x_1 v x_4) ^ (-x_1 v x_6) ^ (x_6 v -x_2 v x_8) ^ (x_3 v -x_9 v -x_4) ^ (-x_9 v x_4) ^ (-x_9 v -x_2) ^ (-x_7 v x_5) ^ (-x_1 v -x_9) ^ (-x_1 v -x_7 v -x_6) ^ (x_5 v -x_8 v -x_6) ^ (-x_1 v -x_0) ^ (x_3 v -x_2 v -x_0) ^ (x_6 v x_1 v -x_9)]
10,17,0.10829734802246094,32,0.0005772113800048828,0.14678096771240234,[(x_0 v x_9 v -x_8) ^ (-x_9 v -x_7 v x_2) ^ (-x_4 v x_7 v x_5) ^ (-x_4 v x_7 v -x_3) ^ (x_7 v x_2 v x_8) ^ (x_5 v -x_8 v -x_6) ^ (x_3 v x_1 v -x_4) ^ (x_1 v x_9 v -x_5) ^ (x_0 v x_4 v -x_6) ^ (-x_4 v -x_8) ^ (x_1 v x_9 v x_8) ^ (-x_9 v -x_5 v -x_8) ^ (x_0 v -x_5 v x_2) ^ (x_1 v -x_8 v -x_0) ^ (-x_7 v x_4 v -x_6) ^ (x_3 v x_1 v x_4) ^ (-x_7 v -x_8)]
10,27,0.17662429809570312,1,0.0004706382751464844,0.16180038452148438,[(x_0 v x_5 v x_2) ^ (-x_4 v -x_5) ^ (x_3 v -x_1 v -x_6) ^ (x_0 v -x_7 v -x_6) ^ (x_6 v x_8 v -x_3) ^ (x_5 v -x_0) ^ (x_4 v x_5 v -x_8) ^ (x_0 v x_9) ^ (x_0 v -x_9 v -x_5) ^ (x_9 v -x_4 v -x_2) ^ (x_1 v -x_4) ^ (-x_1 v x_2 v -x_0) ^ (-x_6 v -x_5 v x_4) ^ (x_0 v -x_2 v x_3) ^ (x_4 v x_5 v -x_3) ^ (x_3 v -x_5 v -x_2) ^ (-x_1 v x_6 v x_9) ^ (x_2 v -x_3) ^ (x_3 v x_5 v x_8) ^ (x_8 v x_7 v -x_3) ^ (x_3 v -x_9 v -x_7) ^ (x_0 v -x_3) ^ (x_1 v x_2 v -x_8) ^ (x_4 v x_5 v -x_6) ^ (x_3 v x_9 v -x_5) ^ (-x_8 v -x_3) ^ (x_3 v x_4 v -x_0)]
10,20,0.12082982063293457,32,0.0003838539123535156,0.15201473236083984,[(x_1 v x_8 v -x_3) ^ (-x_9 v -x_5) ^ (-x_4 v x_9 v -x_5) ^ (x_0 v x_3 v -x_6) ^ (x_3 v x_7 v x_2) ^ (-x_9 v -x_7 v -x_0) ^ (x_8 v -x_5 v -x_3) ^ (x_1 v x_9 v -x_3) ^ (-x_6 v -x_3 v x_8) ^ (-x_1 v -x_6) ^ (-x_1 v x_3 v -x_8) ^ (-x_1 v -x_8 v -x_0) ^ (x_3 v -x_7 v -x_0) ^ (-x_1 v x_7 v -x_6) ^ (-x_5 v -x_8 v x_4) ^ (x_3 v x_5 v -x_8) ^ (x_3 v -x_9 v x_4) ^ (x_3 v -x_2 v x_4) ^ (x_3 v -x_4 v -x_6) ^ (-x_1 v -x_9 v -x_8)]
10,23,0.14682459831237793,1,0.0005288124084472656,0.16465377807617188,[(x_6 v x_8 v -x_3) ^ (x_1 v x_9 v -x_7) ^ (x_0 v x_1 v -x_5) ^ (x_0 v -x_9) ^ (x_9 v x_8) ^ (x_0 v -x_5 v x_8) ^ (-x_1 v -x_7 v x_2) ^ (x_1 v -x_2 v x_7) ^ (x_1 v x_7 v x_5) ^ (x_1 v x_9 v -x_3) ^ (x_6 v -x_9 v -x_8) ^ (x_3 v -x_0 v -x_6) ^ (x_6 v -x_9 v x_8) ^ (-x_0 v x_6 v -x_3) ^ (-x_5 v -x_8 v x_4) ^ (-x_9 v -x_8 v -x_3) ^ (x_8 v -x_5 v x_4) ^ (x_3 v -x_1 v -x_8) ^ (x_4 v x_2 v -x_6) ^ (x_6 v -x_3 v -x_0) ^ (-x_1 v x_2 v x_8) ^ (x_1 v x_9 v x_8) ^ (x_4 v x_5)]
10,15,0.09832358360290527,32,0.0003056526184082031,0.1392507553100586,[(-x_1 v -x_9 v -x_5) ^ (-x_5 v -x_0) ^ (x_6 v x_2 v -x_3) ^ (x_3 v -x_4 v x_7) ^ (-x_1 v x_9 v x_4) ^ (-x_9 v -x_3 v x_8) ^ (-x_1 v x_9 v x_3) ^ (x_0 v -x_9 v x_4) ^ (x_5 v -x_8 v -x_0) ^ (x_6 v -x_5) ^ (-x_9 v -x_3 v -x_0) ^ (-x_1 v -x_7 v -x_3) ^ (-x_7 v -x_5 v x_4) ^ (-x_4 v x_2 v -x_8) ^ (x_1 v -x_8 v -x_6)]
10,13,0.08179640769958496,1,0.0004963874816894531,0.16984939575195312,[(-x_2 v -x_0) ^ (-x_7 v -x_0) ^ (-x_5 v -x_2 v x_8) ^ (x_0 v x_6 v x_4) ^ (x_9 v -x_8 v -x_3) ^ (x_6 v -x_7 v -x_5) ^ (-x_6 v x_7 v -x_0) ^ (-x_1 v -x_5 v x_7) ^ (x_0 v x_2) ^ (-x_1 v x_8 v -x_0) ^ (x_8 v x_4 v -x_0) ^ (x_7 v -x_8 v -x_3) ^ (-x_9 v -x_2)]
10,19,0.12902545928955078,32,0.0003178119659423828,0.1304616928100586,[(-x_2 v x_7 v -x_6) ^ (-x_1 v x_7 v -x_0) ^ (x_9 v x_7 v x_4) ^ (-x_1 v x_5 v -x_0) ^ (x_0 v -x_9 v -x_7) ^ (x_4 v -x_3 v x_8) ^ (x_3 v -x_9 v -x_8) ^ (-x_6 v -x_3 v x_8) ^ (x_0 v x_9 v x_8) ^ (x_3 v -x_7 v x_5) ^ (-x_7 v -x_5 v x_4) ^ (x_0 v x_1 v -x_7) ^ (x_0 v x_4 v -x_8) ^ (-x_1 v -x_4 v -x_2) ^ (x_6 v x_7 v x_2) ^ (x_1 v x_4 v x_5) ^ (-x_1 v x_2 v -x_6) ^ (x_8 v x_5 v -x_3) ^ (-x_8 v -x_3)]
10,16,0.10669469833374023,1,0.000270843505859375,0.15855789184570312,[(x_1 v -x_7 v -x_6) ^ (x_7 v -x_3 v -x_0) ^ (-x_1 v x_6 v -x_9) ^ (-x_4 v x_5 v -x_8) ^ (x_8 v x_7 v -x_3) ^ (x_1 v -x_4 v -x_6) ^ (x_3 v -x_9 v x_2) ^ (x_9 v -x_7 v -x_3) ^ (-x_1 v x_7) ^ (-x_1 v -x_4 v -x_2) ^ (x_0 v x_5 v -x_6) ^ (-x_9 v -x_2 v x_7) ^ (x_3 v -x_7 v x_2) ^ (-x_4 v -x_8 v -x_3) ^ (-x_9 v -x_8 v -x_0) ^ (x_1 v -x_9 v -x_4)]
10,16,0.09752392768859863,32,0.0003654956817626953,0.1398611068725586,[(x_5 v -x_3 v -x_0) ^ (-x_0 v x_9 v -x_3) ^ (x_3 v -x_1 v x_8) ^ (x_6 v -x_4 v -x_2) ^ (x_0 v -x_4 v x_3) ^ (x_1 v -x_4 v -x_7) ^ (-x_4 v x_5 v -x_6) ^ (-x_5 v x_7 v -x_6) ^ (-x_5 v -x_2 v x_7) ^ (-x_4 v x_5 v -x_0) ^ (x_3 v -x_2 v x_8) ^ (-x_9 v x_1 v x_7) ^ (-x_1 v -x_3 v -x_6) ^ (x_6 v x_7 v -x_3) ^ (-x_3 v -x_0) ^ (-x_1 v x_9 v -x_5)]
10,21,0.1340618133544922,1,0.00046181678771972656,0.15616989135742188,[(x_7 v x_5 v -x_3) ^ (x_9 v x_7 v x_5) ^ (-x_4 v x_7 v x_8) ^ (-x_9 v -x_5 v -x_3) ^ (-x_4 v x_7 v -x_3) ^ (-x_4 v -x_7 v -x_8) ^ (-x_1 v -x_7 v x_4) ^ (x_1 v -x_8 v -x_3) ^ (x_2 v x_7 v x_5) ^ (x_1 v x_5 v -x_6) ^ (-x_1 v x_9 v x_5) ^ (-x_7 v x_2 v -x_6) ^ (-x_2 v x_7 v -x_8) ^ (x_0 v -x_5 v x_4) ^ (x_8 v -x_5 v x_4) ^ (x_7 v x_4 v -x_6) ^ (x_6 v -x_4 v -x_2) ^ (x_6 v x_7 v x_5) ^ (-x_9 v x_4 v x_7) ^ (-x_9 v x_1 v x_8) ^ (x_0 v -x_5 v -x_6)]
10,17,0.10950779914855957,32,0.000308990478515625,0.1519460678100586,[(-x_1 v -x_5 v -x_2) ^ (-x_1 v -x_7 v x_3) ^ (-x_4 v -x_5) ^ (x_0 v -x_2 v x_7) ^ (x_3 v x_9 v x_8) ^ (x_6 v -x_4 v -x_3) ^ (x_4 v x_2 v -x_6) ^ (x_3 v -x_9 v -x_8) ^ (-x_9 v -x_4 v -x_5) ^ (x_9 v -x_5) ^ (x_4 v -x_8 v -x_3) ^ (x_3 v -x_5) ^ (-x_7 v -x_5 v -x_6) ^ (x_0 v x_7 v -x_6) ^ (x_1 v -x_6 v -x_3) ^ (-x_9 v -x_4 v x_2) ^ (x_7 v x_5 v -x_6)]
10,24,0.16685223579406738,1,0.0003342628479003906,0.15546798706054688,[(-x_1 v x_5) ^ (-x_1 v x_9 v x_7) ^ (-x_5 v x_7 v x_4) ^ (x_4 v x_2 v x_8) ^ (-x_9 v -x_7 v -x_0) ^ (x_0 v x_2 v -x_6) ^ (x_9 v x_4 v -x_8) ^ (x_8 v x_9 v -x_6) ^ (x_6 v x_1 v x_2) ^ (-x_7 v -x_5) ^ (x_1 v x_5 v -x_8) ^ (x_3 v x_6 v -x_7) ^ (-x_9 v -x_6 v x_8) ^ (x_0 v -x_5 v x_7) ^ (x_0 v x_5 v -x_8) ^ (-x_1 v -x_9) ^ (x_0 v x_2 v -x_8) ^ (x_0 v x_1 v x_9) ^ (-x_1 v x_5 v x_2) ^ (x_9 v -x_6 v -x_3) ^ (-x_9 v x_4 v x_7) ^ (x_3 v x_5 v -x_6) ^ (x_9 v -x_7) ^ (x_0 v -x_4 v x_8)]
10,22,0.161698579788208,32,0.0005638599395751953,0.1473836898803711,[(x_7 v -x_3 v x_8) ^ (x_9 v -x_8) ^ (x_9 v x_7 v x_5) ^ (x_0 v -x_2 v x_5) ^ (-x_1 v x_6 v x_0) ^ (x_6 v -x_7 v x_4) ^ (-x_1 v -x_7 v x_2) ^ (-x_1 v -x_8) ^ (-x_1 v -x_9 v -x_7) ^ (x_9 v x_4 v x_5) ^ (x_1 v -x_2) ^ (x_6 v x_2) ^ (-x_9 v -x_7 v -x_8) ^ (x_1 v x_2 v -x_0) ^ (x_0 v -x_1 v x_5) ^ (-x_4 v x_2 v -x_8) ^ (x_1 v x_9 v x_5) ^ (x_8 v -x_5 v -x_0) ^ (x_6 v x_9 v x_5) ^ (x_0 v x_1 v x_9) ^ (x_0 v x_5 v -x_3) ^ (x_6 v -x_4 v x_9)]
10,30,0.17762470245361328,1,0.0002651214599609375,0.18346023559570312,[(x_6 v -x_7 v x_2) ^ (-x_1 v -x_2 v -x_8) ^ (x_8 v -x_7 v -x_6) ^ (x_4 v x_5 v -x_8) ^ (x_0 v -x_7 v -x_8) ^ (x_3 v -x_1 v x_0) ^ (x_9 v x_4 v x_5) ^ (-x_1 v -x_8 v -x_6) ^ (x_0 v -x_2 v x_7) ^ (x_0 v -x_5 v -x_2) ^ (-x_7 v x_4 v -x_3) ^ (x_0 v x_6 v -x_7) ^ (x_3 v -x_7 v -x_6) ^ (x_3 v -x_7 v x_5) ^ (-x_1 v -x_5 v -x_0) ^ (-x_7 v x_4 v -x_0) ^ (-x_4 v x_5 v -x_3) ^ (-x_1 v x_7 v -x_6) ^ (x_9 v -x_7 v -x_0) ^ (-x_2 v x_5 v -x_8) ^ (-x_7 v -x_8 v -x_0) ^ (x_1 v x_9) ^ (-x_5 v x_8) ^ (x_1 v x_5 v x_8) ^ (x_0 v -x_7 v -x_5) ^ (x_0 v -x_3) ^ (-x_6 v -x_2 v x_4) ^ (-x_1 v -x_0) ^ (-x_2 v -x_3) ^ (x_3 v -x_9 v -x_2)]
10,28,0.1576070785522461,32,0.0003123283386230469,0.14993953704833984,[(x_3 v x_9 v x_8) ^ (x_0 v -x_2 v x_5) ^ (-x_1 v -x_2 v -x_3) ^ (x_6 v x_9 v x_8) ^ (-x_9 v -x_4 v -x_2) ^ (x_9 v x_7 v x_4) ^ (x_3 v -x_5 v x_8) ^ (x_4 v -x_3 v -x_6) ^ (x_0 v -x_7 v -x_2) ^ (x_6 v -x_5 v x_8) ^ (x_0 v -x_9 v -x_5) ^ (-x_9 v x_1 v -x_7) ^ (x_7 v x_2 v -x_0) ^ (x_1 v -x_2 v -x_3) ^ (-x_4 v x_5 v -x_7) ^ (x_6 v x_2) ^ (x_3 v -x_2 v -x_0) ^ (-x_1 v -x_8 v x_0) ^ (x_7 v -x_8 v -x_6) ^ (-x_1 v x_9 v -x_8) ^ (-x_9) ^ (x_3 v -x_9) ^ (-x_4 v x_5 v -x_0) ^ (-x_9 v -x_2 v -x_8) ^ (-x_7 v -x_3 v x_8) ^ (x_3 v x_9 v -x_8) ^ (x_3 v -x_4 v -x_8) ^ (-x_2 v -x_8)]
10,18,0.11783313751220703,1,0.0004220008850097656,0.16722488403320312,[(x_1 v -x_7) ^ (-x_1 v x_6 v -x_9) ^ (-x_4 v x_2 v -x_6) ^ (x_0 v -x_4 v -x_5) ^ (-x_1 v -x_9 v -x_6) ^ (-x_1 v -x_4 v -x_6) ^ (-x_1 v x_7 v x_4) ^ (-x_9 v x_7 v x_4) ^ (x_1 v -x_5 v -x_0) ^ (-x_9 v -x_7 v -x_3) ^ (x_6 v -x_9 v -x_8) ^ (x_9 v x_5 v -x_7) ^ (x_0 v -x_7 v -x_8) ^ (-x_1 v x_6 v -x_3) ^ (-x_4 v -x_2 v x_5) ^ (x_7 v -x_8) ^ (x_1 v -x_9 v -x_6) ^ (x_3 v x_2 v x_8)]
10,13,0.0776054859161377,32,0.0006656646728515625,0.15288448333740234,[(x_1 v -x_7 v -x_5) ^ (x_9 v -x_7 v -x_0) ^ (x_0 v x_7 v -x_8) ^ (x_0 v x_2 v -x_8) ^ (-x_5 v -x_2 v -x_0) ^ (-x_1 v -x_9 v x_2) ^ (x_6 v x_9 v -x_0) ^ (x_6 v -x_5 v -x_0) ^ (x_3 v -x_7 v x_5) ^ (-x_5 v -x_2 v x_4) ^ (x_0 v x_1 v x_3) ^ (-x_4 v -x_2 v -x_7) ^ (-x_1 v x_7 v x_8)]
10,28,0.20760869979858398,1,0.00042438507080078125,0.14954757690429688,[(x_5 v -x_7 v x_2) ^ (x_0 v -x_7 v -x_6) ^ (-x_1 v -x_9 v x_8) ^ (x_3 v -x_7 v x_8) ^ (-x_6 v x_2 v x_8) ^ (x_9 v -x_2 v -x_3) ^ (-x_1 v -x_8 v -x_6) ^ (x_9 v -x_5 v x_2) ^ (x_1 v -x_3 v -x_0) ^ (-x_8 v -x_6) ^ (x_6 v x_1 v -x_7) ^ (x_3 v -x_4 v -x_5) ^ (x_3 v x_6 v x_1) ^ (x_3 v x_9 v -x_6) ^ (-x_0 v x_5 v -x_6) ^ (x_0 v x_4 v x_7) ^ (x_3 v x_6 v x_5) ^ (-x_1 v x_6 v -x_4) ^ (-x_7 v x_4 v -x_6) ^ (-x_4 v -x_8 v -x_0) ^ (-x_2 v x_7 v x_8) ^ (x_9 v -x_8 v -x_3) ^ (-x_0 v -x_7 v -x_6) ^ (x_6 v -x_9 v x_7) ^ (-x_7 v -x_2 v -x_6) ^ (x_4 v x_5 v -x_6) ^ (x_0 v -x_4 v -x_3) ^ (x_6 v -x_9 v -x_3)]
10,25,0.1772470474243164,32,0.00038909912109375,0.1492147445678711,[(x_1 v -x_5 v x_8) ^ (-x_1 v -x_5 v x_2) ^ (x_8 v -x_2 v -x_0) ^ (x_8 v -x_6 v -x_0) ^ (-x_4 v x_5 v x_8) ^ (x_3 v x_6 v x_8) ^ (-x_4 v -x_2) ^ (x_6 v -x_9) ^ (-x_1 v x_4 v x_2) ^ (-x_9 v x_4 v x_8) ^ (-x_9 v -x_5 v -x_8) ^ (x_8 v -x_2 v -x_3) ^ (x_3 v -x_9 v x_8) ^ (x_9 v x_7 v -x_3) ^ (x_0 v x_1 v -x_7) ^ (x_9 v -x_7 v -x_0) ^ (x_1 v x_4 v x_2) ^ (x_0 v -x_6 v x_8) ^ (x_4 v x_5 v -x_3) ^ (x_9 v x_4 v -x_6) ^ (-x_4 v -x_8 v -x_0) ^ (-x_7 v -x_0) ^ (x_9 v -x_8 v -x_0) ^ (x_3 v x_9 v -x_5) ^ (-x_4 v x_2 v -x_8)]
10,26,0.15585756301879883,1,0.0002384185791015625,0.15906143188476562,[(-x_4 v -x_5) ^ (x_0 v -x_2 v x_5) ^ (x_7 v x_4) ^ (-x_5 v x_7 v x_4) ^ (x_3 v -x_8) ^ (x_6 v -x_4 v x_5) ^ (-x_7 v x_4 v x_2) ^ (-x_9 v x_7 v -x_6) ^ (x_0 v x_6 v x_4) ^ (-x_6 v -x_5 v -x_3) ^ (x_0 v -x_9 v x_5) ^ (x_6 v -x_4 v -x_7) ^ (x_9 v x_7 v -x_6) ^ (x_1 v -x_7 v x_2) ^ (x_3 v x_7 v -x_6) ^ (-x_4 v x_8) ^ (-x_9 v -x_4) ^ (x_6 v x_7 v x_2) ^ (x_4 v -x_8 v -x_3) ^ (-x_1 v -x_4 v x_2) ^ (-x_1 v x_7 v x_8) ^ (x_9 v x_4 v -x_7) ^ (-x_5 v x_7 v -x_8) ^ (x_4 v x_5 v -x_6) ^ (-x_2 v -x_8) ^ (-x_7 v -x_8)]
10,12,0.07696199417114258,32,0.00035572052001953125,0.18166255950927734,[(x_1 v -x_7 v x_4) ^ (-x_2 v x_8) ^ (x_3 v x_6 v x_2) ^ (x_1 v x_9 v -x_5) ^ (x_6 v -x_9) ^ (-x_9 v -x_6 v -x_0) ^ (x_1 v -x_3 v -x_6) ^ (x_0 v x_1) ^ (-x_1 v x_9 v -x_4) ^ (x_8 v -x_7 v -x_3) ^ (x_0 v x_1 v -x_2) ^ (-x_1 v -x_9 v -x_7)]
10,29,0.17198801040649414,1,0.00038623809814453125,0.17197036743164062,[(x_3 v x_4 v x_5) ^ (-x_1 v x_5 v -x_0) ^ (x_6 v -x_7 v -x_0) ^ (-x_9 v -x_4 v -x_3) ^ (x_0 v -x_9 v x_7) ^ (x_6 v x_1 v -x_0) ^ (-x_0 v -x_6 v x_8) ^ (x_6 v -x_4 v -x_8) ^ (x_2 v -x_8 v -x_0) ^ (-x_4 v -x_2 v -x_3) ^ (x_9 v x_2 v -x_0) ^ (x_2 v x_4 v x_5) ^ (-x_6 v -x_3) ^ (x_3 v -x_5 v x_0) ^ (-x_6 v -x_8 v -x_0) ^ (-x_5 v x_8) ^ (-x_1 v x_2) ^ (x_1 v x_4 v x_5) ^ (-x_7 v -x_2 v x_8) ^ (x_7 v -x_3) ^ (-x_2 v x_7 v -x_3) ^ (-x_9 v x_5 v -x_3) ^ (x_1 v x_7) ^ (-x_6 v -x_2 v x_4) ^ (x_6 v x_4 v x_5) ^ (x_4 v x_5 v -x_6) ^ (-x_7 v -x_8) ^ (-x_1 v -x_9 v -x_8) ^ (x_3 v x_7 v -x_6)]
10,14,0.0954444408416748,32,0.00036072731018066406,0.1393728256225586,[(-x_1 v -x_3) ^ (x_3 v -x_9 v x_0) ^ (x_0 v -x_9 v -x_5) ^ (-x_1 v -x_4 v -x_0) ^ (-x_9 v -x_5) ^ (x_3 v -x_4 v -x_5) ^ (x_1 v -x_4 v -x_3) ^ (-x_4 v -x_7) ^ (x_8 v -x_2 v -x_0) ^ (x_8 v x_5 v -x_3) ^ (-x_6 v -x_5 v x_4) ^ (x_3 v -x_7 v -x_8) ^ (x_0 v x_1 v x_4) ^ (-x_1 v x_7 v -x_6)]
10,10,0.07555127143859863,1,0.0005471706390380859,0.18564987182617188,[(x_3 v -x_9 v x_0) ^ (-x_5 v -x_6) ^ (-x_1 v x_4) ^ (-x_4 v x_2 v -x_6) ^ (x_9 v -x_5 v -x_6) ^ (x_9 v x_7) ^ (-x_1 v x_7 v x_5) ^ (x_6 v -x_3) ^ (x_6 v x_1 v x_7) ^ (x_6 v x_9 v -x_8)]
10,11,0.07612919807434082,32,0.0004057884216308594,0.1310415267944336,[(x_1 v x_2 v -x_6) ^ (x_1 v x_7 v x_2) ^ (-x_8 v -x_6) ^ (x_3 v x_7) ^ (-x_1 v -x_4) ^ (-x_5 v x_2 v x_7) ^ (x_9 v x_7 v -x_0) ^ (x_3 v x_5 v -x_6) ^ (x_3 v -x_9 v x_8) ^ (x_9 v -x_2 v -x_6) ^ (-x_1 v x_7 v -x_6)]
10,18,0.1135261058807373,1,0.000576019287109375,0.15952682495117188,[(x_7 v -x_3) ^ (-x_6 v -x_0) ^ (x_1 v x_8 v -x_6) ^ (x_0 v x_4) ^ (x_0 v -x_6 v x_8) ^ (x_6 v x_4) ^ (x_0 v x_6 v x_4) ^ (-x_1 v x_8) ^ (x_8 v x_4 v -x_0) ^ (-x_6 v -x_5 v x_4) ^ (x_1 v -x_2 v x_4) ^ (-x_1 v x_4 v -x_8) ^ (-x_1 v -x_2 v x_4) ^ (x_2 v -x_8) ^ (x_0 v -x_7 v x_3) ^ (x_0 v -x_1 v x_7) ^ (x_1 v -x_2 v -x_8) ^ (x_3 v x_1 v x_9)]
10,10,0.07055377960205078,32,0.0006649494171142578,0.14748287200927734,[(x_3 v x_6 v x_7) ^ (x_0 v -x_9 v -x_4) ^ (x_1 v -x_4 v x_8) ^ (-x_9 v x_4 v -x_8) ^ (-x_9 v -x_4) ^ (-x_5 v -x_8 v x_4) ^ (x_9 v -x_5 v x_7) ^ (-x_1 v x_9 v x_0) ^ (-x_1 v -x_4 v x_2) ^ (x_0 v x_6 v x_3)]
10,16,0.10308575630187988,1,0.00032210350036621094,0.15551376342773438,[(-x_5 v x_7 v -x_3) ^ (-x_9 v -x_7 v -x_0) ^ (x_1 v -x_5 v x_4) ^ (x_3 v x_9) ^ (-x_6 v -x_2 v x_8) ^ (-x_1 v x_4 v x_8) ^ (x_6 v -x_8) ^ (x_1 v x_9 v -x_0) ^ (x_3 v x_6 v x_1) ^ (x_3 v x_6 v x_2) ^ (-x_4 v x_9 v -x_5) ^ (x_3 v x_4 v x_8) ^ (x_1 v -x_2 v -x_0) ^ (x_6 v x_1 v -x_9) ^ (-x_1 v x_9 v -x_5) ^ (-x_1 v x_7 v -x_6)]
10,26,0.15122222900390625,32,0.0007662773132324219,0.1405477523803711,[(x_3 v x_2 v x_5) ^ (x_7 v x_5 v -x_3) ^ (x_3 v -x_6 v -x_0) ^ (-x_9 v -x_5 v x_4) ^ (x_0 v x_9 v -x_8) ^ (x_3 v -x_7 v -x_5) ^ (x_1 v -x_4 v x_8) ^ (-x_9 v x_7 v -x_6) ^ (x_0 v x_3 v x_5) ^ (x_0 v x_9 v x_8) ^ (-x_2 v x_7 v -x_0) ^ (x_3 v -x_0 v -x_6) ^ (x_6 v x_1 v x_7) ^ (x_1 v -x_4 v -x_6) ^ (x_9 v -x_7 v -x_0) ^ (x_9 v x_4 v x_8) ^ (-x_1 v x_6 v x_2) ^ (x_0 v x_1 v x_7) ^ (x_0 v x_6 v -x_3) ^ (-x_1 v x_9 v x_0) ^ (x_0 v -x_2 v -x_6) ^ (-x_0 v x_7 v x_8) ^ (-x_1 v -x_2 v x_0) ^ (-x_9 v x_5 v -x_3) ^ (-x_5 v x_2 v -x_8) ^ (x_3 v -x_9 v -x_2)]
10,17,0.10580277442932129,1,0.0002396106719970703,0.16579818725585938,[(-x_1 v -x_4 v -x_6) ^ (-x_6 v -x_0) ^ (x_9 v -x_2 v x_7) ^ (x_3 v x_9 v x_8) ^ (-x_7 v x_8) ^ (-x_2 v x_7) ^ (x_7 v x_8) ^ (-x_9 v -x_5 v -x_6) ^ (x_7 v x_2 v -x_3) ^ (x_3 v -x_4 v x_2) ^ (x_0 v x_2 v x_8) ^ (x_0 v x_2) ^ (x_0 v x_4 v x_8) ^ (-x_9 v x_7 v -x_8) ^ (x_6 v x_7 v -x_3) ^ (-x_0 v x_5 v x_8) ^ (x_1 v -x_8 v -x_6)]
10,12,0.08291101455688477,32,0.00046253204345703125,0.1653738021850586,[(x_8 v -x_0) ^ (-x_5 v x_4) ^ (x_3 v -x_4 v x_9) ^ (x_6 v x_4 v x_2) ^ (x_0 v -x_2 v x_4) ^ (-x_9 v -x_4 v -x_5) ^ (x_2 v x_4 v x_5) ^ (-x_7 v x_5 v -x_8) ^ (x_7 v -x_6) ^ (-x_4 v -x_7) ^ (x_1 v -x_4 v x_2) ^ (x_7 v -x_8)]
10,22,0.12675976753234863,1,0.0002453327178955078,0.17666244506835938,[(x_1 v -x_9 v -x_0) ^ (-x_9 v -x_2 v -x_3) ^ (x_9 v x_7 v x_5) ^ (x_3 v -x_1 v x_4) ^ (x_4 v x_5 v x_8) ^ (-x_9 v x_7 v x_8) ^ (-x_2 v -x_6) ^ (-x_4 v -x_6 v -x_3) ^ (x_9 v x_7 v -x_6) ^ (x_0 v -x_6 v x_8) ^ (-x_1 v -x_4 v -x_2) ^ (-x_6) ^ (x_0 v x_5 v -x_6) ^ (x_0 v -x_8) ^ (x_3 v -x_9 v x_4) ^ (-x_1 v -x_9) ^ (x_0 v x_2 v -x_8) ^ (x_1 v x_4 v -x_8) ^ (-x_5 v x_2 v -x_6) ^ (-x_9 v -x_4 v -x_6) ^ (-x_7 v x_5 v -x_8) ^ (-x_9 v x_4 v -x_3)]
10,19,0.11273622512817383,32,0.00029587745666503906,0.14301204681396484,[(x_1 v x_8 v -x_6) ^ (-x_9 v -x_5) ^ (-x_2 v x_8) ^ (-x_4 v -x_7) ^ (x_0 v -x_2 v -x_8) ^ (-x_7 v -x_5 v x_2) ^ (-x_4 v -x_6 v -x_0) ^ (x_8 v -x_5 v -x_3) ^ (x_1 v x_9 v x_2) ^ (-x_1 v x_4 v x_2) ^ (-x_0 v -x_5 v x_4) ^ (-x_4 v x_5 v -x_3) ^ (x_0 v x_1 v -x_8) ^ (x_9 v x_2) ^ (-x_7 v -x_2 v -x_8) ^ (-x_1 v x_7 v x_8) ^ (x_3 v -x_4) ^ (-x_7 v -x_6) ^ (x_6 v -x_9 v x_7)]
10,14,0.087646484375,1,0.00029015541076660156,0.18187332153320312,[(x_6) ^ (x_3 v x_5) ^ (x_7 v -x_3 v -x_0) ^ (x_2 v -x_0) ^ (-x_9 v x_4 v -x_8) ^ (-x_7 v -x_3 v -x_0) ^ (x_3 v -x_4 v x_7) ^ (x_0 v x_6 v x_4) ^ (-x_4 v -x_7 v -x_6) ^ (x_7 v x_2 v -x_3) ^ (-x_1 v -x_7 v -x_8) ^ (x_0 v -x_4 v x_7) ^ (x_1 v -x_6) ^ (x_9 v -x_2 v x_5)]
10,30,0.17778968811035156,32,0.00027179718017578125,0.16731929779052734,[(x_1 v x_7 v x_2) ^ (-x_9 v -x_3 v -x_0) ^ (x_0 v x_1 v -x_5) ^ (x_7 v x_2) ^ (x_6 v -x_9 v x_4) ^ (-x_9 v -x_8) ^ (x_0 v x_9 v -x_8) ^ (x_3 v x_5) ^ (x_3 v x_7 v x_2) ^ (x_0 v x_9) ^ (-x_9 v -x_7 v -x_0) ^ (x_8 v x_5 v -x_0) ^ (-x_0 v -x_6 v x_8) ^ (-x_1 v -x_9 v x_7) ^ (x_9 v x_7 v x_8) ^ (x_6 v x_9 v -x_2) ^ (x_0 v -x_5 v x_2) ^ (x_0 v -x_7 v x_4) ^ (x_7 v x_4 v x_8) ^ (-x_9 v -x_7 v x_8) ^ (x_0 v -x_9 v x_3) ^ (x_6 v x_7 v x_8) ^ (-x_4 v -x_5 v x_7) ^ (x_3 v -x_1 v -x_9) ^ (-x_2 v x_7 v x_8) ^ (-x_5 v -x_3 v -x_0) ^ (-x_1 v x_6 v x_4) ^ (-x_1 v x_4 v x_8) ^ (x_4 v x_5) ^ (-x_9 v -x_0)]
10,26,0.16550850868225098,1,0.00043392181396484375,0.16343307495117188,[(x_3 v x_7 v -x_0) ^ (-x_7 v x_5 v x_8) ^ (x_4 v x_7 v -x_8) ^ (-x_4 v x_2 v -x_3) ^ (x_1 v x_5 v -x_0) ^ (-x_4 v -x_6 v -x_0) ^ (-x_2 v -x_6) ^ (-x_9 v -x_4 v x_5) ^ (x_9 v -x_5 v -x_0) ^ (x_6 v x_1 v x_7) ^ (x_3 v x_1 v -x_5) ^ (x_9 v x_4 v x_8) ^ (-x_1 v -x_6 v x_8) ^ (x_0 v x_5 v -x_6) ^ (-x_7 v x_2 v -x_6) ^ (-x_6 v -x_8 v -x_0) ^ (x_3 v x_1 v x_5) ^ (-x_5 v -x_3) ^ (x_2 v -x_8) ^ (x_6 v x_7 v -x_0) ^ (x_9 v -x_7 v x_8) ^ (x_0 v x_1 v x_9) ^ (-x_1 v -x_5) ^ (x_1 v x_9 v x_8) ^ (x_4 v x_5) ^ (-x_7 v x_5 v -x_3)]
10,30,0.17975497245788574,32,0.00037169456481933594,0.15642452239990234,[(x_9 v x_4 v -x_3) ^ (x_3 v -x_4 v x_2) ^ (x_1 v x_9 v -x_2) ^ (-x_9 v -x_4 v x_2) ^ (-x_7 v x_2 v -x_3) ^ (x_3 v x_5) ^ (x_0 v -x_9 v -x_5) ^ (-x_2 v x_7 v x_4) ^ (x_0 v x_2 v -x_6) ^ (-x_5 v -x_2 v x_7) ^ (x_3 v -x_7 v -x_6) ^ (-x_5 v -x_2) ^ (-x_1 v -x_5 v -x_0) ^ (x_3 v -x_0 v -x_6) ^ (-x_7 v -x_8 v -x_6) ^ (x_9 v x_2 v -x_0) ^ (-x_1 v x_4 v -x_8) ^ (-x_9 v x_2 v x_8) ^ (-x_1 v -x_5 v -x_6) ^ (-x_2 v x_9 v -x_5) ^ (-x_9 v x_4) ^ (x_0 v x_1 v x_4) ^ (x_6 v x_7 v -x_0) ^ (x_0 v -x_9 v -x_4) ^ (-x_1 v x_2 v -x_3) ^ (x_8 v x_7 v -x_3) ^ (-x_7 v -x_6) ^ (x_9 v -x_2 v -x_6) ^ (-x_1 v -x_4 v x_7) ^ (-x_1 v x_4 v -x_6)]
10,18,0.12156367301940918,1,0.0002751350402832031,0.16348648071289062,[(x_0 v -x_9 v x_8) ^ (-x_1 v x_6 v -x_5) ^ (x_0 v -x_2) ^ (-x_1 v -x_7 v -x_5) ^ (-x_7 v -x_5) ^ (-x_1 v x_5 v -x_3) ^ (x_1 v -x_4 v -x_7) ^ (x_1 v x_4 v -x_6) ^ (-x_9 v -x_4 v -x_8) ^ (-x_7 v x_5 v -x_6) ^ (-x_1 v -x_5 v -x_3) ^ (-x_4 v x_1 v x_9) ^ (x_8 v -x_6 v -x_0) ^ (x_9 v x_4 v -x_7) ^ (x_0 v -x_2 v -x_6) ^ (-x_2 v x_5 v x_4) ^ (-x_1 v -x_0 v x_8) ^ (-x_7 v x_5 v -x_0)]
10,10,0.06713080406188965,32,0.00030684471130371094,0.1348104476928711,[(x_0 v -x_8 v -x_6) ^ (-x_1 v x_5) ^ (x_3 v -x_1 v x_7) ^ (-x_7 v x_4 v -x_8) ^ (-x_1 v x_6 v x_2) ^ (-x_9 v -x_8) ^ (-x_1 v x_6 v x_9) ^ (-x_2 v -x_8) ^ (x_6 v -x_9 v x_8) ^ (x_1 v -x_8 v -x_6)]
10,17,0.1093442440032959,1,0.00027370452880859375,0.15340042114257812,[(x_0 v x_9 v -x_8) ^ (x_3 v x_8) ^ (x_6 v x_5) ^ (x_3 v -x_2 v -x_8) ^ (x_0 v x_4 v -x_3) ^ (x_3 v -x_1 v x_5) ^ (x_9 v -x_3) ^ (x_0 v -x_5 v -x_8) ^ (x_1 v -x_9 v x_4) ^ (x_1 v -x_4) ^ (x_6 v -x_4 v -x_8) ^ (-x_2 v -x_4 v -x_5) ^ (-x_9 v -x_7) ^ (-x_1 v -x_9 v x_0) ^ (-x_4 v -x_2 v x_8) ^ (-x_4 v -x_2 v -x_7) ^ (-x_4 v x_7 v -x_3)]
10,23,0.13643121719360352,32,0.0005044937133789062,0.1464376449584961,[(x_1 v x_7 v x_2) ^ (-x_6 v -x_2 v -x_0) ^ (x_0 v x_4) ^ (-x_1 v x_7 v x_4) ^ (x_1 v -x_4 v x_5) ^ (-x_5 v x_2 v -x_3) ^ (x_6 v x_4 v -x_3) ^ (-x_2 v -x_8 v x_4) ^ (x_0 v x_9 v -x_6) ^ (x_9 v x_5 v -x_8) ^ (x_3 v x_7 v x_2) ^ (-x_4 v x_7) ^ (-x_1 v -x_9 v x_7) ^ (x_0 v -x_5 v x_2) ^ (-x_0 v x_5 v -x_6) ^ (x_3 v x_6 v x_5) ^ (x_2 v -x_8) ^ (x_0 v x_7 v -x_8) ^ (-x_2 v x_7 v x_8) ^ (-x_9 v -x_4 v -x_6) ^ (x_4 v x_7 v -x_0) ^ (-x_1 v x_9 v -x_7) ^ (-x_9 v x_4 v x_2)]
10,18,0.11945772171020508,1,0.0003294944763183594,0.16789627075195312,[(x_3 v x_6 v x_7) ^ (x_0 v x_2 v -x_6) ^ (x_7 v x_8) ^ (-x_1 v x_6 v x_3) ^ (x_1 v x_9 v -x_3) ^ (-x_2 v -x_6) ^ (x_6 v -x_7 v x_4) ^ (x_9 v -x_4 v x_5) ^ (x_6 v -x_9 v -x_8) ^ (x_6 v -x_7 v x_9) ^ (x_0 v x_6 v -x_4) ^ (-x_7 v -x_5 v -x_6) ^ (-x_2 v -x_5 v x_8) ^ (x_3 v -x_9) ^ (x_8 v -x_7 v -x_3) ^ (-x_5 v x_7) ^ (-x_7 v x_4 v -x_0) ^ (x_3 v x_7 v -x_6)]
10,10,0.07130098342895508,32,0.00040030479431152344,0.15695858001708984,[(x_1 v -x_7 v -x_5) ^ (x_6 v -x_2 v -x_3) ^ (-x_4 v x_9) ^ (x_3 v -x_9 v -x_7) ^ (x_1 v -x_7 v x_5) ^ (x_0 v x_7 v x_8) ^ (-x_5 v -x_8 v -x_0) ^ (-x_7 v -x_8) ^ (-x_1 v x_4 v x_3) ^ (x_9 v -x_2 v -x_3)]
10,25,0.14357852935791016,1,0.0003304481506347656,0.16677474975585938,[(-x_2 v x_7 v -x_6) ^ (-x_9 v x_5 v -x_6) ^ (-x_1 v -x_2 v -x_8) ^ (x_6 v x_8 v -x_3) ^ (x_0 v x_8 v -x_6) ^ (x_6 v x_1 v x_4) ^ (x_0 v -x_5 v -x_3) ^ (x_0 v -x_7 v x_2) ^ (x_3 v -x_4 v -x_5) ^ (x_6 v -x_9 v -x_8) ^ (x_0 v x_1 v -x_2) ^ (x_1 v x_7 v -x_3) ^ (-x_9 v x_2 v -x_8) ^ (x_6 v -x_0) ^ (x_6 v -x_5 v x_2) ^ (x_0 v x_1 v x_8) ^ (-x_2 v -x_5) ^ (x_3 v x_1 v -x_4) ^ (-x_5 v -x_8 v -x_6) ^ (-x_5 v x_8) ^ (-x_1 v x_4 v -x_8) ^ (x_3 v -x_9) ^ (x_1 v -x_7) ^ (x_6 v -x_8) ^ (-x_4 v x_7 v -x_8)]
10,19,0.1168966293334961,32,0.00041675567626953125,0.1373128890991211,[(-x_0 v x_9 v -x_6) ^ (x_6 v -x_2 v x_4) ^ (x_3 v x_6 v -x_8) ^ (-x_9 v -x_2 v x_4) ^ (x_3 v x_7 v x_2) ^ (x_0 v x_2 v -x_6) ^ (-x_3 v -x_6) ^ (-x_4 v -x_5 v -x_8) ^ (-x_2 v x_7 v -x_0) ^ (x_3 v -x_9 v x_8) ^ (x_3 v -x_7 v -x_0) ^ (x_2 v x_5) ^ (x_9 v x_2) ^ (-x_9 v -x_7 v -x_3) ^ (x_0 v x_1) ^ (-x_6 v x_4 v -x_0) ^ (-x_9 v -x_6 v -x_3) ^ (x_3 v -x_4) ^ (x_3 v -x_9 v -x_0)]
10,14,0.09390735626220703,1,0.0002872943878173828,0.17205429077148438,[(-x_1 v x_9 v x_2) ^ (-x_1 v x_5) ^ (x_6 v x_1 v -x_0) ^ (x_6 v x_9 v x_4) ^ (-x_9 v x_4 v -x_5) ^ (x_2 v -x_3 v -x_0) ^ (x_6 v x_7 v x_5) ^ (x_0 v -x_9) ^ (x_3 v -x_2 v x_8) ^ (-x_9 v -x_5 v -x_8) ^ (x_0 v -x_4 v x_2) ^ (-x_9 v -x_4 v -x_3) ^ (x_6 v x_1 v -x_5) ^ (-x_1 v x_6 v -x_2)]
10,11,0.07606649398803711,32,0.0003299713134765625,0.15152645111083984,[(-x_0 v x_2 v x_8) ^ (x_9 v x_4 v x_5) ^ (x_3 v x_9 v x_5) ^ (-x_5 v x_2 v -x_3) ^ (-x_5 v -x_2 v -x_8) ^ (x_0 v x_7 v x_8) ^ (-x_9 v x_8 v -x_6) ^ (x_9 v -x_7 v -x_8) ^ (x_3 v -x_4 v -x_8) ^ (x_1 v x_9 v -x_2) ^ (-x_7 v x_2 v -x_3)]
10,30,0.18213129043579102,1,0.0003662109375,0.17577743530273438,[(-x_1 v -x_2 v -x_8) ^ (x_0 v x_6 v -x_8) ^ (x_3 v x_9 v x_5) ^ (x_8 v -x_2 v -x_6) ^ (-x_1 v -x_5 v -x_3) ^ (x_0 v x_9 v -x_6) ^ (x_4 v -x_3 v x_8) ^ (-x_1 v -x_2 v -x_6) ^ (x_3 v x_5 v x_0) ^ (x_0 v -x_2 v x_8) ^ (-x_9 v -x_5 v -x_6) ^ (-x_9 v -x_3 v x_8) ^ (-x_9 v -x_4 v -x_5) ^ (-x_1 v x_9 v x_3) ^ (-x_9 v x_2 v -x_0) ^ (x_9 v -x_4 v x_2) ^ (-x_7 v -x_5 v x_4) ^ (x_6 v -x_4 v x_8) ^ (-x_1 v x_3 v x_2) ^ (-x_9 v -x_4) ^ (x_8 v x_9 v -x_0) ^ (-x_1 v -x_7 v -x_3) ^ (-x_9 v x_2 v x_8) ^ (x_3 v x_1 v -x_0) ^ (x_0 v -x_9 v x_2) ^ (-x_1 v x_6 v x_4) ^ (x_0 v -x_1 v -x_2) ^ (x_1 v x_9 v x_8) ^ (x_6 v -x_7 v -x_8) ^ (-x_6 v x_4 v x_8)]
10,26,0.1500091552734375,32,0.0005686283111572266,0.1419363021850586,[(-x_1 v x_5 v -x_0) ^ (x_9 v -x_5 v x_7) ^ (x_3 v x_6 v -x_2) ^ (x_4 v -x_3 v -x_6) ^ (-x_4 v -x_7 v -x_8) ^ (-x_5 v -x_2 v x_8) ^ (-x_5 v -x_8 v -x_3) ^ (x_9 v x_4) ^ (-x_9 v -x_7 v -x_8) ^ (-x_9 v x_2 v x_5) ^ (x_0 v -x_9 v -x_3) ^ (x_0 v -x_8 v -x_6) ^ (-x_1 v -x_9 v -x_4) ^ (-x_5 v -x_8 v x_4) ^ (-x_9 v -x_7 v x_8) ^ (x_0 v x_6 v -x_3) ^ (x_3 v -x_6 v x_8) ^ (x_3 v -x_7 v x_2) ^ (-x_1 v -x_3 v x_8) ^ (-x_9 v x_5 v -x_3) ^ (x_4 v x_2 v -x_6) ^ (x_6 v -x_4 v x_2) ^ (-x_9 v -x_5 v x_7) ^ (-x_7 v x_5 v -x_3) ^ (x_3 v -x_4 v -x_8) ^ (x_9 v -x_7)]
10,17,0.10766243934631348,1,0.00030422210693359375,0.19053268432617188,[(-x_0 v x_1 v -x_6) ^ (x_6 v x_9 v x_7) ^ (x_1 v x_4 v x_2) ^ (x_9 v x_7 v -x_8) ^ (x_0 v -x_2 v x_4) ^ (-x_1 v x_9 v x_3) ^ (-x_4 v -x_5 v x_2) ^ (x_6 v -x_7) ^ (x_0 v -x_5 v x_4) ^ (-x_1 v -x_5 v x_8) ^ (x_8 v x_5 v -x_3) ^ (x_3 v x_6) ^ (-x_1 v -x_8) ^ (-x_9 v -x_4 v -x_3) ^ (x_9 v -x_2) ^ (-x_7 v x_4 v -x_0) ^ (x_5 v x_2 v -x_3)]
10,16,0.11156392097473145,32,0.0006401538848876953,0.1474752426147461,[(x_0 v -x_4 v -x_5) ^ (x_6 v x_1 v x_4) ^ (x_3 v -x_4 v -x_2) ^ (-x_1 v -x_0 v x_8) ^ (x_3 v x_7 v -x_8) ^ (-x_1 v -x_5) ^ (x_2 v -x_6) ^ (-x_4 v -x_7 v x_8) ^ (x_6 v x_1) ^ (x_0 v -x_7 v -x_8) ^ (-x_1 v x_5 v -x_6) ^ (x_1 v -x_2 v -x_0) ^ (-x_5 v x_9 v -x_2) ^ (-x_4 v x_2) ^ (-x_7 v x_4 v -x_0) ^ (-x_9 v -x_7 v x_4)]
10,28,0.16996359825134277,1,0.0005915164947509766,0.16343307495117188,[(-x_6 v -x_2 v -x_0) ^ (x_0 v -x_1 v x_4) ^ (-x_9 v -x_4 v -x_7) ^ (x_9 v x_4 v x_2) ^ (x_5 v -x_3 v -x_6) ^ (-x_1 v -x_5 v x_7) ^ (x_3 v -x_5) ^ (x_6 v x_1) ^ (x_0 v x_1 v x_3) ^ (x_1 v -x_9 v -x_8) ^ (x_4 v -x_8 v -x_6) ^ (-x_2 v x_5 v -x_0) ^ (x_9 v x_7 v -x_6) ^ (-x_1 v x_4 v -x_0) ^ (x_1 v -x_7 v -x_5) ^ (x_0 v -x_8 v -x_6) ^ (x_1 v x_2 v -x_0) ^ (x_3 v x_4 v -x_8) ^ (-x_1 v x_9 v x_5) ^ (x_0 v x_2 v x_5) ^ (x_3 v x_1 v x_4) ^ (-x_9 v x_4) ^ (-x_0 v x_2 v x_8) ^ (-x_0 v -x_3 v x_8) ^ (-x_9 v -x_4 v -x_6) ^ (-x_9 v -x_4 v -x_0) ^ (x_9 v -x_4 v x_8) ^ (x_0 v -x_4 v x_8)]
10,30,0.18605637550354004,32,0.0007188320159912109,0.15145015716552734,[(-x_1 v x_5) ^ (-x_1 v -x_2 v -x_8) ^ (x_6 v -x_7 v x_2) ^ (-x_1 v x_9 v x_7) ^ (-x_4 v x_5) ^ (-x_9 v -x_8 v -x_6) ^ (x_9 v x_5 v -x_8) ^ (-x_1 v x_9 v -x_4) ^ (-x_1 v x_5 v x_0) ^ (-x_1 v -x_8 v -x_3) ^ (-x_9 v -x_7 v -x_0) ^ (x_9 v -x_4) ^ (-x_9 v x_4 v x_8) ^ (-x_9 v -x_4 v x_5) ^ (x_1 v -x_8 v -x_3) ^ (x_1 v x_9 v x_4) ^ (x_3 v x_4 v -x_6) ^ (x_1 v x_7 v -x_6) ^ (x_1 v -x_7 v x_5) ^ (x_0 v x_1 v x_2) ^ (x_8 v -x_5 v x_4) ^ (-x_1 v x_4 v -x_8) ^ (x_3 v x_1 v -x_0) ^ (-x_1 v x_4) ^ (x_0 v x_6 v x_5) ^ (x_0 v -x_4 v x_7) ^ (x_5 v x_1 v x_2) ^ (-x_1 v x_7 v x_2) ^ (x_3 v x_4 v -x_0) ^ (x_0 v -x_5 v -x_6)]
10,27,0.1668250560760498,1,0.0010516643524169922,0.16385269165039062,[(x_1 v -x_9 v -x_0) ^ (x_6 v x_4 v -x_3) ^ (x_6 v x_2 v x_8) ^ (-x_5 v -x_2 v -x_8) ^ (x_8 v x_9 v -x_3) ^ (-x_1 v x_4 v -x_2) ^ (-x_7 v x_2) ^ (-x_6 v x_7 v -x_3) ^ (x_3 v x_1) ^ (x_4 v x_7 v -x_6) ^ (x_9 v x_4) ^ (x_9 v -x_5 v -x_0) ^ (x_6 v x_7 v -x_3) ^ (-x_1 v -x_8 v -x_0) ^ (x_0 v x_6 v x_9) ^ (-x_1 v -x_9 v -x_4) ^ (-x_9 v x_4 v -x_6) ^ (-x_5 v -x_8 v x_4) ^ (-x_1 v x_2) ^ (x_0 v -x_9 v -x_8) ^ (x_0 v x_7 v -x_8) ^ (-x_9 v x_2) ^ (x_6 v -x_4 v x_9) ^ (x_1 v -x_3 v x_8) ^ (x_3 v -x_9 v -x_2) ^ (x_3 v x_7 v -x_6) ^ (x_1 v x_4 v -x_3)]
10,20,0.12761163711547852,32,0.0003581047058105469,0.14205074310302734,[(-x_9 v -x_4 v -x_2) ^ (-x_1 v -x_5 v x_7) ^ (x_2 v -x_6) ^ (x_9 v -x_2 v x_8) ^ (-x_6 v x_8) ^ (-x_5 v -x_0) ^ (x_0 v x_6 v x_4) ^ (x_9 v -x_4 v x_2) ^ (x_9 v x_2 v -x_0) ^ (x_6 v -x_0) ^ (-x_4 v x_7 v x_2) ^ (x_0 v -x_2 v x_4) ^ (-x_4 v -x_7 v -x_6) ^ (x_1 v x_9 v -x_0) ^ (x_3 v x_6 v -x_0) ^ (-x_7 v -x_0) ^ (x_4 v x_2 v -x_6) ^ (x_9 v -x_4 v x_8) ^ (x_9 v -x_2 v -x_0) ^ (-x_1 v x_5 v x_3)]
10,11,0.07473897933959961,1,0.0003097057342529297,0.17239761352539062,[(-x_5 v x_7 v -x_3) ^ (-x_5 v -x_6) ^ (x_9 v -x_5 v -x_7) ^ (x_0 v x_4 v x_8) ^ (x_0 v x_1 v x_2) ^ (-x_1 v -x_5 v x_8) ^ (-x_1 v -x_5 v -x_0) ^ (x_1 v -x_2 v x_5) ^ (x_3 v x_1 v -x_0) ^ (x_6 v x_2 v x_8) ^ (-x_1 v x_4 v x_3)]
10,23,0.1340339183807373,32,0.0003883838653564453,0.14829158782958984,[(-x_9 v -x_7 v -x_5) ^ (x_8 v -x_7 v -x_3) ^ (x_0 v -x_2 v x_8) ^ (x_1 v -x_2) ^ (x_6 v -x_4 v -x_8) ^ (-x_9 v x_8 v -x_0) ^ (x_6 v -x_3) ^ (x_0 v x_9 v x_2) ^ (-x_7 v x_2 v x_8) ^ (x_3 v x_4 v -x_6) ^ (-x_9 v x_2 v x_5) ^ (x_9 v x_4 v x_8) ^ (x_0 v x_5) ^ (x_6 v x_7 v -x_8) ^ (x_0 v x_1 v x_7) ^ (-x_7 v x_2 v -x_6) ^ (x_1 v -x_5) ^ (x_1 v x_7 v -x_8) ^ (x_1 v x_4 v x_7) ^ (x_0 v x_1 v x_9) ^ (-x_7 v -x_2 v x_4) ^ (-x_1 v x_6 v x_5) ^ (-x_4 v x_7 v -x_8)]
10,26,0.16603517532348633,1,0.0003066062927246094,0.15142440795898438,[(x_1 v x_2 v -x_6) ^ (-x_4 v x_9) ^ (-x_0 v x_9 v -x_6) ^ (x_3 v -x_4 v x_7) ^ (-x_1 v x_6 v x_0) ^ (-x_9 v -x_5 v -x_3) ^ (-x_4 v x_2 v -x_3) ^ (x_3 v -x_5 v x_8) ^ (x_0 v -x_2 v -x_8) ^ (x_0 v x_9 v -x_6) ^ (x_1 v -x_4 v x_7) ^ (-x_2 v -x_8 v -x_6) ^ (-x_2 v x_7 v -x_8) ^ (x_0 v x_6 v -x_3) ^ (x_0 v x_3 v x_8) ^ (x_3 v x_6 v -x_7) ^ (-x_7 v x_4 v -x_6) ^ (x_8 v -x_3) ^ (x_0 v x_4 v x_5) ^ (x_0 v x_7 v -x_8) ^ (-x_1 v x_6 v -x_5) ^ (x_1 v -x_6 v x_8) ^ (-x_1 v -x_0 v -x_6) ^ (-x_9 v -x_4 v -x_0) ^ (x_4 v x_2 v -x_0) ^ (-x_1 v x_8 v -x_3)]
10,21,0.11726808547973633,32,0.000339508056640625,0.1517477035522461,[(x_1 v -x_9 v -x_0) ^ (-x_1 v -x_2 v x_7) ^ (-x_1 v -x_2 v x_8) ^ (x_1 v -x_2 v x_5) ^ (-x_7 v x_2 v -x_0) ^ (x_1 v x_9 v x_7) ^ (x_1 v -x_2 v -x_8) ^ (x_5 v -x_8 v -x_0) ^ (-x_9 v x_1 v -x_5) ^ (-x_1 v x_9 v -x_0) ^ (x_3 v x_9 v -x_0) ^ (x_1 v x_7 v -x_6) ^ (x_3 v x_1 v x_4) ^ (-x_5 v x_7 v -x_0) ^ (x_0 v -x_9 v x_8) ^ (x_8 v x_7 v -x_0) ^ (-x_4 v x_7 v x_5) ^ (x_1 v x_9 v -x_8) ^ (x_3 v -x_9 v x_1) ^ (-x_9 v -x_3 v -x_0) ^ (x_0 v x_7 v x_2)]
10,20,0.12957262992858887,1,0.00021123886108398438,0.15848159790039062,[(x_0 v x_9 v x_5) ^ (x_3 v -x_4 v x_8) ^ (-x_9 v -x_5 v x_2) ^ (x_1 v x_7 v x_4) ^ (x_0 v -x_9 v -x_7) ^ (x_3 v x_6 v -x_8) ^ (x_3 v -x_5) ^ (-x_5 v -x_8 v -x_0) ^ (-x_9 v x_5 v x_8) ^ (x_6 v x_1 v -x_5) ^ (x_6 v -x_2 v -x_0) ^ (-x_4 v -x_8) ^ (x_2 v -x_8 v -x_6) ^ (x_3 v x_6 v -x_7) ^ (-x_9 v x_1 v x_5) ^ (x_3 v x_1 v x_4) ^ (x_6 v x_5) ^ (-x_0 v -x_4 v x_8) ^ (x_2 v x_5 v -x_3) ^ (x_6 v -x_7 v -x_3)]
10,26,0.14438223838806152,32,0.0003638267517089844,0.1399984359741211,[(x_9 v x_4 v -x_3) ^ (-x_0 v x_8) ^ (x_9 v -x_3) ^ (x_0 v -x_4 v x_5) ^ (-x_7 v -x_5 v -x_8) ^ (-x_9 v x_5) ^ (x_0 v -x_5 v -x_2) ^ (x_0 v x_6 v -x_2) ^ (-x_1 v -x_7 v -x_0) ^ (x_5 v -x_8 v -x_0) ^ (x_9 v x_2 v -x_0) ^ (-x_9 v -x_7 v -x_8) ^ (x_0 v -x_2) ^ (x_0 v x_1 v -x_4) ^ (-x_2 v -x_5) ^ (-x_5 v -x_3) ^ (x_1 v x_9 v x_5) ^ (-x_1 v -x_2 v -x_0) ^ (x_3 v x_9 v x_2) ^ (-x_4 v x_2 v -x_6) ^ (-x_6 v -x_0) ^ (-x_1 v -x_9 v -x_0) ^ (-x_1 v -x_4 v x_5) ^ (x_1 v x_2 v -x_3) ^ (x_6 v -x_4 v x_2) ^ (-x_4 v x_7 v -x_8)]
10,19,0.11983346939086914,1,0.0002474784851074219,0.15229415893554688,[(x_1 v -x_7 v -x_6) ^ (-x_4 v -x_0) ^ (-x_9 v -x_5 v -x_3) ^ (x_0 v x_9 v -x_6) ^ (x_3 v x_6) ^ (x_4 v x_2 v x_8) ^ (-x_9 v x_1 v x_7) ^ (-x_1 v x_2 v -x_0) ^ (x_2 v -x_8 v -x_6) ^ (x_2 v x_5) ^ (x_9 v x_4 v -x_6) ^ (x_9 v -x_5 v x_8) ^ (x_3 v x_5 v x_8) ^ (-x_1 v x_5 v -x_3) ^ (-x_1 v x_6 v x_4) ^ (x_1 v -x_5 v -x_6) ^ (-x_9 v -x_2 v x_8) ^ (-x_9 v x_7 v x_5) ^ (x_0 v -x_4 v x_8)]
10,22,0.13285064697265625,32,0.00037360191345214844,0.1452779769897461,[(x_5 v -x_6) ^ (x_9 v x_4 v -x_3) ^ (-x_2 v x_8) ^ (-x_6 v x_2 v x_8) ^ (-x_0 v x_6 v x_8) ^ (-x_1 v x_7) ^ (x_1 v -x_4 v x_7) ^ (-x_9 v -x_4 v x_7) ^ (x_1 v x_9 v -x_2) ^ (x_1 v -x_4 v x_8) ^ (x_9 v x_5 v x_8) ^ (-x_0 v x_4 v -x_3) ^ (x_7 v x_2 v -x_8) ^ (-x_9 v -x_5 v x_8) ^ (x_1 v x_7 v -x_3) ^ (-x_2 v -x_5) ^ (x_0 v -x_2 v x_4) ^ (x_3 v x_7 v -x_8) ^ (x_3 v x_9 v x_0) ^ (-x_5 v -x_7 v -x_2) ^ (x_3 v x_6 v -x_0) ^ (x_3 v x_1 v x_2)]
10,30,0.18060541152954102,1,0.0002663135528564453,0.16402816772460938,[(-x_7 v -x_5 v -x_0) ^ (x_3 v -x_5 v -x_8) ^ (x_0 v -x_4) ^ (-x_5 v x_2 v x_7) ^ (x_1 v -x_4 v x_7) ^ (-x_9 v -x_7 v x_5) ^ (x_4 v -x_3 v -x_6) ^ (-x_9 v -x_2 v x_4) ^ (x_0 v -x_2 v x_8) ^ (-x_9 v -x_7 v -x_0) ^ (x_3 v x_6 v x_2) ^ (-x_1 v -x_5 v x_4) ^ (x_5 v -x_8 v -x_0) ^ (-x_4 v -x_7 v x_8) ^ (x_7 v x_2 v -x_8) ^ (x_1 v -x_7 v -x_5) ^ (x_1 v x_2 v -x_0) ^ (x_6 v -x_0) ^ (-x_2 v x_5 v x_7) ^ (-x_9 v -x_4 v -x_8) ^ (-x_4 v -x_5 v -x_7) ^ (x_9 v x_2 v x_5) ^ (-x_7 v -x_2 v -x_8) ^ (-x_1 v x_9 v x_0) ^ (-x_1 v x_5 v x_8) ^ (x_3 v x_4 v x_8) ^ (-x_2 v x_9 v -x_5) ^ (-x_9 v x_2) ^ (-x_1 v -x_9 v x_5) ^ (x_9 v -x_8 v -x_0)]
10,26,0.15218615531921387,32,0.00029468536376953125,0.1448965072631836,[(-x_9 v -x_2 v -x_3) ^ (-x_1 v x_6 v -x_7) ^ (x_6 v x_1 v -x_4) ^ (x_3 v -x_8 v x_0) ^ (-x_1 v x_6 v x_7) ^ (x_6 v -x_9 v x_4) ^ (x_7 v x_5 v -x_6) ^ (x_0 v -x_7 v -x_2) ^ (-x_5 v x_2 v x_4) ^ (-x_1 v x_2 v -x_0) ^ (x_6 v x_1 v x_7) ^ (x_0 v x_7 v x_5) ^ (-x_7 v -x_3 v -x_0) ^ (x_0 v x_5) ^ (-x_4 v x_7 v x_2) ^ (-x_4 v -x_5 v -x_7) ^ (x_9 v x_2 v -x_8) ^ (x_6 v -x_5) ^ (x_0 v x_1) ^ (x_3 v x_6 v -x_0) ^ (-x_1 v -x_3 v x_8) ^ (x_0 v x_7) ^ (x_4 v x_5 v -x_0) ^ (-x_7 v x_5 v -x_3) ^ (x_3 v -x_4 v -x_8) ^ (-x_1 v -x_9 v -x_8)]
10,15,0.09635019302368164,1,0.00020694732666015625,0.16958236694335938,[(x_2 v -x_8 v -x_3) ^ (x_0 v x_3 v -x_6) ^ (x_6 v -x_0) ^ (x_3 v -x_5 v -x_6) ^ (x_5 v -x_9 v x_2) ^ (-x_1 v x_9 v x_4) ^ (x_1 v x_7) ^ (x_1 v x_9 v x_8) ^ (x_3 v -x_5 v x_8) ^ (-x_1 v -x_3 v -x_6) ^ (x_5 v -x_3) ^ (x_9 v -x_2 v -x_7) ^ (x_6 v -x_4 v -x_0) ^ (-x_9 v -x_4 v x_7) ^ (x_6 v -x_9 v x_8)]
10,10,0.06981396675109863,32,0.0003445148468017578,0.1790304183959961,[(-x_4 v x_9 v -x_3) ^ (-x_1 v x_9 v -x_3) ^ (x_1 v x_7 v x_2) ^ (-x_1 v -x_9 v -x_0) ^ (x_4 v x_8) ^ (x_0 v -x_2 v -x_8) ^ (x_3 v x_1 v x_5) ^ (-x_7 v -x_8) ^ (x_9 v x_2 v -x_0) ^ (x_6 v x_4 v -x_8)]
10,22,0.15047621726989746,1,0.00032520294189453125,0.17249679565429688,[(x_0 v x_6 v x_1) ^ (-x_9 v -x_5) ^ (x_1 v x_8) ^ (-x_0 v -x_2 v -x_3) ^ (x_1 v -x_6) ^ (x_6 v x_7) ^ (-x_5 v -x_6) ^ (x_1 v x_7 v x_5) ^ (-x_1 v -x_7 v x_4) ^ (-x_9 v -x_5 v -x_6) ^ (-x_1 v -x_9 v x_7) ^ (-x_9 v x_4 v x_8) ^ (x_7 v x_5) ^ (-x_7 v -x_2 v -x_3) ^ (-x_1 v -x_9 v -x_4) ^ (x_3 v x_4 v -x_8) ^ (-x_6 v -x_5 v -x_0) ^ (x_0 v -x_9 v -x_8) ^ (-x_5 v -x_3) ^ (-x_9 v -x_6 v -x_3) ^ (-x_2 v -x_0) ^ (-x_1 v x_9 v x_8)]
10,19,0.11813116073608398,32,0.0007262229919433594,0.1307973861694336,[(x_6 v x_2 v -x_8) ^ (-x_2 v x_5 v -x_6) ^ (x_6 v -x_7 v -x_0) ^ (x_6 v -x_9 v x_5) ^ (x_9 v x_8) ^ (-x_7 v -x_5 v x_8) ^ (x_7 v -x_3 v -x_6) ^ (x_1 v -x_4 v x_8) ^ (-x_9 v x_4 v -x_8) ^ (-x_6 v x_5 v -x_0) ^ (-x_4 v x_5 v -x_7) ^ (x_9 v x_1 v -x_4) ^ (x_3 v x_7 v -x_8) ^ (x_3 v x_6 v x_5) ^ (-x_9 v -x_4 v x_8) ^ (x_1 v -x_9 v -x_3) ^ (-x_1 v -x_2 v x_0) ^ (-x_9 v -x_2 v x_8) ^ (x_1 v x_4 v -x_3)]
10,17,0.10386514663696289,1,0.0003714561462402344,0.19404220581054688,[(-x_2 v x_5) ^ (-x_9 v x_2 v -x_8) ^ (x_7 v x_5 v -x_3) ^ (x_1 v -x_3) ^ (x_1 v -x_5 v x_4) ^ (-x_2 v x_6 v -x_5) ^ (-x_1 v x_7 v -x_8) ^ (-x_1 v x_8) ^ (x_1 v -x_4 v -x_6) ^ (x_0 v -x_1 v -x_8) ^ (x_0 v x_5 v -x_6) ^ (x_6 v -x_9 v x_5) ^ (-x_9 v x_4 v x_5) ^ (x_8 v -x_5 v x_4) ^ (x_3 v x_4 v x_7) ^ (x_6 v -x_4 v x_9) ^ (-x_4 v -x_6 v -x_0)]
10,23,0.13985991477966309,32,0.000400543212890625,0.1526784896850586,[(-x_4 v -x_5 v -x_0) ^ (-x_4 v x_5 v -x_8) ^ (x_6 v -x_9 v -x_5) ^ (-x_6 v x_4 v -x_3) ^ (-x_1 v -x_4 v x_8) ^ (-x_1 v -x_9 v x_8) ^ (-x_4 v -x_2 v -x_0) ^ (-x_4 v x_5 v x_8) ^ (x_1 v x_9 v -x_2) ^ (x_9 v -x_2 v -x_3) ^ (x_0 v x_6) ^ (-x_4 v x_2) ^ (-x_5 v x_7) ^ (x_0 v x_1 v -x_4) ^ (x_6 v x_9 v x_2) ^ (-x_9 v -x_7 v x_8) ^ (x_0 v -x_5 v x_4) ^ (-x_4 v -x_5 v x_7) ^ (-x_1 v x_2 v -x_3) ^ (x_4 v x_2 v -x_6) ^ (-x_4 v x_9 v x_2) ^ (-x_1 v -x_4 v x_5) ^ (x_3 v -x_4 v -x_2)]
10,26,0.15854287147521973,1,0.000408172607421875,0.16318893432617188,[(x_6 v -x_9 v -x_5) ^ (x_1 v x_9 v -x_6) ^ (x_6 v x_5 v -x_3) ^ (x_9 v x_5 v -x_8) ^ (-x_1 v -x_3) ^ (-x_9 v -x_3) ^ (x_0 v -x_9 v x_5) ^ (x_3 v -x_2 v x_5) ^ (-x_9 v -x_4 v x_5) ^ (-x_1 v x_6 v -x_2) ^ (x_2 v -x_8 v -x_6) ^ (-x_1 v x_4 v -x_0) ^ (x_0 v -x_8 v -x_6) ^ (x_6 v -x_5 v x_2) ^ (x_3 v x_6 v x_4) ^ (x_9 v -x_6 v -x_0) ^ (-x_7 v x_2 v x_5) ^ (x_3 v x_1 v -x_0) ^ (-x_9 v -x_2) ^ (x_2 v -x_3) ^ (-x_6 v -x_0) ^ (x_3 v x_5 v -x_6) ^ (-x_9 v x_5 v -x_0) ^ (-x_7 v -x_8) ^ (x_3 v -x_1 v -x_4) ^ (x_3 v x_7 v x_5)]
10,20,0.13234758377075195,32,0.0005748271942138672,0.14656734466552734,[(-x_0 v -x_4 v -x_6) ^ (-x_1 v -x_9 v x_8) ^ (x_6 v x_9 v x_8) ^ (-x_4 v x_2 v -x_3) ^ (x_6 v x_4 v -x_3) ^ (x_7 v x_5 v x_8) ^ (x_9 v x_5 v -x_8) ^ (x_0 v x_6 v x_4) ^ (x_3 v x_6 v x_2) ^ (-x_2 v -x_6) ^ (-x_7 v x_4 v x_8) ^ (-x_5 v x_9 v -x_2) ^ (x_3 v x_9 v -x_7) ^ (-x_7 v -x_5 v x_4) ^ (x_1 v x_2 v -x_0) ^ (-x_1 v -x_9 v -x_4) ^ (x_6 v x_4) ^ (-x_1 v x_6 v x_2) ^ (x_6 v x_9 v x_4) ^ (-x_1 v -x_7 v x_3)]
11,11,0.14466381072998047,1,0.00046253204345703125,0.3084592819213867,[(-x_1 v x_4 v x_5) ^ (x_1 v x_7 v x_4) ^ (x_3 v x_2 v -x_8) ^ (x_3 v -x_5 v x_8) ^ (x_10 v -x_8 v x_4) ^ (-x_1 v x_2 v -x_0) ^ (x_9 v -x_5 v -x_0) ^ (x_3 v x_6 v -x_0) ^ (x_0 v -x_7 v x_3) ^ (x_1 v x_5 v -x_0) ^ (x_0 v x_8)]
11,25,0.2758200168609619,46,0.0010128021240234375,0.32108306884765625,[(-x_6 v x_5 v -x_3) ^ (x_0 v x_1 v -x_5) ^ (x_3 v x_8 v -x_6) ^ (-x_5 v x_9 v x_10) ^ (x_3 v x_6) ^ (-x_4 v -x_6 v -x_0) ^ (-x_2 v x_4 v -x_6) ^ (-x_8 v -x_6) ^ (x_9 v x_5 v x_8) ^ (-x_7 v x_4 v x_8) ^ (-x_4 v x_2) ^ (x_7 v x_2 v -x_8) ^ (-x_1 v x_5 v -x_8) ^ (x_6 v x_10 v x_5) ^ (-x_2 v x_5 v x_7) ^ (-x_7 v x_10 v -x_0) ^ (-x_1 v -x_9 v -x_3) ^ (-x_1 v -x_4 v -x_2) ^ (-x_1 v -x_10) ^ (x_3 v x_7 v x_8) ^ (-x_1 v -x_9 v -x_5) ^ (x_9 v -x_6) ^ (x_3 v x_1 v -x_2) ^ (-x_9 v -x_2 v -x_8) ^ (x_3 v -x_10 v -x_8)]
11,29,0.3457913398742676,1,0.0007436275482177734,0.3597898483276367,[(x_3 v x_7 v -x_0) ^ (x_0 v -x_4 v x_3) ^ (x_3 v -x_7 v x_8) ^ (-x_4 v -x_7) ^ (-x_7 v x_10 v x_4) ^ (x_4 v x_2) ^ (-x_10 v -x_6 v x_8) ^ (x_6 v -x_9) ^ (x_3 v -x_7 v x_5) ^ (x_1 v x_2) ^ (x_9 v -x_4 v x_2) ^ (-x_9 v x_4 v -x_6) ^ (x_0 v x_4 v -x_3) ^ (-x_9 v x_1 v x_10) ^ (-x_1 v x_10 v -x_2) ^ (x_1 v -x_7 v x_5) ^ (x_9 v x_5 v -x_7) ^ (x_3 v -x_2 v x_8) ^ (x_3 v x_6 v -x_0) ^ (-x_4 v x_7 v -x_8) ^ (-x_0 v x_5 v x_8) ^ (-x_2 v -x_0) ^ (x_10 v -x_8 v -x_3) ^ (x_0 v x_6 v x_10) ^ (x_9 v x_10 v x_2) ^ (x_3 v -x_4) ^ (-x_10 v -x_5 v x_7) ^ (-x_4 v -x_5 v -x_10) ^ (x_1 v -x_4 v -x_5)]
11,32,0.3515603542327881,46,0.0007946491241455078,0.33661651611328125,[(-x_4 v x_9 v -x_3) ^ (x_9 v x_4 v -x_3) ^ (-x_4 v -x_2 v -x_6) ^ (x_1 v -x_7 v -x_8) ^ (x_3 v -x_5) ^ (x_0 v -x_6) ^ (-x_9 v x_7 v -x_8) ^ (x_1 v -x_10 v -x_8) ^ (x_1 v -x_2 v x_7) ^ (-x_1 v -x_7 v -x_5) ^ (-x_4 v -x_10 v x_8) ^ (-x_6 v x_7 v -x_3) ^ (-x_1 v -x_7 v x_10) ^ (x_9 v -x_8 v -x_6) ^ (x_0 v -x_9 v -x_3) ^ (-x_1 v -x_8 v x_0) ^ (-x_2 v -x_5) ^ (-x_7 v -x_5) ^ (x_7 v x_2 v x_8) ^ (x_10 v -x_5 v -x_6) ^ (x_1 v x_9 v -x_0) ^ (x_7 v -x_8 v -x_6) ^ (x_1 v x_7 v -x_8) ^ (-x_4 v -x_5 v x_7) ^ (-x_1 v -x_9) ^ (-x_10 v -x_5 v x_4) ^ (x_10 v x_2 v x_7) ^ (-x_1 v -x_10 v -x_0) ^ (x_3 v -x_10 v -x_6) ^ (-x_1 v x_10) ^ (-x_2 v -x_3 v -x_6) ^ (x_0 v -x_4 v x_8)]
11,12,0.14425086975097656,1,0.0005857944488525391,0.32583141326904297,[(x_9 v x_10 v -x_3) ^ (-x_1 v -x_10 v -x_7) ^ (x_9 v x_2 v x_8) ^ (x_6 v x_4 v x_2) ^ (x_0 v x_6 v -x_2) ^ (x_7 v -x_6) ^ (x_4 v -x_0) ^ (x_9 v -x_5 v x_7) ^ (x_0 v x_1) ^ (-x_1 v -x_5 v x_10) ^ (-x_0 v x_8) ^ (-x_9 v -x_2 v -x_6)]
11,17,0.20292210578918457,46,0.0009119510650634766,0.337432861328125,[(x_9 v x_10 v x_5) ^ (x_3 v -x_7 v x_0) ^ (-x_1 v -x_4 v x_3) ^ (x_6 v x_1 v x_4) ^ (x_3 v x_1 v -x_7) ^ (x_10 v x_2 v -x_3) ^ (-x_0 v x_10 v -x_6) ^ (-x_9 v x_8 v -x_3) ^ (x_10 v -x_2 v x_4) ^ (x_0 v x_1 v x_3) ^ (-x_9 v x_8) ^ (-x_5 v x_7 v -x_8) ^ (x_0 v x_8 v -x_3) ^ (-x_9 v -x_0) ^ (x_6 v -x_10) ^ (x_0 v x_1 v x_4) ^ (-x_7 v -x_2)]
11,18,0.21816253662109375,1,0.0004935264587402344,0.3119230270385742,[(x_6 v x_10 v x_7) ^ (x_7 v -x_8 v -x_0) ^ (x_0 v x_9 v x_4) ^ (x_1 v x_10 v -x_6) ^ (-x_4 v x_2 v -x_0) ^ (x_9 v x_2 v -x_6) ^ (x_6 v -x_4 v -x_0) ^ (x_6 v -x_9 v -x_2) ^ (x_0 v -x_5 v x_4) ^ (x_9 v -x_10 v -x_3) ^ (-x_4 v x_2 v x_5) ^ (-x_9 v x_4 v x_8) ^ (x_9 v x_10 v x_4) ^ (-x_9 v -x_8 v -x_6) ^ (-x_9 v x_10 v x_2) ^ (x_9 v -x_2 v -x_6) ^ (-x_10 v -x_8) ^ (-x_1 v -x_9)]
11,16,0.18160510063171387,46,0.0004711151123046875,0.31484222412109375,[(x_2 v -x_0) ^ (x_1 v x_7 v x_2) ^ (x_6 v -x_2 v x_7) ^ (x_6 v x_7 v -x_8) ^ (x_0 v x_1 v -x_5) ^ (-x_0 v -x_3 v x_8) ^ (x_8 v x_7 v -x_6) ^ (x_10 v x_5 v x_8) ^ (x_2 v x_5 v -x_3) ^ (-x_5 v x_7 v -x_6) ^ (x_0 v -x_4 v -x_8) ^ (x_6 v x_4 v -x_3) ^ (x_4 v -x_6) ^ (x_10 v x_7 v x_4) ^ (-x_9 v -x_4 v x_2) ^ (-x_7 v x_2 v -x_3)]
11,15,0.18998360633850098,1,0.0007328987121582031,0.3315153121948242,[(-x_4 v x_2 v -x_0) ^ (-x_9 v x_4 v -x_6) ^ (x_0 v -x_4 v x_10) ^ (-x_4 v -x_2 v -x_3) ^ (x_9 v -x_5 v -x_8) ^ (-x_1 v x_6 v x_10) ^ (x_9 v x_7 v x_4) ^ (x_6 v -x_4 v -x_5) ^ (-x_1 v -x_7) ^ (x_3 v x_10 v x_8) ^ (x_1 v -x_4 v -x_10) ^ (-x_4 v x_7 v -x_3) ^ (-x_1 v x_6 v -x_2) ^ (-x_9 v x_7 v x_5) ^ (x_1 v -x_2 v x_7)]
11,26,0.28299856185913086,46,0.0006315708160400391,0.33451080322265625,[(x_7 v x_5 v -x_3) ^ (x_6 v -x_5 v -x_8) ^ (-x_9 v x_7 v -x_8) ^ (x_0 v -x_1 v x_9) ^ (x_3 v -x_8) ^ (x_4 v -x_3) ^ (-x_1 v -x_10 v -x_5) ^ (-x_7 v -x_5 v -x_10) ^ (x_0 v x_9 v -x_2) ^ (x_6 v x_1 v -x_7) ^ (x_6 v -x_9) ^ (-x_1 v x_7 v -x_3) ^ (-x_1 v -x_7 v x_5) ^ (-x_4 v x_2) ^ (x_0 v -x_2) ^ (-x_7 v x_4 v x_5) ^ (x_10 v -x_2) ^ (-x_9 v -x_10 v -x_0) ^ (x_3 v -x_7 v x_2) ^ (-x_1 v -x_3 v x_8) ^ (x_3 v -x_2 v -x_6) ^ (x_1 v x_7 v x_8) ^ (x_0 v -x_4) ^ (x_0 v -x_1 v -x_4) ^ (x_3 v x_9 v -x_5) ^ (-x_1 v -x_7 v x_8)]
11,33,0.3873782157897949,1,0.0006000995635986328,0.3501920700073242,[(-x_0 v -x_5 v -x_3) ^ (x_10 v -x_0) ^ (x_1 v -x_5 v x_8) ^ (-x_5 v x_2 v -x_3) ^ (x_9 v -x_5 v x_7) ^ (-x_1 v -x_10 v -x_3) ^ (-x_7 v -x_5 v -x_8) ^ (x_7 v x_4) ^ (-x_9 v -x_4 v -x_3) ^ (x_6 v -x_9 v x_10) ^ (-x_1 v -x_8 v -x_3) ^ (x_1 v -x_2 v x_7) ^ (x_0 v -x_9 v x_7) ^ (-x_1 v -x_5 v x_4) ^ (x_6 v -x_4 v -x_8) ^ (x_3 v -x_4 v -x_0) ^ (-x_1 v -x_7 v x_5) ^ (x_6 v x_7 v -x_3) ^ (-x_10 v -x_8) ^ (x_6 v -x_9 v x_8) ^ (x_9 v x_1 v -x_4) ^ (x_9 v -x_5 v -x_6) ^ (x_6 v -x_0) ^ (x_1 v x_9 v x_10) ^ (x_8 v x_7 v -x_6) ^ (x_6 v x_10 v x_4) ^ (x_9 v x_5 v -x_7) ^ (x_0 v x_4 v x_8) ^ (-x_5 v -x_3) ^ (x_9 v x_10 v x_2) ^ (-x_1 v -x_9 v x_0) ^ (x_3 v x_5 v -x_6) ^ (x_1 v x_10 v x_7)]
11,29,0.3130526542663574,46,0.0007803440093994141,0.31885528564453125,[(-x_9 v x_10 v -x_6) ^ (x_1 v x_10 v -x_5) ^ (x_3 v -x_1 v -x_6) ^ (-x_0 v -x_5 v -x_3) ^ (-x_5 v x_2 v x_7) ^ (x_6 v -x_7 v -x_5) ^ (x_0 v x_9 v -x_3) ^ (x_6 v -x_2 v -x_0) ^ (-x_6 v -x_3 v x_8) ^ (x_0 v -x_9 v x_5) ^ (x_6 v -x_4 v -x_7) ^ (x_9 v x_4) ^ (x_0 v x_9 v x_2) ^ (x_3 v x_9 v -x_6) ^ (x_0 v -x_2) ^ (-x_3 v x_8) ^ (-x_7 v x_4 v x_5) ^ (-x_10 v x_4 v -x_8) ^ (x_6 v -x_10 v x_8) ^ (-x_1 v x_4 v -x_8) ^ (-x_1 v -x_9 v x_10) ^ (x_10 v x_2 v -x_6) ^ (x_9 v x_4 v -x_0) ^ (x_0 v -x_10 v x_8) ^ (x_9 v -x_4 v -x_8) ^ (x_6 v -x_3 v -x_0) ^ (x_1 v -x_10 v -x_6) ^ (-x_9 v -x_0) ^ (x_9 v -x_10 v -x_8)]
11,15,0.18520236015319824,1,0.0005018711090087891,0.32755565643310547,[(-x_1 v -x_8 v -x_6) ^ (-x_0 v x_8) ^ (-x_4 v x_10 v -x_6) ^ (-x_10 v x_5 v -x_8) ^ (x_0 v -x_4 v x_3) ^ (x_1 v -x_10 v -x_2) ^ (-x_7 v x_2) ^ (x_6 v x_7) ^ (x_0 v -x_7) ^ (-x_9 v -x_4 v -x_10) ^ (-x_7 v x_10 v -x_3) ^ (-x_1 v -x_9 v -x_2) ^ (x_9 v x_4 v -x_0) ^ (-x_6 v -x_8 v -x_3) ^ (x_6 v x_10 v x_8)]
11,29,0.31684231758117676,46,0.0007348060607910156,0.33771514892578125,[(-x_9 v x_10) ^ (-x_1 v -x_3 v -x_0) ^ (x_9 v x_4 v x_2) ^ (x_10 v x_7 v -x_3) ^ (-x_1 v -x_2 v x_3) ^ (x_3 v -x_7) ^ (-x_7 v -x_5 v -x_10) ^ (-x_5 v -x_6) ^ (x_3 v x_6 v x_2) ^ (-x_4 v -x_2) ^ (-x_5 v x_10 v -x_8) ^ (x_6 v x_5 v -x_0) ^ (-x_1 v -x_9 v -x_4) ^ (x_6 v -x_5 v -x_3) ^ (-x_9 v -x_4 v x_10) ^ (x_6 v x_7 v x_2) ^ (x_0 v -x_9 v -x_2) ^ (x_3 v -x_9) ^ (x_7 v -x_8) ^ (x_8 v -x_5 v -x_0) ^ (x_1 v x_10 v -x_8) ^ (-x_1 v x_6 v -x_10) ^ (-x_4 v x_7 v x_5) ^ (x_0 v -x_4 v -x_7) ^ (-x_1 v x_6 v x_4) ^ (x_10 v x_5 v x_8) ^ (x_10 v x_2 v x_8) ^ (x_1 v -x_5 v -x_6) ^ (x_10 v -x_2 v x_5)]
11,23,0.2777674198150635,1,0.00048279762268066406,0.3716306686401367,[(x_3 v -x_10 v x_8) ^ (-x_10 v x_5 v -x_0) ^ (x_3 v -x_4 v x_7) ^ (x_1 v -x_4 v x_7) ^ (x_6 v -x_7 v x_5) ^ (x_1 v x_5 v -x_0) ^ (-x_9 v x_2 v -x_0) ^ (x_9 v x_7 v -x_6) ^ (x_6 v -x_2 v -x_8) ^ (x_6 v -x_3 v x_8) ^ (x_6 v x_1 v x_8) ^ (-x_4 v -x_7 v -x_6) ^ (x_9 v -x_5 v -x_8) ^ (x_2 v x_5 v -x_8) ^ (x_3 v x_10 v x_8) ^ (-x_4 v x_9 v -x_7) ^ (-x_9 v -x_4 v x_8) ^ (x_3 v x_6 v -x_0) ^ (-x_1 v -x_10) ^ (-x_10 v -x_5 v x_4) ^ (-x_9 v -x_2 v x_5) ^ (-x_9 v -x_10 v x_8) ^ (-x_10 v x_2 v -x_0)]
11,15,0.17527103424072266,46,0.0010843276977539062,0.31333160400390625,[(x_3 v x_6 v x_8) ^ (x_1 v -x_5 v -x_8) ^ (-x_1 v -x_2 v -x_8) ^ (-x_1 v x_2 v -x_3) ^ (x_6 v x_7 v -x_8) ^ (-x_9 v -x_5 v x_2) ^ (x_0 v x_6 v x_5) ^ (x_3 v x_9 v x_4) ^ (x_1 v x_9 v -x_0) ^ (-x_1 v -x_7 v -x_8) ^ (-x_4 v -x_5 v -x_6) ^ (-x_1 v x_2 v x_8) ^ (-x_10 v x_7 v x_8) ^ (x_6 v x_2 v x_8) ^ (-x_1 v x_7 v -x_6)]
11,24,0.28442955017089844,1,0.0006046295166015625,0.3492307662963867,[(x_1 v x_2 v x_8) ^ (-x_9 v -x_2 v -x_3) ^ (-x_0 v x_9 v -x_6) ^ (x_1 v -x_10 v x_8) ^ (-x_0 v -x_6 v x_8) ^ (-x_1 v x_9 v x_4) ^ (-x_1 v x_4 v x_2) ^ (x_6 v -x_2 v x_7) ^ (-x_9 v -x_7 v -x_8) ^ (-x_4 v -x_7 v -x_3) ^ (x_1 v -x_7 v -x_10) ^ (-x_6 v x_10 v x_4) ^ (x_3 v x_6 v -x_5) ^ (x_1 v -x_8 v -x_0) ^ (-x_1 v x_4 v -x_8) ^ (-x_9 v x_10 v x_2) ^ (x_8 v -x_3) ^ (-x_6 v x_5 v x_8) ^ (x_3 v x_9 v x_2) ^ (-x_9 v -x_2 v x_7) ^ (x_4 v -x_0) ^ (x_10 v x_4) ^ (x_9 v x_4 v -x_7) ^ (x_4 v -x_8 v -x_0)]
11,21,0.22765898704528809,46,0.0006167888641357422,0.30818939208984375,[(x_1 v -x_7 v -x_8) ^ (x_5 v x_10 v x_2) ^ (x_3 v -x_5) ^ (x_1 v -x_2 v -x_8) ^ (x_9 v -x_2 v -x_3) ^ (-x_9 v -x_7 v x_4) ^ (x_8 v x_5 v -x_6) ^ (x_9 v -x_5 v x_2) ^ (-x_1 v -x_7 v -x_5) ^ (-x_9 v -x_7 v x_10) ^ (-x_4 v -x_5 v x_8) ^ (-x_1 v -x_9 v -x_4) ^ (-x_6 v x_7 v x_4) ^ (x_0 v x_6 v -x_10) ^ (x_10 v x_5 v x_7) ^ (x_3 v x_4 v x_2) ^ (x_3 v -x_1 v -x_9) ^ (x_1 v x_4 v -x_8) ^ (-x_2 v -x_5 v x_7) ^ (-x_10 v -x_5 v -x_8) ^ (x_0 v x_10 v x_2)]
11,19,0.23508954048156738,1,0.0005254745483398438,0.33027172088623047,[(-x_7 v x_8) ^ (-x_4 v -x_2 v -x_0) ^ (-x_10 v x_5) ^ (-x_1 v -x_9 v -x_2) ^ (-x_1 v -x_6 v -x_3) ^ (x_9 v x_2 v -x_0) ^ (x_0 v -x_7 v x_3) ^ (x_3 v -x_4 v x_0) ^ (-x_2 v x_7 v -x_8) ^ (-x_10 v x_4 v -x_3) ^ (x_2 v x_5 v -x_8) ^ (-x_0 v -x_4 v -x_3) ^ (x_1 v x_10 v -x_8) ^ (-x_7 v -x_8 v -x_3) ^ (x_3 v x_9) ^ (-x_7 v -x_2 v x_5) ^ (-x_9 v -x_4 v -x_6) ^ (-x_9 v -x_7 v -x_2) ^ (x_0 v -x_4 v -x_3)]
11,14,0.18961119651794434,46,0.0006663799285888672,0.3023223876953125,[(x_1 v -x_8 v -x_6) ^ (-x_9 v x_1 v x_8) ^ (x_8 v x_10 v -x_3) ^ (x_7 v x_5 v -x_3) ^ (-x_5 v -x_8 v x_4) ^ (-x_2 v x_5 v -x_0) ^ (-x_9 v -x_4 v -x_2) ^ (-x_1 v -x_4) ^ (-x_10 v -x_5 v -x_6) ^ (-x_0 v -x_6) ^ (x_3 v x_1 v -x_6) ^ (-x_1 v x_9 v -x_7) ^ (x_6 v x_1 v x_7) ^ (x_1 v x_10 v -x_8)]
11,13,0.17016172409057617,1,0.0006115436553955078,0.3047513961791992,[(-x_0 v x_10 v x_8) ^ (-x_0 v -x_8 v -x_3) ^ (x_6 v -x_4 v -x_10) ^ (x_0 v x_2 v x_8) ^ (-x_9 v -x_10 v x_8) ^ (x_6 v -x_9 v x_7) ^ (-x_0 v -x_6) ^ (x_9 v -x_2 v -x_0) ^ (x_0 v x_1 v x_10) ^ (-x_4 v -x_5 v -x_10) ^ (x_1 v -x_10 v x_2) ^ (x_3 v x_9 v -x_6) ^ (-x_4 v -x_5 v -x_3)]
11,30,0.328171968460083,46,0.0009329319000244141,0.3440093994140625,[(x_1 v -x_7 v -x_8) ^ (-x_1 v -x_2 v -x_3) ^ (x_6 v -x_7) ^ (x_0 v -x_5 v x_8) ^ (x_6 v -x_4 v -x_5) ^ (x_6 v x_1 v -x_5) ^ (-x_9 v -x_8) ^ (x_1 v -x_2) ^ (x_1 v -x_5 v -x_3) ^ (x_0 v -x_7 v -x_3) ^ (-x_1 v x_3) ^ (x_5 v -x_3) ^ (-x_1 v x_10 v x_4) ^ (x_3 v -x_7 v -x_2) ^ (x_6 v -x_3 v x_8) ^ (-x_9 v -x_4) ^ (-x_5 v -x_8 v -x_6) ^ (-x_4 v -x_5 v -x_7) ^ (-x_9 v -x_2 v -x_5) ^ (x_3 v x_9 v -x_10) ^ (x_6 v -x_4 v -x_2) ^ (x_2 v x_8) ^ (-x_2 v -x_5 v -x_8) ^ (-x_10 v -x_5 v -x_8) ^ (-x_1 v -x_10 v -x_2) ^ (-x_4 v x_2 v x_5) ^ (x_6 v -x_9 v x_2) ^ (x_0 v x_9 v x_10) ^ (x_3 v x_9 v -x_5) ^ (-x_1 v -x_10 v x_2)]
11,24,0.28967928886413574,1,0.000499725341796875,0.34182262420654297,[(-x_4 v x_7 v x_8) ^ (x_4 v x_2 v -x_8) ^ (-x_1 v -x_10 v -x_3) ^ (x_3 v -x_4 v -x_10) ^ (-x_9 v -x_5 v -x_0) ^ (x_4 v -x_8 v -x_6) ^ (x_3 v x_5) ^ (x_1 v -x_5 v -x_3) ^ (x_3 v x_6 v x_2) ^ (-x_4 v -x_8) ^ (x_6 v x_5 v -x_0) ^ (-x_1 v -x_8 v -x_0) ^ (-x_4 v x_10 v x_5) ^ (-x_1 v -x_9 v x_2) ^ (x_6 v x_7 v -x_8) ^ (-x_9 v -x_7 v x_8) ^ (x_6 v x_1 v x_10) ^ (-x_1 v -x_9 v x_10) ^ (x_0 v x_5 v -x_8) ^ (x_0 v -x_4 v -x_7) ^ (x_0 v -x_1 v -x_7) ^ (x_6 v x_9 v x_10) ^ (x_6 v -x_9 v x_7) ^ (x_6 v -x_9 v x_2)]
11,25,0.2856903076171875,46,0.0009183883666992188,0.34867095947265625,[(x_10 v x_2 v -x_0) ^ (-x_2 v x_8) ^ (-x_9 v -x_5 v x_2) ^ (-x_2 v x_4 v -x_3) ^ (x_9 v -x_3 v -x_0) ^ (x_10 v -x_5 v -x_3) ^ (x_9 v -x_5 v x_2) ^ (-x_4 v x_7) ^ (-x_5 v x_10 v -x_8) ^ (-x_1 v x_2 v -x_0) ^ (x_6 v x_1 v -x_3) ^ (-x_10 v -x_2 v -x_3) ^ (-x_1 v -x_9 v -x_3) ^ (-x_9 v -x_4 v -x_8) ^ (-x_0 v x_10 v x_4) ^ (-x_9 v -x_8 v -x_3) ^ (x_1 v -x_5) ^ (-x_1 v -x_5 v -x_6) ^ (x_3 v -x_2 v -x_6) ^ (x_3 v x_0 v x_8) ^ (-x_9 v -x_2 v x_7) ^ (-x_2 v -x_3 v -x_6) ^ (-x_1 v -x_7 v -x_8) ^ (-x_5 v -x_3 v -x_6) ^ (x_7 v -x_8 v -x_3)]
11,30,0.3492426872253418,1,0.0006709098815917969,0.35145092010498047,[(x_7 v x_5 v -x_3) ^ (x_8 v -x_4 v -x_6) ^ (x_0 v -x_7 v -x_6) ^ (x_0 v -x_9) ^ (x_7 v x_5 v x_8) ^ (x_9 v x_5 v -x_8) ^ (-x_10 v x_4 v -x_0) ^ (-x_9 v x_7 v -x_6) ^ (-x_9 v -x_5 v -x_6) ^ (-x_6 v x_5 v -x_0) ^ (-x_0 v x_10 v x_8) ^ (-x_9 v x_1 v -x_4) ^ (-x_4 v -x_10 v -x_3) ^ (x_0 v -x_10 v -x_5) ^ (-x_1 v x_10 v -x_0) ^ (x_0 v -x_9 v x_1) ^ (-x_7 v x_4 v x_5) ^ (x_0 v x_4 v -x_3) ^ (x_6 v -x_4 v -x_3) ^ (-x_1 v x_10 v -x_2) ^ (-x_1 v -x_10) ^ (-x_10 v x_4 v x_8) ^ (x_0 v -x_9 v x_8) ^ (-x_1 v x_6 v -x_5) ^ (x_0 v -x_9 v x_2) ^ (x_6 v x_4 v -x_0) ^ (x_3 v -x_4 v -x_6) ^ (-x_1 v -x_10 v x_0) ^ (x_0 v -x_4 v x_2) ^ (x_0 v x_7 v -x_3)]
11,22,0.25397229194641113,46,0.0008776187896728516,0.31789398193359375,[(x_0 v x_6 v x_1) ^ (x_1 v x_9 v -x_7) ^ (-x_4 v x_10 v x_7) ^ (x_10 v x_5 v -x_0) ^ (x_3 v -x_10 v -x_2) ^ (-x_10 v -x_5) ^ (x_10 v x_7 v -x_8) ^ (-x_1 v -x_2 v -x_6) ^ (x_6 v -x_2 v -x_0) ^ (-x_10 v -x_0) ^ (x_3 v -x_5 v x_10) ^ (x_3 v -x_4 v -x_5) ^ (-x_10 v x_4 v -x_3) ^ (-x_0 v x_10 v x_4) ^ (x_0 v -x_9 v -x_8) ^ (-x_2 v -x_5 v -x_0) ^ (-x_9 v -x_2 v -x_6) ^ (x_6 v x_9 v x_4) ^ (-x_9 v -x_5 v x_7) ^ (x_4 v x_2 v -x_0) ^ (x_0 v -x_7 v x_5) ^ (-x_1 v x_8 v -x_6)]
11,11,0.1352519989013672,1,0.0004775524139404297,0.33356761932373047,[(x_0 v x_6 v x_5) ^ (x_3 v -x_4 v x_2) ^ (x_1 v -x_5 v x_2) ^ (x_3 v x_1 v -x_10) ^ (x_0 v x_10 v x_2) ^ (x_9 v -x_7) ^ (x_3 v x_1 v x_8) ^ (x_6 v x_9 v -x_5) ^ (-x_4 v -x_5 v x_8) ^ (x_3 v x_6 v -x_1) ^ (x_1 v x_5 v -x_3)]
11,21,0.23247957229614258,46,0.0005404949188232422,0.34030914306640625,[(-x_1 v -x_10 v -x_7) ^ (-x_4 v -x_8 v -x_6) ^ (x_3 v x_0 v -x_6) ^ (x_9 v x_7 v -x_0) ^ (x_9 v -x_3 v -x_0) ^ (x_1 v -x_7 v x_8) ^ (-x_5 v x_7 v x_4) ^ (x_1 v -x_10 v -x_3) ^ (x_6 v -x_10 v -x_0) ^ (-x_4 v -x_5 v x_8) ^ (x_8 v x_9 v -x_6) ^ (x_3 v x_4 v -x_8) ^ (x_0 v x_1 v -x_4) ^ (x_0 v x_1 v x_7) ^ (x_1 v x_10 v -x_8) ^ (-x_10 v x_2 v x_8) ^ (-x_9 v x_5 v -x_0) ^ (x_3 v x_9 v -x_8) ^ (x_9 v -x_7) ^ (-x_1 v x_6 v -x_0) ^ (x_0 v x_1 v -x_3)]
11,29,0.3432025909423828,1,0.0004737377166748047,0.3359403610229492,[(-x_10 v x_7 v -x_3) ^ (x_6 v x_1 v x_9) ^ (x_0 v x_7 v x_3) ^ (x_6 v -x_7 v -x_0) ^ (x_0 v x_9 v -x_6) ^ (x_1 v -x_7 v x_8) ^ (-x_9 v x_1 v -x_7) ^ (-x_10 v -x_5 v -x_0) ^ (x_6 v -x_9) ^ (-x_1 v x_9 v x_3) ^ (x_10 v -x_6) ^ (x_4 v -x_6) ^ (-x_1 v x_2 v -x_0) ^ (x_6 v -x_10 v -x_3) ^ (x_0 v -x_1 v -x_5) ^ (x_0 v x_1 v -x_2) ^ (x_6 v -x_9 v x_8) ^ (-x_9 v -x_5 v x_8) ^ (x_1 v x_5 v -x_6) ^ (x_3 v -x_7 v -x_2) ^ (-x_2 v -x_7 v -x_5) ^ (x_6 v x_1 v x_10) ^ (x_10 v x_5 v -x_8) ^ (-x_4 v x_9 v -x_2) ^ (x_3 v -x_9 v -x_0) ^ (x_1 v -x_2 v -x_0) ^ (-x_1 v -x_7) ^ (x_3 v -x_4 v -x_2) ^ (x_0 v -x_4 v x_8)]
11,21,0.23046422004699707,46,0.0004894733428955078,0.33841705322265625,[(-x_1 v x_9 v x_7) ^ (x_1 v x_9 v -x_6) ^ (x_6 v -x_7 v -x_5) ^ (x_1 v -x_2 v -x_8) ^ (-x_1 v x_6 v x_3) ^ (x_6 v -x_10) ^ (-x_7 v -x_2 v -x_0) ^ (-x_9 v -x_5 v x_8) ^ (x_0 v x_6 v x_9) ^ (x_6 v -x_5 v -x_3) ^ (-x_1 v -x_9 v x_2) ^ (-x_7 v x_10 v -x_8) ^ (x_7 v -x_8 v -x_0) ^ (x_3 v x_9 v -x_10) ^ (x_9 v x_10 v x_2) ^ (-x_1 v x_10 v x_7) ^ (-x_9 v -x_2 v x_7) ^ (x_0 v x_9 v x_7) ^ (x_0 v x_10 v -x_3) ^ (x_9 v -x_2 v x_5) ^ (-x_7 v x_4 v -x_0)]
11,21,0.24479079246520996,1,0.0004887580871582031,0.33666515350341797,[(x_9 v x_4 v -x_3) ^ (-x_7 v -x_5 v -x_0) ^ (x_10 v x_2 v -x_0) ^ (x_9 v -x_4 v -x_7) ^ (x_0 v -x_8 v -x_3) ^ (-x_7 v x_4 v -x_3) ^ (-x_4 v -x_2 v -x_3) ^ (x_9 v -x_10 v -x_6) ^ (-x_1 v -x_2) ^ (x_6 v -x_10 v -x_8) ^ (x_4 v x_5 v -x_3) ^ (x_3 v x_6 v -x_5) ^ (x_9 v x_2 v -x_6) ^ (-x_1 v x_9 v -x_8) ^ (-x_4 v -x_10 v x_5) ^ (x_2 v x_5 v x_8) ^ (x_0 v -x_9 v x_2) ^ (x_3 v -x_10 v -x_6) ^ (-x_2 v -x_5 v x_7) ^ (-x_1 v -x_0 v -x_6) ^ (-x_1 v x_9 v -x_6)]
11,17,0.2004411220550537,46,0.0005717277526855469,0.30852508544921875,[(-x_1 v x_5 v -x_8) ^ (x_1 v -x_3 v x_8) ^ (x_4 v x_5 v x_8) ^ (x_3 v -x_4 v x_10) ^ (-x_6 v -x_5 v x_8) ^ (-x_10 v x_2 v x_5) ^ (-x_10 v x_5 v -x_8) ^ (x_0 v x_1 v -x_4) ^ (x_6 v -x_5 v -x_0) ^ (-x_1 v -x_4) ^ (-x_9 v x_10 v x_7) ^ (-x_1 v x_5 v -x_6) ^ (x_10 v -x_3) ^ (x_6 v x_5 v -x_0) ^ (x_3 v x_6 v -x_0) ^ (-x_1 v -x_10 v -x_6) ^ (x_6 v x_1 v x_2)]
11,17,0.20601129531860352,1,0.0006229877471923828,0.33266735076904297,[(-x_1 v -x_8 v -x_6) ^ (x_0 v x_9 v x_5) ^ (x_3 v x_6 v x_10) ^ (-x_9 v -x_7 v x_10) ^ (x_6 v x_9 v x_2) ^ (-x_1 v -x_2 v -x_3) ^ (x_9 v x_10 v -x_8) ^ (-x_10 v x_4 v -x_3) ^ (-x_1 v x_6 v x_9) ^ (-x_4 v x_2 v -x_3) ^ (-x_1 v -x_4 v x_0) ^ (x_0 v -x_4 v -x_3) ^ (-x_4 v -x_10 v x_5) ^ (x_10 v -x_9 v -x_5) ^ (x_8 v x_9 v -x_6) ^ (-x_1 v -x_8) ^ (x_8 v x_5 v -x_6)]
11,33,0.35428905487060547,46,0.0012559890747070312,0.33570098876953125,[(x_9 v -x_10 v -x_7) ^ (x_3 v -x_0) ^ (x_9 v x_7) ^ (-x_10 v -x_2 v x_4) ^ (-x_4 v x_7 v -x_3) ^ (x_4 v -x_8 v -x_6) ^ (x_7 v x_5 v -x_6) ^ (x_0 v -x_9 v -x_10) ^ (x_3 v -x_1) ^ (x_4 v x_5 v x_8) ^ (-x_4 v x_7) ^ (x_3 v -x_10 v -x_5) ^ (x_3 v -x_10 v -x_0) ^ (-x_10 v x_7 v -x_6) ^ (x_6 v -x_3) ^ (-x_7 v -x_5 v x_4) ^ (x_1 v x_7 v -x_3) ^ (-x_0 v x_6 v -x_3) ^ (x_9 v -x_10 v -x_6) ^ (x_8 v -x_3 v -x_6) ^ (x_0 v -x_7) ^ (-x_1 v x_2 v x_5) ^ (x_0 v x_7 v -x_8) ^ (-x_2 v x_4) ^ (-x_1 v -x_4 v x_10) ^ (x_5 v -x_8 v -x_6) ^ (-x_1 v x_9 v x_8) ^ (-x_9 v x_2) ^ (-x_1 v -x_4 v -x_7) ^ (x_3 v x_9 v x_10) ^ (-x_4 v x_2 v -x_7) ^ (x_6 v -x_7 v x_9) ^ (-x_1 v x_8 v -x_3)]
11,25,0.28380274772644043,1,0.0009467601776123047,0.3355131149291992,[(x_9 v x_4 v x_7) ^ (x_9 v x_4 v -x_3) ^ (-x_1 v x_6 v -x_8) ^ (x_1 v x_10 v x_5) ^ (-x_9 v -x_4 v x_2) ^ (x_9 v -x_2 v -x_3) ^ (-x_4 v -x_10 v x_8) ^ (-x_1 v -x_10 v x_5) ^ (x_6 v -x_2) ^ (x_3 v x_6 v -x_9) ^ (-x_1 v x_10 v -x_6) ^ (-x_9 v x_2 v -x_6) ^ (-x_9 v x_10 v -x_8) ^ (-x_7 v x_4) ^ (-x_1 v -x_9 v -x_3) ^ (-x_1 v x_9 v -x_8) ^ (-x_2 v x_5 v x_8) ^ (x_1 v x_4 v x_5) ^ (x_3 v -x_5 v x_2) ^ (-x_4 v x_5 v -x_0) ^ (x_6 v -x_9 v -x_7) ^ (x_6 v x_9 v x_4) ^ (x_0 v x_2 v -x_3) ^ (x_3 v x_9 v -x_8) ^ (x_7 v -x_8 v -x_3)]
11,20,0.23047757148742676,46,0.0010466575622558594,0.33304595947265625,[(-x_7 v -x_10 v -x_8) ^ (-x_9 v -x_4 v -x_7) ^ (-x_0 v x_6 v x_8) ^ (x_9 v -x_10 v -x_3) ^ (-x_5 v x_9 v x_10) ^ (x_10 v -x_2 v -x_8) ^ (-x_1 v x_7 v x_0) ^ (x_1 v x_5 v -x_0) ^ (-x_1 v -x_7 v -x_5) ^ (-x_10 v x_7 v x_5) ^ (x_3 v x_9 v x_4) ^ (x_1 v x_9 v x_2) ^ (-x_4 v -x_5 v x_8) ^ (x_1 v -x_9 v -x_6) ^ (x_0 v x_6 v x_2) ^ (-x_7 v -x_8 v -x_0) ^ (x_0 v x_4 v -x_3) ^ (-x_9 v x_1 v -x_0) ^ (x_9 v -x_2 v -x_0) ^ (x_9 v x_4 v -x_7)]
11,21,0.25044751167297363,1,0.00043654441833496094,0.33056163787841797,[(-x_2 v x_7 v -x_6) ^ (x_1 v -x_3) ^ (-x_1 v -x_10 v x_8) ^ (-x_6 v x_10 v x_8) ^ (x_0 v -x_6) ^ (-x_9 v -x_4 v x_2) ^ (-x_2 v x_5 v -x_0) ^ (x_1 v -x_7 v x_2) ^ (x_10 v x_7 v x_4) ^ (x_6 v x_1 v -x_10) ^ (x_9 v -x_5 v -x_8) ^ (-x_7 v x_10 v -x_6) ^ (-x_1 v x_10 v -x_8) ^ (-x_9 v -x_4 v x_8) ^ (x_0 v -x_3 v -x_6) ^ (-x_1 v -x_10 v x_4) ^ (-x_0 v x_10 v -x_3) ^ (-x_7 v x_10 v x_8) ^ (-x_1 v -x_7) ^ (x_6 v x_10 v -x_0) ^ (x_6 v x_9 v -x_8)]
11,23,0.25581979751586914,46,0.0007090568542480469,0.3233795166015625,[(-x_5 v x_9 v -x_10) ^ (x_8 v -x_0) ^ (x_0 v -x_4 v x_3) ^ (x_1 v -x_4 v -x_7) ^ (x_3 v x_9 v x_5) ^ (x_1 v x_10 v x_5) ^ (x_10 v -x_2 v x_8) ^ (-x_9 v x_4 v -x_8) ^ (-x_9 v x_7) ^ (x_1 v -x_10 v -x_3) ^ (-x_1 v x_6 v -x_2) ^ (x_6 v x_9 v x_7) ^ (x_6 v -x_0) ^ (x_3 v x_2 v -x_0) ^ (-x_2 v x_7 v -x_8) ^ (x_6 v x_7 v x_2) ^ (x_0 v x_4 v x_8) ^ (-x_1 v -x_10) ^ (-x_10 v -x_2) ^ (-x_10 v -x_5 v x_7) ^ (-x_10 v x_4 v x_2) ^ (x_7 v -x_8 v -x_3) ^ (-x_2 v -x_3)]
11,18,0.2316727638244629,1,0.0007052421569824219,0.32882213592529297,[(x_1 v -x_3 v -x_0) ^ (-x_5 v -x_4 v -x_10) ^ (-x_9 v x_4 v -x_6) ^ (-x_9 v -x_7 v -x_10) ^ (x_8 v x_7 v -x_6) ^ (x_9 v x_2) ^ (x_9 v x_10 v -x_8) ^ (-x_1 v -x_6) ^ (-x_1 v x_9) ^ (-x_4 v -x_10 v x_5) ^ (x_1 v -x_2 v x_5) ^ (x_0 v x_9 v -x_6) ^ (-x_9 v -x_4 v -x_3) ^ (x_4 v x_2 v -x_0) ^ (x_6 v -x_9 v x_4) ^ (x_9 v -x_2 v x_4) ^ (x_0 v -x_7 v x_3) ^ (-x_9 v x_1 v -x_10)]
11,30,0.339752197265625,46,0.0009253025054931641,0.331451416015625,[(x_0 v -x_1 v x_4) ^ (x_4 v x_5 v -x_6) ^ (x_4 v -x_3 v x_8) ^ (x_1 v -x_7 v x_8) ^ (x_4 v x_2 v x_8) ^ (-x_9 v -x_7 v -x_10) ^ (x_3 v -x_1 v x_2) ^ (x_0 v -x_2 v x_7) ^ (x_5 v -x_8 v -x_0) ^ (-x_10 v x_2 v x_5) ^ (x_1 v -x_10) ^ (x_2 v x_7 v x_5) ^ (x_3 v x_10 v -x_8) ^ (x_3 v -x_2 v -x_8) ^ (x_1 v x_10 v -x_6) ^ (x_5 v -x_10 v x_2) ^ (x_6 v x_7 v -x_8) ^ (x_1 v -x_5 v -x_0) ^ (x_4 v -x_8 v -x_3) ^ (-x_1 v -x_5 v -x_6) ^ (-x_6 v x_5 v x_8) ^ (-x_10 v x_5 v -x_3) ^ (x_9 v -x_2 v -x_7) ^ (x_1 v -x_5 v -x_6) ^ (-x_1 v -x_0) ^ (x_3 v x_10 v -x_0) ^ (-x_7 v -x_8) ^ (-x_4 v -x_3 v x_8) ^ (-x_1 v -x_4 v -x_8) ^ (-x_4 v x_2 v -x_8)]
11,15,0.19356322288513184,1,0.0005936622619628906,0.3280820846557617,[(x_3 v -x_7 v -x_5) ^ (-x_7 v -x_10 v -x_8) ^ (-x_7 v -x_5 v x_8) ^ (-x_7 v -x_5 v -x_0) ^ (-x_10 v -x_6 v x_8) ^ (-x_6 v -x_2 v -x_3) ^ (x_0 v x_5) ^ (x_1 v -x_4 v -x_2) ^ (-x_1 v -x_9 v x_8) ^ (x_9 v x_5 v x_8) ^ (x_1 v -x_10 v -x_2) ^ (-x_9 v -x_10 v x_5) ^ (x_4 v x_2) ^ (x_9 v x_2 v -x_0) ^ (-x_1 v -x_7 v x_2)]
11,32,0.3831205368041992,46,0.0007479190826416016,0.35265350341796875,[(x_9 v -x_10 v -x_7) ^ (x_0 v -x_7 v -x_6) ^ (x_3 v -x_6 v -x_0) ^ (-x_4 v x_2 v x_8) ^ (x_9 v x_7 v x_4) ^ (x_6 v x_1 v -x_4) ^ (x_0 v -x_9) ^ (x_0 v x_6 v x_8) ^ (x_2 v x_5 v -x_6) ^ (-x_8) ^ (x_3 v -x_7 v -x_5) ^ (x_3 v -x_4 v x_10) ^ (x_0 v -x_2 v x_7) ^ (x_0 v x_6 v x_4) ^ (x_9 v x_5 v x_8) ^ (-x_7 v x_2) ^ (x_1 v -x_4 v -x_3) ^ (-x_9 v -x_4 v x_5) ^ (x_3 v x_1 v x_9) ^ (-x_1 v x_9 v -x_0) ^ (-x_0 v -x_9 v x_8) ^ (-x_10 v x_4 v -x_8) ^ (-x_6 v x_7 v -x_0) ^ (x_5 v x_7 v x_2) ^ (x_0 v x_6 v -x_5) ^ (x_8 v -x_5 v -x_0) ^ (-x_4 v x_5 v -x_0) ^ (x_9 v -x_10 v x_4) ^ (x_3 v -x_10 v -x_6) ^ (x_6 v -x_7 v -x_2) ^ (-x_9 v -x_10 v -x_3) ^ (x_4 v -x_8 v -x_0)]
11,14,0.1815638542175293,1,0.0005996227264404297,0.3151884078979492,[(x_9 v x_10 v x_5) ^ (-x_9 v -x_6 v -x_3) ^ (-x_10 v x_7 v -x_3) ^ (x_4 v x_7 v x_8) ^ (-x_5 v -x_2 v x_8) ^ (x_3 v x_10 v x_0) ^ (-x_10 v -x_2 v -x_6) ^ (-x_0) ^ (-x_9 v x_4 v -x_3) ^ (-x_5 v x_2 v -x_8) ^ (-x_1 v x_9 v -x_7) ^ (-x_1 v -x_5 v -x_6) ^ (x_0 v x_4 v -x_8) ^ (x_6 v x_4 v -x_8)]
11,25,0.2768418788909912,46,0.0005614757537841797,0.3424072265625,[(-x_4 v x_9 v -x_3) ^ (-x_4 v x_7 v x_8) ^ (x_6 v -x_4 v -x_0) ^ (-x_2 v -x_8 v -x_0) ^ (-x_10 v -x_8 v -x_0) ^ (x_0 v x_3 v -x_6) ^ (x_0 v -x_2 v x_8) ^ (-x_1 v -x_4 v -x_6) ^ (x_1 v -x_5 v -x_3) ^ (-x_9 v x_4 v x_8) ^ (-x_4 v -x_2 v -x_3) ^ (x_9 v -x_2) ^ (x_6 v -x_4 v x_8) ^ (-x_5 v x_2) ^ (-x_9 v -x_4) ^ (-x_1 v -x_4 v -x_2) ^ (-x_1 v x_2) ^ (x_0 v -x_4 v -x_2) ^ (x_1 v x_2 v -x_8) ^ (-x_10 v -x_2 v -x_6) ^ (x_6 v -x_4 v x_2) ^ (x_8 v x_5 v -x_3) ^ (-x_1 v -x_7) ^ (-x_1 v -x_2 v x_5) ^ (-x_7 v -x_8)]
11,29,0.3394312858581543,1,0.000560760498046875,0.3514890670776367,[(-x_10 v x_5 v -x_0) ^ (-x_1 v x_10 v x_5) ^ (-x_4 v x_7 v x_8) ^ (-x_4 v -x_7 v -x_0) ^ (-x_1 v x_6 v x_7) ^ (x_6 v -x_9 v -x_10) ^ (x_3 v x_5) ^ (x_1 v -x_10 v x_8) ^ (x_1 v x_9 v -x_3) ^ (-x_4 v -x_2) ^ (-x_4 v -x_2 v x_8) ^ (x_7 v -x_0) ^ (-x_6 v -x_8 v -x_0) ^ (-x_1 v x_5 v x_8) ^ (x_1 v -x_5) ^ (-x_2 v x_5 v x_8) ^ (-x_1 v -x_10 v -x_6) ^ (-x_7 v -x_8 v -x_3) ^ (x_3 v -x_2) ^ (-x_1 v -x_5 v -x_8) ^ (x_3 v x_5 v x_8) ^ (-x_2 v x_7 v -x_3) ^ (x_0 v x_10 v x_7) ^ (-x_7 v -x_6) ^ (-x_1 v x_2 v x_8) ^ (-x_7 v x_10 v x_8) ^ (-x_9 v -x_5 v x_7) ^ (-x_10 v -x_2 v x_7) ^ (-x_9 v x_1 v -x_6)]
11,14,0.16840147972106934,46,0.0006787776947021484,0.3189697265625,[(x_3 v -x_9 v x_0) ^ (x_0 v x_10 v -x_2) ^ (x_3 v -x_9 v x_10) ^ (-x_9 v x_5 v -x_6) ^ (-x_1 v -x_10 v x_5) ^ (-x_9 v -x_10) ^ (-x_4 v -x_7) ^ (x_0 v -x_7 v -x_8) ^ (x_6 v -x_5) ^ (-x_1 v x_5 v x_8) ^ (-x_4 v x_2) ^ (x_6 v x_7 v -x_0) ^ (x_3 v -x_7) ^ (x_1 v -x_9)]
11,22,0.2538723945617676,1,0.0007421970367431641,0.3377714157104492,[(-x_10 v x_7 v -x_3) ^ (x_0 v -x_4 v x_3) ^ (x_6 v x_1 v x_9) ^ (x_0 v -x_4 v x_5) ^ (x_1 v -x_10 v -x_8) ^ (x_4 v x_7 v x_8) ^ (-x_1 v x_9 v -x_4) ^ (x_3 v -x_1 v x_7) ^ (x_0 v x_6 v -x_7) ^ (-x_2 v x_10 v -x_6) ^ (-x_4 v x_2) ^ (x_1 v x_4) ^ (x_1 v x_4 v x_2) ^ (x_0 v x_5) ^ (x_6 v -x_10 v x_8) ^ (x_9 v -x_10) ^ (-x_10 v x_4 v x_8) ^ (-x_9 v -x_2 v -x_6) ^ (-x_1 v -x_5) ^ (x_6 v -x_7 v -x_2) ^ (-x_9 v -x_2 v x_8) ^ (x_3 v -x_1 v -x_4)]
11,25,0.27422189712524414,46,0.0005908012390136719,0.35634613037109375,[(x_6 v x_9 v x_8) ^ (x_1 v x_7 v -x_5) ^ (x_6 v -x_4 v -x_10) ^ (x_3 v x_5) ^ (-x_10 v -x_0) ^ (x_3 v x_5 v x_2) ^ (-x_1 v x_8) ^ (x_3 v x_9 v x_4) ^ (-x_1 v x_10 v -x_6) ^ (-x_1 v -x_5 v x_10) ^ (-x_1 v x_6 v -x_2) ^ (x_1 v x_4) ^ (x_6 v x_1 v x_2) ^ (x_1 v -x_10 v x_5) ^ (-x_7 v -x_5) ^ (x_3 v -x_1 v -x_8) ^ (x_7 v -x_8) ^ (x_1 v x_4 v x_7) ^ (x_9 v -x_4 v -x_8) ^ (x_3 v x_10 v x_2) ^ (x_6 v -x_9 v x_7) ^ (x_3 v x_5 v -x_6) ^ (-x_9 v x_5 v -x_0) ^ (-x_1 v x_8 v -x_3) ^ (x_0 v -x_4 v x_8)]
11,14,0.1693277359008789,1,0.0005292892456054688,0.36043834686279297,[(x_0 v x_6 v x_1) ^ (-x_5 v x_10 v x_8) ^ (-x_7 v x_10) ^ (-x_7 v x_4 v -x_8) ^ (-x_1 v x_9 v x_5) ^ (x_1 v -x_5 v x_2) ^ (-x_4 v x_9 v x_2) ^ (x_3 v -x_5 v x_0) ^ (-x_1 v -x_7 v x_5) ^ (x_6 v -x_5) ^ (-x_1 v -x_9 v x_3) ^ (x_6 v -x_9 v x_4) ^ (x_1 v -x_9 v -x_7) ^ (-x_1 v x_5 v x_3)]
11,24,0.2612338066101074,46,0.0005757808685302734,0.32636260986328125,[(x_3 v -x_1 v x_5) ^ (x_0 v x_9 v -x_3) ^ (x_10 v -x_8 v -x_6) ^ (-x_1 v -x_7 v x_2) ^ (x_1 v -x_7 v -x_2) ^ (x_1 v -x_4 v -x_3) ^ (-x_4 v -x_2 v x_8) ^ (-x_1 v x_10 v -x_6) ^ (-x_1 v x_6) ^ (-x_9 v x_4 v -x_0) ^ (x_9 v x_4 v -x_6) ^ (x_8 v x_10 v -x_6) ^ (-x_10 v x_8) ^ (-x_10 v x_2 v -x_8) ^ (x_0 v -x_7) ^ (-x_1 v x_9 v -x_8) ^ (x_9 v x_10) ^ (-x_2 v x_7 v x_8) ^ (-x_1 v -x_7 v -x_6) ^ (-x_1 v -x_4 v -x_0) ^ (-x_9 v x_5 v -x_3) ^ (-x_1 v x_2 v -x_6) ^ (x_9 v -x_2 v -x_7) ^ (x_0 v x_7 v x_2)]
11,27,0.3221914768218994,1,0.0004711151123046875,0.3714475631713867,[(x_1 v x_2 v -x_6) ^ (x_9 v x_7) ^ (x_0 v -x_1 v -x_9) ^ (x_0 v x_10 v -x_6) ^ (x_0 v -x_7 v -x_2) ^ (x_0 v -x_9 v -x_10) ^ (x_7 v x_5 v -x_6) ^ (-x_2 v x_10 v x_8) ^ (x_6 v -x_5 v x_7) ^ (x_9 v x_4 v -x_8) ^ (x_10 v -x_3) ^ (-x_1 v x_6 v -x_2) ^ (-x_4 v x_10 v x_5) ^ (x_8 v x_9 v -x_6) ^ (-x_7 v -x_5) ^ (x_8 v -x_5 v -x_6) ^ (-x_10 v -x_6) ^ (-x_1 v -x_5 v -x_6) ^ (-x_1 v x_10 v x_8) ^ (x_9 v -x_7 v -x_6) ^ (x_3 v -x_9 v -x_7) ^ (-x_9 v x_10 v x_5) ^ (-x_7 v x_10 v x_8) ^ (x_10 v -x_2 v x_5) ^ (x_7 v -x_8 v -x_3) ^ (-x_2 v -x_3) ^ (-x_9 v x_7 v x_4)]
11,16,0.1810917854309082,46,0.0006706714630126953,0.31516265869140625,[(x_1 v -x_7 v -x_6) ^ (x_6 v x_9 v x_7) ^ (-x_0 v x_4 v -x_6) ^ (x_1 v -x_2) ^ (x_7 v x_2 v -x_0) ^ (-x_1 v x_10) ^ (x_0 v x_1 v -x_5) ^ (x_1 v -x_10 v -x_7) ^ (-x_10 v x_8) ^ (-x_0 v -x_6) ^ (x_10 v -x_3) ^ (x_10 v x_2 v -x_6) ^ (x_4 v x_7 v x_8) ^ (-x_2 v -x_8 v -x_0) ^ (-x_4 v x_5 v -x_0) ^ (x_3 v x_7 v x_5)]
11,19,0.23296570777893066,1,0.00046753883361816406,0.3400602340698242,[(-x_1 v x_7) ^ (x_0 v x_9 v -x_6) ^ (-x_10 v -x_5 v -x_0) ^ (x_1 v -x_2 v -x_6) ^ (-x_9 v x_2 v -x_0) ^ (x_6 v -x_10) ^ (x_1 v -x_7 v -x_5) ^ (x_9 v -x_5 v -x_6) ^ (x_7 v -x_8 v x_4) ^ (-x_9 v -x_7 v x_8) ^ (x_2 v x_4 v x_5) ^ (-x_1 v -x_4 v x_2) ^ (x_9 v -x_0) ^ (x_1 v -x_9 v -x_4) ^ (-x_10 v x_2 v x_8) ^ (-x_7 v x_5 v -x_8) ^ (x_0 v -x_4 v -x_8) ^ (x_1 v x_2 v -x_3) ^ (-x_9 v x_1 v -x_6)]
11,26,0.2792978286743164,46,0.0009286403656005859,0.34455108642578125,[(x_1 v -x_5 v -x_8) ^ (x_3 v x_6 v x_10) ^ (x_3 v -x_7 v x_8) ^ (x_3 v x_10 v x_5) ^ (x_2 v -x_6) ^ (-x_7 v x_5 v -x_6) ^ (x_9 v -x_10 v x_7) ^ (x_8 v x_4 v -x_0) ^ (x_1 v -x_10 v x_2) ^ (x_0 v -x_9 v -x_10) ^ (x_5 v -x_8) ^ (x_1 v x_9 v -x_3) ^ (x_9 v -x_4 v -x_2) ^ (-x_10 v x_4 v -x_6) ^ (x_6 v -x_10 v -x_3) ^ (x_9 v -x_4 v -x_3) ^ (x_3 v -x_7 v -x_0) ^ (x_6 v x_1 v -x_3) ^ (x_0 v -x_1 v x_5) ^ (x_1 v -x_0) ^ (-x_9 v x_2 v x_8) ^ (x_1 v x_4 v x_5) ^ (-x_9 v -x_6 v -x_3) ^ (-x_4 v -x_5 v x_2) ^ (-x_2 v -x_3) ^ (x_3 v x_7 v -x_6)]
11,33,0.38618993759155273,1,0.0005664825439453125,0.3257169723510742,[(x_3 v -x_0) ^ (x_9 v -x_4 v -x_0) ^ (-x_1 v x_6 v -x_8) ^ (x_9 v x_8) ^ (x_6 v x_2 v x_8) ^ (x_3 v -x_7) ^ (x_0 v -x_9 v x_7) ^ (x_3 v -x_4 v x_10) ^ (-x_10 v x_4 v -x_0) ^ (-x_9 v x_7 v x_8) ^ (x_6 v -x_4 v x_5) ^ (x_4 v x_8) ^ (-x_10 v x_4 v -x_6) ^ (-x_1 v x_7 v -x_3) ^ (-x_1 v x_4 v x_2) ^ (-x_1 v x_2 v -x_0) ^ (x_6 v -x_4) ^ (-x_9 v x_2 v -x_6) ^ (-x_7 v -x_2 v -x_0) ^ (-x_1 v x_5 v -x_8) ^ (-x_7 v x_10) ^ (x_3 v x_6 v x_4) ^ (x_1 v x_9 v -x_0) ^ (x_9 v x_10 v x_7) ^ (x_4 v x_2 v -x_6) ^ (-x_1 v x_9) ^ (x_1 v x_7) ^ (-x_7 v -x_2 v x_4) ^ (x_10 v x_2 v x_8) ^ (x_1 v x_10 v x_8) ^ (x_9 v x_4 v -x_7) ^ (-x_5 v x_2 v -x_8) ^ (x_0 v x_1 v -x_3)]
11,12,0.15168261528015137,46,0.0005223751068115234,0.2983245849609375,[(-x_1 v x_6 v -x_7) ^ (-x_5 v -x_3 v x_8) ^ (-x_9 v -x_7 v -x_5) ^ (x_1 v x_10 v -x_0) ^ (-x_7 v x_5 v -x_6) ^ (-x_2 v -x_4 v -x_5) ^ (x_9 v x_5 v -x_3) ^ (x_7 v x_5 v x_8) ^ (-x_9 v x_8) ^ (x_7 v -x_8) ^ (x_3 v -x_10 v x_2) ^ (-x_9 v -x_8)]
11,32,0.36916160583496094,1,0.0006008148193359375,0.3181028366088867,[(-x_2 v x_10 v -x_0) ^ (-x_7 v x_5 v x_8) ^ (x_3 v x_6 v x_10) ^ (x_10 v -x_0) ^ (-x_1 v x_7 v x_5) ^ (x_1 v -x_10 v -x_8) ^ (x_4 v -x_8 v -x_6) ^ (x_1 v x_5 v -x_0) ^ (-x_4 v -x_2 v -x_8) ^ (-x_1 v -x_6) ^ (x_0 v -x_7 v -x_3) ^ (-x_7 v x_4 v x_8) ^ (x_6 v -x_9 v x_8) ^ (-x_1 v x_5 v -x_8) ^ (x_3 v x_10 v -x_8) ^ (x_1 v x_10 v -x_6) ^ (-x_9 v -x_10 v x_4) ^ (-x_10 v x_5 v -x_8) ^ (x_0 v x_1 v x_8) ^ (-x_1 v x_2 v x_0) ^ (x_8) ^ (x_3 v -x_2 v x_8) ^ (x_1 v -x_5) ^ (-x_1 v -x_2 v -x_0) ^ (-x_9 v -x_2 v -x_6) ^ (-x_7 v -x_8 v -x_3) ^ (-x_4 v x_9 v -x_2) ^ (-x_5 v x_10 v -x_6) ^ (x_0 v -x_9 v x_4) ^ (-x_7 v -x_8) ^ (x_6 v -x_4 v x_9) ^ (-x_1 v -x_10 v x_2)]
11,16,0.18437886238098145,46,0.0008280277252197266,0.31290435791015625,[(x_1 v -x_7) ^ (x_3 v -x_1) ^ (x_1 v -x_9 v x_8) ^ (x_3 v x_4 v -x_8) ^ (x_2 v x_8) ^ (x_1 v -x_10 v -x_3) ^ (x_1 v -x_5 v x_8) ^ (x_0 v x_9 v -x_3) ^ (x_1 v -x_4 v -x_3) ^ (x_0 v x_2 v x_8) ^ (-x_5 v x_7 v -x_8) ^ (x_3 v x_6 v -x_2) ^ (-x_2 v -x_8) ^ (x_10 v -x_5 v x_4) ^ (-x_4 v x_10 v x_5) ^ (-x_7 v x_2 v -x_3)]
11,17,0.21621942520141602,1,0.0007965564727783203,0.32989025115966797,[(-x_9 v x_1 v -x_7) ^ (x_6 v -x_5 v -x_3) ^ (x_0 v -x_10 v x_8) ^ (-x_9 v x_10 v -x_0) ^ (x_9 v -x_4 v -x_8) ^ (-x_10 v x_4 v -x_6) ^ (x_9 v x_5 v x_8) ^ (x_10 v x_5 v x_8) ^ (x_9 v -x_5 v -x_3) ^ (x_1 v x_2 v -x_8) ^ (x_1 v -x_4 v -x_2) ^ (x_8 v -x_2 v -x_6) ^ (x_1 v -x_3 v -x_6) ^ (x_0 v -x_9 v -x_2) ^ (-x_5 v -x_3 v x_4) ^ (x_8 v -x_7 v -x_3) ^ (x_0 v x_4 v x_7)]
11,21,0.24077439308166504,46,0.0007665157318115234,0.3037872314453125,[(-x_9 v x_7 v -x_0) ^ (x_3 v x_7 v x_4) ^ (x_1 v -x_7 v -x_8) ^ (x_0 v x_9 v -x_8) ^ (x_0 v -x_10 v -x_3) ^ (-x_9 v x_1 v x_2) ^ (-x_9 v -x_4 v x_5) ^ (x_10 v -x_3 v x_8) ^ (-x_2 v x_5 v -x_8) ^ (x_0 v -x_9 v -x_6) ^ (x_1 v -x_7 v x_5) ^ (x_1 v x_10 v -x_0) ^ (-x_7 v -x_2 v -x_8) ^ (-x_1 v -x_9 v x_10) ^ (-x_1 v -x_7 v -x_3) ^ (x_7 v -x_3 v -x_0) ^ (-x_1 v x_6 v -x_5) ^ (x_0 v x_6 v x_10) ^ (-x_1 v x_9) ^ (-x_10 v -x_5 v -x_8) ^ (-x_7 v -x_6)]
11,19,0.23201727867126465,1,0.0005958080291748047,0.36748790740966797,[(x_6 v x_10 v x_7) ^ (-x_7 v -x_3 v -x_6) ^ (x_6 v -x_7 v -x_10) ^ (-x_9 v x_5 v -x_8) ^ (x_6 v -x_7 v -x_5) ^ (-x_2 v x_1 v x_10) ^ (-x_4 v -x_2 v x_5) ^ (x_6 v -x_9 v x_10) ^ (x_4 v x_8) ^ (-x_1 v -x_10 v x_5) ^ (x_3 v -x_10 v x_4) ^ (x_9 v -x_2 v x_4) ^ (x_6 v x_1 v x_2) ^ (x_0 v -x_6 v x_8) ^ (x_3 v x_4 v x_8) ^ (-x_9 v -x_2) ^ (x_0 v -x_9 v x_2) ^ (-x_9 v x_10 v x_5) ^ (-x_2 v -x_8)]
11,22,0.24698758125305176,46,0.0007143020629882812,0.34839630126953125,[(x_0 v -x_4 v -x_5) ^ (-x_4 v -x_6 v x_8) ^ (x_3 v -x_9 v x_2) ^ (x_3 v -x_5 v -x_8) ^ (-x_9 v x_5 v -x_8) ^ (x_3 v x_10 v x_5) ^ (x_9 v -x_3 v -x_0) ^ (x_3 v -x_5 v x_8) ^ (-x_6 v x_8) ^ (-x_9 v x_5) ^ (x_0 v x_1 v x_5) ^ (x_3 v x_9 v -x_7) ^ (-x_7 v -x_5 v x_4) ^ (x_6 v -x_10) ^ (x_3 v -x_7 v -x_2) ^ (-x_9 v x_10 v x_2) ^ (-x_10 v -x_7 v -x_6) ^ (x_3 v -x_2) ^ (-x_1 v x_5 v -x_3) ^ (-x_5 v x_7 v -x_6) ^ (-x_9 v x_7 v x_5) ^ (x_3 v -x_9 v -x_2)]
11,17,0.22402691841125488,1,0.0005805492401123047,0.31940746307373047,[(-x_1 v -x_3) ^ (x_3 v x_9 v -x_10) ^ (x_9 v -x_5 v -x_7) ^ (x_1 v x_8 v -x_3) ^ (x_6 v x_2 v -x_3) ^ (x_0 v x_1 v x_8) ^ (-x_4 v -x_0) ^ (x_9 v -x_2 v x_7) ^ (x_6 v x_4 v x_8) ^ (x_6 v -x_9 v -x_8) ^ (-x_1 v -x_9 v x_5) ^ (-x_4 v -x_2 v x_8) ^ (x_1 v -x_7 v -x_3) ^ (x_10 v -x_2 v x_7) ^ (x_1 v x_9 v x_2) ^ (x_9 v x_4 v -x_0) ^ (-x_9 v -x_7 v -x_8)]
11,13,0.159287691116333,46,0.0006432533264160156,0.2785491943359375,[(x_0 v x_6 v x_2) ^ (x_8 v -x_2 v x_4) ^ (x_6 v -x_4 v x_7) ^ (x_6 v x_1 v -x_0) ^ (-x_9 v x_7 v -x_3) ^ (x_9 v x_4 v -x_6) ^ (x_0 v -x_4 v -x_8) ^ (x_9 v -x_3 v -x_0) ^ (-x_9 v -x_10 v x_8) ^ (-x_10 v -x_2 v x_4) ^ (x_0 v -x_2 v -x_6) ^ (-x_1 v x_3 v x_5) ^ (x_2 v -x_3 v x_8)]
11,12,0.15855908393859863,1,0.0005896091461181641,0.31261730194091797,[(-x_4 v -x_10 v -x_7) ^ (x_3 v -x_5 v x_10) ^ (-x_6 v x_10 v x_4) ^ (-x_9 v -x_7 v x_8) ^ (-x_10 v -x_7 v -x_3) ^ (x_6 v -x_9 v -x_8) ^ (-x_1 v x_4 v -x_3) ^ (-x_7 v -x_2 v -x_6) ^ (-x_6 v -x_5 v x_4) ^ (-x_9 v -x_10 v x_2) ^ (x_0 v x_10) ^ (-x_7 v -x_8 v -x_3)]
11,32,0.35524773597717285,46,0.0007348060607910156,0.33451080322265625,[(x_6 v -x_10 v x_4) ^ (x_1 v -x_2 v -x_5) ^ (-x_4 v x_10 v -x_3) ^ (x_6 v -x_7 v -x_5) ^ (x_0 v x_6 v -x_4) ^ (x_10 v -x_2 v -x_8) ^ (x_2 v x_5 v -x_6) ^ (x_1 v -x_6) ^ (x_0 v x_10 v -x_6) ^ (x_0 v x_9 v -x_6) ^ (-x_2 v -x_8 v -x_0) ^ (-x_1 v -x_8) ^ (x_6 v x_10 v x_8) ^ (x_0 v x_9 v -x_8) ^ (-x_10 v -x_2 v -x_0) ^ (x_0 v -x_7 v x_8) ^ (x_1 v -x_10 v x_7) ^ (x_1 v -x_5 v -x_3) ^ (-x_5 v x_2 v x_4) ^ (x_6 v -x_2 v x_5) ^ (x_0 v -x_7 v -x_3) ^ (x_3 v x_10 v -x_6) ^ (x_1 v x_7 v -x_3) ^ (-x_9 v -x_2 v -x_5) ^ (x_6 v x_1 v x_10) ^ (x_10 v x_5 v x_7) ^ (-x_10 v -x_7 v -x_0) ^ (x_1 v x_10 v x_2) ^ (-x_2 v x_7 v -x_3) ^ (-x_9 v -x_2 v x_7) ^ (x_0 v -x_7 v x_10) ^ (-x_1 v x_6 v -x_0)]
11,31,0.37886905670166016,1,0.0005905628204345703,0.3367490768432617,[(-x_4 v x_9 v -x_3) ^ (x_9 v -x_8) ^ (-x_2 v x_5 v -x_6) ^ (-x_9 v -x_10 v -x_5) ^ (-x_1 v -x_10 v x_8) ^ (x_1 v -x_10 v -x_2) ^ (x_3 v x_6 v -x_2) ^ (-x_7 v -x_6 v -x_3) ^ (-x_8 v -x_0) ^ (x_1 v x_9 v -x_3) ^ (x_5 v x_8) ^ (x_0 v -x_9 v x_10) ^ (x_0 v -x_7 v -x_3) ^ (x_10 v x_8) ^ (x_3 v -x_5 v -x_0) ^ (x_7 v -x_3 v x_4) ^ (x_8 v x_4 v -x_6) ^ (x_9 v -x_5 v -x_8) ^ (x_6 v x_7 v x_2) ^ (x_9 v x_2 v -x_8) ^ (x_3 v x_6 v -x_0) ^ (-x_10 v x_5 v x_8) ^ (x_3 v x_2 v x_0) ^ (x_3 v x_4 v x_2) ^ (-x_10 v x_2 v x_8) ^ (x_7 v x_5 v -x_0) ^ (x_8 v -x_4 v -x_3) ^ (-x_1 v x_6 v x_10) ^ (-x_1 v -x_4 v x_5) ^ (x_1 v x_9 v x_8) ^ (x_0 v -x_4 v x_2)]
11,17,0.19892334938049316,46,0.0007326602935791016,0.309906005859375,[(x_3 v x_10 v -x_8) ^ (x_5 v -x_3 v -x_0) ^ (x_0 v -x_10 v x_8) ^ (x_3 v x_1 v x_4) ^ (-x_7 v x_4 v -x_3) ^ (-x_10 v x_2 v -x_0) ^ (x_0 v -x_10 v x_5) ^ (x_6 v -x_5 v x_7) ^ (x_0 v -x_1 v -x_7) ^ (x_0 v -x_9) ^ (-x_10 v -x_7) ^ (x_9 v x_7 v x_8) ^ (x_3 v x_4 v x_7) ^ (-x_1 v -x_9 v -x_2) ^ (x_9 v x_5 v -x_8) ^ (x_1 v -x_9 v -x_6) ^ (x_7 v x_5 v -x_6)]
11,32,0.371326208114624,1,0.0006663799285888672,0.3507108688354492,[(-x_5 v x_9 v -x_10) ^ (x_5 v -x_9 v x_2) ^ (-x_4 v x_9) ^ (-x_10 v -x_2 v x_8) ^ (x_10 v -x_5 v x_7) ^ (-x_9 v -x_5 v -x_3) ^ (x_6 v x_1) ^ (x_0 v x_9) ^ (-x_4 v -x_2 v x_7) ^ (-x_10 v x_4 v -x_0) ^ (x_6 v -x_2) ^ (-x_9 v -x_6 v -x_0) ^ (-x_4 v x_5 v -x_3) ^ (x_0 v x_9 v x_2) ^ (-x_7 v -x_5 v x_4) ^ (x_1 v -x_9 v -x_6) ^ (x_6 v -x_10 v x_2) ^ (-x_4 v x_7 v x_2) ^ (x_9 v x_2 v x_5) ^ (x_0 v -x_7) ^ (-x_10 v -x_3) ^ (x_3 v x_1 v x_5) ^ (-x_1 v x_4 v -x_8) ^ (x_9 v x_10 v x_8) ^ (x_9 v -x_5 v x_8) ^ (-x_10 v -x_2 v x_5) ^ (x_1 v x_10 v -x_8) ^ (x_0 v x_6 v x_10) ^ (x_0 v -x_4 v -x_8) ^ (x_10 v x_4) ^ (x_1 v x_10 v -x_3) ^ (x_3 v -x_2 v -x_0)]
11,17,0.18802142143249512,46,0.00048351287841796875,0.301300048828125,[(x_8 v x_7 v -x_0) ^ (x_0 v x_9 v x_4) ^ (-x_2 v -x_8 v -x_3) ^ (x_7 v x_5 v -x_0) ^ (-x_9 v -x_5 v -x_6) ^ (-x_1 v x_2 v -x_3) ^ (-x_1 v -x_4 v -x_2) ^ (-x_9 v x_5 v -x_8) ^ (x_9 v -x_4) ^ (x_6 v -x_7) ^ (x_6 v -x_9 v x_7) ^ (x_3 v x_10 v x_8) ^ (x_6 v x_7 v -x_3) ^ (-x_9 v -x_4 v x_7) ^ (x_4 v x_2 v x_8) ^ (-x_10 v x_5 v x_8) ^ (x_9 v x_5)]
11,13,0.16935491561889648,1,0.0006008148193359375,0.33539867401123047,[(x_0 v -x_10 v -x_3) ^ (x_10 v x_7 v x_8) ^ (x_0 v -x_10 v x_2) ^ (x_3 v -x_8 v -x_0) ^ (x_9 v x_2 v -x_7) ^ (x_0 v -x_7 v -x_5) ^ (-x_4 v x_2 v x_8) ^ (x_0 v x_1 v x_2) ^ (x_0 v x_6 v x_8) ^ (x_0 v x_6 v x_7) ^ (x_6 v -x_3) ^ (-x_1 v -x_2 v x_3) ^ (-x_7 v -x_5 v -x_3)]
11,33,0.3649730682373047,46,0.0008151531219482422,0.35509490966796875,[(x_6 v x_10 v -x_3) ^ (x_3 v -x_9 v x_2) ^ (x_9 v -x_5 v x_7) ^ (x_6 v -x_5 v -x_8) ^ (-x_7 v x_10 v x_4) ^ (x_3 v -x_9 v -x_10) ^ (x_0 v -x_4 v x_5) ^ (x_1 v -x_4 v -x_8) ^ (-x_9 v -x_4 v x_7) ^ (-x_5 v -x_10 v -x_2) ^ (x_1 v -x_2 v -x_8) ^ (-x_1 v -x_8) ^ (x_10 v -x_7 v -x_2) ^ (-x_4 v -x_2 v -x_8) ^ (x_3 v x_1 v -x_10) ^ (-x_1 v -x_7 v x_10) ^ (-x_1 v -x_5 v -x_0) ^ (-x_2 v x_10 v -x_6) ^ (x_1 v x_4) ^ (-x_7 v -x_6 v -x_0) ^ (-x_1 v x_9 v -x_5) ^ (x_0 v -x_9 v x_1) ^ (x_10 v x_2) ^ (x_9 v -x_7 v -x_8) ^ (x_3 v x_10 v -x_2) ^ (x_0 v x_8) ^ (-x_10 v -x_2) ^ (-x_2 v -x_0) ^ (x_2 v -x_3) ^ (-x_1 v -x_7 v -x_6) ^ (x_10 v -x_5 v x_2) ^ (-x_7 v -x_2 v x_4) ^ (x_6 v -x_4 v x_2)]
11,33,0.3777179718017578,1,0.0007314682006835938,0.2845640182495117,[(x_6 v x_10 v x_7) ^ (x_0 v x_7 v x_4) ^ (-x_4 v x_10 v x_7) ^ (-x_9 v -x_10 v x_5) ^ (x_1 v -x_6) ^ (x_1 v x_10 v x_5) ^ (-x_1 v -x_9 v -x_7) ^ (-x_4 v -x_7 v -x_8) ^ (x_5 v -x_8) ^ (-x_9 v x_10 v x_4) ^ (-x_10 v -x_6 v x_8) ^ (-x_1 v -x_6) ^ (-x_1 v x_3) ^ (x_8 v x_9 v -x_6) ^ (x_1 v -x_6 v -x_0) ^ (x_1 v x_7 v -x_3) ^ (-x_10 v -x_8 v -x_3) ^ (-x_9 v x_4 v -x_0) ^ (x_0 v x_5 v -x_6) ^ (x_1 v x_7 v -x_6) ^ (x_6 v -x_10 v x_8) ^ (-x_1 v -x_9 v x_4) ^ (x_0 v x_2) ^ (-x_10 v -x_6) ^ (-x_1 v -x_10) ^ (x_1 v -x_9 v -x_4) ^ (x_2 v -x_8 v -x_3) ^ (x_9 v -x_6) ^ (-x_1 v x_10 v x_8) ^ (-x_9 v -x_10 v -x_7) ^ (x_10 v x_4) ^ (x_4 v x_2 v -x_0) ^ (-x_9 v x_5 v -x_0)]
11,24,0.27074146270751953,46,0.0007848739624023438,0.3235321044921875,[(-x_4 v x_10 v x_2) ^ (x_3 v x_5 v -x_0) ^ (x_3 v -x_9 v x_10) ^ (x_8 v x_9 v -x_3) ^ (-x_4 v x_10 v -x_0) ^ (-x_0 v -x_10 v -x_6) ^ (x_0 v x_4 v -x_2) ^ (x_9 v x_4) ^ (x_9 v -x_4 v x_2) ^ (-x_7 v -x_5 v -x_6) ^ (-x_7 v -x_8 v -x_0) ^ (-x_1 v x_0 v -x_6) ^ (-x_10 v x_2 v -x_6) ^ (x_6 v x_1 v x_8) ^ (x_8 v -x_5 v -x_6) ^ (x_4 v -x_8 v -x_3) ^ (-x_1 v x_4 v -x_8) ^ (x_7 v -x_8) ^ (x_3 v x_9 v x_2) ^ (-x_1 v -x_4 v -x_7) ^ (x_3 v x_10 v x_4) ^ (x_3 v x_9 v -x_8) ^ (x_0 v x_3) ^ (-x_1 v -x_7 v x_8)]
11,17,0.20838165283203125,1,0.00043392181396484375,0.3139982223510742,[(x_9 v x_1 v -x_4) ^ (-x_9 v x_7 v -x_0) ^ (x_10 v x_2 v x_7) ^ (-x_1 v -x_10 v x_4) ^ (x_0 v -x_1 v -x_8) ^ (x_0 v x_9 v x_8) ^ (x_0 v x_9 v -x_5) ^ (-x_2 v x_7 v -x_8) ^ (-x_5 v x_8) ^ (x_3 v x_1 v x_7) ^ (x_8 v -x_2 v -x_3) ^ (-x_2 v -x_3 v -x_0) ^ (x_0 v x_6 v -x_4) ^ (-x_9 v -x_2 v x_8) ^ (-x_7 v -x_6 v -x_0) ^ (-x_9 v x_2 v -x_3) ^ (-x_6 v x_5 v x_8)]
11,17,0.19738411903381348,46,0.0006573200225830078,0.3090362548828125,[(-x_0 v x_1 v -x_6) ^ (-x_10 v -x_2 v -x_3) ^ (x_0 v x_5 v x_8) ^ (x_1 v x_4) ^ (-x_10 v -x_0) ^ (x_3 v -x_10 v x_4) ^ (x_9 v -x_6 v -x_0) ^ (x_3 v -x_5 v -x_8) ^ (-x_9 v -x_4 v -x_5) ^ (x_9 v x_10 v -x_7) ^ (x_3 v x_8 v -x_0) ^ (x_3 v -x_7 v x_2) ^ (x_3 v x_9 v x_0) ^ (-x_9 v -x_4 v -x_10) ^ (x_0 v -x_10 v x_7) ^ (-x_4 v x_5 v -x_0) ^ (-x_4 v x_7 v -x_8)]
11,15,0.1799168586730957,1,0.0006847381591796875,0.3234128952026367,[(x_0 v x_6) ^ (-x_1 v x_0) ^ (-x_7 v -x_5 v x_8) ^ (-x_2 v -x_8 v -x_3) ^ (-x_9 v x_4 v -x_6) ^ (-x_1 v -x_9 v -x_10) ^ (-x_1 v -x_2 v -x_3) ^ (x_6 v x_10 v -x_8) ^ (x_9 v -x_10) ^ (-x_4 v -x_2 v -x_7) ^ (x_7 v x_2 v -x_6) ^ (-x_9 v -x_2 v -x_0) ^ (-x_1 v -x_9 v -x_8) ^ (-x_7 v -x_5 v x_2) ^ (x_3 v x_5 v x_0)]
11,25,0.2696380615234375,46,0.00083160400390625,0.33101654052734375,[(-x_4 v x_10 v x_7) ^ (x_6 v -x_7 v -x_5) ^ (-x_1 v -x_5 v x_7) ^ (-x_9 v -x_7) ^ (x_0 v -x_10 v -x_2) ^ (x_4 v x_5 v -x_8) ^ (x_4 v -x_3) ^ (x_0 v -x_7 v -x_2) ^ (x_6 v -x_2 v -x_0) ^ (-x_9 v x_1) ^ (-x_7 v -x_8 v -x_6) ^ (x_3 v -x_7 v -x_0) ^ (x_1 v x_4) ^ (x_9 v x_1 v -x_4) ^ (-x_1 v x_10 v -x_0) ^ (x_9 v x_10 v -x_8) ^ (x_0 v x_5 v -x_8) ^ (-x_1 v -x_5 v -x_6) ^ (x_10 v x_2 v -x_8) ^ (x_9 v -x_4 v -x_8) ^ (x_0 v x_1 v x_9) ^ (x_5 v -x_8 v -x_6) ^ (-x_9 v -x_4 v -x_6) ^ (x_6 v -x_4 v x_9) ^ (x_0 v -x_4 v x_8)]
11,16,0.1899700164794922,1,0.00046133995056152344,0.3196897506713867,[(x_1 v -x_7 v -x_5) ^ (x_7 v -x_8 v -x_0) ^ (x_6 v x_5) ^ (-x_1 v -x_9 v -x_6) ^ (x_6 v -x_9 v -x_7) ^ (-x_9 v x_4 v -x_8) ^ (-x_10 v -x_6 v x_8) ^ (x_10 v x_7) ^ (x_1 v -x_4 v -x_2) ^ (-x_5 v -x_3 v x_8) ^ (-x_9 v -x_7 v -x_3) ^ (x_3 v x_5 v -x_6) ^ (x_1 v -x_6) ^ (x_3 v x_9 v -x_7) ^ (x_0 v -x_4 v -x_3) ^ (x_1 v -x_2 v x_7)]
11,17,0.19911575317382812,46,0.0005426406860351562,0.3184814453125,[(x_0 v -x_7 v x_2) ^ (x_9 v x_10 v x_2) ^ (x_3 v -x_9 v x_2) ^ (x_1 v -x_10 v -x_2) ^ (-x_1 v x_4 v x_5) ^ (x_0 v -x_9 v x_4) ^ (x_9 v x_2 v x_5) ^ (-x_0 v -x_10 v -x_6) ^ (x_6 v x_9 v x_10) ^ (-x_0 v -x_7 v -x_3) ^ (-x_10 v x_4) ^ (-x_9 v x_4 v -x_3) ^ (x_9 v x_4 v -x_8) ^ (x_0 v x_3 v x_8) ^ (x_3 v -x_4 v -x_8) ^ (x_2 v -x_8) ^ (x_0 v x_1 v -x_7)]
11,23,0.2910490036010742,1,0.0007054805755615234,0.35056591033935547,[(x_0 v -x_10 v x_4) ^ (-x_4 v x_7 v -x_3) ^ (x_6 v -x_9 v -x_0) ^ (-x_5 v x_7 v x_4) ^ (-x_4 v -x_8) ^ (-x_5 v -x_4 v x_10) ^ (-x_1 v x_2 v -x_0) ^ (x_3 v -x_10 v x_5) ^ (-x_7 v -x_2 v -x_3) ^ (x_2 v -x_0) ^ (-x_9 v x_1 v x_4) ^ (-x_5 v x_4 v -x_3) ^ (x_3 v x_2 v -x_0) ^ (x_2 v -x_3 v -x_0) ^ (-x_7 v x_10 v -x_0) ^ (x_9 v x_2) ^ (x_0 v x_6 v -x_3) ^ (-x_1 v -x_10) ^ (x_9 v -x_5 v x_8) ^ (x_0 v x_9 v -x_10) ^ (-x_1 v -x_5) ^ (-x_7 v x_5 v -x_8) ^ (x_6 v -x_7 v -x_2)]
11,32,0.34735679626464844,46,0.0007891654968261719,0.33078765869140625,[(-x_9 v x_10) ^ (-x_4 v x_5 v -x_8) ^ (x_3 v -x_2 v x_0) ^ (x_0 v x_1 v -x_5) ^ (-x_1 v x_3 v -x_6) ^ (x_9 v -x_5 v x_7) ^ (x_3 v -x_8 v x_0) ^ (x_4 v x_2) ^ (x_1 v -x_10 v -x_7) ^ (-x_10 v -x_8 v -x_0) ^ (x_0 v -x_5 v -x_3) ^ (-x_1 v -x_7 v x_4) ^ (x_6 v -x_10 v -x_3) ^ (x_0 v x_6 v -x_9) ^ (x_0 v x_9 v x_2) ^ (-x_1 v -x_5 v x_10) ^ (-x_4 v x_2) ^ (-x_7 v x_4) ^ (-x_4 v -x_10) ^ (x_10 v x_7 v -x_6) ^ (-x_10 v x_2 v -x_6) ^ (x_3 v -x_7 v x_2) ^ (x_1 v x_9 v x_5) ^ (-x_7 v x_5) ^ (-x_7 v x_5 v -x_0) ^ (-x_9 v -x_2 v x_5) ^ (x_7 v -x_8 v -x_0) ^ (-x_1 v -x_9 v -x_0) ^ (x_6 v x_4 v -x_0) ^ (x_6 v -x_10 v -x_5) ^ (x_6 v -x_8) ^ (x_4 v -x_8 v -x_0)]
11,20,0.2674126625061035,1,0.00041675567626953125,0.3390073776245117,[(x_9 v -x_2 v x_7) ^ (-x_9 v -x_4 v -x_2) ^ (x_2 v -x_6) ^ (x_6 v x_5 v -x_3) ^ (x_0 v -x_7 v -x_8) ^ (x_4 v -x_8) ^ (x_0 v x_9 v -x_2) ^ (x_6 v x_1 v -x_0) ^ (x_3 v x_4 v -x_6) ^ (x_1 v x_7 v -x_3) ^ (-x_9 v x_2 v -x_8) ^ (-x_10 v -x_2 v -x_3) ^ (x_1 v x_10 v -x_6) ^ (x_0 v -x_9 v -x_6) ^ (-x_9 v -x_7 v -x_6) ^ (x_8 v -x_5 v x_4) ^ (x_0 v x_1 v x_4) ^ (x_3 v -x_2) ^ (-x_1 v -x_2 v x_0) ^ (x_5)]
11,26,0.2906641960144043,46,0.0006310939788818359,0.334197998046875,[(-x_1 v x_5) ^ (x_1 v -x_4 v x_10) ^ (x_9 v -x_8) ^ (-x_2 v x_5 v -x_6) ^ (x_1 v x_9 v -x_6) ^ (-x_1 v -x_10 v x_7) ^ (-x_9 v -x_5 v -x_3) ^ (x_6 v -x_7) ^ (-x_2 v x_10) ^ (-x_1 v -x_4 v -x_6) ^ (-x_5 v x_10 v -x_8) ^ (-x_5 v x_10 v x_7) ^ (-x_2 v x_7 v -x_0) ^ (-x_1 v x_9 v x_10) ^ (-x_0 v -x_2 v -x_6) ^ (-x_4 v -x_7 v -x_3) ^ (x_0 v x_1 v x_8) ^ (x_3 v x_6 v -x_7) ^ (x_0 v x_6 v -x_10) ^ (x_1 v -x_6 v -x_3) ^ (-x_4 v x_9 v -x_2) ^ (-x_7 v -x_0) ^ (-x_1 v x_10 v -x_3) ^ (-x_0 v x_2 v -x_3) ^ (x_6 v x_5 v x_8) ^ (x_0 v x_7 v x_8)]
11,22,0.26500868797302246,1,0.0006854534149169922,0.3245115280151367,[(-x_4 v -x_3 v -x_6) ^ (-x_10 v -x_5 v -x_3) ^ (-x_5 v x_7 v x_8) ^ (-x_2 v -x_10 v -x_5) ^ (x_3 v x_6 v -x_2) ^ (-x_0 v x_2 v -x_6) ^ (-x_4 v x_7 v -x_3) ^ (x_4 v -x_3) ^ (-x_3) ^ (-x_4 v -x_7 v -x_8) ^ (-x_4 v x_7) ^ (x_6 v -x_5 v -x_3) ^ (-x_9 v -x_7 v x_8) ^ (x_6 v -x_5 v x_4) ^ (x_8 v -x_10 v -x_0) ^ (-x_1 v x_2 v -x_8) ^ (x_9 v -x_4 v x_10) ^ (x_1 v -x_6 v x_8) ^ (-x_2 v x_7) ^ (x_6 v x_7 v x_5) ^ (-x_0 v x_1 v -x_3) ^ (x_1 v x_10 v -x_3)]
11,30,0.317626953125,46,0.0007200241088867188,0.33992767333984375,[(-x_1 v -x_2 v x_7) ^ (x_1 v -x_7 v -x_8) ^ (x_3 v -x_10 v -x_2) ^ (x_3 v x_5 v -x_0) ^ (x_6 v -x_9 v x_10) ^ (-x_5 v -x_6) ^ (-x_2 v x_9 v x_10) ^ (-x_9 v -x_7 v -x_0) ^ (x_6 v x_1 v -x_7) ^ (x_9 v -x_5 v -x_3) ^ (-x_1 v -x_7 v -x_0) ^ (x_6 v -x_2 v -x_8) ^ (x_6 v x_5 v -x_0) ^ (-x_4 v -x_5 v x_8) ^ (-x_9 v x_1 v -x_5) ^ (x_1 v -x_8 v -x_6) ^ (x_1 v x_9 v x_10) ^ (x_6 v x_1 v x_8) ^ (x_1 v -x_7 v x_5) ^ (-x_9 v x_10 v -x_3) ^ (x_3 v x_1 v x_5) ^ (-x_10 v -x_3) ^ (-x_5 v x_7 v -x_0) ^ (-x_7 v x_5 v -x_0) ^ (-x_4 v x_7 v x_5) ^ (-x_7 v -x_0) ^ (-x_1 v -x_5 v -x_8) ^ (-x_1 v x_4 v x_8) ^ (x_3 v -x_1 v -x_5) ^ (x_6 v x_9 v -x_8)]
11,15,0.18911433219909668,1,0.0005261898040771484,0.3277158737182617,[(-x_2 v x_7 v -x_6) ^ (x_0 v -x_4 v x_8) ^ (x_0 v -x_5 v -x_3) ^ (-x_4 v x_10 v x_8) ^ (x_8 v -x_4 v -x_6) ^ (-x_10 v -x_7 v -x_8) ^ (-x_9 v x_4 v -x_0) ^ (x_3 v -x_9 v -x_5) ^ (x_3 v -x_7 v -x_6) ^ (x_6 v -x_3 v -x_0) ^ (-x_1 v -x_4 v -x_3) ^ (x_4 v -x_3) ^ (x_3 v -x_8) ^ (x_4 v x_2 v x_8) ^ (x_6 v x_4 v -x_8)]
11,19,0.21960020065307617,46,0.00067901611328125,0.32059478759765625,[(x_6 v x_2 v -x_8) ^ (-x_9 v -x_7 v -x_5) ^ (-x_9 v x_5) ^ (x_0 v -x_10 v x_2) ^ (x_0 v x_9 v -x_2) ^ (-x_4 v -x_10 v x_8) ^ (x_0 v x_6 v -x_2) ^ (x_6 v -x_4 v -x_8) ^ (x_6 v x_2) ^ (x_0 v x_1 v -x_8) ^ (x_0 v -x_9 v x_1) ^ (x_6 v x_1 v x_8) ^ (-x_10 v -x_6) ^ (x_0 v x_2 v x_5) ^ (-x_2 v x_5 v -x_3) ^ (-x_1 v x_6 v -x_5) ^ (x_3 v x_1 v -x_2) ^ (x_3 v x_4) ^ (-x_9 v x_4 v x_2)]
11,24,0.28040623664855957,1,0.0005333423614501953,0.33573436737060547,[(-x_6 v -x_5 v x_8) ^ (x_9 v -x_10 v x_8) ^ (x_6 v -x_9 v x_5) ^ (x_1 v -x_7 v x_8) ^ (x_4 v x_2) ^ (x_6 v x_1 v -x_0) ^ (x_6 v -x_5 v x_7) ^ (x_0 v x_9 v -x_4) ^ (x_3 v -x_7 v -x_6) ^ (x_0 v -x_5 v x_3) ^ (x_6 v x_9 v -x_2) ^ (x_6 v x_7 v -x_3) ^ (-x_1 v x_9 v -x_5) ^ (x_7 v -x_0) ^ (x_1 v x_4 v -x_0) ^ (x_1 v -x_8 v -x_0) ^ (x_1 v x_5 v x_8) ^ (-x_1 v -x_7 v x_3) ^ (x_6 v x_7 v x_5) ^ (x_0 v -x_3) ^ (-x_0 v x_2 v -x_3) ^ (-x_7 v -x_2 v x_4) ^ (-x_10 v -x_2 v -x_8) ^ (x_3 v -x_4 v -x_7)]
11,20,0.23099708557128906,46,0.0005311965942382812,0.3390655517578125,[(x_3 v -x_9 v x_0) ^ (x_10 v x_2 v x_4) ^ (-x_2 v x_8) ^ (x_0 v x_6 v x_8) ^ (-x_9 v x_4 v x_5) ^ (-x_7 v -x_5 v x_2) ^ (x_1 v -x_2 v -x_3) ^ (-x_1 v x_8) ^ (x_3 v -x_7 v x_4) ^ (-x_1 v x_10 v -x_6) ^ (x_3 v x_9 v -x_7) ^ (x_3 v x_4 v -x_8) ^ (x_6 v x_4 v x_2) ^ (-x_7 v x_2 v -x_6) ^ (x_9 v -x_7 v -x_8) ^ (x_3 v x_1 v -x_0) ^ (-x_7 v -x_8 v -x_3) ^ (-x_1 v x_7 v x_8) ^ (x_8 v x_2 v -x_0) ^ (-x_1 v x_10 v -x_5)]
11,22,0.25891804695129395,1,0.0005655288696289062,0.3377408981323242,[(-x_2 v x_10 v -x_0) ^ (-x_7 v x_8) ^ (x_6 v x_4 v -x_3) ^ (x_0 v -x_7 v -x_2) ^ (x_6 v x_7) ^ (-x_10 v x_4 v -x_0) ^ (-x_5 v x_4) ^ (x_3 v x_7) ^ (x_1 v -x_4 v -x_3) ^ (x_5 v -x_8 v -x_0) ^ (x_6 v -x_2 v -x_8) ^ (x_1 v x_6 v -x_9) ^ (x_3 v -x_5 v x_7) ^ (x_9 v x_2 v -x_8) ^ (-x_1 v x_10 v x_7) ^ (-x_2 v -x_5 v -x_8) ^ (x_4 v x_5 v -x_0) ^ (x_0 v x_9 v -x_10) ^ (x_1 v x_9 v x_8) ^ (-x_2 v x_5 v x_4) ^ (x_0 v x_7 v x_2) ^ (-x_10 v -x_2 v -x_8)]
11,27,0.28615450859069824,46,0.000553131103515625,0.33506011962890625,[(x_0 v x_5 v x_2) ^ (-x_2 v x_8) ^ (x_1 v -x_3) ^ (-x_4 v x_9 v -x_5) ^ (-x_1 v -x_2 v -x_3) ^ (x_4 v x_2 v x_7) ^ (x_6 v -x_2 v x_4) ^ (-x_9 v -x_7) ^ (-x_4 v x_5 v x_8) ^ (x_4 v x_2) ^ (x_7 v x_5 v x_4) ^ (-x_10 v -x_0) ^ (x_1 v -x_5 v x_7) ^ (-x_10 v -x_5 v -x_0) ^ (x_9 v x_2 v -x_7) ^ (-x_9 v -x_4) ^ (x_1 v -x_3 v -x_6) ^ (-x_9 v -x_8 v -x_3) ^ (x_0 v x_2) ^ (-x_0 v x_10 v x_4) ^ (x_2 v -x_8) ^ (x_9 v x_10 v -x_3) ^ (x_0 v x_2 v -x_8) ^ (x_7 v -x_8 v -x_0) ^ (x_3 v x_1 v -x_7) ^ (-x_7) ^ (-x_1 v x_6 v -x_0)]
11,11,0.1416761875152588,1,0.0005154609680175781,0.33953380584716797,[(x_0 v -x_4 v -x_5) ^ (x_6 v x_1 v x_4) ^ (x_7 v -x_3 v x_4) ^ (x_0 v -x_2 v x_5) ^ (x_10 v -x_6) ^ (x_3 v x_5 v -x_8) ^ (x_1 v x_9 v x_8) ^ (x_4 v x_5 v -x_8) ^ (-x_2 v -x_5 v x_8) ^ (-x_7 v x_2 v x_8) ^ (x_3 v -x_4 v -x_7)]
11,27,0.2893071174621582,46,0.0008950233459472656,0.3386077880859375,[(-x_2 v -x_5 v -x_3) ^ (x_9 v -x_8) ^ (-x_9 v -x_5) ^ (-x_4 v x_10 v x_2) ^ (x_8 v x_4 v -x_0) ^ (-x_5 v -x_2 v -x_8) ^ (-x_1 v -x_7 v -x_10) ^ (x_1 v -x_10 v x_7) ^ (x_6 v -x_10 v -x_3) ^ (-x_7 v -x_5 v -x_6) ^ (x_1 v -x_7 v x_2) ^ (x_9 v -x_2 v x_4) ^ (x_6 v -x_10 v -x_8) ^ (-x_10 v x_2 v -x_6) ^ (x_1 v x_9) ^ (-x_1 v -x_4) ^ (x_0 v -x_9 v x_3) ^ (x_0 v x_2) ^ (-x_10 v x_2 v -x_8) ^ (x_1 v -x_5) ^ (-x_7 v x_4 v -x_6) ^ (x_3 v x_1 v -x_0) ^ (-x_0 v x_5 v x_8) ^ (-x_2 v x_4) ^ (x_8 v -x_4 v -x_3) ^ (x_3 v -x_9 v -x_7) ^ (x_3 v x_4)]
11,29,0.3459746837615967,1,0.0004296302795410156,0.3615903854370117,[(x_9 v x_4 v x_7) ^ (-x_0 v x_10 v -x_6) ^ (-x_4 v x_10 v -x_3) ^ (-x_1 v -x_2 v -x_3) ^ (-x_10 v x_4) ^ (x_6 v -x_4 v -x_0) ^ (x_3 v -x_8) ^ (x_4 v x_2 v x_8) ^ (x_10 v x_5 v -x_6) ^ (x_9 v -x_5 v x_2) ^ (-x_1 v -x_7 v -x_5) ^ (-x_3 v -x_6) ^ (-x_6 v x_5 v -x_0) ^ (x_6 v -x_5 v -x_2) ^ (-x_10 v -x_8) ^ (-x_9 v x_1 v -x_5) ^ (-x_10 v x_2 v -x_7) ^ (-x_7 v -x_5) ^ (x_0 v -x_9 v -x_8) ^ (-x_10 v -x_6) ^ (x_1 v -x_8 v -x_0) ^ (x_7 v -x_3 v -x_0) ^ (-x_4 v x_7 v -x_0) ^ (-x_0 v -x_7 v -x_6) ^ (x_3 v -x_4 v -x_6) ^ (x_3 v x_9 v x_10) ^ (x_1 v -x_7 v -x_3) ^ (x_0 v x_2 v -x_3) ^ (-x_9 v x_5 v -x_0)]
11,20,0.2258892059326172,46,0.0005354881286621094,0.338623046875,[(x_9 v x_4 v -x_3) ^ (x_6 v x_2 v -x_8) ^ (-x_6 v -x_2 v -x_0) ^ (x_6 v x_1 v x_9) ^ (x_8 v -x_7 v -x_0) ^ (x_0 v x_9) ^ (x_1 v -x_7 v -x_2) ^ (x_1 v -x_5 v -x_3) ^ (-x_7 v x_10 v -x_3) ^ (x_6 v x_1 v -x_8) ^ (-x_0 v x_1 v x_8) ^ (x_3 v x_1 v x_10) ^ (x_1 v -x_8 v -x_6) ^ (x_1 v x_10) ^ (x_0 v x_6 v -x_5) ^ (-x_1 v -x_10 v -x_0) ^ (x_0 v x_6 v x_10) ^ (-x_10 v x_4 v x_2) ^ (-x_1 v x_9 v -x_6) ^ (x_3 v x_7 v -x_6)]
11,24,0.274216890335083,1,0.00064849853515625,0.3318815231323242,[(-x_4 v x_9) ^ (x_6 v x_2 v -x_8) ^ (-x_1 v x_9 v x_7) ^ (x_1 v -x_4 v x_5) ^ (x_6 v -x_7 v x_4) ^ (-x_7 v -x_5 v -x_8) ^ (x_0 v x_10 v x_5) ^ (-x_1 v x_9 v -x_10) ^ (x_1 v -x_2) ^ (x_5 v x_8) ^ (-x_2 v -x_6) ^ (x_0 v -x_9 v x_5) ^ (-x_5 v x_10) ^ (x_1 v x_9 v x_2) ^ (x_10 v -x_6) ^ (x_9 v x_4 v -x_8) ^ (x_3 v -x_7 v -x_2) ^ (-x_7 v -x_10 v x_2) ^ (-x_1 v -x_9 v x_10) ^ (x_0 v x_1 v x_4) ^ (-x_10 v x_2 v x_8) ^ (-x_7 v -x_0) ^ (x_2 v x_5 v -x_3) ^ (x_6 v x_1 v -x_9)]
11,22,0.24326372146606445,46,0.0008530616760253906,0.33960723876953125,[(-x_9 v -x_5) ^ (-x_7 v x_8) ^ (-x_1 v -x_9 v x_8) ^ (-x_9 v -x_10 v x_5) ^ (-x_10 v -x_2 v x_4) ^ (-x_1 v x_9 v -x_4) ^ (x_6 v x_10 v x_8) ^ (-x_10 v x_5) ^ (x_0 v x_2 v -x_6) ^ (x_3 v -x_9 v -x_8) ^ (x_6 v -x_5 v x_7) ^ (x_6 v -x_10 v -x_0) ^ (x_1 v x_10 v -x_6) ^ (-x_6) ^ (x_1 v x_10 v -x_0) ^ (-x_9 v x_10 v x_7) ^ (-x_9 v x_10 v -x_3) ^ (x_0 v -x_2 v -x_6) ^ (-x_1 v -x_2 v -x_0) ^ (x_1 v -x_4 v -x_2) ^ (x_3 v x_2) ^ (-x_1 v x_7 v x_2)]
11,24,0.284682035446167,1,0.0006000995635986328,0.3266324996948242,[(-x_2 v x_8) ^ (x_9 v x_7 v x_5) ^ (x_10 v -x_0) ^ (x_3 v -x_8 v x_0) ^ (x_1 v -x_10 v -x_8) ^ (x_9 v x_5 v x_8) ^ (x_0 v -x_9 v x_5) ^ (-x_4 v -x_8 v -x_3) ^ (x_3 v -x_4 v x_5) ^ (x_0 v x_6 v x_9) ^ (-x_4 v -x_10) ^ (-x_9 v x_2 v -x_8) ^ (x_7 v -x_8 v x_4) ^ (x_0 v -x_2 v x_4) ^ (x_1 v x_10 v x_4) ^ (x_1 v x_10 v -x_0) ^ (-x_9 v -x_2 v -x_0) ^ (x_3 v -x_5 v x_2) ^ (x_8 v x_2 v -x_6) ^ (x_0 v -x_9 v -x_4) ^ (x_3 v x_9 v -x_10) ^ (-x_1 v -x_5 v -x_8) ^ (x_1 v x_4 v x_8) ^ (x_6 v x_8)]
11,32,0.3439755439758301,46,0.0005772113800048828,0.35498809814453125,[(-x_1 v -x_2 v -x_8) ^ (-x_10 v x_5 v -x_0) ^ (-x_4 v -x_2 v -x_6) ^ (x_0 v -x_4 v x_10) ^ (-x_1 v -x_5 v x_7) ^ (-x_5 v -x_8 v -x_0) ^ (-x_9 v x_5) ^ (x_4 v -x_3 v -x_6) ^ (-x_1 v -x_9 v -x_7) ^ (-x_9 v -x_3) ^ (x_5 v x_8) ^ (-x_10 v -x_8) ^ (x_6 v x_1 v -x_3) ^ (-x_7 v x_10 v x_5) ^ (x_0 v x_6 v x_9) ^ (x_6 v x_9 v x_2) ^ (x_1 v x_10 v x_4) ^ (x_9 v -x_4 v x_5) ^ (-x_4 v x_10) ^ (-x_6 v -x_3) ^ (x_6 v x_1 v x_10) ^ (x_3 v x_1 v x_4) ^ (x_8 v -x_3) ^ (-x_5 v x_2 v -x_0) ^ (x_0 v -x_9 v x_8) ^ (x_3 v x_10 v x_2) ^ (x_9 v x_2 v -x_3) ^ (x_0 v -x_4 v x_7) ^ (x_1 v x_10 v x_8) ^ (x_6 v -x_9 v x_2) ^ (x_4 v x_7 v -x_0) ^ (-x_10 v x_4 v x_2)]
12,33,0.8019230365753174,1,0.00147247314453125,0.5764570236206055,[(x_3 v x_7 v x_11) ^ (-x_4 v x_10 v x_2) ^ (x_6 v x_5 v x_2) ^ (x_11 v x_9 v -x_10) ^ (x_3 v -x_8) ^ (-x_9 v -x_4 v x_2) ^ (x_9 v x_5 v x_8) ^ (-x_7 v -x_5 v -x_11) ^ (-x_9 v x_8) ^ (-x_5 v x_10 v -x_3) ^ (-x_11 v -x_6 v x_8) ^ (x_11 v x_9 v -x_7) ^ (-x_7 v -x_8 v -x_6) ^ (-x_7 v x_4) ^ (x_7 v -x_8 v -x_11) ^ (x_6 v -x_2 v x_8) ^ (-x_9 v x_4 v -x_6) ^ (x_6 v x_1 v x_8) ^ (x_11 v x_1 v -x_0) ^ (x_0 v -x_5 v x_4) ^ (x_3 v -x_7 v x_2) ^ (-x_4 v x_2 v -x_11) ^ (-x_4 v -x_10 v x_5) ^ (x_0 v x_1 v x_4) ^ (x_6 v -x_8 v -x_11) ^ (-x_1 v -x_4 v -x_0) ^ (x_1 v -x_2 v x_4) ^ (x_1 v -x_2 v -x_0) ^ (x_4 v -x_8 v -x_0) ^ (x_0 v x_7 v x_2) ^ (x_0 v x_7 v -x_3) ^ (x_0 v -x_4 v x_8) ^ (x_11 v x_7 v -x_6)]
12,34,0.7272140979766846,64,0.0013377666473388672,0.6153640747070312,[(x_9 v -x_2 v x_7) ^ (x_6 v x_8 v -x_3) ^ (-x_4 v -x_6 v x_8) ^ (-x_4 v x_10 v x_2) ^ (x_0 v -x_3 v -x_11) ^ (x_0 v x_9 v -x_3) ^ (-x_0 v -x_7 v -x_3) ^ (x_6 v -x_9 v x_5) ^ (-x_11 v -x_5 v x_4) ^ (-x_9 v x_7 v -x_8) ^ (x_6 v -x_4 v -x_5) ^ (-x_9 v -x_3 v -x_11) ^ (-x_4 v -x_5 v -x_11) ^ (x_11 v x_6 v x_8) ^ (x_6 v x_8 v -x_11) ^ (-x_9 v -x_4 v -x_10) ^ (x_9 v -x_3 v -x_11) ^ (x_10 v x_7 v x_4) ^ (x_3 v x_6 v -x_11) ^ (-x_5 v x_7 v -x_3) ^ (x_6 v -x_5 v x_2) ^ (x_3 v x_6 v x_4) ^ (x_0 v -x_1) ^ (-x_4 v x_9 v -x_11) ^ (x_9 v -x_3 v -x_6) ^ (x_9 v -x_4 v -x_5) ^ (x_8 v x_9 v -x_0) ^ (x_3 v -x_9 v x_4) ^ (x_11 v x_6 v x_0) ^ (x_2 v -x_8 v -x_3) ^ (x_3 v x_5 v x_8) ^ (x_9 v -x_5 v -x_11) ^ (-x_1 v x_2 v -x_6) ^ (x_3 v x_7 v -x_6)]
12,28,0.6767923831939697,1,0.0013310909271240234,0.5915327072143555,[(x_3 v x_11) ^ (x_3 v x_10) ^ (x_0 v x_2 v -x_11) ^ (x_6 v -x_2 v x_4) ^ (x_6 v x_1 v x_4) ^ (-x_5 v -x_0) ^ (x_0 v x_2 v -x_6) ^ (-x_6 v x_5 v -x_0) ^ (-x_1 v x_8) ^ (-x_1 v -x_7 v x_10) ^ (-x_1 v x_10 v -x_6) ^ (x_9 v x_2 v -x_0) ^ (x_0 v x_5 v -x_11) ^ (-x_0 v -x_9 v x_8) ^ (x_9 v -x_3 v -x_6) ^ (x_7 v x_2 v x_8) ^ (x_10 v x_7 v -x_0) ^ (-x_7 v x_2 v -x_6) ^ (x_11 v x_9 v -x_3) ^ (-x_10 v -x_5 v x_2) ^ (-x_10 v x_4 v x_8) ^ (x_11 v x_4 v x_2) ^ (-x_1 v x_6 v -x_10) ^ (-x_1 v x_10 v x_8) ^ (-x_7 v -x_2 v -x_11) ^ (x_11 v -x_8 v -x_0) ^ (-x_9 v x_5 v -x_0) ^ (-x_10 v -x_2 v -x_8)]
12,33,0.7111167907714844,64,0.0016398429870605469,0.6060104370117188,[(x_6 v x_10 v -x_3) ^ (x_11 v -x_9 v x_7) ^ (-x_10 v x_5 v -x_0) ^ (-x_0 v -x_7 v x_8) ^ (x_0 v x_2 v -x_11) ^ (-x_2 v x_10 v -x_8) ^ (x_10 v -x_2 v -x_8) ^ (x_10 v -x_5 v x_8) ^ (x_1 v -x_7 v x_8) ^ (x_0 v -x_11 v -x_6) ^ (x_0 v -x_9 v -x_10) ^ (x_8 v x_10 v -x_0) ^ (x_3 v x_1 v x_8) ^ (-x_9 v x_2 v -x_0) ^ (x_11 v -x_7 v -x_6) ^ (-x_9 v -x_10 v x_2) ^ (-x_1 v x_3 v x_8) ^ (x_1 v x_10 v -x_3) ^ (-x_1 v -x_4 v -x_2) ^ (x_9 v x_2) ^ (-x_1 v x_2) ^ (-x_4 v -x_6) ^ (x_3 v -x_7 v x_2) ^ (x_11 v x_10 v x_7) ^ (-x_10 v -x_2 v x_7) ^ (x_0 v x_6 v -x_11) ^ (-x_0 v x_1 v -x_3) ^ (-x_9 v -x_10 v x_7) ^ (x_4 v -x_3 v -x_0) ^ (x_0 v -x_4 v -x_3) ^ (x_6 v x_10 v -x_0) ^ (-x_9 v x_7 v x_5) ^ (x_9 v -x_10 v -x_8)]
12,15,0.367443323135376,1,0.0011036396026611328,0.560023307800293,[(x_1 v -x_10 v -x_0) ^ (-x_1 v -x_4 v -x_6) ^ (x_1 v -x_10 v x_5) ^ (x_3 v -x_7) ^ (x_11 v x_6 v -x_5) ^ (-x_1 v x_4 v x_8) ^ (x_6 v x_7 v -x_11) ^ (-x_8 v -x_0) ^ (x_9 v x_4) ^ (-x_1 v -x_0) ^ (-x_9 v x_2 v -x_6) ^ (x_11 v -x_5 v x_7) ^ (x_3 v -x_6 v x_11) ^ (-x_0 v -x_5 v x_8) ^ (-x_1 v -x_7 v x_8)]
12,24,0.5117931365966797,64,0.002206563949584961,0.613128662109375,[(-x_1 v -x_9 v x_8) ^ (x_0 v -x_4) ^ (x_6 v x_4 v -x_3) ^ (x_0 v x_9 v -x_8) ^ (x_3 v x_8) ^ (-x_4 v x_10 v -x_0) ^ (-x_9 v -x_7 v x_10) ^ (x_0 v x_6 v -x_2) ^ (x_3 v x_2 v -x_6) ^ (x_1 v -x_2 v -x_11) ^ (x_0 v -x_2 v x_3) ^ (-x_7 v x_4 v x_5) ^ (x_1 v x_10) ^ (-x_9 v -x_4 v -x_8) ^ (x_9 v -x_10 v -x_11) ^ (x_0 v x_6 v x_3) ^ (-x_9 v -x_2 v x_5) ^ (-x_1 v x_6 v -x_10) ^ (x_3 v x_9 v x_2) ^ (-x_1 v x_6 v x_10) ^ (x_11 v -x_7 v -x_8) ^ (x_11 v x_4 v -x_8) ^ (x_6 v x_2 v x_5) ^ (-x_8 v -x_3)]
12,24,0.5633261203765869,1,0.0012767314910888672,0.592585563659668,[(x_6 v -x_7 v x_2) ^ (x_3 v x_9 v x_8) ^ (-x_4 v -x_0) ^ (x_6 v x_9 v x_8) ^ (-x_2 v x_10 v x_0) ^ (-x_1 v x_8 v -x_11) ^ (x_3 v x_5 v -x_0) ^ (-x_9 v -x_5 v x_4) ^ (-x_7 v x_2 v -x_3) ^ (x_3 v x_9 v -x_11) ^ (x_1 v -x_10 v x_8) ^ (x_10 v x_2 v -x_3) ^ (x_11 v -x_9 v -x_8) ^ (-x_10 v -x_5 v -x_0) ^ (-x_5 v -x_8 v -x_3) ^ (x_3 v -x_7 v x_4) ^ (-x_1 v x_3) ^ (x_6 v x_7 v x_2) ^ (x_11 v -x_5 v x_7) ^ (x_9 v -x_5 v x_8) ^ (x_9 v -x_8 v -x_3) ^ (x_0 v x_4 v -x_6) ^ (-x_9 v x_10 v x_5) ^ (x_6 v x_10 v -x_0)]
12,30,0.6518402099609375,64,0.0012133121490478516,0.58758544921875,[(x_1 v x_2 v x_8) ^ (-x_9 v -x_7 v x_2) ^ (-x_1 v x_6 v -x_7) ^ (x_11 v -x_7 v -x_3) ^ (x_11 v -x_2 v -x_3) ^ (x_0 v -x_7 v -x_6) ^ (x_3 v -x_4 v x_7) ^ (-x_4 v x_9 v -x_0) ^ (x_3 v -x_9 v -x_10) ^ (x_0 v -x_4 v x_11) ^ (x_0 v x_7 v x_11) ^ (x_3 v -x_7 v -x_5) ^ (-x_1 v -x_7 v -x_10) ^ (-x_0 v -x_2 v x_4) ^ (x_11 v -x_7 v x_5) ^ (x_11 v x_9 v -x_7) ^ (-x_7 v -x_8 v -x_6) ^ (x_6 v x_9 v x_7) ^ (x_10 v x_5 v x_4) ^ (-x_3 v -x_8 v -x_11) ^ (x_8 v x_4 v -x_6) ^ (x_1 v x_10 v x_7) ^ (-x_4 v x_10) ^ (x_3 v -x_1 v -x_8) ^ (x_0 v -x_2 v -x_6) ^ (x_3 v x_4 v x_7) ^ (-x_1 v x_5 v -x_3) ^ (x_9 v -x_2 v -x_7) ^ (-x_1 v -x_2 v x_5) ^ (x_3 v x_1 v x_2)]
12,14,0.3438148498535156,1,0.0009429454803466797,0.6152830123901367,[(-x_2 v x_10 v -x_0) ^ (-x_11 v -x_7 v -x_0) ^ (x_0 v -x_1 v x_10) ^ (x_1 v -x_5 v x_4) ^ (x_0 v x_1 v -x_5) ^ (x_6 v -x_5 v -x_0) ^ (-x_1 v x_8) ^ (x_3 v x_9 v x_4) ^ (-x_4 v x_10) ^ (x_0 v x_5 v -x_3) ^ (x_3 v -x_10 v -x_8) ^ (-x_9 v -x_6 v -x_3) ^ (x_7 v x_5 v -x_6) ^ (x_10 v -x_8 v x_4)]
12,30,0.6255819797515869,64,0.0013396739959716797,0.58880615234375,[(-x_1 v -x_2 v x_7) ^ (x_9 v -x_8) ^ (-x_6 v x_7 v -x_11) ^ (x_0 v -x_3 v -x_11) ^ (-x_1 v -x_5 v x_2) ^ (x_9 v -x_10 v x_7) ^ (x_0 v -x_5 v x_8) ^ (x_6 v -x_4 v -x_0) ^ (x_9 v -x_4 v -x_7) ^ (-x_0 v -x_9 v -x_3) ^ (x_9 v -x_5 v -x_3) ^ (-x_1 v x_3 v -x_8) ^ (-x_1 v -x_9 v x_7) ^ (x_9 v -x_8 v -x_6) ^ (x_6 v -x_2 v -x_8) ^ (x_0 v x_10 v x_8) ^ (-x_9 v x_4 v -x_11) ^ (-x_10 v -x_2 v -x_3) ^ (x_8) ^ (-x_4 v -x_10 v -x_0) ^ (x_10 v x_5 v -x_8) ^ (x_3 v -x_9 v x_4) ^ (x_11 v -x_9 v -x_5) ^ (-x_1 v -x_9 v -x_0) ^ (-x_9 v x_2) ^ (-x_10 v -x_3 v -x_0) ^ (-x_1 v -x_10 v -x_2) ^ (x_6 v x_4 v x_5) ^ (-x_1 v x_8 v -x_6) ^ (x_2 v -x_3 v x_8)]
12,15,0.3650026321411133,1,0.0008189678192138672,0.5675230026245117,[(x_1 v -x_5 v -x_8) ^ (x_3 v -x_0) ^ (-x_7 v -x_3) ^ (x_3 v -x_9 v x_5) ^ (-x_11 v x_2 v -x_3) ^ (-x_9 v x_4 v -x_8) ^ (-x_10 v x_5 v -x_6) ^ (-x_7 v -x_2 v x_5) ^ (-x_7 v x_10 v -x_3) ^ (x_11 v x_5) ^ (x_9 v -x_5 v -x_0) ^ (x_3 v x_9 v -x_5) ^ (-x_11 v -x_2 v -x_6) ^ (-x_4 v -x_7 v -x_3) ^ (-x_1 v x_4 v -x_0)]
12,15,0.337801456451416,64,0.0014853477478027344,0.5489654541015625,[(-x_1 v x_5 v -x_8) ^ (-x_1 v x_6 v -x_5) ^ (-x_4 v -x_7 v -x_8) ^ (x_5 v -x_9 v x_2) ^ (x_0 v -x_2 v -x_3) ^ (x_11 v x_9 v -x_3) ^ (x_3 v x_6 v x_1) ^ (x_6 v -x_10 v x_8) ^ (x_4 v -x_11) ^ (-x_7 v x_10 v x_4) ^ (x_11 v x_6 v -x_8) ^ (x_10 v x_4) ^ (x_11 v -x_7 v -x_6) ^ (x_3 v x_9 v -x_8) ^ (-x_7 v -x_8 v -x_6)]
12,28,0.6445536613464355,1,0.001359701156616211,0.6228666305541992,[(x_1 v -x_5 v -x_8) ^ (-x_10 v x_5 v -x_0) ^ (x_0 v x_10 v -x_5) ^ (x_2 v -x_6) ^ (x_4 v x_5 v -x_11) ^ (x_1 v x_10 v x_5) ^ (-x_3 v -x_0) ^ (x_9 v -x_2 v -x_3) ^ (-x_4 v x_9 v x_5) ^ (-x_10 v x_7 v x_5) ^ (-x_7 v -x_5 v -x_6) ^ (-x_7 v x_10 v -x_11) ^ (-x_4 v x_2) ^ (x_0 v x_1 v -x_7) ^ (-x_2 v x_5 v -x_8) ^ (-x_4 v x_7 v x_2) ^ (-x_9 v x_10 v x_8) ^ (x_6 v x_1 v x_10) ^ (x_11 v x_2 v -x_3) ^ (x_1 v x_7 v -x_8) ^ (x_3 v x_2 v x_0) ^ (-x_9 v -x_4 v -x_11) ^ (x_6 v -x_8 v -x_0) ^ (x_6 v x_9 v x_10) ^ (x_0 v x_5 v -x_3) ^ (x_6 v -x_4 v x_2) ^ (-x_1 v -x_9 v -x_8) ^ (-x_9 v x_1 v -x_6)]
12,16,0.3747060298919678,64,0.0012395381927490234,0.5506362915039062,[(-x_11 v -x_6 v -x_0) ^ (x_4 v x_2 v -x_11) ^ (-x_0 v -x_7 v -x_11) ^ (x_0 v -x_7 v -x_5) ^ (-x_1 v -x_7 v x_0) ^ (x_0 v x_6 v -x_5) ^ (-x_0 v -x_10 v -x_6) ^ (x_0 v -x_9 v x_3) ^ (x_9 v -x_10 v -x_3) ^ (x_11 v x_6 v -x_8) ^ (-x_5 v -x_7 v x_10) ^ (-x_1 v -x_10 v x_2) ^ (-x_2 v x_5 v x_4) ^ (x_3 v -x_5 v x_2) ^ (x_0 v x_1 v -x_2) ^ (-x_1 v x_4 v -x_0)]
12,22,0.5065760612487793,1,0.0014467239379882812,0.5748929977416992,[(x_5 v -x_7 v x_2) ^ (x_11 v x_6 v -x_7) ^ (-x_1 v x_7 v -x_0) ^ (x_10 v -x_8 v -x_11) ^ (-x_1 v -x_10 v -x_3) ^ (-x_9 v -x_7) ^ (x_1 v -x_6) ^ (x_0 v -x_7 v x_8) ^ (x_7 v x_2 v -x_0) ^ (-x_6 v x_5 v -x_0) ^ (x_0 v x_6 v -x_9) ^ (-x_9 v -x_4 v -x_10) ^ (x_9 v -x_5 v -x_0) ^ (x_3 v x_1 v x_10) ^ (-x_11 v -x_10 v -x_6) ^ (x_1 v x_10 v -x_0) ^ (x_6 v x_5 v -x_11) ^ (-x_9 v -x_10 v -x_8) ^ (x_11 v x_7 v x_3) ^ (x_0 v x_9 v -x_5) ^ (-x_4 v -x_5 v x_2) ^ (-x_7 v x_4 v -x_0)]
12,27,0.5817101001739502,64,0.0015637874603271484,0.5712814331054688,[(-x_9 v x_4 v -x_5) ^ (x_11 v -x_4 v -x_3) ^ (x_6 v x_5 v x_2) ^ (-x_7 v x_2 v -x_0) ^ (-x_9 v x_10 v -x_11) ^ (-x_1 v -x_9 v -x_7) ^ (x_9 v -x_7 v -x_11) ^ (x_7 v -x_11) ^ (-x_9 v x_7 v -x_6) ^ (x_0 v x_6 v x_4) ^ (x_7 v x_2 v -x_3) ^ (x_9 v x_2 v -x_0) ^ (x_3 v -x_4 v x_0) ^ (x_11 v x_6 v x_10) ^ (x_11 v x_1 v x_10) ^ (x_0 v -x_7 v x_11) ^ (-x_1 v -x_9 v x_3) ^ (x_3 v x_1 v x_4) ^ (x_3 v x_7 v x_8) ^ (x_0 v -x_7 v -x_10) ^ (-x_2 v x_7 v x_8) ^ (-x_1 v x_5 v -x_3) ^ (x_3 v x_5 v -x_11) ^ (x_5 v x_2 v -x_0) ^ (x_3 v x_9 v x_10) ^ (-x_9 v -x_0) ^ (-x_7 v -x_3)]
12,28,0.6604325771331787,1,0.0010271072387695312,0.5794782638549805,[(x_0 v -x_7 v -x_6) ^ (-x_9 v -x_7 v -x_5) ^ (-x_4 v -x_5 v -x_6) ^ (x_3 v x_6 v -x_8) ^ (x_10 v -x_8 v -x_6) ^ (x_11 v x_1 v -x_2) ^ (-x_8 v -x_6) ^ (x_3 v -x_10 v x_4) ^ (x_9 v x_7 v -x_6) ^ (-x_1 v x_10 v -x_6) ^ (x_1 v -x_7 v x_2) ^ (x_11 v -x_9 v x_1) ^ (x_10 v -x_8 v -x_0) ^ (-x_5 v x_7) ^ (x_2 v x_5) ^ (-x_1 v x_5 v -x_8) ^ (x_11 v x_9 v x_0) ^ (-x_10 v -x_2 v -x_3) ^ (x_0 v x_7 v x_5) ^ (x_9 v -x_4 v -x_5) ^ (-x_1 v -x_9 v -x_10) ^ (-x_0 v -x_10 v x_8) ^ (x_6 v x_1 v x_10) ^ (x_0 v x_5 v -x_8) ^ (x_6 v x_7 v -x_0) ^ (x_10 v x_2 v x_7) ^ (x_10 v x_5 v -x_3) ^ (x_1 v -x_2 v -x_0)]
12,19,0.4202907085418701,64,0.0018169879913330078,0.5587692260742188,[(-x_3 v -x_0) ^ (x_11 v -x_10 v x_3) ^ (-x_2 v -x_8 v -x_0) ^ (x_3 v x_2 v x_8) ^ (x_6 v -x_4 v -x_8) ^ (-x_1 v x_5 v -x_6) ^ (x_0 v x_6 v x_7) ^ (x_3 v -x_9 v x_8) ^ (-x_11 v x_5 v x_8) ^ (x_11 v x_5 v -x_8) ^ (-x_9 v x_4 v -x_0) ^ (x_0 v -x_10 v -x_8) ^ (-x_1 v x_10 v x_2) ^ (-x_4 v -x_8 v -x_0) ^ (-x_6 v x_5 v x_8) ^ (x_11 v -x_1 v -x_10) ^ (x_1 v -x_2 v -x_0) ^ (-x_1 v -x_7) ^ (-x_11 v x_4 v x_8)]
12,18,0.4248061180114746,1,0.0010004043579101562,0.5750913619995117,[(x_10 v -x_9 v -x_2) ^ (-x_5 v -x_6) ^ (-x_4 v -x_5) ^ (-x_1 v -x_0 v -x_11) ^ (x_6 v -x_9 v -x_4) ^ (x_0 v x_6 v -x_2) ^ (x_6 v -x_7 v -x_11) ^ (x_5 v -x_3 v -x_6) ^ (-x_4 v -x_2) ^ (x_3 v -x_7 v x_5) ^ (-x_11 v -x_4 v -x_6) ^ (x_11 v x_6 v x_9) ^ (x_6 v -x_4 v -x_7) ^ (-x_4 v x_10 v -x_7) ^ (x_10 v x_7 v x_4) ^ (-x_9 v x_8) ^ (x_1 v -x_6 v -x_3) ^ (x_11 v x_4 v -x_6)]
12,13,0.29354166984558105,64,0.0013110637664794922,0.6248626708984375,[(x_1 v x_4 v -x_11) ^ (x_0 v x_6 v x_9) ^ (x_8 v x_10 v -x_3) ^ (x_1 v x_2 v -x_0) ^ (-x_1 v -x_7 v -x_6) ^ (x_9 v x_10 v x_2) ^ (-x_1 v -x_9 v -x_11) ^ (-x_7 v x_5 v -x_8) ^ (-x_1 v -x_7 v -x_8) ^ (x_1 v x_7 v -x_0) ^ (-x_4 v -x_2 v x_8) ^ (x_11 v x_6 v x_7) ^ (-x_5 v -x_2 v -x_8)]
12,26,0.5881571769714355,1,0.0014262199401855469,0.5365934371948242,[(x_0 v x_6 v -x_8) ^ (-x_5 v x_2 v -x_3) ^ (-x_1 v -x_6 v -x_11) ^ (x_6 v -x_9 v -x_0) ^ (x_11 v x_3) ^ (-x_4 v x_5 v -x_7) ^ (x_1 v x_2) ^ (x_1 v x_9 v x_4) ^ (-x_1 v x_7 v -x_6) ^ (x_10 v x_7 v -x_6) ^ (x_8 v x_7 v -x_6) ^ (-x_4 v -x_10 v -x_0) ^ (-x_9 v x_10 v x_7) ^ (-x_0 v x_10 v x_4) ^ (x_11 v x_7 v x_8) ^ (x_0 v x_6 v -x_10) ^ (x_6 v x_4 v -x_11) ^ (x_6 v x_5 v -x_8) ^ (-x_9 v x_7 v -x_11) ^ (x_1 v x_5 v x_8) ^ (x_0 v x_5 v x_8) ^ (-x_10 v -x_2 v -x_6) ^ (x_10 v x_5 v -x_3) ^ (-x_1 v -x_0) ^ (-x_10 v -x_5 v x_8) ^ (-x_1 v -x_7 v x_8)]
12,28,0.594712495803833,64,0.0016138553619384766,0.5741958618164062,[(x_6 v -x_7 v x_2) ^ (x_3 v x_6 v x_10) ^ (-x_7 v x_5 v -x_11) ^ (x_3 v -x_4 v x_7) ^ (x_8 v -x_10 v -x_3) ^ (x_6 v -x_4 v x_5) ^ (-x_11 v x_9 v -x_0) ^ (x_11 v x_6 v -x_4) ^ (x_6 v -x_10 v x_7) ^ (x_10 v -x_6) ^ (x_11 v -x_2 v x_5) ^ (x_11 v -x_9) ^ (x_11 v x_10 v x_2) ^ (x_0 v -x_2 v x_11) ^ (-x_4 v x_10 v -x_11) ^ (-x_11 v -x_4 v -x_0) ^ (-x_1 v x_4 v x_0) ^ (-x_10 v -x_5 v x_2) ^ (x_11 v x_5) ^ (-x_1 v x_10 v x_8) ^ (x_0 v x_6 v x_10) ^ (x_3 v -x_9 v -x_6) ^ (-x_10 v -x_2 v -x_6) ^ (-x_4 v x_10 v -x_8) ^ (x_1 v -x_4 v -x_11) ^ (-x_7 v -x_8) ^ (x_3 v x_7 v -x_6) ^ (-x_1 v x_5 v x_3)]
12,32,0.7070322036743164,1,0.0015475749969482422,0.6335477828979492,[(-x_1 v x_6 v -x_7) ^ (x_9 v x_7) ^ (x_1 v -x_4 v -x_7) ^ (x_9 v x_7 v -x_0) ^ (x_11 v -x_10 v -x_3) ^ (-x_5 v -x_8 v -x_0) ^ (-x_10 v -x_8 v -x_0) ^ (x_0 v -x_10 v x_2) ^ (-x_7 v x_4 v -x_8) ^ (-x_9 v x_1 v -x_2) ^ (-x_1 v -x_7 v x_5) ^ (-x_9 v x_1 v x_2) ^ (x_11 v x_6 v x_4) ^ (x_0 v -x_5) ^ (-x_1 v -x_5 v x_10) ^ (x_1 v x_9 v x_4) ^ (-x_10 v -x_8) ^ (x_8 v x_9 v -x_6) ^ (-x_4 v x_10 v x_5) ^ (-x_8 v -x_11) ^ (-x_7 v x_4) ^ (x_3 v x_1 v -x_5) ^ (-x_1 v -x_5 v x_0) ^ (x_11 v x_4 v x_7) ^ (-x_10 v -x_8 v -x_3) ^ (x_1 v x_4 v -x_0) ^ (-x_1 v -x_9) ^ (-x_7 v -x_2 v x_8) ^ (-x_11 v -x_5 v x_8) ^ (x_0 v x_9 v -x_5) ^ (-x_9 v -x_10 v x_8) ^ (x_3 v x_7 v -x_11)]
12,15,0.3317732810974121,64,0.0011126995086669922,0.55413818359375,[(x_3 v -x_0) ^ (x_7 v x_2 v -x_0) ^ (-x_7 v -x_3 v -x_0) ^ (x_1 v x_9 v -x_7) ^ (x_9 v x_7 v x_5) ^ (-x_10 v -x_5 v -x_0) ^ (-x_6 v x_10 v -x_11) ^ (x_3 v -x_5 v -x_8) ^ (-x_1 v -x_7 v -x_11) ^ (x_3 v -x_5) ^ (x_11 v x_7 v -x_3) ^ (x_11 v x_6 v x_4) ^ (x_8 v -x_11 v -x_0) ^ (-x_5 v -x_3 v x_4) ^ (x_11 v -x_7 v -x_0)]
12,31,0.739128589630127,1,0.0014519691467285156,0.6296720504760742,[(x_11 v -x_8) ^ (x_0 v -x_6 v -x_3) ^ (-x_9 v x_4 v -x_5) ^ (-x_1 v -x_10 v -x_3) ^ (x_3 v x_6 v -x_2) ^ (x_4 v -x_8) ^ (-x_2 v -x_8 v -x_0) ^ (-x_7 v -x_5 v x_8) ^ (-x_10 v -x_0) ^ (-x_9 v -x_7 v -x_0) ^ (x_6 v x_1 v -x_0) ^ (x_3 v x_6 v x_2) ^ (x_3 v x_6 v -x_4) ^ (-x_9 v x_8) ^ (x_6 v x_7 v -x_3) ^ (x_9 v x_7 v -x_3) ^ (x_6 v -x_9 v x_8) ^ (-x_7 v -x_8 v -x_0) ^ (-x_11 v x_5 v x_8) ^ (x_1 v -x_8 v -x_0) ^ (-x_9 v x_1 v -x_0) ^ (-x_4 v -x_5 v x_7) ^ (x_11 v -x_4 v -x_0) ^ (-x_1 v -x_0 v -x_6) ^ (-x_4 v x_2 v -x_7) ^ (-x_1 v -x_10 v -x_2) ^ (x_5 v x_1 v x_2) ^ (x_11 v -x_1 v x_9) ^ (x_3 v -x_6 v x_11) ^ (-x_1 v x_4 v -x_6) ^ (-x_11 v x_4 v x_8)]
12,28,0.6002762317657471,64,0.0016021728515625,0.5796432495117188,[(-x_10 v x_7 v -x_8) ^ (x_0 v x_7 v x_3) ^ (-x_1 v -x_10 v x_7) ^ (-x_9 v -x_7) ^ (x_9 v -x_2 v x_8) ^ (x_3 v -x_1 v -x_7) ^ (-x_2 v -x_8 v -x_0) ^ (x_3 v x_5) ^ (x_3 v -x_4 v -x_0) ^ (x_6 v -x_8 v -x_3) ^ (x_6 v x_1 v -x_3) ^ (x_6 v x_10 v x_5) ^ (-x_1 v -x_9 v -x_3) ^ (x_3 v -x_5 v x_0) ^ (x_3 v x_6 v -x_0) ^ (x_3 v x_4 v x_2) ^ (x_0 v x_10 v -x_2) ^ (-x_11 v -x_7 v x_8) ^ (-x_1 v x_10) ^ (-x_0 v x_2 v -x_3) ^ (-x_1 v -x_4 v -x_7) ^ (x_9 v -x_6 v x_8) ^ (x_1 v -x_9 v -x_5) ^ (-x_9 v -x_4 v -x_0) ^ (x_3 v x_6 v -x_10) ^ (-x_1 v x_9 v x_11) ^ (x_0 v -x_5 v -x_11) ^ (x_0 v -x_4 v x_8)]
12,21,0.5078914165496826,1,0.001483917236328125,0.565821647644043,[(-x_2 v x_8) ^ (-x_7 v -x_3 v -x_6) ^ (-x_2 v x_5 v -x_6) ^ (x_6 v -x_7 v -x_10) ^ (x_6 v x_2 v -x_11) ^ (x_0 v x_1 v -x_11) ^ (x_11 v x_3 v -x_8) ^ (-x_4 v -x_6 v -x_0) ^ (x_6 v -x_5 v x_7) ^ (x_3 v x_6 v x_1) ^ (-x_4 v -x_10 v -x_3) ^ (x_1 v -x_10 v x_5) ^ (x_11 v -x_7 v -x_2) ^ (-x_1 v x_4 v x_7) ^ (x_3 v -x_9 v x_4) ^ (x_0 v x_1 v x_4) ^ (-x_1 v -x_5 v -x_8) ^ (-x_1 v x_2 v -x_6) ^ (-x_9 v -x_10 v x_7) ^ (-x_1 v x_9 v -x_7) ^ (-x_10 v -x_5 v x_8)]
12,20,0.4370901584625244,64,0.0015931129455566406,0.551605224609375,[(-x_1 v x_5) ^ (-x_4 v -x_5) ^ (x_11 v x_9 v x_8) ^ (x_7 v x_2) ^ (x_1 v -x_7 v x_8) ^ (x_4 v x_2 v -x_3) ^ (-x_10 v x_7 v x_5) ^ (-x_9 v -x_10 v -x_6) ^ (x_3 v -x_9 v -x_5) ^ (x_0 v -x_1 v -x_10) ^ (x_3 v x_9 v -x_0) ^ (x_1 v -x_7 v x_4) ^ (-x_9 v x_2 v -x_8) ^ (x_3 v x_6 v -x_0) ^ (x_11 v -x_5 v -x_3) ^ (-x_9 v -x_10 v -x_2) ^ (-x_9 v x_4 v x_7) ^ (x_1 v x_5 v -x_3) ^ (x_0 v x_9 v x_10) ^ (x_11 v x_10 v x_4)]
12,23,0.5327765941619873,1,0.0015606880187988281,0.624598503112793,[(x_1 v x_2 v -x_6) ^ (x_6 v -x_2 v x_4) ^ (x_1 v -x_6) ^ (-x_5 v -x_11) ^ (-x_5 v x_4) ^ (-x_9 v x_1 v -x_2) ^ (x_11 v x_10 v -x_6) ^ (-x_10 v x_5 v -x_7) ^ (x_3 v x_9 v -x_6) ^ (-x_0 v -x_2 v -x_6) ^ (x_6 v -x_5 v x_2) ^ (x_11 v x_1 v x_9) ^ (-x_1 v x_10 v -x_2) ^ (-x_10 v x_4 v -x_8) ^ (x_3 v -x_8 v -x_11) ^ (x_0 v x_3 v x_11) ^ (-x_10 v x_7 v x_2) ^ (x_3 v -x_6 v -x_11) ^ (x_9 v -x_5) ^ (x_1 v x_9 v -x_11) ^ (-x_6 v -x_2 v x_4) ^ (-x_0 v -x_5 v x_8) ^ (x_0 v -x_5 v -x_6)]
12,23,0.4979679584503174,64,0.0017249584197998047,0.5734939575195312,[(x_10 v x_5) ^ (x_6 v -x_4 v -x_11) ^ (-x_5 v -x_3 v x_4) ^ (x_0 v x_6) ^ (-x_9 v x_7 v x_8) ^ (x_1 v -x_10 v x_8) ^ (-x_0 v x_9 v -x_11) ^ (-x_7 v x_2) ^ (-x_6 v -x_5 v x_4) ^ (x_11 v x_9 v -x_7) ^ (x_0 v x_1 v -x_7) ^ (x_7 v -x_8 v -x_11) ^ (x_11 v x_1 v -x_5) ^ (x_6 v x_10) ^ (x_1 v x_9 v -x_5) ^ (-x_6 v x_7 v -x_0) ^ (x_1 v -x_5 v -x_0) ^ (-x_1 v -x_4 v x_2) ^ (x_3 v -x_2 v -x_6) ^ (-x_2 v -x_5 v x_7) ^ (-x_7 v -x_10 v -x_0) ^ (x_9 v x_2 v -x_3) ^ (-x_4 v x_7 v -x_8)]
12,22,0.5260615348815918,1,0.001447916030883789,0.5960111618041992,[(x_11 v -x_8) ^ (x_7 v x_5 v -x_3) ^ (-x_9 v -x_5 v x_2) ^ (-x_9 v x_5 v -x_8) ^ (-x_1 v -x_5 v -x_3) ^ (-x_4 v x_2 v -x_3) ^ (x_11 v x_1) ^ (x_11 v x_6 v x_7) ^ (-x_5 v -x_0) ^ (-x_9 v -x_10 v -x_6) ^ (x_7 v x_2 v -x_3) ^ (x_3 v -x_9 v x_5) ^ (-x_0 v x_6 v -x_3) ^ (-x_7 v x_10) ^ (x_11 v -x_9 v -x_6) ^ (x_0 v -x_1 v -x_4) ^ (x_11 v x_5 v x_8) ^ (-x_1 v -x_4 v -x_11) ^ (-x_9 v x_2 v -x_3) ^ (x_0 v -x_10 v x_8) ^ (x_1 v x_9 v -x_11) ^ (x_0 v x_10)]
12,18,0.39667630195617676,64,0.0015969276428222656,0.5579910278320312,[(-x_2 v x_7 v -x_6) ^ (-x_1 v x_10 v x_11) ^ (x_3 v -x_2) ^ (-x_1 v -x_7 v x_4) ^ (-x_11 v x_5 v x_8) ^ (-x_1 v -x_11) ^ (-x_1 v -x_5 v -x_11) ^ (x_11 v x_1 v -x_10) ^ (x_7 v -x_6) ^ (x_3 v -x_7 v -x_6) ^ (-x_1 v x_3 v -x_6) ^ (-x_5 v x_2 v -x_0) ^ (-x_4 v -x_2 v x_8) ^ (x_11 v -x_10 v -x_0) ^ (-x_1 v x_2 v -x_11) ^ (-x_9 v x_7 v x_5) ^ (x_0 v x_6 v -x_5) ^ (x_0 v x_1 v -x_3)]
12,14,0.3492872714996338,1,0.0012140274047851562,0.7438154220581055,[(x_2 v -x_11) ^ (-x_10 v x_7 v x_5) ^ (x_10 v -x_2 v x_0) ^ (-x_1 v x_10 v x_7) ^ (x_6 v x_1 v x_8) ^ (x_1 v x_4 v x_5) ^ (-x_9 v x_1 v x_4) ^ (x_0 v x_9 v -x_10) ^ (-x_10 v -x_3 v -x_0) ^ (x_6 v -x_10 v -x_11) ^ (-x_10 v x_5 v -x_8) ^ (-x_4 v x_10 v -x_7) ^ (-x_1 v -x_8 v -x_0) ^ (-x_10 v -x_5 v -x_7)]
12,27,0.5771853923797607,64,0.0015611648559570312,0.5877304077148438,[(x_9 v x_2 v -x_11) ^ (x_0 v x_4) ^ (-x_9 v -x_5) ^ (x_3 v x_10 v x_5) ^ (x_0 v -x_1 v -x_9) ^ (x_6 v -x_2 v -x_0) ^ (x_1 v -x_3 v -x_0) ^ (x_0 v -x_9 v x_10) ^ (-x_10 v x_2 v -x_11) ^ (x_6 v -x_11 v -x_3) ^ (x_10 v -x_6) ^ (-x_9 v x_8) ^ (x_0 v x_9 v -x_11) ^ (-x_4 v -x_5 v x_8) ^ (x_3 v x_6 v -x_11) ^ (-x_1 v x_9 v -x_0) ^ (-x_7 v -x_5) ^ (x_1 v x_9) ^ (x_0 v -x_9 v x_3) ^ (-x_5 v -x_2 v x_4) ^ (-x_1 v -x_10 v -x_6) ^ (x_10 v -x_2 v -x_3) ^ (x_6 v x_5 v -x_8) ^ (-x_9 v x_7 v x_2) ^ (-x_10 v -x_5 v x_7) ^ (x_9 v -x_8 v -x_0) ^ (-x_6 v x_4 v x_8)]
12,23,0.5331997871398926,1,0.0010895729064941406,0.5840864181518555,[(x_0 v -x_2 v x_5) ^ (x_3 v x_2 v -x_8) ^ (-x_1 v x_8 v -x_0) ^ (-x_4 v x_7 v -x_3) ^ (x_4 v -x_8 v -x_6) ^ (x_1 v -x_10 v x_8) ^ (x_1 v -x_7 v -x_2) ^ (x_3 v x_1 v -x_10) ^ (x_0 v x_1 v -x_6) ^ (x_11 v x_4 v -x_0) ^ (x_11 v x_6 v x_9) ^ (x_7 v x_2 v -x_8) ^ (x_3 v -x_2 v -x_8) ^ (-x_1 v -x_9 v -x_4) ^ (x_6 v -x_0) ^ (x_6 v x_9 v x_2) ^ (x_1 v -x_9 v x_2) ^ (x_9 v x_10) ^ (-x_4 v x_10 v -x_6) ^ (x_3 v -x_2 v x_4) ^ (-x_1 v -x_4 v x_10) ^ (x_11 v -x_4 v -x_7) ^ (-x_2 v -x_8)]
12,23,0.5165562629699707,64,0.0014774799346923828,0.5599441528320312,[(-x_1 v -x_10 v x_8) ^ (x_7 v x_5 v x_8) ^ (x_10 v x_7 v -x_8) ^ (x_0 v x_1 v x_10) ^ (x_0 v x_6 v -x_4) ^ (-x_1 v x_3 v x_11) ^ (-x_9 v -x_7 v x_4) ^ (x_5 v x_2 v -x_3) ^ (-x_1 v -x_8) ^ (x_9 v -x_2 v -x_3) ^ (-x_7 v -x_5 v x_8) ^ (-x_9 v x_1 v -x_5) ^ (-x_11 v x_9 v -x_3) ^ (x_11 v x_8 v -x_0) ^ (-x_7 v x_4 v x_5) ^ (-x_9 v x_4 v -x_6) ^ (x_3 v x_5 v -x_8) ^ (x_6 v -x_5 v x_10) ^ (-x_4 v x_2 v -x_6) ^ (x_6 v -x_4 v -x_2) ^ (x_3 v x_5 v -x_11) ^ (x_9 v x_2 v -x_3) ^ (-x_9 v x_4 v x_2)]
12,14,0.3620002269744873,1,0.0014069080352783203,0.5752973556518555,[(x_0 v x_9 v -x_8) ^ (x_6 v -x_4 v x_7) ^ (x_11 v -x_0) ^ (x_9 v x_7 v x_5) ^ (x_4 v x_2 v x_7) ^ (x_5 v -x_0) ^ (x_3 v x_9 v x_4) ^ (x_3 v x_10 v -x_11) ^ (x_5 v x_1 v x_2) ^ (x_0 v -x_5 v x_2) ^ (x_11 v x_5 v x_8) ^ (-x_1 v -x_7) ^ (x_11 v x_6) ^ (-x_7 v -x_6 v -x_0)]
12,26,0.5610349178314209,64,0.0012426376342773438,0.5711669921875,[(x_11 v x_2) ^ (x_7 v x_5 v -x_3) ^ (x_11 v x_8) ^ (x_11 v -x_1 v x_5) ^ (x_11 v -x_3 v -x_0) ^ (x_6 v -x_5 v -x_11) ^ (x_6 v x_1) ^ (-x_2 v x_9 v -x_10) ^ (x_3 v -x_1 v -x_2) ^ (-x_8 v -x_6) ^ (x_6 v -x_10 v -x_0) ^ (x_3 v -x_9 v -x_5) ^ (-x_9 v -x_6 v -x_0) ^ (x_11 v x_6 v -x_10) ^ (-x_4 v -x_2 v x_8) ^ (-x_10 v -x_6 v -x_3) ^ (-x_5 v x_9 v -x_2) ^ (x_10 v -x_3) ^ (x_0 v x_6 v x_2) ^ (-x_7 v x_10 v x_5) ^ (x_9 v -x_7 v -x_0) ^ (x_3 v x_6 v -x_7) ^ (-x_9 v -x_2 v -x_5) ^ (x_0 v -x_10 v -x_8) ^ (x_0 v -x_2 v -x_6) ^ (x_9 v -x_6 v -x_3)]
12,24,0.5585176944732666,1,0.0012502670288085938,0.5734891891479492,[(x_2 v x_10 v x_5) ^ (x_11 v x_6 v -x_7) ^ (-x_5 v -x_3 v x_8) ^ (-x_4 v x_2 v -x_3) ^ (x_11 v x_10 v -x_6) ^ (-x_0 v x_10 v x_8) ^ (x_11 v -x_10 v x_5) ^ (-x_4 v -x_7 v -x_11) ^ (-x_1 v x_5 v -x_6) ^ (x_3 v -x_9 v x_5) ^ (x_8 v x_7 v x_4) ^ (-x_1 v x_10 v -x_0) ^ (x_0 v -x_8 v -x_6) ^ (x_1 v x_2 v -x_0) ^ (x_3 v x_6 v x_4) ^ (-x_2 v -x_9 v x_10) ^ (-x_9 v -x_5 v -x_11) ^ (x_4 v -x_8 v -x_3) ^ (-x_10 v -x_2 v -x_11) ^ (-x_1 v x_6 v -x_4) ^ (x_0 v x_2 v x_5) ^ (-x_4 v -x_8 v -x_0) ^ (-x_1 v x_4 v -x_3) ^ (-x_1 v -x_10 v -x_2)]
12,18,0.4170656204223633,64,0.001604318618774414,0.57086181640625,[(-x_4 v x_5 v -x_8) ^ (-x_4 v x_8) ^ (x_11 v -x_2 v -x_3) ^ (x_3 v x_10 v x_5) ^ (-x_9 v x_8 v -x_3) ^ (x_8) ^ (x_11 v x_6 v -x_10) ^ (x_3 v x_7) ^ (x_1 v x_7 v -x_0) ^ (-x_10 v -x_8 v -x_11) ^ (-x_9 v x_1 v -x_3) ^ (x_6 v x_5 v -x_3) ^ (x_6 v -x_9 v x_8) ^ (-x_2 v x_10 v -x_6) ^ (-x_9 v x_1 v -x_0) ^ (-x_9 v -x_4 v x_2) ^ (-x_0 v -x_5 v x_8) ^ (-x_1 v -x_9)]
12,24,0.5570595264434814,1,0.0013263225555419922,0.5828886032104492,[(x_1 v -x_10 v -x_0) ^ (-x_9 v x_5 v -x_6) ^ (-x_9 v -x_7 v -x_11) ^ (x_10 v -x_0) ^ (x_2 v -x_6) ^ (-x_2 v x_10 v -x_8) ^ (x_3 v x_5 v -x_0) ^ (x_9 v -x_2 v x_8) ^ (-x_5 v x_7 v x_4) ^ (x_1 v -x_2 v x_7) ^ (x_0 v -x_10 v -x_3) ^ (x_0 v -x_5 v -x_2) ^ (x_3 v -x_5 v x_4) ^ (x_6 v -x_10 v -x_3) ^ (x_0 v x_6 v -x_9) ^ (x_8 v -x_5 v -x_11) ^ (-x_7 v -x_11) ^ (-x_1 v x_4 v x_5) ^ (-x_4 v x_10 v -x_11) ^ (x_1 v x_10 v x_4) ^ (x_1 v x_9 v -x_0) ^ (x_10 v x_2 v -x_8) ^ (x_0 v -x_9 v x_11) ^ (x_3 v x_1 v x_2)]
12,33,0.6958632469177246,64,0.001436471939086914,0.6100921630859375,[(x_11 v x_2) ^ (x_9 v -x_3) ^ (x_0 v -x_7 v -x_6) ^ (x_3 v x_4 v x_5) ^ (x_3 v x_2 v -x_8) ^ (-x_7 v -x_5 v -x_8) ^ (-x_11 v -x_5 v x_4) ^ (-x_5 v -x_8 v -x_0) ^ (-x_4 v x_5 v x_8) ^ (-x_9 v -x_2 v -x_11) ^ (x_3 v -x_1 v x_0) ^ (x_6 v -x_4 v x_10) ^ (-x_1 v -x_10 v x_3) ^ (x_1 v -x_9 v x_8) ^ (x_6 v -x_3) ^ (x_8 v -x_3 v -x_11) ^ (x_11 v x_6 v -x_5) ^ (x_2 v -x_3 v -x_0) ^ (x_6 v x_9 v x_2) ^ (-x_10 v -x_6) ^ (x_1 v x_5 v -x_11) ^ (x_9 v -x_10) ^ (x_11 v -x_7 v x_2) ^ (x_8 v -x_10 v -x_0) ^ (x_11 v x_6 v x_5) ^ (-x_0 v x_4 v -x_6) ^ (x_3 v x_9) ^ (-x_9 v -x_2 v x_7) ^ (-x_11 v -x_2 v -x_3) ^ (x_4 v x_5 v -x_0) ^ (-x_0 v -x_7 v -x_6) ^ (-x_1 v -x_7 v -x_8) ^ (x_1 v -x_10 v -x_11)]
12,35,0.8271658420562744,1,0.0013620853424072266,0.6301450729370117,[(-x_4 v -x_8 v -x_6) ^ (x_11 v x_6 v -x_7) ^ (x_10 v x_2 v x_4) ^ (-x_0 v x_10 v -x_11) ^ (x_1 v -x_4 v x_5) ^ (x_0 v x_1 v x_3) ^ (x_11 v x_1 v -x_8) ^ (x_6 v -x_9 v -x_10) ^ (-x_2 v x_9 v x_10) ^ (-x_7 v -x_8 v -x_11) ^ (-x_6 v x_7 v -x_3) ^ (x_1 v x_7 v -x_11) ^ (-x_9 v x_8 v -x_0) ^ (x_2 v x_5 v -x_0) ^ (-x_0 v x_5 v -x_6) ^ (x_0 v -x_8 v -x_6) ^ (x_1 v x_10 v -x_11) ^ (x_3 v x_8 v x_11) ^ (-x_1 v -x_9 v x_2) ^ (x_3 v x_2 v -x_0) ^ (x_11 v -x_5) ^ (-x_11 v -x_8 v -x_0) ^ (x_9 v x_10) ^ (x_2 v -x_3) ^ (x_9 v x_2 v x_8) ^ (x_1 v x_10 v x_2) ^ (-x_9 v -x_10 v -x_2) ^ (x_2 v x_5 v -x_3) ^ (-x_1 v x_6 v -x_11) ^ (-x_6 v -x_2 v x_4) ^ (x_3 v x_10 v x_4) ^ (x_9 v -x_8 v -x_0) ^ (x_11 v -x_1 v -x_5) ^ (-x_1 v -x_10 v -x_8) ^ (x_3 v x_7 v x_5)]
12,36,0.7763607501983643,64,0.0016427040100097656,0.5993270874023438,[(x_10 v x_5) ^ (x_3 v -x_10 v x_8) ^ (-x_6 v -x_2 v -x_0) ^ (x_0 v -x_5 v -x_6) ^ (x_11 v -x_5 v x_8) ^ (x_3 v -x_7 v x_8) ^ (x_1 v x_9 v -x_6) ^ (x_0 v -x_5 v x_11) ^ (x_10 v -x_8 v -x_11) ^ (x_6 v x_4 v -x_3) ^ (-x_7 v -x_5 v -x_8) ^ (x_6 v -x_9 v x_10) ^ (x_6 v x_1 v -x_7) ^ (x_8 v x_10 v -x_0) ^ (x_7 v x_2 v -x_3) ^ (-x_5 v x_10) ^ (x_6 v -x_4 v -x_8) ^ (x_9 v x_10 v x_4) ^ (x_8 v x_9 v -x_11) ^ (-x_4 v x_10 v x_5) ^ (x_6 v -x_2 v -x_3) ^ (x_0 v -x_1 v x_10) ^ (x_9 v x_2) ^ (x_3 v -x_9 v -x_11) ^ (x_0 v x_6 v -x_5) ^ (x_11 v -x_1 v -x_5) ^ (-x_9 v x_5 v -x_3) ^ (-x_10 v -x_5 v -x_8) ^ (x_3 v -x_1 v -x_11) ^ (x_11 v -x_4 v -x_6) ^ (x_0 v x_2 v x_8) ^ (-x_11 v x_7 v -x_6) ^ (x_4 v -x_3 v -x_0) ^ (-x_7 v -x_8) ^ (x_0 v x_1 v -x_3) ^ (-x_9 v x_7 v x_4)]
12,27,0.6305649280548096,1,0.0014233589172363281,0.6170148849487305,[(x_9 v x_10 v x_5) ^ (x_3 v -x_0) ^ (x_9 v x_2 v -x_11) ^ (-x_1 v -x_2 v x_7) ^ (x_0 v x_6 v -x_8) ^ (-x_4 v -x_2 v -x_6) ^ (x_6 v -x_7 v -x_10) ^ (x_10 v -x_3 v -x_6) ^ (x_11 v x_9 v x_4) ^ (-x_11 v x_5 v -x_3) ^ (-x_4 v -x_2 v x_7) ^ (x_1 v -x_5 v x_2) ^ (-x_5 v x_7) ^ (x_3 v x_6 v -x_11) ^ (-x_1 v -x_9 v -x_3) ^ (-x_0 v x_7 v -x_6) ^ (x_11 v x_10 v x_2) ^ (x_11 v x_2 v -x_8) ^ (x_10 v x_2 v -x_6) ^ (x_0 v x_4 v x_5) ^ (-x_1 v x_3 v -x_0) ^ (x_11 v x_10 v -x_5) ^ (-x_4 v x_7 v -x_0) ^ (x_10 v x_7) ^ (x_3 v x_9 v x_10) ^ (x_8 v x_5 v -x_3) ^ (x_0 v -x_5 v x_10)]
12,18,0.41391444206237793,64,0.0019249916076660156,0.6536483764648438,[(x_0 v -x_9 v x_7) ^ (x_1 v -x_10 v -x_0) ^ (-x_1 v -x_9 v -x_6) ^ (-x_9 v -x_4 v -x_11) ^ (-x_10 v -x_0) ^ (-x_9 v x_7 v x_8) ^ (-x_1 v -x_4 v -x_6) ^ (x_8 v x_7 v -x_3) ^ (x_11 v x_9 v x_10) ^ (-x_9 v -x_10 v -x_2) ^ (x_10 v x_4 v x_8) ^ (x_3 v -x_7 v -x_11) ^ (-x_0 v -x_2 v -x_3) ^ (-x_4 v -x_6 v -x_11) ^ (-x_11 v x_2 v -x_6) ^ (x_0 v -x_7 v x_5) ^ (x_1 v -x_4 v -x_6) ^ (x_10 v -x_8 v x_4)]
12,26,0.5976607799530029,1,0.0010509490966796875,0.6527280807495117,[(x_0 v -x_4 v -x_5) ^ (x_6 v x_1 v x_9) ^ (x_11 v -x_5 v x_2) ^ (x_1 v -x_5 v x_8) ^ (-x_7 v x_5 v -x_6) ^ (-x_4 v -x_2 v x_5) ^ (-x_9 v x_10 v -x_0) ^ (x_5 v x_8) ^ (x_1 v -x_4 v -x_3) ^ (x_3 v x_6 v -x_4) ^ (x_6 v -x_10 v -x_3) ^ (x_0 v x_11 v -x_3) ^ (-x_1 v -x_7 v x_0) ^ (x_6 v -x_4 v x_8) ^ (x_1 v -x_9 v -x_6) ^ (-x_7 v x_10 v x_5) ^ (x_4 v x_5 v -x_3) ^ (x_3 v x_5 v -x_8) ^ (x_0 v x_1) ^ (-x_1 v x_10 v x_2) ^ (x_11 v x_10 v -x_3) ^ (-x_1 v x_4) ^ (x_6 v x_7 v x_5) ^ (-x_9 v x_10 v x_5) ^ (x_1 v x_5 v -x_3) ^ (x_8 v x_2 v -x_3)]
12,15,0.3525245189666748,64,0.0019125938415527344,0.5311508178710938,[(x_0 v x_7 v -x_8) ^ (x_11 v x_7 v x_2) ^ (x_3 v x_9 v x_7) ^ (-x_4 v x_2 v -x_0) ^ (x_11 v x_7 v -x_0) ^ (x_3 v -x_1 v x_4) ^ (x_6 v x_4 v x_8) ^ (-x_0 v -x_9 v -x_11) ^ (-x_10 v x_2 v -x_11) ^ (x_9 v -x_5 v x_7) ^ (x_7 v x_5 v -x_11) ^ (x_0 v x_2 v x_5) ^ (x_6 v -x_4 v -x_0) ^ (-x_1 v -x_10 v -x_8) ^ (x_3 v -x_4 v x_0)]
12,21,0.49665236473083496,1,0.0010862350463867188,0.580927848815918,[(x_8 v -x_2 v x_4) ^ (x_1 v -x_3) ^ (x_0 v -x_4 v -x_11) ^ (x_10 v -x_0) ^ (x_10 v x_7 v -x_8) ^ (x_0 v -x_1 v x_9) ^ (x_1 v x_7 v x_5) ^ (x_0 v x_9 v -x_2) ^ (-x_2 v -x_5 v -x_6) ^ (x_1 v x_9 v x_4) ^ (x_11 v x_10 v -x_2) ^ (x_6 v x_1 v -x_3) ^ (x_8 v -x_5 v -x_11) ^ (-x_1 v x_6) ^ (x_1 v -x_3 v -x_11) ^ (-x_10 v -x_8 v -x_3) ^ (x_11 v x_9 v x_7) ^ (x_3 v -x_9 v -x_0) ^ (x_3 v -x_8 v x_11) ^ (-x_0 v x_7 v x_4) ^ (-x_2 v -x_3)]
12,33,0.6869573593139648,64,0.0012729167938232422,0.6153945922851562,[(x_9 v -x_2 v -x_8) ^ (x_6 v x_2 v -x_8) ^ (x_6 v x_2 v -x_3) ^ (x_0 v -x_4 v -x_11) ^ (-x_5 v x_2 v -x_3) ^ (-x_1 v -x_5 v x_7) ^ (x_3 v x_2 v -x_8) ^ (x_0 v -x_6 v -x_11) ^ (x_11 v -x_2 v x_8) ^ (-x_1 v -x_6 v -x_11) ^ (-x_9 v -x_4 v x_2) ^ (-x_1 v x_9 v x_3) ^ (x_0 v -x_10 v x_3) ^ (-x_5 v -x_2 v -x_3) ^ (x_1 v x_4) ^ (-x_2 v -x_11) ^ (-x_1 v -x_9 v -x_3) ^ (-x_2 v -x_7 v -x_5) ^ (-x_0 v x_10 v x_4) ^ (x_8 v -x_3 v -x_0) ^ (-x_1 v x_9 v -x_8) ^ (x_0 v x_1) ^ (x_0 v -x_2 v -x_6) ^ (x_6 v x_4 v -x_11) ^ (x_9 v x_10 v x_8) ^ (-x_0 v x_4 v -x_6) ^ (-x_9 v -x_10 v -x_8) ^ (x_0 v -x_9 v x_2) ^ (x_9 v -x_10 v -x_0) ^ (x_4 v x_2 v -x_11) ^ (x_3 v -x_9 v -x_7) ^ (-x_11 v x_10 v -x_0) ^ (-x_10 v x_2 v -x_0)]
12,17,0.41721129417419434,1,0.0009770393371582031,0.580805778503418,[(-x_10 v x_5 v -x_3) ^ (x_0 v -x_1 v -x_11) ^ (x_0 v -x_1 v x_4) ^ (x_2 v -x_8 v -x_11) ^ (x_6 v -x_10 v x_7) ^ (x_11 v -x_9 v x_5) ^ (x_9 v x_4 v -x_6) ^ (-x_4 v -x_8 v -x_11) ^ (x_0 v -x_9) ^ (-x_5 v x_7 v -x_11) ^ (x_1 v x_7 v -x_0) ^ (-x_11 v -x_5 v x_8) ^ (-x_1 v -x_4 v -x_7) ^ (x_4 v x_5 v -x_6) ^ (-x_1 v -x_9 v -x_2) ^ (x_11 v -x_5 v x_7) ^ (-x_9 v -x_8)]
12,35,0.757878303527832,64,0.0014290809631347656,0.6087188720703125,[(-x_0 v -x_3) ^ (x_11 v x_6 v -x_7) ^ (x_8 v x_5 v -x_11) ^ (x_3 v -x_4 v x_2) ^ (x_3 v -x_7 v x_8) ^ (-x_7 v -x_5 v -x_8) ^ (-x_9 v -x_7 v x_5) ^ (x_3 v -x_8) ^ (-x_1 v x_9 v -x_3) ^ (x_3 v x_9 v -x_11) ^ (x_1 v x_8 v -x_0) ^ (-x_4 v -x_7 v -x_8) ^ (x_4 v x_8) ^ (-x_1 v -x_10 v x_5) ^ (-x_4 v -x_10 v x_2) ^ (-x_7 v -x_5 v -x_11) ^ (x_6 v -x_4) ^ (-x_7 v x_2 v x_8) ^ (x_2 v x_5 v -x_0) ^ (-x_0 v -x_10 v x_8) ^ (x_6 v x_4 v x_2) ^ (x_7 v x_2 v x_8) ^ (x_3 v x_6 v x_11) ^ (x_3 v -x_2 v -x_11) ^ (x_0 v x_1 v x_4) ^ (x_9 v x_10 v x_7) ^ (x_11 v x_9 v x_2) ^ (x_11 v x_4 v -x_3) ^ (-x_4 v x_10 v -x_6) ^ (-x_5 v x_7 v -x_6) ^ (x_10 v x_5 v x_8) ^ (-x_7 v -x_2 v x_4) ^ (x_3 v x_1 v x_7) ^ (-x_1 v x_2 v x_8) ^ (x_9 v -x_2 v -x_6)]
12,29,0.6678130626678467,1,0.002045869827270508,0.6237287521362305,[(-x_7 v x_5 v -x_11) ^ (x_4 v x_2 v x_7) ^ (-x_4 v -x_7 v -x_0) ^ (x_6 v x_1 v -x_4) ^ (x_3 v x_5 v -x_0) ^ (x_6 v -x_4 v -x_5) ^ (x_1 v -x_2 v x_7) ^ (-x_5 v x_2 v -x_11) ^ (x_3 v -x_9 v -x_5) ^ (-x_10 v -x_6 v -x_3) ^ (x_4 v x_7 v -x_6) ^ (-x_1 v -x_5 v -x_0) ^ (-x_9 v -x_4 v -x_10) ^ (x_6 v x_7 v -x_3) ^ (x_11 v x_9 v x_5) ^ (x_6 v x_1 v x_7) ^ (x_9 v -x_2) ^ (-x_1 v x_10 v -x_0) ^ (-x_9 v x_2 v -x_8) ^ (x_3 v -x_9) ^ (x_7 v -x_8) ^ (-x_7 v x_5 v -x_0) ^ (-x_2 v x_7) ^ (x_0 v x_4 v x_11) ^ (x_6 v -x_8) ^ (-x_4 v x_2 v x_5) ^ (-x_9 v -x_7 v -x_2) ^ (x_9 v -x_7) ^ (x_11 v -x_2 v x_5)]
12,24,0.5197761058807373,64,0.001409292221069336,0.5736541748046875,[(-x_0 v x_10 v -x_11) ^ (-x_4 v -x_7 v -x_0) ^ (-x_2 v -x_3) ^ (-x_0 v -x_6 v x_8) ^ (x_3 v x_1 v -x_10) ^ (x_11 v x_9 v -x_0) ^ (x_3 v -x_4 v -x_7) ^ (-x_1 v -x_7) ^ (x_0 v -x_7 v x_4) ^ (x_1 v x_5 v -x_6) ^ (x_6 v x_1 v -x_10) ^ (-x_11 v x_10 v x_8) ^ (x_6 v -x_2 v -x_11) ^ (-x_10 v x_4 v -x_8) ^ (-x_5 v x_8) ^ (x_3 v x_1 v -x_0) ^ (-x_1 v -x_2 v -x_0) ^ (x_11 v -x_5 v -x_6) ^ (x_0 v x_7) ^ (x_8 v -x_7 v -x_11) ^ (x_8 v -x_4 v -x_3) ^ (-x_6 v -x_2 v x_4) ^ (-x_1 v x_3 v x_0) ^ (-x_1 v -x_4 v x_7)]
12,19,0.44901037216186523,1,0.0014717578887939453,0.5818662643432617,[(-x_4 v -x_2 v -x_11) ^ (x_6 v x_4 v -x_3) ^ (-x_10 v -x_5) ^ (x_9 v x_5 v -x_11) ^ (-x_1 v x_9 v -x_0) ^ (-x_0 v x_6 v -x_3) ^ (-x_9 v x_2 v -x_8) ^ (-x_1 v -x_6 v x_8) ^ (x_3 v -x_10 v -x_7) ^ (x_3 v x_4 v x_8) ^ (x_11 v -x_7 v x_2) ^ (x_6 v x_4 v -x_11) ^ (x_0 v -x_4 v x_9) ^ (x_11 v -x_0) ^ (x_6 v -x_8) ^ (x_3 v x_9 v x_10) ^ (x_9 v -x_4 v x_8) ^ (-x_10 v x_2) ^ (x_1 v x_10 v x_7)]
12,23,0.49873805046081543,64,0.0023813247680664062,0.5641708374023438,[(-x_4 v -x_5 v -x_0) ^ (x_9 v -x_5 v x_7) ^ (-x_1 v -x_2 v x_8) ^ (x_8 v -x_2 v -x_0) ^ (x_2 v x_5 v -x_6) ^ (-x_9 v -x_2 v -x_11) ^ (-x_1 v -x_0 v x_8) ^ (x_3 v -x_9 v -x_5) ^ (x_6 v x_1 v x_5) ^ (x_6 v -x_10 v -x_2) ^ (x_11 v x_1 v -x_4) ^ (-x_10 v x_5 v -x_8) ^ (x_7 v x_2 v x_8) ^ (-x_5 v -x_8 v x_4) ^ (x_11 v x_7 v x_8) ^ (x_0 v -x_7) ^ (x_0 v -x_1 v x_11) ^ (x_0 v x_10 v x_4) ^ (x_3 v -x_2 v -x_6) ^ (-x_9 v -x_4 v -x_0) ^ (-x_9 v -x_10 v x_7) ^ (x_0 v -x_7 v x_5) ^ (x_11 v -x_10 v x_2)]
12,31,0.7207021713256836,1,0.00144195556640625,0.6117887496948242,[(-x_6 v x_2 v -x_11) ^ (x_6 v x_2 v -x_3) ^ (-x_9 v -x_5 v x_2) ^ (x_0 v -x_10 v x_4) ^ (-x_1 v -x_5 v -x_3) ^ (x_9 v x_10 v -x_6) ^ (-x_9 v -x_6 v -x_11) ^ (x_0 v x_6 v x_8) ^ (-x_4 v -x_10 v -x_8) ^ (x_6 v -x_10 v -x_7) ^ (-x_1 v -x_7 v -x_5) ^ (-x_7 v x_4 v -x_3) ^ (x_3 v -x_9 v -x_8) ^ (x_3 v x_1 v -x_10) ^ (-x_1 v -x_7 v -x_0) ^ (x_10 v -x_6) ^ (-x_9 v x_2 v -x_6) ^ (-x_4 v x_10 v x_5) ^ (-x_1 v x_6 v -x_9) ^ (x_2 v -x_3 v -x_0) ^ (-x_2 v -x_7 v -x_5) ^ (x_0 v x_7 v -x_6) ^ (x_1 v x_7 v -x_8) ^ (x_11 v -x_10 v -x_6) ^ (-x_4 v x_7 v -x_0) ^ (x_1 v x_10 v x_2) ^ (-x_2 v x_7 v -x_3) ^ (-x_9 v -x_10) ^ (x_9 v x_2 v -x_3) ^ (-x_4 v -x_5 v x_2) ^ (x_1 v -x_10 v -x_11)]
12,27,0.5842318534851074,64,0.0013842582702636719,0.584869384765625,[(-x_1 v x_0) ^ (x_0 v x_4) ^ (-x_9 v -x_5) ^ (-x_4 v -x_5) ^ (-x_4 v x_7 v -x_11) ^ (-x_9 v -x_7 v x_5) ^ (-x_7 v -x_10 v -x_3) ^ (x_6 v -x_4 v x_5) ^ (x_6 v x_1 v -x_7) ^ (x_0 v -x_9 v x_5) ^ (-x_1 v x_10 v -x_0) ^ (x_11 v x_1 v x_9) ^ (x_11 v x_1 v -x_0) ^ (x_1 v -x_8 v -x_11) ^ (x_11 v -x_9 v x_4) ^ (x_0 v x_2) ^ (x_3 v x_1 v x_5) ^ (x_10 v x_2 v -x_6) ^ (-x_9 v -x_4 v x_8) ^ (x_3 v -x_2 v -x_11) ^ (x_0 v -x_7 v -x_5) ^ (x_11 v x_10) ^ (-x_1 v x_6 v -x_11) ^ (-x_1 v x_2 v -x_6) ^ (x_6 v -x_4 v x_2) ^ (-x_10 v x_4 v -x_11) ^ (x_0 v x_1 v -x_3)]
12,20,0.4758028984069824,1,0.0015401840209960938,0.5647687911987305,[(x_9 v x_4 v x_7) ^ (x_11 v -x_4 v -x_2) ^ (x_6 v x_2 v -x_3) ^ (x_10 v -x_2 v -x_6) ^ (x_1 v -x_8) ^ (x_11 v -x_10 v -x_3) ^ (x_1 v -x_4 v x_7) ^ (x_8 v x_5 v -x_6) ^ (x_7 v -x_11) ^ (x_11 v -x_4 v x_10) ^ (-x_1 v x_9 v x_3) ^ (x_1 v -x_7 v x_2) ^ (x_11 v -x_1 v -x_6) ^ (x_11 v -x_7 v -x_0) ^ (-x_9 v x_4 v -x_11) ^ (x_0 v -x_1 v x_5) ^ (-x_1 v x_2 v x_5) ^ (x_1 v -x_4 v -x_2) ^ (x_0 v x_1 v -x_3) ^ (-x_1 v -x_10 v x_2)]
12,34,0.7158193588256836,64,0.0013315677642822266,0.6145706176757812,[(x_1 v x_8 v -x_6) ^ (-x_9 v -x_7 v -x_5) ^ (-x_10 v x_7 v x_8) ^ (-x_11 v -x_5 v x_4) ^ (-x_7 v x_2 v -x_0) ^ (x_3 v -x_1 v -x_7) ^ (x_11 v x_6 v x_7) ^ (x_0 v -x_6 v x_11) ^ (x_3 v x_5) ^ (x_3 v x_2 v -x_11) ^ (x_1 v -x_2 v -x_11) ^ (-x_1 v -x_7 v x_5) ^ (-x_10 v x_7 v -x_6) ^ (x_6 v x_7 v -x_3) ^ (x_0 v -x_5) ^ (x_11 v x_7 v -x_8) ^ (-x_1 v x_9 v -x_5) ^ (x_1 v x_4 v x_2) ^ (-x_9 v -x_10 v x_4) ^ (x_10 v -x_5 v -x_0) ^ (x_3 v x_9 v -x_2) ^ (-x_5 v -x_8 v x_4) ^ (-x_2 v -x_4 v -x_5) ^ (-x_5 v x_8) ^ (x_8 v -x_3 v -x_0) ^ (-x_1 v x_6 v x_9) ^ (x_1 v x_4 v x_5) ^ (-x_1 v -x_5 v -x_6) ^ (x_3 v x_1 v -x_0) ^ (x_3 v x_2 v x_0) ^ (x_6 v x_8) ^ (-x_11 v -x_6 v -x_0) ^ (x_6 v -x_9 v -x_3) ^ (x_6 v -x_4 v x_9)]
12,31,0.7069964408874512,1,0.0009975433349609375,0.6232709884643555,[(x_6 v x_10 v -x_3) ^ (x_3 v x_7 v -x_0) ^ (x_1 v -x_5 v -x_11) ^ (x_11 v -x_1) ^ (-x_1 v -x_9 v x_8) ^ (x_8 v -x_2 v -x_6) ^ (-x_4 v x_5) ^ (-x_9 v -x_7 v x_4) ^ (x_0 v -x_4 v -x_6) ^ (-x_1 v -x_6) ^ (x_2 v -x_8 v -x_0) ^ (-x_1 v -x_9 v -x_4) ^ (-x_2 v x_5 v -x_8) ^ (x_7 v -x_0) ^ (x_0 v -x_10 v -x_11) ^ (-x_1 v x_10 v -x_2) ^ (-x_1 v x_4 v x_5) ^ (x_9 v x_5 v -x_7) ^ (x_11 v x_9 v -x_2) ^ (x_11 v x_2 v -x_8) ^ (x_0 v x_1) ^ (-x_5 v x_7 v -x_0) ^ (x_9 v -x_10 v x_4) ^ (x_3 v -x_2 v -x_6) ^ (x_1 v x_4 v -x_8) ^ (x_5 v -x_8 v -x_6) ^ (x_3 v x_6 v x_0) ^ (-x_11 v x_10 v x_4) ^ (-x_9 v -x_7 v -x_2) ^ (x_6 v -x_7 v -x_8) ^ (x_3 v x_9 v -x_5)]
12,18,0.39510345458984375,64,0.0013554096221923828,0.5367584228515625,[(x_4 v x_7 v -x_3) ^ (x_2 v x_5 v x_8) ^ (x_3 v -x_11 v x_8) ^ (x_9 v -x_10 v -x_7) ^ (-x_5 v x_10 v -x_0) ^ (x_3 v -x_1 v -x_0) ^ (x_6 v x_2 v -x_0) ^ (x_3 v x_4 v x_11) ^ (x_11 v -x_4 v -x_6) ^ (x_3 v -x_5) ^ (-x_1 v -x_7) ^ (x_11 v x_1) ^ (x_9 v -x_8 v -x_11) ^ (-x_7 v x_4 v -x_6) ^ (-x_10 v x_5 v -x_7) ^ (x_9 v -x_10 v -x_11) ^ (x_0 v -x_10 v -x_5) ^ (x_0 v x_4 v -x_11)]
12,29,0.667090892791748,1,0.001111745834350586,0.6190824508666992,[(-x_4 v x_5 v -x_11) ^ (x_8 v x_5 v -x_11) ^ (x_6 v x_2 v -x_8) ^ (x_3 v -x_4 v x_7) ^ (x_6 v x_9 v -x_11) ^ (-x_7 v -x_6 v -x_3) ^ (-x_2 v x_7 v -x_11) ^ (x_0 v x_8 v x_11) ^ (x_8 v -x_4 v -x_11) ^ (x_11 v -x_9 v -x_8) ^ (x_3 v x_7) ^ (x_9 v x_4 v -x_8) ^ (-x_9 v -x_5 v x_8) ^ (x_11 v -x_9 v x_4) ^ (-x_1 v x_6 v x_9) ^ (x_0 v -x_7) ^ (x_3 v -x_1 v -x_8) ^ (x_6 v x_5 v -x_11) ^ (x_3 v -x_5 v x_2) ^ (x_1 v -x_9 v -x_10) ^ (x_9 v -x_7 v -x_6) ^ (x_3 v x_5 v x_8) ^ (-x_11 v -x_5 v x_8) ^ (-x_10 v -x_2 v -x_6) ^ (-x_10 v -x_8 v -x_11) ^ (x_8 v x_10 v -x_11) ^ (x_1 v -x_10 v x_4) ^ (-x_9 v x_1 v x_8) ^ (-x_6 v x_2 v -x_3)]
12,21,0.4582667350769043,64,0.001033782958984375,0.5816802978515625,[(x_11 v x_2) ^ (x_1 v -x_4 v x_10) ^ (-x_1 v x_6 v -x_7) ^ (x_6 v -x_9 v x_5) ^ (-x_4 v -x_2) ^ (-x_9 v -x_11) ^ (x_11 v x_4 v -x_6) ^ (x_1 v x_5 v -x_3) ^ (x_1 v x_10 v -x_11) ^ (x_9 v x_2 v -x_7) ^ (-x_4 v -x_10 v -x_0) ^ (-x_1 v -x_5 v -x_6) ^ (-x_9 v x_2 v -x_3) ^ (x_3 v x_8 v x_0) ^ (-x_4 v x_5 v -x_6) ^ (-x_11 v -x_2 v -x_3) ^ (-x_7 v -x_6) ^ (-x_7 v -x_6 v x_8) ^ (x_3 v -x_11) ^ (x_1 v -x_10 v x_4) ^ (x_8 v -x_7 v -x_6)]
12,26,0.6036155223846436,1,0.00130462646484375,0.6173200607299805,[(-x_10 v -x_2 v x_8) ^ (-x_1 v x_6 v x_7) ^ (-x_11 v -x_8 v -x_6) ^ (x_7 v -x_3 v -x_6) ^ (-x_1 v -x_7 v -x_5) ^ (x_1 v -x_7 v -x_2) ^ (-x_0 v -x_7 v -x_11) ^ (x_9 v x_5 v x_8) ^ (-x_1 v x_6 v x_3) ^ (-x_7 v x_2 v -x_8) ^ (x_6 v -x_4 v -x_7) ^ (-x_7 v -x_10) ^ (x_3 v x_9 v -x_7) ^ (-x_1 v -x_9 v -x_10) ^ (x_11 v -x_9 v -x_6) ^ (x_1 v x_4 v x_5) ^ (x_8 v -x_5 v -x_0) ^ (-x_10 v x_2 v x_8) ^ (x_1 v x_5) ^ (-x_1 v -x_4 v -x_0) ^ (x_9 v x_10 v x_2) ^ (x_2 v x_8) ^ (x_3 v x_10 v x_2) ^ (x_1 v -x_10 v -x_11) ^ (x_9 v -x_2 v -x_6) ^ (-x_7 v -x_3)]
12,23,0.5213034152984619,64,0.0011785030364990234,0.6078414916992188,[(-x_10 v x_7) ^ (x_3 v x_4 v x_5) ^ (-x_1 v -x_9 v x_8) ^ (x_3 v x_10 v x_5) ^ (-x_11 v -x_4 v x_8) ^ (x_0 v x_9) ^ (-x_1 v -x_7 v -x_5) ^ (x_11 v -x_5 v x_4) ^ (-x_1 v x_5 v -x_6) ^ (x_9 v -x_8 v -x_6) ^ (x_3 v x_9 v -x_7) ^ (x_11 v -x_7 v -x_6) ^ (x_3 v x_4 v -x_2) ^ (-x_9 v -x_10 v -x_0) ^ (x_8 v x_10 v -x_6) ^ (-x_10 v x_8) ^ (x_11 v x_2 v -x_8) ^ (x_3 v x_6 v x_5) ^ (-x_1 v -x_0 v -x_3) ^ (-x_1 v x_2 v x_8) ^ (x_0 v -x_9 v x_11) ^ (-x_1 v x_9 v -x_7) ^ (x_3 v -x_4 v -x_2)]
12,21,0.5038547515869141,1,0.0011222362518310547,0.582850456237793,[(x_0 v -x_4 v -x_5) ^ (x_3 v -x_4 v x_7) ^ (-x_10 v x_4 v -x_7) ^ (x_0 v -x_6) ^ (x_3 v x_5) ^ (-x_1 v x_7 v -x_3) ^ (-x_1 v x_6 v -x_9) ^ (-x_1 v x_5 v -x_11) ^ (x_10 v x_5 v x_4) ^ (x_11 v -x_4) ^ (-x_11 v x_2 v x_8) ^ (x_11 v x_2 v x_5) ^ (x_0 v x_10 v x_4) ^ (-x_0 v -x_4 v -x_3) ^ (x_11 v -x_1 v -x_3) ^ (x_0 v -x_4 v -x_7) ^ (-x_1 v x_10 v -x_3) ^ (-x_9 v -x_5 v x_7) ^ (x_3 v x_10 v x_4) ^ (-x_10 v x_2) ^ (-x_9 v x_7 v x_4)]
12,32,0.679027795791626,64,0.0015978813171386719,0.63458251953125,[(x_1 v -x_4 v x_10) ^ (x_1 v -x_5 v -x_11) ^ (-x_2 v x_8) ^ (x_3 v x_0) ^ (-x_10 v -x_5) ^ (x_3 v -x_9 v -x_10) ^ (x_10 v -x_3 v -x_6) ^ (x_2 v x_5 v -x_6) ^ (x_11 v -x_4 v x_3) ^ (x_3 v -x_9 v x_10) ^ (x_1 v -x_2 v x_8) ^ (x_11 v -x_7 v -x_0) ^ (x_2 v -x_8 v -x_6) ^ (x_9 v x_1 v -x_4) ^ (x_1 v -x_7 v -x_5) ^ (x_11 v x_6 v x_10) ^ (-x_9 v x_10 v x_7) ^ (x_3 v x_6 v x_5) ^ (x_3 v -x_2 v -x_11) ^ (-x_9 v -x_2) ^ (-x_9 v x_2 v -x_3) ^ (x_1 v x_5) ^ (x_11 v x_1 v x_7) ^ (x_9 v -x_7 v -x_3) ^ (-x_9 v x_1 v -x_11) ^ (-x_7 v -x_2 v -x_6) ^ (-x_9 v x_8 v -x_11) ^ (x_3 v x_5 v -x_6) ^ (-x_1 v -x_2 v x_5) ^ (-x_1 v x_7 v x_2) ^ (x_6 v x_9 v -x_8) ^ (x_11 v x_10 v x_4)]
12,25,0.5873157978057861,1,0.001249074935913086,0.6293058395385742,[(x_3 v x_6 v x_10) ^ (x_3 v x_10 v x_5) ^ (-x_1 v -x_10 v -x_3) ^ (x_9 v -x_5 v x_7) ^ (x_3 v -x_2 v x_7) ^ (-x_6 v x_5 v -x_0) ^ (-x_7 v x_2 v -x_8) ^ (x_11 v -x_0 v -x_6) ^ (-x_2 v x_7 v -x_0) ^ (-x_4 v x_8) ^ (-x_2 v x_6 v -x_5) ^ (x_0 v x_1 v -x_4) ^ (x_11 v x_9) ^ (x_9 v x_4 v -x_6) ^ (x_0 v x_7 v -x_6) ^ (x_0 v -x_2 v -x_6) ^ (x_3 v -x_2 v -x_11) ^ (x_3 v -x_5 v x_2) ^ (-x_4 v -x_5 v -x_3) ^ (x_2 v x_8) ^ (x_11 v -x_9 v -x_7) ^ (x_11 v -x_4 v -x_6) ^ (x_6 v -x_4 v x_2) ^ (x_3 v x_4) ^ (-x_0 v x_7 v -x_11)]
12,30,0.6522014141082764,64,0.0015821456909179688,0.6131134033203125,[(x_11 v x_8 v -x_6) ^ (-x_1 v -x_9 v -x_11) ^ (-x_1 v -x_10 v -x_5) ^ (x_0 v -x_10 v x_2) ^ (-x_7 v x_4 v x_2) ^ (x_3 v -x_10 v x_4) ^ (-x_6 v -x_5 v -x_3) ^ (-x_11 v -x_8 v -x_3) ^ (-x_9 v x_8 v -x_3) ^ (-x_1 v -x_6) ^ (x_1 v -x_6 v -x_11) ^ (x_11 v -x_5 v -x_0) ^ (x_3 v -x_9 v x_8) ^ (x_6 v -x_2 v -x_8) ^ (x_6 v x_7 v -x_3) ^ (x_1 v x_9 v x_4) ^ (-x_7 v -x_8 v -x_6) ^ (-x_4 v -x_7 v -x_3) ^ (x_0 v -x_8 v -x_11) ^ (x_0 v -x_9 v -x_3) ^ (-x_9 v -x_10 v -x_0) ^ (-x_10 v x_8) ^ (-x_1 v x_2) ^ (-x_1 v -x_4 v x_2) ^ (-x_1 v x_4 v x_8) ^ (-x_11 v x_10 v -x_0) ^ (x_6 v -x_4 v x_2) ^ (x_6 v -x_9 v -x_3) ^ (-x_1 v x_7 v x_2) ^ (x_6 v x_4 v -x_8)]
12,16,0.39142608642578125,1,0.0013568401336669922,0.5648832321166992,[(x_10 v -x_2 v -x_3) ^ (x_10 v -x_7 v -x_2) ^ (x_10 v -x_5 v -x_3) ^ (-x_9 v x_10 v -x_5) ^ (x_0 v -x_10 v x_8) ^ (x_9 v x_7 v -x_10) ^ (-x_9 v x_10 v x_4) ^ (x_6 v x_9 v -x_3) ^ (x_0 v x_6 v x_5) ^ (x_3 v x_4 v x_5) ^ (-x_6 v -x_3 v x_8) ^ (-x_1 v -x_11 v x_0) ^ (x_3 v -x_5 v -x_8) ^ (-x_2 v -x_4 v -x_5) ^ (-x_1 v -x_7 v x_5) ^ (x_6 v x_5 v -x_0)]
12,26,0.5733761787414551,64,0.0014796257019042969,0.5753097534179688,[(x_11 v -x_8 v x_0) ^ (-x_4 v -x_5 v -x_0) ^ (x_9 v -x_2 v x_7) ^ (x_11 v -x_1 v x_5) ^ (x_9 v -x_10 v -x_3) ^ (-x_10 v x_7 v -x_11) ^ (x_9 v x_5 v x_8) ^ (x_11 v -x_9 v -x_8) ^ (-x_9 v x_5 v -x_11) ^ (x_1 v -x_2 v -x_6) ^ (x_3 v x_6 v -x_11) ^ (-x_1 v x_9 v -x_0) ^ (-x_4 v -x_10) ^ (x_0 v x_9 v x_4) ^ (x_6 v -x_2 v -x_11) ^ (-x_10 v x_8) ^ (x_0 v x_3 v x_8) ^ (x_3 v x_10 v -x_2) ^ (x_9 v x_10 v x_7) ^ (x_11 v x_4) ^ (x_3 v -x_9 v x_11) ^ (-x_7 v -x_0) ^ (-x_1 v x_6 v -x_10) ^ (x_1 v x_5) ^ (x_11 v -x_4 v x_0) ^ (-x_11 v -x_3 v -x_0)]
12,25,0.6050660610198975,1,0.00098419189453125,0.5955610275268555,[(-x_7 v -x_5 v -x_0) ^ (x_6 v -x_9 v -x_5) ^ (x_9 v x_5 v -x_0) ^ (-x_1 v -x_9 v -x_11) ^ (x_0 v x_7 v -x_11) ^ (x_11 v -x_10 v x_3) ^ (-x_5 v x_2 v -x_11) ^ (-x_7 v -x_8 v -x_11) ^ (-x_10 v x_7 v -x_6) ^ (-x_10 v x_4 v x_5) ^ (x_0 v -x_9 v x_1) ^ (-x_0 v -x_10 v x_8) ^ (-x_9 v -x_7 v -x_6) ^ (x_11 v x_10 v x_8) ^ (x_9 v -x_10 v -x_11) ^ (x_0 v x_1 v x_4) ^ (-x_1 v x_6 v x_4) ^ (x_1 v -x_7 v -x_11) ^ (-x_10 v -x_2 v -x_6) ^ (-x_9 v x_1 v -x_8) ^ (x_11 v -x_2) ^ (-x_9 v -x_10 v x_7) ^ (-x_10 v x_2 v -x_0) ^ (x_0 v x_7 v x_2) ^ (-x_4 v x_2 v -x_8)]
12,22,0.4780449867248535,64,0.0013720989227294922,0.5828704833984375,[(-x_5 v x_7 v x_8) ^ (-x_5 v -x_3 v x_8) ^ (-x_9 v -x_4 v -x_7) ^ (x_5 v -x_0) ^ (-x_1 v -x_10 v x_7) ^ (x_3 v x_11 v x_8) ^ (-x_4 v -x_3 v -x_11) ^ (x_1 v -x_10 v x_2) ^ (x_6 v x_2 v x_8) ^ (x_1 v -x_10 v x_8) ^ (-x_4 v x_7) ^ (x_9 v -x_8 v -x_11) ^ (x_0 v x_9 v -x_11) ^ (-x_4 v x_2) ^ (x_7 v -x_8 v -x_11) ^ (x_11 v x_1 v x_9) ^ (x_6 v x_9 v -x_0) ^ (x_0 v -x_1 v -x_8) ^ (x_5 v x_2 v -x_0) ^ (-x_7 v -x_2 v x_4) ^ (x_5 v -x_3 v -x_11) ^ (-x_1 v -x_9 v x_0)]
12,19,0.4608645439147949,1,0.0010230541229248047,0.576991081237793,[(x_0 v -x_1 v -x_9) ^ (-x_5 v x_2 v x_7) ^ (-x_1 v -x_8 v -x_3) ^ (x_3 v x_2 v x_8) ^ (x_0 v -x_9 v -x_10) ^ (-x_9 v -x_7 v -x_0) ^ (-x_0 v -x_5 v x_4) ^ (x_11 v -x_4 v x_8) ^ (-x_2 v -x_11) ^ (x_6 v -x_5 v x_2) ^ (-x_6 v x_10 v x_4) ^ (x_11 v x_6 v -x_5) ^ (-x_2 v x_7 v -x_8) ^ (-x_6 v x_7 v x_8) ^ (-x_1 v -x_7 v -x_11) ^ (-x_1 v x_4 v x_0) ^ (x_3 v -x_2 v -x_11) ^ (x_3 v x_2 v x_0) ^ (x_3 v -x_2 v -x_0)]
12,30,0.6910953521728516,64,0.0014336109161376953,0.5773696899414062,[(x_7 v -x_3 v x_8) ^ (-x_10 v -x_2 v x_8) ^ (x_10 v x_6 v -x_2) ^ (x_11 v -x_10 v x_7) ^ (x_3 v -x_4 v -x_10) ^ (-x_1 v -x_8) ^ (-x_1 v x_4 v -x_2) ^ (x_0 v x_2 v -x_6) ^ (x_11 v x_6 v x_8) ^ (x_0 v x_6 v -x_9) ^ (x_6 v -x_10) ^ (x_0 v -x_2 v -x_11) ^ (x_3 v x_1 v x_9) ^ (x_9 v x_4 v x_8) ^ (x_9 v -x_5 v -x_6) ^ (-x_0 v -x_9 v x_8) ^ (x_0 v -x_1 v -x_11) ^ (x_0 v x_1 v x_8) ^ (x_1 v -x_11) ^ (x_11 v x_6 v -x_0) ^ (x_0 v -x_8) ^ (x_3 v x_10 v -x_2) ^ (x_1 v -x_9 v -x_3) ^ (-x_1 v -x_4 v -x_5) ^ (-x_1 v -x_9 v -x_5) ^ (x_1 v x_9 v -x_8) ^ (-x_1 v -x_9 v x_5) ^ (x_3 v -x_1 v x_9) ^ (x_4 v x_5 v -x_6) ^ (-x_0 v x_2 v -x_11)]
12,18,0.4470987319946289,1,0.0008542537689208984,0.5906782150268555,[(-x_1 v -x_3 v x_8) ^ (-x_10 v -x_5 v x_4) ^ (-x_7 v -x_5 v x_8) ^ (x_0 v -x_5 v -x_3) ^ (x_9 v -x_2 v -x_8) ^ (-x_10 v -x_2 v -x_3) ^ (-x_1 v x_6 v x_4) ^ (x_6 v -x_9) ^ (x_11 v -x_7 v x_5) ^ (x_3 v -x_2 v x_8) ^ (x_0 v -x_4 v -x_3) ^ (-x_1 v x_0 v x_8) ^ (x_6 v -x_9 v -x_0) ^ (x_0 v -x_1 v -x_5) ^ (x_3 v -x_4 v x_5) ^ (-x_7 v x_2 v -x_3) ^ (-x_9 v x_1 v -x_5) ^ (-x_1 v x_6 v -x_2)]
12,34,0.7187740802764893,64,0.0012323856353759766,0.6090469360351562,[(x_11 v -x_9 v x_7) ^ (-x_2 v x_5 v -x_6) ^ (-x_9 v -x_5 v -x_3) ^ (x_11 v -x_6 v x_0) ^ (x_1 v -x_8) ^ (x_6 v -x_9 v x_5) ^ (x_3 v x_7 v x_0) ^ (-x_10 v -x_5 v -x_11) ^ (-x_7 v -x_2) ^ (x_11 v x_7 v x_2) ^ (-x_4 v -x_2 v x_7) ^ (x_3 v x_10 v x_7) ^ (x_11 v x_6 v x_2) ^ (x_0 v x_9 v x_8) ^ (x_6 v -x_8 v -x_3) ^ (-x_5 v x_7) ^ (-x_0 v -x_2 v -x_6) ^ (x_0 v -x_8 v -x_6) ^ (x_0 v x_6 v x_9) ^ (x_2 v -x_0) ^ (-x_9 v x_4 v -x_0) ^ (x_1 v x_5 v -x_11) ^ (x_3 v -x_1 v -x_10) ^ (-x_10 v -x_2) ^ (-x_1 v x_11 v -x_6) ^ (-x_11 v -x_7 v -x_3) ^ (-x_9 v -x_10) ^ (-x_9 v x_1 v -x_8) ^ (x_3 v -x_9 v -x_0) ^ (x_3 v x_7 v -x_11) ^ (-x_11 v -x_10 v -x_3) ^ (-x_9 v x_7 v x_5) ^ (x_3 v -x_4 v -x_2) ^ (x_11 v x_2 v -x_6)]
12,24,0.560274600982666,1,0.0017712116241455078,0.581171989440918,[(-x_6 v x_5 v -x_3) ^ (x_9 v x_2 v -x_11) ^ (x_10 v x_1 v -x_2) ^ (x_3 v x_10 v x_0) ^ (x_6 v -x_10 v -x_11) ^ (x_1 v -x_6) ^ (x_8 v -x_7 v -x_3) ^ (-x_1 v -x_8) ^ (x_0 v x_9) ^ (x_3 v -x_1 v x_7) ^ (x_3 v -x_10 v x_4) ^ (x_3 v x_7) ^ (x_3 v x_4 v x_11) ^ (x_9 v x_10 v x_4) ^ (x_6 v -x_2 v -x_8) ^ (x_6 v -x_3) ^ (-x_10 v x_7 v -x_0) ^ (x_6 v -x_4 v x_8) ^ (-x_4 v -x_7 v -x_3) ^ (-x_7 v -x_5) ^ (x_11 v -x_5 v x_7) ^ (-x_0 v -x_5 v -x_11) ^ (x_11 v -x_4 v -x_6) ^ (x_3 v -x_4 v -x_8)]
12,36,0.7541520595550537,64,0.001714944839477539,0.6215667724609375,[(x_6) ^ (x_6 v x_1 v -x_11) ^ (-x_5 v x_2 v x_8) ^ (x_2 v -x_3 v -x_6) ^ (-x_10 v x_4 v -x_7) ^ (x_3 v -x_5) ^ (x_6 v x_10 v x_2) ^ (-x_9 v -x_8 v -x_6) ^ (x_4 v -x_8 v -x_6) ^ (x_0 v x_9) ^ (x_10 v -x_2 v x_8) ^ (-x_4 v -x_7 v -x_8) ^ (-x_0 v -x_2 v -x_11) ^ (-x_7 v -x_8 v -x_11) ^ (-x_10 v -x_5 v -x_0) ^ (x_6 v -x_10 v -x_0) ^ (x_11 v x_6 v -x_10) ^ (-x_1 v x_7 v -x_3) ^ (x_0 v x_6 v -x_9) ^ (-x_1 v x_10 v -x_6) ^ (x_6 v -x_2 v x_7) ^ (x_6 v -x_5 v x_2) ^ (-x_7 v -x_2 v -x_8) ^ (x_11 v x_3 v -x_0) ^ (-x_1 v -x_10) ^ (x_6 v x_10 v -x_11) ^ (x_9 v -x_4 v x_10) ^ (-x_9 v -x_2 v -x_6) ^ (-x_1 v x_6 v -x_5) ^ (-x_1 v -x_9 v -x_0) ^ (-x_2 v -x_5 v -x_8) ^ (x_6 v -x_8) ^ (x_10 v x_2 v x_8) ^ (x_1 v x_4 v x_8) ^ (x_11 v -x_8 v -x_0) ^ (x_1 v -x_10 v -x_6)]
12,34,0.8224854469299316,1,0.0015058517456054688,0.6237592697143555,[(-x_10 v x_5 v -x_0) ^ (x_7 v -x_3 v x_8) ^ (-x_0 v -x_4 v -x_6) ^ (x_1 v -x_3) ^ (x_6 v x_9 v -x_11) ^ (x_10 v -x_2 v x_7) ^ (x_8 v -x_7 v -x_3) ^ (-x_9 v -x_7 v -x_10) ^ (-x_11 v -x_7 v -x_6) ^ (x_7 v -x_8 v -x_3) ^ (-x_0 v x_1 v -x_6) ^ (-x_1 v -x_7 v -x_5) ^ (-x_7 v x_2 v -x_8) ^ (x_6 v x_9 v -x_2) ^ (-x_4 v -x_2 v -x_3) ^ (x_9 v -x_8 v -x_6) ^ (x_3 v -x_4 v x_5) ^ (-x_4 v x_10 v x_5) ^ (x_9 v -x_5 v -x_6) ^ (-x_1 v x_5 v -x_11) ^ (x_11 v -x_9 v -x_6) ^ (x_3 v x_5 v -x_8) ^ (x_3 v -x_9 v -x_11) ^ (x_6 v x_5 v -x_11) ^ (-x_10 v -x_2) ^ (x_9 v -x_6) ^ (-x_11 v -x_7 v x_8) ^ (x_9 v -x_8 v -x_3) ^ (x_10 v x_5 v -x_3) ^ (-x_6 v -x_5 v -x_11) ^ (x_11 v -x_2) ^ (-x_9 v x_5 v -x_0) ^ (x_3 v x_10 v x_4) ^ (-x_10 v -x_2 v -x_8)]
12,32,0.8057384490966797,64,0.0014646053314208984,0.610321044921875,[(x_0 v x_5 v x_3) ^ (x_5 v -x_9 v x_2) ^ (x_6 v x_1 v -x_11) ^ (x_10 v -x_5 v -x_8) ^ (x_1 v x_9 v -x_7) ^ (x_0 v x_1 v -x_5) ^ (x_3 v -x_4 v x_2) ^ (-x_1 v x_5 v -x_0) ^ (x_11 v -x_4 v -x_3) ^ (-x_1 v -x_3) ^ (-x_7 v -x_8 v -x_11) ^ (x_3 v -x_10 v x_4) ^ (x_11 v -x_4 v x_10) ^ (x_6 v x_1 v -x_8) ^ (-x_1 v x_5 v -x_6) ^ (x_9 v -x_3 v -x_11) ^ (x_10 v -x_2 v -x_0) ^ (x_2 v -x_8 v -x_6) ^ (x_9 v -x_10 v -x_6) ^ (-x_7 v -x_11) ^ (x_3 v x_6 v -x_5) ^ (x_6 v x_10) ^ (-x_9 v -x_2 v -x_5) ^ (-x_5 v -x_3) ^ (x_11 v x_6 v -x_3) ^ (-x_10 v -x_2) ^ (-x_1 v x_10 v x_8) ^ (x_1 v x_9 v x_8) ^ (-x_9 v x_8 v -x_11) ^ (x_1 v -x_2 v x_4) ^ (x_0 v -x_7 v x_5) ^ (x_11 v -x_9 v x_7)]
12,20,0.47107863426208496,1,0.0012447834014892578,0.5506391525268555,[(x_11 v -x_5 v -x_2) ^ (x_11 v x_5 v -x_0) ^ (-x_1 v x_6 v x_11) ^ (x_6 v -x_7 v -x_0) ^ (-x_1 v x_9 v -x_2) ^ (x_1 v -x_10 v -x_8) ^ (-x_10 v x_2 v -x_3) ^ (x_0 v -x_7 v x_8) ^ (-x_4 v x_2) ^ (x_0 v -x_2 v x_3) ^ (x_3 v x_2 v x_11) ^ (-x_1 v x_10 v -x_0) ^ (-x_7 v x_2 v -x_11) ^ (x_0 v -x_10 v -x_11) ^ (x_11 v x_10 v x_2) ^ (-x_9 v -x_2 v -x_8) ^ (x_5 v x_2 v -x_0) ^ (x_0 v x_7 v x_8) ^ (-x_4 v x_2 v -x_7) ^ (-x_9 v x_4 v -x_3)]
12,23,0.500236988067627,64,0.0013740062713623047,0.5877304077148438,[(x_6 v -x_4 v -x_11) ^ (x_6 v -x_2 v x_4) ^ (-x_4 v x_2 v -x_3) ^ (x_4 v x_5 v -x_8) ^ (-x_11 v -x_5 v -x_0) ^ (-x_1 v -x_10 v -x_5) ^ (x_0 v -x_10 v x_2) ^ (-x_4 v x_5 v -x_7) ^ (x_9 v -x_2 v -x_11) ^ (-x_5 v x_7) ^ (-x_1 v x_6 v -x_9) ^ (x_3 v x_7 v -x_8) ^ (-x_9 v -x_4 v -x_8) ^ (x_9 v -x_10) ^ (-x_4 v x_2 v -x_11) ^ (x_11 v x_10 v -x_3) ^ (x_11 v -x_5 v -x_3) ^ (-x_1 v x_10 v x_7) ^ (x_0 v -x_4 v -x_8) ^ (-x_1 v x_2 v -x_11) ^ (x_6 v -x_10 v x_5) ^ (x_3 v x_9 v -x_8) ^ (x_6 v x_10 v -x_0)]
12,12,0.29723572731018066,1,0.0011060237884521484,0.6039762496948242,[(x_8 v x_5 v -x_11) ^ (-x_1 v -x_4 v x_10) ^ (-x_4 v x_10 v x_7) ^ (x_6 v -x_5 v x_7) ^ (x_3 v x_4 v x_5) ^ (-x_1 v x_9 v x_5) ^ (x_1 v x_7 v -x_5) ^ (x_1 v x_7 v x_4) ^ (-x_7 v x_5 v -x_8) ^ (x_11 v -x_4 v x_2) ^ (-x_9 v x_4 v -x_3) ^ (x_0 v -x_9 v -x_2)]
12,27,0.6001360416412354,64,0.001331329345703125,0.522216796875,[(x_11 v -x_1 v -x_7) ^ (-x_1 v x_7 v -x_0) ^ (-x_7 v x_8) ^ (x_4 v -x_8 v -x_11) ^ (-x_4 v -x_3 v -x_11) ^ (-x_1 v x_8 v -x_0) ^ (x_1 v x_8 v -x_11) ^ (-x_1 v x_9 v -x_10) ^ (x_10 v x_2 v -x_3) ^ (x_1 v -x_10 v x_7) ^ (x_3 v -x_9 v -x_8) ^ (-x_10 v -x_5 v -x_0) ^ (x_3 v x_9 v x_11) ^ (x_1 v -x_2 v -x_6) ^ (x_0 v x_1 v -x_7) ^ (x_6 v -x_4 v x_8) ^ (-x_2 v x_10 v x_3) ^ (x_6 v -x_7 v -x_11) ^ (-x_1 v -x_9 v x_10) ^ (x_6 v x_5 v -x_11) ^ (x_3 v x_2 v x_0) ^ (x_11 v -x_9 v -x_0) ^ (-x_1 v x_4 v x_8) ^ (-x_4 v x_2 v -x_7) ^ (-x_1 v -x_7 v -x_8) ^ (x_0 v -x_5 v -x_11) ^ (x_7 v x_5 v -x_8)]
12,15,0.35361289978027344,1,0.0011713504791259766,0.557032585144043,[(x_11 v x_6 v -x_9) ^ (x_4 v x_2 v -x_3) ^ (x_10 v -x_5 v -x_2) ^ (-x_10 v x_2 v x_8) ^ (x_10 v x_5 v -x_11) ^ (-x_9 v -x_4) ^ (-x_1 v -x_5 v -x_11) ^ (-x_9 v -x_7 v -x_6) ^ (x_1 v -x_4 v x_5) ^ (-x_5 v -x_2 v x_7) ^ (-x_9 v x_10 v x_7) ^ (x_1 v x_10 v x_7) ^ (x_5 v -x_8 v -x_0) ^ (x_0 v -x_5 v x_7) ^ (x_3 v -x_9 v x_4)]
12,23,0.5565938949584961,64,0.001177072525024414,0.5837860107421875,[(x_3 v x_9 v x_5) ^ (x_4 v -x_8 v -x_11) ^ (x_10 v -x_8 v -x_11) ^ (x_6 v x_1 v -x_4) ^ (-x_4 v x_2 v -x_3) ^ (-x_4 v x_9 v -x_6) ^ (-x_1 v -x_2 v -x_11) ^ (x_3 v -x_9 v x_10) ^ (-x_10 v x_7 v x_5) ^ (x_10 v x_2 v -x_3) ^ (x_0 v x_1 v -x_2) ^ (x_3 v x_1 v -x_5) ^ (-x_5 v x_4 v x_8) ^ (x_3 v -x_2 v -x_8) ^ (-x_5 v -x_8 v -x_11) ^ (x_11 v x_10 v x_2) ^ (x_11 v -x_9 v x_10) ^ (x_11 v x_10 v -x_3) ^ (x_9 v x_10 v x_7) ^ (x_0 v -x_4 v -x_7) ^ (x_0 v -x_7 v x_10) ^ (x_10 v x_2 v x_8) ^ (x_3 v x_7 v -x_11)]
12,21,0.4925119876861572,1,0.0011773109436035156,0.5855741500854492,[(x_0 v x_7 v -x_11) ^ (-x_4 v -x_7 v -x_0) ^ (-x_4 v x_2 v -x_3) ^ (x_7 v -x_8 v -x_3) ^ (-x_9 v x_7) ^ (x_6 v x_1 v x_5) ^ (-x_1 v -x_8 v -x_11) ^ (-x_9 v x_2 v -x_0) ^ (x_0 v x_9 v x_2) ^ (x_3 v x_6 v -x_11) ^ (x_3 v -x_7 v x_0) ^ (x_3 v x_9 v x_7) ^ (-x_1 v x_7 v -x_8) ^ (-x_6 v -x_3) ^ (x_9 v x_10 v -x_7) ^ (x_1 v -x_11 v x_8) ^ (-x_10 v x_2 v x_8) ^ (x_1 v -x_4 v -x_2) ^ (-x_4 v -x_10 v -x_11) ^ (-x_1 v x_6 v -x_0) ^ (-x_6 v x_2 v -x_3)]
12,34,0.7151272296905518,64,0.001154184341430664,0.6104049682617188,[(x_11 v -x_8) ^ (-x_1 v x_5) ^ (-x_10 v x_5 v -x_0) ^ (x_1 v -x_3) ^ (x_1 v x_9 v -x_7) ^ (x_0 v x_9 v -x_3) ^ (x_9 v -x_10 v x_7) ^ (x_1 v -x_4 v -x_8) ^ (-x_9 v x_5) ^ (-x_2 v -x_8 v -x_6) ^ (-x_9 v x_10 v x_4) ^ (-x_7 v x_5 v -x_3) ^ (x_9 v -x_2) ^ (x_11 v -x_9) ^ (x_1 v x_4 v x_2) ^ (x_11 v x_9) ^ (x_7 v x_2 v -x_6) ^ (x_1 v x_7 v -x_8) ^ (x_6 v -x_5 v x_10) ^ (x_6 v x_7 v x_8) ^ (-x_5 v x_10 v -x_11) ^ (-x_4 v -x_3 v -x_0) ^ (x_0 v x_2 v -x_8) ^ (x_11 v x_10 v -x_5) ^ (x_6 v -x_4 v -x_2) ^ (x_0 v x_6 v x_10) ^ (x_3 v -x_4 v -x_2) ^ (-x_2 v -x_5 v -x_8) ^ (-x_3 v -x_8 v -x_0) ^ (-x_11 v -x_7 v -x_3) ^ (x_3 v -x_9 v -x_0) ^ (-x_1 v -x_0) ^ (x_1 v -x_5 v -x_6) ^ (x_0 v x_10 v x_3)]
12,23,0.5547645092010498,1,0.0012078285217285156,0.602961540222168,[(x_2 v x_10 v x_5) ^ (x_3 v x_10 v x_5) ^ (x_6 v -x_5 v -x_8) ^ (x_6 v -x_9 v -x_10) ^ (x_3 v -x_5 v -x_11) ^ (x_0 v -x_7 v x_2) ^ (x_1 v -x_2 v -x_3) ^ (x_1 v -x_2 v x_8) ^ (x_3 v x_1) ^ (-x_1 v x_10 v -x_6) ^ (x_1 v -x_10 v -x_5) ^ (x_0 v -x_7 v x_4) ^ (x_1 v -x_7 v x_4) ^ (-x_7 v x_2 v -x_11) ^ (-x_11 v x_10 v -x_3) ^ (-x_9 v x_10 v x_7) ^ (x_8 v -x_5 v -x_6) ^ (x_7 v -x_3 v -x_11) ^ (x_1 v x_4 v x_5) ^ (-x_2 v x_9 v -x_5) ^ (x_11 v x_10 v -x_3) ^ (-x_9 v x_1 v -x_11) ^ (-x_7 v -x_6 v x_8)]
12,17,0.3946564197540283,64,0.0016467571258544922,0.5646743774414062,[(x_3 v x_9 v x_2) ^ (-x_1 v -x_7 v x_11) ^ (-x_7 v -x_2 v -x_3) ^ (x_9 v x_5 v -x_0) ^ (x_0 v x_5 v x_8) ^ (x_1 v -x_5 v x_7) ^ (x_10 v x_5 v x_8) ^ (x_0 v -x_10 v -x_7) ^ (x_1 v x_10 v x_4) ^ (x_11 v x_9 v -x_3) ^ (x_0 v x_9 v -x_5) ^ (x_11 v x_9 v -x_4) ^ (x_9 v x_10 v x_4) ^ (x_9 v -x_8 v -x_6) ^ (x_6 v -x_11) ^ (-x_7 v -x_2 v -x_10) ^ (-x_4 v -x_7 v -x_3)]
12,18,0.4258103370666504,1,0.0013492107391357422,0.5726652145385742,[(x_3 v x_8) ^ (x_0 v x_5) ^ (x_6 v -x_10 v -x_5) ^ (x_0 v -x_10 v -x_11) ^ (x_11 v -x_1 v x_5) ^ (x_3 v x_7 v -x_8) ^ (-x_10 v -x_6 v -x_11) ^ (x_6 v x_9 v -x_11) ^ (x_11 v -x_3 v -x_0) ^ (-x_9 v -x_8) ^ (x_2 v -x_3 v -x_0) ^ (-x_1 v x_2) ^ (x_6 v -x_9 v x_7) ^ (-x_10 v x_7 v x_8) ^ (-x_4 v x_10 v -x_7) ^ (-x_9 v -x_5 v x_7) ^ (-x_2 v x_7 v -x_0) ^ (x_7 v x_5 v -x_6)]
12,18,0.39775967597961426,64,0.0016131401062011719,0.6186599731445312,[(x_4 v x_7) ^ (x_8 v -x_2 v x_4) ^ (x_3 v -x_10 v x_8) ^ (-x_4 v -x_8 v -x_0) ^ (-x_10 v x_7 v -x_8) ^ (x_9 v x_7 v -x_10) ^ (x_1 v -x_7 v x_4) ^ (x_10 v x_2 v -x_0) ^ (x_3 v -x_10 v x_4) ^ (x_11 v x_1 v x_9) ^ (x_7 v x_2 v -x_3) ^ (x_6 v x_2 v -x_0) ^ (-x_1 v -x_7 v -x_8) ^ (x_3 v -x_4 v -x_11) ^ (x_1 v -x_7 v x_2) ^ (x_8 v x_9 v -x_6) ^ (-x_4 v -x_5 v -x_3) ^ (x_11 v x_6 v x_0)]
12,18,0.42412734031677246,1,0.0012350082397460938,0.5766706466674805,[(-x_9 v -x_6 v -x_3) ^ (x_9 v -x_10 v x_4) ^ (-x_10 v x_2 v x_8) ^ (-x_1 v x_4) ^ (x_8 v -x_0) ^ (x_0 v -x_9 v -x_3) ^ (x_3 v -x_5 v -x_6) ^ (x_3 v x_2 v -x_0) ^ (-x_4 v -x_2 v -x_6) ^ (x_6 v -x_5 v x_7) ^ (-x_4 v -x_2 v -x_0) ^ (x_1 v x_7 v -x_5) ^ (x_3 v -x_10 v -x_0) ^ (x_8 v -x_5 v x_4) ^ (x_6 v -x_7 v x_5) ^ (-x_1 v x_3) ^ (x_3 v x_9 v -x_4) ^ (x_11 v x_10 v -x_2)]
12,28,0.5983214378356934,64,0.001506805419921875,0.5756378173828125,[(x_11 v -x_7 v x_8) ^ (x_6 v -x_9 v -x_5) ^ (-x_0 v x_9 v -x_6) ^ (-x_0 v -x_4 v -x_6) ^ (x_4 v x_2 v x_7) ^ (x_3 v x_5 v -x_0) ^ (x_6 v x_2 v -x_11) ^ (x_0 v x_9 v -x_6) ^ (x_0 v x_2 v x_11) ^ (-x_1 v x_9 v x_2) ^ (-x_0 v -x_9 v -x_3) ^ (x_3 v x_1 v x_8) ^ (-x_4 v -x_5 v x_8) ^ (x_3 v -x_4 v x_0) ^ (x_1 v -x_8 v -x_6) ^ (-x_11 v -x_10 v -x_6) ^ (x_6 v x_10 v x_5) ^ (-x_0 v -x_10 v x_8) ^ (-x_5 v -x_2 v -x_11) ^ (x_11 v x_9) ^ (x_11 v x_2 v -x_3) ^ (-x_9 v x_7 v x_2) ^ (x_3 v -x_2 v x_11) ^ (-x_11 v -x_2 v -x_3) ^ (x_6 v x_5 v x_8) ^ (-x_7 v -x_6) ^ (-x_4 v -x_5 v x_2) ^ (-x_10 v x_2 v -x_0)]
12,36,0.8276875019073486,1,0.0012607574462890625,0.6287870407104492,[(x_3 v x_7 v -x_0) ^ (x_11 v -x_4 v x_9) ^ (x_3 v -x_8 v -x_0) ^ (x_0 v x_1 v -x_5) ^ (-x_4 v -x_7 v -x_0) ^ (x_2 v -x_6) ^ (-x_11 v -x_6) ^ (-x_9 v x_4 v x_5) ^ (x_0 v x_1 v -x_11) ^ (x_9 v x_4 v x_5) ^ (x_11 v x_10 v -x_6) ^ (-x_0 v -x_10 v -x_6) ^ (-x_1 v -x_8 v -x_11) ^ (-x_5 v -x_2 v -x_3) ^ (x_7 v x_5) ^ (-x_11 v x_9 v -x_3) ^ (-x_9 v -x_5 v x_8) ^ (-x_10 v x_4 v x_5) ^ (-x_7 v x_2 v -x_11) ^ (-x_1 v x_2 v x_0) ^ (x_11 v x_9 v x_7) ^ (-x_10 v x_4 v -x_3) ^ (-x_5 v x_8) ^ (x_11 v x_5) ^ (-x_1 v x_7 v x_8) ^ (-x_10 v -x_5 v x_4) ^ (x_11 v x_4 v -x_3) ^ (x_1 v x_7 v x_8) ^ (x_0 v x_10 v x_2) ^ (-x_11 v x_10 v x_4) ^ (x_3 v x_10 v -x_11) ^ (x_6 v x_4 v x_5) ^ (-x_10 v x_2) ^ (x_9 v -x_7) ^ (x_6 v -x_11) ^ (-x_1 v -x_10 v -x_8)]
12,21,0.44771909713745117,64,0.0013513565063476562,0.5741043090820312,[(x_11 v -x_8) ^ (x_1 v x_9 v -x_6) ^ (-x_1 v x_8 v -x_11) ^ (-x_7 v x_5 v -x_6) ^ (x_3 v x_5 v -x_0) ^ (x_0 v x_1 v x_10) ^ (-x_7 v -x_6 v -x_3) ^ (x_6 v -x_9 v x_10) ^ (-x_6 v -x_2 v -x_3) ^ (-x_10 v -x_5 v -x_0) ^ (x_10 v -x_11) ^ (x_11 v -x_10 v -x_0) ^ (x_3 v -x_9 v x_5) ^ (-x_5 v x_8) ^ (x_9 v x_5 v -x_7) ^ (x_10 v x_2 v -x_6) ^ (x_6 v x_5 v -x_11) ^ (-x_2 v -x_0) ^ (x_0 v -x_4 v -x_8) ^ (x_1 v -x_4 v x_2) ^ (-x_7 v x_5 v -x_3)]
12,18,0.4389770030975342,1,0.0012311935424804688,0.5768308639526367,[(x_3 v -x_1 v -x_10) ^ (x_0 v x_6 v -x_11) ^ (x_11 v x_2 v x_8) ^ (x_11 v -x_7 v -x_5) ^ (-x_9 v x_10 v -x_5) ^ (x_8 v -x_3 v -x_11) ^ (-x_9 v x_7) ^ (x_3 v -x_10 v x_4) ^ (x_3 v -x_9 v -x_8) ^ (x_0 v x_10 v -x_3) ^ (x_3 v x_1) ^ (x_0 v -x_4 v x_5) ^ (x_3 v -x_9 v -x_0) ^ (x_3 v -x_9 v -x_10) ^ (x_3 v x_10 v -x_6) ^ (-x_9 v -x_10 v x_2) ^ (x_5 v x_4 v x_2) ^ (x_9 v x_5)]
12,31,0.6693661212921143,64,0.001573801040649414,0.6245651245117188,[(x_3 v x_2 v x_5) ^ (-x_0 v x_1 v -x_11) ^ (x_6 v -x_2 v x_4) ^ (x_6 v x_7 v -x_11) ^ (x_0 v x_6 v x_8) ^ (-x_5 v x_4 v -x_0) ^ (x_9 v -x_11) ^ (x_2 v -x_11) ^ (-x_0 v -x_9 v -x_3) ^ (x_1 v -x_7 v -x_2) ^ (-x_1 v -x_10 v x_5) ^ (x_0 v x_6 v x_4) ^ (x_1 v -x_5 v -x_3) ^ (x_11 v x_1 v -x_3) ^ (x_4 v -x_6) ^ (x_0 v -x_2 v x_3) ^ (x_0 v x_3 v -x_8) ^ (x_11 v x_1 v -x_5) ^ (x_6 v x_10) ^ (x_11 v -x_9 v x_4) ^ (-x_9 v -x_7 v -x_3) ^ (x_0 v -x_8) ^ (-x_9 v x_10 v -x_3) ^ (x_3 v -x_9 v -x_11) ^ (x_3 v -x_9 v x_4) ^ (-x_4 v -x_5 v x_7) ^ (-x_0 v -x_4 v -x_3) ^ (-x_10 v -x_2 v -x_6) ^ (x_6 v x_4 v x_5) ^ (x_0 v x_3) ^ (x_0 v x_7 v x_2)]
13,39,1.7482929229736328,1,0.004290342330932617,1.3584699630737305,[(-x_1 v x_5) ^ (x_0 v -x_10 v -x_7) ^ (-x_4 v -x_7 v -x_0) ^ (x_12 v -x_2 v -x_10) ^ (x_11 v -x_10 v -x_3) ^ (-x_9 v -x_4 v -x_3) ^ (x_11 v -x_4 v -x_10) ^ (-x_11 v -x_4 v x_8) ^ (x_11 v x_1 v -x_2) ^ (x_9 v x_4 v -x_10) ^ (-x_1 v x_9 v x_2) ^ (-x_1 v -x_7 v x_4) ^ (x_9 v -x_4 v -x_7) ^ (-x_11 v -x_8 v -x_3) ^ (-x_9 v x_5 v -x_11) ^ (x_10 v -x_2 v x_4) ^ (x_6 v x_12 v x_10) ^ (-x_7 v -x_5 v -x_11) ^ (x_6 v x_9) ^ (-x_4 v x_12 v -x_3) ^ (x_0 v x_4 v x_2) ^ (x_11 v -x_7 v -x_2) ^ (x_6 v x_7 v -x_8) ^ (-x_11 v x_2 v x_8) ^ (x_0 v -x_2 v -x_6) ^ (-x_12 v -x_4 v -x_2) ^ (x_2 v -x_8) ^ (-x_10 v x_5 v -x_3) ^ (-x_10 v x_2 v x_8) ^ (-x_12 v -x_4 v x_7) ^ (-x_9 v -x_2 v x_7) ^ (x_2 v x_5 v -x_3) ^ (-x_4 v -x_5 v x_2) ^ (-x_4 v x_10 v -x_8) ^ (x_6 v -x_9 v x_7) ^ (x_11 v -x_7 v -x_8) ^ (x_3 v -x_9 v x_7) ^ (x_3 v -x_9 v -x_12) ^ (x_0 v -x_4 v -x_10)]
13,34,1.4370832443237305,91,0.002351045608520508,1.3329238891601562,[(x_3 v x_7 v -x_0) ^ (x_10 v x_5 v -x_0) ^ (x_6 v -x_7 v -x_5) ^ (x_11 v -x_5 v x_2) ^ (x_9 v x_10 v -x_6) ^ (-x_10 v x_7 v x_8) ^ (x_11 v -x_2 v x_8) ^ (x_12 v x_5 v -x_3) ^ (x_12 v -x_2 v -x_6) ^ (-x_5 v -x_4 v -x_10) ^ (-x_5 v -x_2 v x_7) ^ (x_12 v x_9 v x_5) ^ (-x_10 v x_5 v -x_7) ^ (x_3 v x_10 v -x_8) ^ (x_1 v x_5 v -x_6) ^ (x_0 v -x_9 v x_1) ^ (x_11 v x_1 v x_9) ^ (x_8 v x_4 v -x_11) ^ (x_1 v x_7 v -x_6) ^ (-x_10 v x_4 v -x_3) ^ (x_8) ^ (-x_1 v -x_9 v -x_12) ^ (x_6 v x_9 v -x_5) ^ (-x_1 v x_10 v -x_8) ^ (x_0 v -x_2 v -x_6) ^ (x_3 v x_12 v x_8) ^ (-x_1 v -x_5 v -x_8) ^ (x_12 v x_10 v -x_6) ^ (-x_5 v x_7 v -x_6) ^ (-x_12 v x_10 v x_7) ^ (x_11 v x_12) ^ (x_0 v -x_4) ^ (-x_1 v -x_7 v x_8) ^ (-x_6 v x_2 v -x_3)]
13,37,1.6720387935638428,1,0.002444028854370117,1.3877058029174805,[(-x_12 v -x_9 v x_4) ^ (-x_9 v -x_2 v -x_3) ^ (-x_7 v x_5 v -x_11) ^ (-x_4 v x_10 v x_2) ^ (x_6 v -x_4 v -x_11) ^ (x_11 v -x_4 v -x_3) ^ (-x_1 v -x_3 v x_0) ^ (x_0 v -x_1 v x_9) ^ (x_5 v x_2 v -x_3) ^ (x_3 v -x_7) ^ (x_1 v -x_9 v x_8) ^ (x_12 v x_10) ^ (-x_8 v -x_6) ^ (x_12 v -x_3 v -x_0) ^ (x_11 v -x_12 v -x_5) ^ (-x_0 v x_9 v -x_11) ^ (x_1 v -x_10 v -x_3) ^ (-x_9 v x_2 v -x_0) ^ (-x_1 v x_5 v -x_6) ^ (x_5 v -x_3) ^ (x_0 v -x_5) ^ (x_6 v x_1 v -x_3) ^ (x_6 v -x_3 v x_8) ^ (x_11 v x_1 v -x_5) ^ (x_1 v x_12 v -x_6) ^ (x_9 v x_4 v -x_6) ^ (-x_6 v -x_8 v -x_0) ^ (x_11 v x_2 v -x_3) ^ (x_10 v x_5 v -x_8) ^ (-x_2 v -x_0) ^ (-x_9 v -x_10 v -x_8) ^ (x_6 v -x_10 v -x_5) ^ (-x_1 v x_9) ^ (x_1 v -x_9 v x_10) ^ (-x_12 v -x_4 v x_8) ^ (-x_1 v -x_7) ^ (x_3 v x_9 v -x_5)]
13,15,0.6496162414550781,91,0.0024285316467285156,1.2652435302734375,[(x_5 v -x_11) ^ (x_11 v -x_9 v -x_5) ^ (x_3 v x_9 v -x_11) ^ (x_9 v x_1 v -x_4) ^ (-x_2 v -x_0) ^ (x_2 v x_7 v x_5) ^ (-x_12 v -x_5 v -x_0) ^ (x_3 v -x_4 v x_7) ^ (-x_9 v -x_7) ^ (x_1 v -x_2 v -x_11) ^ (-x_7 v -x_2 v -x_6) ^ (x_3 v x_7 v -x_11) ^ (x_11 v x_3 v x_8) ^ (x_12 v x_10 v -x_8) ^ (x_3 v -x_0 v -x_6)]
13,14,0.6637475490570068,1,0.0029981136322021484,1.258112907409668,[(-x_12 v -x_10 v -x_6) ^ (-x_4 v -x_12 v x_9) ^ (x_7 v -x_3 v -x_0) ^ (-x_1 v x_5 v -x_8) ^ (x_0 v x_1 v -x_4) ^ (-x_1 v -x_12 v -x_3) ^ (-x_4 v x_7 v x_8) ^ (x_4 v x_5 v -x_0) ^ (x_12 v x_10 v x_2) ^ (x_1 v -x_3 v -x_6) ^ (x_10 v -x_6) ^ (x_5 v -x_3 v -x_11) ^ (x_1 v -x_10 v x_4) ^ (-x_9 v x_5)]
13,36,1.4919672012329102,91,0.0025031566619873047,1.2953720092773438,[(x_6 v x_10 v -x_3) ^ (x_0 v x_12 v x_9) ^ (-x_1 v -x_11 v -x_6) ^ (x_1 v -x_10 v -x_2) ^ (-x_0 v -x_8 v -x_3) ^ (x_11 v -x_12 v x_3) ^ (x_6 v -x_3 v -x_11) ^ (x_0 v x_10 v -x_11) ^ (-x_2 v x_7 v -x_11) ^ (-x_1 v -x_2 v x_3) ^ (x_12 v -x_5 v -x_0) ^ (-x_1 v -x_6 v -x_0) ^ (-x_9 v x_12 v x_8) ^ (-x_9 v x_10 v -x_0) ^ (x_0 v x_6 v x_4) ^ (x_11 v -x_10 v x_5) ^ (x_6 v -x_3 v x_8) ^ (x_0 v x_4 v -x_3) ^ (x_3 v x_6 v -x_12) ^ (x_6 v -x_12 v x_2) ^ (x_9 v -x_10) ^ (x_0 v x_1) ^ (-x_5 v x_10 v -x_11) ^ (-x_12 v -x_5 v -x_11) ^ (x_6 v x_5 v -x_8) ^ (x_11 v x_4 v x_2) ^ (x_11 v x_4 v -x_3) ^ (-x_7 v x_5 v -x_0) ^ (x_3 v -x_9 v x_1) ^ (-x_1 v -x_4 v -x_7) ^ (-x_10 v -x_2 v -x_6) ^ (-x_10 v -x_3 v -x_11) ^ (x_11 v -x_8 v -x_0) ^ (x_6 v x_2 v x_5) ^ (x_12 v -x_10 v x_2) ^ (-x_0 v x_2 v -x_11)]
13,19,0.8908483982086182,1,0.0024089813232421875,1.3519392013549805,[(x_9 v -x_5 v -x_7) ^ (x_10 v -x_5 v x_7) ^ (x_1 v x_9 v -x_6) ^ (x_0 v -x_12 v -x_8) ^ (x_6 v x_2 v x_8) ^ (x_6 v x_12 v x_5) ^ (x_0 v x_9 v x_8) ^ (x_6 v x_9 v -x_2) ^ (x_1 v -x_7 v x_2) ^ (x_0 v -x_8 v -x_11) ^ (x_0 v x_7 v x_5) ^ (x_3 v x_9 v x_7) ^ (-x_9 v x_4 v -x_6) ^ (x_1 v -x_3 v -x_11) ^ (x_12 v x_9 v -x_4) ^ (-x_9 v -x_10 v -x_8) ^ (x_11 v -x_7) ^ (x_6 v -x_12 v -x_8) ^ (x_0 v x_12 v x_2)]
13,25,1.0971505641937256,91,0.002355337142944336,1.3338165283203125,[(x_11 v -x_5 v x_8) ^ (x_11 v x_12 v x_7) ^ (x_1 v -x_2 v -x_8) ^ (x_6 v x_10 v x_8) ^ (-x_4 v -x_2 v -x_8) ^ (-x_9 v x_5 v -x_11) ^ (x_11 v x_1 v -x_3) ^ (-x_9 v -x_6 v -x_0) ^ (-x_12 v -x_3 v x_8) ^ (x_1 v -x_10 v -x_5) ^ (x_11 v -x_4 v x_8) ^ (-x_1 v -x_8 v x_11) ^ (x_6 v -x_0) ^ (x_0 v -x_2) ^ (-x_1 v x_4 v x_5) ^ (x_11 v x_12 v x_8) ^ (-x_1 v x_6 v x_9) ^ (-x_1 v -x_9 v x_4) ^ (x_11 v -x_2 v x_7) ^ (x_6 v -x_12) ^ (-x_4 v x_2 v -x_6) ^ (-x_2 v x_10 v x_4) ^ (x_9 v -x_8 v -x_3) ^ (-x_12 v -x_4 v x_8) ^ (x_11 v -x_9 v x_0)]
13,27,1.215895414352417,1,0.0024466514587402344,1.3858137130737305,[(x_11 v x_7 v x_5) ^ (-x_10 v -x_5 v -x_3) ^ (-x_0 v x_10 v -x_11) ^ (x_9 v x_5 v -x_8) ^ (x_12 v -x_2 v -x_6) ^ (x_0 v -x_7 v x_8) ^ (x_11 v x_6 v x_2) ^ (-x_12 v x_10 v x_4) ^ (x_11 v -x_8 v -x_6) ^ (x_1 v x_7 v -x_11) ^ (x_6 v -x_10 v -x_2) ^ (-x_9 v -x_10 v -x_11) ^ (x_11 v x_1 v x_4) ^ (x_1 v x_10 v -x_0) ^ (x_0 v x_12) ^ (-x_7 v x_10 v -x_6) ^ (x_12 v x_8) ^ (x_10 v x_2 v -x_6) ^ (x_11 v x_4 v -x_3) ^ (-x_10 v x_2 v x_8) ^ (-x_1 v x_10 v -x_3) ^ (-x_1 v -x_12 v x_7) ^ (x_0 v x_4 v -x_6) ^ (x_3 v x_5 v -x_6) ^ (-x_1 v x_12 v x_10) ^ (x_0 v -x_4 v -x_10) ^ (x_6 v -x_12 v x_8)]
13,23,0.9849920272827148,91,0.002249002456665039,1.2328872680664062,[(x_10 v -x_2 v -x_8) ^ (-x_11 v -x_2 v x_4) ^ (x_0 v -x_9 v x_7) ^ (x_6 v x_1 v -x_0) ^ (-x_9 v -x_5 v -x_6) ^ (x_9 v x_5 v x_8) ^ (x_0 v -x_10 v x_3) ^ (x_10 v -x_3 v x_8) ^ (-x_1 v x_10 v x_4) ^ (-x_7 v -x_2 v -x_3) ^ (x_3 v -x_5 v -x_0) ^ (x_11 v x_5 v -x_8) ^ (x_3 v x_6 v -x_12) ^ (x_3 v x_7 v -x_8) ^ (x_2 v x_5 v -x_8) ^ (-x_10 v x_5 v x_8) ^ (-x_9 v -x_2 v x_5) ^ (x_1 v x_10 v x_2) ^ (-x_12 v x_4 v -x_6) ^ (x_11 v x_10 v x_3) ^ (-x_4 v x_2 v -x_7) ^ (x_11 v -x_1 v x_10) ^ (-x_0 v x_7 v -x_11)]
13,37,1.6750330924987793,1,0.003022432327270508,1.2946577072143555,[(-x_12 v -x_2 v -x_5) ^ (-x_4 v -x_0) ^ (-x_12 v -x_2 v x_4) ^ (x_3 v -x_4 v x_2) ^ (-x_1 v -x_7 v -x_2) ^ (x_9 v x_7 v -x_0) ^ (-x_1 v -x_2 v x_8) ^ (x_3 v x_6 v -x_8) ^ (-x_7 v x_10 v x_4) ^ (x_6 v -x_2 v -x_0) ^ (-x_2 v x_7 v x_4) ^ (x_1 v -x_12 v x_2) ^ (x_6 v x_12 v x_5) ^ (x_3 v -x_5 v x_4) ^ (-x_0 v x_10 v x_8) ^ (-x_4 v -x_8) ^ (x_1 v x_2) ^ (-x_1 v x_10 v -x_11) ^ (x_9 v x_5 v -x_11) ^ (-x_7 v x_2 v x_8) ^ (x_1 v x_10 v -x_6) ^ (x_6 v -x_0) ^ (x_11 v -x_7 v -x_2) ^ (x_10 v x_9 v -x_2) ^ (x_11 v x_6 v -x_12) ^ (x_7 v -x_8 v -x_6) ^ (x_11 v -x_7 v x_2) ^ (x_11 v x_5) ^ (-x_2 v x_5) ^ (-x_4 v x_10 v -x_6) ^ (-x_4 v x_5 v -x_6) ^ (x_9 v -x_5) ^ (x_1 v x_12 v x_2) ^ (x_0 v -x_4 v -x_3) ^ (x_11 v -x_1 v -x_5) ^ (-x_11 v x_7 v -x_0) ^ (x_0 v x_7 v -x_3)]
13,16,0.7086818218231201,91,0.004369020462036133,1.228851318359375,[(x_12 v -x_0) ^ (-x_4 v -x_2 v x_7) ^ (-x_0 v -x_8 v -x_6) ^ (x_12 v -x_10 v -x_8) ^ (x_3 v x_4 v x_5) ^ (-x_9 v -x_4 v -x_7) ^ (x_1 v -x_5 v -x_0) ^ (x_3 v x_9 v x_11) ^ (x_3 v x_12 v -x_2) ^ (x_1 v -x_5 v -x_6) ^ (-x_12 v -x_5 v -x_3) ^ (x_12 v -x_10 v x_7) ^ (-x_5 v -x_7 v x_10) ^ (-x_12 v -x_4 v -x_7) ^ (x_3 v x_12 v -x_6) ^ (-x_11 v x_4 v x_8)]
13,17,0.8015272617340088,1,0.0021169185638427734,1.2324018478393555,[(x_11 v x_1 v -x_12) ^ (x_11 v x_7 v -x_6) ^ (x_8 v -x_4 v -x_3) ^ (-x_7 v -x_5 v x_2) ^ (x_1 v x_12 v x_4) ^ (-x_2 v -x_4 v -x_5) ^ (-x_10 v -x_6) ^ (x_1 v -x_10 v -x_11) ^ (-x_9 v x_4 v x_8) ^ (x_9 v x_10 v -x_0) ^ (x_1 v x_10 v -x_8) ^ (x_10 v x_2 v -x_6) ^ (-x_1 v x_4 v x_7) ^ (x_12 v x_9 v -x_4) ^ (x_12 v -x_8 v -x_11) ^ (x_0 v x_4 v -x_8) ^ (x_1 v -x_2 v x_7)]
13,25,1.0618102550506592,91,0.0027005672454833984,1.3453292846679688,[(x_3 v -x_8 v -x_0) ^ (x_3 v -x_6) ^ (x_0 v x_6 v x_8) ^ (x_6 v x_12 v -x_5) ^ (x_1 v x_9 v -x_2) ^ (x_12 v x_4) ^ (x_1 v x_12 v x_5) ^ (-x_1 v x_12 v -x_11) ^ (-x_1 v x_7 v -x_11) ^ (x_6 v x_8 v -x_11) ^ (x_3 v x_4 v -x_6) ^ (x_6 v -x_4 v x_8) ^ (x_9 v -x_10 v -x_6) ^ (x_4 v x_5 v -x_3) ^ (-x_4 v x_7 v x_2) ^ (-x_9 v -x_12 v -x_11) ^ (-x_1 v -x_4 v -x_2) ^ (x_11 v x_9 v -x_2) ^ (x_12 v -x_11) ^ (x_2 v -x_8) ^ (x_3 v x_6 v x_12) ^ (-x_12 v x_5 v -x_0) ^ (x_3 v x_1 v x_12) ^ (x_11 v -x_7 v -x_8) ^ (x_11 v x_9 v -x_8)]
13,39,1.759197473526001,1,0.0048372745513916016,1.3471250534057617,[(x_0 v x_1 v -x_10) ^ (x_0 v -x_5 v -x_8) ^ (x_3 v x_9 v x_5) ^ (-x_1 v x_12 v x_10) ^ (x_6 v -x_9 v x_5) ^ (x_0 v -x_12 v -x_8) ^ (x_0 v -x_2 v -x_8) ^ (x_12 v -x_10) ^ (x_11 v x_9 v -x_10) ^ (x_11 v -x_0 v x_8) ^ (x_11 v -x_10 v -x_5) ^ (x_3 v -x_4 v x_10) ^ (-x_10 v -x_6 v x_8) ^ (-x_1 v -x_2 v x_11) ^ (x_1 v -x_7 v -x_2) ^ (x_3 v x_2 v -x_11) ^ (x_11 v x_3 v x_8) ^ (-x_1 v x_2 v -x_0) ^ (-x_11 v -x_6 v x_8) ^ (-x_7 v -x_3 v -x_11) ^ (x_0 v x_1 v -x_8) ^ (x_1 v -x_12 v x_10) ^ (x_3 v x_10 v -x_8) ^ (-x_1 v x_5 v -x_11) ^ (-x_4 v x_8) ^ (-x_9 v -x_4 v -x_8) ^ (x_11 v x_9) ^ (x_12 v x_9 v -x_3) ^ (x_7 v -x_6) ^ (-x_0 v x_10 v x_4) ^ (-x_12 v x_4 v -x_11) ^ (-x_1 v -x_12 v -x_4) ^ (-x_2 v x_5) ^ (x_11 v -x_10) ^ (-x_1 v -x_4 v -x_10) ^ (x_5 v -x_8 v -x_6) ^ (x_0 v x_6 v x_5) ^ (x_1 v x_7) ^ (x_12 v -x_5 v -x_11)]
13,24,1.0104146003723145,91,0.002603292465209961,1.2694244384765625,[(-x_6 v x_2 v -x_11) ^ (x_1 v x_12 v -x_8) ^ (x_0 v -x_2 v x_5) ^ (-x_4 v x_2 v -x_3) ^ (-x_10 v x_7 v x_8) ^ (x_6 v x_12 v -x_5) ^ (x_6 v -x_7 v x_5) ^ (-x_2 v -x_5 v x_4) ^ (-x_4 v x_9 v x_12) ^ (x_0 v x_6 v -x_7) ^ (x_11 v -x_10 v x_4) ^ (x_3 v -x_10 v -x_0) ^ (-x_1 v x_4 v -x_0) ^ (-x_2 v x_5 v x_7) ^ (x_11 v x_10 v -x_8) ^ (-x_12 v x_1 v -x_3) ^ (-x_10 v x_5 v -x_3) ^ (x_7 v -x_3 v -x_0) ^ (x_3 v x_9 v -x_10) ^ (-x_2 v -x_3 v x_8) ^ (x_1 v x_7 v x_8) ^ (x_0 v x_3) ^ (x_1 v x_2 v -x_11) ^ (-x_0 v -x_5 v x_8)]
13,16,0.7491369247436523,1,0.0018863677978515625,1.2771329879760742,[(x_3 v x_5) ^ (-x_12 v x_10 v x_2) ^ (x_11 v x_12 v x_0) ^ (-x_4 v -x_2 v -x_6) ^ (x_12 v x_5 v x_8) ^ (-x_1 v x_5 v -x_0) ^ (x_8 v -x_5 v x_4) ^ (-x_1 v x_6 v -x_8) ^ (x_0 v x_9 v -x_6) ^ (-x_12 v x_9 v -x_11) ^ (x_0 v -x_7 v x_5) ^ (x_1 v x_10 v -x_8) ^ (x_12 v x_10 v x_5) ^ (x_11 v x_9 v x_5) ^ (x_0 v x_4 v -x_8) ^ (x_6 v -x_11 v x_8)]
13,29,1.201512336730957,91,0.003125429153442383,1.3561019897460938,[(x_11 v x_9 v -x_8) ^ (x_3 v x_0 v -x_6) ^ (x_1 v -x_9 v x_5) ^ (-x_1 v x_5 v -x_0) ^ (x_11 v -x_10 v -x_3) ^ (x_1 v -x_4 v x_7) ^ (x_4 v -x_8 v -x_6) ^ (x_0 v x_9 v x_3) ^ (-x_2 v x_7 v x_4) ^ (-x_9 v -x_5 v -x_6) ^ (-x_1 v -x_6 v x_0) ^ (x_0 v x_4 v -x_2) ^ (-x_9 v x_4 v x_8) ^ (x_11 v x_1 v x_10) ^ (-x_0 v x_4 v x_8) ^ (-x_10 v x_5 v -x_8) ^ (x_7 v x_2 v x_8) ^ (x_6 v -x_7 v -x_11) ^ (-x_1 v x_6 v x_9) ^ (x_11 v x_2 v -x_3) ^ (-x_12 v -x_4 v -x_7) ^ (-x_7 v -x_8 v -x_3) ^ (x_11 v x_1 v -x_12) ^ (x_11 v -x_9 v -x_0) ^ (-x_1 v x_10 v -x_3) ^ (x_0 v x_2 v x_8) ^ (-x_7 v -x_10 v -x_6) ^ (x_9 v -x_8 v -x_0) ^ (x_9 v -x_2 v -x_6)]
13,35,1.5534265041351318,1,0.0025663375854492188,1.3306303024291992,[(-x_9 v x_5 v -x_6) ^ (x_1 v x_10 v -x_5) ^ (-x_12 v -x_2 v -x_11) ^ (-x_1 v x_9 v x_7) ^ (-x_4 v -x_2 v -x_0) ^ (-x_1 v x_8 v -x_11) ^ (x_11 v -x_4 v x_2) ^ (x_11 v -x_7 v x_3) ^ (x_11 v -x_4 v -x_10) ^ (-x_2 v x_7 v x_4) ^ (x_1 v -x_9 v x_8) ^ (x_7 v -x_11) ^ (-x_12 v x_7 v x_5) ^ (-x_12 v x_9 v x_2) ^ (-x_1 v -x_12 v x_8) ^ (x_3 v -x_10 v x_11) ^ (x_4 v -x_6) ^ (-x_1 v -x_6 v -x_3) ^ (-x_1 v x_12 v -x_7) ^ (-x_10 v -x_8) ^ (x_10 v x_12 v -x_2) ^ (-x_12 v -x_9 v x_5) ^ (x_0 v x_1 v x_7) ^ (x_8 v x_7 v -x_6) ^ (-x_0 v x_6 v -x_11) ^ (x_11 v x_2 v -x_3) ^ (x_11 v -x_7 v x_2) ^ (-x_5 v -x_3) ^ (x_9 v x_10 v x_7) ^ (x_9 v -x_10 v x_4) ^ (x_7 v -x_8 v -x_0) ^ (x_11 v x_1 v x_7) ^ (-x_9 v x_2) ^ (-x_9 v -x_10) ^ (x_11 v -x_9 v x_7)]
13,30,1.2559988498687744,91,0.003953695297241211,1.351348876953125,[(x_10 v x_5) ^ (x_11 v x_2 v -x_0) ^ (x_9 v x_5 v -x_6) ^ (-x_6 v x_8) ^ (-x_2 v -x_5 v -x_11) ^ (x_6 v x_7) ^ (x_11 v x_6 v -x_9) ^ (-x_10 v -x_2 v -x_0) ^ (-x_11 v x_5 v -x_3) ^ (x_11 v -x_4 v x_10) ^ (-x_1 v x_4 v -x_6) ^ (x_9 v -x_2) ^ (x_10 v x_2 v -x_11) ^ (-x_12 v x_4 v -x_3) ^ (x_9 v -x_5 v -x_6) ^ (-x_2 v -x_9 v x_10) ^ (-x_5 v -x_2 v x_4) ^ (x_12 v -x_5 v -x_3) ^ (x_12 v x_7 v x_8) ^ (x_6 v x_12 v -x_11) ^ (x_11 v x_9 v -x_2) ^ (x_3 v -x_12 v x_2) ^ (-x_1 v x_10 v x_2) ^ (x_11 v x_1 v x_0) ^ (x_3 v -x_4) ^ (-x_10 v -x_3 v -x_0) ^ (x_11 v x_12 v -x_5) ^ (x_5 v x_1 v x_2) ^ (-x_12 v x_8) ^ (-x_0 v -x_5 v x_8)]
13,16,0.7510175704956055,1,0.002569437026977539,1.2277250289916992,[(-x_1 v x_4) ^ (-x_9 v x_4 v -x_8) ^ (-x_9 v -x_2 v -x_6) ^ (-x_4 v -x_5) ^ (-x_5 v -x_8 v -x_11) ^ (x_11 v -x_5 v x_3) ^ (-x_12 v -x_5 v -x_8) ^ (x_12 v x_7 v x_8) ^ (-x_9 v x_1 v x_5) ^ (x_7 v x_5 v x_8) ^ (x_6 v -x_4 v -x_7) ^ (x_0 v -x_5 v x_10) ^ (x_0 v -x_12 v x_5) ^ (x_0 v -x_5 v x_8) ^ (x_11 v -x_10 v x_2) ^ (-x_12 v x_9 v x_7)]
13,24,1.013124942779541,91,0.004967927932739258,1.3436508178710938,[(x_0 v x_6 v x_1) ^ (x_1 v -x_5 v -x_8) ^ (x_1 v x_10 v -x_5) ^ (x_6 v x_1 v x_9) ^ (x_11 v x_12 v x_7) ^ (x_0 v -x_7 v -x_8) ^ (x_4 v x_2 v x_8) ^ (x_6 v x_10 v x_8) ^ (-x_12 v x_9 v x_5) ^ (x_11 v x_7 v x_2) ^ (-x_1 v x_7 v x_11) ^ (x_0 v -x_12) ^ (-x_6 v -x_8 v -x_11) ^ (-x_11 v x_10 v x_8) ^ (-x_1 v x_12 v -x_2) ^ (-x_1 v -x_10) ^ (-x_9 v x_4) ^ (-x_4 v x_5 v -x_0) ^ (x_1 v x_5) ^ (x_6 v -x_10 v -x_5) ^ (-x_0 v x_12 v x_8) ^ (-x_9 v -x_10 v x_8) ^ (-x_7 v -x_2 v -x_6) ^ (x_3 v -x_9 v -x_2)]
13,34,1.5384571552276611,1,0.0031859874725341797,1.2991132736206055,[(-x_4 v -x_0) ^ (x_6 v x_12 v -x_3) ^ (x_3 v -x_5 v -x_8) ^ (-x_4 v x_9 v -x_6) ^ (-x_4 v -x_2 v x_5) ^ (x_1 v x_7 v x_5) ^ (x_3 v -x_9 v -x_8) ^ (-x_6 v -x_3 v x_8) ^ (-x_12 v x_9 v -x_8) ^ (x_6 v -x_9) ^ (-x_1 v -x_12 v x_5) ^ (-x_12 v x_7 v -x_3) ^ (x_11 v -x_12 v x_5) ^ (-x_0 v x_4 v -x_3) ^ (-x_4 v -x_2 v -x_3) ^ (-x_4 v -x_3) ^ (x_7 v -x_0) ^ (x_6 v -x_12 v -x_5) ^ (x_0 v -x_10 v -x_11) ^ (x_11 v x_6 v -x_0) ^ (-x_7 v x_10 v -x_6) ^ (-x_12 v -x_4 v -x_7) ^ (x_0 v x_2 v x_5) ^ (x_9 v x_10 v x_7) ^ (-x_12 v x_4 v x_5) ^ (x_0 v -x_1 v -x_6) ^ (-x_1 v x_10 v -x_3) ^ (x_6 v -x_8 v -x_0) ^ (x_6 v -x_7 v -x_3) ^ (x_9 v -x_2 v -x_0) ^ (-x_7 v -x_8) ^ (-x_1 v x_12 v -x_8) ^ (x_3 v -x_4 v -x_7) ^ (x_0 v x_10 v x_3)]
13,14,0.631018877029419,91,0.0024695396423339844,1.193023681640625,[(x_11 v x_5 v x_3) ^ (x_9 v x_4 v -x_3) ^ (x_11 v -x_2 v -x_3) ^ (x_11 v -x_5 v x_8) ^ (-x_6 v x_7 v -x_0) ^ (x_11 v -x_10 v x_4) ^ (x_9 v -x_3 v -x_0) ^ (x_11 v x_2 v -x_8) ^ (x_6 v -x_4 v -x_7) ^ (-x_12 v x_9) ^ (x_9 v -x_2 v -x_7) ^ (-x_1 v -x_8 v x_11) ^ (x_6 v x_5 v -x_11) ^ (x_0 v -x_8 v -x_11)]
13,27,1.2755687236785889,1,0.0030906200408935547,1.3470945358276367,[(-x_10 v -x_2 v x_8) ^ (-x_2 v x_1 v x_10) ^ (x_10 v -x_4 v -x_2) ^ (-x_0 v -x_8 v -x_11) ^ (-x_9 v x_7 v x_8) ^ (-x_8 v -x_6) ^ (x_0 v -x_5 v -x_2) ^ (x_6 v -x_5 v x_7) ^ (x_0 v x_10 v x_8) ^ (-x_9 v x_10 v -x_8) ^ (-x_1 v -x_9 v -x_4) ^ (-x_5 v -x_8 v -x_11) ^ (x_0 v x_4 v x_2) ^ (-x_7 v -x_5) ^ (x_6 v x_12 v x_8) ^ (-x_2 v -x_9 v x_10) ^ (x_10 v -x_5 v -x_6) ^ (x_3 v x_1 v -x_4) ^ (x_3 v -x_6 v x_8) ^ (x_0 v -x_2 v -x_6) ^ (-x_12 v x_1 v -x_8) ^ (x_11 v x_9 v x_3) ^ (-x_6 v x_5 v x_8) ^ (-x_10 v -x_2) ^ (x_11 v -x_2) ^ (x_9 v -x_2 v -x_0) ^ (x_3 v -x_7 v -x_8)]
13,34,1.4148812294006348,91,0.0031585693359375,1.31549072265625,[(x_3 v x_2 v x_5) ^ (x_1 v -x_5 v -x_11) ^ (-x_0 v x_10 v -x_11) ^ (-x_4 v -x_0) ^ (x_11 v -x_12 v x_1) ^ (x_3 v -x_12 v x_8) ^ (x_0 v -x_10 v x_4) ^ (-x_4 v -x_7) ^ (x_1 v -x_7 v x_8) ^ (x_10 v x_5 v -x_6) ^ (x_0 v -x_11 v -x_6) ^ (-x_10 v -x_2 v -x_0) ^ (x_4 v x_2 v -x_3) ^ (-x_12 v x_9 v -x_2) ^ (-x_1 v x_3 v -x_8) ^ (x_6 v -x_2 v x_5) ^ (x_3 v x_6 v -x_9) ^ (-x_12 v x_2 v -x_8) ^ (x_0 v x_12 v -x_11) ^ (-x_9 v -x_7 v -x_8) ^ (x_6 v -x_7 v -x_11) ^ (x_1 v x_4 v -x_5) ^ (x_4 v -x_8 v -x_3) ^ (x_6 v x_9 v -x_5) ^ (-x_10 v -x_5 v x_2) ^ (-x_12 v x_9 v -x_11) ^ (-x_12 v x_4 v x_5) ^ (x_3 v -x_12 v x_5) ^ (x_6 v -x_8 v -x_11) ^ (x_0 v x_7) ^ (x_0 v -x_4 v -x_7) ^ (-x_1 v -x_5) ^ (x_10 v -x_5) ^ (x_10 v -x_5 v x_4)]
13,24,1.0975456237792969,1,0.0037527084350585938,1.3382062911987305,[(x_4 v x_7) ^ (-x_4 v -x_8 v -x_6) ^ (-x_4 v -x_5 v -x_0) ^ (x_12 v -x_10 v -x_0) ^ (x_6 v -x_9 v -x_0) ^ (x_6 v -x_4 v -x_0) ^ (x_6 v -x_9 v x_10) ^ (x_11 v x_6 v -x_4) ^ (x_6 v -x_2) ^ (-x_1 v -x_12 v x_8) ^ (x_10 v -x_11) ^ (-x_2 v x_7 v -x_0) ^ (x_11 v -x_7 v -x_6) ^ (x_9 v -x_7 v -x_0) ^ (-x_12 v x_2 v x_8) ^ (x_10 v -x_5 v -x_0) ^ (x_1 v x_4 v -x_0) ^ (-x_1 v x_6 v -x_4) ^ (x_3 v -x_9) ^ (x_0 v x_5 v x_8) ^ (-x_7 v x_10 v x_8) ^ (x_8 v x_10 v -x_11) ^ (-x_10 v -x_2 v -x_8) ^ (x_0 v x_7 v -x_3)]
13,35,1.4533112049102783,91,0.006528615951538086,1.3295745849609375,[(-x_10 v x_5 v -x_0) ^ (x_6 v -x_5 v -x_8) ^ (x_0 v -x_6 v -x_11) ^ (x_11 v -x_7 v x_3) ^ (x_0 v -x_10 v -x_3) ^ (x_3 v -x_5 v x_10) ^ (-x_12 v -x_10 v -x_3) ^ (x_1 v -x_2 v x_8) ^ (-x_12 v x_9) ^ (x_6 v -x_2 v x_7) ^ (x_3 v x_1 v x_10) ^ (x_11 v x_4 v -x_6) ^ (-x_9 v x_1 v x_8) ^ (-x_12 v -x_8 v -x_11) ^ (x_8 v -x_3 v -x_11) ^ (x_6 v -x_2 v -x_11) ^ (x_12 v x_9 v x_7) ^ (x_1 v x_7 v -x_6) ^ (x_1 v -x_8 v -x_0) ^ (x_3 v x_12 v -x_10) ^ (-x_4 v -x_6 v -x_11) ^ (-x_10 v x_4 v x_8) ^ (x_11 v x_5) ^ (x_11 v -x_1 v x_2) ^ (x_0 v -x_12 v -x_10) ^ (x_10 v -x_8 v -x_3) ^ (x_7 v -x_3) ^ (x_11 v -x_7) ^ (x_0 v -x_9 v x_4) ^ (x_0 v -x_5 v x_10) ^ (-x_1 v x_3 v x_0) ^ (x_0 v -x_4 v x_2) ^ (-x_10 v -x_8 v -x_6) ^ (x_3 v -x_4 v -x_2) ^ (x_11 v x_7 v -x_6)]
13,31,1.5957019329071045,1,0.0040435791015625,1.3127317428588867,[(-x_9 v x_10 v -x_6) ^ (-x_10 v x_5 v -x_0) ^ (-x_4 v x_2 v x_8) ^ (-x_4 v -x_7 v -x_0) ^ (x_11 v x_12 v -x_10) ^ (x_4 v x_7 v -x_11) ^ (-x_8 v -x_0) ^ (-x_11 v -x_2 v -x_6) ^ (-x_12 v -x_2) ^ (x_5 v x_2) ^ (x_9 v -x_5 v -x_3) ^ (x_6 v -x_9) ^ (-x_0 v -x_2 v x_4) ^ (-x_6 v -x_5 v x_4) ^ (x_9 v -x_4 v x_7) ^ (-x_1 v x_2 v -x_0) ^ (x_6 v x_1 v x_2) ^ (x_0 v x_1 v -x_2) ^ (x_5 v -x_8 v -x_3) ^ (x_3 v x_7 v -x_8) ^ (x_0 v -x_7 v x_11) ^ (-x_4 v x_12 v -x_10) ^ (x_1 v -x_8 v -x_11) ^ (x_11 v -x_6 v x_8) ^ (x_6 v x_1 v x_10) ^ (x_7 v x_2 v -x_6) ^ (x_11 v x_6 v -x_3) ^ (x_1 v x_5) ^ (x_3 v x_10 v x_2) ^ (-x_10 v -x_8 v -x_6) ^ (-x_4 v x_12 v -x_6)]
13,26,1.1706554889678955,91,0.0041353702545166016,1.3413543701171875,[(x_11 v -x_6 v -x_0) ^ (x_4 v -x_8 v -x_11) ^ (-x_9 v -x_6 v -x_11) ^ (x_11 v -x_3) ^ (x_4 v -x_3) ^ (x_0 v -x_5 v -x_3) ^ (x_12 v x_5 v x_8) ^ (-x_2 v -x_3 v -x_0) ^ (x_0 v -x_7 v -x_3) ^ (x_3 v -x_7 v x_4) ^ (x_9 v -x_8 v -x_6) ^ (x_12 v -x_10 v x_7) ^ (x_11 v -x_1 v -x_6) ^ (-x_12 v -x_7 v -x_5) ^ (x_0 v x_6 v x_9) ^ (-x_12 v -x_2 v -x_0) ^ (-x_0 v x_12 v -x_6) ^ (x_6 v x_10) ^ (-x_6 v x_7 v -x_0) ^ (x_6 v x_9 v -x_5) ^ (x_5 v x_9 v x_2) ^ (-x_1 v x_5 v -x_3) ^ (x_11 v -x_9 v x_5) ^ (-x_10 v -x_2 v -x_6) ^ (x_1 v -x_10 v x_4) ^ (-x_6 v x_4 v x_8)]
13,21,0.961482048034668,1,0.006383180618286133,1.413783073425293,[(x_0 v -x_5 v -x_11) ^ (-x_0 v -x_12 v x_8) ^ (x_3 v -x_5 v x_8) ^ (-x_9 v x_4 v x_5) ^ (x_0 v -x_9 v x_7) ^ (x_4 v x_5 v x_8) ^ (x_11 v -x_7 v x_4) ^ (x_1 v -x_10 v x_7) ^ (-x_12 v x_10 v x_4) ^ (x_11 v x_1 v x_2) ^ (-x_1 v -x_7 v x_10) ^ (-x_4 v x_12 v x_8) ^ (-x_1 v -x_8 v x_0) ^ (x_3 v x_1 v -x_4) ^ (x_0 v -x_1 v x_12) ^ (-x_1 v x_5 v x_8) ^ (x_3 v x_10 v x_8) ^ (x_0 v x_8) ^ (-x_1 v x_6 v -x_12) ^ (-x_10 v -x_3 v -x_0) ^ (x_6 v -x_12 v -x_4)]
13,37,1.5829670429229736,91,0.005470991134643555,1.2921218872070312,[(x_8 v -x_0) ^ (x_1 v -x_4 v x_10) ^ (x_9 v x_7 v x_5) ^ (x_3 v -x_12 v x_8) ^ (x_6 v -x_4 v -x_11) ^ (x_11 v x_8 v -x_3) ^ (-x_1 v -x_7 v -x_2) ^ (x_9 v x_4 v x_2) ^ (x_0 v x_9 v -x_3) ^ (-x_7 v x_10 v x_4) ^ (-x_1 v x_7 v x_5) ^ (-x_4 v x_9 v x_5) ^ (x_0 v -x_2 v x_7) ^ (x_9 v x_10 v -x_11) ^ (x_12 v -x_4 v x_10) ^ (x_12 v x_2 v -x_0) ^ (-x_5 v x_10) ^ (x_3 v x_8 v -x_11) ^ (-x_1 v x_5 v -x_6) ^ (x_12 v x_4 v -x_7) ^ (x_12 v x_7 v x_5) ^ (-x_4 v x_10 v x_5) ^ (x_12 v x_9 v x_2) ^ (x_12 v x_5) ^ (x_1 v x_2 v -x_0) ^ (-x_1 v -x_9 v -x_10) ^ (-x_1 v x_4 v x_0) ^ (x_3 v x_9 v x_12) ^ (-x_12 v -x_2 v -x_8) ^ (-x_1 v -x_12 v -x_7) ^ (x_4 v x_2 v -x_11) ^ (-x_0 v x_2 v -x_3) ^ (x_0 v -x_4 v x_7) ^ (-x_1 v x_5 v x_2) ^ (-x_12 v -x_4 v x_8) ^ (x_1 v x_6 v -x_12) ^ (x_1 v -x_4 v -x_5)]
13,23,1.183203935623169,1,0.002874612808227539,1.292567253112793,[(x_12 v x_7 v x_2) ^ (-x_1 v -x_2 v -x_11) ^ (x_1 v -x_2) ^ (x_1 v -x_12 v x_2) ^ (-x_9 v x_10 v -x_0) ^ (x_1 v -x_5 v -x_3) ^ (-x_7 v -x_5 v -x_11) ^ (x_6 v x_12 v -x_8) ^ (x_0 v -x_6 v x_8) ^ (x_0 v -x_10 v x_5) ^ (x_3 v -x_12 v x_7) ^ (-x_6 v -x_5 v -x_0) ^ (-x_4 v x_10) ^ (x_0 v -x_10 v -x_8) ^ (x_9 v x_12 v -x_7) ^ (x_3 v x_2 v x_0) ^ (-x_12 v -x_9 v x_7) ^ (-x_5 v x_2 v -x_6) ^ (x_5 v -x_8 v -x_6) ^ (-x_1 v -x_10 v -x_2) ^ (x_3 v x_9 v -x_8) ^ (-x_10 v -x_8 v -x_6) ^ (x_3 v -x_4 v -x_7)]
13,35,1.4727184772491455,91,0.0027484893798828125,1.3289031982421875,[(x_6 v x_10 v x_7) ^ (x_9 v x_2 v -x_11) ^ (-x_1 v x_7 v -x_0) ^ (-x_10 v -x_6 v -x_11) ^ (x_0 v -x_9) ^ (-x_4 v -x_7) ^ (-x_10 v x_7 v x_8) ^ (x_0 v x_1 v -x_11) ^ (x_4 v -x_3 v x_8) ^ (-x_5 v x_2 v -x_11) ^ (x_1 v -x_10 v x_8) ^ (x_0 v -x_7 v -x_3) ^ (x_6 v -x_8 v -x_3) ^ (x_9 v x_5 v -x_11) ^ (x_3 v x_6 v -x_11) ^ (x_6 v x_8 v -x_0) ^ (x_2 v -x_8 v -x_6) ^ (x_3 v x_10 v -x_8) ^ (x_9 v -x_5 v -x_6) ^ (-x_7 v x_2 v -x_11) ^ (-x_7 v x_10 v -x_6) ^ (x_0 v x_10 v x_4) ^ (x_1 v x_4 v x_5) ^ (-x_0 v -x_4 v -x_3) ^ (x_0 v x_9 v -x_7) ^ (x_3 v -x_12 v x_5) ^ (x_7 v -x_8 v -x_0) ^ (x_6 v -x_8 v -x_11) ^ (-x_10 v x_5 v -x_11) ^ (-x_9 v x_5 v -x_3) ^ (x_6 v -x_8 v -x_0) ^ (x_0 v x_4 v -x_6) ^ (-x_1 v -x_4 v x_5) ^ (x_1 v x_10 v x_7) ^ (x_11 v x_6)]
13,23,1.1678500175476074,1,0.004378318786621094,1.3090848922729492,[(x_0 v -x_3 v x_8) ^ (-x_1 v -x_3 v -x_0) ^ (x_9 v x_12 v x_5) ^ (-x_1 v -x_11 v -x_6) ^ (x_0 v x_8 v -x_6) ^ (x_11 v x_12 v x_7) ^ (-x_5 v x_2 v -x_3) ^ (-x_11 v -x_7 v -x_6) ^ (x_6 v x_1 v -x_5) ^ (-x_11 v -x_2 v -x_6) ^ (x_1 v -x_12 v x_9) ^ (x_0 v -x_10 v x_3) ^ (-x_12 v -x_7 v -x_6) ^ (x_11 v -x_4 v x_8) ^ (-x_1 v x_10 v x_11) ^ (-x_4 v x_10) ^ (-x_1 v -x_12 v -x_4) ^ (x_9 v x_10 v x_7) ^ (x_11 v x_9 v x_2) ^ (-x_2 v -x_3 v x_8) ^ (-x_1 v -x_4 v x_10) ^ (x_0 v -x_10) ^ (-x_1 v x_12 v x_10)]
13,16,0.9561417102813721,91,0.002680063247680664,1.17095947265625,[(x_0 v -x_8 v -x_6) ^ (-x_0 v x_2 v x_8) ^ (x_0 v -x_7 v x_2) ^ (x_0 v x_5 v x_8) ^ (-x_1 v x_6 v x_4) ^ (x_11 v -x_4 v -x_7) ^ (x_0 v -x_12 v x_2) ^ (-x_1 v -x_7 v -x_0) ^ (x_1 v -x_9 v -x_5) ^ (x_9 v x_12 v x_10) ^ (x_3 v x_7 v -x_2) ^ (x_0 v -x_1 v x_11) ^ (x_11 v -x_1 v x_2) ^ (x_9 v x_7 v -x_6) ^ (-x_4 v x_2 v -x_8) ^ (x_11 v -x_10 v -x_6)]
13,17,0.9760453701019287,1,0.0030117034912109375,1.287104606628418,[(-x_5 v x_10 v -x_0) ^ (-x_9 v -x_5) ^ (x_9 v -x_4 v -x_6) ^ (-x_4 v x_5 v -x_6) ^ (x_11 v -x_4 v -x_7) ^ (x_11 v -x_9 v -x_8) ^ (-x_12 v x_9 v -x_8) ^ (x_1 v x_7 v -x_6) ^ (x_12 v x_9 v -x_6) ^ (x_9 v -x_5 v x_7) ^ (-x_4 v x_9 v -x_0) ^ (x_12 v -x_3 v -x_6) ^ (x_0 v x_1 v x_10) ^ (x_11 v -x_9 v x_2) ^ (x_9 v -x_8 v -x_0) ^ (x_11 v -x_7 v x_10) ^ (x_0 v x_9)]
13,14,0.7442901134490967,91,0.002977132797241211,1.2217559814453125,[(-x_12 v -x_10 v -x_3) ^ (-x_2 v x_9 v x_10) ^ (x_11 v -x_5 v x_7) ^ (-x_1 v x_9 v x_5) ^ (x_11 v -x_9 v -x_6) ^ (x_12 v -x_4 v -x_5) ^ (-x_5 v x_2 v x_7) ^ (x_4 v -x_0) ^ (x_11 v x_3 v x_8) ^ (-x_12 v x_8) ^ (-x_11 v x_2 v -x_6) ^ (x_0 v x_8 v x_11) ^ (x_11 v x_6 v x_5) ^ (x_0 v x_6 v -x_12)]
13,29,1.603872299194336,1,0.0025081634521484375,1.3229093551635742,[(x_9 v -x_2 v -x_8) ^ (x_3 v -x_12 v x_8) ^ (x_12 v -x_2 v x_4) ^ (x_0 v -x_5 v -x_3) ^ (x_6 v -x_9) ^ (-x_1 v x_4 v x_2) ^ (x_3 v x_8 v -x_11) ^ (x_11 v x_6 v x_9) ^ (-x_1 v -x_6 v -x_3) ^ (-x_1 v x_12 v -x_6) ^ (x_1 v x_10 v -x_6) ^ (x_12 v x_5 v -x_11) ^ (-x_12 v x_2 v -x_3) ^ (-x_12 v x_7 v -x_11) ^ (x_3 v -x_5 v -x_2) ^ (-x_1 v x_6 v x_9) ^ (-x_9 v -x_2 v x_5) ^ (x_5 v -x_8 v -x_11) ^ (-x_4 v x_12 v x_5) ^ (x_3 v -x_4 v x_11) ^ (-x_10 v x_5 v -x_11) ^ (x_1 v x_10 v x_2) ^ (x_6 v -x_10 v -x_5) ^ (-x_12 v -x_7 v x_8) ^ (x_6 v x_7 v x_5) ^ (x_11 v -x_2) ^ (-x_1 v x_10 v -x_5) ^ (-x_1 v x_9 v x_11) ^ (x_3 v x_7 v x_5)]
13,24,1.2383089065551758,91,0.0028765201568603516,1.2522430419921875,[(x_3 v x_12 v -x_0) ^ (-x_6 v x_5 v -x_3) ^ (-x_7 v -x_5 v -x_0) ^ (x_12 v x_10 v -x_3) ^ (-x_1 v -x_12 v x_2) ^ (-x_1 v -x_10 v x_7) ^ (-x_7 v -x_10 v x_8) ^ (-x_1 v x_6 v -x_3) ^ (-x_4 v x_5) ^ (x_10 v -x_7 v -x_2) ^ (x_12 v -x_3) ^ (x_6 v x_1 v -x_2) ^ (x_3 v -x_10 v x_5) ^ (-x_12 v -x_7 v -x_6) ^ (x_1 v -x_8 v -x_6) ^ (x_6 v -x_5) ^ (x_11 v x_2 v -x_3) ^ (x_11 v -x_9 v -x_12) ^ (x_10 v -x_8 v -x_3) ^ (x_0 v x_12 v -x_2) ^ (x_3 v x_10 v x_2) ^ (x_1 v -x_9 v x_10) ^ (x_1 v x_12 v x_2) ^ (x_6 v x_9 v -x_8)]
13,25,1.3662664890289307,1,0.0029370784759521484,1.3937788009643555,[(x_6 v -x_12 v -x_11) ^ (x_12 v -x_4 v x_5) ^ (-x_1 v -x_7 v x_2) ^ (x_0 v x_9 v -x_8) ^ (-x_4 v x_12 v -x_7) ^ (x_8 v -x_5 v -x_3) ^ (-x_7 v x_10 v x_2) ^ (-x_12 v -x_5 v -x_8) ^ (x_0 v x_9 v -x_4) ^ (x_3 v x_6 v -x_11) ^ (x_1 v x_4) ^ (x_0 v x_1 v -x_7) ^ (x_9 v -x_10 v -x_6) ^ (x_12 v x_7 v -x_3) ^ (x_3 v -x_9 v x_4) ^ (x_1 v x_4 v x_7) ^ (-x_5 v x_7 v -x_6) ^ (x_11 v -x_7) ^ (x_1 v -x_7 v -x_11) ^ (x_1 v x_7) ^ (-x_1 v -x_0) ^ (x_3 v x_10 v x_4) ^ (x_0 v -x_7 v x_5) ^ (-x_9 v -x_0) ^ (-x_1 v -x_7 v x_8)]
13,15,0.7110393047332764,91,0.002710103988647461,1.2550582885742188,[(x_12 v -x_11) ^ (-x_10 v x_4 v -x_0) ^ (-x_1 v -x_4 v -x_0) ^ (x_1 v x_8 v -x_6) ^ (-x_12 v -x_4) ^ (-x_12 v x_7 v x_2) ^ (x_12 v x_7) ^ (-x_9 v -x_10) ^ (x_6 v -x_10 v -x_0) ^ (-x_9 v -x_5 v -x_3) ^ (x_10 v x_7 v -x_8) ^ (-x_10 v -x_2 v -x_11) ^ (x_11 v -x_9 v x_1) ^ (-x_12 v x_1 v x_7) ^ (x_6 v -x_9 v x_10)]
13,13,0.6349904537200928,1,0.002257823944091797,1.242976188659668,[(-x_12 v -x_2 v x_5) ^ (x_1 v x_10) ^ (-x_1 v x_9 v x_8) ^ (-x_9 v x_12 v -x_7) ^ (x_0 v x_7 v -x_11) ^ (x_1 v x_12 v -x_5) ^ (x_11 v -x_4 v -x_6) ^ (x_11 v x_6 v -x_12) ^ (x_3 v -x_12 v x_2) ^ (x_11 v x_6 v x_9) ^ (-x_9 v -x_10 v x_2) ^ (-x_7 v -x_3) ^ (-x_1 v x_12 v -x_5)]
13,26,1.1352043151855469,91,0.0038962364196777344,1.32379150390625,[(-x_10 v -x_5 v -x_3) ^ (x_0 v x_4) ^ (x_11 v x_2 v -x_0) ^ (x_11 v -x_3 v -x_0) ^ (x_11 v -x_7 v -x_10) ^ (x_0 v x_1 v -x_12) ^ (x_0 v -x_12 v -x_8) ^ (x_10 v -x_5 v x_8) ^ (x_11 v x_4 v -x_0) ^ (x_3 v x_1 v x_10) ^ (x_11 v x_4 v -x_6) ^ (x_0 v -x_1 v x_10) ^ (-x_9 v -x_7 v x_8) ^ (-x_1 v x_12 v x_7) ^ (-x_7 v x_10 v -x_6) ^ (x_9 v -x_10 v -x_11) ^ (x_2 v x_5 v x_8) ^ (x_0 v x_12 v -x_8) ^ (-x_9 v x_12 v x_10) ^ (x_0 v -x_9 v x_2) ^ (x_6 v -x_9 v -x_7) ^ (x_0 v x_1 v x_9) ^ (-x_0 v x_12 v x_8) ^ (-x_1 v x_6 v x_10) ^ (x_11 v x_10 v x_3) ^ (x_9 v -x_6 v -x_3)]
13,22,1.0425004959106445,1,0.0022292137145996094,1.237757682800293,[(x_1 v x_2 v -x_6) ^ (x_12 v x_10 v -x_8) ^ (-x_12 v x_10 v x_8) ^ (x_9 v -x_6 v -x_11) ^ (-x_9 v -x_11 v -x_3) ^ (-x_1 v x_4 v x_2) ^ (x_6 v -x_4) ^ (x_0 v -x_7 v x_4) ^ (-x_7 v -x_2 v -x_0) ^ (x_1 v -x_10 v x_4) ^ (x_6 v -x_10 v x_8) ^ (x_12 v -x_7 v -x_6) ^ (-x_10 v -x_2 v x_5) ^ (x_0 v x_6 v x_3) ^ (-x_12 v x_2 v x_5) ^ (x_3 v -x_9 v -x_6) ^ (x_3 v x_12 v x_9) ^ (-x_2 v -x_3 v -x_6) ^ (x_9 v x_7 v -x_11) ^ (-x_1 v x_10 v -x_5) ^ (x_5 v x_2 v -x_6) ^ (-x_9 v -x_11 v -x_0)]
13,34,1.422187328338623,91,0.0035278797149658203,1.3278274536132812,[(x_11 v x_2) ^ (-x_1 v -x_2 v x_7) ^ (x_6 v -x_12 v -x_11) ^ (-x_7 v -x_3 v -x_6) ^ (-x_2 v -x_10 v -x_5) ^ (x_11 v -x_2 v x_3) ^ (-x_4 v -x_10 v -x_8) ^ (-x_2 v -x_8 v -x_0) ^ (-x_1 v x_9 v -x_10) ^ (x_1 v x_12 v x_5) ^ (x_9 v x_5 v x_8) ^ (-x_12 v x_10 v x_4) ^ (x_11 v x_3 v x_8) ^ (x_3 v -x_12 v x_4) ^ (-x_12 v x_1 v x_11) ^ (x_6 v x_2) ^ (x_11 v -x_9 v x_1) ^ (x_6 v x_7 v -x_3) ^ (x_11 v x_7 v -x_8) ^ (x_0 v -x_2 v -x_11) ^ (x_1 v -x_4 v -x_6) ^ (x_11 v -x_12 v -x_10) ^ (-x_7 v -x_11) ^ (-x_2 v x_7 v -x_8) ^ (-x_11 v -x_4 v -x_0) ^ (x_9 v -x_4 v -x_10) ^ (-x_10 v -x_2 v -x_11) ^ (-x_12 v -x_7 v -x_8) ^ (x_11 v -x_10 v -x_6) ^ (x_5 v -x_8 v -x_11) ^ (x_7 v x_5 v -x_0) ^ (x_11 v x_4 v x_3) ^ (x_1 v x_10 v x_7) ^ (x_1 v -x_8)]
13,20,0.9204089641571045,1,0.0033533573150634766,1.3107404708862305,[(-x_1 v x_0) ^ (-x_2 v x_8) ^ (x_1 v -x_4 v -x_7) ^ (x_6 v -x_7 v x_4) ^ (x_12 v -x_10 v -x_0) ^ (x_6 v x_7) ^ (x_12 v -x_8 v -x_3) ^ (x_12 v -x_4 v -x_0) ^ (x_9 v x_10 v -x_11) ^ (-x_7 v x_10 v -x_11) ^ (-x_10 v -x_8) ^ (x_6 v -x_0) ^ (x_9 v x_2) ^ (x_0 v x_5 v x_11) ^ (-x_1 v x_2 v -x_8) ^ (x_6 v x_9 v -x_10) ^ (x_3 v x_6 v x_7) ^ (x_0 v x_10 v x_2) ^ (x_12 v -x_4 v x_7) ^ (x_3 v -x_10)]
13,25,1.0613391399383545,91,0.0029456615447998047,1.370819091796875,[(x_9 v x_10 v x_5) ^ (x_1 v x_10 v -x_5) ^ (-x_9 v x_12) ^ (-x_5 v x_2 v x_7) ^ (x_3 v x_7 v -x_2) ^ (x_10 v -x_8 v -x_6) ^ (x_0 v x_10 v -x_11) ^ (x_3 v -x_7 v x_5) ^ (x_12 v -x_5 v x_7) ^ (x_6 v -x_3) ^ (-x_10 v x_7 v -x_0) ^ (x_12 v x_9 v x_2) ^ (-x_9 v -x_5 v x_8) ^ (x_11 v x_1 v x_4) ^ (x_10 v -x_3 v x_4) ^ (-x_12 v -x_7 v x_5) ^ (-x_10 v x_2 v -x_8) ^ (x_1 v -x_8 v -x_0) ^ (x_0 v x_10 v x_4) ^ (-x_12 v x_10 v -x_5) ^ (-x_12 v x_5) ^ (x_3 v -x_2) ^ (x_3 v -x_9 v -x_7) ^ (x_11 v -x_7) ^ (x_11 v -x_12 v -x_8)]
13,36,1.6431128978729248,1,0.0024704933166503906,1.4045209884643555,[(-x_12 v -x_4 v -x_10) ^ (x_6 v -x_7 v x_8) ^ (-x_1 v -x_9 v -x_11) ^ (x_6 v x_1 v x_9) ^ (x_9 v x_7 v -x_0) ^ (x_8 v x_10 v x_4) ^ (x_11 v x_6 v -x_8) ^ (x_9 v x_8) ^ (x_12 v -x_6 v x_8) ^ (-x_4 v x_5) ^ (-x_0 v x_9 v x_8) ^ (x_10 v x_7 v x_8) ^ (-x_1 v -x_7 v -x_5) ^ (x_3 v -x_4 v x_9) ^ (x_7 v x_2 v -x_3) ^ (x_0 v -x_12 v x_2) ^ (-x_12 v -x_5 v -x_8) ^ (-x_12 v -x_7 v -x_0) ^ (x_1 v -x_2 v -x_11) ^ (x_9 v x_12 v -x_11) ^ (x_3 v -x_0 v -x_6) ^ (-x_0 v -x_3 v -x_6) ^ (x_3 v x_10 v -x_8) ^ (-x_1 v -x_9 v x_2) ^ (x_3 v x_9 v -x_2) ^ (x_9 v x_4 v -x_11) ^ (x_1 v x_5 v -x_8) ^ (-x_9 v -x_7 v -x_3) ^ (x_0 v x_6 v -x_12) ^ (-x_4 v x_2 v -x_6) ^ (-x_11 v x_10 v x_4) ^ (x_0 v -x_5 v x_10) ^ (x_3 v -x_2 v -x_0) ^ (x_1 v -x_12 v -x_7) ^ (-x_7 v x_4 v -x_0) ^ (-x_0 v x_8)]
13,35,1.4563286304473877,91,0.002988576889038086,1.2997970581054688,[(x_9 v x_10 v x_5) ^ (x_9 v x_7) ^ (x_0 v -x_5 v -x_8) ^ (-x_1 v x_7) ^ (-x_4 v x_2 v -x_3) ^ (-x_1 v -x_5 v x_2) ^ (x_11 v x_9 v -x_10) ^ (x_0 v x_9 v -x_6) ^ (x_3 v x_6 v -x_2) ^ (-x_9 v -x_3 v -x_11) ^ (-x_12 v x_10 v x_8) ^ (-x_4 v -x_6 v -x_0) ^ (x_0 v x_6) ^ (x_0 v x_9 v -x_2) ^ (-x_7 v x_4 v -x_3) ^ (x_12 v -x_10 v x_5) ^ (x_11 v -x_7 v -x_6) ^ (-x_1 v -x_9 v -x_2) ^ (x_11 v x_1 v x_3) ^ (-x_7 v -x_2 v -x_0) ^ (-x_12 v -x_9 v -x_2) ^ (x_0 v -x_2 v x_4) ^ (-x_4 v -x_7 v -x_6) ^ (x_11 v x_9 v -x_2) ^ (-x_1 v x_5 v x_8) ^ (-x_1 v -x_9 v x_10) ^ (x_11 v x_4 v x_2) ^ (-x_7 v -x_2 v x_8) ^ (x_1 v -x_9 v -x_10) ^ (x_9 v -x_10 v -x_0) ^ (-x_9 v -x_2 v -x_8) ^ (x_12 v x_2 v -x_6) ^ (x_1 v -x_10 v -x_6) ^ (x_11 v x_12) ^ (x_9 v -x_8 v -x_0)]
13,29,1.2923362255096436,1,0.002419710159301758,1.3360929489135742,[(-x_12 v -x_2 v -x_11) ^ (-x_10 v x_5 v -x_0) ^ (x_3 v -x_9 v x_2) ^ (x_6 v x_12 v -x_3) ^ (x_0 v -x_12 v -x_8) ^ (x_11 v x_1) ^ (-x_10 v x_7 v -x_11) ^ (x_4 v x_2 v -x_3) ^ (-x_12 v x_5 v -x_6) ^ (-x_9 v x_2 v -x_0) ^ (-x_9 v -x_4 v x_5) ^ (-x_7 v -x_5 v -x_11) ^ (-x_1 v -x_0 v x_11) ^ (x_9 v -x_5 v -x_0) ^ (x_11 v -x_1 v -x_6) ^ (x_7 v x_5) ^ (-x_7 v x_10) ^ (x_6 v -x_5 v -x_3) ^ (-x_12 v x_2 v -x_3) ^ (x_6 v -x_5) ^ (x_7 v x_2 v -x_6) ^ (-x_4 v x_12 v -x_0) ^ (-x_2 v x_5 v x_8) ^ (-x_1 v x_12 v -x_3) ^ (x_3 v x_1 v -x_7) ^ (x_0 v -x_7 v x_10) ^ (-x_2 v x_5 v -x_11) ^ (x_3 v -x_9 v -x_12) ^ (-x_9 v -x_11 v -x_0)]
13,32,1.3514156341552734,91,0.0033409595489501953,1.3511123657226562,[(x_11 v -x_7 v -x_3) ^ (x_11 v -x_10 v x_7) ^ (-x_1 v x_8 v -x_11) ^ (x_6 v x_4 v -x_3) ^ (x_3 v x_6) ^ (x_7 v x_4) ^ (-x_1 v -x_7 v x_2) ^ (-x_1 v x_9 v -x_3) ^ (-x_10 v x_4 v -x_0) ^ (-x_2 v -x_3 v -x_0) ^ (x_8 v x_4 v -x_3) ^ (x_11 v -x_5 v x_10) ^ (x_0 v -x_5) ^ (x_6 v -x_9 v x_8) ^ (x_0 v x_4 v x_7) ^ (x_11 v -x_9 v -x_4) ^ (-x_5 v x_10 v x_8) ^ (x_11 v x_1 v -x_5) ^ (-x_12 v -x_6 v -x_11) ^ (x_6 v x_12 v x_8) ^ (x_0 v x_12 v x_11) ^ (x_3 v x_10 v x_8) ^ (x_5 v x_4 v x_2) ^ (-x_12 v x_4 v x_5) ^ (x_9 v -x_10 v -x_0) ^ (-x_1 v -x_2 v x_0) ^ (-x_1 v x_2 v x_8) ^ (-x_12 v -x_4 v x_8) ^ (x_10 v -x_4 v -x_5) ^ (x_12 v -x_2 v x_7) ^ (x_3 v -x_4 v -x_2) ^ (x_11 v -x_2 v x_5)]
13,17,0.803910493850708,1,0.0026738643646240234,1.257990837097168,[(-x_0 v x_1 v -x_6) ^ (x_12 v -x_2 v -x_6) ^ (-x_1 v -x_4 v -x_10) ^ (-x_4 v x_2 v -x_6) ^ (-x_12 v -x_6) ^ (-x_2 v -x_11) ^ (-x_1 v -x_8 v x_0) ^ (x_6 v x_1 v x_9) ^ (-x_1 v -x_10 v x_8) ^ (-x_9 v -x_7 v -x_3) ^ (x_6 v x_7 v -x_11) ^ (-x_9 v -x_5 v -x_8) ^ (-x_1 v x_2 v -x_6) ^ (x_1 v -x_4 v -x_10) ^ (x_3 v -x_9 v x_8) ^ (-x_10 v -x_8) ^ (x_3 v x_7 v -x_6)]
13,23,0.9820308685302734,91,0.002463817596435547,1.259613037109375,[(x_6 v -x_9 v -x_4) ^ (-x_1 v -x_9 v x_8) ^ (x_9 v x_7 v x_5) ^ (x_1 v -x_12 v x_7) ^ (x_3 v -x_9 v -x_10) ^ (x_3 v x_6 v -x_2) ^ (x_3 v x_5) ^ (x_3 v -x_5 v -x_6) ^ (x_12 v -x_5 v -x_7) ^ (x_3 v -x_7 v -x_6) ^ (x_6 v x_9 v -x_2) ^ (-x_7 v x_4 v -x_11) ^ (x_1 v -x_10 v x_5) ^ (x_0 v x_12 v x_5) ^ (x_1 v -x_7 v -x_0) ^ (x_6 v -x_5 v x_4) ^ (x_11 v x_6 v -x_12) ^ (-x_1 v x_6 v -x_4) ^ (-x_5 v -x_3) ^ (-x_1 v -x_9 v x_10) ^ (x_0 v x_1) ^ (x_1 v x_12 v -x_3) ^ (x_9 v -x_6 v -x_3)]
13,17,0.8029100894927979,1,0.0023522377014160156,1.2240324020385742,[(x_3 v x_2 v x_5) ^ (x_11 v x_4 v -x_3) ^ (-x_1 v x_7 v x_8) ^ (x_1 v x_7 v x_5) ^ (-x_1 v x_9 v -x_3) ^ (-x_5 v x_2) ^ (-x_9 v -x_12 v x_10) ^ (x_6 v x_1 v -x_3) ^ (-x_4 v x_5 v -x_7) ^ (-x_2 v x_12 v x_10) ^ (-x_11 v x_5 v -x_0) ^ (-x_9 v -x_11) ^ (-x_1 v -x_10) ^ (x_9 v -x_2) ^ (x_12 v x_9 v -x_5) ^ (x_6 v x_4 v -x_8) ^ (x_0 v x_1 v -x_7)]
13,18,0.8023569583892822,91,0.0024979114532470703,1.1807327270507812,[(x_3 v x_5) ^ (-x_1 v -x_10 v -x_8) ^ (x_10 v -x_8) ^ (x_6 v x_1 v -x_11) ^ (x_11 v x_6 v x_8) ^ (-x_9 v -x_3 v -x_6) ^ (x_12 v x_9 v -x_3) ^ (-x_5 v -x_2) ^ (x_1 v -x_4 v -x_3) ^ (-x_10 v -x_8 v -x_11) ^ (-x_2 v -x_4 v -x_10) ^ (x_9 v x_10 v -x_6) ^ (-x_10 v -x_3) ^ (x_2 v x_5 v -x_6) ^ (x_9 v x_7 v -x_3) ^ (-x_1 v -x_6 v -x_3) ^ (x_0 v x_6 v -x_5) ^ (-x_0 v -x_5 v x_8)]
13,26,1.2490448951721191,1,0.004520893096923828,1.3663434982299805,[(x_11 v -x_10 v x_7) ^ (x_6 v x_1) ^ (x_1 v -x_9 v -x_8) ^ (-x_12 v -x_7 v -x_2) ^ (-x_12 v -x_7) ^ (-x_9 v x_1 v -x_2) ^ (x_12 v x_9 v x_5) ^ (x_1 v -x_7 v x_2) ^ (x_1 v x_9 v x_4) ^ (x_9 v -x_2 v x_4) ^ (x_6 v x_9 v -x_3) ^ (-x_6 v x_10 v x_4) ^ (-x_0 v x_4 v -x_11) ^ (-x_7 v x_4 v -x_6) ^ (-x_9 v x_10 v x_2) ^ (-x_1 v x_3 v x_5) ^ (-x_7 v -x_8 v -x_3) ^ (-x_2 v x_5 v -x_3) ^ (x_0 v -x_12 v -x_10) ^ (-x_1 v x_10 v x_8) ^ (x_11 v x_12 v x_4) ^ (x_11 v -x_9 v x_5) ^ (-x_10 v -x_8 v -x_11) ^ (x_12 v -x_7 v -x_8) ^ (x_0 v -x_7 v x_5) ^ (-x_10 v -x_2 v x_7)]
13,14,0.6249139308929443,91,0.002374410629272461,1.1891860961914062,[(x_6 v x_9 v x_7) ^ (x_11 v -x_4 v x_3) ^ (-x_12 v x_7 v x_8) ^ (x_1 v x_2 v -x_6) ^ (-x_1 v x_9 v -x_10) ^ (x_3 v -x_5 v -x_6) ^ (x_3 v x_2 v -x_11) ^ (-x_4 v -x_2 v -x_3) ^ (x_0 v -x_9 v x_3) ^ (x_3 v x_5 v -x_0) ^ (-x_9 v x_12 v -x_10) ^ (x_3 v x_6 v -x_2) ^ (x_12 v x_8) ^ (-x_4 v x_2 v -x_11)]
13,15,0.714895486831665,1,0.0023314952850341797,1.217921257019043,[(x_9 v x_10 v x_5) ^ (x_10 v x_2 v -x_8) ^ (x_8 v -x_3 v -x_6) ^ (x_10 v x_2 v -x_0) ^ (x_0 v x_1 v -x_10) ^ (x_7 v -x_6) ^ (x_12 v -x_5 v -x_3) ^ (x_3 v -x_10 v x_7) ^ (x_6 v -x_4 v x_2) ^ (x_10 v x_7 v x_4) ^ (-x_12 v x_8 v -x_0) ^ (x_11 v -x_10 v -x_8) ^ (x_3 v -x_7 v -x_8) ^ (-x_1 v x_4 v x_3) ^ (-x_9 v -x_2 v -x_6)]
13,29,1.2167930603027344,91,0.0032117366790771484,1.2486953735351562,[(x_3 v -x_5 v -x_8) ^ (x_11 v -x_3 v -x_0) ^ (x_0 v -x_6 v -x_11) ^ (-x_2 v -x_8 v x_4) ^ (x_6 v -x_3 v -x_11) ^ (x_6 v x_12 v -x_5) ^ (x_12 v -x_4 v x_5) ^ (-x_1 v x_9 v -x_10) ^ (-x_6 v -x_2 v x_8) ^ (x_11 v -x_10 v x_5) ^ (x_3 v -x_7 v -x_6) ^ (x_3 v x_8 v -x_11) ^ (-x_4 v x_10 v x_5) ^ (-x_9 v x_2 v -x_8) ^ (x_0 v x_3 v -x_8) ^ (x_1 v x_5 v -x_6) ^ (-x_2 v x_1 v -x_5) ^ (x_6 v x_1 v x_8) ^ (x_6 v x_10 v x_4) ^ (x_0 v -x_9 v -x_8) ^ (-x_12 v -x_5 v x_4) ^ (x_0 v x_3 v x_8) ^ (x_11 v -x_9 v x_10) ^ (-x_1 v x_9 v x_8) ^ (-x_0 v x_2 v -x_3) ^ (x_6 v -x_8) ^ (x_3 v -x_9 v -x_0) ^ (x_6 v -x_12 v -x_4) ^ (x_11 v -x_10 v -x_7)]
13,31,1.4072084426879883,1,0.0024194717407226562,1.314967155456543,[(x_11 v -x_1 v -x_0) ^ (x_1 v -x_5 v -x_11) ^ (x_0 v x_1 v -x_10) ^ (-x_4 v x_7 v -x_11) ^ (-x_4 v x_1 v x_9) ^ (x_6 v x_2 v -x_11) ^ (x_11 v x_1) ^ (x_4 v -x_3) ^ (-x_11 v -x_4 v x_8) ^ (-x_9 v x_1 v -x_7) ^ (x_3 v -x_12 v -x_4) ^ (x_6 v -x_10 v -x_0) ^ (x_6 v x_1 v -x_3) ^ (-x_4 v x_6 v x_12) ^ (x_11 v -x_12 v -x_10) ^ (-x_10 v -x_2 v -x_3) ^ (x_12 v x_4 v x_2) ^ (x_0 v x_12) ^ (-x_1 v -x_7 v -x_11) ^ (-x_9 v -x_8 v -x_3) ^ (-x_10 v x_2 v -x_8) ^ (x_0 v -x_9 v -x_2) ^ (-x_5 v -x_3) ^ (x_1 v x_7 v -x_8) ^ (x_11 v x_10 v x_7) ^ (x_0 v x_12 v -x_2) ^ (-x_1 v -x_10 v x_11) ^ (x_3 v x_9 v x_10) ^ (x_9 v -x_6 v -x_3) ^ (-x_12 v -x_11) ^ (x_11 v -x_1 v x_9)]
13,15,0.6921238899230957,91,0.0029506683349609375,1.2223663330078125,[(-x_9 v x_2 v x_5) ^ (-x_0 v -x_2 v -x_11) ^ (-x_1 v x_9 v -x_10) ^ (-x_9 v -x_10 v x_4) ^ (x_7 v x_5 v -x_0) ^ (x_11 v -x_12 v -x_3) ^ (x_10 v x_2 v -x_0) ^ (x_0 v x_1 v x_9) ^ (x_0 v -x_10 v x_4) ^ (-x_7 v -x_6) ^ (x_0 v -x_2 v -x_8) ^ (x_10 v x_5 v x_7) ^ (x_9 v x_4) ^ (x_12 v x_10 v x_4) ^ (x_12 v x_10 v x_5)]
13,24,1.1136069297790527,1,0.0034966468811035156,1.2770414352416992,[(x_12 v -x_4 v -x_8) ^ (-x_1 v x_6 v x_12) ^ (x_11 v -x_5 v -x_2) ^ (-x_12 v -x_6 v -x_3) ^ (x_9 v -x_2 v -x_8) ^ (x_3 v -x_1 v -x_7) ^ (-x_12 v -x_6 v x_8) ^ (x_0 v -x_5 v x_8) ^ (-x_4 v -x_2 v x_7) ^ (-x_0 v -x_9 v -x_3) ^ (-x_1 v -x_3 v -x_11) ^ (-x_1 v -x_12 v -x_0) ^ (-x_10 v -x_7 v x_8) ^ (x_11 v x_1 v -x_4) ^ (x_0 v x_4 v -x_8) ^ (-x_9 v -x_10 v x_4) ^ (-x_0 v x_6 v -x_11) ^ (x_0 v x_2) ^ (x_11 v x_1 v -x_7) ^ (-x_10 v x_7 v x_2) ^ (-x_12 v x_1 v x_3) ^ (-x_7 v x_10 v x_8) ^ (x_0 v x_9 v x_10) ^ (x_0 v -x_5 v -x_6)]
13,30,1.2471702098846436,91,0.0030672550201416016,1.3375320434570312,[(x_1 v -x_4 v -x_0) ^ (x_6 v -x_10 v x_4) ^ (x_3 v x_7 v -x_0) ^ (-x_6 v x_5 v -x_3) ^ (-x_0 v -x_10 v -x_3) ^ (x_6 v x_2 v -x_3) ^ (x_1 v -x_9 v x_5) ^ (x_1 v -x_2 v x_5) ^ (-x_4 v x_7 v -x_3) ^ (-x_5 v x_7 v x_4) ^ (-x_9 v x_1 v -x_2) ^ (x_10 v -x_3) ^ (x_0 v -x_2) ^ (x_11 v x_9 v x_0) ^ (-x_4 v x_7 v x_2) ^ (x_1 v -x_5 v -x_0) ^ (-x_1 v x_2 v x_5) ^ (x_0 v -x_9 v x_8) ^ (-x_1 v x_4) ^ (x_11 v -x_5 v -x_3) ^ (-x_5 v -x_3 v -x_0) ^ (-x_12 v -x_4 v x_2) ^ (x_8 v x_7 v -x_3) ^ (x_2 v x_8) ^ (x_3 v -x_4 v -x_6) ^ (x_12 v x_2 v -x_6) ^ (-x_4 v x_2 v -x_7) ^ (x_4 v -x_0) ^ (x_11 v -x_9 v x_7) ^ (x_6 v -x_12 v x_8)]
13,34,1.5332837104797363,1,0.0025038719177246094,1.3684797286987305,[(x_11 v -x_2 v -x_3) ^ (-x_12 v -x_3 v -x_0) ^ (x_11 v x_9 v x_8) ^ (x_11 v x_9 v -x_10) ^ (-x_1 v -x_4 v -x_3) ^ (-x_12 v -x_10 v -x_3) ^ (x_0 v -x_5 v -x_2) ^ (x_3 v x_6 v x_2) ^ (x_11 v x_6 v x_2) ^ (x_3 v -x_7 v -x_6) ^ (x_3 v -x_10 v -x_0) ^ (x_11 v x_3 v x_8) ^ (-x_12 v -x_2 v -x_0) ^ (-x_11 v x_5 v x_8) ^ (-x_2 v x_7 v -x_8) ^ (-x_10 v x_4 v -x_3) ^ (x_12 v x_4 v x_2) ^ (x_11 v -x_12 v x_10) ^ (-x_10 v -x_5 v -x_7) ^ (x_3 v x_7 v x_8) ^ (-x_1 v x_6 v -x_5) ^ (x_0 v -x_9 v x_2) ^ (-x_1 v x_12 v x_2) ^ (x_9 v x_12 v x_7) ^ (x_0 v -x_12 v -x_5) ^ (x_10 v x_5 v x_8) ^ (-x_0 v x_2 v -x_3) ^ (-x_12 v -x_2 v -x_3) ^ (x_9 v -x_4 v x_8) ^ (-x_5 v -x_7 v x_10) ^ (-x_9 v -x_3 v -x_0) ^ (-x_10 v x_2) ^ (x_11 v -x_4 v x_7) ^ (-x_0 v -x_5 v x_8)]
13,19,0.829902172088623,91,0.0029366016387939453,1.3952102661132812,[(x_11 v x_10 v -x_0) ^ (x_11 v -x_7 v x_3) ^ (-x_12 v x_5 v x_8) ^ (-x_7 v x_10 v x_2) ^ (x_1 v -x_5 v x_2) ^ (-x_7 v -x_5 v -x_11) ^ (-x_1 v x_10 v -x_6) ^ (-x_1 v x_12 v -x_4) ^ (-x_4 v x_5 v -x_3) ^ (x_8 v x_7 v x_4) ^ (x_3 v -x_5 v -x_0) ^ (x_6 v -x_5 v -x_3) ^ (-x_4 v x_8) ^ (x_11 v -x_9 v -x_6) ^ (x_11 v x_9) ^ (x_10 v x_5 v x_7) ^ (x_11 v -x_5 v -x_6) ^ (x_3 v x_9) ^ (x_1 v x_9 v x_8)]
13,20,0.9491298198699951,1,0.003357410430908203,1.2781553268432617,[(-x_9 v x_4 v -x_5) ^ (-x_1 v -x_12 v x_2) ^ (-x_9 v x_4 v x_5) ^ (-x_7 v -x_5 v x_2) ^ (-x_7 v -x_8 v -x_11) ^ (x_3 v -x_9 v -x_8) ^ (x_9 v x_7 v -x_6) ^ (x_3 v x_10 v -x_8) ^ (x_11 v -x_2 v x_0) ^ (-x_2 v x_7 v -x_8) ^ (x_1 v x_7 v -x_8) ^ (x_8 v x_7 v -x_3) ^ (-x_12 v x_10 v -x_11) ^ (x_11 v x_10) ^ (-x_1 v -x_12 v x_7) ^ (x_4 v -x_0) ^ (-x_9 v x_2 v -x_11) ^ (x_3 v -x_1 v -x_5) ^ (x_3 v -x_9 v -x_12) ^ (x_11 v -x_10 v x_2)]
13,31,1.2832164764404297,91,0.0035817623138427734,1.3274383544921875,[(x_9 v -x_10 v -x_7) ^ (-x_6 v -x_5 v x_8) ^ (-x_9 v -x_7 v -x_5) ^ (-x_4 v -x_2 v -x_0) ^ (x_11 v x_4 v x_8) ^ (-x_12 v x_9 v -x_5) ^ (-x_9 v -x_5 v -x_0) ^ (-x_1 v -x_7 v x_4) ^ (-x_12 v x_2) ^ (-x_12 v -x_10 v x_8) ^ (x_0 v x_1 v -x_7) ^ (x_0 v x_4 v -x_8) ^ (x_3 v -x_4 v x_5) ^ (-x_12 v x_9 v x_7) ^ (x_6 v x_1 v x_2) ^ (-x_1 v x_10 v x_4) ^ (-x_5 v -x_8 v -x_11) ^ (-x_12 v x_9 v x_10) ^ (x_1 v x_12 v -x_7) ^ (x_8 v x_7 v -x_6) ^ (x_11 v x_6 v -x_0) ^ (-x_9 v -x_8 v -x_3) ^ (x_9 v x_10 v -x_7) ^ (-x_1 v -x_9) ^ (x_0 v x_4 v x_5) ^ (-x_2 v x_7 v x_8) ^ (-x_9 v x_10 v -x_5) ^ (-x_10 v -x_5 v x_7) ^ (x_12 v -x_10 v x_4) ^ (-x_9 v -x_3 v -x_0) ^ (-x_6 v -x_3 v -x_11)]
13,23,1.520005702972412,1,0.0026373863220214844,1.261317253112793,[(x_6 v -x_9 v -x_5) ^ (-x_10 v x_7) ^ (-x_4 v -x_7 v -x_0) ^ (x_0 v -x_12 v -x_8) ^ (x_1 v x_9 v x_7) ^ (-x_4 v -x_2 v -x_7) ^ (x_1 v -x_4 v x_8) ^ (x_6 v x_1 v -x_0) ^ (-x_9 v x_7 v -x_3) ^ (-x_1 v -x_5 v x_10) ^ (x_0 v x_12 v -x_11) ^ (x_0 v x_9 v x_4) ^ (x_6 v x_9 v -x_5) ^ (-x_1 v x_5 v x_8) ^ (-x_12 v -x_9 v -x_7) ^ (x_1 v x_12) ^ (x_3 v x_9) ^ (-x_12 v x_4 v -x_6) ^ (x_4 v x_2 v -x_6) ^ (-x_11 v -x_2 v -x_3) ^ (x_0 v x_2 v -x_3) ^ (x_1 v x_10 v x_7) ^ (-x_7 v -x_3)]
13,17,0.7281200885772705,91,0.0030243396759033203,1.1583938598632812,[(-x_1 v -x_3) ^ (x_11 v x_2) ^ (x_11 v -x_12 v -x_4) ^ (x_0 v -x_9 v -x_6) ^ (-x_10 v -x_6 v -x_0) ^ (x_1 v x_12 v -x_8) ^ (x_0 v -x_4 v -x_2) ^ (x_0 v -x_3) ^ (x_6 v -x_2 v x_4) ^ (x_12 v x_2 v -x_7) ^ (-x_9 v x_10 v x_7) ^ (x_3 v x_8 v -x_6) ^ (-x_5 v -x_8 v -x_6) ^ (x_1 v -x_2 v -x_11) ^ (-x_1 v x_8 v -x_0) ^ (x_6 v x_10 v -x_11) ^ (x_6 v -x_12)]
13,14,0.6668145656585693,1,0.002770662307739258,1.2052183151245117,[(x_12 v -x_4 v -x_3) ^ (x_9 v -x_5 v -x_6) ^ (-x_1 v -x_9 v -x_0) ^ (-x_0 v -x_8 v -x_6) ^ (-x_1 v x_2 v -x_3) ^ (-x_4 v x_5 v -x_6) ^ (-x_0 v -x_7 v -x_11) ^ (-x_1 v x_5 v -x_3) ^ (x_6 v -x_4 v -x_10) ^ (x_0 v -x_9) ^ (x_9 v -x_5 v x_7) ^ (-x_1 v -x_9 v x_4) ^ (x_6 v x_12 v -x_11) ^ (x_3 v -x_1 v x_0)]
13,32,1.3494808673858643,91,0.004060268402099609,1.3159255981445312,[(x_11 v -x_5 v -x_2) ^ (-x_9 v -x_12 v x_7) ^ (-x_4 v -x_5) ^ (x_6 v x_1 v -x_11) ^ (-x_1 v x_6 v x_5) ^ (x_0 v x_1 v -x_10) ^ (x_6 v -x_7 v x_8) ^ (-x_9 v x_5 v -x_8) ^ (x_11 v x_12 v -x_10) ^ (x_11 v x_9 v -x_10) ^ (x_4 v x_5 v -x_6) ^ (x_3 v x_7 v x_0) ^ (-x_12 v x_7 v -x_5) ^ (x_1 v -x_10 v -x_7) ^ (-x_11 v x_10 v -x_6) ^ (x_12 v -x_0) ^ (x_9 v x_5 v x_8) ^ (x_6 v -x_2 v x_5) ^ (x_9 v -x_4 v -x_3) ^ (x_2 v -x_8 v -x_0) ^ (x_6 v -x_5 v -x_3) ^ (x_3 v -x_12 v x_7) ^ (x_11 v -x_0 v -x_3) ^ (x_8 v x_10 v -x_3) ^ (x_11 v x_1 v x_7) ^ (x_11 v -x_12) ^ (x_11 v -x_7) ^ (x_1 v -x_12 v -x_11) ^ (x_3 v -x_4 v -x_6) ^ (x_11 v x_1 v x_12) ^ (x_12 v x_10 v -x_7) ^ (x_0 v -x_4)]
13,15,0.7114553451538086,1,0.0030901432037353516,1.270136833190918,[(x_0 v x_2 v -x_8) ^ (-x_9 v x_10 v -x_6) ^ (x_3 v -x_2) ^ (-x_10 v x_5 v -x_0) ^ (x_3 v -x_12 v -x_2) ^ (-x_12 v -x_2) ^ (x_12 v -x_10 v -x_8) ^ (-x_3 v -x_8 v -x_11) ^ (-x_9 v -x_12 v x_4) ^ (x_12 v -x_7 v -x_11) ^ (-x_1 v -x_9 v x_5) ^ (x_9 v x_7 v -x_6) ^ (-x_2 v -x_8 v -x_0) ^ (-x_0 v x_12 v -x_3) ^ (x_3 v x_1 v x_9)]
13,26,1.0931332111358643,91,0.0019268989562988281,1.3981552124023438,[(x_1 v x_2 v x_8) ^ (x_0 v x_7 v x_4) ^ (x_6 v -x_10 v -x_11) ^ (-x_4 v -x_7) ^ (-x_1 v x_12 v x_5) ^ (x_9 v -x_11) ^ (-x_1 v -x_12 v -x_0) ^ (-x_5 v x_10) ^ (x_8 v x_7 v -x_11) ^ (-x_11 v -x_3) ^ (x_6 v x_12 v -x_0) ^ (x_3 v -x_7 v -x_0) ^ (x_6 v -x_10 v x_2) ^ (x_1 v -x_12 v -x_0) ^ (-x_1 v x_12 v x_4) ^ (-x_1 v x_4 v x_5) ^ (x_1 v -x_7 v x_5) ^ (-x_12 v -x_5 v -x_6) ^ (x_11 v x_2 v -x_3) ^ (-x_4 v x_5 v -x_0) ^ (x_11 v -x_10) ^ (x_12 v x_4 v x_5) ^ (-x_5 v x_2 v -x_6) ^ (x_4 v x_7 v -x_0) ^ (x_12 v x_4 v -x_6) ^ (x_3 v x_7 v x_5)]
13,14,0.671900749206543,1,0.0024929046630859375,1.210139274597168,[(x_12 v -x_10) ^ (-x_12 v x_4 v -x_11) ^ (x_10 v -x_2 v x_8) ^ (-x_9 v -x_7 v -x_0) ^ (x_12 v -x_5 v -x_6) ^ (-x_9 v -x_12 v -x_11) ^ (x_2 v -x_8 v -x_6) ^ (x_0 v x_10 v -x_3) ^ (x_11 v -x_12 v x_4) ^ (-x_1 v x_4 v x_7) ^ (x_12 v x_2 v -x_3) ^ (-x_9 v -x_10 v x_2) ^ (-x_10 v -x_8) ^ (x_6 v x_9 v -x_10)]
13,36,1.5005853176116943,91,0.0022580623626708984,1.3466110229492188,[(x_1 v -x_12 v -x_6) ^ (x_11 v -x_3 v -x_0) ^ (x_0 v -x_9 v -x_7) ^ (x_9 v -x_2 v x_8) ^ (x_9 v -x_10 v x_2) ^ (x_1 v -x_4 v -x_8) ^ (x_1 v -x_9 v -x_8) ^ (-x_1 v -x_2 v -x_11) ^ (-x_1 v -x_12 v -x_5) ^ (-x_9 v x_7 v -x_6) ^ (x_11 v x_5 v -x_3) ^ (-x_1 v -x_6) ^ (x_3 v -x_7 v -x_6) ^ (-x_9 v -x_5 v -x_8) ^ (-x_0 v -x_5 v x_4) ^ (x_6 v -x_10 v -x_2) ^ (-x_12 v x_9 v -x_10) ^ (-x_4 v x_9 v -x_11) ^ (x_0 v -x_10 v -x_6) ^ (-x_12 v x_6 v x_1) ^ (x_11 v -x_9 v -x_10) ^ (-x_4 v -x_5 v -x_7) ^ (x_1 v x_10 v -x_0) ^ (x_3 v -x_2 v x_8) ^ (-x_1 v x_10 v x_2) ^ (-x_12 v -x_2 v -x_8) ^ (x_6 v x_10 v -x_11) ^ (-x_4 v -x_8 v -x_0) ^ (x_0 v -x_4 v x_12) ^ (x_1 v x_12 v x_7) ^ (-x_5 v x_10 v x_4) ^ (x_6 v x_7 v x_5) ^ (x_11 v x_1 v x_12) ^ (x_3 v x_10 v -x_11) ^ (-x_12 v -x_10 v -x_0) ^ (-x_7 v -x_2 v -x_6)]
13,24,1.0999846458435059,1,0.006566762924194336,1.4223737716674805,[(x_11 v x_10 v x_0) ^ (x_7 v x_5 v -x_6) ^ (x_6 v x_10 v x_8) ^ (-x_12 v x_7) ^ (x_5 v x_8) ^ (x_3 v x_6 v x_2) ^ (-x_12 v -x_10 v -x_8) ^ (-x_5 v x_2 v x_4) ^ (x_0 v x_6 v -x_9) ^ (x_3 v -x_7 v -x_0) ^ (-x_8 v -x_11) ^ (x_9 v x_4 v x_8) ^ (-x_4 v -x_10) ^ (-x_10 v x_4 v -x_3) ^ (x_3 v -x_2 v x_8) ^ (-x_12 v -x_9 v -x_8) ^ (x_6 v x_9 v -x_5) ^ (-x_1 v x_4 v -x_8) ^ (x_3 v x_12 v -x_10) ^ (x_0 v -x_3 v -x_6) ^ (-x_1 v -x_9) ^ (-x_1 v x_4) ^ (x_2 v x_5 v -x_3) ^ (x_12 v -x_5 v x_4)]
13,39,1.6089355945587158,91,0.0020203590393066406,1.3090667724609375,[(x_12 v -x_4 v -x_3) ^ (x_3 v x_12 v x_4) ^ (-x_6 v -x_5 v x_8) ^ (-x_12 v x_10 v -x_8) ^ (x_6 v x_12 v -x_3) ^ (x_3 v -x_4 v x_2) ^ (x_6 v x_1 v -x_4) ^ (x_3 v x_2 v -x_8) ^ (-x_10 v x_4) ^ (x_6 v x_10 v -x_8) ^ (x_0 v -x_9 v -x_7) ^ (-x_4 v -x_2 v x_5) ^ (-x_9 v x_5 v x_8) ^ (-x_9 v -x_8 v -x_6) ^ (x_12 v x_7 v -x_0) ^ (x_3 v -x_10 v x_2) ^ (-x_10 v -x_2 v -x_0) ^ (-x_1 v -x_7 v x_2) ^ (-x_7 v x_4 v -x_8) ^ (x_3 v -x_10 v -x_0) ^ (x_6 v -x_12 v x_7) ^ (x_0 v x_1 v -x_8) ^ (x_0 v -x_1 v -x_5) ^ (-x_12 v -x_9 v -x_0) ^ (-x_12 v x_9 v x_7) ^ (x_3 v -x_7 v -x_2) ^ (x_0 v -x_10 v -x_6) ^ (-x_5 v -x_2 v x_4) ^ (-x_12 v -x_7 v -x_8) ^ (x_2 v -x_3) ^ (x_6 v -x_4 v -x_2) ^ (-x_2 v x_7 v -x_3) ^ (x_6 v x_4 v -x_0) ^ (-x_11 v x_10 v x_4) ^ (-x_9 v -x_4 v -x_0) ^ (-x_4 v x_2 v x_5) ^ (-x_2 v x_10 v -x_11) ^ (x_3 v x_10 v -x_0) ^ (x_1 v -x_3 v x_8)]
13,15,0.7093477249145508,1,0.001983165740966797,1.231654167175293,[(x_3 v x_4 v -x_11) ^ (-x_12 v -x_4 v -x_8) ^ (-x_0 v -x_2 v x_8) ^ (x_11 v x_4 v x_7) ^ (-x_4 v x_7 v x_2) ^ (x_0 v x_1 v x_7) ^ (-x_4 v x_7 v x_8) ^ (x_12 v x_4 v -x_7) ^ (x_9 v x_7 v -x_0) ^ (-x_10 v x_4) ^ (x_6 v -x_12 v x_5) ^ (-x_10 v x_7 v -x_6) ^ (x_0 v -x_4 v -x_3) ^ (x_5 v x_9 v x_2) ^ (-x_9 v x_1 v -x_5)]
13,35,1.4499742984771729,91,0.0033571720123291016,1.2411422729492188,[(x_0 v -x_6 v -x_3) ^ (x_1 v -x_2 v -x_5) ^ (-x_0 v -x_2 v -x_3) ^ (x_0 v -x_7 v -x_8) ^ (x_8 v -x_7 v -x_0) ^ (x_12 v x_7 v x_2) ^ (x_9 v -x_10 v x_2) ^ (x_6 v -x_9 v x_4) ^ (x_0 v -x_5 v x_8) ^ (-x_2 v x_7 v -x_11) ^ (x_12 v -x_4 v -x_11) ^ (-x_2 v -x_5 v x_4) ^ (x_11 v -x_12 v x_9) ^ (x_3 v -x_7 v -x_5) ^ (-x_2 v x_7 v x_4) ^ (x_0 v -x_5 v -x_3) ^ (-x_1 v -x_2 v x_11) ^ (x_12 v x_9 v -x_0) ^ (x_0 v -x_9 v -x_12) ^ (x_6 v -x_2) ^ (-x_9 v -x_11 v -x_3) ^ (x_6 v -x_5 v x_7) ^ (x_5 v x_2 v -x_11) ^ (x_1 v -x_9 v -x_7) ^ (x_3 v x_1 v -x_11) ^ (x_6 v -x_4 v x_7) ^ (x_11 v x_5 v -x_8) ^ (-x_9 v -x_7 v -x_3) ^ (-x_5 v -x_3) ^ (x_1 v -x_7) ^ (x_5 v -x_8 v -x_11) ^ (-x_4 v x_2 v -x_6) ^ (x_10 v -x_8 v -x_3) ^ (-x_12 v -x_2 v -x_5) ^ (x_9 v -x_7)]
13,20,0.920499324798584,1,0.003532886505126953,1.405848503112793,[(x_11 v x_6 v -x_7) ^ (x_1 v x_9 v -x_6) ^ (x_0 v -x_4 v x_5) ^ (x_1 v x_8 v -x_0) ^ (-x_6 v -x_5 v -x_3) ^ (-x_5 v x_2 v x_4) ^ (-x_4 v -x_3) ^ (-x_12 v -x_0) ^ (x_6 v -x_2 v -x_11) ^ (x_0 v -x_8 v x_11) ^ (-x_12 v -x_5 v -x_6) ^ (-x_4 v x_12 v -x_5) ^ (x_3 v x_1 v -x_0) ^ (x_0 v -x_7 v -x_5) ^ (-x_9 v -x_2 v x_7) ^ (-x_5 v -x_3 v -x_6) ^ (x_11 v -x_8 v -x_0) ^ (-x_7 v -x_10 v -x_6) ^ (x_0 v -x_4 v x_2) ^ (-x_12 v -x_4 v x_5)]
13,22,0.9368479251861572,91,0.0023550987243652344,1.2726669311523438,[(-x_4 v -x_2 v -x_11) ^ (x_6 v -x_7 v x_4) ^ (-x_9 v -x_4 v x_2) ^ (-x_1 v -x_6 v -x_0) ^ (-x_1 v -x_12 v -x_5) ^ (x_12 v x_5 v x_8) ^ (x_4 v -x_6) ^ (x_0 v x_6 v -x_9) ^ (-x_1 v x_5 v -x_6) ^ (x_12 v -x_5 v x_7) ^ (x_3 v -x_9 v x_8) ^ (x_0 v x_10 v x_8) ^ (-x_4 v x_2) ^ (x_1 v x_2 v -x_0) ^ (x_11 v -x_12 v x_10) ^ (-x_5 v x_8) ^ (-x_1 v -x_7 v -x_11) ^ (x_5 v x_4 v x_2) ^ (x_11 v x_4 v -x_3) ^ (x_6 v -x_5 v -x_0) ^ (x_11 v x_9 v -x_8) ^ (x_11 v x_4 v x_5)]
13,32,1.431288719177246,1,0.004421710968017578,1.4025678634643555,[(-x_2 v x_10 v x_11) ^ (x_3 v -x_4 v x_8) ^ (-x_4 v -x_2 v -x_0) ^ (x_9 v x_10 v -x_6) ^ (x_12 v x_5 v -x_8) ^ (-x_5 v -x_11) ^ (x_9 v -x_5 v x_2) ^ (x_0 v x_9 v -x_2) ^ (-x_9 v -x_10 v -x_6) ^ (x_1 v -x_5 v x_7) ^ (-x_10 v -x_5 v -x_0) ^ (x_1 v -x_12 v x_9) ^ (-x_1 v -x_12 v x_5) ^ (-x_12 v x_2) ^ (x_5 v -x_3) ^ (x_0 v -x_2 v x_4) ^ (-x_5 v -x_8 v x_4) ^ (x_11 v x_1 v -x_0) ^ (x_7 v x_4 v -x_11) ^ (-x_1 v -x_10 v x_4) ^ (x_3 v x_7 v x_8) ^ (x_9 v -x_6) ^ (x_1 v -x_4 v -x_2) ^ (x_4 v x_2 v -x_6) ^ (x_9 v -x_7 v -x_3) ^ (x_1 v -x_7 v -x_11) ^ (x_3 v -x_4) ^ (x_11 v -x_4 v x_0) ^ (x_6 v x_9 v x_10) ^ (-x_9 v -x_0) ^ (x_9 v -x_2 v -x_7) ^ (x_3 v x_4)]
13,15,0.6744272708892822,91,0.003001689910888672,1.1992034912109375,[(x_0 v -x_9 v -x_4) ^ (x_5 v -x_6) ^ (-x_2 v x_5 v -x_8) ^ (x_0 v -x_8 v -x_3) ^ (-x_12 v -x_2 v x_4) ^ (-x_1 v x_2 v x_8) ^ (x_3 v -x_9 v -x_4) ^ (x_11 v -x_7 v -x_8) ^ (x_0 v x_1 v x_10) ^ (-x_0 v -x_5 v x_4) ^ (x_3 v x_1 v -x_6) ^ (-x_5 v -x_3 v -x_11) ^ (x_6 v -x_10) ^ (-x_9 v x_12 v -x_2) ^ (-x_12 v -x_9 v -x_7)]
13,34,1.558593988418579,1,0.004379987716674805,1.3289823532104492,[(-x_9 v x_12 v -x_0) ^ (-x_7 v x_8) ^ (x_10 v -x_5 v -x_8) ^ (x_0 v x_1 v x_10) ^ (x_9 v x_8) ^ (-x_9 v x_10 v -x_11) ^ (-x_5 v -x_3 v x_4) ^ (x_3 v -x_7 v -x_5) ^ (x_11 v -x_7 v x_4) ^ (-x_9 v -x_7 v x_10) ^ (x_11 v -x_9 v -x_8) ^ (-x_6 v -x_3 v x_8) ^ (-x_12 v x_9 v -x_8) ^ (-x_1 v x_7 v -x_3) ^ (x_9 v x_5 v -x_11) ^ (-x_5 v x_7) ^ (-x_7 v -x_2 v -x_0) ^ (x_12 v x_5) ^ (x_7 v -x_8 v -x_11) ^ (-x_9 v -x_4 v x_10) ^ (-x_1 v -x_6 v x_8) ^ (x_10 v x_7 v -x_0) ^ (-x_1 v -x_9 v x_4) ^ (x_11 v -x_2 v x_7) ^ (-x_7 v x_4 v -x_6) ^ (x_9 v x_10 v x_8) ^ (-x_5 v x_2 v -x_0) ^ (-x_1 v x_7 v x_8) ^ (-x_2 v x_4) ^ (x_9 v -x_10 v -x_0) ^ (x_12 v x_10 v -x_6) ^ (x_0 v x_9 v -x_10) ^ (x_0 v x_7 v x_8) ^ (x_11 v -x_10 v x_2)]
13,27,1.2431972026824951,91,0.002447843551635742,1.3218002319335938,[(-x_9 v x_12 v -x_0) ^ (-x_10 v x_7 v x_8) ^ (x_3 v -x_5) ^ (x_11 v x_10 v x_0) ^ (-x_7 v -x_10 v -x_3) ^ (x_0 v -x_12 v -x_2) ^ (-x_9 v -x_2 v x_4) ^ (-x_10 v -x_8 v -x_0) ^ (-x_9 v -x_5 v -x_6) ^ (-x_10 v x_4 v -x_6) ^ (-x_4 v -x_5 v -x_8) ^ (x_9 v x_7 v -x_6) ^ (-x_7 v x_10 v -x_11) ^ (-x_12 v x_8 v -x_0) ^ (x_9 v -x_2 v x_4) ^ (-x_5 v -x_8) ^ (x_0 v x_9 v x_4) ^ (x_0 v x_4 v x_2) ^ (-x_2 v -x_4 v x_10) ^ (-x_1 v -x_12 v -x_11) ^ (x_3 v x_9 v x_12) ^ (x_7 v -x_3) ^ (x_0 v -x_10 v x_8) ^ (-x_1 v x_4 v x_8) ^ (-x_9 v x_12 v x_4) ^ (-x_1 v -x_0) ^ (-x_1 v -x_2 v x_5)]
13,26,1.4419963359832764,1,0.0040798187255859375,1.3620786666870117,[(x_12 v -x_2 v x_8) ^ (x_7 v -x_3 v x_8) ^ (x_4 v -x_8 v -x_11) ^ (-x_12 v -x_3 v -x_0) ^ (x_11 v x_8 v -x_3) ^ (x_0 v x_8 v -x_6) ^ (x_0 v -x_10 v x_7) ^ (x_6 v -x_10 v -x_7) ^ (x_0 v -x_7 v x_8) ^ (x_0 v x_10 v -x_8) ^ (x_9 v x_12 v -x_8) ^ (-x_7 v -x_8 v -x_11) ^ (x_0 v x_9 v -x_11) ^ (-x_4 v x_5 v -x_3) ^ (-x_4 v -x_3) ^ (x_0 v x_1 v x_7) ^ (x_3 v -x_10 v -x_7) ^ (-x_11 v x_10 v -x_3) ^ (x_3 v x_7 v -x_8) ^ (x_9 v x_2 v -x_8) ^ (x_3 v x_4 v x_8) ^ (x_3 v x_9 v -x_10) ^ (x_0 v -x_10) ^ (x_0 v x_10 v -x_3) ^ (-x_1 v x_2 v -x_6) ^ (x_12 v x_10 v x_5)]
13,31,1.5638363361358643,91,0.003558635711669922,1.2848281860351562,[(x_3 v x_10 v x_11) ^ (-x_4 v -x_8 v -x_6) ^ (x_9 v -x_2 v x_7) ^ (x_9 v -x_3) ^ (x_4 v -x_8 v -x_11) ^ (x_3 v -x_9 v x_2) ^ (x_11 v -x_9 v x_3) ^ (x_6 v -x_7) ^ (-x_1 v -x_5 v x_3) ^ (x_1 v -x_5 v x_7) ^ (-x_4 v -x_2 v x_8) ^ (x_9 v -x_5 v -x_0) ^ (x_0 v x_12 v -x_5) ^ (-x_7 v x_4 v -x_11) ^ (x_0 v x_6 v x_9) ^ (-x_6 v -x_8 v -x_11) ^ (x_7 v x_2 v x_8) ^ (x_4 v -x_8 v -x_3) ^ (-x_5 v -x_3) ^ (x_10 v x_2) ^ (-x_1 v x_5 v x_11) ^ (x_6 v x_5 v -x_11) ^ (x_9 v -x_7 v -x_6) ^ (x_0 v x_12 v x_8) ^ (-x_1 v -x_9 v x_5) ^ (x_0 v x_5 v -x_3) ^ (x_10 v -x_4 v -x_5) ^ (-x_11 v x_7 v -x_6) ^ (x_11 v -x_1 v x_4) ^ (-x_12 v -x_9 v -x_11) ^ (x_6 v -x_4 v x_9)]
13,31,1.7354159355163574,1,0.004826545715332031,1.3466215133666992,[(x_11 v -x_9 v -x_3) ^ (-x_9 v -x_7 v x_2) ^ (x_11 v -x_1 v -x_0) ^ (x_9 v -x_5 v -x_7) ^ (-x_7 v x_8) ^ (x_0 v -x_12 v -x_6) ^ (-x_1 v -x_7 v -x_2) ^ (x_11 v -x_7 v -x_10) ^ (x_3 v x_12 v -x_2) ^ (x_6 v -x_9 v -x_10) ^ (x_12 v x_9) ^ (-x_1 v -x_7 v x_2) ^ (-x_5 v -x_10 v -x_2) ^ (-x_0 v x_12 v -x_11) ^ (-x_1 v x_4 v x_2) ^ (x_2 v x_5) ^ (-x_12 v x_4 v -x_8) ^ (-x_11 v x_5 v x_8) ^ (x_11 v -x_2 v x_0) ^ (-x_7 v x_2 v x_5) ^ (x_11 v -x_5 v x_7) ^ (-x_1 v -x_12 v -x_7) ^ (-x_12 v x_9 v x_4) ^ (x_6 v -x_5 v -x_0) ^ (-x_10 v -x_2 v -x_6) ^ (-x_4 v -x_5 v x_2) ^ (x_11 v -x_4 v x_0) ^ (x_11 v -x_12 v -x_2) ^ (-x_4 v -x_10 v -x_11) ^ (x_3 v -x_6 v x_11) ^ (-x_11 v x_4 v x_8)]
13,28,1.4184551239013672,91,0.003164529800415039,1.3892974853515625,[(x_6 v -x_12 v -x_11) ^ (x_0 v x_4) ^ (-x_1 v -x_9 v x_8) ^ (x_3 v -x_5 v -x_8) ^ (x_7 v x_2) ^ (x_5 v x_2 v x_8) ^ (-x_5 v -x_8 v -x_0) ^ (x_11 v x_9 v x_4) ^ (x_0 v x_10 v -x_8) ^ (-x_12 v x_5 v -x_6) ^ (x_0 v -x_1 v -x_3) ^ (x_3 v x_6 v -x_9) ^ (x_11 v -x_7 v x_5) ^ (x_11 v -x_7 v -x_0) ^ (x_1 v x_5 v -x_3) ^ (x_2 v -x_8 v -x_6) ^ (x_6 v -x_12 v -x_2) ^ (x_0 v -x_12 v x_7) ^ (x_1 v -x_9 v x_7) ^ (x_9 v x_10 v -x_8) ^ (-x_10 v x_4 v -x_3) ^ (-x_5 v x_7 v -x_11) ^ (x_12 v -x_5 v x_8) ^ (-x_1 v -x_10 v -x_6) ^ (x_12 v x_4 v -x_11) ^ (x_1 v x_12 v x_2) ^ (x_11 v x_4 v -x_8) ^ (x_3 v x_1 v x_2)]
13,31,1.4063186645507812,1,0.0026655197143554688,1.3560667037963867,[(-x_9 v -x_12 v x_7) ^ (-x_7 v x_8) ^ (x_8 v x_12 v -x_0) ^ (x_0 v x_10 v -x_5) ^ (x_3 v -x_5 v -x_8) ^ (-x_4 v -x_7 v -x_0) ^ (x_11 v x_4 v x_8) ^ (x_3 v -x_5 v x_8) ^ (x_0 v x_6 v x_8) ^ (x_6 v -x_3 v -x_11) ^ (-x_1 v x_6 v -x_3) ^ (-x_7 v -x_5 v x_2) ^ (-x_1 v -x_9 v -x_7) ^ (x_12 v -x_2 v -x_11) ^ (x_12 v -x_5) ^ (x_6 v -x_8 v -x_3) ^ (x_1 v x_12 v -x_11) ^ (-x_11 v x_9 v -x_3) ^ (x_1 v x_2 v -x_0) ^ (x_3 v -x_12 v -x_2) ^ (x_8 v x_4 v -x_6) ^ (x_6 v -x_5 v x_4) ^ (x_0 v x_12 v x_11) ^ (-x_1 v x_5 v x_8) ^ (-x_12 v x_4 v x_5) ^ (x_1 v -x_11 v x_8) ^ (x_0 v x_7) ^ (x_6 v -x_10 v -x_5) ^ (x_12 v -x_5 v -x_6) ^ (-x_12 v -x_7 v -x_11) ^ (x_1 v -x_4 v -x_10)]
13,31,1.3052184581756592,91,0.0021796226501464844,1.3377685546875,[(-x_1 v x_7 v x_5) ^ (x_3 v x_6) ^ (-x_5 v -x_3 v x_4) ^ (x_12 v x_7 v -x_0) ^ (x_0 v -x_7 v x_8) ^ (x_11 v x_10 v -x_6) ^ (-x_9 v -x_5 v -x_6) ^ (x_3 v -x_10 v x_4) ^ (-x_11 v x_9 v -x_0) ^ (x_3 v -x_9 v -x_5) ^ (x_4 v -x_3 v -x_11) ^ (x_9 v -x_2 v -x_11) ^ (x_0 v -x_7 v x_4) ^ (x_3 v x_4 v -x_6) ^ (x_8 v x_9 v -x_6) ^ (-x_1 v x_10 v -x_0) ^ (x_2 v x_7 v x_5) ^ (-x_12 v -x_7 v -x_5) ^ (x_5 v -x_10 v x_2) ^ (x_3 v x_5 v -x_8) ^ (x_6 v x_9 v -x_5) ^ (x_0 v x_4 v x_3) ^ (x_10 v x_2) ^ (x_10 v x_2 v x_7) ^ (x_9 v x_12 v -x_10) ^ (x_1 v -x_9 v x_2) ^ (x_9 v x_12 v x_7) ^ (x_6 v -x_8 v -x_0) ^ (-x_7 v x_10 v x_8) ^ (x_9 v x_5) ^ (x_6 v -x_4 v x_9)]
13,33,1.4754714965820312,1,0.0024673938751220703,1.2847089767456055,[(x_2 v x_10 v x_5) ^ (-x_6 v -x_2 v -x_0) ^ (-x_4 v -x_5) ^ (x_1 v -x_2 v -x_5) ^ (x_6 v x_1 v x_9) ^ (x_3 v -x_7 v x_8) ^ (x_0 v x_7 v -x_11) ^ (x_3 v x_4 v x_0) ^ (x_1 v x_7 v x_4) ^ (-x_9 v -x_7) ^ (x_1 v -x_7 v x_8) ^ (-x_10 v x_7 v -x_11) ^ (-x_10 v x_4 v -x_0) ^ (x_11 v x_9 v x_10) ^ (x_11 v -x_12 v -x_5) ^ (x_6 v -x_10 v -x_0) ^ (x_0 v -x_5 v x_3) ^ (x_11 v x_3 v x_8) ^ (-x_1 v x_2 v -x_0) ^ (-x_12 v -x_10) ^ (-x_7 v -x_8 v -x_6) ^ (x_9 v -x_2 v x_4) ^ (x_6 v x_4 v x_2) ^ (x_11 v x_5 v x_8) ^ (x_12 v -x_8 v -x_11) ^ (-x_9 v x_12 v x_10) ^ (x_10 v x_2 v x_7) ^ (-x_9 v -x_2 v -x_8) ^ (x_9 v x_2 v -x_3) ^ (-x_7 v -x_2 v -x_6) ^ (x_9 v -x_4 v x_8) ^ (-x_9 v x_2 v -x_11) ^ (-x_1 v x_6 v -x_0)]
13,28,1.1659860610961914,91,0.002508401870727539,1.2645111083984375,[(x_10 v x_5) ^ (x_6 v -x_9 v -x_4) ^ (-x_5 v x_2 v x_8) ^ (-x_9 v -x_4 v -x_7) ^ (x_11 v -x_4 v -x_3) ^ (x_3 v -x_4 v -x_10) ^ (-x_9 v x_7 v -x_8) ^ (x_11 v x_6 v -x_9) ^ (-x_1 v x_9 v -x_3) ^ (x_0 v x_10 v -x_8) ^ (-x_10 v x_4 v -x_6) ^ (x_1 v -x_2 v x_8) ^ (x_11 v -x_0 v -x_6) ^ (-x_9 v -x_4 v x_5) ^ (x_6 v -x_10 v -x_2) ^ (x_0 v -x_1 v -x_10) ^ (x_10 v -x_2 v -x_0) ^ (-x_7 v -x_2 v -x_0) ^ (x_0 v x_1 v x_7) ^ (-x_6 v x_5 v -x_11) ^ (x_12 v x_10 v x_2) ^ (x_3 v -x_12 v x_2) ^ (x_3 v x_6 v x_5) ^ (x_2 v -x_8 v -x_3) ^ (x_0 v x_10 v x_7) ^ (x_3 v x_1 v x_0) ^ (x_1 v x_7 v x_8) ^ (x_3 v -x_10)]
13,25,1.1488885879516602,1,0.0023729801177978516,1.3086118698120117,[(x_1 v -x_2 v -x_5) ^ (-x_1 v x_9 v x_7) ^ (-x_4 v x_9 v -x_5) ^ (-x_1 v -x_5 v -x_3) ^ (x_0 v -x_5 v x_8) ^ (-x_9 v -x_4 v x_7) ^ (-x_1 v x_8) ^ (-x_1 v -x_12 v -x_0) ^ (-x_9 v x_8) ^ (x_11 v -x_9) ^ (x_1 v x_10 v -x_11) ^ (-x_2 v x_5 v x_7) ^ (x_6 v -x_5 v x_2) ^ (-x_7 v x_4 v x_5) ^ (x_11 v -x_9 v -x_10) ^ (x_6 v x_9 v -x_10) ^ (x_3 v x_12 v x_8) ^ (x_10 v -x_8 v -x_3) ^ (x_12 v x_4 v -x_10) ^ (-x_12 v x_10 v x_5) ^ (-x_10 v -x_5 v x_7) ^ (-x_1 v -x_0 v -x_6) ^ (-x_10 v -x_2 v -x_6) ^ (x_3 v x_10 v -x_0) ^ (x_3 v -x_9 v -x_12)]
13,13,0.5746028423309326,91,0.002413511276245117,1.2965850830078125,[(-x_12 v x_5 v -x_0) ^ (x_0 v x_1 v x_12) ^ (-x_0 v x_9 v -x_6) ^ (x_12 v -x_2 v -x_3) ^ (x_0 v -x_1 v -x_10) ^ (-x_2 v x_7 v -x_8) ^ (x_12 v x_2 v -x_11) ^ (x_0 v x_12 v x_7) ^ (-x_0 v -x_5 v x_4) ^ (x_7 v x_5 v -x_11) ^ (x_3 v -x_10) ^ (-x_9 v -x_2 v -x_0) ^ (x_6 v -x_4 v x_8)]
13,19,0.8841652870178223,1,0.0020799636840820312,1.2882871627807617,[(x_11 v x_1 v -x_6) ^ (x_2 v -x_3 v -x_6) ^ (x_5 v -x_3 v -x_6) ^ (x_1 v -x_4 v x_7) ^ (x_12 v -x_10 v -x_6) ^ (-x_1 v -x_10 v x_3) ^ (-x_0 v x_12 v -x_3) ^ (x_6 v x_12 v -x_10) ^ (x_1 v -x_5 v -x_3) ^ (-x_12 v x_2) ^ (x_0 v x_12 v -x_11) ^ (-x_12 v x_1 v -x_7) ^ (x_11 v -x_12 v x_10) ^ (-x_5 v x_8) ^ (x_0 v -x_1 v -x_6) ^ (x_0 v x_7) ^ (x_6 v x_9 v -x_0) ^ (-x_9 v x_10 v x_5) ^ (x_1 v -x_12 v -x_7)]
13,31,1.2983546257019043,91,0.002640962600708008,1.270599365234375,[(x_5 v -x_11) ^ (x_3 v -x_1 v -x_6) ^ (x_0 v -x_10 v -x_7) ^ (-x_4 v x_7 v x_8) ^ (-x_9 v -x_7) ^ (x_11 v -x_10 v x_3) ^ (-x_12 v x_10 v x_8) ^ (-x_7 v -x_5 v -x_3) ^ (-x_0 v x_9 v x_8) ^ (x_0 v x_10 v x_5) ^ (-x_5 v -x_2) ^ (x_3 v -x_5 v x_11) ^ (x_6 v x_12 v x_10) ^ (x_6 v -x_4) ^ (-x_4 v -x_7 v -x_3) ^ (x_12 v -x_10 v -x_3) ^ (x_9 v x_10 v -x_8) ^ (x_8 v x_4 v -x_11) ^ (-x_9 v x_4) ^ (-x_10 v -x_2 v x_5) ^ (x_0 v x_8) ^ (x_3 v x_9 v x_2) ^ (x_10 v x_2 v x_7) ^ (-x_4 v x_7 v x_5) ^ (x_7 v -x_3) ^ (-x_10 v -x_7 v -x_0) ^ (x_11 v -x_9 v x_12) ^ (x_11 v x_10) ^ (x_4 v x_7 v -x_0) ^ (x_12 v x_2 v x_5) ^ (x_1 v -x_11 v -x_0)]
13,31,1.4920148849487305,1,0.0024924278259277344,1.3541593551635742,[(-x_1 v x_9 v x_7) ^ (x_1 v -x_4 v -x_7) ^ (-x_1 v -x_9 v x_8) ^ (x_11 v -x_6 v -x_3) ^ (x_11 v x_10 v x_0) ^ (x_3 v x_12 v x_7) ^ (-x_10 v x_5) ^ (-x_12 v -x_10 v -x_3) ^ (-x_11 v x_12 v -x_6) ^ (x_9 v -x_5 v -x_3) ^ (x_3 v x_4 v x_11) ^ (x_6 v x_1 v -x_8) ^ (-x_4 v -x_2 v -x_3) ^ (-x_10 v x_2 v x_5) ^ (-x_5 v x_7) ^ (-x_12 v -x_3) ^ (-x_12 v -x_8 v -x_11) ^ (x_10 v x_7 v -x_6) ^ (x_1 v -x_7 v x_5) ^ (-x_5 v -x_8 v -x_6) ^ (x_6 v x_10 v x_4) ^ (x_3 v x_5 v -x_8) ^ (x_12 v x_7 v -x_11) ^ (-x_12 v x_5) ^ (-x_7 v x_5 v -x_0) ^ (x_3 v x_9 v x_2) ^ (-x_2 v x_5) ^ (x_3 v x_5 v x_8) ^ (x_1 v x_7) ^ (-x_12 v -x_2 v -x_3) ^ (x_3 v -x_4 v -x_7)]
13,33,1.3642756938934326,91,0.0023946762084960938,1.2973480224609375,[(-x_12 v -x_2 v x_5) ^ (-x_1 v x_6 v x_0) ^ (x_7 v x_2) ^ (-x_1 v -x_2 v x_8) ^ (-x_11 v -x_7 v -x_6) ^ (-x_10 v -x_8 v -x_0) ^ (x_9 v x_4 v x_5) ^ (-x_2 v x_10 v x_8) ^ (-x_5 v -x_2 v x_8) ^ (-x_12 v -x_4) ^ (x_5 v x_8) ^ (x_7 v x_2 v -x_3) ^ (x_11 v -x_5 v x_4) ^ (x_3 v x_2 v -x_6) ^ (x_10 v x_8) ^ (-x_0 v x_5 v -x_11) ^ (x_6 v -x_9 v -x_11) ^ (-x_1 v x_12 v -x_6) ^ (-x_0 v x_6 v -x_3) ^ (x_6 v -x_10 v -x_8) ^ (-x_5 v -x_8 v -x_11) ^ (x_9 v -x_3 v x_8) ^ (x_0 v -x_10 v -x_11) ^ (-x_5 v -x_2 v -x_11) ^ (-x_12 v x_7 v -x_11) ^ (x_9 v x_5 v -x_7) ^ (-x_5 v -x_2 v x_4) ^ (x_3 v -x_9 v x_4) ^ (-x_10 v x_4 v x_8) ^ (x_1 v x_5) ^ (x_6 v x_12) ^ (x_10 v x_12 v -x_5) ^ (x_5 v x_1 v x_2)]
14,18,1.6947517395019531,1,0.007219076156616211,2.2563581466674805,[(x_10 v -x_7 v -x_2) ^ (x_11 v x_4) ^ (x_1 v -x_5 v -x_8) ^ (x_11 v -x_1 v x_12) ^ (x_0 v -x_4 v -x_5) ^ (x_4 v x_2 v -x_11) ^ (-x_1 v x_4 v x_5) ^ (x_0 v -x_2 v -x_3) ^ (-x_4 v x_2 v -x_7) ^ (x_1 v -x_13 v -x_3) ^ (-x_1 v x_6 v -x_8) ^ (-x_12 v x_13) ^ (-x_12 v -x_4 v x_13) ^ (-x_7 v -x_5 v -x_8) ^ (x_11 v x_9 v x_5) ^ (-x_7 v -x_10 v -x_3) ^ (x_0 v x_1 v -x_2) ^ (x_0 v -x_7 v -x_2)]
14,31,2.557664632797241,128,0.009048938751220703,2.4837417602539062,[(x_11 v x_8) ^ (x_6 v x_9 v -x_11) ^ (-x_10 v -x_13 v -x_8) ^ (x_5 v x_2 v x_8) ^ (x_0 v -x_10 v -x_2) ^ (x_3 v x_6 v -x_8) ^ (-x_1 v -x_12 v x_3) ^ (x_11 v -x_9 v -x_13) ^ (-x_0 v -x_11) ^ (x_6 v x_2 v x_8) ^ (x_10 v -x_7 v -x_2) ^ (x_0 v -x_10 v x_2) ^ (-x_9 v x_12 v -x_11) ^ (-x_7 v x_4 v -x_8) ^ (-x_9 v x_7 v -x_6) ^ (x_1 v -x_3 v -x_0) ^ (x_9 v -x_5 v x_4) ^ (x_11 v -x_5 v x_4) ^ (x_10 v x_8) ^ (x_11 v x_7 v -x_13) ^ (-x_4 v x_8) ^ (x_12 v x_4 v -x_8) ^ (x_12 v x_2 v x_8) ^ (x_3 v x_6 v -x_7) ^ (x_11 v x_2 v -x_3) ^ (-x_1 v -x_9 v x_10) ^ (x_6 v x_9 v x_5) ^ (-x_1 v -x_4 v -x_10) ^ (x_12 v -x_7 v -x_3) ^ (-x_10 v x_2 v -x_0) ^ (x_1 v -x_12 v -x_7)]
14,33,2.948422431945801,1,0.008778095245361328,2.476954460144043,[(x_6 v x_7 v -x_13) ^ (x_4 v x_13 v -x_8) ^ (x_3 v -x_12 v x_8) ^ (x_6 v x_4 v x_8) ^ (-x_7 v x_5 v -x_6) ^ (-x_1 v -x_10 v -x_3) ^ (x_12 v x_7 v x_2) ^ (-x_12 v x_2 v -x_0) ^ (-x_4 v -x_7 v -x_8) ^ (x_2 v x_13 v -x_11) ^ (x_12 v -x_5 v -x_7) ^ (x_11 v -x_12 v -x_0) ^ (x_7 v x_2 v -x_3) ^ (x_3 v x_1) ^ (-x_9 v x_8) ^ (x_9 v -x_8 v -x_6) ^ (-x_4 v -x_8 v -x_3) ^ (x_12 v -x_5 v x_7) ^ (-x_12 v x_9 v -x_10) ^ (-x_1 v x_12 v -x_6) ^ (-x_12 v -x_5) ^ (x_10 v -x_5 v -x_6) ^ (x_6 v -x_9 v -x_3) ^ (-x_9 v -x_2 v -x_6) ^ (x_6 v -x_12 v -x_0) ^ (-x_2 v x_7 v -x_3) ^ (x_4 v x_2 v -x_11) ^ (x_12 v -x_5 v x_4) ^ (-x_10 v -x_5 v x_7) ^ (-x_1 v -x_12 v x_7) ^ (x_1 v x_9 v -x_11) ^ (-x_13 v -x_5 v x_2) ^ (x_0 v -x_4 v -x_10)]
14,19,1.6333036422729492,128,0.009035348892211914,2.0979461669921875,[(-x_2 v x_7 v -x_6) ^ (x_3 v x_10) ^ (x_0 v -x_5 v -x_13) ^ (-x_12 v x_9 v -x_0) ^ (-x_9 v x_10 v -x_11) ^ (x_4 v x_13 v -x_3) ^ (-x_10 v x_5 v x_13) ^ (x_1 v x_10 v x_13) ^ (x_9 v x_5 v x_8) ^ (x_12 v -x_10 v -x_7) ^ (-x_9 v -x_4 v -x_10) ^ (-x_1 v x_9 v x_10) ^ (-x_10 v x_7 v -x_0) ^ (x_0 v -x_2) ^ (x_3 v x_12 v x_13) ^ (x_12 v x_4 v x_2) ^ (x_9 v x_5 v -x_7) ^ (x_4 v x_13 v -x_6) ^ (-x_12 v x_10 v -x_13)]
14,30,2.7040109634399414,1,0.007896661758422852,2.3459882736206055,[(x_11 v x_12 v x_5) ^ (x_5 v -x_9 v x_2) ^ (-x_7 v x_8) ^ (x_3 v -x_4 v x_13) ^ (-x_1 v -x_7 v x_8) ^ (x_11 v x_6 v -x_13) ^ (x_0 v x_6 v -x_4) ^ (x_6 v x_10 v x_8) ^ (x_0 v x_6 v -x_7) ^ (-x_12 v x_7) ^ (x_1 v x_9 v x_2) ^ (-x_7 v x_4 v x_8) ^ (x_11 v -x_5 v x_10) ^ (-x_2 v x_10 v x_3) ^ (-x_5 v -x_8 v -x_11) ^ (x_12 v x_4 v -x_3) ^ (-x_12 v -x_10 v x_4) ^ (-x_9 v x_12 v -x_10) ^ (x_10 v x_2 v x_13) ^ (x_5 v -x_8 v -x_11) ^ (-x_10 v -x_7 v -x_0) ^ (-x_12 v x_2 v x_5) ^ (x_11 v -x_13 v x_5) ^ (-x_12 v -x_4 v -x_5) ^ (x_13 v x_12 v -x_7) ^ (-x_6 v -x_2 v x_4) ^ (-x_9 v -x_0) ^ (-x_1 v x_12 v x_10) ^ (x_3 v x_7 v -x_6) ^ (-x_12 v x_10 v -x_3)]
14,31,2.579503297805786,128,0.009096145629882812,2.3274917602539062,[(x_1 v x_10 v -x_5) ^ (-x_0 v -x_13 v x_8) ^ (x_3 v x_7 v x_11) ^ (x_6 v -x_7 v -x_0) ^ (-x_1 v x_7 v x_5) ^ (x_4 v -x_13 v -x_6) ^ (x_0 v -x_7 v -x_2) ^ (x_1 v x_8 v -x_0) ^ (-x_4 v x_10 v -x_0) ^ (x_12 v -x_10 v x_5) ^ (x_11 v x_6 v -x_10) ^ (x_10 v x_5 v x_13) ^ (x_6 v x_2) ^ (x_1 v x_9 v -x_10) ^ (-x_4 v -x_2 v -x_3) ^ (x_11 v -x_9 v x_1) ^ (-x_1 v -x_13 v x_8) ^ (x_8 v x_2 v -x_11) ^ (-x_1 v x_13 v -x_3) ^ (x_12 v x_7 v x_8) ^ (x_12 v -x_5 v x_2) ^ (-x_12 v -x_2 v -x_8) ^ (-x_8 v x_13 v -x_0) ^ (-x_1 v x_7 v x_8) ^ (x_9 v x_10 v -x_3) ^ (-x_12 v x_4 v x_5) ^ (x_0 v x_13) ^ (x_10 v -x_5 v x_2) ^ (-x_9 v -x_7 v -x_2) ^ (-x_1 v -x_13 v x_2) ^ (-x_12 v -x_6 v x_8)]
14,33,2.9478652477264404,1,0.007469654083251953,2.322230339050293,[(x_12 v -x_2 v x_8) ^ (-x_10 v -x_13 v -x_6) ^ (-x_9 v -x_10 v -x_5) ^ (-x_5 v x_2 v x_13) ^ (x_8 v -x_6 v -x_0) ^ (-x_5 v -x_8 v -x_0) ^ (x_0 v x_7 v x_11) ^ (x_0 v -x_12 v x_8) ^ (x_0 v x_10 v -x_8) ^ (x_7 v x_2 v -x_0) ^ (x_3 v -x_10 v -x_5) ^ (x_10 v x_9 v -x_5) ^ (x_12 v -x_13 v -x_7) ^ (x_7 v x_5) ^ (x_3 v x_10 v -x_13) ^ (-x_2 v -x_8 v -x_3) ^ (-x_7 v -x_8 v -x_0) ^ (-x_11 v x_7 v -x_3) ^ (x_10 v x_7 v -x_0) ^ (x_0 v -x_8 v x_11) ^ (x_12 v x_7 v x_13) ^ (-x_10 v x_2 v -x_8) ^ (x_10 v x_5 v -x_8) ^ (x_10 v x_13 v -x_3) ^ (x_0 v x_2 v x_5) ^ (-x_4 v x_5 v -x_0) ^ (-x_1 v -x_7 v x_3) ^ (x_6 v -x_5 v -x_0) ^ (x_6 v x_12 v x_13) ^ (x_3 v -x_9 v -x_6) ^ (x_1 v x_9 v -x_11) ^ (x_0 v -x_12 v x_5) ^ (x_0 v -x_5 v -x_6)]
14,26,2.189953565597534,128,0.006344318389892578,2.4172210693359375,[(x_5 v -x_6) ^ (x_11 v -x_4 v -x_2) ^ (x_0 v x_12 v x_4) ^ (-x_1 v x_6 v x_11) ^ (x_11 v -x_1 v x_5) ^ (x_10 v x_4 v -x_11) ^ (-x_9 v -x_7 v -x_5) ^ (x_1 v x_4 v x_13) ^ (x_8 v x_5 v -x_6) ^ (x_9 v x_13 v -x_8) ^ (-x_1 v -x_10 v -x_13) ^ (x_0 v x_6 v -x_2) ^ (-x_12 v x_9 v x_2) ^ (-x_11 v -x_6 v x_8) ^ (x_1 v -x_10) ^ (-x_9 v x_4 v -x_11) ^ (x_1 v x_7 v -x_3) ^ (x_0 v -x_1 v x_10) ^ (x_1 v x_9 v -x_0) ^ (-x_4 v x_5 v -x_0) ^ (x_13 v -x_3) ^ (-x_0 v x_4 v -x_6) ^ (-x_12 v -x_2 v x_8) ^ (x_12 v x_9 v -x_6) ^ (x_11 v x_4 v x_5) ^ (-x_10 v -x_5 v x_8)]
14,32,2.8781962394714355,1,0.00929880142211914,2.4352293014526367,[(x_0 v -x_11) ^ (x_0 v x_12 v -x_7) ^ (x_1 v x_9 v -x_7) ^ (-x_9 v -x_5 v x_2) ^ (-x_5 v -x_2 v -x_6) ^ (-x_12 v x_13 v -x_3) ^ (-x_4 v x_5 v x_8) ^ (x_11 v x_12 v x_10) ^ (x_1 v x_12 v x_8) ^ (x_0 v x_6) ^ (x_7 v x_2 v -x_0) ^ (-x_0 v -x_9 v -x_3) ^ (-x_4 v -x_5 v -x_11) ^ (x_6 v x_10 v -x_13) ^ (x_11 v -x_5 v x_4) ^ (-x_9 v x_4 v x_8) ^ (-x_1 v -x_3 v x_11) ^ (-x_1 v -x_13 v -x_6) ^ (-x_10 v x_5 v -x_8) ^ (x_3 v -x_7 v x_2) ^ (x_12 v x_8) ^ (x_6 v x_4 v -x_11) ^ (-x_1 v -x_12 v -x_4) ^ (-x_7 v -x_2 v x_8) ^ (x_1 v x_5) ^ (-x_1 v x_5 v -x_3) ^ (-x_10 v x_7 v x_2) ^ (x_9 v x_4 v x_13) ^ (x_3 v -x_5 v -x_13) ^ (x_10 v -x_4 v -x_5) ^ (-x_4 v -x_10 v -x_11) ^ (-x_1 v x_12 v -x_5)]
14,21,1.7798442840576172,128,0.00953984260559082,2.25390625,[(x_3 v -x_10 v x_13) ^ (x_11 v x_8) ^ (x_11 v x_6 v x_1) ^ (-x_5 v x_2 v x_13) ^ (-x_12 v -x_11 v x_8) ^ (-x_4 v x_12 v -x_7) ^ (x_5 v x_4 v -x_13) ^ (x_12 v x_10 v x_8) ^ (x_1 v -x_2 v x_8) ^ (x_0 v x_9 v -x_11) ^ (x_11 v -x_2 v -x_0) ^ (x_0 v -x_2 v -x_11) ^ (x_7 v x_5) ^ (x_3 v x_10 v -x_13) ^ (-x_2 v -x_13 v -x_8) ^ (-x_7 v -x_5) ^ (x_0 v -x_9 v x_3) ^ (x_1 v x_7 v -x_8) ^ (-x_12 v x_10 v -x_6) ^ (-x_10 v x_13 v -x_6) ^ (-x_10 v -x_2 v x_13)]
14,26,2.3601746559143066,1,0.008869409561157227,2.4130125045776367,[(x_2 v x_10 v x_5) ^ (-x_10 v -x_13 v -x_8) ^ (-x_9 v x_12 v -x_11) ^ (x_12 v x_2 v -x_13) ^ (x_6 v -x_10) ^ (x_0 v x_1 v -x_2) ^ (-x_1 v x_12 v -x_6) ^ (x_5 v -x_2 v -x_13) ^ (x_0 v -x_1) ^ (x_7 v x_2 v x_8) ^ (x_0 v -x_5 v x_4) ^ (x_11 v x_9 v -x_2) ^ (x_3 v x_1 v x_5) ^ (x_10 v x_13 v -x_3) ^ (x_3 v x_6 v x_7) ^ (x_0 v -x_13) ^ (x_0 v x_12 v -x_8) ^ (x_3 v x_1 v -x_7) ^ (-x_4 v x_5 v -x_6) ^ (-x_12 v -x_8 v -x_6) ^ (x_12 v x_5 v -x_0) ^ (x_6 v -x_7 v -x_2) ^ (x_1 v -x_2 v -x_0) ^ (-x_1 v -x_5 v -x_13) ^ (-x_1 v x_12 v x_3) ^ (-x_9 v x_4 v x_2)]
14,16,1.407496452331543,128,0.00588536262512207,2.270172119140625,[(x_0 v x_2 v -x_8) ^ (-x_1 v x_12 v x_2) ^ (-x_9 v x_2 v -x_8) ^ (-x_1 v x_5 v x_13) ^ (x_10 v x_2 v -x_3) ^ (-x_6 v x_5 v -x_0) ^ (-x_1 v x_6 v -x_12) ^ (-x_0 v -x_10 v -x_11) ^ (-x_12 v x_10 v -x_0) ^ (-x_1 v x_5 v -x_0) ^ (-x_10 v x_4) ^ (-x_1 v -x_9 v x_0) ^ (-x_9 v x_2 v -x_0) ^ (-x_10 v x_5 v -x_11) ^ (-x_10 v -x_2 v x_7) ^ (x_11 v x_2 v x_13)]
14,39,3.935930013656616,1,0.006697416305541992,2.4511518478393555,[(-x_12 v -x_4 v -x_10) ^ (x_9 v x_12 v x_5) ^ (x_3 v -x_6 v -x_0) ^ (x_0 v x_9 v -x_3) ^ (x_12 v x_5 v x_13) ^ (x_9 v -x_3 v -x_0) ^ (x_12 v -x_2 v -x_10) ^ (x_10 v -x_2 v -x_8) ^ (-x_4 v -x_5 v x_13) ^ (x_0 v -x_7 v x_8) ^ (x_12 v -x_4 v -x_13) ^ (x_0 v -x_8 v -x_3) ^ (x_11 v -x_4 v x_5) ^ (x_9 v x_12 v -x_11) ^ (-x_4 v -x_2 v -x_3) ^ (x_3 v x_9 v -x_7) ^ (x_7 v x_13 v x_8) ^ (-x_2 v -x_13 v -x_8) ^ (-x_5 v -x_13 v -x_0) ^ (x_6 v x_1 v -x_10) ^ (-x_7 v -x_13 v -x_8) ^ (x_11 v x_13 v -x_8) ^ (x_9 v -x_4 v -x_10) ^ (x_12 v x_7 v x_8) ^ (-x_1 v x_6 v -x_4) ^ (-x_12 v -x_9 v x_8) ^ (-x_4 v -x_10 v x_5) ^ (-x_10 v -x_5 v -x_7) ^ (x_12 v -x_2 v -x_0) ^ (x_10 v x_5 v -x_3) ^ (x_3 v -x_4 v -x_13) ^ (x_3 v -x_10 v -x_8) ^ (x_11 v x_9 v x_13) ^ (-x_2 v x_10 v -x_11) ^ (x_3 v x_10 v -x_5) ^ (-x_9 v x_5 v -x_0) ^ (x_6 v -x_11) ^ (-x_4 v x_10 v x_13) ^ (-x_1 v -x_10 v x_2)]
14,15,1.3189222812652588,128,0.008571863174438477,2.259796142578125,[(x_8 v x_2 v -x_0) ^ (x_3 v -x_10 v x_8) ^ (-x_10 v -x_13 v -x_6) ^ (x_1 v -x_7 v -x_13) ^ (x_12 v x_5) ^ (-x_10 v x_4 v -x_7) ^ (-x_1 v -x_12 v -x_0) ^ (x_12 v -x_5) ^ (x_6 v -x_9 v x_5) ^ (-x_1 v -x_10 v x_0) ^ (-x_13 v x_5 v -x_0) ^ (x_11 v x_9 v -x_7) ^ (-x_10 v x_2 v -x_13) ^ (x_6 v x_7 v x_8) ^ (x_11 v -x_10 v -x_5)]
14,29,2.6193132400512695,1,0.00892329216003418,2.372591972351074,[(-x_12 v -x_9 v x_4) ^ (x_11 v x_2) ^ (-x_9 v -x_12 v x_10) ^ (x_1 v -x_10 v -x_2) ^ (x_8 v x_13 v -x_11) ^ (-x_10 v -x_5) ^ (x_1 v -x_7 v x_8) ^ (x_1 v -x_10 v x_2) ^ (x_12 v -x_2 v -x_6) ^ (x_10 v x_8) ^ (x_4 v -x_6) ^ (x_6 v x_12 v -x_8) ^ (x_0 v x_1 v -x_8) ^ (x_3 v x_5 v -x_13) ^ (x_6 v -x_12 v x_9) ^ (x_9 v x_4 v -x_6) ^ (-x_9 v x_12 v x_2) ^ (-x_10 v -x_6) ^ (-x_0 v -x_12 v -x_11) ^ (x_11 v x_2 v -x_3) ^ (x_6 v x_1 v x_10) ^ (x_3 v -x_1 v -x_8) ^ (-x_9 v x_10 v x_2) ^ (x_8 v -x_10 v -x_0) ^ (-x_12 v x_1 v -x_4) ^ (-x_11 v x_10 v -x_0) ^ (x_3 v x_10 v -x_11) ^ (x_3 v x_10 v -x_5) ^ (-x_0 v x_8 v -x_11)]
14,28,2.329450845718384,128,0.006865501403808594,2.3823623657226562,[(-x_10 v -x_13 v -x_11) ^ (x_4 v x_13) ^ (x_11 v -x_1 v x_0) ^ (x_6 v -x_5 v -x_8) ^ (x_1 v -x_10 v x_2) ^ (-x_12 v -x_7 v -x_2) ^ (x_11 v -x_7 v x_10) ^ (-x_10 v x_4 v -x_0) ^ (x_9 v -x_13) ^ (x_0 v x_6 v -x_9) ^ (x_9 v -x_2 v x_4) ^ (-x_11 v x_12 v x_8) ^ (x_0 v -x_9 v -x_3) ^ (x_6 v -x_10 v -x_8) ^ (x_1 v x_9 v -x_0) ^ (x_2 v x_4 v -x_13) ^ (-x_5 v x_12 v x_10) ^ (-x_9 v x_4) ^ (-x_10 v x_5 v x_8) ^ (x_11 v x_6 v -x_3) ^ (x_9 v -x_5 v -x_13) ^ (x_9 v x_13 v -x_11) ^ (x_3 v -x_11 v -x_0) ^ (x_0 v x_13) ^ (x_0 v x_12 v x_8) ^ (x_12 v x_1 v -x_4) ^ (x_4 v x_5 v -x_6) ^ (x_11 v -x_2 v x_5)]
14,41,3.7552952766418457,1,0.0075130462646484375,2.394740104675293,[(x_1 v x_2 v -x_6) ^ (x_1 v -x_12 v x_4) ^ (-x_12 v -x_13 v x_8) ^ (x_3 v -x_4 v x_2) ^ (x_6 v x_12 v -x_3) ^ (-x_10 v x_5 v -x_6) ^ (-x_7 v -x_10 v x_8) ^ (x_1 v -x_2 v -x_13) ^ (x_11 v -x_12 v -x_5) ^ (x_0 v -x_4 v -x_13) ^ (x_12 v x_9 v -x_2) ^ (x_9 v x_12 v x_8) ^ (x_6 v -x_4) ^ (x_6 v -x_5 v x_13) ^ (-x_4 v x_9 v x_8) ^ (-x_7 v -x_2 v -x_0) ^ (-x_12 v x_1 v x_5) ^ (-x_1 v x_9 v -x_5) ^ (x_1 v -x_4 v -x_6) ^ (x_7 v -x_13) ^ (x_10 v -x_3 v x_4) ^ (x_1 v x_12 v -x_6) ^ (-x_12 v x_1 v -x_13) ^ (x_11 v x_6 v -x_12) ^ (-x_9 v -x_8 v -x_3) ^ (x_7 v x_13) ^ (x_0 v -x_5 v x_7) ^ (-x_12 v -x_4 v -x_2) ^ (x_9 v -x_13 v -x_3) ^ (-x_4 v x_5 v -x_0) ^ (-x_7 v -x_2 v -x_10) ^ (x_7 v x_5 v -x_0) ^ (x_9 v x_13 v -x_11) ^ (-x_7 v -x_6) ^ (x_0 v x_13) ^ (x_6 v -x_3 v -x_0) ^ (x_0 v x_10 v -x_3) ^ (-x_7 v x_13) ^ (-x_10 v x_2) ^ (x_9 v -x_2 v -x_6) ^ (x_6 v x_1 v -x_9)]
14,26,2.1997132301330566,128,0.006434917449951172,2.28912353515625,[(-x_9 v -x_6) ^ (-x_7 v x_5 v -x_11) ^ (-x_9 v -x_4 v -x_7) ^ (x_3 v x_12 v -x_2) ^ (-x_10 v x_4 v -x_0) ^ (-x_6 v x_13 v -x_8) ^ (x_6 v -x_12 v -x_7) ^ (-x_9 v x_7) ^ (x_9 v -x_10 v x_5) ^ (-x_1 v -x_5 v x_4) ^ (x_3 v -x_10 v -x_0) ^ (x_6 v x_4 v x_13) ^ (x_6 v -x_9 v -x_13) ^ (-x_1 v -x_9 v -x_10) ^ (x_8 v x_9 v -x_0) ^ (x_9 v x_4 v -x_11) ^ (-x_12 v -x_13 v -x_0) ^ (x_1 v x_7 v -x_13) ^ (x_12 v -x_10 v x_8) ^ (x_9 v -x_7 v -x_8) ^ (-x_9 v x_13 v -x_11) ^ (-x_12 v -x_4 v -x_3) ^ (-x_1 v -x_10 v -x_0) ^ (x_0 v -x_1 v -x_8) ^ (x_3 v x_9 v -x_5) ^ (x_0 v -x_1 v x_7)]
14,31,2.866013526916504,1,0.008892297744750977,2.368685722351074,[(x_11 v x_10 v -x_0) ^ (-x_1 v -x_2 v -x_13) ^ (-x_9 v -x_13 v -x_11) ^ (x_0 v -x_7 v -x_6) ^ (x_9 v x_10 v -x_6) ^ (-x_12 v -x_4 v x_13) ^ (x_4 v x_2 v -x_3) ^ (x_3 v x_12 v -x_5) ^ (-x_9 v -x_12 v -x_0) ^ (x_13 v -x_0) ^ (x_1 v -x_10 v -x_13) ^ (-x_12 v x_2 v x_8) ^ (-x_0 v -x_12 v -x_3) ^ (-x_2 v -x_11) ^ (-x_0 v x_4 v x_8) ^ (-x_7 v -x_8 v -x_0) ^ (-x_2 v -x_13 v -x_8) ^ (x_0 v -x_10 v -x_11) ^ (-x_13 v -x_10 v x_5) ^ (x_3 v -x_5 v x_2) ^ (-x_1 v -x_10 v -x_0) ^ (x_1 v x_10 v x_2) ^ (x_3 v x_10 v x_2) ^ (x_11 v -x_1 v -x_4) ^ (x_0 v x_7 v x_13) ^ (x_9 v -x_5) ^ (x_12 v x_13 v x_8) ^ (x_12 v x_10 v -x_11) ^ (x_1 v x_9 v x_8) ^ (-x_0 v x_2 v -x_11) ^ (x_12 v x_4 v x_13)]
14,20,1.7113096714019775,128,0.007455110549926758,2.2294082641601562,[(x_12 v -x_10 v -x_0) ^ (x_1 v x_7 v -x_0) ^ (x_1 v x_10 v -x_13) ^ (x_11 v -x_0 v x_8) ^ (x_7 v x_13 v -x_6) ^ (-x_9 v x_10 v x_4) ^ (x_11 v x_5 v -x_6) ^ (x_3 v -x_12 v -x_0) ^ (-x_7 v x_4 v -x_11) ^ (x_1 v x_7 v -x_3) ^ (-x_2 v -x_11) ^ (x_6 v -x_12 v -x_5) ^ (x_3 v -x_12 v x_0) ^ (-x_13 v -x_8 v -x_0) ^ (x_9 v -x_7 v -x_8) ^ (-x_5 v x_7 v -x_0) ^ (x_6 v -x_4 v -x_13) ^ (x_3 v x_5 v -x_11) ^ (-x_9 v -x_10 v x_8) ^ (x_12 v x_4 v -x_6)]
14,37,3.2858386039733887,1,0.0064547061920166016,2.489321708679199,[(x_11 v -x_12 v x_2) ^ (-x_1 v x_12 v -x_0) ^ (-x_7 v -x_4 v x_13) ^ (x_11 v -x_9 v x_3) ^ (x_9 v x_5 v -x_6) ^ (-x_10 v -x_5) ^ (x_8 v -x_7 v -x_0) ^ (x_3 v -x_1 v x_12) ^ (-x_1 v -x_12 v -x_8) ^ (x_6 v -x_2 v -x_0) ^ (x_10 v x_7 v -x_11) ^ (x_0 v -x_9 v x_5) ^ (x_11 v -x_7 v x_5) ^ (x_0 v x_9 v x_2) ^ (-x_4 v -x_7 v -x_3) ^ (-x_5 v x_4 v -x_3) ^ (-x_10 v x_5 v -x_8) ^ (x_2 v -x_3 v -x_0) ^ (x_10 v x_7 v -x_0) ^ (-x_1 v x_9 v x_5) ^ (x_0 v -x_5 v x_4) ^ (x_0 v -x_1 v -x_13) ^ (x_11 v -x_7 v x_2) ^ (x_3 v x_4 v x_8) ^ (-x_9 v x_2 v x_13) ^ (-x_12 v -x_2 v -x_8) ^ (x_12 v x_4 v x_8) ^ (x_1 v x_2 v x_5) ^ (-x_1 v -x_9 v -x_5) ^ (x_0 v x_7 v -x_8) ^ (x_3 v -x_9 v -x_7) ^ (-x_1 v x_6 v -x_12) ^ (-x_4 v x_2 v x_5) ^ (-x_7 v -x_10 v -x_6) ^ (-x_13 v -x_8 v -x_3) ^ (x_1 v -x_9 v x_12) ^ (-x_1 v -x_10 v x_2)]
14,29,2.4268670082092285,128,0.00597071647644043,2.2934722900390625,[(x_11 v -x_8 v x_0) ^ (x_13 v -x_5 v x_7) ^ (-x_7 v -x_3 v -x_6) ^ (-x_10 v x_2 v -x_3) ^ (-x_4 v -x_7 v -x_8) ^ (x_11 v x_5 v -x_6) ^ (x_9 v x_12 v -x_8) ^ (x_9 v x_10 v -x_11) ^ (x_11 v x_9 v x_5) ^ (x_6 v x_4 v x_13) ^ (-x_12 v -x_3) ^ (-x_2 v x_5 v x_7) ^ (-x_7 v x_10 v -x_0) ^ (-x_9 v x_4 v -x_0) ^ (x_3 v x_7 v -x_8) ^ (-x_7 v -x_13 v x_8) ^ (-x_1 v x_2 v x_5) ^ (-x_12 v x_2 v -x_11) ^ (x_3 v x_6 v x_7) ^ (-x_11 v x_13 v -x_6) ^ (x_5 v x_13 v -x_8) ^ (x_3 v x_12 v -x_11) ^ (-x_9 v x_7 v -x_5) ^ (x_1 v -x_4 v -x_2) ^ (-x_12 v -x_2 v x_8) ^ (x_11 v -x_9 v -x_7) ^ (x_3 v x_9 v x_10) ^ (x_3 v -x_4 v -x_8) ^ (x_12 v -x_5 v -x_11)]
14,42,3.718179941177368,1,0.008805990219116211,2.516474723815918,[(x_5 v -x_12 v x_2) ^ (x_11 v x_8) ^ (x_6 v -x_7 v x_8) ^ (x_10 v -x_5 v x_7) ^ (-x_0 v x_10 v -x_11) ^ (x_0 v x_2 v -x_11) ^ (x_11 v x_8 v -x_3) ^ (x_0 v x_13 v -x_6) ^ (-x_1 v -x_2 v x_13) ^ (-x_9 v -x_7) ^ (-x_1 v x_10 v x_13) ^ (x_12 v -x_4 v -x_11) ^ (-x_5 v -x_3 v x_4) ^ (x_3 v -x_4 v x_10) ^ (x_3 v -x_13) ^ (-x_1 v -x_0 v -x_11) ^ (x_3 v x_13) ^ (x_9 v x_10 v x_4) ^ (x_7 v x_2 v -x_8) ^ (x_6 v -x_9 v -x_11) ^ (-x_9 v x_7 v -x_13) ^ (-x_2 v x_5 v x_7) ^ (x_0 v x_7 v x_5) ^ (-x_12 v x_4 v x_8) ^ (x_10 v -x_3 v x_4) ^ (x_9 v x_2 v -x_13) ^ (x_9 v x_2 v -x_8) ^ (-x_9 v -x_6 v x_8) ^ (x_10 v x_5 v x_7) ^ (x_3 v -x_9 v x_4) ^ (-x_1 v -x_2 v -x_0) ^ (x_11 v -x_10) ^ (-x_1 v -x_4 v -x_5) ^ (x_9 v x_7 v x_13) ^ (-x_13 v x_2 v -x_6) ^ (-x_4 v x_2 v -x_0) ^ (-x_2 v x_7) ^ (x_11 v -x_12 v -x_6) ^ (-x_12 v -x_8 v -x_6) ^ (-x_9 v -x_12 v -x_7) ^ (-x_7 v x_13) ^ (-x_1 v -x_12)]
14,33,2.7540109157562256,128,0.008901834487915039,2.4557952880859375,[(x_11 v -x_5 v -x_2) ^ (x_3 v x_12 v x_4) ^ (-x_10 v x_4) ^ (x_9 v -x_12 v -x_4) ^ (x_6 v -x_4 v x_10) ^ (-x_9 v -x_13) ^ (-x_9 v -x_7 v -x_0) ^ (-x_9 v -x_11 v -x_3) ^ (x_3 v -x_7 v -x_11) ^ (x_3 v x_2 v -x_6) ^ (-x_9 v x_2 v -x_0) ^ (x_6 v -x_7 v -x_13) ^ (-x_7 v -x_5 v x_4) ^ (x_1 v x_5 v -x_3) ^ (x_0 v -x_9 v -x_3) ^ (-x_2 v x_5 v -x_8) ^ (-x_1 v x_12 v x_4) ^ (x_0 v -x_10 v x_5) ^ (x_1 v x_4 v -x_0) ^ (-x_6 v -x_3) ^ (x_0 v -x_2 v -x_6) ^ (x_3 v -x_9 v x_4) ^ (-x_10 v x_5 v x_8) ^ (x_10 v -x_2 v -x_3) ^ (x_0 v x_2 v -x_8) ^ (-x_9 v x_10 v -x_5) ^ (-x_1 v x_5 v x_13) ^ (x_12 v x_2 v -x_11) ^ (x_11 v -x_8 v -x_0) ^ (x_12 v x_9 v -x_6) ^ (x_0 v x_10) ^ (x_0 v x_1 v -x_3) ^ (x_1 v -x_8)]
14,25,2.2690823078155518,1,0.009047508239746094,2.4811582565307617,[(x_9 v -x_2 v -x_13) ^ (-x_4 v x_10 v x_8) ^ (x_1 v x_10 v -x_13) ^ (x_0 v x_1 v x_12) ^ (x_11 v -x_12 v x_9) ^ (x_4 v -x_13 v -x_0) ^ (-x_9 v x_1 v -x_3) ^ (-x_7 v -x_5 v x_4) ^ (x_3 v x_10 v -x_8) ^ (-x_12 v x_8 v -x_6) ^ (x_6 v x_1 v -x_10) ^ (-x_12 v x_1 v -x_2) ^ (x_6 v -x_12 v x_2) ^ (-x_4 v -x_6) ^ (x_11 v x_1 v -x_7) ^ (x_6 v x_12 v -x_11) ^ (x_11 v -x_7 v x_2) ^ (-x_12 v -x_7 v -x_3) ^ (x_7 v x_5 v -x_0) ^ (x_3 v -x_4 v -x_6) ^ (-x_9 v x_1 v -x_8) ^ (-x_4 v -x_13 v -x_11) ^ (x_12 v -x_2 v -x_8) ^ (x_9 v x_5) ^ (x_12 v -x_7)]
14,38,3.1142380237579346,128,0.0057141780853271484,2.296234130859375,[(-x_2 v -x_5 v -x_3) ^ (x_1 v x_9 v -x_7) ^ (x_1 v -x_7 v -x_13) ^ (x_3 v x_13 v -x_8) ^ (x_11 v x_2 v -x_0) ^ (-x_1 v x_10 v x_5) ^ (x_2 v x_13 v -x_6) ^ (x_12 v -x_2 v -x_10) ^ (-x_2 v -x_5 v x_10) ^ (x_4 v -x_3) ^ (x_6 v -x_9 v x_10) ^ (-x_10 v -x_8 v -x_0) ^ (x_0 v x_10 v x_5) ^ (-x_10 v x_2 v -x_3) ^ (-x_4 v -x_7 v -x_8) ^ (x_9 v x_4 v x_5) ^ (-x_9 v x_13 v x_8) ^ (-x_1 v -x_13 v -x_11) ^ (-x_9 v -x_6 v -x_0) ^ (x_3 v -x_13 v -x_6) ^ (-x_12 v -x_7 v x_10) ^ (x_6 v x_1 v x_7) ^ (-x_12 v -x_0) ^ (-x_11 v x_12 v x_8) ^ (-x_12 v x_10 v x_2) ^ (-x_10 v x_13 v -x_11) ^ (-x_1 v x_7 v x_8) ^ (x_11 v -x_9 v -x_5) ^ (-x_9 v x_12 v x_10) ^ (-x_10 v x_2 v x_8) ^ (x_10 v -x_8 v -x_3) ^ (-x_13 v x_12 v x_5) ^ (-x_5 v x_2 v -x_6) ^ (-x_12 v x_4 v -x_6) ^ (x_0 v x_13 v x_8) ^ (-x_1 v -x_5 v x_11) ^ (-x_6 v x_13 v -x_0) ^ (-x_1 v x_8 v -x_6)]
14,23,2.1211161613464355,1,0.005934715270996094,2.2878828048706055,[(x_12 v -x_8 v -x_6) ^ (x_0 v -x_4 v x_10) ^ (x_6 v x_12 v -x_2) ^ (-x_10 v -x_8 v -x_0) ^ (x_7 v x_13 v -x_6) ^ (-x_4 v -x_2 v x_7) ^ (x_3 v x_12 v -x_13) ^ (x_12 v x_4 v -x_7) ^ (-x_9 v x_2 v -x_6) ^ (x_1 v x_5 v -x_3) ^ (-x_12 v -x_7 v -x_8) ^ (x_11 v -x_10) ^ (x_3 v -x_2) ^ (x_10 v -x_5 v x_13) ^ (x_0 v x_6 v -x_13) ^ (-x_9 v -x_10) ^ (-x_11 v -x_10 v x_8) ^ (x_0 v x_5 v -x_3) ^ (-x_11 v -x_3 v -x_0) ^ (x_4 v -x_8 v -x_0) ^ (-x_12 v -x_2 v -x_5) ^ (x_11 v -x_1 v x_4) ^ (-x_1 v x_8 v -x_6)]
14,26,2.165398359298706,128,0.005996227264404297,2.4820404052734375,[(-x_0 v -x_3) ^ (-x_5 v -x_2 v -x_0) ^ (-x_7 v -x_5 v -x_0) ^ (x_11 v -x_10 v x_8) ^ (-x_9 v -x_5 v x_2) ^ (x_6 v -x_7 v -x_5) ^ (-x_5 v -x_8 v -x_0) ^ (x_9 v -x_12 v -x_4) ^ (x_12 v -x_13 v x_8) ^ (-x_1 v -x_12 v -x_8) ^ (x_3 v -x_9 v x_10) ^ (-x_2 v -x_5 v x_4) ^ (-x_4 v -x_2 v x_7) ^ (x_9 v -x_4) ^ (-x_7 v x_13 v x_8) ^ (x_9 v -x_13 v -x_6) ^ (x_6 v -x_2 v x_13) ^ (-x_9 v x_1 v x_4) ^ (x_0 v x_1 v x_8) ^ (-x_7 v -x_5) ^ (x_11 v x_12 v x_13) ^ (x_9 v x_10 v x_7) ^ (-x_12 v -x_13) ^ (x_3 v x_7 v x_8) ^ (-x_9 v x_12 v x_5) ^ (-x_12 v -x_4 v -x_11)]
14,22,1.985713005065918,1,0.0056002140045166016,2.213046073913574,[(-x_2 v -x_8 v -x_11) ^ (-x_9 v -x_5 v x_4) ^ (x_6 v -x_9 v x_10) ^ (x_1 v -x_13) ^ (x_7 v x_5 v -x_6) ^ (x_12 v x_13 v -x_3) ^ (x_1 v -x_5 v x_7) ^ (x_9 v -x_4) ^ (x_3 v -x_13 v x_5) ^ (x_11 v x_7 v -x_13) ^ (x_1 v -x_9 v -x_7) ^ (x_11 v -x_7 v -x_0) ^ (x_6 v -x_2 v x_13) ^ (-x_5 v x_2) ^ (-x_1 v x_12 v x_4) ^ (x_0 v x_1 v -x_3) ^ (x_6 v x_4 v -x_0) ^ (-x_1 v -x_12 v x_4) ^ (x_0 v x_6 v x_5) ^ (x_3 v -x_9 v x_1) ^ (x_3 v -x_10) ^ (x_0 v -x_1 v x_2)]
14,32,2.6405303478240967,128,0.007647991180419922,2.3394546508789062,[(x_5 v -x_9 v x_2) ^ (x_0 v -x_1 v x_4) ^ (x_6 v -x_9 v -x_4) ^ (x_3 v -x_1 v x_4) ^ (x_4 v x_13) ^ (x_1 v x_13 v -x_11) ^ (x_11 v -x_4 v x_2) ^ (x_3 v x_2 v x_8) ^ (x_9 v x_7 v -x_8) ^ (-x_0 v -x_13 v -x_6) ^ (x_12 v x_5 v x_8) ^ (x_6 v -x_9 v x_12) ^ (x_6 v x_13 v -x_3) ^ (x_3 v x_9 v -x_7) ^ (-x_12 v -x_7 v -x_5) ^ (x_0 v x_4 v -x_3) ^ (-x_6 v -x_5 v -x_0) ^ (-x_9 v x_10 v -x_3) ^ (x_0 v -x_9 v -x_8) ^ (-x_10 v -x_13) ^ (x_3 v x_6 v x_5) ^ (x_1 v -x_0) ^ (-x_10 v x_13 v -x_11) ^ (-x_1 v -x_7 v -x_6) ^ (-x_9 v -x_2 v -x_13) ^ (x_3 v x_10 v x_2) ^ (x_0 v -x_9 v x_4) ^ (x_0 v x_12 v x_8) ^ (x_12 v x_10 v -x_11) ^ (x_1 v x_2 v -x_3) ^ (x_10 v -x_4 v -x_5) ^ (x_1 v x_10 v x_7)]
14,23,2.6362643241882324,1,0.006125450134277344,2.492678642272949,[(-x_2 v x_10 v -x_0) ^ (x_11 v -x_5 v x_2) ^ (x_6 v -x_7 v -x_0) ^ (x_0 v -x_7 v -x_13) ^ (-x_1 v -x_12 v x_3) ^ (x_3 v x_13 v x_8) ^ (-x_1 v -x_7 v x_2) ^ (x_6 v -x_9 v x_10) ^ (-x_2 v x_12 v -x_5) ^ (x_12 v -x_10 v -x_11) ^ (-x_12 v x_10 v x_4) ^ (-x_4 v x_2) ^ (x_11 v x_5 v -x_13) ^ (-x_10 v -x_11) ^ (x_3 v -x_12 v x_7) ^ (x_11 v x_9 v x_7) ^ (-x_12 v -x_8 v -x_0) ^ (x_0 v x_12 v x_13) ^ (x_0 v -x_12 v -x_11) ^ (-x_0 v -x_7 v -x_6) ^ (-x_4 v -x_3 v x_8) ^ (-x_1 v x_4 v -x_6) ^ (x_4 v -x_13)]
14,40,3.294419765472412,128,0.008305072784423828,2.2916946411132812,[(-x_9 v x_5 v -x_6) ^ (x_9 v x_7 v -x_10) ^ (x_8 v -x_6 v -x_11) ^ (x_9 v -x_3) ^ (-x_5 v x_7 v x_8) ^ (-x_12 v -x_4 v -x_6) ^ (x_10 v -x_2 v -x_8) ^ (x_6 v -x_9 v -x_10) ^ (x_11 v x_1) ^ (-x_1 v x_13 v -x_6) ^ (x_3 v -x_7) ^ (x_0 v -x_12 v x_8) ^ (x_0 v -x_5 v -x_3) ^ (x_2 v -x_11) ^ (-x_4 v x_12 v -x_2) ^ (-x_12 v x_7 v -x_3) ^ (x_6 v -x_4) ^ (x_1 v -x_7 v -x_10) ^ (-x_12 v -x_0) ^ (-x_8 v -x_11) ^ (-x_1 v x_6 v -x_9) ^ (-x_7 v x_10 v -x_0) ^ (-x_4 v -x_7 v -x_6) ^ (x_0 v x_2) ^ (-x_11 v -x_4 v -x_6) ^ (-x_1 v -x_9 v x_3) ^ (x_0 v x_13 v -x_8) ^ (x_7 v x_4 v -x_6) ^ (x_2 v x_13 v -x_3) ^ (x_9 v -x_6) ^ (x_6 v x_9 v x_4) ^ (x_0 v x_12 v -x_2) ^ (-x_2 v x_7 v -x_3) ^ (x_1 v x_7 v x_8) ^ (x_5 v x_13 v x_8) ^ (-x_1 v x_4 v -x_3) ^ (x_11 v x_9 v x_13) ^ (-x_9 v x_7 v x_5) ^ (-x_0 v -x_5 v x_8) ^ (x_3 v x_12 v -x_6)]
14,29,2.6327574253082275,1,0.012459278106689453,2.317934989929199,[(x_0 v x_9 v -x_13) ^ (x_3 v -x_1 v x_5) ^ (x_6 v -x_5 v -x_11) ^ (-x_4 v -x_5 v -x_6) ^ (-x_1 v -x_2 v x_13) ^ (x_11 v x_6 v -x_8) ^ (x_3 v x_1 v -x_13) ^ (x_12 v -x_13 v -x_11) ^ (x_3 v -x_9 v x_10) ^ (x_9 v x_4 v -x_8) ^ (-x_12 v x_7 v -x_3) ^ (x_9 v x_13 v x_8) ^ (x_6 v -x_2 v x_7) ^ (-x_10 v -x_5 v -x_13) ^ (x_10 v -x_13 v x_7) ^ (x_3 v -x_4 v x_5) ^ (x_12 v x_9 v -x_3) ^ (-x_12 v -x_7 v -x_13) ^ (x_4 v -x_13 v -x_3) ^ (x_1 v x_7 v -x_8) ^ (x_12 v -x_8 v -x_11) ^ (x_1 v x_12 v -x_2) ^ (-x_4 v x_13 v -x_0) ^ (-x_7 v -x_2 v -x_11) ^ (-x_1 v -x_12 v x_7) ^ (x_11 v x_1 v x_12) ^ (x_11 v -x_5 v -x_13) ^ (-x_1 v x_6 v x_5) ^ (x_3 v -x_10)]
14,18,1.6088042259216309,128,0.005597829818725586,2.2372207641601562,[(-x_2 v x_10 v -x_0) ^ (-x_4 v -x_3 v -x_6) ^ (x_11 v x_7 v x_2) ^ (-x_4 v -x_13) ^ (x_3 v x_6 v -x_5) ^ (x_6 v -x_4 v -x_0) ^ (x_0 v -x_4) ^ (-x_0 v x_1 v -x_3) ^ (x_6 v x_1 v -x_4) ^ (x_0 v -x_11 v -x_3) ^ (x_3 v -x_4 v -x_13) ^ (x_4 v -x_3 v x_8) ^ (-x_12 v x_4 v -x_11) ^ (x_6 v x_12 v x_4) ^ (x_9 v -x_13 v -x_3) ^ (-x_5 v -x_8) ^ (x_11 v x_12 v -x_0) ^ (x_3 v -x_4 v x_0)]
14,38,3.9954380989074707,1,0.009123086929321289,2.3546934127807617,[(-x_2 v x_13 v -x_6) ^ (-x_12 v x_5 v x_13) ^ (x_12 v -x_2 v x_8) ^ (x_12 v x_10 v -x_3) ^ (-x_7 v x_5 v -x_6) ^ (x_6 v x_12 v x_9) ^ (x_8 v -x_7 v -x_3) ^ (x_3 v x_9 v -x_11) ^ (-x_13 v -x_9 v x_2) ^ (-x_9 v -x_7 v -x_0) ^ (-x_4 v -x_5 v -x_8) ^ (-x_10 v -x_5 v -x_0) ^ (x_11 v -x_0 v -x_6) ^ (x_11 v x_1 v -x_10) ^ (-x_1 v x_4 v x_2) ^ (x_12 v -x_13 v -x_7) ^ (x_0 v -x_12 v -x_7) ^ (x_1 v x_4 v -x_11) ^ (-x_1 v x_6 v -x_9) ^ (x_3 v x_9 v x_7) ^ (x_1 v x_10) ^ (-x_4 v x_10 v -x_11) ^ (x_11 v x_12 v x_8) ^ (-x_1 v x_2) ^ (-x_4 v -x_6 v -x_11) ^ (-x_12 v x_4 v -x_11) ^ (-x_5 v -x_7 v -x_2) ^ (-x_6 v x_5 v x_8) ^ (x_8 v -x_7 v -x_11) ^ (x_1 v x_4 v -x_8) ^ (x_12 v x_13 v x_8) ^ (x_6 v -x_4 v x_13) ^ (x_0 v x_2 v x_8) ^ (x_0 v -x_4 v x_7) ^ (-x_2 v x_5 v -x_11) ^ (x_12 v x_10 v -x_7) ^ (-x_10 v x_2 v -x_0) ^ (x_12 v -x_5 v -x_11)]
14,38,3.4266133308410645,128,0.007805824279785156,2.4166488647460938,[(x_1 v x_13 v -x_0) ^ (x_2 v x_13 v -x_0) ^ (x_6 v -x_7 v x_8) ^ (x_1 v x_12 v x_10) ^ (x_9 v -x_4 v -x_13) ^ (-x_7 v -x_3 v -x_6) ^ (-x_7 v -x_4 v x_13) ^ (x_6 v -x_5 v -x_8) ^ (-x_2 v -x_3 v x_4) ^ (-x_7 v x_2 v -x_0) ^ (x_12 v x_5 v -x_8) ^ (-x_4 v -x_2 v x_5) ^ (x_6 v -x_9 v x_10) ^ (x_4 v x_7 v -x_3) ^ (-x_4 v x_12 v -x_2) ^ (-x_2 v x_10 v -x_6) ^ (-x_9 v -x_10 v x_13) ^ (x_6 v x_13 v -x_11) ^ (x_0 v x_12 v x_10) ^ (x_4 v -x_13 v x_8) ^ (x_0 v x_5) ^ (x_4 v -x_13 v -x_3) ^ (-x_6 v -x_3 v -x_0) ^ (-x_1 v -x_10 v -x_11) ^ (x_3 v x_1 v -x_0) ^ (-x_1 v x_2 v x_5) ^ (x_12 v x_13 v -x_8) ^ (x_11 v x_4) ^ (x_2 v -x_8 v -x_3) ^ (-x_1 v x_10 v x_8) ^ (-x_5 v x_13 v x_8) ^ (x_8 v x_7 v -x_3) ^ (x_3 v -x_10 v -x_6) ^ (-x_1 v x_6 v x_4) ^ (x_3 v -x_9 v -x_0) ^ (-x_6 v -x_2 v x_4) ^ (x_3 v x_13 v -x_11) ^ (-x_1 v -x_4 v x_12)]
14,28,2.5396616458892822,1,0.006654977798461914,2.299494743347168,[(-x_5 v x_9 v -x_10) ^ (x_10 v x_5) ^ (-x_6 v x_5 v -x_3) ^ (x_1 v -x_4 v x_10) ^ (x_1 v -x_12 v x_7) ^ (x_9 v x_13) ^ (x_9 v -x_2 v x_13) ^ (-x_12 v -x_5 v -x_13) ^ (-x_9 v x_5 v x_8) ^ (x_10 v x_2 v -x_3) ^ (-x_2 v -x_3 v -x_0) ^ (-x_9 v -x_10 v -x_13) ^ (x_3 v -x_13 v x_5) ^ (x_11 v x_1 v -x_5) ^ (x_1 v -x_3 v -x_11) ^ (x_11 v x_9 v x_7) ^ (x_12 v -x_5 v x_2) ^ (x_7 v -x_3 v -x_11) ^ (-x_1 v x_9 v -x_8) ^ (-x_1 v -x_4 v x_9) ^ (x_0 v x_6 v -x_12) ^ (-x_1 v x_6 v -x_10) ^ (x_3 v -x_9 v x_1) ^ (x_11 v -x_10 v x_13) ^ (x_3 v x_6 v -x_10) ^ (x_1 v x_12 v x_2) ^ (x_4 v -x_8 v -x_0) ^ (-x_1 v -x_7 v x_8)]
14,30,2.478506088256836,128,0.009735345840454102,2.3005599975585938,[(x_11 v x_8) ^ (x_11 v -x_10 v x_8) ^ (x_4 v -x_13 v -x_11) ^ (-x_7 v -x_10 v x_8) ^ (-x_10 v -x_5 v -x_11) ^ (x_8 v x_5 v -x_6) ^ (x_3 v x_4 v -x_11) ^ (-x_1 v -x_8 v -x_6) ^ (-x_12 v -x_5 v x_13) ^ (x_3 v x_1 v x_13) ^ (-x_6 v x_13 v -x_11) ^ (x_11 v -x_12 v -x_7) ^ (x_12 v -x_4 v x_0) ^ (x_6 v -x_2 v x_7) ^ (x_3 v x_12 v -x_13) ^ (-x_10 v -x_5 v -x_13) ^ (x_2 v x_13 v x_8) ^ (x_3 v -x_4 v x_5) ^ (x_3 v -x_8 v -x_6) ^ (x_11 v x_1 v -x_0) ^ (x_11 v x_10 v x_2) ^ (x_0 v x_5 v -x_6) ^ (x_12 v -x_5 v x_2) ^ (-x_7 v x_4 v -x_13) ^ (x_1 v -x_11 v x_8) ^ (-x_11 v x_12 v -x_0) ^ (x_6 v -x_12 v -x_8) ^ (-x_9 v -x_4 v -x_0) ^ (-x_11 v x_5 v -x_0) ^ (x_0 v -x_5 v -x_11)]
14,41,4.149165868759155,1,0.00948953628540039,2.5781049728393555,[(-x_1 v x_10 v -x_13) ^ (-x_1 v x_3 v -x_11) ^ (-x_1 v x_9 v x_7) ^ (-x_4 v -x_2 v -x_6) ^ (x_0 v -x_5 v -x_8) ^ (-x_9 v x_7 v -x_8) ^ (-x_5 v -x_2 v -x_8) ^ (-x_1 v x_5 v x_0) ^ (-x_1 v -x_8) ^ (x_1 v x_5 v -x_0) ^ (x_0 v x_10 v -x_13) ^ (-x_4 v x_9 v x_12) ^ (-x_0 v -x_8 v -x_11) ^ (x_6 v x_1 v -x_7) ^ (-x_4 v x_10 v -x_0) ^ (x_9 v x_10 v -x_11) ^ (x_1 v -x_7 v -x_2) ^ (-x_1 v -x_12 v -x_0) ^ (x_11 v x_10 v -x_13) ^ (-x_9 v x_1 v -x_3) ^ (x_9 v x_12 v -x_6) ^ (-x_9 v -x_11) ^ (x_7 v x_5) ^ (x_3 v x_13 v -x_0) ^ (x_3 v x_9 v x_7) ^ (x_7 v -x_3 v x_4) ^ (x_6 v x_12 v x_8) ^ (-x_9 v -x_5 v -x_11) ^ (x_12 v -x_13 v -x_3) ^ (x_1 v x_7 v -x_13) ^ (x_12 v x_8) ^ (-x_1 v x_4 v -x_8) ^ (x_10 v -x_13 v -x_0) ^ (x_12 v -x_6 v -x_11) ^ (-x_11) ^ (-x_10 v -x_7 v -x_0) ^ (x_9 v -x_4 v -x_8) ^ (x_0 v x_6 v x_12) ^ (x_1 v -x_5 v -x_6) ^ (x_12 v x_5 v -x_7) ^ (-x_2 v -x_3)]
14,25,2.133953809738159,128,0.008223772048950195,2.1521072387695312,[(x_11 v -x_1 v x_0) ^ (-x_12 v x_2 v -x_0) ^ (x_6 v x_12 v -x_10) ^ (-x_11 v x_8 v -x_0) ^ (-x_5 v -x_4 v x_10) ^ (x_6 v x_1 v -x_8) ^ (-x_1 v -x_2) ^ (x_11 v x_10 v x_13) ^ (x_1 v x_10 v -x_6) ^ (-x_5 v x_2) ^ (-x_11 v x_13 v -x_3) ^ (x_11 v x_9 v x_7) ^ (x_1 v -x_3 v -x_6) ^ (x_3 v -x_6 v x_8) ^ (x_0 v x_4 v x_8) ^ (x_12 v -x_5 v x_8) ^ (x_1 v -x_7) ^ (x_11 v x_9 v x_2) ^ (x_9 v x_7 v x_13) ^ (x_12 v -x_13 v -x_0) ^ (x_3 v -x_12 v -x_13) ^ (-x_12 v -x_8 v -x_6) ^ (x_6 v x_5 v x_8) ^ (x_0 v -x_9 v x_4) ^ (x_0 v x_4 v -x_6)]
14,19,1.8069555759429932,1,0.0056455135345458984,2.1057233810424805,[(-x_10 v x_5 v -x_6) ^ (x_9 v -x_4 v -x_0) ^ (x_0 v x_13 v -x_11) ^ (-x_10 v x_4 v x_7) ^ (x_5 v -x_8) ^ (x_12 v -x_10 v -x_7) ^ (x_8 v -x_13 v -x_3) ^ (x_3 v -x_13 v -x_6) ^ (-x_4 v -x_10 v x_2) ^ (x_11 v x_6 v x_9) ^ (x_2 v x_13 v x_8) ^ (x_1 v -x_12 v -x_5) ^ (x_9 v x_12 v -x_2) ^ (x_3 v x_7 v -x_8) ^ (x_1 v x_12 v -x_13) ^ (x_3 v -x_9 v x_1) ^ (x_9 v x_12 v x_10) ^ (x_0 v -x_7 v x_5) ^ (x_3 v -x_1 v -x_5)]
14,18,1.568920612335205,128,0.005257844924926758,2.0942459106445312,[(-x_7 v x_10 v x_5) ^ (-x_9 v -x_2 v -x_3) ^ (x_6 v -x_2 v x_13) ^ (x_3 v x_12 v x_13) ^ (-x_5 v -x_3 v x_8) ^ (-x_13 v -x_0) ^ (x_2 v x_13) ^ (x_12 v x_7 v x_13) ^ (x_12 v -x_3 v -x_11) ^ (x_6 v -x_4 v x_9) ^ (x_9 v x_2 v -x_8) ^ (x_6 v -x_4 v x_2) ^ (-x_9 v x_7 v -x_8) ^ (x_11 v -x_2 v -x_6) ^ (-x_12 v x_5 v -x_11) ^ (-x_1 v -x_8 v -x_0) ^ (x_1 v -x_12 v x_11) ^ (x_11 v -x_4 v -x_5)]
14,33,2.95277738571167,1,0.011394500732421875,2.419184684753418,[(x_11 v -x_9 v -x_3) ^ (x_11 v -x_12 v x_8) ^ (-x_9 v x_10) ^ (-x_5 v x_13 v x_4) ^ (-x_9 v -x_7 v -x_11) ^ (x_3 v -x_12 v x_8) ^ (x_1 v -x_4 v x_5) ^ (-x_13 v -x_12 v x_5) ^ (x_3 v -x_7 v x_8) ^ (x_9 v x_5 v -x_6) ^ (-x_12 v x_5 v x_8) ^ (x_0 v x_2 v x_11) ^ (x_5 v x_2 v x_13) ^ (x_6 v -x_5 v -x_13) ^ (x_1 v x_13) ^ (-x_2 v x_12 v x_10) ^ (-x_1 v -x_7 v x_10) ^ (-x_2 v x_7 v -x_0) ^ (x_8 v x_7 v x_4) ^ (x_11 v x_12 v -x_2) ^ (x_0 v x_4 v -x_13) ^ (x_0 v -x_5 v x_4) ^ (x_3 v x_6 v -x_7) ^ (x_1 v x_5 v -x_11) ^ (x_1 v x_12 v x_7) ^ (x_9 v -x_10 v x_4) ^ (x_6 v -x_9 v -x_7) ^ (-x_1 v x_10 v -x_3) ^ (-x_9 v -x_2 v x_7) ^ (-x_5 v x_2 v -x_8) ^ (-x_7 v -x_8) ^ (-x_1 v -x_4 v x_7) ^ (x_9 v -x_13)]
14,25,2.0992815494537354,128,0.0057942867279052734,2.3182754516601562,[(-x_1 v x_2 v x_11) ^ (x_11 v x_4 v x_13) ^ (x_0 v -x_5 v -x_8) ^ (x_3 v x_5 v -x_0) ^ (x_0 v -x_7 v -x_8) ^ (x_10 v -x_2 v x_7) ^ (x_3 v x_5 v x_0) ^ (-x_10 v x_4 v -x_6) ^ (x_3 v -x_13 v -x_11) ^ (-x_5 v x_2 v x_4) ^ (-x_9 v x_5 v x_13) ^ (x_12 v -x_10 v -x_7) ^ (x_0 v x_12 v -x_10) ^ (x_6 v -x_4) ^ (-x_1 v -x_8 v -x_0) ^ (-x_0 v -x_3 v -x_6) ^ (x_3 v x_4 v x_8) ^ (x_6 v -x_12 v x_10) ^ (x_9 v x_2 v x_8) ^ (x_11 v -x_9 v -x_0) ^ (x_3 v x_9) ^ (-x_0 v -x_12 v -x_6) ^ (-x_2 v x_13 v -x_0) ^ (-x_12 v -x_2 v -x_5) ^ (x_3 v -x_9 v -x_2)]
14,34,3.0457663536071777,1,0.007287502288818359,2.409548759460449,[(x_11 v -x_7 v x_8) ^ (x_11 v -x_12 v -x_4) ^ (-x_4 v -x_8 v -x_6) ^ (x_0 v x_7 v x_4) ^ (-x_1 v -x_9 v x_8) ^ (-x_10 v x_7 v x_8) ^ (x_10 v -x_5 v x_8) ^ (x_12 v x_7 v -x_0) ^ (-x_4 v x_12) ^ (-x_10 v x_5) ^ (x_0 v x_1 v -x_13) ^ (-x_5 v x_13 v -x_0) ^ (-x_10 v -x_6 v x_8) ^ (-x_12 v -x_5 v x_13) ^ (x_11 v x_9 v x_10) ^ (-x_9 v x_8 v -x_3) ^ (-x_1 v -x_5 v x_4) ^ (x_3 v -x_7 v -x_11) ^ (-x_1 v x_9 v x_3) ^ (x_9 v -x_3 v -x_11) ^ (x_0 v x_1 v -x_2) ^ (-x_5 v x_7 v -x_3) ^ (x_0 v -x_12) ^ (x_11 v x_9 v x_0) ^ (x_6 v -x_12 v x_2) ^ (-x_1 v -x_5 v -x_6) ^ (x_0 v -x_4 v x_9) ^ (x_11 v x_6 v x_5) ^ (-x_7 v x_5) ^ (x_0 v x_7 v -x_8) ^ (x_0 v x_13 v x_8) ^ (-x_1 v x_8 v -x_3) ^ (x_6 v -x_9 v -x_3) ^ (x_0 v x_7 v -x_3)]
14,32,2.6585047245025635,128,0.008837461471557617,2.4921035766601562,[(x_6 v x_10 v x_7) ^ (x_3 v -x_10 v x_8) ^ (x_6 v x_5 v x_13) ^ (-x_3 v -x_11) ^ (-x_9 v -x_5 v -x_3) ^ (x_1 v -x_5 v -x_13) ^ (x_3 v -x_5) ^ (-x_7 v -x_5 v -x_3) ^ (x_0 v -x_10 v x_2) ^ (x_0 v -x_13 v x_3) ^ (-x_10 v x_7 v x_5) ^ (-x_9 v x_7 v -x_3) ^ (x_10 v -x_13 v -x_8) ^ (x_1 v -x_10 v -x_3) ^ (x_12 v x_2 v -x_7) ^ (x_3 v x_1 v x_13) ^ (x_11 v -x_5 v x_4) ^ (-x_9 v -x_4 v x_5) ^ (-x_10 v x_5 v -x_7) ^ (x_10 v -x_13 v x_7) ^ (x_6 v x_7 v -x_8) ^ (-x_11 v x_5 v x_8) ^ (-x_1 v -x_9 v -x_10) ^ (x_5 v -x_13) ^ (-x_2 v x_7 v -x_8) ^ (-x_9 v x_1 v -x_13) ^ (-x_2 v x_5 v x_8) ^ (x_6 v -x_12) ^ (x_1 v x_13 v -x_3) ^ (-x_0 v x_4 v -x_6) ^ (x_0 v -x_4 v -x_8) ^ (x_3 v x_6 v -x_10)]
14,37,3.305406332015991,1,0.007184505462646484,2.406702995300293,[(x_11 v -x_8) ^ (x_10 v x_5) ^ (x_3 v -x_12) ^ (-x_1 v x_9 v x_7) ^ (-x_9 v -x_13 v -x_0) ^ (x_3 v -x_10 v -x_2) ^ (x_11 v -x_7 v -x_10) ^ (x_11 v x_2 v x_13) ^ (x_3 v x_6 v x_13) ^ (x_11 v x_6 v x_13) ^ (x_12 v -x_2 v -x_11) ^ (x_3 v -x_4 v x_10) ^ (x_1 v -x_12 v -x_3) ^ (x_6 v -x_13 v x_2) ^ (x_0 v x_12 v -x_3) ^ (x_9 v -x_4 v x_2) ^ (-x_1 v -x_8 v -x_0) ^ (-x_1 v x_6 v -x_9) ^ (x_6 v -x_10 v -x_8) ^ (x_6 v x_1 v -x_10) ^ (x_1 v -x_5 v x_4) ^ (-x_13 v x_2 v -x_11) ^ (x_11 v x_9) ^ (x_1 v -x_8 v -x_11) ^ (-x_12 v -x_3 v -x_11) ^ (x_1 v x_9 v x_5) ^ (-x_1 v -x_9) ^ (x_10 v x_2 v x_13) ^ (x_0 v x_12 v -x_8) ^ (-x_13 v x_4 v x_5) ^ (x_3 v -x_11 v -x_6) ^ (-x_1 v x_10 v -x_3) ^ (x_11 v -x_12) ^ (x_11 v x_10 v x_3) ^ (x_11 v x_12 v -x_5) ^ (-x_9 v x_5 v -x_0) ^ (-x_7 v x_10 v -x_3)]
14,35,3.717195510864258,128,0.010239601135253906,2.4375152587890625,[(x_11 v -x_9 v -x_3) ^ (x_12 v -x_2 v x_8) ^ (-x_4 v x_7 v -x_11) ^ (-x_4 v x_2 v x_8) ^ (-x_4 v -x_2 v x_5) ^ (x_12 v x_9 v -x_5) ^ (x_1 v -x_2 v x_7) ^ (x_0 v x_10 v x_5) ^ (-x_1 v x_9 v -x_3) ^ (-x_4 v -x_7 v -x_8) ^ (x_3 v x_2 v -x_11) ^ (x_12 v -x_5 v -x_7) ^ (x_11 v -x_4 v -x_8) ^ (x_6 v x_1 v -x_2) ^ (-x_1 v x_10 v -x_6) ^ (x_6 v x_9 v -x_2) ^ (x_11 v -x_4 v x_13) ^ (x_6 v -x_3) ^ (-x_5 v x_7 v -x_3) ^ (-x_12 v x_2 v x_13) ^ (x_1 v -x_10 v -x_13) ^ (-x_10 v -x_2 v -x_3) ^ (-x_11 v x_10 v -x_3) ^ (-x_12 v x_7 v -x_11) ^ (x_3 v x_6 v -x_7) ^ (-x_11 v -x_4 v -x_6) ^ (-x_1 v x_2 v -x_8) ^ (x_3 v x_6 v x_7) ^ (x_3 v -x_2 v -x_6) ^ (-x_5 v -x_13 v -x_11) ^ (x_7 v -x_13 v x_8) ^ (x_0 v x_13) ^ (x_12 v x_2 v x_5) ^ (-x_9 v -x_12 v -x_10) ^ (x_6 v x_9 v -x_8)]
14,25,2.694997549057007,1,0.007211923599243164,2.3244199752807617,[(x_6 v x_13 v -x_0) ^ (-x_7 v x_13 v -x_6) ^ (-x_9 v -x_8 v -x_11) ^ (-x_1 v -x_10 v -x_13) ^ (x_3 v x_2 v -x_11) ^ (x_6 v -x_10 v x_7) ^ (x_6 v -x_2 v x_5) ^ (-x_12 v x_2 v -x_8) ^ (x_6 v -x_2 v x_7) ^ (-x_1 v -x_12 v x_0) ^ (-x_2 v x_5 v -x_8) ^ (-x_5 v x_13 v -x_6) ^ (-x_1 v x_12 v -x_13) ^ (-x_4 v x_12 v x_2) ^ (x_11 v -x_1 v -x_2) ^ (x_6 v -x_13 v x_5) ^ (x_9 v x_10 v x_8) ^ (x_10 v x_2 v x_13) ^ (x_8 v x_2 v -x_0) ^ (x_7 v -x_3) ^ (-x_1 v -x_5 v -x_8) ^ (x_12 v -x_5 v -x_6) ^ (x_12 v x_5 v -x_0) ^ (-x_12 v -x_9 v -x_4) ^ (-x_7 v -x_2 v -x_6)]
14,35,3.188842535018921,128,0.009902000427246094,2.4134063720703125,[(x_0 v -x_4 v -x_5) ^ (-x_7 v x_5 v -x_11) ^ (x_6 v -x_7 v -x_0) ^ (-x_10 v x_7 v x_8) ^ (x_1 v x_9 v x_7) ^ (x_1 v -x_10 v -x_8) ^ (-x_9 v -x_2 v x_4) ^ (-x_4 v x_9 v -x_13) ^ (-x_1 v x_9 v -x_10) ^ (-x_9 v x_7) ^ (-x_12 v -x_5 v -x_8) ^ (x_1 v -x_4 v -x_3) ^ (x_1 v x_2) ^ (x_11 v -x_8 v -x_6) ^ (x_11 v -x_12 v x_0) ^ (x_6 v -x_3) ^ (x_3 v -x_4 v x_5) ^ (-x_9 v x_12 v -x_2) ^ (x_3 v -x_11 v x_8) ^ (-x_11 v x_7 v -x_3) ^ (-x_12 v -x_7 v -x_13) ^ (-x_1 v x_5 v x_8) ^ (x_0 v x_4 v -x_11) ^ (x_6 v x_7 v -x_0) ^ (-x_9 v -x_11 v -x_6) ^ (x_2 v -x_8 v -x_3) ^ (-x_12 v -x_4 v x_7) ^ (x_6 v -x_12 v x_10) ^ (x_12 v x_4 v -x_11) ^ (x_1 v x_10 v x_2) ^ (-x_1 v -x_5 v -x_8) ^ (x_11 v -x_12 v -x_13) ^ (x_10 v x_4) ^ (x_6 v -x_13 v x_8) ^ (-x_1 v x_6 v -x_0)]
14,28,2.5806469917297363,1,0.00912785530090332,2.447421073913574,[(-x_1 v x_10 v x_5) ^ (x_6 v -x_9 v -x_4) ^ (x_6 v -x_2 v x_4) ^ (x_1 v -x_5 v x_8) ^ (x_3 v x_5 v -x_0) ^ (x_0 v -x_12 v -x_8) ^ (-x_4 v x_5 v x_8) ^ (-x_1 v -x_8 v -x_3) ^ (x_1 v -x_10 v -x_3) ^ (x_2 v x_13 v -x_8) ^ (x_10 v x_13 v x_4) ^ (x_3 v -x_7 v x_10) ^ (-x_4 v -x_10 v x_2) ^ (x_0 v -x_2 v x_13) ^ (-x_1 v -x_7 v x_5) ^ (-x_9 v -x_12 v -x_8) ^ (-x_1 v x_9 v -x_0) ^ (-x_12 v x_4 v -x_8) ^ (x_1 v x_5 v -x_8) ^ (x_12 v x_7 v -x_11) ^ (x_11 v x_5 v x_2) ^ (x_1 v x_4 v -x_8) ^ (x_0 v x_10 v -x_3) ^ (-x_1 v x_2 v -x_11) ^ (x_1 v -x_4 v -x_11) ^ (x_1 v -x_5 v -x_6) ^ (x_11 v -x_9 v x_0) ^ (-x_1 v x_7 v x_2)]
14,33,3.125685930252075,128,0.011472463607788086,2.2855987548828125,[(-x_6 v x_5 v -x_3) ^ (-x_4 v x_10 v x_8) ^ (x_3 v -x_12 v -x_10) ^ (-x_0 v -x_13 v x_8) ^ (-x_0 v -x_8 v -x_3) ^ (-x_12 v -x_4 v x_13) ^ (x_8 v x_4 v -x_0) ^ (-x_1 v -x_8) ^ (x_2 v -x_11) ^ (-x_1 v x_9 v x_4) ^ (x_11 v -x_7 v x_5) ^ (-x_9 v x_8) ^ (x_6 v -x_4) ^ (x_6 v x_10 v x_13) ^ (x_0 v x_12 v -x_5) ^ (-x_4 v -x_5 v x_8) ^ (-x_12 v x_9) ^ (x_12 v -x_2 v x_13) ^ (x_3 v x_1 v -x_11) ^ (x_0 v x_1 v -x_7) ^ (x_9 v x_2 v -x_7) ^ (x_3 v -x_7 v x_13) ^ (x_12 v -x_5 v -x_8) ^ (-x_7 v -x_5) ^ (-x_6 v x_7 v x_8) ^ (x_0 v -x_12 v -x_3) ^ (-x_13 v x_5 v -x_8) ^ (x_3 v -x_12 v -x_13) ^ (x_1 v x_2 v -x_8) ^ (-x_1 v -x_9 v x_0) ^ (x_1 v x_10 v x_7) ^ (-x_1 v -x_2 v x_5) ^ (x_3 v x_4)]
14,15,1.4264037609100342,1,0.007088422775268555,2.271670341491699,[(-x_10 v -x_8 v -x_0) ^ (x_3 v x_1 v -x_7) ^ (x_3 v -x_12 v -x_10) ^ (-x_4 v -x_0) ^ (x_3 v x_5 v x_2) ^ (-x_1 v -x_4 v -x_2) ^ (-x_13 v x_8) ^ (x_11 v x_12 v x_8) ^ (x_9 v x_5 v -x_7) ^ (-x_9 v -x_6 v -x_11) ^ (x_9 v x_2 v -x_8) ^ (-x_11 v -x_4 v -x_6) ^ (-x_4 v -x_2 v x_13) ^ (-x_11 v -x_2 v -x_6) ^ (-x_2 v x_10 v x_3)]
14,27,2.2935893535614014,128,0.010370254516601562,2.4352569580078125,[(x_3 v -x_5 v x_13) ^ (-x_4 v -x_5 v -x_0) ^ (x_3 v -x_2 v x_0) ^ (x_1 v x_9 v -x_7) ^ (-x_4 v x_9 v -x_5) ^ (-x_9 v -x_4 v -x_7) ^ (x_6 v x_9 v -x_13) ^ (-x_2 v x_12 v -x_10) ^ (x_12 v x_7 v -x_6) ^ (x_12 v -x_10 v -x_11) ^ (-x_12 v -x_13 v -x_3) ^ (x_12 v x_5) ^ (x_4 v x_5 v x_7) ^ (x_3 v x_12 v -x_8) ^ (x_0 v -x_10 v x_5) ^ (x_9 v x_7 v -x_13) ^ (x_0 v -x_9 v -x_2) ^ (x_1 v x_12 v -x_13) ^ (-x_9 v x_1 v -x_0) ^ (-x_1 v -x_10 v -x_11) ^ (x_11 v x_2 v x_8) ^ (x_0 v -x_5 v x_10) ^ (x_3 v -x_9 v x_7) ^ (x_0 v x_4 v -x_13) ^ (-x_1 v -x_4 v x_12) ^ (-x_13 v x_2) ^ (-x_1 v x_12 v -x_5)]
14,31,2.8497254848480225,1,0.007993221282958984,2.375155448913574,[(-x_2 v x_5 v -x_6) ^ (x_0 v x_7 v x_3) ^ (x_6 v -x_10 v -x_11) ^ (-x_1 v x_6 v x_7) ^ (-x_10 v x_7 v -x_11) ^ (-x_1 v -x_0 v x_8) ^ (x_3 v -x_7 v -x_10) ^ (x_11 v x_5 v -x_3) ^ (x_6 v x_13) ^ (x_6 v -x_2 v x_5) ^ (x_0 v x_1 v x_13) ^ (x_11 v -x_12 v -x_7) ^ (-x_10 v -x_8) ^ (-x_4 v x_6 v x_12) ^ (-x_11 v -x_10 v -x_6) ^ (x_6 v -x_3 v x_8) ^ (-x_1 v x_4 v x_11) ^ (x_8 v x_9 v -x_0) ^ (x_6 v -x_12 v -x_5) ^ (-x_5 v -x_8 v x_4) ^ (x_3 v -x_12 v x_7) ^ (x_9 v x_2 v -x_8) ^ (x_10 v -x_5 v -x_13) ^ (-x_12 v -x_9 v x_2) ^ (x_0 v x_5 v x_11) ^ (x_1 v x_9 v x_5) ^ (x_0 v -x_12 v -x_10) ^ (x_6 v -x_4 v -x_2) ^ (-x_1 v x_9 v -x_13) ^ (x_11 v x_12 v -x_5) ^ (-x_10 v x_13 v x_8)]
14,41,4.042477130889893,128,0.006671428680419922,2.4541854858398438,[(-x_9 v -x_7 v x_2) ^ (-x_1 v -x_2 v -x_8) ^ (-x_13 v x_9 v x_2) ^ (-x_1 v x_9 v x_7) ^ (x_4 v -x_8 v -x_11) ^ (x_12 v -x_4 v -x_5) ^ (-x_12 v -x_10 v -x_7) ^ (x_0 v x_13 v -x_6) ^ (x_6 v x_5 v x_2) ^ (-x_4 v -x_13) ^ (x_6 v -x_5 v x_8) ^ (-x_12 v x_9 v -x_2) ^ (x_9 v -x_4 v -x_7) ^ (-x_4 v x_10 v -x_0) ^ (-x_1 v -x_10 v x_5) ^ (-x_4 v -x_13 v x_8) ^ (-x_5 v x_10 v -x_13) ^ (x_0 v -x_1 v -x_3) ^ (x_6 v -x_9 v -x_8) ^ (x_11 v -x_2 v x_4) ^ (x_12 v x_4 v -x_7) ^ (x_12 v x_7 v x_5) ^ (x_0 v -x_10 v -x_5) ^ (-x_4 v -x_7 v -x_3) ^ (-x_9 v -x_13 v x_8) ^ (-x_9 v x_1 v x_10) ^ (-x_12 v -x_7 v x_5) ^ (x_9 v x_5 v -x_7) ^ (x_12 v -x_5 v -x_3) ^ (x_11 v x_6 v -x_0) ^ (-x_1 v x_12 v -x_2) ^ (x_12 v x_13) ^ (-x_1 v x_5 v x_8) ^ (x_13 v -x_3) ^ (x_9 v -x_7 v -x_6) ^ (x_12 v -x_2 v -x_7) ^ (x_10 v -x_5 v x_2) ^ (-x_4 v -x_8 v -x_11) ^ (-x_12 v -x_4 v x_8) ^ (x_11 v -x_1 v x_9) ^ (-x_6 v -x_3 v -x_11)]
14,33,3.0285825729370117,1,0.006397724151611328,2.336604118347168,[(-x_1 v -x_3 v -x_0) ^ (x_6 v -x_9 v x_4) ^ (x_11 v x_6 v -x_2) ^ (x_6 v -x_5 v x_8) ^ (-x_1 v -x_4 v x_3) ^ (-x_4 v x_7 v -x_6) ^ (x_3 v -x_12 v -x_4) ^ (x_0 v x_2 v -x_6) ^ (-x_12 v x_7 v x_5) ^ (x_6 v -x_5 v x_7) ^ (x_3 v -x_7 v -x_6) ^ (x_3 v -x_9 v x_8) ^ (-x_1 v -x_6 v -x_3) ^ (x_11 v x_7 v -x_8) ^ (x_12 v x_2 v -x_8) ^ (x_1 v x_12 v -x_11) ^ (x_0 v -x_4 v -x_10) ^ (-x_1 v -x_13 v -x_6) ^ (x_3 v -x_11 v x_8) ^ (x_7 v -x_8 v -x_11) ^ (x_0 v -x_1 v -x_12) ^ (-x_10 v x_4 v x_5) ^ (x_0 v x_12 v x_5) ^ (x_3 v -x_12 v x_0) ^ (x_10 v x_7 v -x_0) ^ (-x_13 v -x_8 v -x_0) ^ (x_3 v -x_12 v -x_5) ^ (-x_1 v x_6 v -x_4) ^ (-x_12 v x_13 v x_8) ^ (x_11 v -x_0) ^ (x_11 v -x_1 v x_3) ^ (-x_1 v -x_4 v x_0) ^ (x_0 v x_12 v x_2)]
14,40,3.240797996520996,128,0.005836009979248047,2.5020523071289062,[(x_11 v -x_5 v x_13) ^ (x_10 v x_13 v x_8) ^ (-x_1 v x_12) ^ (x_7 v x_2) ^ (x_11 v x_4 v x_8) ^ (-x_1 v -x_5 v x_2) ^ (-x_1 v -x_12 v -x_10) ^ (x_11 v x_10 v x_0) ^ (-x_1 v -x_5 v x_3) ^ (x_4 v -x_8 v -x_6) ^ (x_11 v -x_7 v x_4) ^ (-x_4 v x_7) ^ (x_3 v x_5 v x_2) ^ (-x_10 v -x_7 v -x_3) ^ (x_0 v -x_4 v x_13) ^ (-x_5 v x_7) ^ (x_0 v x_6 v x_2) ^ (-x_12 v -x_7 v -x_5) ^ (x_13 v -x_2 v x_7) ^ (x_11 v -x_9 v x_4) ^ (x_6 v -x_5 v x_4) ^ (-x_5 v -x_2 v x_4) ^ (x_4 v x_13 v -x_11) ^ (x_3 v -x_12 v -x_5) ^ (-x_1 v x_7 v x_13) ^ (-x_12 v -x_4 v -x_7) ^ (x_6 v x_5 v -x_11) ^ (x_3 v x_7 v x_8) ^ (-x_12 v x_4 v x_5) ^ (x_8 v -x_7 v -x_11) ^ (x_7 v -x_3) ^ (-x_12 v -x_9 v x_10) ^ (-x_9 v x_12 v -x_5) ^ (x_3 v x_6 v x_0) ^ (-x_0 v x_1 v -x_3) ^ (x_1 v -x_7 v -x_3) ^ (x_9 v -x_4 v x_8) ^ (-x_9 v -x_10 v -x_3) ^ (x_10 v x_13 v -x_8) ^ (-x_13 v x_5 v x_8)]
14,40,3.5628082752227783,1,0.008681535720825195,2.522036552429199,[(x_1 v -x_10 v -x_0) ^ (-x_1 v -x_2 v -x_13) ^ (x_0 v x_4) ^ (x_11 v x_12 v x_0) ^ (-x_5 v x_2 v x_7) ^ (-x_7 v x_5 v -x_6) ^ (x_0 v -x_4 v x_5) ^ (x_3 v -x_0 v x_8) ^ (-x_1 v -x_9 v -x_13) ^ (-x_4 v x_12 v -x_13) ^ (x_0 v -x_11 v -x_6) ^ (-x_0 v x_9 v x_8) ^ (-x_2 v -x_5 v x_4) ^ (x_0 v x_10 v x_11) ^ (x_6 v -x_9) ^ (-x_5 v -x_2 v x_7) ^ (x_2 v x_13 v -x_8) ^ (x_11 v x_1 v x_9) ^ (x_0 v -x_10 v -x_11) ^ (x_10 v -x_5 v -x_6) ^ (x_11 v x_9 v -x_3) ^ (x_9 v x_5 v -x_7) ^ (x_11 v x_5 v x_8) ^ (x_3 v x_2 v x_13) ^ (-x_1 v x_3 v x_5) ^ (x_6 v x_12 v -x_13) ^ (x_3 v x_7 v x_8) ^ (-x_9 v x_10 v -x_5) ^ (-x_1 v -x_4 v -x_0) ^ (-x_2 v -x_5 v -x_13) ^ (x_9 v -x_10 v -x_0) ^ (x_6 v x_7 v x_5) ^ (x_1 v x_2 v -x_8) ^ (x_3 v x_10 v x_2) ^ (x_1 v -x_4 v -x_11) ^ (x_9 v -x_2 v -x_0) ^ (x_12 v -x_2 v -x_8) ^ (x_6 v -x_12 v x_8) ^ (-x_8 v -x_3) ^ (x_3 v x_7 v -x_6)]
14,39,3.1947503089904785,128,0.006689786911010742,2.3359298706054688,[(x_12 v -x_2 v x_8) ^ (x_11 v x_13) ^ (x_11 v x_7 v -x_0) ^ (x_4 v x_5 v x_13) ^ (x_1 v x_7 v -x_0) ^ (-x_12 v x_5 v -x_3) ^ (x_12 v -x_13 v -x_8) ^ (x_0 v -x_12 v -x_13) ^ (x_0 v x_9 v x_13) ^ (x_3 v -x_1 v -x_7) ^ (x_6 v -x_4 v -x_5) ^ (x_11 v -x_0 v x_8) ^ (-x_1 v x_8 v x_11) ^ (-x_12 v -x_10 v -x_13) ^ (x_6 v -x_2 v -x_0) ^ (-x_1 v -x_4 v x_13) ^ (x_8 v -x_10 v -x_11) ^ (x_10 v x_5 v x_13) ^ (x_4 v -x_11) ^ (x_6 v -x_10 v -x_3) ^ (x_0 v x_6 v x_9) ^ (x_11 v x_10 v -x_8) ^ (x_12 v -x_8) ^ (-x_12 v x_13 v -x_8) ^ (x_11 v x_9 v -x_2) ^ (x_11 v -x_4) ^ (x_11 v -x_10 v -x_6) ^ (x_9 v -x_10 v x_4) ^ (-x_1 v -x_9 v -x_0) ^ (-x_9 v -x_7 v -x_13) ^ (x_0 v -x_3) ^ (x_10 v x_13 v -x_11) ^ (x_11 v -x_6) ^ (x_1 v -x_7 v -x_3) ^ (x_11 v -x_7 v -x_8) ^ (-x_2 v -x_13 v -x_3) ^ (x_12 v x_4 v -x_6) ^ (x_1 v -x_12 v x_11) ^ (-x_13 v x_10 v x_2)]
14,35,3.117475986480713,1,0.007502079010009766,2.415705680847168,[(x_3 v -x_10 v x_8) ^ (-x_9 v -x_13 v -x_11) ^ (x_2 v x_13 v -x_6) ^ (x_3 v -x_2 v x_13) ^ (x_11 v x_4 v x_8) ^ (-x_1 v -x_10 v x_7) ^ (x_9 v x_12 v -x_0) ^ (x_9 v -x_5 v x_7) ^ (x_0 v x_8 v -x_6) ^ (x_12 v -x_10) ^ (-x_4 v x_9 v -x_6) ^ (x_1 v -x_2 v -x_13) ^ (-x_5 v -x_0) ^ (-x_9 v x_5 v -x_11) ^ (x_3 v x_13) ^ (-x_12 v x_2 v -x_8) ^ (-x_4 v -x_3) ^ (x_6 v x_9 v x_7) ^ (x_12 v x_7 v -x_3) ^ (x_3 v x_12 v x_13) ^ (x_8 v -x_13 v -x_6) ^ (-x_12 v -x_13 v -x_0) ^ (x_9 v -x_10) ^ (-x_1 v -x_10 v -x_11) ^ (x_12 v x_9 v -x_4) ^ (-x_1 v -x_4 v -x_5) ^ (x_11 v x_2 v x_3) ^ (x_9 v -x_7 v -x_6) ^ (-x_12 v -x_4 v x_2) ^ (x_1 v x_2 v -x_13) ^ (-x_12 v x_9 v -x_6) ^ (x_9 v -x_6 v -x_3) ^ (x_11 v -x_1 v x_10) ^ (-x_12 v x_8) ^ (x_1 v x_2 v -x_11)]
14,32,2.7485883235931396,128,0.006364107131958008,2.4486312866210938,[(x_3 v -x_5 v x_13) ^ (x_9 v -x_2 v -x_8) ^ (x_11 v x_12 v x_0) ^ (x_6 v x_10 v x_2) ^ (x_0 v x_9 v -x_6) ^ (x_11 v -x_12 v x_3) ^ (-x_9 v x_4 v x_5) ^ (-x_1 v -x_2 v x_3) ^ (x_6 v x_1 v -x_5) ^ (x_11 v -x_12 v x_9) ^ (x_3 v -x_4 v x_10) ^ (x_5 v -x_3 v x_8) ^ (x_11 v x_5 v -x_6) ^ (x_0 v -x_7 v x_2) ^ (x_7 v x_2 v -x_3) ^ (-x_9 v x_13) ^ (x_0 v -x_12 v x_9) ^ (-x_4 v x_12 v x_7) ^ (x_6 v x_1 v -x_13) ^ (x_6 v -x_5 v x_13) ^ (-x_12 v -x_9 v -x_0) ^ (x_6 v x_10 v x_5) ^ (x_12 v x_7 v -x_3) ^ (x_6 v x_12 v x_8) ^ (x_6 v x_9 v x_2) ^ (-x_5 v -x_2 v x_4) ^ (x_3 v x_1 v -x_0) ^ (x_3 v x_7 v x_8) ^ (x_6 v -x_13 v -x_8) ^ (x_0 v x_6 v x_5) ^ (-x_1 v -x_11 v x_0) ^ (x_3 v x_4)]
14,41,4.230536222457886,1,0.011497735977172852,2.414767265319824,[(x_1 v -x_5 v -x_11) ^ (x_9 v -x_5 v x_7) ^ (x_12 v x_5 v x_13) ^ (-x_4 v x_7 v -x_13) ^ (-x_9 v -x_7 v x_5) ^ (-x_9 v -x_2 v -x_11) ^ (x_4 v -x_8 v -x_6) ^ (x_9 v -x_13 v -x_11) ^ (-x_1 v -x_7 v -x_5) ^ (x_2 v -x_11) ^ (x_1 v -x_10 v -x_3) ^ (x_12 v -x_6) ^ (x_3 v -x_9 v x_13) ^ (x_3 v x_1 v x_8) ^ (x_12 v -x_5) ^ (-x_7 v x_13 v x_8) ^ (x_9 v -x_8 v -x_11) ^ (-x_4 v -x_7 v -x_3) ^ (x_0 v x_5) ^ (x_7 v -x_13 v x_4) ^ (-x_7 v x_4 v x_5) ^ (-x_2 v -x_4 v x_10) ^ (x_10 v x_7 v -x_0) ^ (-x_4 v x_10 v -x_11) ^ (-x_7 v -x_10 v x_2) ^ (x_9 v x_7 v -x_13) ^ (x_3 v x_5 v -x_8) ^ (x_0 v -x_10 v -x_13) ^ (x_3 v x_4 v x_8) ^ (x_3 v x_6 v x_12) ^ (-x_7 v -x_2 v x_8) ^ (x_6 v -x_8 v -x_11) ^ (x_11 v x_5 v x_2) ^ (-x_4 v x_7 v -x_0) ^ (-x_12 v x_4 v -x_6) ^ (-x_7 v x_5 v -x_8) ^ (-x_9 v -x_12 v x_2) ^ (-x_9 v -x_0) ^ (x_12 v -x_4 v x_7) ^ (-x_1 v -x_9 v -x_8) ^ (x_12 v -x_7)]
14,24,2.0350918769836426,128,0.009344100952148438,2.4478530883789062,[(x_10 v x_5) ^ (x_11 v -x_12 v x_8) ^ (x_9 v -x_2 v -x_13) ^ (x_0 v x_7 v x_3) ^ (-x_13 v -x_7 v x_5) ^ (-x_9 v -x_5 v -x_3) ^ (x_0 v x_10 v -x_6) ^ (x_9 v x_10 v x_13) ^ (-x_9 v -x_7 v x_10) ^ (-x_11 v x_8) ^ (-x_12 v x_9 v x_2) ^ (x_6 v x_1 v -x_13) ^ (x_6 v x_12 v x_10) ^ (x_3 v x_9 v -x_0) ^ (-x_12 v x_10) ^ (-x_5 v -x_13 v -x_0) ^ (-x_1 v x_12 v -x_13) ^ (x_11 v x_13 v -x_8) ^ (x_10 v -x_3 v x_4) ^ (x_11 v x_10 v -x_3) ^ (-x_12 v x_13 v -x_11) ^ (x_3 v x_12 v -x_11) ^ (x_5 v x_1 v x_2) ^ (-x_11 v -x_2 v x_8)]
14,30,2.6714775562286377,1,0.006283760070800781,2.477869987487793,[(x_9 v x_4 v -x_3) ^ (x_2 v x_13 v -x_0) ^ (x_6 v -x_12 v -x_11) ^ (x_9 v x_2 v -x_11) ^ (x_6 v -x_7 v x_8) ^ (-x_4 v x_10 v x_2) ^ (x_0 v x_8 v -x_6) ^ (x_11 v -x_3 v x_0) ^ (x_6 v x_7) ^ (x_0 v x_1 v x_12) ^ (-x_10 v x_5) ^ (x_13 v -x_8 v -x_11) ^ (x_6 v -x_4 v x_5) ^ (x_0 v -x_8 v -x_3) ^ (-x_1 v -x_10 v x_5) ^ (-x_12 v -x_10 v x_13) ^ (x_11 v -x_7 v x_5) ^ (x_6 v x_2) ^ (-x_12 v -x_3) ^ (x_2 v -x_0) ^ (x_0 v -x_10 v x_5) ^ (x_3 v -x_1 v -x_13) ^ (x_0 v -x_7) ^ (-x_10 v -x_13) ^ (x_3 v x_6 v x_5) ^ (x_0 v x_5 v x_13) ^ (x_0 v -x_12 v x_10) ^ (-x_12 v -x_11 v -x_0) ^ (-x_1 v -x_9 v x_0) ^ (-x_12 v x_13)]
14,32,2.6246278285980225,128,0.008214950561523438,2.5084609985351562,[(-x_1 v -x_2 v -x_3) ^ (-x_12 v x_9 v -x_5) ^ (x_1 v -x_13 v -x_3) ^ (x_10 v x_7 v -x_3) ^ (x_3 v -x_1 v -x_7) ^ (x_11 v x_6 v x_7) ^ (x_4 v -x_13 v x_7) ^ (-x_1 v -x_0 v -x_11) ^ (x_0 v x_12 v -x_3) ^ (x_10 v -x_11) ^ (x_9 v x_12 v x_8) ^ (x_3 v x_5 v -x_13) ^ (x_7 v -x_8 v x_4) ^ (x_11 v x_1 v x_4) ^ (-x_12 v x_7 v -x_11) ^ (x_1 v x_4 v -x_0) ^ (x_0 v -x_8) ^ (x_12 v -x_13 v -x_3) ^ (-x_9 v x_2 v x_13) ^ (-x_7 v -x_13 v -x_11) ^ (-x_10 v -x_2) ^ (-x_1 v x_2 v -x_3) ^ (x_7 v -x_13 v -x_8) ^ (-x_7 v x_5 v x_13) ^ (x_4 v x_2 v -x_6) ^ (-x_11 v -x_5 v x_8) ^ (x_0 v x_13) ^ (x_0 v x_12 v x_8) ^ (x_3 v -x_13 v -x_0) ^ (x_6 v -x_7 v -x_8) ^ (x_6 v -x_9 v -x_3) ^ (-x_8 v -x_3)]
14,41,3.6418871879577637,1,0.0072956085205078125,2.456751823425293,[(-x_1 v -x_10 v -x_7) ^ (x_11 v -x_12 v x_8) ^ (-x_1 v -x_3 v -x_0) ^ (x_11 v -x_10 v x_7) ^ (x_0 v x_7 v -x_11) ^ (x_6 v x_2 v x_13) ^ (x_6 v -x_7 v x_10) ^ (x_0 v x_9 v -x_6) ^ (-x_1 v x_13 v x_11) ^ (x_0 v -x_6) ^ (x_9 v -x_12 v -x_4) ^ (-x_11 v -x_4 v x_8) ^ (-x_9 v x_10 v -x_0) ^ (-x_1 v -x_13 v x_0) ^ (-x_1 v -x_6) ^ (x_9 v -x_4) ^ (x_6 v x_9 v -x_2) ^ (x_0 v -x_5) ^ (x_12 v x_7 v x_5) ^ (x_12 v x_7 v -x_13) ^ (x_6 v -x_4 v x_8) ^ (x_3 v -x_5 v -x_0) ^ (x_11 v x_1 v x_4) ^ (x_9 v x_2) ^ (x_12 v -x_5 v x_2) ^ (x_1 v x_2 v x_13) ^ (x_1 v x_13 v -x_3) ^ (x_9 v x_10 v x_7) ^ (-x_7 v -x_13) ^ (x_7 v -x_8 v -x_0) ^ (x_3 v -x_11 v -x_6) ^ (-x_4 v x_2 v -x_0) ^ (-x_3 v x_13 v -x_11) ^ (-x_1 v x_6 v x_4) ^ (-x_1 v -x_7 v -x_13) ^ (x_12 v x_10 v -x_11) ^ (-x_12 v -x_7 v -x_11) ^ (x_1 v -x_5 v -x_6) ^ (-x_12 v x_10 v x_7) ^ (x_10 v x_13 v -x_8) ^ (x_9 v -x_2 v x_5)]
14,27,2.192617654800415,128,0.01029062271118164,2.216796875,[(-x_4 v -x_8 v -x_6) ^ (x_12 v -x_2 v x_8) ^ (x_6 v x_12 v -x_3) ^ (x_6 v -x_7 v -x_5) ^ (-x_7 v x_2 v -x_0) ^ (x_12 v x_5 v -x_8) ^ (x_0 v x_10 v -x_8) ^ (-x_4 v -x_10 v x_8) ^ (-x_8 v -x_6) ^ (x_0 v -x_12 v -x_4) ^ (x_7 v -x_13 v -x_3) ^ (-x_10 v -x_5 v -x_0) ^ (x_5 v x_13 v -x_3) ^ (-x_10 v x_2 v -x_11) ^ (x_1 v -x_6 v -x_0) ^ (x_1 v -x_10 v -x_13) ^ (-x_1 v x_5 v -x_11) ^ (-x_6 v x_4 v -x_11) ^ (-x_13 v -x_8 v -x_0) ^ (-x_9 v -x_5 v x_13) ^ (x_0 v x_2) ^ (x_10 v x_5 v x_8) ^ (x_12 v -x_4 v -x_2) ^ (x_1 v -x_5 v -x_6) ^ (x_12 v x_10 v -x_7) ^ (x_11 v -x_5 v -x_8) ^ (x_6 v -x_12 v x_8)]
14,28,2.499314785003662,1,0.009121179580688477,2.330630302429199,[(x_4 v x_7) ^ (-x_12 v -x_13 v x_8) ^ (-x_12 v -x_5 v -x_0) ^ (x_1 v x_8 v -x_6) ^ (x_0 v -x_5 v -x_13) ^ (-x_12 v -x_8 v -x_3) ^ (-x_4 v x_13 v x_8) ^ (x_0 v -x_11 v -x_6) ^ (-x_4 v -x_13 v -x_8) ^ (-x_9 v -x_2 v x_4) ^ (x_3 v x_12 v x_7) ^ (x_0 v x_1 v x_11) ^ (x_10 v -x_2 v x_8) ^ (-x_1 v x_4 v -x_2) ^ (x_9 v x_7 v -x_8) ^ (x_6 v x_12 v -x_10) ^ (x_6 v -x_5 v -x_13) ^ (x_11 v -x_12 v -x_0) ^ (-x_7 v x_2 v -x_8) ^ (-x_2 v x_5 v x_7) ^ (x_6 v x_10 v x_5) ^ (x_11 v x_6 v -x_12) ^ (x_9 v -x_10) ^ (-x_9 v -x_4 v x_8) ^ (-x_10 v x_5 v x_8) ^ (-x_1 v -x_9) ^ (-x_12 v x_4 v -x_0) ^ (-x_9 v -x_12 v -x_10)]
14,34,2.814959764480591,128,0.008986234664916992,2.3429946899414062,[(x_6 v x_13 v -x_0) ^ (x_12 v x_10 v x_7) ^ (x_0 v -x_5 v -x_13) ^ (-x_1 v -x_9 v -x_11) ^ (x_3 v x_5 v -x_0) ^ (x_9 v -x_10 v x_2) ^ (x_0 v -x_7 v -x_8) ^ (-x_1 v x_6 v -x_3) ^ (-x_2 v -x_8 v x_4) ^ (x_12 v x_5 v -x_8) ^ (x_3 v -x_8) ^ (x_6 v -x_5 v x_8) ^ (x_1 v x_10 v x_13) ^ (-x_4 v -x_10 v x_2) ^ (-x_12 v x_9 v -x_13) ^ (x_9 v -x_2 v x_4) ^ (-x_12 v x_4 v x_7) ^ (x_6 v -x_10 v -x_8) ^ (-x_5 v -x_13 v -x_0) ^ (x_4 v -x_13 v x_8) ^ (x_9 v x_2) ^ (x_1 v -x_8 v -x_0) ^ (-x_1 v -x_2 v -x_0) ^ (-x_12 v x_2 v -x_6) ^ (-x_10 v -x_2) ^ (x_3 v -x_9 v x_11) ^ (-x_12 v -x_9 v -x_3) ^ (x_7 v -x_13 v -x_8) ^ (-x_10 v x_13) ^ (-x_12 v x_10 v -x_11) ^ (x_11 v -x_4 v -x_6) ^ (-x_12 v -x_4 v x_8) ^ (-x_9 v x_4 v x_7) ^ (-x_12 v x_10 v -x_3)]
14,25,2.7953224182128906,1,0.00722193717956543,2.4351072311401367,[(x_2 v x_10 v x_5) ^ (x_3 v -x_7 v x_8) ^ (x_9 v -x_11) ^ (-x_7 v -x_5 v x_8) ^ (x_0 v -x_7 v x_2) ^ (-x_4 v x_12 v x_7) ^ (-x_9 v x_1 v -x_4) ^ (-x_4 v -x_2 v -x_3) ^ (x_4 v x_5 v -x_3) ^ (x_1 v -x_7 v x_5) ^ (x_10 v -x_7 v -x_5) ^ (x_12 v x_9 v x_10) ^ (-x_5 v -x_3) ^ (-x_10 v x_4 v x_8) ^ (x_0 v -x_4 v x_12) ^ (x_11 v -x_5 v -x_3) ^ (x_6 v x_9 v x_4) ^ (x_9 v -x_7 v -x_6) ^ (x_3 v -x_11 v -x_0) ^ (x_12 v x_13 v -x_11) ^ (-x_1 v x_2 v -x_6) ^ (-x_7 v -x_6 v x_8) ^ (x_10 v -x_12 v -x_2) ^ (x_11 v -x_5 v -x_8) ^ (-x_13 v x_10 v x_2)]
14,42,3.516488790512085,128,0.00665736198425293,2.4616165161132812,[(x_11 v -x_4 v -x_2) ^ (-x_13 v -x_8 v -x_11) ^ (x_6 v -x_10 v -x_11) ^ (-x_2 v -x_8 v -x_11) ^ (x_4 v x_5 v -x_8) ^ (-x_11 v -x_2 v x_4) ^ (-x_9 v x_10 v -x_11) ^ (x_12 v x_7 v -x_0) ^ (x_11 v x_9 v x_4) ^ (x_6 v -x_13) ^ (x_1 v -x_2 v -x_8) ^ (-x_11 v x_5 v -x_3) ^ (x_6 v -x_10 v x_7) ^ (x_6 v x_13 v -x_8) ^ (-x_12 v -x_5 v -x_8) ^ (x_12 v x_2 v -x_7) ^ (-x_7 v -x_5 v -x_6) ^ (x_9 v -x_5 v -x_0) ^ (x_0 v x_12 v -x_5) ^ (x_11 v -x_12 v x_0) ^ (-x_1 v x_12 v x_11) ^ (-x_9 v x_2 v -x_6) ^ (x_11 v x_10 v -x_2) ^ (x_3 v -x_12 v -x_7) ^ (-x_10 v x_7 v x_13) ^ (-x_12 v x_2 v x_8) ^ (x_0 v x_4 v -x_3) ^ (-x_7 v x_2 v x_5) ^ (-x_1 v x_4 v -x_8) ^ (x_9 v -x_10 v -x_11) ^ (x_3 v x_2 v x_13) ^ (x_6 v x_10 v -x_11) ^ (-x_7 v -x_10 v -x_11) ^ (x_3 v x_9 v x_2) ^ (x_3 v -x_1 v -x_10) ^ (-x_4 v x_10 v -x_7) ^ (-x_7 v -x_10 v x_13) ^ (x_11 v -x_1 v x_9) ^ (-x_10 v -x_3 v -x_6) ^ (x_0 v x_7 v -x_3) ^ (-x_9 v -x_4 v x_13) ^ (-x_12 v -x_4 v x_5)]
14,24,2.2007405757904053,1,0.0081939697265625,2.473841667175293,[(x_12 v -x_4 v -x_3) ^ (-x_1 v x_5) ^ (x_3 v x_12 v -x_7) ^ (x_12 v -x_2 v -x_10) ^ (-x_11 v -x_5 v x_4) ^ (x_0 v -x_10 v -x_3) ^ (-x_1 v -x_0 v -x_11) ^ (-x_9 v x_5 v -x_11) ^ (x_1 v -x_12 v -x_5) ^ (x_1 v x_4 v x_2) ^ (-x_9 v -x_13 v x_8) ^ (x_12 v -x_13) ^ (-x_1 v x_4 v x_5) ^ (-x_6 v x_7 v x_4) ^ (-x_0 v -x_9 v -x_11) ^ (-x_1 v x_6 v -x_4) ^ (-x_9 v x_12 v -x_3) ^ (-x_2 v -x_13) ^ (x_11 v x_2 v x_3) ^ (-x_1 v x_10 v x_8) ^ (x_0 v -x_10) ^ (x_0 v x_7 v x_13) ^ (x_6 v x_8) ^ (-x_7 v x_4 v -x_0)]
14,42,3.4420855045318604,128,0.009650945663452148,2.3977279663085938,[(-x_9 v x_7 v -x_0) ^ (x_11 v x_2) ^ (x_1 v -x_5 v -x_11) ^ (-x_4 v -x_10 v -x_6) ^ (-x_9 v -x_4 v -x_2) ^ (x_6 v x_2 v x_13) ^ (x_12 v x_5 v x_13) ^ (x_11 v x_9 v x_4) ^ (x_4 v -x_8 v -x_6) ^ (x_1 v x_12 v x_8) ^ (-x_1 v x_9 v -x_3) ^ (-x_9 v x_13 v x_8) ^ (x_9 v -x_13 v -x_0) ^ (x_0 v -x_4 v -x_13) ^ (x_0 v -x_9 v x_10) ^ (x_11 v -x_5 v x_4) ^ (x_3 v -x_12 v x_4) ^ (-x_13 v x_5 v -x_0) ^ (-x_1 v x_4 v x_2) ^ (x_0 v x_10 v x_8) ^ (x_11 v -x_7 v -x_0) ^ (x_0 v -x_8 v -x_11) ^ (-x_12 v -x_0) ^ (-x_9 v x_2 v -x_13) ^ (-x_5 v -x_8 v -x_11) ^ (x_3 v x_1 v x_11) ^ (x_5 v -x_8 v -x_3) ^ (-x_1 v -x_9 v x_10) ^ (x_1 v x_9 v x_5) ^ (-x_4 v -x_2 v x_13) ^ (x_10 v -x_5 v x_13) ^ (x_11 v -x_9 v x_12) ^ (x_11 v x_9 v -x_13) ^ (-x_1 v x_9 v x_8) ^ (x_6 v x_5 v x_8) ^ (x_3 v x_1 v x_0) ^ (-x_4 v -x_8 v -x_11) ^ (-x_10 v -x_8 v -x_11) ^ (x_10 v x_5 v -x_3) ^ (x_4 v x_7 v -x_0) ^ (x_6 v -x_7 v -x_8) ^ (-x_9 v x_12 v x_5)]
14,17,1.5556273460388184,1,0.005869626998901367,2.2355756759643555,[(-x_1 v x_10 v -x_0) ^ (x_9 v -x_5 v x_8) ^ (x_7 v -x_3) ^ (-x_9 v x_12 v -x_11) ^ (-x_7 v -x_8 v -x_11) ^ (-x_2 v x_8) ^ (-x_9 v -x_2 v -x_8) ^ (-x_1 v x_6 v x_4) ^ (x_5 v -x_13) ^ (-x_5 v x_8) ^ (x_12 v -x_13 v -x_8) ^ (-x_11 v -x_13 v x_8) ^ (-x_4 v x_10 v x_5) ^ (-x_5 v -x_3 v x_4) ^ (-x_1 v -x_7 v x_2) ^ (x_8 v -x_10 v -x_0) ^ (x_3 v x_1 v x_9)]
14,42,3.350595235824585,128,0.006264448165893555,2.4225006103515625,[(x_9 v x_10 v x_5) ^ (-x_9 v x_5 v -x_6) ^ (x_0 v -x_12 v x_1) ^ (x_10 v x_5 v -x_11) ^ (-x_12 v -x_4 v -x_13) ^ (x_12 v x_2) ^ (-x_11 v -x_2 v x_4) ^ (-x_2 v -x_5 v -x_11) ^ (x_12 v x_4) ^ (x_3 v -x_5 v x_10) ^ (-x_7 v x_4 v -x_8) ^ (-x_3 v -x_6) ^ (x_10 v x_13 v -x_0) ^ (-x_1 v -x_6 v x_0) ^ (x_3 v -x_7 v x_4) ^ (x_0 v x_9 v -x_11) ^ (-x_6 v x_4 v x_8) ^ (x_3 v -x_13 v -x_8) ^ (x_12 v x_13 v -x_6) ^ (x_6 v -x_12 v -x_2) ^ (-x_2 v x_6 v x_10) ^ (x_4 v -x_13 v x_8) ^ (-x_9 v -x_12 v -x_11) ^ (x_12 v x_4 v x_7) ^ (x_11 v -x_12 v x_10) ^ (-x_1 v x_12 v x_7) ^ (x_3 v -x_12 v -x_5) ^ (x_11 v x_5 v x_13) ^ (-x_5 v -x_3) ^ (x_10 v x_2 v -x_6) ^ (-x_10 v -x_7 v -x_6) ^ (x_11 v -x_1 v -x_3) ^ (x_3 v x_4 v x_2) ^ (x_1 v x_5) ^ (-x_12 v x_9 v x_4) ^ (x_0 v x_12 v -x_2) ^ (-x_5 v x_10 v x_4) ^ (x_11 v -x_1 v -x_9) ^ (x_3 v -x_6 v -x_11) ^ (x_12 v x_2 v -x_6) ^ (-x_0 v -x_5 v x_8) ^ (x_1 v x_4 v -x_3)]
14,32,2.9144930839538574,1,0.011383056640625,2.4689435958862305,[(x_0 v x_5 v x_3) ^ (x_3 v x_11) ^ (x_11 v x_7 v x_5) ^ (-x_13 v x_2 v -x_3) ^ (x_3 v x_0) ^ (x_3 v -x_2 v x_7) ^ (-x_7 v x_10 v x_4) ^ (-x_13 v x_5) ^ (-x_10 v -x_2 v x_4) ^ (-x_5 v -x_3 v x_4) ^ (-x_10 v -x_5 v -x_11) ^ (-x_4 v -x_7 v -x_8) ^ (x_9 v x_10 v x_13) ^ (-x_10 v x_7 v -x_13) ^ (x_11 v x_5 v -x_3) ^ (-x_9 v -x_6 v -x_0) ^ (x_1 v -x_4 v -x_13) ^ (-x_7 v -x_5 v -x_11) ^ (x_1 v -x_12 v -x_5) ^ (x_6 v x_13 v -x_11) ^ (x_10 v -x_5 v -x_0) ^ (-x_10 v -x_5 v x_13) ^ (-x_10 v -x_11) ^ (x_6 v x_9 v x_2) ^ (-x_12 v x_2 v -x_3) ^ (x_0 v x_4 v -x_3) ^ (-x_5 v -x_8 v -x_6) ^ (x_11 v -x_9 v x_4) ^ (-x_9 v x_7 v -x_11) ^ (x_1 v x_10 v x_8) ^ (x_9 v x_4 v -x_7) ^ (x_3 v -x_2 v -x_13)]
14,28,2.3638792037963867,128,0.006629467010498047,2.46356201171875,[(x_12 v x_10 v -x_13) ^ (x_9 v -x_2 v x_7) ^ (x_12 v -x_8 v -x_6) ^ (x_1 v x_9 v -x_7) ^ (x_1 v x_12 v -x_8) ^ (-x_4 v x_13 v x_8) ^ (x_9 v x_5 v -x_6) ^ (x_12 v -x_2 v -x_10) ^ (x_12 v x_7 v x_2) ^ (x_0 v x_10 v -x_11) ^ (x_11 v -x_9 v x_13) ^ (-x_1 v -x_13 v x_0) ^ (-x_12 v x_5 v -x_6) ^ (x_9 v -x_13) ^ (-x_1 v x_7 v -x_6) ^ (x_9 v -x_7 v -x_0) ^ (x_6 v -x_5 v x_2) ^ (x_9 v -x_6 v -x_0) ^ (x_1 v -x_5 v -x_0) ^ (x_0 v x_12) ^ (x_9 v x_10 v x_8) ^ (-x_10 v x_5 v x_8) ^ (x_5 v -x_13 v -x_3) ^ (-x_12 v -x_8 v -x_0) ^ (x_12 v -x_2 v -x_8) ^ (x_5 v x_2 v -x_6) ^ (x_3 v -x_9 v -x_12) ^ (x_1 v -x_8)]
14,18,1.670802116394043,1,0.006752967834472656,2.254794120788574,[(-x_9 v -x_13 v x_8) ^ (-x_13 v -x_8 v -x_11) ^ (-x_12 v x_10 v -x_3) ^ (x_4 v -x_13 v x_7) ^ (-x_0 v -x_13 v -x_3) ^ (x_8 v -x_3 v -x_6) ^ (-x_10 v x_4 v x_2) ^ (x_9 v x_4 v x_2) ^ (x_4 v x_13) ^ (x_4 v x_5 v -x_11) ^ (x_6 v -x_10 v x_8) ^ (x_12 v x_4 v -x_13) ^ (-x_4 v x_7 v -x_13) ^ (-x_9 v -x_0) ^ (x_1 v x_10 v x_7) ^ (x_5 v x_10 v -x_13) ^ (-x_10 v -x_8) ^ (-x_9 v -x_2 v -x_6)]
14,23,2.494418144226074,128,0.007483243942260742,2.2603378295898438,[(x_11 v -x_5 v -x_2) ^ (x_0 v x_9 v x_12) ^ (-x_7 v -x_3 v -x_6) ^ (x_3 v x_13 v x_11) ^ (x_6 v x_12 v -x_2) ^ (x_11 v x_2 v x_13) ^ (x_3 v x_10 v x_7) ^ (-x_2 v x_10 v -x_3) ^ (-x_1 v x_9 v x_4) ^ (x_9 v -x_13 v -x_6) ^ (-x_7 v -x_3 v -x_11) ^ (-x_9 v -x_7 v -x_8) ^ (x_3 v x_2 v -x_0) ^ (-x_4 v x_13 v -x_11) ^ (-x_0 v x_10 v x_4) ^ (-x_10 v -x_3) ^ (x_9 v -x_7 v -x_8) ^ (x_12 v x_7 v -x_11) ^ (-x_9 v x_2 v -x_3) ^ (x_9 v x_7 v x_13) ^ (x_0 v -x_12 v x_3) ^ (-x_1 v -x_5) ^ (-x_8 v -x_3)]
14,16,1.5182514190673828,1,0.005952596664428711,2.248843193054199,[(-x_12 v x_5 v -x_0) ^ (-x_1 v x_10 v -x_13) ^ (x_0 v x_12 v x_10) ^ (x_4 v -x_13 v x_7) ^ (x_3 v x_6 v -x_13) ^ (x_9 v x_7 v x_5) ^ (-x_1 v x_10 v -x_2) ^ (-x_1 v x_9 v x_4) ^ (x_3 v x_6 v -x_9) ^ (-x_4 v -x_7) ^ (x_9 v x_7 v x_8) ^ (x_11 v -x_12 v -x_7) ^ (-x_11 v -x_5 v x_4) ^ (x_0 v x_10 v -x_11) ^ (x_3 v x_13 v x_8) ^ (-x_12 v -x_6 v x_8)]
14,28,2.359513998031616,128,0.006707906723022461,2.3310317993164062,[(x_0 v -x_11) ^ (-x_12 v -x_8 v -x_3) ^ (x_4 v x_13) ^ (x_2 v -x_6) ^ (x_0 v x_6 v -x_4) ^ (x_3 v x_13 v x_8) ^ (x_10 v -x_13 v -x_11) ^ (-x_7 v -x_5 v -x_10) ^ (x_0 v -x_5 v -x_3) ^ (-x_10 v x_7 v x_4) ^ (-x_9 v x_13) ^ (x_9 v -x_4 v x_7) ^ (-x_12 v -x_5 v -x_3) ^ (x_9 v -x_2 v x_4) ^ (x_11 v x_13 v -x_0) ^ (x_0 v x_12 v x_10) ^ (-x_7 v -x_5) ^ (x_8 v -x_3 v -x_0) ^ (x_0 v -x_5 v x_7) ^ (x_0 v x_12 v -x_13) ^ (x_1 v x_5) ^ (x_6 v -x_10 v x_13) ^ (x_11 v -x_4 v -x_0) ^ (-x_5 v -x_13) ^ (x_10 v -x_2 v -x_11) ^ (x_0 v -x_12 v x_5) ^ (x_0 v -x_4 v -x_3) ^ (x_12 v -x_8 v -x_0)]
14,15,1.4225125312805176,1,0.0072460174560546875,2.574458122253418,[(-x_1 v x_10 v -x_0) ^ (-x_13 v x_4 v x_5) ^ (-x_4 v -x_8 v -x_6) ^ (-x_1 v x_4 v -x_2) ^ (-x_11 v x_7 v x_4) ^ (x_6 v -x_5 v x_7) ^ (-x_0 v -x_4 v -x_11) ^ (-x_7 v x_13 v -x_0) ^ (-x_1 v -x_13 v x_5) ^ (x_3 v x_6 v -x_4) ^ (-x_11 v x_13 v x_8) ^ (-x_5 v x_2 v -x_8) ^ (-x_12 v x_9) ^ (x_1 v -x_9 v -x_7) ^ (x_3 v x_7 v x_5)]
14,33,2.7121798992156982,128,0.010409832000732422,2.4486618041992188,[(x_5 v -x_3 v -x_0) ^ (-x_1 v -x_5 v x_13) ^ (-x_10 v -x_13 v -x_11) ^ (-x_1 v -x_12 v x_2) ^ (-x_10 v x_4 v -x_7) ^ (x_3 v -x_2 v x_13) ^ (x_0 v -x_4 v x_5) ^ (x_0 v x_6 v x_8) ^ (x_6 v -x_9 v x_4) ^ (-x_11 v x_10 v -x_6) ^ (x_0 v -x_10 v x_2) ^ (-x_2 v x_7 v x_4) ^ (-x_10 v x_4 v -x_0) ^ (x_7 v x_2 v -x_0) ^ (x_5 v x_4 v -x_13) ^ (x_11 v -x_12 v -x_2) ^ (x_8 v -x_13 v -x_3) ^ (x_3 v x_9 v x_4) ^ (-x_9 v -x_13 v -x_8) ^ (x_0 v x_12 v x_3) ^ (x_0 v x_1 v -x_2) ^ (x_10 v -x_3 v x_8) ^ (x_3 v x_9 v -x_0) ^ (-x_3 v x_8) ^ (x_3 v -x_5 v -x_2) ^ (x_11 v -x_12 v x_10) ^ (x_0 v -x_10 v x_11) ^ (-x_9 v -x_2 v -x_13) ^ (-x_7 v x_4 v x_13) ^ (x_10 v -x_5) ^ (-x_7 v x_5 v -x_3) ^ (x_1 v x_10 v x_7) ^ (x_11 v -x_7 v x_13)]
14,36,3.188969850540161,1,0.006219387054443359,2.3391828536987305,[(x_10 v -x_9 v -x_2) ^ (-x_9 v -x_7 v x_2) ^ (x_11 v -x_12 v -x_4) ^ (x_11 v -x_8 v x_0) ^ (x_3 v x_6 v x_10) ^ (x_10 v -x_5 v x_7) ^ (x_11 v x_6 v x_1) ^ (x_11 v -x_9 v x_3) ^ (-x_5 v -x_11) ^ (x_3 v -x_8) ^ (x_0 v x_13 v x_11) ^ (x_4 v -x_13 v -x_6) ^ (-x_1 v -x_9 v -x_6) ^ (x_8 v -x_13 v -x_3) ^ (-x_9 v x_12 v -x_6) ^ (x_3 v x_1 v x_8) ^ (x_0 v -x_2 v x_13) ^ (x_1 v -x_4 v -x_3) ^ (x_3 v -x_12 v -x_0) ^ (x_9 v -x_7 v -x_0) ^ (-x_5 v -x_8 v -x_11) ^ (x_11 v x_1 v x_9) ^ (x_9 v x_2 v -x_7) ^ (-x_4 v -x_5 v -x_7) ^ (-x_9 v x_10 v x_7) ^ (-x_0 v x_6 v -x_11) ^ (x_6 v -x_12 v -x_10) ^ (-x_12 v x_4 v -x_13) ^ (-x_1 v x_12 v x_2) ^ (-x_10 v -x_6 v -x_0) ^ (x_12 v x_4 v x_5) ^ (x_0 v x_13) ^ (x_1 v -x_2 v x_4) ^ (-x_1 v -x_13 v -x_3) ^ (x_7 v x_5 v x_13) ^ (x_3 v -x_9 v -x_12)]
14,34,2.765418767929077,128,0.009715557098388672,2.46063232421875,[(-x_4 v -x_2 v -x_6) ^ (-x_1 v -x_10 v x_8) ^ (x_0 v -x_7 v -x_8) ^ (x_1 v -x_6) ^ (x_12 v x_5 v -x_3) ^ (x_4 v x_2 v -x_3) ^ (-x_1 v -x_9 v x_13) ^ (x_1 v -x_4 v x_8) ^ (-x_9 v x_4 v -x_8) ^ (-x_1 v x_12 v -x_11) ^ (x_12 v -x_10 v x_5) ^ (-x_9 v -x_10 v -x_13) ^ (x_9 v x_10 v x_4) ^ (-x_12 v x_7 v -x_8) ^ (x_9 v x_4) ^ (x_3 v x_9 v -x_6) ^ (-x_12 v x_4 v -x_8) ^ (x_3 v x_8 v x_11) ^ (-x_13 v -x_2 v x_5) ^ (x_7 v -x_13) ^ (-x_0 v x_7 v -x_6) ^ (x_0 v -x_2 v x_4) ^ (-x_1 v x_6 v x_9) ^ (x_11 v x_2 v -x_3) ^ (x_3 v x_9 v x_12) ^ (x_12 v -x_13 v -x_3) ^ (x_0 v x_1) ^ (-x_12 v -x_10 v -x_2) ^ (x_6 v x_10 v -x_11) ^ (x_0 v -x_13 v x_2) ^ (-x_9 v -x_2 v -x_8) ^ (x_1 v -x_9 v -x_12) ^ (x_12 v x_4 v -x_0) ^ (x_12 v x_4 v -x_6)]
14,29,2.999511480331421,1,0.005806684494018555,2.3331403732299805,[(x_3 v -x_9 v x_12) ^ (x_5 v -x_6) ^ (-x_12 v x_9 v -x_5) ^ (x_6 v x_1) ^ (x_1 v x_8 v -x_11) ^ (-x_10 v -x_2 v x_4) ^ (-x_1 v -x_2 v x_3) ^ (x_10 v x_5 v -x_6) ^ (x_9 v x_13 v -x_8) ^ (x_3 v -x_1 v x_7) ^ (x_1 v -x_10 v x_7) ^ (x_1 v -x_4) ^ (x_11 v x_10 v -x_13) ^ (-x_4 v -x_7 v -x_11) ^ (x_0 v x_10 v x_13) ^ (-x_1 v -x_7 v x_5) ^ (-x_12 v -x_5 v x_8) ^ (-x_7 v -x_8 v -x_0) ^ (x_10 v x_7 v -x_0) ^ (x_3 v -x_10 v x_7) ^ (-x_10 v -x_2 v -x_11) ^ (x_6 v -x_9 v x_13) ^ (-x_9 v -x_4 v x_8) ^ (x_11 v x_6 v x_5) ^ (x_11 v x_4) ^ (-x_9 v x_2) ^ (-x_1 v x_6 v x_10) ^ (x_10 v x_5 v -x_3) ^ (-x_13 v x_2)]
14,39,3.3187782764434814,128,0.008028745651245117,2.4418411254882812,[(x_7 v x_5 v -x_3) ^ (x_6 v -x_12 v x_4) ^ (x_11 v -x_9 v x_2) ^ (x_11 v -x_10 v -x_3) ^ (x_3 v -x_12 v x_9) ^ (x_4 v -x_8) ^ (-x_12 v -x_10 v -x_13) ^ (x_3 v -x_1 v x_12) ^ (-x_4 v x_9 v -x_8) ^ (-x_2 v x_12 v -x_5) ^ (x_0 v x_2 v -x_6) ^ (x_11 v x_5 v -x_6) ^ (x_11 v x_6 v -x_4) ^ (x_6 v -x_5 v x_7) ^ (x_3 v x_7) ^ (-x_10 v -x_7 v -x_3) ^ (-x_12 v x_10 v x_4) ^ (x_9 v -x_8 v -x_11) ^ (-x_12 v x_9) ^ (x_6 v -x_2 v -x_8) ^ (-x_12 v -x_5 v x_2) ^ (-x_12 v -x_10 v x_8) ^ (-x_0 v x_6 v -x_3) ^ (-x_12 v -x_6) ^ (x_3 v x_2 v -x_0) ^ (x_12 v -x_5 v x_2) ^ (x_0 v -x_1 v x_11) ^ (-x_12 v -x_9 v x_8) ^ (-x_1 v -x_12 v -x_4) ^ (x_3 v x_10 v -x_2) ^ (-x_10 v x_5 v -x_3) ^ (x_9 v -x_10 v -x_0) ^ (-x_12 v x_1 v -x_4) ^ (x_0 v x_6 v x_5) ^ (-x_1 v x_4 v -x_13) ^ (-x_7 v x_5 v -x_8) ^ (x_0 v -x_9 v x_4) ^ (-x_9 v -x_4 v x_13) ^ (x_1 v -x_9 v -x_5)]
14,37,3.3562588691711426,1,0.009154081344604492,2.4283552169799805,[(x_3 v -x_5 v x_13) ^ (-x_5 v -x_13 v x_8) ^ (x_6 v x_5 v x_13) ^ (x_3 v x_9 v x_8) ^ (x_1 v -x_7 v -x_13) ^ (x_6 v x_12 v x_7) ^ (-x_12 v -x_4 v -x_0) ^ (x_3 v -x_5 v -x_8) ^ (x_10 v x_5 v -x_0) ^ (-x_9 v -x_10 v x_5) ^ (-x_0 v x_2 v -x_6) ^ (-x_4 v -x_10 v -x_8) ^ (x_6 v x_2 v x_8) ^ (x_11 v x_6 v -x_2) ^ (-x_5 v x_2 v -x_11) ^ (-x_7 v x_4 v -x_8) ^ (x_1 v -x_5 v -x_3) ^ (-x_4 v -x_2 v x_8) ^ (x_6 v -x_10 v -x_3) ^ (x_6 v x_9 v -x_7) ^ (-x_4 v x_7 v x_2) ^ (x_3 v -x_12 v x_0) ^ (x_1 v x_10 v -x_0) ^ (x_1 v -x_10 v x_13) ^ (x_11 v x_10 v x_8) ^ (x_3 v -x_13 v x_2) ^ (x_3 v -x_12 v x_5) ^ (x_11 v x_4 v -x_3) ^ (-x_2 v x_7 v x_8) ^ (x_12 v -x_2 v -x_7) ^ (x_8 v -x_4 v -x_3) ^ (x_0 v x_6 v x_5) ^ (x_0 v x_7 v x_13) ^ (x_0 v -x_4 v -x_8) ^ (-x_12 v -x_7 v -x_11) ^ (-x_1 v -x_7 v x_13) ^ (-x_4 v x_7 v -x_8)]
14,21,1.8186402320861816,128,0.005393505096435547,2.1939849853515625,[(x_0 v -x_5 v -x_6) ^ (-x_4 v -x_2 v -x_0) ^ (x_1 v x_9 v x_13) ^ (x_6 v x_5 v -x_3) ^ (-x_7 v x_4 v -x_3) ^ (-x_1 v -x_12 v x_5) ^ (-x_9 v -x_7 v -x_8) ^ (x_11 v -x_7 v -x_2) ^ (x_1 v x_12 v -x_6) ^ (-x_2 v -x_12 v x_10) ^ (-x_9 v x_13 v -x_11) ^ (x_1 v x_12 v -x_2) ^ (-x_13 v x_5 v -x_8) ^ (x_6 v -x_9 v -x_7) ^ (x_6 v -x_4 v -x_2) ^ (x_9 v x_4 v x_13) ^ (-x_4 v -x_13 v -x_11) ^ (-x_1 v -x_9 v x_0) ^ (-x_10 v x_2) ^ (x_12 v -x_5 v -x_11) ^ (-x_11 v x_9 v x_8)]
14,21,1.9080414772033691,1,0.0079193115234375,2.148165702819824,[(-x_12 v -x_8 v -x_3) ^ (x_3 v x_9 v x_5) ^ (-x_2 v x_10 v x_13) ^ (-x_1 v -x_6 v x_11) ^ (-x_4 v -x_10 v x_8) ^ (-x_0 v x_12 v -x_11) ^ (x_0 v -x_7 v -x_3) ^ (x_1 v x_9 v x_2) ^ (x_3 v -x_7 v x_4) ^ (x_9 v x_13 v x_8) ^ (-x_12 v x_7 v -x_8) ^ (x_1 v -x_8 v -x_3) ^ (-x_9 v x_10 v -x_8) ^ (x_9 v x_10 v -x_7) ^ (-x_12 v -x_4 v -x_2) ^ (x_11 v x_12 v x_4) ^ (x_6 v -x_10 v x_13) ^ (x_1 v x_12 v -x_3) ^ (-x_4 v x_2 v x_5) ^ (x_6 v -x_9 v x_7) ^ (x_1 v x_10 v -x_3)]
14,26,2.150402545928955,128,0.006013154983520508,2.3506851196289062,[(-x_4 v x_5 v -x_8) ^ (x_3 v -x_8 v -x_0) ^ (-x_0 v x_6 v x_8) ^ (x_3 v x_2 v -x_8) ^ (x_10 v -x_8 v -x_6) ^ (x_3 v -x_12 v x_9) ^ (-x_11 v -x_4 v x_8) ^ (x_3 v x_9 v x_4) ^ (-x_9 v x_1 v x_2) ^ (x_3 v x_9 v -x_7) ^ (-x_7 v x_4 v -x_11) ^ (-x_9 v -x_10 v -x_11) ^ (-x_11 v -x_3 v x_8) ^ (x_2 v -x_13) ^ (x_10 v -x_7 v -x_5) ^ (x_3 v x_6 v -x_0) ^ (x_11 v x_3 v x_5) ^ (x_3 v x_9 v -x_10) ^ (x_1 v -x_9 v -x_3) ^ (-x_1 v -x_4 v -x_10) ^ (-x_1 v -x_4 v x_11) ^ (-x_1 v -x_4 v x_10) ^ (x_11 v -x_10 v x_13) ^ (x_10 v x_2 v x_8) ^ (x_3 v x_6 v -x_10) ^ (-x_11 v x_2 v -x_6)]
14,16,1.68324875831604,1,0.008444070816040039,2.5818662643432617,[(-x_9 v -x_4 v x_10) ^ (x_0 v -x_13 v x_2) ^ (-x_1 v -x_4 v x_10) ^ (x_3 v -x_10 v x_4) ^ (x_3 v -x_1 v x_4) ^ (-x_7 v -x_2 v x_5) ^ (x_11 v -x_7 v -x_10) ^ (x_3 v x_6 v -x_4) ^ (-x_10 v x_7 v x_8) ^ (-x_1 v x_8 v -x_0) ^ (x_4 v -x_6) ^ (x_12 v -x_13 v -x_3) ^ (-x_2 v x_10 v x_7) ^ (x_3 v -x_10 v -x_13) ^ (x_12 v -x_8 v -x_11) ^ (x_1 v -x_12 v x_0)]
14,19,1.9373888969421387,128,0.0071811676025390625,2.0678863525390625,[(x_1 v -x_5 v -x_8) ^ (x_11 v -x_12 v x_8) ^ (x_3 v x_7 v -x_13) ^ (x_5 v -x_0) ^ (x_6 v x_12 v -x_2) ^ (x_6 v -x_5 v -x_8) ^ (x_7 v x_13 v -x_0) ^ (x_12 v -x_2 v -x_6) ^ (-x_7 v x_13 v -x_8) ^ (x_5 v -x_13) ^ (x_11 v x_1 v -x_7) ^ (-x_13 v x_2 v -x_0) ^ (-x_1 v x_4 v -x_3) ^ (x_0 v x_13 v x_8) ^ (x_6 v x_9 v x_10) ^ (-x_1 v -x_5 v -x_13) ^ (x_4 v x_13 v -x_0) ^ (x_0 v -x_12 v x_5) ^ (-x_1 v -x_13 v -x_3)]
14,14,1.4446721076965332,1,0.010579824447631836,2.4043378829956055,[(x_6 v x_7 v -x_13) ^ (x_8 v -x_10 v -x_11) ^ (-x_10 v x_7 v x_5) ^ (-x_1 v x_12 v -x_7) ^ (x_3 v x_6 v -x_13) ^ (x_11 v x_6 v -x_4) ^ (-x_10 v -x_5 v -x_8) ^ (x_3 v x_1 v x_0) ^ (x_11 v -x_4) ^ (-x_1 v x_12 v -x_2) ^ (-x_12 v -x_3 v -x_6) ^ (x_11 v -x_13 v -x_0) ^ (x_6 v -x_12 v x_8) ^ (x_11 v x_9 v -x_7)]
14,26,2.353208303451538,128,0.0058574676513671875,2.38720703125,[(-x_9 v x_12 v -x_0) ^ (x_6 v x_7 v -x_13) ^ (x_11 v -x_12 v -x_3) ^ (x_6 v -x_12 v x_4) ^ (x_3 v -x_2 v x_13) ^ (x_3 v -x_10 v -x_2) ^ (x_9 v x_10 v -x_13) ^ (x_3 v -x_10 v x_2) ^ (x_9 v -x_4 v -x_7) ^ (x_6 v x_9 v x_13) ^ (x_10 v x_13 v x_4) ^ (-x_10 v x_2 v -x_11) ^ (x_6 v -x_4 v -x_7) ^ (-x_12 v x_7 v -x_8) ^ (x_2 v -x_13 v -x_0) ^ (-x_7 v -x_13 v -x_6) ^ (-x_5 v x_4 v x_8) ^ (x_9 v -x_7 v -x_0) ^ (x_0 v -x_9 v -x_2) ^ (-x_7 v -x_13) ^ (x_6 v x_5 v -x_8) ^ (x_0 v x_5 v x_8) ^ (x_0 v x_13) ^ (x_3 v x_6 v -x_10) ^ (x_1 v x_5 v x_13) ^ (-x_1 v -x_12 v x_13)]
14,17,1.6698119640350342,1,0.007896900177001953,2.5870466232299805,[(-x_1 v x_10 v -x_0) ^ (-x_11 v x_7 v x_8) ^ (-x_12 v x_9 v -x_2) ^ (-x_0 v -x_12 v -x_3) ^ (x_0 v x_5) ^ (-x_6 v x_4 v -x_3) ^ (x_9 v -x_2 v -x_10) ^ (x_6 v -x_12 v x_4) ^ (-x_6 v x_10 v x_8) ^ (-x_5 v x_13 v -x_8) ^ (x_12 v x_2 v x_13) ^ (x_7 v -x_13 v -x_11) ^ (-x_1 v x_12 v x_5) ^ (x_1 v -x_10 v -x_6) ^ (-x_4 v -x_2 v -x_3) ^ (-x_4 v x_13 v -x_8) ^ (-x_7 v -x_8 v -x_6)]
14,21,1.8185887336730957,128,0.0055615901947021484,2.3079910278320312,[(-x_13 v x_2 v -x_3) ^ (x_12 v -x_10 v -x_0) ^ (-x_10 v x_2 v -x_3) ^ (-x_5 v -x_6) ^ (x_3 v x_10 v x_7) ^ (x_2 v -x_8 v -x_11) ^ (-x_4 v -x_7 v -x_11) ^ (x_4 v -x_11) ^ (x_6 v x_9 v -x_7) ^ (x_1 v -x_2 v -x_6) ^ (-x_4 v x_5 v -x_3) ^ (x_0 v -x_7 v x_3) ^ (-x_12 v -x_6 v -x_11) ^ (-x_6 v x_7 v x_4) ^ (-x_1 v -x_10) ^ (-x_10 v -x_2) ^ (x_0 v x_9 v -x_5) ^ (x_3 v x_9 v x_10) ^ (-x_1 v x_4 v -x_3) ^ (x_12 v x_10 v x_5) ^ (-x_1 v -x_10 v -x_8)]
14,32,3.4549219608306885,1,0.00781702995300293,2.370539665222168,[(x_12 v -x_2 v x_8) ^ (-x_10 v x_7 v -x_8) ^ (-x_12 v -x_2 v x_4) ^ (x_11 v -x_5 v x_8) ^ (-x_12 v -x_4 v -x_0) ^ (x_8 v x_10 v x_4) ^ (x_3 v -x_1 v -x_7) ^ (-x_1 v -x_13 v -x_0) ^ (-x_10 v x_7 v -x_13) ^ (x_1 v x_13 v -x_6) ^ (x_1 v -x_12 v x_9) ^ (x_3 v -x_7 v -x_11) ^ (x_12 v x_9 v -x_2) ^ (-x_6 v -x_2 v -x_11) ^ (x_12 v x_9 v x_2) ^ (-x_12 v x_7 v x_13) ^ (-x_13 v -x_0) ^ (x_3 v x_10 v x_13) ^ (-x_12 v x_13 v -x_8) ^ (x_9 v -x_13 v -x_8) ^ (x_5 v x_1 v -x_13) ^ (x_0 v x_13 v -x_3) ^ (-x_7 v -x_2 v -x_11) ^ (-x_10 v -x_8 v -x_11) ^ (-x_9 v x_2 v -x_11) ^ (x_1 v -x_5 v -x_6) ^ (-x_9 v x_13 v -x_6) ^ (-x_1 v -x_12 v -x_2) ^ (-x_1 v -x_4 v -x_8) ^ (-x_9 v -x_4 v x_13) ^ (x_11 v -x_10 v -x_7) ^ (x_9 v -x_13)]
14,36,2.9846935272216797,128,0.009618520736694336,2.4747390747070312,[(-x_7 v -x_5 v -x_13) ^ (x_11 v x_4 v x_13) ^ (x_1 v x_4 v x_13) ^ (x_11 v x_1 v -x_8) ^ (x_5 v -x_13 v -x_8) ^ (-x_4 v -x_10 v -x_8) ^ (x_0 v -x_5 v x_8) ^ (-x_2 v -x_13 v -x_0) ^ (x_1 v -x_2 v x_7) ^ (-x_6 v x_13 v -x_8) ^ (x_11 v x_1 v x_8) ^ (-x_2 v -x_3 v -x_0) ^ (-x_12 v x_9 v -x_13) ^ (x_9 v -x_4 v -x_3) ^ (x_0 v x_6 v x_7) ^ (x_6 v -x_12 v -x_3) ^ (x_0 v -x_13 v -x_6) ^ (x_1 v x_4 v -x_11) ^ (-x_4 v x_8) ^ (x_1 v x_9 v x_10) ^ (-x_5 v x_13 v -x_6) ^ (-x_2 v -x_5) ^ (x_11 v x_10 v x_2) ^ (-x_1 v -x_4 v -x_2) ^ (x_0 v x_6 v -x_3) ^ (-x_5 v x_13 v -x_8) ^ (x_6 v -x_9 v x_13) ^ (-x_13 v -x_4 v x_2) ^ (-x_4 v x_13 v -x_6) ^ (x_7 v -x_3 v -x_0) ^ (x_6 v -x_13 v -x_3) ^ (-x_5 v -x_13 v -x_11) ^ (x_9 v -x_5 v -x_11) ^ (-x_12 v x_4 v x_13) ^ (-x_4 v x_2 v -x_7) ^ (-x_2 v -x_8)]
15,31,6.153508901596069,1,0.016019582748413086,5.219019889831543,[(x_3 v x_14 v x_8) ^ (x_0 v -x_7 v -x_6) ^ (x_14 v x_12 v -x_3) ^ (-x_7 v x_2 v -x_0) ^ (x_7 v x_4) ^ (-x_7 v x_9 v x_13) ^ (x_14 v x_12 v x_10) ^ (-x_9 v -x_11 v -x_3) ^ (-x_4 v -x_2 v x_8) ^ (-x_10 v x_7 v -x_6) ^ (x_0 v -x_2 v -x_11) ^ (-x_1 v x_12 v -x_6) ^ (-x_7 v x_10 v -x_0) ^ (x_0 v x_1 v x_7) ^ (-x_9 v -x_7 v -x_6) ^ (x_3 v x_10 v x_13) ^ (x_11 v x_14 v -x_3) ^ (-x_1 v x_2) ^ (x_0 v -x_1 v x_12) ^ (x_3 v x_4 v x_13) ^ (x_6 v x_12 v x_4) ^ (-x_12 v -x_2 v x_7) ^ (x_11 v x_6 v x_5) ^ (x_0 v x_12 v -x_13) ^ (-x_11 v -x_7 v x_8) ^ (-x_5 v -x_13 v -x_11) ^ (x_4 v x_2 v -x_6) ^ (x_14 v x_13 v -x_6) ^ (-x_9 v -x_10 v x_7) ^ (x_1 v x_10 v x_7) ^ (x_11 v x_2 v -x_6)]
15,32,5.576069116592407,182,0.02005457878112793,5.220176696777344,[(-x_1 v x_6 v -x_13) ^ (x_14 v -x_5 v x_13) ^ (x_7 v x_5 v x_8) ^ (-x_10 v x_7 v x_8) ^ (x_3 v x_6 v -x_14) ^ (x_11 v x_9 v -x_6) ^ (-x_14 v -x_13 v x_8) ^ (-x_4 v -x_10 v -x_7) ^ (-x_9 v -x_4 v x_7) ^ (x_11 v x_6 v -x_14) ^ (x_3 v -x_9 v -x_5) ^ (-x_9 v x_10 v -x_8) ^ (x_14 v x_9 v x_8) ^ (-x_1 v x_6 v x_2) ^ (-x_7 v -x_14 v x_8) ^ (x_6 v -x_5 v x_4) ^ (-x_9 v x_10 v -x_3) ^ (-x_9 v x_10 v x_2) ^ (-x_4 v x_6 v x_9) ^ (-x_7 v -x_2 v x_8) ^ (x_14 v x_4 v x_5) ^ (-x_1 v -x_4 v -x_0) ^ (x_0 v x_12 v -x_2) ^ (-x_1 v x_10 v x_7) ^ (x_11 v -x_10 v -x_2) ^ (x_12 v x_13 v x_8) ^ (-x_1 v -x_7 v -x_13) ^ (x_14 v -x_4 v -x_2) ^ (x_1 v -x_12 v -x_4) ^ (x_6 v x_12 v -x_7) ^ (-x_9 v -x_12 v -x_10) ^ (-x_4 v x_10 v x_13)]
15,40,7.305809259414673,1,0.018477201461791992,5.407984733581543,[(x_9 v -x_5 v -x_7) ^ (x_3 v x_13 v -x_14) ^ (x_3 v -x_2 v x_7) ^ (x_4 v x_2 v -x_14) ^ (-x_12 v -x_9 v -x_6) ^ (-x_9 v -x_4 v x_7) ^ (x_14 v -x_12 v -x_2) ^ (-x_1 v -x_9 v x_13) ^ (x_0 v x_6) ^ (-x_13 v x_2 v x_5) ^ (x_11 v x_6 v -x_4) ^ (x_9 v x_5 v x_8) ^ (x_14 v -x_12 v -x_8) ^ (x_0 v x_6 v -x_2) ^ (-x_1 v -x_5 v x_4) ^ (-x_9 v -x_14 v -x_3) ^ (x_14 v x_7 v x_4) ^ (-x_11 v -x_3) ^ (-x_4 v -x_13 v -x_3) ^ (x_14 v -x_10 v x_13) ^ (-x_1 v x_11) ^ (x_14 v x_7 v x_0) ^ (x_11 v -x_1 v -x_13) ^ (-x_7 v -x_2 v -x_3) ^ (-x_4 v x_8) ^ (x_0 v x_13 v -x_14) ^ (-x_9 v x_12 v x_7) ^ (-x_1 v -x_12 v -x_7) ^ (x_0 v x_7 v -x_8) ^ (x_2 v -x_3) ^ (x_3 v -x_9 v x_1) ^ (x_0 v x_14 v -x_6) ^ (x_14 v x_1 v -x_5) ^ (-x_7 v x_5 v -x_8) ^ (x_11 v -x_7 v -x_8) ^ (x_12 v -x_2 v x_7) ^ (-x_9 v -x_0) ^ (x_3 v -x_2 v -x_0) ^ (x_11 v x_12 v -x_7) ^ (x_6 v -x_11 v x_8)]
15,34,6.256713628768921,182,0.02128314971923828,5.40142822265625,[(x_11 v x_8 v -x_6) ^ (x_0 v -x_4 v x_10) ^ (x_3 v x_4 v x_5) ^ (-x_1 v -x_7 v x_14) ^ (x_12 v -x_7 v -x_11) ^ (x_0 v -x_9 v -x_7) ^ (x_14 v -x_12 v -x_0) ^ (x_9 v -x_12 v -x_4) ^ (x_11 v -x_13 v -x_6) ^ (-x_0 v -x_2 v -x_11) ^ (-x_9 v x_12 v x_8) ^ (-x_7 v x_13 v -x_8) ^ (-x_12 v x_13 v -x_0) ^ (-x_4 v -x_14 v -x_11) ^ (-x_12 v x_9 v -x_7) ^ (x_0 v x_9 v x_4) ^ (x_4 v -x_13 v x_8) ^ (x_8 v -x_13 v -x_6) ^ (x_7 v -x_6) ^ (-x_1 v x_6 v -x_4) ^ (-x_12 v -x_7 v -x_8) ^ (x_3 v -x_2 v -x_11) ^ (-x_4 v -x_8 v -x_0) ^ (x_9 v -x_5 v x_8) ^ (x_0 v -x_9 v -x_4) ^ (x_10 v -x_13 v x_4) ^ (x_14 v x_4 v x_5) ^ (-x_9 v x_7 v x_2) ^ (x_3 v x_1 v -x_2) ^ (-x_1 v -x_4 v -x_0) ^ (x_0 v -x_13 v x_2) ^ (x_14 v x_1 v x_9) ^ (-x_4 v -x_3 v x_8) ^ (x_1 v -x_9 v -x_5)]
15,17,3.1671245098114014,1,0.01638007164001465,5.066302299499512,[(x_0 v x_2 v x_13) ^ (-x_0 v -x_3 v -x_14) ^ (x_6 v x_13 v -x_11) ^ (x_1 v x_12 v -x_14) ^ (x_11 v x_5 v -x_6) ^ (x_6 v -x_9 v -x_7) ^ (-x_3 v x_13 v -x_8) ^ (-x_13 v -x_0) ^ (x_1 v x_7 v -x_0) ^ (x_9 v x_5 v -x_6) ^ (x_0 v -x_9 v -x_7) ^ (-x_12 v -x_3 v -x_11) ^ (-x_11 v -x_10 v -x_3) ^ (x_9 v -x_2 v x_5) ^ (-x_4 v x_5 v -x_0) ^ (-x_4 v -x_13) ^ (x_14 v x_4 v -x_8)]
15,36,7.282327175140381,182,0.01784682273864746,5.006767272949219,[(-x_9 v x_5 v -x_6) ^ (-x_1 v x_14 v x_0) ^ (x_12 v -x_8 v -x_6) ^ (x_0 v -x_12 v -x_6) ^ (x_0 v -x_8 v -x_14) ^ (-x_1 v -x_2 v -x_3) ^ (x_1 v x_12 v -x_5) ^ (x_14 v -x_2 v -x_6) ^ (-x_4 v -x_2 v x_7) ^ (-x_9 v x_4 v -x_8) ^ (x_4 v x_8) ^ (x_11 v x_1 v x_8) ^ (x_11 v -x_12 v -x_5) ^ (x_9 v -x_13 v -x_0) ^ (x_3 v -x_10 v x_5) ^ (x_11 v x_9 v -x_7) ^ (-x_1 v -x_2) ^ (-x_0 v x_7 v -x_6) ^ (-x_10 v x_4 v -x_8) ^ (x_0 v -x_7 v -x_14) ^ (x_10 v x_7 v -x_14) ^ (x_3 v x_1 v x_4) ^ (x_3 v -x_9) ^ (x_0 v x_9 v -x_7) ^ (-x_9 v -x_4 v -x_11) ^ (x_3 v x_1 v -x_14) ^ (x_12 v x_7 v x_4) ^ (x_0 v -x_7 v -x_5) ^ (-x_0 v -x_7 v -x_6) ^ (x_0 v x_2 v -x_14) ^ (-x_9 v x_4 v -x_14) ^ (x_0 v -x_9 v x_4) ^ (x_12 v -x_2 v x_7) ^ (-x_10 v -x_8 v -x_6) ^ (x_6 v x_1 v -x_9) ^ (x_9 v -x_10 v -x_8)]
15,32,7.165189266204834,1,0.01442575454711914,5.3471174240112305,[(x_3 v x_14 v x_13) ^ (x_14 v -x_4 v -x_5) ^ (x_10 v -x_5 v x_7) ^ (-x_9 v -x_5 v x_2) ^ (x_14 v x_12 v -x_3) ^ (-x_4 v x_13 v x_8) ^ (-x_10 v x_7 v -x_11) ^ (x_12 v -x_2 v -x_11) ^ (x_10 v -x_14 v -x_0) ^ (x_12 v -x_10 v -x_7) ^ (x_9 v -x_10 v x_5) ^ (x_12 v -x_10 v -x_11) ^ (x_6 v -x_11 v -x_3) ^ (x_0 v -x_4 v x_13) ^ (x_7 v x_5 v -x_14) ^ (-x_9 v x_7 v -x_14) ^ (x_9 v x_2 v -x_0) ^ (-x_9 v x_2 v x_5) ^ (x_0 v -x_1 v x_10) ^ (x_10 v -x_7 v -x_5) ^ (-x_12 v -x_4 v -x_2) ^ (-x_9 v -x_4 v x_8) ^ (-x_13 v x_12 v x_5) ^ (-x_4 v x_2 v -x_0) ^ (-x_5 v x_10 v x_4) ^ (x_9 v -x_8 v -x_3) ^ (x_3 v -x_4 v -x_6) ^ (x_3 v -x_9 v -x_0) ^ (-x_9 v -x_11 v -x_14) ^ (x_11 v -x_12 v -x_2) ^ (x_1 v x_5 v -x_3) ^ (x_0 v x_12 v x_14)]
15,29,5.073209762573242,182,0.017872333526611328,5.3740234375,[(-x_5 v -x_13 v -x_14) ^ (x_11 v -x_5 v -x_14) ^ (x_0 v -x_12 v -x_6) ^ (-x_12 v x_7 v x_2) ^ (x_1 v x_7 v -x_5) ^ (-x_1 v -x_5 v x_7) ^ (-x_9 v x_5 v x_8) ^ (-x_9 v -x_7 v x_10) ^ (x_14 v x_6 v -x_13) ^ (x_3 v -x_9 v x_13) ^ (x_3 v -x_7 v -x_6) ^ (x_6 v -x_4 v -x_8) ^ (x_0 v x_4 v -x_2) ^ (x_12 v x_7 v -x_13) ^ (-x_4 v x_7 v -x_14) ^ (-x_11 v x_13 v -x_8) ^ (-x_12 v x_10 v x_2) ^ (x_0 v -x_10 v -x_13) ^ (x_8 v -x_5 v x_4) ^ (x_9 v -x_7 v -x_8) ^ (-x_1 v -x_3 v -x_14) ^ (x_11 v -x_1 v -x_3) ^ (x_0 v -x_10 v x_8) ^ (x_0 v x_14 v -x_11) ^ (x_12 v x_4 v -x_10) ^ (-x_7 v -x_2 v -x_11) ^ (-x_7 v x_13) ^ (x_9 v -x_2 v -x_0) ^ (-x_11 v x_7 v -x_6)]
15,17,3.2337236404418945,1,0.013843059539794922,4.9894819259643555,[(x_1 v -x_7 v x_4) ^ (-x_4 v x_5 v -x_8) ^ (x_11 v x_6 v x_0) ^ (-x_10 v -x_11) ^ (-x_6 v x_4 v -x_11) ^ (-x_1 v x_12 v -x_10) ^ (-x_5 v -x_14 v -x_3) ^ (x_0 v x_1 v x_13) ^ (x_12 v -x_3 v -x_11) ^ (x_12 v x_7 v -x_10) ^ (-x_9 v -x_5 v -x_8) ^ (x_10 v x_4) ^ (x_3 v x_4 v x_8) ^ (-x_9 v x_7 v x_13) ^ (x_12 v -x_5 v -x_11) ^ (-x_4 v -x_13 v -x_14) ^ (x_9 v -x_2 v -x_3)]
15,17,2.8246405124664307,182,0.012848138809204102,4.967170715332031,[(x_3 v x_1 v -x_5) ^ (-x_1 v -x_3) ^ (x_0 v -x_10 v x_14) ^ (x_14 v -x_7 v x_5) ^ (-x_7 v -x_13 v -x_8) ^ (x_14 v -x_5 v -x_3) ^ (x_14 v x_10 v -x_8) ^ (x_14 v x_6 v x_9) ^ (x_7 v x_5 v x_8) ^ (x_11 v -x_12 v -x_8) ^ (-x_1 v x_7 v x_13) ^ (-x_5 v -x_13 v -x_8) ^ (x_1 v x_2 v -x_14) ^ (x_0 v x_4 v -x_14) ^ (x_11 v -x_10 v -x_8) ^ (x_6 v x_9 v -x_14) ^ (x_14 v -x_4 v x_2)]
15,44,7.326074838638306,1,0.014678478240966797,5.034449577331543,[(x_1 v -x_9 v -x_0) ^ (x_7 v -x_3 v x_8) ^ (x_10 v -x_13 v -x_3) ^ (x_4 v x_5 v -x_8) ^ (-x_1 v x_6 v x_7) ^ (-x_10 v -x_2 v x_4) ^ (-x_9 v -x_2 v -x_11) ^ (-x_12 v x_10 v x_8) ^ (x_9 v -x_5 v x_2) ^ (-x_10 v -x_6 v -x_14) ^ (x_2 v -x_11) ^ (-x_4 v x_5 v -x_7) ^ (-x_5 v -x_2 v x_8) ^ (x_10 v -x_13 v -x_8) ^ (-x_5 v -x_2) ^ (-x_13 v -x_3 v -x_14) ^ (-x_12 v -x_7 v x_10) ^ (x_11 v x_4 v -x_6) ^ (x_3 v x_2 v -x_0) ^ (x_12 v -x_8) ^ (-x_12 v x_6 v x_1) ^ (x_9 v x_4 v -x_6) ^ (x_11 v x_6 v -x_0) ^ (x_10 v -x_7 v -x_5) ^ (x_12 v x_9 v x_10) ^ (x_7 v -x_14 v -x_3) ^ (x_6 v -x_9 v x_13) ^ (x_11 v x_12 v x_14) ^ (-x_2 v x_5 v -x_3) ^ (x_14 v -x_9 v x_0) ^ (-x_1 v x_6 v -x_5) ^ (-x_2 v -x_0) ^ (-x_12 v x_4 v -x_0) ^ (x_6 v -x_13 v -x_8) ^ (-x_9 v x_13 v -x_0) ^ (x_11 v -x_12 v -x_6) ^ (-x_10 v x_13 v -x_8) ^ (x_14 v x_12 v x_11) ^ (x_14 v x_6 v -x_4) ^ (-x_1 v x_6 v x_10) ^ (-x_6 v x_10 v -x_3) ^ (x_11 v -x_5 v -x_13) ^ (-x_5 v x_7 v -x_8) ^ (x_11 v -x_13)]
15,44,6.764742851257324,182,0.016025304794311523,4.998146057128906,[(-x_4 v -x_2 v -x_11) ^ (x_3 v -x_2 v x_0) ^ (x_12 v -x_4 v -x_5) ^ (-x_1 v -x_5 v x_7) ^ (x_14 v -x_1 v x_8) ^ (x_10 v x_5 v -x_6) ^ (-x_5 v -x_10 v -x_2) ^ (x_10 v -x_13 v -x_6) ^ (x_0 v x_1 v x_12) ^ (-x_9 v x_10 v x_4) ^ (-x_5 v -x_14 v x_4) ^ (-x_4 v x_2 v -x_13) ^ (x_2 v x_13 v -x_11) ^ (x_14 v x_4) ^ (-x_2 v -x_13 v -x_6) ^ (-x_12 v x_10 v x_4) ^ (x_6 v -x_9 v x_12) ^ (-x_1 v -x_13 v -x_8) ^ (x_14 v -x_10 v x_7) ^ (x_9 v x_13 v x_8) ^ (x_0 v x_1 v -x_8) ^ (x_14 v x_9 v -x_10) ^ (-x_5 v x_4 v -x_14) ^ (x_14 v x_7) ^ (x_3 v -x_12 v -x_2) ^ (x_14 v -x_9 v -x_12) ^ (-x_9 v x_12 v -x_10) ^ (x_11 v x_7 v -x_3) ^ (-x_12 v -x_10 v -x_14) ^ (-x_4 v -x_14 v x_8) ^ (-x_12 v -x_8 v -x_0) ^ (-x_5 v x_13 v x_8) ^ (x_11 v x_10 v -x_5) ^ (x_0 v x_3 v x_11) ^ (x_6 v -x_4 v -x_14) ^ (x_9 v -x_5) ^ (-x_1 v x_2 v -x_6) ^ (x_1 v -x_10 v -x_11) ^ (x_1 v -x_2 v -x_0) ^ (-x_12 v x_13 v -x_14) ^ (-x_10 v x_5 v -x_11) ^ (x_3 v x_1 v x_2) ^ (x_0 v x_7 v -x_3) ^ (x_0 v -x_5 v -x_11)]
15,26,4.579324722290039,1,0.01587986946105957,5.382098197937012,[(x_11 v x_2) ^ (x_1 v -x_12 v -x_13) ^ (-x_8 v x_13 v -x_6) ^ (x_12 v -x_7 v -x_11) ^ (x_8 v -x_7 v -x_0) ^ (-x_1 v x_13 v x_8) ^ (x_0 v x_10 v -x_13) ^ (x_11 v -x_4 v x_10) ^ (x_11 v -x_4 v x_8) ^ (x_10 v -x_13) ^ (-x_7 v x_4) ^ (x_12 v x_9 v -x_10) ^ (-x_12 v -x_8 v -x_11) ^ (x_3 v -x_8 v -x_6) ^ (x_0 v x_9 v x_11) ^ (x_1 v -x_7 v x_10) ^ (x_1 v x_12 v -x_13) ^ (-x_7 v x_13 v -x_14) ^ (-x_12 v -x_5 v -x_11) ^ (-x_9 v x_7 v x_2) ^ (x_14 v x_1 v x_2) ^ (x_11 v -x_12 v -x_6) ^ (x_14 v x_13 v -x_6) ^ (x_3 v x_12 v x_10) ^ (x_11 v -x_10 v -x_2) ^ (x_3 v x_13 v -x_6)]
15,23,4.664461374282837,182,0.017276525497436523,5.066978454589844,[(x_14 v x_6 v x_4) ^ (x_1 v x_13 v -x_0) ^ (-x_0 v -x_12 v x_8) ^ (-x_14 v -x_3 v x_8) ^ (x_1 v x_12 v x_8) ^ (-x_2 v x_13 v x_8) ^ (x_9 v x_4 v -x_8) ^ (x_9 v -x_4 v x_2) ^ (x_14 v x_6 v x_13) ^ (x_0 v x_12 v -x_5) ^ (x_6 v x_7 v -x_3) ^ (x_2 v x_13 v x_8) ^ (x_6 v -x_12 v -x_3) ^ (-x_9 v x_4 v -x_6) ^ (x_11 v -x_2 v x_0) ^ (-x_6) ^ (-x_9 v -x_10 v -x_0) ^ (-x_1 v -x_13 v -x_14) ^ (x_14 v x_12 v -x_6) ^ (-x_9 v x_7 v -x_5) ^ (-x_5 v -x_13 v -x_11) ^ (x_9 v x_12 v x_10) ^ (-x_1 v -x_13 v -x_3)]
15,27,4.985737562179565,1,0.01646566390991211,5.163805961608887,[(x_0 v x_9 v x_5) ^ (-x_5 v x_13 v x_4) ^ (-x_1 v -x_10 v x_7) ^ (x_8 v -x_6 v -x_0) ^ (-x_4 v x_12) ^ (-x_9 v -x_3) ^ (x_2 v x_13 v -x_11) ^ (x_11 v x_6 v x_8) ^ (x_14 v -x_4 v x_13) ^ (x_14 v x_9 v x_0) ^ (-x_11 v x_4 v -x_6) ^ (x_1 v -x_12 v x_3) ^ (x_3 v x_6 v -x_4) ^ (x_1 v x_4 v -x_3) ^ (-x_12 v -x_10) ^ (x_12 v x_10 v x_4) ^ (x_3 v x_10 v -x_13) ^ (x_14 v x_1 v x_0) ^ (x_1 v -x_13 v -x_11) ^ (x_1 v x_5 v -x_11) ^ (x_0 v -x_10 v -x_8) ^ (-x_10 v x_5 v -x_3) ^ (x_1 v x_9 v x_8) ^ (-x_7 v x_13) ^ (x_12 v x_7 v -x_14) ^ (x_14 v -x_13 v -x_3) ^ (x_0 v -x_5 v -x_6)]
15,32,5.4978227615356445,182,0.015648841857910156,5.268745422363281,[(-x_1 v -x_10 v -x_7) ^ (x_11 v -x_1 v -x_7) ^ (-x_10 v x_7 v -x_3) ^ (x_6 v x_2 v x_13) ^ (x_9 v x_8) ^ (x_8 v x_12 v -x_6) ^ (x_3 v -x_1) ^ (x_12 v -x_2 v x_4) ^ (-x_8 v -x_6) ^ (x_14 v -x_7 v -x_13) ^ (-x_4 v -x_13 v x_8) ^ (x_9 v -x_5 v x_4) ^ (-x_10 v x_2 v x_5) ^ (x_3 v -x_7 v -x_0) ^ (x_8 v -x_5 v -x_11) ^ (x_1 v x_10 v -x_11) ^ (x_0 v -x_9 v -x_6) ^ (x_1 v x_9 v -x_5) ^ (x_4 v x_2 v x_13) ^ (x_0 v -x_13 v x_11) ^ (x_3 v -x_9 v -x_4) ^ (x_0 v x_2) ^ (-x_5 v x_2 v -x_6) ^ (x_14 v x_13 v -x_6) ^ (-x_5 v x_10 v x_4) ^ (x_11 v x_10) ^ (x_0 v -x_9 v -x_11) ^ (-x_9 v x_1 v -x_8) ^ (x_14 v x_12 v x_0) ^ (x_4 v x_2 v -x_0) ^ (-x_13 v -x_8 v -x_3) ^ (-x_1 v -x_12 v -x_14)]
15,21,4.802436113357544,1,0.019090652465820312,5.351771354675293,[(x_8 v x_5 v -x_11) ^ (-x_9 v -x_13 v -x_11) ^ (-x_7 v x_10 v -x_14) ^ (-x_9 v -x_12 v x_4) ^ (x_0 v -x_12 v -x_13) ^ (x_6 v x_7 v x_13) ^ (-x_7 v -x_14) ^ (x_2 v x_13 v -x_11) ^ (x_11 v x_9 v -x_2) ^ (x_10 v -x_14 v x_4) ^ (x_9 v -x_14 v -x_6) ^ (x_11 v -x_9 v -x_7) ^ (x_4 v x_13 v -x_6) ^ (-x_1 v x_4 v -x_3) ^ (x_0 v -x_11 v -x_3) ^ (-x_6 v x_10 v -x_3) ^ (-x_6 v -x_2 v x_4) ^ (x_6 v -x_14 v -x_3) ^ (x_4 v -x_14) ^ (-x_1 v x_9 v -x_6) ^ (-x_0 v x_13 v -x_11)]
15,40,6.684765338897705,182,0.015813112258911133,5.4431915283203125,[(x_11 v -x_13 v -x_8) ^ (x_8 v -x_2 v x_4) ^ (x_14 v x_6 v x_4) ^ (x_3 v x_10 v x_11) ^ (-x_4 v -x_0) ^ (-x_1 v -x_12 v -x_10) ^ (x_12 v x_5 v -x_8) ^ (x_1 v x_12 v x_8) ^ (x_1 v -x_5 v x_13) ^ (x_14 v -x_2 v -x_6) ^ (-x_9 v x_7 v x_8) ^ (-x_4 v x_7 v -x_6) ^ (-x_1 v x_8 v x_0) ^ (x_9 v x_10 v -x_11) ^ (x_3 v x_7) ^ (x_12 v x_7 v -x_13) ^ (x_12 v x_2 v -x_13) ^ (x_12 v x_2 v -x_8) ^ (-x_9 v x_12 v -x_2) ^ (-x_9 v -x_13 v -x_3) ^ (x_12 v -x_5 v -x_14) ^ (-x_4 v x_13 v -x_11) ^ (-x_1 v x_4 v x_5) ^ (x_11 v -x_9 v -x_6) ^ (x_10 v -x_3 v x_4) ^ (x_14 v -x_8) ^ (-x_6 v -x_8 v -x_0) ^ (-x_1 v -x_9 v x_3) ^ (x_11 v x_13 v -x_3) ^ (x_3 v x_1 v x_5) ^ (x_3 v x_6 v x_5) ^ (x_14 v -x_3 v -x_11) ^ (-x_1 v x_6 v -x_10) ^ (-x_4 v -x_7 v -x_14) ^ (x_10 v x_5 v -x_3) ^ (-x_2 v x_13) ^ (x_12 v -x_7 v -x_3) ^ (x_9 v -x_2 v -x_7) ^ (x_14 v x_6 v -x_9) ^ (-x_1 v x_4 v x_3)]
15,39,7.573415279388428,1,0.021076679229736328,5.119463920593262,[(-x_9 v x_7 v -x_0) ^ (x_11 v x_7 v x_5) ^ (x_11 v -x_9 v -x_2) ^ (-x_9 v x_4 v -x_5) ^ (x_3 v -x_1 v -x_6) ^ (x_3 v x_4 v x_5) ^ (-x_5 v x_2 v x_8) ^ (-x_9 v x_8 v -x_14) ^ (x_0 v x_1 v -x_11) ^ (x_14 v -x_1 v x_7) ^ (x_8 v -x_4 v -x_14) ^ (-x_14 v x_5 v x_8) ^ (x_8 v x_4 v -x_0) ^ (x_6 v x_12 v x_2) ^ (x_6 v -x_13) ^ (-x_10 v x_2 v -x_3) ^ (x_14 v -x_1 v -x_10) ^ (x_14 v -x_10 v x_5) ^ (x_14 v x_4) ^ (x_11 v x_1 v -x_3) ^ (x_14 v -x_12 v -x_7) ^ (x_6 v x_2) ^ (x_9 v x_10 v -x_0) ^ (-x_2 v x_7 v -x_0) ^ (-x_12 v -x_8 v -x_11) ^ (-x_3 v x_8) ^ (x_1 v x_10) ^ (-x_10 v -x_13) ^ (x_14 v -x_8 v -x_11) ^ (x_3 v x_10 v x_14) ^ (-x_1 v x_6 v -x_5) ^ (-x_1 v x_10 v x_7) ^ (x_7 v x_13 v -x_14) ^ (x_11 v x_6 v x_3) ^ (-x_10 v -x_13 v -x_3) ^ (-x_10 v -x_2 v -x_6) ^ (x_5) ^ (x_6 v -x_7 v -x_8) ^ (-x_1 v x_12 v -x_5)]
15,39,7.103474378585815,182,0.02178502082824707,5.308891296386719,[(x_3 v -x_10 v x_8) ^ (x_11 v -x_8 v x_0) ^ (x_10 v x_2 v -x_0) ^ (x_1 v x_9 v -x_7) ^ (x_9 v -x_5 v -x_14) ^ (-x_1 v -x_2 v -x_3) ^ (-x_1 v -x_2 v x_8) ^ (-x_1 v x_12 v x_5) ^ (x_1 v -x_6) ^ (-x_1 v x_12 v x_0) ^ (x_3 v -x_1 v -x_7) ^ (-x_4 v -x_10 v -x_8) ^ (-x_1 v x_10 v x_13) ^ (-x_5 v -x_11) ^ (-x_2 v x_13 v -x_8) ^ (x_0 v -x_7 v -x_2) ^ (-x_2 v -x_8 v -x_6) ^ (x_14 v -x_2 v -x_6) ^ (x_5 v -x_3 v x_8) ^ (x_1 v x_9 v -x_10) ^ (x_11 v -x_4 v x_13) ^ (-x_1 v x_10 v -x_0) ^ (x_0 v -x_9 v x_1) ^ (x_6 v x_7 v -x_8) ^ (x_12 v -x_13) ^ (-x_5 v -x_2 v -x_11) ^ (x_6 v -x_12 v x_2) ^ (x_8 v -x_5 v x_4) ^ (-x_12 v -x_4 v -x_2) ^ (-x_12 v x_10 v -x_6) ^ (x_5 v x_13) ^ (x_14 v x_1 v x_2) ^ (x_1 v x_4 v -x_8) ^ (x_11 v -x_9 v -x_0) ^ (x_3 v -x_6 v -x_11) ^ (x_11 v x_9 v x_13) ^ (-x_1 v x_2 v x_3) ^ (x_9 v x_12 v -x_5) ^ (x_6 v x_1 v -x_9)]
15,31,5.3438544273376465,1,0.012620925903320312,5.371081352233887,[(x_11 v x_5 v -x_0) ^ (x_11 v -x_9 v -x_3) ^ (-x_13 v x_2 v -x_3) ^ (x_0 v x_1 v -x_10) ^ (x_0 v x_4) ^ (-x_1 v x_10 v x_5) ^ (x_14 v x_4 v x_8) ^ (x_14 v x_9 v x_4) ^ (x_10 v -x_13 v -x_6) ^ (-x_7 v -x_5 v x_8) ^ (x_9 v -x_2 v -x_14) ^ (x_6 v x_12 v x_10) ^ (-x_11 v x_12 v -x_14) ^ (-x_7 v -x_8 v -x_6) ^ (x_2 v x_13 v x_8) ^ (-x_1 v x_7 v -x_6) ^ (x_0 v -x_13 v -x_11) ^ (x_3 v -x_11 v x_8) ^ (-x_12 v x_8 v -x_6) ^ (-x_1 v -x_9 v -x_3) ^ (x_11 v x_9) ^ (-x_9 v -x_7 v -x_3) ^ (-x_9 v x_1 v -x_13) ^ (x_5 v x_9 v x_2) ^ (-x_1 v x_10 v x_14) ^ (-x_9 v x_5 v -x_3) ^ (x_10 v x_2 v x_8) ^ (-x_12 v -x_13 v -x_8) ^ (x_11 v -x_12 v -x_2) ^ (-x_4 v -x_10 v -x_11) ^ (-x_7 v x_4 v -x_0)]
15,41,6.969614267349243,182,0.016178607940673828,5.360557556152344,[(-x_9 v x_5 v -x_6) ^ (x_0 v x_7 v x_3) ^ (-x_1 v x_6 v x_0) ^ (x_0 v -x_4 v x_5) ^ (-x_1 v -x_4 v -x_13) ^ (x_11 v x_2 v x_0) ^ (-x_4 v -x_10 v -x_8) ^ (x_11 v -x_12 v x_9) ^ (x_1 v x_13 v -x_6) ^ (x_8 v -x_13 v -x_3) ^ (x_12 v x_5 v x_8) ^ (x_1 v x_13) ^ (x_0 v x_9 v x_8) ^ (x_9 v x_13 v x_8) ^ (x_14 v -x_13) ^ (x_0 v x_9 v x_2) ^ (x_1 v -x_10 v -x_13) ^ (-x_9 v x_12 v x_13) ^ (-x_0 v x_4 v x_8) ^ (-x_2 v x_5 v -x_8) ^ (-x_10 v x_5 v -x_8) ^ (x_11 v -x_2 v -x_14) ^ (x_11 v x_9 v -x_3) ^ (-x_9 v -x_5 v x_13) ^ (x_0 v x_4 v -x_11) ^ (-x_2 v x_9 v -x_5) ^ (-x_2 v x_5 v -x_3) ^ (-x_14 v x_2 v -x_6) ^ (x_10 v -x_5 v -x_2) ^ (x_6 v -x_7 v -x_14) ^ (x_3 v x_5 v x_8) ^ (-x_9 v -x_2 v -x_13) ^ (x_6 v -x_5 v -x_0) ^ (-x_5 v -x_13) ^ (x_6 v -x_8 v -x_0) ^ (-x_0 v x_7 v -x_3) ^ (x_6 v x_9 v x_10) ^ (x_1 v -x_10 v -x_11) ^ (x_14 v x_1 v -x_13) ^ (x_6 v -x_12 v x_8) ^ (x_14 v x_10 v x_8)]
15,45,8.515010118484497,1,0.016364574432373047,5.434504508972168,[(x_6 v x_13 v -x_0) ^ (x_11 v -x_9 v -x_2) ^ (x_1 v -x_12 v x_7) ^ (-x_1 v -x_10 v x_8) ^ (x_14 v x_9 v x_11) ^ (x_6 v -x_7) ^ (x_6 v x_7 v -x_11) ^ (x_0 v -x_10 v -x_2) ^ (x_10 v x_7 v -x_8) ^ (x_0 v -x_5 v x_13) ^ (x_1 v -x_7 v -x_14) ^ (-x_0 v x_2 v -x_6) ^ (x_2 v x_5 v -x_6) ^ (x_6 v x_12 v x_5) ^ (x_12 v x_1 v x_9) ^ (x_6 v -x_9 v x_12) ^ (x_11 v -x_8 v -x_6) ^ (x_6 v x_2) ^ (x_10 v -x_3) ^ (-x_4 v -x_5 v x_8) ^ (x_14 v x_12) ^ (-x_12 v -x_14 v -x_0) ^ (x_0 v -x_2 v -x_11) ^ (x_14 v -x_10 v -x_2) ^ (x_11 v x_5 v -x_13) ^ (x_14 v -x_6 v -x_0) ^ (x_3 v x_4 v -x_2) ^ (x_3 v x_10 v x_8) ^ (-x_4 v x_12 v x_3) ^ (-x_12 v -x_7 v -x_8) ^ (-x_1 v x_7 v x_8) ^ (x_11 v x_4 v x_14) ^ (x_14 v x_12 v -x_0) ^ (x_1 v x_4 v -x_8) ^ (-x_9 v -x_7 v -x_13) ^ (-x_12 v -x_4 v x_2) ^ (x_6 v x_4 v -x_0) ^ (x_3 v -x_9 v -x_7) ^ (x_5 v x_13 v -x_14) ^ (-x_8 v -x_14) ^ (-x_9 v x_10 v x_5) ^ (-x_9 v x_5 v -x_0) ^ (-x_0 v -x_6 v -x_11) ^ (x_10 v -x_2 v x_5) ^ (x_6 v x_8)]
15,36,5.871123790740967,182,0.01894068717956543,5.201271057128906,[(-x_1 v x_6 v x_12) ^ (x_11 v -x_9 v -x_2) ^ (x_11 v x_8) ^ (x_10 v -x_13 v -x_3) ^ (x_11 v -x_12 v x_4) ^ (x_9 v x_10 v -x_13) ^ (x_3 v x_7 v x_0) ^ (x_14 v -x_10 v x_0) ^ (x_3 v x_9 v -x_4) ^ (-x_12 v -x_4 v x_5) ^ (x_6 v -x_4 v x_10) ^ (x_6 v x_10 v x_8) ^ (x_11 v -x_10 v -x_5) ^ (-x_10 v x_4 v -x_0) ^ (x_9 v x_10 v -x_11) ^ (x_0 v x_4 v -x_14) ^ (-x_4 v x_12 v x_8) ^ (x_0 v -x_2 v -x_11) ^ (-x_12 v -x_0) ^ (-x_2 v -x_9 v x_10) ^ (-x_5 v -x_8 v x_4) ^ (-x_4 v x_7 v -x_10) ^ (x_3 v x_12 v -x_14) ^ (-x_9 v x_2 v x_8) ^ (x_14 v x_11 v x_0) ^ (-x_7 v -x_0) ^ (x_14 v -x_7 v x_10) ^ (x_3 v x_5 v -x_11) ^ (-x_1 v -x_9 v x_5) ^ (-x_7 v -x_2 v -x_6) ^ (-x_1 v x_2 v x_3) ^ (x_12 v -x_2 v x_7) ^ (x_1 v -x_12 v -x_4) ^ (-x_4 v -x_10 v -x_11) ^ (x_14 v -x_1 v x_12) ^ (-x_1 v x_12 v -x_5)]
15,28,5.103278875350952,1,0.017427921295166016,5.519579887390137,[(-x_9 v x_7 v -x_0) ^ (x_3 v -x_9 v x_14) ^ (x_1 v -x_4 v -x_8) ^ (-x_2 v x_10 v x_7) ^ (-x_9 v x_10 v x_13) ^ (-x_14 v -x_13 v x_8) ^ (x_14 v x_5 v -x_3) ^ (-x_9 v -x_5 v -x_0) ^ (x_3 v x_7 v x_2) ^ (x_0 v -x_5 v x_10) ^ (x_6 v x_10 v -x_13) ^ (-x_1 v x_3 v -x_8) ^ (-x_7 v x_2 v -x_8) ^ (x_14 v -x_2 v -x_8) ^ (x_3 v x_9 v -x_7) ^ (x_14 v -x_1 v x_13) ^ (x_9 v -x_2) ^ (x_3 v -x_7 v x_0) ^ (x_0 v x_6 v -x_14) ^ (x_6 v -x_4 v -x_3) ^ (x_9 v -x_6 v -x_0) ^ (-x_6 v -x_13 v -x_3) ^ (-x_12 v x_4 v x_8) ^ (x_14 v -x_2 v -x_11) ^ (x_3 v x_12 v -x_10) ^ (x_0 v -x_7 v -x_5) ^ (x_3 v x_10 v x_4) ^ (x_0 v -x_4)]
15,27,4.870720863342285,182,0.017203569412231445,5.239166259765625,[(x_11 v x_9 v -x_14) ^ (-x_0 v -x_2 v -x_14) ^ (-x_6 v -x_5 v x_8) ^ (x_6 v -x_5 v -x_8) ^ (-x_1 v -x_9 v -x_13) ^ (x_11 v x_7 v x_0) ^ (x_4 v x_7 v -x_3) ^ (-x_10 v x_13 v -x_0) ^ (x_1 v -x_2) ^ (x_0 v x_9 v -x_14) ^ (x_12 v -x_5 v x_7) ^ (-x_6 v x_10 v x_4) ^ (x_14 v x_12 v -x_5) ^ (x_1 v -x_11 v -x_14) ^ (-x_9 v -x_5 v x_13) ^ (x_11 v x_2 v -x_3) ^ (x_7 v -x_8) ^ (-x_4 v x_10 v -x_6) ^ (-x_7 v -x_2 v -x_11) ^ (-x_11 v -x_5 v x_8) ^ (x_14 v x_4 v -x_0) ^ (x_6 v -x_9 v x_7) ^ (x_6 v x_4 v x_5) ^ (-x_12 v -x_11) ^ (x_4 v x_2 v -x_0) ^ (x_9 v x_5) ^ (x_14 v x_5 v x_0)]
15,28,5.622323989868164,1,0.018710851669311523,5.7377424240112305,[(x_9 v x_5 v -x_0) ^ (x_0 v x_12 v x_4) ^ (-x_6 v x_4 v -x_3) ^ (-x_1 v -x_9 v -x_11) ^ (x_6 v -x_9 v x_5) ^ (-x_2 v -x_3) ^ (-x_1 v x_6 v -x_8) ^ (-x_13 v x_5 v -x_11) ^ (-x_9 v -x_8 v -x_11) ^ (-x_4 v x_9 v x_5) ^ (x_14 v x_1 v -x_4) ^ (x_14 v -x_5 v x_7) ^ (x_11 v -x_2 v -x_13) ^ (x_3 v -x_13 v -x_8) ^ (x_6 v -x_14 v -x_11) ^ (x_7 v -x_8 v -x_11) ^ (x_14 v -x_5 v -x_8) ^ (-x_12 v -x_9 v -x_14) ^ (x_9 v -x_5 v -x_8) ^ (-x_9 v -x_7 v -x_3) ^ (-x_7 v -x_5 v -x_14) ^ (x_1 v -x_5) ^ (x_6 v -x_12) ^ (x_3 v x_1 v -x_14) ^ (-x_12 v x_10 v x_5) ^ (-x_9 v x_13 v -x_6) ^ (-x_1 v x_6 v x_5) ^ (-x_1 v -x_9 v -x_8)]
15,17,3.7448689937591553,182,0.018840312957763672,5.37628173828125,[(x_11 v x_3 v x_13) ^ (x_1 v x_7 v x_5) ^ (-x_0 v -x_9 v x_8) ^ (x_11 v -x_10 v x_7) ^ (x_6 v -x_14) ^ (-x_2) ^ (x_0 v -x_2 v x_14) ^ (x_10 v -x_11) ^ (x_3 v x_6 v -x_4) ^ (x_0 v x_4 v x_8) ^ (-x_1 v x_9 v -x_14) ^ (x_0 v -x_4 v x_14) ^ (-x_1 v -x_9 v x_10) ^ (x_12 v -x_8 v -x_14) ^ (x_3 v -x_1 v x_0) ^ (x_0 v x_7 v x_2) ^ (x_3 v -x_7 v -x_8)]
15,21,3.833355188369751,1,0.015322685241699219,5.053683280944824,[(-x_14 v x_8) ^ (x_1 v x_2 v x_8) ^ (-x_1 v x_13 v x_8) ^ (x_3 v x_1) ^ (x_6 v -x_2 v -x_13) ^ (x_12 v -x_8 v -x_14) ^ (x_12 v x_5 v -x_6) ^ (x_9 v x_2 v -x_0) ^ (-x_5 v -x_8) ^ (-x_1 v x_7 v -x_6) ^ (-x_1 v x_9 v x_5) ^ (-x_9 v -x_5 v x_13) ^ (x_0 v x_7 v -x_6) ^ (-x_7 v x_4 v -x_6) ^ (-x_1 v x_2 v -x_13) ^ (-x_7 v x_5 v -x_0) ^ (x_11 v -x_4 v -x_6) ^ (x_12 v -x_6 v -x_0) ^ (x_14 v -x_4 v x_7) ^ (x_0 v x_7 v -x_3) ^ (x_11 v x_10 v x_4)]
15,17,2.8794748783111572,182,0.014308452606201172,4.769493103027344,[(x_9 v -x_7 v -x_0) ^ (x_10 v x_13 v -x_14) ^ (-x_7 v x_5 v -x_11) ^ (-x_9 v -x_10 v -x_6) ^ (x_11 v -x_2 v -x_14) ^ (-x_13 v x_5 v -x_6) ^ (-x_4 v x_12 v -x_10) ^ (-x_11 v x_7 v x_4) ^ (x_6 v x_1 v -x_4) ^ (x_0 v -x_2 v -x_8) ^ (x_11 v x_2 v -x_8) ^ (-x_2 v x_9 v -x_10) ^ (x_11 v -x_9 v -x_12) ^ (x_14 v -x_8 v -x_6) ^ (-x_1 v -x_7 v -x_3) ^ (-x_1 v x_9 v -x_5) ^ (x_7 v x_5 v -x_8)]
15,38,7.185815334320068,1,0.015959739685058594,5.247828483581543,[(x_11 v -x_4 v x_9) ^ (-x_13 v x_2 v -x_3) ^ (x_9 v x_5 v -x_0) ^ (x_10 v -x_13 v -x_3) ^ (x_1 v x_4 v -x_6) ^ (x_0 v -x_3 v -x_11) ^ (x_12 v -x_10 v -x_0) ^ (-x_1 v x_7 v x_5) ^ (x_0 v -x_13 v -x_8) ^ (x_3 v x_7 v -x_14) ^ (x_12 v x_7 v -x_0) ^ (x_4 v x_13 v x_8) ^ (x_0 v -x_9 v x_7) ^ (x_6 v x_12 v x_5) ^ (x_0 v x_6 v x_4) ^ (x_14 v -x_1 v x_10) ^ (-x_9 v x_12 v -x_13) ^ (-x_4 v -x_7 v -x_11) ^ (-x_10 v x_2 v -x_13) ^ (x_3 v x_4 v -x_6) ^ (x_6 v -x_9 v x_8) ^ (x_14 v -x_5 v -x_8) ^ (x_0 v -x_1 v -x_12) ^ (-x_1 v x_12 v x_7) ^ (x_5 v x_13 v -x_6) ^ (-x_12 v -x_6 v -x_0) ^ (x_0 v -x_10 v x_11) ^ (-x_9 v x_1 v -x_0) ^ (x_6 v x_12 v x_4) ^ (-x_9 v x_2 v x_13) ^ (-x_4 v -x_7 v -x_14) ^ (x_7 v -x_13 v -x_8) ^ (-x_9 v -x_2 v -x_8) ^ (x_0 v -x_4 v -x_14) ^ (x_12 v -x_5 v x_4) ^ (-x_9 v -x_12 v x_2) ^ (x_3 v -x_10) ^ (x_1 v x_2 v -x_11)]
15,27,4.56937575340271,182,0.018865585327148438,5.511009216308594,[(-x_1 v -x_4 v -x_13) ^ (-x_9 v x_5) ^ (x_11 v -x_10 v -x_5) ^ (x_1 v -x_10 v x_7) ^ (x_11 v -x_4 v -x_8) ^ (x_11 v -x_10 v x_5) ^ (-x_12 v x_9 v -x_8) ^ (x_9 v x_5 v x_13) ^ (-x_10 v -x_5 v x_13) ^ (x_12 v x_9 v x_8) ^ (x_3 v x_10 v x_4) ^ (x_10 v x_5 v -x_8) ^ (-x_4 v x_2 v -x_11) ^ (x_2 v -x_8) ^ (x_14 v x_8 v -x_3) ^ (x_11 v -x_10 v -x_6) ^ (-x_10 v x_5 v -x_3) ^ (x_14 v -x_7 v -x_0) ^ (x_7 v -x_3) ^ (x_3 v -x_2 v x_4) ^ (-x_9 v -x_2 v -x_13) ^ (-x_12 v -x_10 v -x_0) ^ (x_6 v -x_10 v x_5) ^ (x_4 v -x_14 v x_8) ^ (-x_9 v -x_10 v x_2) ^ (x_8 v x_12 v -x_11) ^ (x_3 v x_12 v -x_6)]
15,44,9.058521747589111,1,0.01570606231689453,4.3168745040893555,[(x_14 v x_2 v -x_13) ^ (x_1 v x_8) ^ (x_4 v x_13) ^ (-x_7 v x_2 v -x_14) ^ (-x_10 v x_7 v x_8) ^ (x_14 v x_12 v -x_10) ^ (x_1 v -x_7 v x_8) ^ (-x_2 v x_12 v -x_10) ^ (-x_5 v x_2 v -x_11) ^ (-x_1 v x_6 v x_13) ^ (-x_5 v -x_6) ^ (x_11 v x_6 v -x_9) ^ (x_0 v -x_2 v -x_13) ^ (x_12 v -x_4 v x_11) ^ (-x_10 v x_7 v x_4) ^ (x_14 v -x_4 v x_13) ^ (-x_1 v -x_5 v x_4) ^ (x_11 v -x_10 v x_4) ^ (x_11 v x_12 v -x_2) ^ (x_6 v x_4 v x_2) ^ (-x_9 v x_10 v -x_14) ^ (-x_9 v -x_7 v -x_6) ^ (x_3 v x_5 v x_13) ^ (x_6 v x_10 v x_4) ^ (x_1 v x_12 v x_4) ^ (-x_1 v -x_5 v -x_6) ^ (x_3 v -x_5 v x_14) ^ (x_6 v x_7 v x_8) ^ (-x_9 v -x_8 v -x_0) ^ (x_0 v x_1 v x_4) ^ (x_9 v -x_6) ^ (x_0 v x_13 v -x_3) ^ (-x_12 v x_4 v -x_0) ^ (-x_12 v -x_8 v -x_6) ^ (x_9 v -x_8 v -x_3) ^ (x_11 v x_6 v x_3) ^ (x_0 v x_2 v -x_14) ^ (-x_1 v x_12 v -x_10) ^ (x_7 v -x_14 v x_4) ^ (x_6 v -x_9 v x_7) ^ (-x_5 v -x_3 v -x_6) ^ (-x_2 v -x_5 v x_13) ^ (x_12 v -x_10 v -x_14) ^ (x_0 v x_12 v x_2)]
15,22,3.605947971343994,182,0.018612384796142578,5.230224609375,[(-x_1 v -x_5 v x_13) ^ (-x_12 v -x_13 v x_8) ^ (x_11 v x_7 v x_5) ^ (x_12 v -x_7 v -x_11) ^ (x_3 v x_6 v -x_8) ^ (x_0 v -x_6 v -x_11) ^ (x_1 v -x_2 v x_5) ^ (-x_1 v -x_12 v -x_8) ^ (-x_9 v x_7) ^ (x_6 v -x_5 v x_7) ^ (-x_1 v x_7 v -x_11) ^ (-x_5 v -x_2 v -x_3) ^ (-x_7 v -x_2 v -x_14) ^ (x_12 v -x_8 v -x_14) ^ (-x_1 v x_4 v -x_0) ^ (x_1 v -x_10 v x_4) ^ (x_1 v -x_14 v -x_3) ^ (-x_9 v -x_5 v x_13) ^ (-x_1 v x_7 v -x_14) ^ (-x_9 v x_8 v -x_11) ^ (-x_11 v -x_2 v x_8) ^ (x_11 v x_6)]
15,36,7.41150689125061,1,0.019390106201171875,5.3080244064331055,[(x_0 v x_7 v -x_11) ^ (x_8 v x_13 v -x_6) ^ (-x_1 v x_9 v -x_14) ^ (x_13 v -x_8 v -x_3) ^ (x_4 v -x_3) ^ (x_0 v x_1 v x_5) ^ (-x_4 v x_9 v -x_13) ^ (-x_4 v -x_7 v -x_8) ^ (x_5 v x_4 v -x_13) ^ (x_3 v -x_13 v -x_11) ^ (x_10 v x_9 v -x_5) ^ (x_6 v -x_2) ^ (-x_9 v x_5 v -x_11) ^ (-x_13 v x_10 v x_5) ^ (x_14 v -x_9 v -x_11) ^ (x_7 v x_2 v -x_8) ^ (-x_2 v -x_14 v x_4) ^ (-x_9 v x_12 v -x_14) ^ (-x_2 v -x_13 v -x_11) ^ (-x_5 v -x_13 v -x_0) ^ (x_11 v x_10 v -x_8) ^ (-x_1 v -x_14 v x_8) ^ (x_9 v x_10 v -x_8) ^ (-x_9 v -x_6 v x_8) ^ (x_14 v -x_5 v x_10) ^ (x_11 v x_4) ^ (-x_1 v -x_9 v x_12) ^ (x_1 v x_7 v x_13) ^ (-x_1 v x_2 v -x_3) ^ (-x_5 v x_13 v x_8) ^ (-x_1 v x_10 v -x_3) ^ (-x_7 v -x_2 v -x_11) ^ (x_11 v -x_1 v -x_4) ^ (x_11 v -x_4 v x_7) ^ (-x_14 v x_13 v x_8) ^ (x_1 v x_4 v -x_13)]
15,28,5.062220096588135,182,0.019398212432861328,5.012214660644531,[(-x_10 v -x_2 v -x_14) ^ (x_12 v -x_14) ^ (-x_7 v x_13 v -x_0) ^ (x_11 v x_1 v -x_8) ^ (x_12 v -x_10) ^ (-x_9 v -x_5 v -x_0) ^ (-x_12 v -x_7) ^ (x_11 v x_14 v -x_0) ^ (-x_4 v x_10 v -x_14) ^ (-x_1 v -x_2 v -x_14) ^ (x_10 v x_13 v -x_0) ^ (-x_12 v -x_3 v x_8) ^ (x_3 v -x_12 v x_4) ^ (x_11 v -x_2 v -x_6) ^ (x_0 v x_1 v -x_7) ^ (-x_4 v x_6 v x_12) ^ (x_11 v -x_7 v -x_2) ^ (x_3 v -x_7 v x_13) ^ (x_3 v x_12 v -x_8) ^ (x_6 v -x_12 v x_2) ^ (-x_9 v -x_7 v -x_3) ^ (-x_9 v -x_2 v -x_0) ^ (x_0 v x_6 v -x_5) ^ (x_3 v x_9) ^ (x_0 v x_6 v x_12) ^ (x_6 v -x_10 v x_5) ^ (-x_10 v -x_2 v -x_8) ^ (-x_7 v -x_8)]
15,33,5.957759857177734,1,0.018149852752685547,5.245928764343262,[(x_11 v -x_12 v -x_4) ^ (x_0 v x_9 v x_5) ^ (-x_12 v x_7 v x_2) ^ (-x_2 v -x_3 v x_4) ^ (x_14 v -x_1 v -x_3) ^ (-x_1 v -x_10 v -x_5) ^ (-x_11 v -x_4 v x_8) ^ (x_10 v x_7 v x_8) ^ (x_12 v x_13 v -x_3) ^ (x_11 v x_10 v -x_6) ^ (x_3 v -x_7 v x_5) ^ (-x_12 v x_2 v -x_8) ^ (-x_9 v x_8 v -x_0) ^ (-x_9 v x_10 v -x_8) ^ (x_1 v x_4 v -x_11) ^ (-x_4 v -x_5 v -x_7) ^ (-x_7 v -x_10 v x_2) ^ (x_6 v -x_5 v x_4) ^ (x_9 v x_7 v -x_13) ^ (-x_1 v -x_9 v -x_12) ^ (x_1 v x_12 v x_4) ^ (x_14 v -x_5 v x_10) ^ (-x_4 v -x_5 v -x_3) ^ (x_3 v x_1 v -x_7) ^ (-x_1 v x_5 v -x_3) ^ (x_14 v x_13 v -x_6) ^ (x_9 v x_2 v -x_3) ^ (-x_4 v -x_6 v -x_14) ^ (x_3 v -x_5 v -x_13) ^ (x_3 v x_10 v -x_11) ^ (-x_6 v -x_2 v x_4) ^ (x_1 v -x_2 v -x_0) ^ (x_12 v -x_7 v -x_3)]
15,26,4.846548080444336,182,0.017398834228515625,5.391777038574219,[(-x_7 v x_5 v -x_11) ^ (x_9 v -x_4 v -x_6) ^ (x_11 v -x_4 v x_12) ^ (x_3 v -x_7 v x_8) ^ (x_8 v -x_6) ^ (x_8 v -x_7 v -x_14) ^ (-x_9 v -x_4 v -x_3) ^ (x_5 v x_2 v -x_3) ^ (-x_5 v x_13 v -x_0) ^ (x_14 v -x_0 v -x_6) ^ (-x_1 v -x_12 v x_8) ^ (-x_1 v -x_7 v x_10) ^ (x_6 v -x_9 v x_8) ^ (-x_9 v -x_10 v x_2) ^ (-x_5 v x_10 v x_8) ^ (-x_9 v -x_13 v x_8) ^ (x_0 v -x_2 v x_4) ^ (x_9 v x_12 v x_13) ^ (x_8 v x_9 v -x_14) ^ (-x_1 v x_2 v -x_3) ^ (x_12 v -x_5 v x_4) ^ (x_11 v -x_4 v x_0) ^ (x_3 v -x_12 v x_13) ^ (x_10 v x_13 v -x_8) ^ (x_3 v x_7 v -x_6) ^ (-x_6 v x_2 v -x_3)]
15,25,4.491386413574219,1,0.014493703842163086,5.1165266036987305,[(x_3 v -x_0) ^ (-x_1 v x_13 v -x_8) ^ (-x_7 v x_5 v -x_6) ^ (x_0 v -x_12 v -x_8) ^ (x_6 v -x_2 v -x_0) ^ (-x_7 v x_4 v -x_8) ^ (-x_12 v -x_5 v x_13) ^ (x_9 v -x_13 v -x_6) ^ (x_11 v -x_12 v x_5) ^ (x_11 v x_12 v -x_13) ^ (x_3 v x_11 v -x_0) ^ (-x_1 v x_9 v x_10) ^ (x_0 v x_1 v -x_8) ^ (x_1 v x_7 v -x_3) ^ (-x_1 v x_6 v -x_9) ^ (-x_11 v x_2 v -x_3) ^ (x_14 v -x_12 v -x_10) ^ (x_9 v x_2 v -x_6) ^ (-x_1 v x_12 v x_4) ^ (x_5 v x_13 v -x_6) ^ (x_6 v x_12 v x_4) ^ (-x_12 v -x_2 v -x_14) ^ (-x_13 v x_2 v -x_6) ^ (x_6 v x_12) ^ (x_5 v x_1 v x_2)]
15,32,5.520216703414917,182,0.01558685302734375,5.4903106689453125,[(x_6 v x_10 v -x_3) ^ (x_11 v -x_12 v x_2) ^ (-x_9 v -x_5 v x_2) ^ (-x_10 v -x_5) ^ (-x_2 v -x_3 v x_4) ^ (x_11 v x_6 v -x_2) ^ (x_4 v -x_13 v -x_6) ^ (-x_12 v x_9 v -x_2) ^ (-x_13 v -x_6) ^ (x_14 v -x_4 v x_13) ^ (x_3 v -x_0 v -x_6) ^ (x_0 v x_11 v -x_3) ^ (-x_9 v -x_13 v -x_3) ^ (x_7 v x_13 v -x_11) ^ (-x_12 v x_7 v x_8) ^ (x_11 v -x_12 v x_7) ^ (x_11 v x_13 v -x_0) ^ (x_10 v -x_2 v x_0) ^ (x_12 v x_5 v -x_11) ^ (-x_9 v -x_12 v -x_11) ^ (-x_4 v x_13 v -x_11) ^ (-x_5 v -x_8 v -x_6) ^ (x_14 v x_1 v -x_2) ^ (-x_7 v x_5) ^ (-x_12 v x_5 v -x_0) ^ (x_12 v x_7 v x_4) ^ (-x_12 v x_10 v x_5) ^ (x_14 v x_6 v x_7) ^ (x_0 v x_7 v x_8) ^ (x_3 v x_14) ^ (-x_1 v -x_12) ^ (x_3 v x_7 v -x_6)]
15,18,3.522101640701294,1,0.01663684844970703,4.962924003601074,[(x_3 v x_9 v -x_0) ^ (x_0 v -x_5 v -x_11) ^ (-x_10 v x_5 v -x_14) ^ (-x_5 v -x_13 v -x_3) ^ (-x_1 v -x_4 v -x_0) ^ (x_6 v x_8 v -x_14) ^ (-x_12 v -x_5 v x_13) ^ (x_14 v x_13 v -x_6) ^ (x_9 v x_12 v x_5) ^ (-x_0 v -x_10 v -x_11) ^ (x_6 v x_1 v x_7) ^ (x_4 v x_2 v -x_14) ^ (-x_12 v -x_10) ^ (x_6 v -x_4 v -x_0) ^ (-x_9 v -x_2 v -x_0) ^ (x_14 v x_9 v -x_10) ^ (x_14 v -x_2 v x_5) ^ (-x_1 v x_12 v -x_5)]
15,38,6.241419792175293,182,0.019040822982788086,5.1905059814453125,[(x_9 v x_7 v -x_10) ^ (x_11 v -x_4 v -x_2) ^ (-x_1 v -x_10 v x_8) ^ (x_9 v x_13) ^ (x_14 v -x_4 v -x_6) ^ (-x_4 v -x_10 v -x_8) ^ (x_14 v x_6 v x_12) ^ (x_3 v x_1 v -x_13) ^ (-x_4 v -x_14) ^ (x_6 v x_2 v x_8) ^ (x_14 v -x_4 v -x_13) ^ (x_4 v x_13 v -x_3) ^ (-x_10 v x_4 v -x_6) ^ (-x_1 v -x_6) ^ (-x_5 v x_10 v x_7) ^ (x_9 v -x_5 v -x_0) ^ (-x_4 v -x_13 v -x_3) ^ (x_8 v -x_11 v -x_0) ^ (x_12 v x_13 v -x_6) ^ (-x_10 v x_4 v -x_13) ^ (-x_9 v -x_12 v -x_11) ^ (-x_5 v -x_8 v x_4) ^ (x_11 v x_12 v x_8) ^ (x_4 v x_13 v -x_11) ^ (x_14 v -x_9 v -x_7) ^ (x_12 v -x_10 v x_8) ^ (x_10 v -x_14) ^ (-x_12 v x_4 v -x_13) ^ (x_14 v x_1 v x_7) ^ (-x_1 v x_12 v x_2) ^ (x_6 v -x_7 v -x_14) ^ (x_12 v x_4 v x_5) ^ (x_3 v -x_9 v x_1) ^ (-x_1 v x_4 v -x_13) ^ (x_12 v -x_3 v -x_11) ^ (-x_9 v -x_10 v -x_14) ^ (x_11 v x_9 v x_13) ^ (x_4 v -x_3 v -x_0)]
15,42,8.098954677581787,1,0.019884109497070312,4.974566459655762,[(x_11 v x_5 v -x_0) ^ (x_5 v x_7 v -x_13) ^ (x_5 v -x_13 v -x_11) ^ (x_8 v x_5 v -x_11) ^ (-x_7 v x_5 v -x_11) ^ (-x_0 v -x_8 v -x_3) ^ (-x_1 v x_12 v x_8) ^ (-x_7 v x_2 v -x_14) ^ (x_14 v -x_4 v x_10) ^ (x_12 v x_9) ^ (-x_4 v -x_10 v -x_8) ^ (-x_10 v x_7 v -x_11) ^ (-x_1 v -x_8) ^ (x_0 v x_1 v -x_13) ^ (-x_2 v -x_8 v -x_6) ^ (x_6 v -x_12 v -x_7) ^ (x_3 v -x_10 v x_4) ^ (x_1 v x_13 v -x_6) ^ (x_3 v -x_5 v x_4) ^ (x_6 v x_10 v -x_13) ^ (-x_1 v -x_5 v x_4) ^ (-x_5 v -x_2) ^ (x_1 v -x_6 v -x_11) ^ (-x_12 v x_7 v -x_3) ^ (x_6 v x_5 v -x_0) ^ (x_14 v -x_3 v x_0) ^ (x_14 v x_7) ^ (-x_9 v -x_4 v x_10) ^ (-x_5 v x_13 v -x_11) ^ (x_6 v x_1 v x_13) ^ (x_9 v -x_5 v -x_8) ^ (x_1 v x_5 v -x_8) ^ (x_9 v x_7 v -x_13) ^ (x_0 v x_1 v x_2) ^ (-x_10 v -x_2 v -x_11) ^ (-x_14 v x_5 v -x_6) ^ (x_14 v -x_7 v -x_10) ^ (x_0 v x_7) ^ (x_14 v x_4 v -x_6) ^ (-x_12 v -x_4 v -x_3) ^ (-x_2 v x_7 v -x_3) ^ (x_1 v x_2 v -x_3)]
15,42,7.251073360443115,182,0.014890909194946289,5.342926025390625,[(x_11 v -x_12 v x_1) ^ (-x_1 v x_12 v -x_5) ^ (x_14 v -x_8 v -x_3) ^ (x_14 v -x_12 v -x_6) ^ (-x_4 v x_9 v -x_0) ^ (-x_9 v x_12 v -x_8) ^ (x_6 v -x_9 v x_4) ^ (x_6 v x_12 v x_2) ^ (-x_12 v x_9 v -x_2) ^ (-x_1 v -x_9 v -x_6) ^ (-x_9 v x_12 v x_8) ^ (x_7 v x_2 v -x_0) ^ (x_3 v -x_5 v -x_6) ^ (-x_4 v x_2 v -x_13) ^ (x_14 v x_6 v -x_13) ^ (-x_5 v -x_13 v x_4) ^ (x_0 v -x_1 v -x_10) ^ (x_3 v -x_2 v -x_8) ^ (-x_7 v -x_2 v -x_3) ^ (x_6 v -x_2 v x_13) ^ (x_12 v x_7 v -x_3) ^ (x_6 v -x_12 v x_9) ^ (x_11 v -x_2 v x_13) ^ (x_10 v x_5 v x_4) ^ (-x_4 v -x_5 v -x_7) ^ (-x_1 v -x_12 v -x_11) ^ (x_14 v x_7 v -x_6) ^ (x_6 v -x_5 v x_10) ^ (x_14 v -x_5 v x_10) ^ (-x_1 v x_7 v x_8) ^ (x_9 v -x_3 v -x_14) ^ (x_3 v -x_0 v -x_14) ^ (x_0 v -x_9 v x_8) ^ (x_1 v x_4 v x_7) ^ (x_0 v x_6 v x_10) ^ (x_8 v x_13 v -x_0) ^ (-x_10 v -x_5 v -x_8) ^ (x_0 v x_2 v -x_14) ^ (x_8 v -x_13 v -x_14) ^ (x_14 v x_10 v x_8) ^ (-x_4 v x_7 v -x_8) ^ (x_12 v x_4 v x_13)]
15,26,4.717391729354858,1,0.019994020462036133,5.276324272155762,[(-x_9 v x_7 v -x_0) ^ (x_1 v x_8 v -x_6) ^ (x_3 v x_13 v x_11) ^ (-x_7 v -x_5 v -x_8) ^ (x_3 v x_6 v -x_2) ^ (x_7 v x_5 v -x_11) ^ (-x_10 v -x_2 v -x_0) ^ (-x_4 v x_9 v -x_13) ^ (-x_9 v x_7 v -x_6) ^ (-x_8 v x_13 v -x_14) ^ (x_12 v -x_10 v x_13) ^ (-x_10 v x_4 v -x_13) ^ (x_1 v -x_5 v x_4) ^ (x_11 v x_13 v -x_8) ^ (x_11 v -x_12 v x_10) ^ (-x_1 v x_6 v x_9) ^ (x_0 v -x_5 v x_4) ^ (-x_9 v -x_5 v -x_11) ^ (-x_4 v x_2 v -x_0) ^ (x_6 v -x_4 v -x_2) ^ (-x_7 v -x_10 v -x_0) ^ (-x_10 v x_7 v x_2) ^ (x_13 v x_12 v -x_7) ^ (-x_5 v x_13) ^ (-x_12 v -x_14 v -x_11) ^ (-x_0 v x_8)]
15,33,5.485690593719482,182,0.021033525466918945,5.311492919921875,[(x_3 v -x_10 v x_8) ^ (-x_2 v x_5 v -x_6) ^ (x_0 v x_1 v -x_5) ^ (x_9 v x_7 v -x_0) ^ (x_5 v x_10 v x_2) ^ (x_0 v -x_10 v -x_14) ^ (-x_1 v x_6 v -x_8) ^ (x_14 v -x_1 v -x_3) ^ (-x_11 v x_10 v -x_6) ^ (-x_7 v -x_14) ^ (x_1 v x_7 v x_5) ^ (x_3 v -x_5 v -x_11) ^ (-x_10 v x_4 v -x_6) ^ (x_1 v -x_2 v x_13) ^ (x_10 v x_8) ^ (-x_12 v -x_5 v x_2) ^ (x_3 v x_9 v -x_6) ^ (x_12 v x_9 v -x_13) ^ (-x_1 v -x_9 v x_14) ^ (x_14 v -x_10 v x_2) ^ (x_13 v -x_14) ^ (x_0 v x_12 v -x_6) ^ (-x_9 v x_12 v x_7) ^ (-x_4 v x_13 v -x_6) ^ (-x_10 v x_2 v x_8) ^ (x_14 v x_9 v -x_6) ^ (x_3 v x_1 v -x_7) ^ (x_3 v x_9 v -x_13) ^ (-x_4 v x_2 v -x_7) ^ (x_7 v x_5 v x_13) ^ (x_11 v -x_10 v -x_8) ^ (-x_1 v -x_9 v -x_8) ^ (-x_1 v x_9 v -x_6)]
15,30,5.890317440032959,1,0.01643204689025879,5.2730207443237305,[(x_11 v -x_9 v -x_3) ^ (x_4 v x_5 v -x_11) ^ (-x_1 v -x_9 v -x_13) ^ (-x_12 v x_9 v -x_0) ^ (x_9 v -x_7 v -x_11) ^ (x_6 v -x_4 v -x_8) ^ (-x_12 v x_9 v -x_7) ^ (-x_1 v x_2 v -x_0) ^ (-x_1 v x_3) ^ (x_14 v x_5) ^ (-x_4 v -x_8 v -x_3) ^ (x_14 v -x_4 v -x_8) ^ (x_0 v -x_9 v -x_6) ^ (-x_2 v -x_5) ^ (x_9 v x_4 v -x_6) ^ (x_13 v -x_14) ^ (-x_9 v -x_8 v -x_3) ^ (x_6 v x_9 v -x_5) ^ (x_3 v x_4 v x_8) ^ (x_3 v -x_2 v x_4) ^ (-x_7 v x_5 v x_13) ^ (x_9 v -x_5 v -x_11) ^ (x_0 v x_10 v x_7) ^ (-x_11 v x_10 v -x_0) ^ (x_12 v x_10 v -x_11) ^ (-x_1 v -x_0) ^ (-x_12 v -x_2 v -x_5) ^ (-x_1 v x_12 v x_10) ^ (-x_1 v x_12 v -x_8) ^ (-x_12 v -x_14 v -x_11)]
15,42,6.906720399856567,182,0.013496160507202148,4.9585723876953125,[(x_12 v -x_4 v -x_8) ^ (x_14 v -x_1 v -x_8) ^ (x_3 v -x_4 v -x_14) ^ (x_10 v x_5 v -x_11) ^ (x_14 v -x_12 v x_5) ^ (-x_5 v x_2 v x_7) ^ (x_0 v x_9 v x_13) ^ (x_8 v x_12 v -x_6) ^ (-x_6 v -x_11) ^ (x_12 v x_7 v -x_0) ^ (-x_1 v -x_8 v -x_3) ^ (x_1 v x_5 v -x_0) ^ (x_12 v -x_2 v x_4) ^ (x_0 v -x_5 v -x_3) ^ (-x_10 v x_7 v x_5) ^ (x_14 v -x_9 v x_13) ^ (-x_2 v -x_6) ^ (x_11 v -x_8 v -x_6) ^ (-x_4 v x_10 v x_5) ^ (-x_9 v -x_10 v -x_11) ^ (x_12 v -x_10 v -x_3) ^ (x_0 v x_9 v x_4) ^ (x_6 v -x_5 v -x_3) ^ (-x_0 v x_12 v -x_6) ^ (-x_0 v -x_10 v x_8) ^ (x_10 v x_5 v x_4) ^ (-x_10 v -x_14 v -x_11) ^ (x_0 v -x_9 v -x_8) ^ (-x_10 v x_2 v -x_8) ^ (x_3 v x_12 v -x_10) ^ (-x_2 v x_5) ^ (x_3 v x_12 v x_8) ^ (x_5 v -x_13 v -x_0) ^ (x_0 v x_7) ^ (x_1 v -x_8 v -x_14) ^ (-x_9 v x_13 v -x_0) ^ (x_6 v x_7 v x_5) ^ (x_6 v x_12) ^ (x_1 v x_9 v -x_11) ^ (-x_12 v -x_10 v -x_0) ^ (x_3 v x_9 v -x_8) ^ (-x_6 v x_2 v -x_3)]
15,44,7.86771035194397,1,0.020031452178955078,4.626368522644043,[(x_11 v -x_1 v -x_0) ^ (-x_9 v -x_5) ^ (x_0 v -x_1 v -x_9) ^ (x_12 v -x_4 v -x_5) ^ (-x_4 v -x_7 v -x_0) ^ (-x_10 v x_5 v -x_6) ^ (x_0 v x_7 v -x_11) ^ (x_1 v -x_2 v x_5) ^ (x_6 v x_9 v -x_13) ^ (-x_9 v x_12 v -x_8) ^ (x_1 v x_12 v -x_0) ^ (-x_14 v -x_13 v x_8) ^ (-x_3 v -x_0) ^ (x_7 v x_5 v -x_6) ^ (-x_12 v -x_6 v -x_14) ^ (x_12 v -x_8 v -x_3) ^ (x_14 v x_12 v x_10) ^ (-x_1 v -x_7 v x_10) ^ (-x_1 v -x_8 v -x_11) ^ (x_6 v -x_2 v -x_8) ^ (x_12 v x_2 v -x_13) ^ (-x_1 v x_12 v -x_7) ^ (x_12 v x_13 v -x_6) ^ (x_11 v -x_1 v -x_13) ^ (x_1 v x_12 v -x_7) ^ (-x_12 v x_9 v x_13) ^ (x_11 v x_10 v -x_14) ^ (-x_2 v -x_5 v -x_0) ^ (x_9 v x_5 v -x_14) ^ (x_1 v -x_8 v -x_0) ^ (x_11 v x_5 v x_14) ^ (-x_1 v -x_4 v -x_0) ^ (-x_11 v x_5 v -x_0) ^ (x_3 v -x_10 v -x_13) ^ (-x_12 v -x_7 v -x_11) ^ (-x_7 v -x_2 v -x_6) ^ (-x_9 v x_8 v -x_11) ^ (x_12 v -x_2 v -x_8) ^ (x_4 v x_13 v -x_0) ^ (x_8 v x_2 v -x_14) ^ (x_3 v x_12 v x_11) ^ (-x_1 v -x_7 v -x_14) ^ (x_3 v -x_4 v -x_2) ^ (-x_4 v x_10 v -x_14)]
15,40,6.5223681926727295,182,0.01584172248840332,4.2919921875,[(x_0 v -x_1 v -x_9) ^ (x_11 v -x_4 v -x_3) ^ (-x_1 v x_12 v x_5) ^ (-x_4 v x_5) ^ (x_8 v -x_7 v -x_3) ^ (x_1 v -x_2 v -x_8) ^ (x_4 v -x_13 v -x_6) ^ (x_3 v -x_9 v x_10) ^ (-x_2 v x_10 v x_13) ^ (x_3 v -x_12 v -x_4) ^ (x_6 v x_12 v -x_10) ^ (-x_0 v -x_9 v -x_3) ^ (x_3 v x_1) ^ (x_9 v x_12 v -x_11) ^ (x_6 v x_1 v -x_13) ^ (x_5 v -x_7 v -x_13) ^ (-x_4 v -x_3) ^ (-x_1 v -x_3 v x_11) ^ (x_2 v -x_8 v -x_6) ^ (x_12 v x_5) ^ (x_11 v x_6 v x_10) ^ (x_12 v -x_5 v x_13) ^ (-x_1 v x_3 v x_2) ^ (-x_2 v -x_8 v -x_3) ^ (x_1 v -x_7 v x_5) ^ (x_11 v -x_9 v x_4) ^ (x_3 v -x_13 v x_14) ^ (-x_4 v x_10) ^ (-x_1 v -x_9 v x_10) ^ (x_11 v -x_3 v -x_14) ^ (x_14 v -x_2 v x_11) ^ (x_14 v x_5 v -x_11) ^ (x_0 v x_12 v -x_8) ^ (x_7 v x_5 v -x_0) ^ (x_3 v x_5 v x_8) ^ (x_1 v x_7) ^ (x_10 v x_2 v x_8) ^ (x_12 v -x_2 v -x_8) ^ (-x_9 v x_13 v -x_6) ^ (x_14 v -x_7 v -x_8)]
15,43,8.265148401260376,1,0.01468038558959961,4.863741874694824,[(x_11 v -x_5 v -x_2) ^ (-x_5 v x_10 v x_2) ^ (-x_10 v x_5 v -x_0) ^ (-x_5 v x_13 v x_4) ^ (x_10 v x_13 v x_8) ^ (x_1 v x_8 v -x_6) ^ (x_14 v x_12 v x_7) ^ (-x_4 v x_7 v x_8) ^ (x_6 v -x_12 v x_4) ^ (x_0 v x_8 v -x_6) ^ (x_11 v -x_12 v x_4) ^ (x_4 v x_2 v -x_14) ^ (x_11 v x_9 v -x_10) ^ (x_3 v -x_9 v -x_10) ^ (x_3 v -x_12 v x_14) ^ (x_6 v -x_9 v -x_0) ^ (x_7 v x_13 v -x_0) ^ (x_14 v -x_1 v x_9) ^ (x_12 v x_4) ^ (x_3 v x_7 v x_2) ^ (x_1 v x_4 v -x_14) ^ (-x_3 v -x_6) ^ (-x_11 v x_9 v -x_0) ^ (x_6 v x_10 v -x_13) ^ (-x_7 v x_2 v -x_8) ^ (-x_9 v -x_5 v -x_8) ^ (-x_12 v x_7 v -x_8) ^ (x_11 v -x_9 v x_1) ^ (x_1 v -x_10) ^ (-x_7 v -x_6 v -x_11) ^ (x_11 v -x_5 v x_0) ^ (x_6 v x_2 v -x_14) ^ (x_3 v x_6 v -x_5) ^ (x_14 v -x_0 v -x_3) ^ (x_3 v x_10 v x_13) ^ (x_3 v -x_5 v -x_14) ^ (x_12 v x_4 v x_8) ^ (x_14 v x_1 v x_8) ^ (x_14 v -x_9 v x_12) ^ (-x_12 v x_4 v -x_13) ^ (x_11 v x_5 v x_14) ^ (-x_6 v x_10 v -x_14) ^ (x_1 v -x_4 v -x_10)]
15,17,2.9422624111175537,182,0.015569686889648438,4.9510345458984375,[(-x_0 v x_2 v x_8) ^ (x_0 v x_12 v -x_8) ^ (x_3 v x_6 v x_10) ^ (x_3 v -x_9 v x_8) ^ (-x_1 v -x_10 v -x_13) ^ (-x_1 v -x_12 v x_14) ^ (x_7 v -x_13 v x_8) ^ (x_0 v x_13) ^ (x_0 v x_7 v x_14) ^ (-x_9 v x_12 v x_2) ^ (x_11 v -x_2 v -x_6) ^ (-x_5 v -x_8 v -x_3) ^ (x_0 v -x_7 v -x_8) ^ (x_6 v -x_3 v -x_11) ^ (x_1 v -x_9 v -x_8) ^ (x_4 v x_5 v -x_6) ^ (x_6 v x_12 v -x_13)]
15,18,3.3265419006347656,1,0.014023065567016602,4.9923200607299805,[(x_14 v -x_4 v -x_0) ^ (-x_1 v -x_7 v -x_10) ^ (x_14 v x_5 v x_8) ^ (x_11 v x_12 v -x_14) ^ (x_6 v -x_4 v -x_2) ^ (x_0 v -x_12 v x_3) ^ (x_12 v -x_5 v x_4) ^ (x_0 v x_10 v x_7) ^ (x_0 v x_9 v -x_5) ^ (-x_7 v -x_10 v -x_14) ^ (x_3 v -x_9 v -x_4) ^ (x_3 v -x_2 v -x_0) ^ (x_11 v -x_10 v -x_3) ^ (x_1 v -x_0) ^ (-x_9 v -x_10 v x_13) ^ (x_1 v x_4 v x_5) ^ (-x_9 v x_5) ^ (x_14 v x_1 v x_8)]
15,31,5.131014585494995,182,0.015992164611816406,5.2835845947265625,[(x_12 v -x_14 v -x_3) ^ (x_14 v -x_12 v -x_4) ^ (-x_10 v -x_2 v -x_14) ^ (-x_5 v -x_13 v x_8) ^ (x_3 v x_4 v x_5) ^ (-x_7 v x_2 v -x_0) ^ (x_14 v x_5 v -x_3) ^ (x_12 v -x_5 v -x_0) ^ (x_3 v -x_13) ^ (x_1 v -x_7 v -x_2) ^ (x_9 v x_10 v x_13) ^ (-x_0 v -x_6) ^ (x_6 v x_4) ^ (-x_11 v x_7 v -x_3) ^ (-x_6 v x_13 v -x_14) ^ (x_3 v x_9 v -x_2) ^ (-x_9 v -x_12 v -x_6) ^ (x_9 v x_12 v x_13) ^ (x_0 v x_5 v -x_8) ^ (x_2 v -x_13 v -x_8) ^ (x_14 v x_12 v x_4) ^ (x_3 v -x_12 v x_5) ^ (-x_1 v -x_11 v x_0) ^ (-x_7 v -x_2 v -x_11) ^ (x_1 v -x_7 v -x_11) ^ (x_9 v x_5 v -x_3) ^ (x_11 v -x_5 v -x_13) ^ (-x_2 v x_5 v -x_11) ^ (x_3 v -x_11) ^ (-x_1 v x_6 v x_5) ^ (x_11 v x_10 v x_5)]
15,19,3.453598737716675,1,0.013993501663208008,5.399500846862793,[(x_1 v x_7 v -x_0) ^ (x_4 v x_2 v -x_14) ^ (-x_4 v x_5 v -x_7) ^ (x_14 v -x_12) ^ (x_10 v x_13 v x_4) ^ (x_1 v -x_4 v -x_13) ^ (x_11 v -x_2 v x_13) ^ (x_14 v -x_2 v -x_11) ^ (-x_1 v x_10 v x_0) ^ (-x_4 v -x_6) ^ (x_0 v x_5 v -x_8) ^ (x_11 v -x_10 v -x_13) ^ (-x_9 v -x_4 v -x_11) ^ (-x_2 v -x_8 v -x_14) ^ (-x_1 v -x_4 v -x_7) ^ (x_3 v x_9 v x_10) ^ (x_3 v -x_12 v x_13) ^ (x_11 v x_7) ^ (-x_4 v x_10 v x_13)]
15,19,3.2361388206481934,182,0.017252445220947266,5.36090087890625,[(-x_4 v -x_2 v -x_11) ^ (x_12 v x_10 v x_7) ^ (x_11 v -x_5 v x_8) ^ (x_3 v x_9 v x_5) ^ (-x_10 v -x_13 v -x_8) ^ (x_9 v -x_2 v x_8) ^ (x_1 v x_9 v -x_2) ^ (-x_5 v x_4) ^ (x_3 v -x_8 v -x_6) ^ (x_12 v -x_7 v -x_0) ^ (x_14 v -x_9 v -x_7) ^ (-x_7 v -x_13) ^ (-x_1 v x_2 v x_13) ^ (x_11 v -x_10 v -x_2) ^ (-x_9 v x_4 v -x_14) ^ (-x_9 v x_4 v -x_3) ^ (x_3 v -x_4 v -x_8) ^ (-x_10 v -x_8 v -x_6) ^ (-x_1 v -x_7 v -x_14)]
15,37,7.524846076965332,1,0.018706798553466797,5.373995780944824,[(x_0 v -x_4 v -x_5) ^ (x_11 v -x_10 v -x_14) ^ (-x_7 v x_10 v -x_14) ^ (-x_11 v x_9 v -x_6) ^ (-x_10 v -x_14 v -x_0) ^ (x_14 v -x_0 v -x_11) ^ (x_14 v -x_4 v x_5) ^ (x_3 v x_9 v -x_4) ^ (x_14 v -x_5 v -x_0) ^ (x_8 v x_9 v -x_3) ^ (x_14 v -x_7 v -x_13) ^ (-x_5 v x_7 v -x_14) ^ (x_0 v -x_5 v x_2) ^ (-x_4 v x_10 v x_5) ^ (x_3 v x_1 v -x_5) ^ (x_9 v x_4 v x_8) ^ (-x_13 v -x_11) ^ (-x_9 v -x_4 v -x_8) ^ (x_14 v -x_5 v x_2) ^ (-x_12 v -x_5 v -x_6) ^ (x_12 v -x_5 v -x_3) ^ (x_4 v -x_13 v -x_3) ^ (x_3 v x_4 v x_8) ^ (x_3 v x_1 v -x_6) ^ (x_3 v x_4 v x_7) ^ (x_12 v x_4 v x_8) ^ (-x_4 v -x_5 v -x_3) ^ (x_6 v x_12 v -x_13) ^ (x_14 v x_1 v -x_13) ^ (-x_7 v -x_2 v -x_11) ^ (x_11 v -x_1 v -x_4) ^ (x_14 v x_6 v x_7) ^ (-x_7 v x_4 v x_13) ^ (x_6 v -x_4 v x_13) ^ (x_14 v x_4 v -x_11) ^ (x_1 v x_9 v -x_13) ^ (x_9 v -x_13)]
15,16,2.764972686767578,182,0.019214391708374023,4.866386413574219,[(-x_9 v x_7 v -x_13) ^ (x_9 v x_12 v -x_10) ^ (x_14 v x_1 v x_5) ^ (x_14 v -x_13 v -x_11) ^ (-x_11 v x_9 v -x_6) ^ (x_11 v x_9 v x_7) ^ (x_11 v x_7 v x_8) ^ (x_3 v -x_9 v -x_2) ^ (x_14 v x_8 v x_0) ^ (-x_3 v x_13 v -x_6) ^ (x_6 v x_12 v -x_11) ^ (x_0 v -x_5 v x_2) ^ (x_7 v -x_14 v -x_3) ^ (-x_1 v x_12 v -x_2) ^ (-x_4 v x_5 v -x_3) ^ (x_1 v x_4 v -x_13)]
15,39,6.953341245651245,1,0.014771699905395508,5.0056257247924805,[(x_3 v x_5 v x_11) ^ (x_1 v -x_5 v -x_11) ^ (x_0 v -x_13 v -x_14) ^ (x_6 v -x_12 v x_4) ^ (x_0 v -x_5 v -x_8) ^ (x_11 v x_12 v -x_10) ^ (x_0 v -x_4 v x_5) ^ (x_0 v -x_10 v -x_14) ^ (x_11 v x_13 v -x_14) ^ (x_0 v -x_10 v x_7) ^ (-x_4 v -x_8 v -x_14) ^ (x_12 v -x_4 v -x_13) ^ (x_0 v -x_5 v x_14) ^ (-x_4 v -x_5 v -x_8) ^ (x_12 v x_4 v -x_14) ^ (-x_12 v x_7 v -x_8) ^ (x_12 v x_2 v -x_8) ^ (x_10 v x_2 v -x_11) ^ (x_6 v x_1 v x_2) ^ (x_3 v x_10 v -x_8) ^ (-x_10 v x_4 v x_5) ^ (x_0 v x_4 v -x_3) ^ (x_12 v -x_8) ^ (x_6 v x_9 v x_2) ^ (x_3 v x_5 v -x_8) ^ (x_11 v x_2 v -x_3) ^ (-x_13 v -x_4 v x_2) ^ (x_11 v -x_5 v x_7) ^ (-x_5 v x_2 v -x_0) ^ (-x_11 v -x_7 v x_8) ^ (x_14 v x_10 v -x_5) ^ (-x_10 v x_13) ^ (-x_1 v x_12 v x_14) ^ (x_14 v x_9 v -x_13) ^ (x_14 v x_12 v -x_2) ^ (x_11 v x_12 v x_9) ^ (x_1 v x_12 v -x_3) ^ (x_5 v x_2 v -x_6) ^ (x_9 v x_5)]
15,33,5.4803290367126465,182,0.012775421142578125,5.458770751953125,[(-x_1 v x_10 v -x_13) ^ (-x_2 v x_5 v -x_14) ^ (x_0 v x_14 v -x_8) ^ (x_1 v -x_7 v -x_8) ^ (x_11 v -x_1 v x_7) ^ (-x_10 v -x_5 v -x_11) ^ (x_9 v x_4 v -x_10) ^ (-x_9 v x_12 v x_8) ^ (x_11 v -x_7 v x_5) ^ (-x_5 v x_10 v x_7) ^ (x_9 v -x_13 v -x_6) ^ (x_14 v -x_10 v -x_3) ^ (-x_12 v -x_13 v -x_3) ^ (x_6 v x_10 v x_5) ^ (-x_10 v -x_8 v -x_3) ^ (-x_9 v x_12 v -x_7) ^ (x_1 v -x_7 v x_10) ^ (x_11 v x_9) ^ (x_0 v x_1 v x_14) ^ (x_6 v -x_9 v x_13) ^ (x_11 v x_13 v x_0) ^ (-x_4 v -x_8 v -x_0) ^ (x_0 v -x_9 v -x_4) ^ (x_3 v -x_14) ^ (x_7 v x_5 v -x_0) ^ (x_13 v x_8) ^ (-x_0 v x_7 v -x_3) ^ (-x_9 v x_1 v -x_8) ^ (-x_1 v -x_10 v x_0) ^ (-x_4 v x_13 v -x_14) ^ (x_3 v -x_11) ^ (x_3 v -x_2 v -x_14) ^ (x_14 v x_4 v x_0)]
15,45,8.48218822479248,1,0.01955103874206543,4.8511152267456055,[(x_14 v -x_5 v -x_13) ^ (-x_4 v -x_2 v -x_11) ^ (-x_9 v -x_12 v x_7) ^ (-x_4 v x_13 v x_8) ^ (x_14 v -x_12 v x_4) ^ (x_10 v -x_3 v -x_6) ^ (-x_1 v -x_4 v -x_3) ^ (x_14 v -x_13 v -x_6) ^ (x_6 v x_10 v x_8) ^ (x_14 v -x_4 v -x_0) ^ (x_0 v x_10 v -x_8) ^ (x_0 v -x_2 v x_7) ^ (-x_9 v x_10 v x_4) ^ (x_3 v -x_13 v -x_11) ^ (x_14 v x_7 v x_5) ^ (x_6 v x_13 v -x_8) ^ (x_14 v x_12 v x_13) ^ (x_12 v x_9 v -x_7) ^ (-x_9 v -x_14 v -x_0) ^ (-x_12 v x_2 v -x_14) ^ (x_6 v -x_12 v -x_3) ^ (x_12 v -x_5 v x_13) ^ (x_6 v -x_10 v x_2) ^ (-x_0 v -x_12 v -x_3) ^ (x_11 v -x_1 v x_6) ^ (-x_10 v -x_5 v -x_14) ^ (x_10 v x_7 v -x_0) ^ (x_6 v -x_12 v x_2) ^ (x_1 v -x_5 v -x_0) ^ (-x_2 v x_5 v -x_3) ^ (x_0 v -x_7 v -x_10) ^ (-x_9 v x_1 v x_13) ^ (x_11 v -x_0) ^ (x_6 v -x_5 v -x_0) ^ (x_5 v -x_8 v -x_6) ^ (x_6 v -x_4 v -x_14) ^ (x_14 v -x_2 v x_7) ^ (x_3 v -x_10 v -x_13) ^ (x_4 v -x_0) ^ (-x_9 v -x_7 v -x_2) ^ (x_12 v -x_4 v -x_2) ^ (-x_9 v -x_5 v x_7) ^ (x_11 v -x_10 v x_2) ^ (x_14 v x_12 v -x_7) ^ (-x_1 v x_12 v -x_5)]
15,21,4.1387200355529785,182,0.01733875274658203,5.040184020996094,[(-x_7 v -x_5 v -x_0) ^ (-x_0 v -x_12 v x_8) ^ (x_1 v x_9 v -x_7) ^ (x_2 v x_13 v -x_6) ^ (x_14 v -x_4 v -x_13) ^ (x_3 v x_7 v x_2) ^ (-x_2 v x_7 v x_4) ^ (x_6 v x_12 v -x_10) ^ (x_10 v x_9 v -x_5) ^ (x_0 v x_6 v -x_2) ^ (x_1 v x_13) ^ (x_3 v -x_10 v x_5) ^ (-x_7 v -x_2 v -x_14) ^ (-x_10 v -x_8) ^ (-x_11 v x_2 v -x_3) ^ (x_3 v -x_5 v x_7) ^ (-x_12 v -x_10 v -x_14) ^ (-x_12 v x_13 v -x_11) ^ (x_14 v x_8) ^ (-x_1 v -x_9 v -x_0) ^ (-x_5 v -x_13)]
15,20,3.6604466438293457,1,0.01457834243774414,5.518420219421387,[(x_1 v x_2 v -x_6) ^ (x_4 v x_13 v -x_14) ^ (x_5 v -x_13 v -x_11) ^ (x_11 v -x_2 v x_8) ^ (x_10 v -x_8 v -x_6) ^ (x_14 v x_9 v -x_0) ^ (x_4 v -x_13 v -x_0) ^ (-x_9 v x_1) ^ (x_9 v x_7 v -x_6) ^ (-x_14 v x_13 v -x_3) ^ (x_14 v x_7 v x_0) ^ (-x_4 v x_7 v x_2) ^ (x_0 v x_1 v -x_4) ^ (-x_10 v x_2 v -x_6) ^ (x_3 v x_4 v x_8) ^ (x_0 v x_3) ^ (x_6 v -x_12 v -x_0) ^ (x_12 v -x_14 v -x_6) ^ (x_0 v -x_4 v -x_3) ^ (-x_14 v x_13 v x_8)]
15,20,3.3942694664001465,182,0.015488862991333008,4.975921630859375,[(x_1 v x_2 v -x_6) ^ (-x_1 v x_9 v x_13) ^ (x_14 v x_12 v x_8) ^ (x_14 v -x_5 v x_4) ^ (x_14 v -x_12 v -x_6) ^ (x_11 v x_6 v -x_14) ^ (x_3 v -x_5 v -x_11) ^ (-x_10 v x_7 v -x_13) ^ (-x_12 v -x_7 v -x_0) ^ (x_11 v -x_5 v -x_0) ^ (x_9 v x_2 v -x_7) ^ (-x_1 v x_6 v x_2) ^ (x_14 v -x_9 v x_4) ^ (x_11 v -x_1 v -x_14) ^ (-x_4 v x_13 v -x_6) ^ (x_0 v -x_9 v -x_14) ^ (x_1 v -x_12) ^ (x_14 v x_10 v x_11) ^ (-x_12 v -x_7 v -x_11) ^ (-x_10 v x_4 v -x_11)]
15,17,3.144453287124634,1,0.012163877487182617,5.078173637390137,[(-x_1 v -x_7 v x_11) ^ (x_14 v -x_10 v -x_8) ^ (x_3 v x_9 v -x_10) ^ (x_0 v x_6 v x_9) ^ (x_11 v -x_4 v x_9) ^ (x_14 v -x_4 v -x_5) ^ (-x_1 v -x_9 v -x_10) ^ (x_0 v x_13) ^ (x_6 v -x_5 v x_4) ^ (x_3 v -x_10 v x_11) ^ (-x_9 v -x_13 v -x_14) ^ (x_12 v -x_7 v -x_8) ^ (-x_11 v -x_4 v x_8) ^ (x_0 v -x_1 v -x_4) ^ (x_1 v -x_10 v -x_7) ^ (-x_7 v -x_2 v -x_10) ^ (x_6 v x_1 v -x_3)]
15,36,5.877894639968872,182,0.01668238639831543,4.9066314697265625,[(x_0 v -x_2 v x_5) ^ (x_3 v -x_4 v x_2) ^ (x_6 v x_12 v -x_3) ^ (-x_1 v x_12 v x_8) ^ (x_0 v -x_12 v -x_8) ^ (-x_14 v x_5 v x_8) ^ (-x_14 v -x_3 v -x_0) ^ (x_0 v x_9 v -x_8) ^ (-x_6 v x_7 v -x_14) ^ (-x_12 v -x_6 v -x_14) ^ (x_8 v -x_10 v -x_11) ^ (-x_0 v -x_2 v x_4) ^ (x_3 v -x_14 v x_8) ^ (-x_9 v x_1 v -x_10) ^ (x_1 v -x_9 v -x_6) ^ (x_11 v -x_9) ^ (x_1 v x_13 v -x_14) ^ (-x_12 v x_4 v x_2) ^ (-x_1 v -x_9 v -x_3) ^ (x_3 v -x_7 v x_13) ^ (-x_5 v x_8) ^ (-x_12 v -x_5 v x_4) ^ (x_11 v x_1 v -x_7) ^ (x_0 v x_6 v -x_10) ^ (-x_1 v x_5 v x_8) ^ (x_9 v x_12 v -x_10) ^ (-x_1 v x_9 v -x_11) ^ (x_1 v x_12 v -x_14) ^ (-x_1 v x_2 v -x_3) ^ (x_0 v x_3 v x_11) ^ (-x_2 v -x_14) ^ (x_3 v -x_1 v x_9) ^ (x_0 v x_13 v x_8) ^ (x_9 v x_4 v -x_7) ^ (-x_12 v -x_11) ^ (x_14 v x_6 v -x_10)]
15,39,7.425629138946533,1,0.016051054000854492,5.327876091003418,[(-x_4 v -x_3 v -x_6) ^ (-x_2 v -x_5 v -x_3) ^ (-x_1 v x_9 v x_13) ^ (x_1 v x_7 v x_2) ^ (-x_4 v -x_8 v -x_6) ^ (x_6 v -x_7 v x_8) ^ (x_0 v -x_4 v x_10) ^ (x_8 v x_12 v -x_0) ^ (-x_9 v x_5 v -x_8) ^ (x_1 v -x_13 v -x_3) ^ (x_14 v -x_12 v x_4) ^ (-x_1 v -x_4 v -x_13) ^ (x_7 v x_5 v -x_11) ^ (x_4 v -x_13 v -x_6) ^ (-x_1 v -x_12 v -x_8) ^ (x_9 v x_7 v -x_8) ^ (x_1 v -x_2 v x_13) ^ (-x_9 v -x_14 v -x_3) ^ (-x_4 v x_5 v -x_14) ^ (x_7 v x_5) ^ (-x_7 v x_10 v x_5) ^ (-x_10 v x_4 v x_5) ^ (x_1 v x_7 v -x_3) ^ (x_12 v -x_10 v x_13) ^ (x_3 v -x_0 v x_11) ^ (x_6 v -x_7 v x_13) ^ (x_11 v x_12 v -x_14) ^ (x_14 v x_1 v x_12) ^ (x_6 v -x_5 v x_4) ^ (-x_9 v x_10 v -x_3) ^ (-x_2 v -x_13 v x_8) ^ (-x_9 v x_2 v x_13) ^ (x_14 v -x_8 v -x_6) ^ (-x_12 v -x_2 v x_13) ^ (x_4 v x_5 v -x_0) ^ (-x_11 v -x_10 v -x_14) ^ (x_11 v -x_5 v -x_13) ^ (x_12 v -x_7 v -x_8) ^ (x_14 v x_5 v x_0)]
15,36,6.289496421813965,182,0.01982402801513672,5.145286560058594,[(x_14 v x_12 v x_2) ^ (-x_9 v -x_6) ^ (x_9 v -x_2 v -x_8) ^ (-x_2 v x_5 v -x_6) ^ (x_11 v x_2 v -x_0) ^ (x_14 v -x_9 v x_3) ^ (x_3 v x_13 v x_11) ^ (-x_10 v -x_14 v -x_0) ^ (x_3 v x_0) ^ (x_9 v -x_2 v x_13) ^ (-x_2 v x_10 v x_7) ^ (-x_7 v x_2 v -x_3) ^ (x_11 v x_1 v -x_2) ^ (x_7 v -x_13 v -x_14) ^ (x_14 v -x_4 v -x_13) ^ (x_3 v -x_4 v x_10) ^ (x_1 v -x_10 v -x_3) ^ (-x_13 v x_5 v -x_0) ^ (x_0 v x_6 v x_7) ^ (-x_7 v -x_2 v -x_0) ^ (x_6 v -x_12 v -x_3) ^ (-x_9 v -x_5 v -x_13) ^ (-x_1 v -x_14) ^ (x_6 v -x_10 v x_2) ^ (-x_7 v -x_2 v -x_3) ^ (-x_9 v -x_7 v -x_6) ^ (x_1 v x_12 v -x_6) ^ (-x_11 v -x_4 v -x_6) ^ (-x_10 v -x_5 v x_4) ^ (x_1 v x_4 v -x_8) ^ (x_9 v x_2 v -x_3) ^ (-x_12 v -x_2 v -x_3) ^ (-x_1 v x_4 v -x_3) ^ (-x_7 v -x_2 v -x_6) ^ (x_5 v x_2 v -x_6) ^ (-x_1 v x_12 v -x_5)]
15,21,3.9189698696136475,1,0.013518333435058594,4.863612174987793,[(-x_7 v -x_13 v -x_14) ^ (x_9 v x_4 v x_7) ^ (-x_4 v -x_2 v -x_6) ^ (-x_11 v -x_14 v x_8) ^ (-x_9 v x_12) ^ (-x_1 v -x_5 v -x_3) ^ (-x_8 v -x_0) ^ (-x_4 v x_9 v -x_8) ^ (x_6 v -x_12 v -x_7) ^ (-x_9 v -x_4 v -x_5) ^ (x_11 v -x_10 v -x_0) ^ (-x_4 v -x_7 v x_8) ^ (x_14 v -x_10 v -x_3) ^ (x_14 v -x_7 v x_3) ^ (x_0 v x_13 v -x_8) ^ (x_11 v x_1 v x_5) ^ (x_14 v x_5 v -x_6) ^ (-x_9 v -x_2 v -x_13) ^ (-x_9 v x_13 v -x_0) ^ (x_14 v x_9 v -x_13) ^ (x_1 v -x_3 v -x_14)]
15,37,6.072288751602173,182,0.016327857971191406,5.563194274902344,[(x_9 v -x_5 v -x_7) ^ (-x_13 v x_7 v x_2) ^ (-x_2 v -x_8 v x_4) ^ (x_0 v -x_10 v x_7) ^ (x_0 v -x_10 v x_2) ^ (x_2 v x_5 v -x_11) ^ (x_8 v -x_13 v -x_3) ^ (-x_12 v x_7) ^ (x_6 v -x_10 v x_7) ^ (x_14 v -x_9 v x_1) ^ (x_11 v x_6 v x_4) ^ (-x_5 v x_13 v -x_11) ^ (-x_9 v -x_4 v x_10) ^ (x_1 v x_4 v -x_0) ^ (-x_12 v -x_7 v x_5) ^ (-x_10 v x_4 v -x_14) ^ (-x_12 v -x_9 v -x_8) ^ (-x_10 v x_2 v -x_8) ^ (x_11 v x_13 v -x_3) ^ (x_3 v x_9 v x_12) ^ (-x_12 v -x_2 v -x_8) ^ (-x_6 v x_5 v x_8) ^ (-x_4 v x_12 v x_10) ^ (-x_2 v -x_3 v x_8) ^ (x_0 v x_5 v x_8) ^ (x_9 v -x_4 v -x_8) ^ (-x_4 v x_5 v -x_6) ^ (x_3 v -x_4 v -x_6) ^ (x_11 v x_4 v x_3) ^ (-x_1 v x_4 v -x_3) ^ (x_10 v x_5 v -x_3) ^ (-x_1 v x_2 v -x_11) ^ (-x_12 v -x_7 v -x_11) ^ (x_4 v x_2 v -x_0) ^ (x_12 v x_2 v x_5) ^ (x_3 v -x_1 v -x_5) ^ (-x_12 v -x_9 v -x_11)]
15,43,8.102697610855103,1,0.015424966812133789,5.253405570983887,[(x_3 v -x_10 v x_13) ^ (-x_4 v -x_8 v -x_6) ^ (x_11 v x_13) ^ (x_11 v x_8) ^ (-x_9 v -x_10 v -x_5) ^ (x_3 v -x_7 v x_8) ^ (x_0 v -x_6 v -x_11) ^ (-x_9 v x_4 v x_5) ^ (x_3 v x_6 v -x_14) ^ (x_11 v -x_9 v -x_13) ^ (-x_5 v -x_2 v -x_8) ^ (-x_7 v -x_14) ^ (-x_12 v x_4 v -x_14) ^ (x_1 v x_12 v x_5) ^ (x_6 v x_1 v -x_0) ^ (x_0 v -x_8 v -x_3) ^ (x_7 v x_13 v -x_8) ^ (x_14 v -x_1 v x_5) ^ (-x_4 v -x_7 v x_8) ^ (x_5 v -x_7 v -x_13) ^ (x_9 v x_7 v -x_3) ^ (x_10 v -x_13) ^ (x_14 v -x_10 v -x_2) ^ (x_12 v -x_6 v -x_14) ^ (-x_12 v x_9 v -x_3) ^ (-x_9 v -x_13 v -x_3) ^ (x_6 v -x_12 v x_9) ^ (x_5 v -x_8 v -x_3) ^ (x_4 v x_2 v x_13) ^ (-x_2 v x_5 v x_13) ^ (-x_9 v -x_2 v -x_5) ^ (-x_0 v -x_12 v -x_11) ^ (x_9 v -x_7 v -x_8) ^ (-x_9 v -x_8 v -x_0) ^ (x_8 v x_12 v -x_14) ^ (x_7 v x_2 v x_4) ^ (x_6 v -x_4 v -x_13) ^ (x_11 v x_9 v -x_13) ^ (-x_10 v x_13) ^ (x_6 v -x_9 v x_7) ^ (x_14 v -x_8 v -x_0) ^ (x_11 v -x_12 v x_13) ^ (x_7 v -x_8 v -x_3)]
15,31,6.6679847240448,182,0.015474081039428711,5.296966552734375,[(x_11 v -x_7 v x_8) ^ (-x_1 v -x_5 v -x_2) ^ (x_1 v x_13 v -x_0) ^ (-x_12 v x_5 v -x_8) ^ (x_3 v x_12 v -x_2) ^ (x_6 v x_9 v -x_13) ^ (x_14 v -x_2 v -x_0) ^ (-x_4 v -x_3 v -x_14) ^ (x_1 v -x_12 v -x_3) ^ (-x_10 v x_4 v -x_0) ^ (-x_3 v -x_8 v -x_6) ^ (x_9 v -x_5 v x_4) ^ (x_0 v x_1 v -x_8) ^ (x_1 v -x_8 v -x_6) ^ (-x_12 v -x_2 v -x_0) ^ (x_12 v x_5 v -x_11) ^ (-x_1 v x_10 v -x_2) ^ (x_9 v -x_10 v -x_13) ^ (x_12 v x_7 v x_13) ^ (-x_7 v -x_2 v -x_8) ^ (x_14 v -x_6 v x_0) ^ (x_3 v x_1 v -x_6) ^ (x_11 v x_10 v x_7) ^ (-x_12 v -x_7 v -x_3) ^ (x_10 v x_2 v x_7) ^ (-x_1 v x_14 v -x_6) ^ (x_0 v x_6 v -x_13) ^ (-x_13 v -x_14) ^ (-x_7 v x_10 v -x_3) ^ (-x_9 v x_7 v x_5) ^ (x_14 v x_7 v -x_2)]
15,39,7.117607116699219,1,0.015809059143066406,5.3763532638549805,[(-x_1 v x_5) ^ (x_1 v x_7 v x_2) ^ (x_11 v -x_4 v -x_14) ^ (x_3 v -x_4 v x_14) ^ (x_6 v -x_7 v -x_5) ^ (-x_7 v x_2 v -x_14) ^ (x_7 v x_5 v x_8) ^ (x_12 v -x_14 v -x_11) ^ (-x_10 v -x_13 v -x_14) ^ (x_6 v x_10 v x_8) ^ (-x_0 v -x_8 v -x_11) ^ (x_7 v -x_5 v x_13) ^ (-x_12 v x_13 v -x_6) ^ (x_14 v -x_4 v -x_11) ^ (-x_1 v x_3 v -x_14) ^ (-x_1 v x_9 v -x_5) ^ (x_14 v -x_5 v -x_2) ^ (x_11 v x_13 v -x_0) ^ (-x_1 v x_6 v -x_9) ^ (-x_12 v x_2 v x_8) ^ (-x_4 v -x_7 v x_13) ^ (-x_4 v x_10 v -x_11) ^ (-x_10 v x_7 v -x_14) ^ (-x_4 v x_10) ^ (x_3 v x_6 v x_5) ^ (-x_1 v x_4 v x_7) ^ (x_14 v x_7 v -x_11) ^ (-x_10 v -x_14 v -x_6) ^ (x_3 v x_12 v x_8) ^ (x_2 v -x_8 v -x_3) ^ (-x_9 v x_13 v -x_11) ^ (-x_1 v x_5 v x_13) ^ (-x_6 v -x_8 v -x_14) ^ (x_11 v -x_0) ^ (x_14 v x_2 v -x_6) ^ (x_11 v -x_4 v -x_0) ^ (-x_12 v x_10 v x_5) ^ (x_2 v -x_13 v x_8) ^ (x_9 v x_12)]
15,32,5.32387113571167,182,0.015627145767211914,5.313720703125,[(x_3 v x_10) ^ (-x_6 v x_4 v -x_3) ^ (x_3 v x_9 v x_5) ^ (-x_1 v x_8 v -x_11) ^ (x_12 v x_5 v -x_14) ^ (-x_5 v -x_11) ^ (-x_9 v -x_2 v x_4) ^ (x_3 v x_9 v -x_11) ^ (x_2 v x_13 v -x_11) ^ (-x_12 v -x_5 v -x_8) ^ (x_11 v x_12 v -x_6) ^ (x_10 v x_5 v -x_14) ^ (-x_0 v x_6 v -x_14) ^ (x_6 v x_10 v x_13) ^ (x_11 v x_6 v x_4) ^ (-x_7 v -x_2 v -x_13) ^ (x_14 v -x_4 v -x_3) ^ (x_9 v x_2 v -x_0) ^ (-x_7 v -x_2 v -x_0) ^ (x_7 v x_2 v -x_8) ^ (x_12 v -x_5 v x_13) ^ (x_3 v x_14 v x_0) ^ (x_10 v x_5 v x_7) ^ (-x_12 v -x_9 v -x_13) ^ (-x_5 v x_7 v -x_0) ^ (-x_2 v x_5 v -x_3) ^ (x_3 v -x_1 v x_13) ^ (x_14 v -x_7 v -x_0) ^ (x_3 v x_0 v x_8) ^ (x_6 v -x_8 v -x_0) ^ (x_3 v -x_4 v -x_13) ^ (x_7 v -x_8 v -x_3)]
15,37,6.769620180130005,1,0.015816688537597656,5.447497367858887,[(x_0 v -x_3 v x_8) ^ (-x_0 v -x_2 v -x_14) ^ (x_6 v -x_9 v -x_4) ^ (x_11 v x_2 v -x_0) ^ (-x_12 v x_7 v x_2) ^ (x_5 v -x_0) ^ (-x_4 v x_2 v x_8) ^ (-x_5 v x_2 v x_7) ^ (-x_4 v x_2 v -x_3) ^ (-x_1 v x_9 v -x_14) ^ (-x_2 v x_7 v -x_11) ^ (-x_9 v x_5) ^ (-x_12 v -x_13 v -x_14) ^ (-x_4 v x_12) ^ (x_7 v x_13 v -x_0) ^ (x_0 v x_10 v -x_8) ^ (x_1 v -x_5 v x_2) ^ (x_6 v x_1 v x_7) ^ (-x_12 v -x_2 v -x_0) ^ (-x_5 v x_2) ^ (x_11 v x_9 v x_0) ^ (x_0 v x_11 v x_8) ^ (x_14 v -x_13 v -x_11) ^ (x_14 v x_9 v x_10) ^ (-x_2 v -x_5 v -x_0) ^ (-x_1 v -x_9 v x_3) ^ (x_1 v x_10 v -x_14) ^ (-x_4 v x_13 v -x_6) ^ (x_14 v x_12 v -x_6) ^ (x_2 v -x_13 v -x_8) ^ (x_6 v -x_12) ^ (-x_4 v x_12 v x_5) ^ (x_12 v -x_4 v -x_14) ^ (-x_9 v -x_2 v -x_13) ^ (x_12 v x_2 v -x_6) ^ (-x_12 v -x_11 v -x_0) ^ (x_12 v -x_2 v -x_14)]
15,30,5.868818759918213,182,0.016518115997314453,5.1382293701171875,[(x_11 v x_4 v x_8) ^ (x_3 v -x_2 v x_7) ^ (x_11 v -x_7 v -x_5) ^ (x_0 v -x_4 v x_8) ^ (x_14 v x_9 v -x_7) ^ (-x_10 v -x_14 v -x_3) ^ (-x_9 v x_10 v -x_0) ^ (-x_12 v -x_5 v x_13) ^ (-x_12 v -x_7 v x_2) ^ (-x_0 v x_4 v -x_14) ^ (x_3 v x_7) ^ (x_12 v x_5 v x_8) ^ (-x_12 v x_2 v -x_14) ^ (x_1 v x_4) ^ (x_7 v x_5) ^ (x_12 v x_2 v -x_14) ^ (x_9 v x_7 v -x_14) ^ (x_14 v -x_8) ^ (x_5 v x_1 v -x_13) ^ (x_4 v -x_8 v -x_3) ^ (-x_5 v x_12 v x_10) ^ (x_12 v x_10 v -x_0) ^ (-x_0 v -x_4 v x_8) ^ (-x_9 v -x_4 v -x_11) ^ (x_9 v -x_7 v -x_3) ^ (x_14 v x_9 v -x_13) ^ (x_6 v -x_9 v -x_14) ^ (-x_4 v x_10 v -x_8) ^ (x_11 v -x_7 v -x_8) ^ (x_6 v x_9 v -x_8)]
15,20,3.694742441177368,1,0.01876354217529297,5.375506401062012,[(x_6 v x_5 v x_13) ^ (x_10 v x_5 v -x_0) ^ (-x_1 v -x_10 v -x_3) ^ (-x_1 v -x_2 v x_8) ^ (x_7 v x_5 v x_8) ^ (x_4 v x_2 v -x_14) ^ (x_11 v x_6 v -x_8) ^ (x_1 v -x_7 v -x_14) ^ (x_14 v -x_10) ^ (x_14 v -x_7 v x_13) ^ (x_2 v -x_8 v -x_0) ^ (x_12 v -x_10 v x_7) ^ (x_0 v -x_4 v x_13) ^ (x_11 v x_1 v x_4) ^ (-x_4 v x_9 v -x_11) ^ (-x_1 v -x_4) ^ (-x_1 v x_9 v x_0) ^ (x_11 v -x_7 v x_2) ^ (x_11 v -x_5 v -x_6) ^ (x_3 v -x_11 v -x_0)]
15,32,5.307097434997559,182,0.016547679901123047,5.238365173339844,[(x_3 v x_12 v x_4) ^ (x_3 v x_7 v -x_0) ^ (x_11 v -x_12 v -x_4) ^ (-x_4 v -x_14 v -x_0) ^ (-x_1 v -x_2 v -x_11) ^ (-x_3 v -x_0) ^ (x_14 v -x_5 v x_11) ^ (x_12 v -x_7) ^ (x_11 v x_1 v -x_3) ^ (-x_1 v -x_5 v x_4) ^ (-x_11 v x_8) ^ (x_3 v -x_10 v x_5) ^ (x_14 v -x_12 v x_7) ^ (-x_10 v -x_5 v -x_14) ^ (x_3 v -x_12 v x_7) ^ (x_1 v -x_11 v -x_14) ^ (x_0 v -x_10 v -x_13) ^ (x_10 v -x_14 v x_4) ^ (-x_12 v -x_5 v -x_11) ^ (-x_12 v x_5 v -x_0) ^ (x_11 v -x_9 v -x_5) ^ (x_3 v x_9 v -x_10) ^ (-x_1 v -x_9 v -x_5) ^ (x_14 v x_4 v -x_6) ^ (x_0 v x_13 v -x_3) ^ (-x_1 v x_9 v -x_13) ^ (-x_9 v -x_10 v x_8) ^ (-x_2 v x_13) ^ (x_3 v -x_10) ^ (x_8 v x_2 v -x_3) ^ (-x_1 v -x_10 v -x_8) ^ (x_6 v -x_4 v x_9)]
15,23,4.431044578552246,1,0.01772785186767578,5.166834831237793,[(-x_1 v x_5) ^ (-x_10 v x_7 v -x_8) ^ (x_0 v -x_13 v -x_14) ^ (-x_7 v -x_4 v x_13) ^ (x_3 v -x_9 v -x_13) ^ (x_14 v -x_5) ^ (-x_1 v x_10 v -x_6) ^ (x_14 v x_12 v x_13) ^ (x_6 v x_9) ^ (-x_1 v x_9 v -x_6) ^ (-x_1 v x_10 v -x_2) ^ (x_14 v x_9 v x_10) ^ (x_0 v -x_1 v -x_13) ^ (x_3 v -x_5 v x_2) ^ (x_0 v x_9 v -x_7) ^ (x_11 v x_13 v x_8) ^ (-x_12 v -x_4 v -x_3) ^ (x_6 v x_12) ^ (x_3 v -x_14 v -x_0) ^ (-x_7 v x_10 v x_8) ^ (-x_6 v -x_2 v x_4) ^ (x_10 v -x_2 v x_5) ^ (x_2 v x_5 v -x_11)]
15,40,7.769463062286377,182,0.017433643341064453,5.375358581542969,[(x_5 v -x_6) ^ (-x_1 v x_9 v x_13) ^ (-x_1 v x_12 v -x_0) ^ (x_11 v -x_13 v x_0) ^ (x_4 v -x_8 v -x_11) ^ (x_6 v -x_10 v -x_11) ^ (-x_1 v -x_5 v -x_3) ^ (x_12 v x_10 v x_13) ^ (x_11 v x_7 v x_2) ^ (x_9 v -x_5 v x_2) ^ (x_14 v x_5 v x_8) ^ (-x_4 v x_7) ^ (x_5 v x_9 v -x_13) ^ (x_14 v -x_5 v x_0) ^ (-x_4 v x_13) ^ (-x_1 v -x_6) ^ (x_3 v -x_9 v -x_5) ^ (x_3 v x_6 v -x_9) ^ (-x_1 v -x_13) ^ (x_6 v x_13 v -x_3) ^ (x_14 v -x_13) ^ (x_6 v -x_9 v x_8) ^ (x_6 v x_13 v x_8) ^ (x_12 v x_4 v -x_3) ^ (x_10 v -x_8 v -x_14) ^ (-x_9 v -x_4 v x_8) ^ (x_9 v x_10 v x_8) ^ (-x_12 v -x_9 v x_8) ^ (-x_1 v x_2 v -x_8) ^ (x_11 v x_1 v x_5) ^ (x_0 v -x_9 v -x_4) ^ (x_6 v x_5) ^ (x_0 v x_6 v -x_13) ^ (-x_5 v -x_13) ^ (x_3 v -x_6 v -x_11) ^ (x_11 v -x_10 v x_13) ^ (x_1 v -x_9 v x_10) ^ (x_7 v -x_14 v x_4) ^ (-x_12 v x_8) ^ (x_14 v x_12 v -x_8)]
15,29,5.844970941543579,1,0.015061140060424805,5.284304618835449,[(x_3 v x_4 v x_5) ^ (-x_4 v -x_2 v -x_0) ^ (x_4 v x_5 v -x_11) ^ (-x_1 v -x_5 v x_2) ^ (-x_7 v x_10 v x_4) ^ (-x_4 v -x_13 v -x_14) ^ (x_0 v x_1 v x_5) ^ (x_14 v -x_4 v -x_0) ^ (x_3 v x_12 v x_2) ^ (x_9 v x_7 v -x_8) ^ (x_14 v x_6 v x_0) ^ (-x_5 v -x_8 v -x_3) ^ (x_11 v -x_12 v -x_7) ^ (x_6 v -x_3) ^ (x_14 v -x_1 v x_13) ^ (x_3 v -x_12 v -x_0) ^ (-x_12 v x_2 v x_8) ^ (-x_1 v -x_4 v -x_2) ^ (x_0 v x_8 v -x_14) ^ (-x_9 v x_10 v x_2) ^ (x_1 v -x_7) ^ (x_3 v x_12 v x_14) ^ (x_0 v x_14 v -x_11) ^ (x_14 v -x_4 v -x_7) ^ (x_9 v -x_5 v -x_11) ^ (-x_1 v x_2 v -x_6) ^ (x_8 v x_2 v -x_14) ^ (-x_9 v x_7 v x_5) ^ (x_0 v -x_5 v -x_11)]
15,32,5.279290199279785,182,0.016664981842041016,5.2680206298828125,[(x_14 v x_9 v -x_11) ^ (x_12 v -x_2 v -x_3) ^ (-x_1 v -x_12 v x_14) ^ (x_9 v x_13) ^ (-x_4 v -x_10 v -x_6) ^ (-x_9 v -x_12 v -x_5) ^ (x_1 v -x_7 v x_8) ^ (-x_9 v -x_3 v x_8) ^ (-x_1 v x_4 v -x_11) ^ (-x_7 v x_4 v x_8) ^ (x_6 v x_9 v -x_14) ^ (x_10 v -x_3 v x_8) ^ (-x_12 v -x_0) ^ (x_1 v -x_12 v -x_5) ^ (x_6 v x_10 v x_5) ^ (x_14 v -x_9 v x_4) ^ (x_12 v x_9 v x_8) ^ (-x_12 v x_9 v x_13) ^ (-x_9 v -x_8 v -x_3) ^ (-x_7 v x_4 v -x_6) ^ (-x_5 v -x_3 v -x_11) ^ (-x_4 v -x_2 v x_13) ^ (x_14 v x_9 v x_3) ^ (-x_1 v x_7 v x_8) ^ (x_2 v -x_8 v -x_3) ^ (x_14 v x_12 v -x_0) ^ (-x_9 v x_12 v x_10) ^ (-x_4 v x_10 v -x_6) ^ (x_11 v -x_7 v -x_13) ^ (-x_13 v -x_14) ^ (x_14 v x_6) ^ (x_10 v -x_2 v x_5)]
15,39,7.004950284957886,1,0.013890504837036133,5.322146415710449,[(-x_12 v -x_4 v -x_10) ^ (x_3 v x_6 v x_10) ^ (x_11 v -x_5 v x_8) ^ (x_0 v -x_10 v x_4) ^ (x_0 v -x_4 v x_5) ^ (x_0 v -x_7 v -x_8) ^ (-x_13 v x_5) ^ (-x_10 v -x_13 v -x_14) ^ (x_12 v -x_0) ^ (-x_1 v -x_6 v -x_0) ^ (x_1 v x_4 v -x_14) ^ (x_11 v -x_9 v x_13) ^ (x_1 v -x_2 v -x_3) ^ (x_0 v -x_5 v -x_2) ^ (-x_0 v x_4 v -x_14) ^ (-x_1 v -x_3 v -x_11) ^ (x_3 v x_12 v x_5) ^ (-x_4 v -x_2 v -x_14) ^ (-x_1 v -x_7 v x_5) ^ (-x_7 v -x_2 v -x_14) ^ (-x_9 v x_2 v -x_6) ^ (-x_4 v -x_10) ^ (x_1 v x_5 v -x_6) ^ (x_11 v x_12 v -x_2) ^ (x_3 v x_6 v x_4) ^ (x_14 v -x_6 v -x_0) ^ (-x_4 v x_13 v -x_11) ^ (-x_1 v x_10 v -x_2) ^ (x_6 v x_10 v x_4) ^ (-x_4 v -x_5 v -x_14) ^ (x_5 v -x_8 v -x_11) ^ (x_14 v -x_9 v x_7) ^ (-x_2 v x_7 v -x_3) ^ (-x_12 v -x_7 v x_8) ^ (x_3 v x_6 v -x_10) ^ (x_10 v -x_4 v -x_5) ^ (x_4 v x_2 v -x_0) ^ (x_14 v -x_9 v -x_3) ^ (x_3 v -x_4 v x_13)]
15,33,5.576634883880615,182,0.019817352294921875,5.105010986328125,[(-x_12 v -x_10 v -x_5) ^ (x_11 v x_4 v x_13) ^ (x_1 v x_7 v x_2) ^ (-x_8 v x_13 v -x_6) ^ (-x_9 v -x_4 v -x_7) ^ (x_4 v x_5 v -x_8) ^ (x_14 v -x_4 v x_5) ^ (x_3 v x_6) ^ (x_6 v -x_9 v -x_0) ^ (-x_7 v -x_10 v -x_3) ^ (-x_5 v -x_6) ^ (x_10 v x_5 v x_13) ^ (x_6 v x_1 v -x_14) ^ (x_0 v -x_12 v -x_7) ^ (x_8 v -x_14 v -x_6) ^ (-x_9 v x_12 v -x_2) ^ (x_12 v x_2 v -x_8) ^ (x_2 v x_5) ^ (x_9 v -x_13 v -x_7) ^ (x_6 v -x_12 v x_9) ^ (x_1 v x_9 v x_10) ^ (x_1 v x_12 v -x_7) ^ (-x_9 v x_4 v -x_0) ^ (x_1 v x_5 v -x_11) ^ (-x_10 v -x_3) ^ (-x_14 v -x_8 v -x_0) ^ (-x_5 v x_10 v -x_11) ^ (x_3 v -x_1 v -x_10) ^ (x_3 v x_12 v x_14) ^ (-x_10 v -x_5 v x_7) ^ (-x_12 v x_1 v x_3) ^ (-x_2 v -x_5 v x_13) ^ (-x_11 v x_2 v -x_0)]
15,26,4.718289613723755,1,0.01504373550415039,5.439761161804199,[(x_14 v -x_4 v x_9) ^ (x_0 v x_1 v -x_10) ^ (-x_7 v x_8) ^ (-x_12 v x_5 v -x_8) ^ (x_4 v -x_8 v -x_11) ^ (x_6 v x_1 v -x_4) ^ (-x_1 v -x_12 v -x_10) ^ (x_0 v -x_5 v -x_14) ^ (-x_9 v -x_13 v -x_6) ^ (x_11 v x_12 v x_10) ^ (x_7 v x_13 v -x_0) ^ (x_11 v x_6 v -x_4) ^ (x_3 v x_6 v x_2) ^ (x_1 v x_9 v x_2) ^ (-x_0 v x_5 v -x_6) ^ (x_0 v -x_9 v x_1) ^ (-x_4 v x_12 v x_2) ^ (-x_2 v -x_5) ^ (-x_9 v x_10 v x_8) ^ (-x_9 v -x_8 v -x_0) ^ (x_14 v -x_7 v -x_0) ^ (-x_1 v -x_4 v -x_0) ^ (x_14 v x_6 v x_7) ^ (-x_12 v -x_10 v -x_0) ^ (x_12 v -x_7 v -x_3) ^ (-x_10 v -x_14)]
15,33,5.97503399848938,182,0.01606297492980957,5.190986633300781,[(-x_1 v -x_2 v -x_13) ^ (-x_10 v -x_13 v -x_11) ^ (x_6 v x_4 v x_8) ^ (-x_1 v -x_7 v -x_2) ^ (x_1 v -x_13 v -x_3) ^ (-x_1 v -x_12 v x_9) ^ (x_11 v x_2 v x_13) ^ (x_14 v -x_9 v -x_13) ^ (x_11 v -x_10 v -x_5) ^ (x_3 v x_5) ^ (x_11 v -x_12 v -x_5) ^ (x_9 v -x_5 v -x_10) ^ (x_0 v -x_2 v x_14) ^ (x_10 v -x_2 v x_4) ^ (x_14 v -x_5 v x_7) ^ (x_1 v x_7 v -x_11) ^ (x_10 v -x_3) ^ (x_11 v -x_14) ^ (x_12 v -x_13 v -x_14) ^ (x_0 v x_11 v -x_3) ^ (x_11 v -x_9 v -x_4) ^ (-x_1 v -x_2) ^ (x_1 v -x_11 v -x_14) ^ (x_11 v x_2 v -x_3) ^ (x_11 v x_5 v x_13) ^ (x_5 v -x_14) ^ (x_0 v x_6 v x_3) ^ (-x_4 v x_2 v -x_6) ^ (x_7 v x_5 v -x_0) ^ (-x_1 v -x_7 v -x_8) ^ (-x_12 v x_10 v x_7) ^ (x_3 v -x_9 v -x_12) ^ (x_12 v -x_7)]
15,29,5.203314304351807,1,0.020322561264038086,5.2615766525268555,[(-x_12 v -x_6 v -x_3) ^ (x_11 v -x_7 v x_8) ^ (x_11 v x_12 v x_5) ^ (-x_1 v x_6 v -x_7) ^ (-x_10 v -x_5 v -x_3) ^ (-x_12 v -x_4 v -x_0) ^ (x_11 v -x_13 v x_8) ^ (x_6 v x_7 v -x_11) ^ (x_0 v -x_10 v -x_14) ^ (x_1 v -x_2) ^ (-x_9 v x_7 v -x_3) ^ (-x_4 v x_12 v -x_8) ^ (x_1 v -x_14 v -x_0) ^ (x_5 v -x_8 v -x_0) ^ (-x_1 v x_10 v -x_11) ^ (x_0 v x_10 v x_8) ^ (-x_2 v -x_3 v -x_14) ^ (x_14 v x_12) ^ (x_6 v x_1 v x_2) ^ (-x_11 v x_9 v -x_3) ^ (x_9 v -x_3 v -x_6) ^ (x_12 v -x_7 v -x_0) ^ (-x_4 v -x_5 v -x_7) ^ (x_3 v -x_6 v -x_14) ^ (-x_10 v -x_6) ^ (x_11 v x_1 v x_7) ^ (x_0 v -x_4 v x_7) ^ (x_1 v x_9 v -x_11) ^ (-x_12 v -x_13 v -x_8)]
15,22,3.791437864303589,182,0.01567840576171875,5.492103576660156,[(-x_9 v -x_2 v -x_3) ^ (-x_4 v x_10 v x_8) ^ (x_11 v -x_5 v -x_14) ^ (-x_12 v x_9 v -x_5) ^ (-x_9 v -x_12 v -x_5) ^ (x_9 v -x_12 v -x_4) ^ (-x_5 v x_13 v -x_3) ^ (-x_4 v -x_2 v -x_8) ^ (-x_1 v x_12 v -x_4) ^ (x_6 v -x_5 v -x_14) ^ (x_7 v x_13 v x_8) ^ (-x_10 v x_2 v -x_6) ^ (-x_4 v -x_7 v -x_6) ^ (x_0 v x_1 v x_7) ^ (x_11 v x_5 v x_13) ^ (x_9 v x_10) ^ (x_0 v -x_9 v x_2) ^ (-x_12 v -x_2 v x_8) ^ (x_11 v x_12 v x_3) ^ (x_14 v -x_3 v -x_6) ^ (x_3 v -x_4) ^ (-x_12 v -x_2 v -x_5)]
15,41,7.204368352890015,1,0.015839576721191406,5.409968376159668,[(x_3 v x_12 v x_4) ^ (-x_3 v -x_14) ^ (-x_12 v x_5 v x_13) ^ (x_9 v x_5 v -x_0) ^ (x_10 v x_13 v -x_14) ^ (x_1 v x_10 v -x_13) ^ (x_3 v x_14 v -x_11) ^ (-x_1 v x_9 v -x_14) ^ (x_11 v -x_5 v x_14) ^ (-x_8 v -x_0) ^ (x_0 v x_9) ^ (x_3 v x_12 v x_7) ^ (-x_10 v -x_8 v -x_0) ^ (x_1 v x_7 v x_5) ^ (-x_10 v -x_6 v x_8) ^ (x_9 v x_13 v -x_3) ^ (x_0 v -x_12 v -x_4) ^ (-x_4 v -x_7 v x_8) ^ (x_10 v x_6 v -x_5) ^ (x_11 v -x_9 v x_1) ^ (x_14 v -x_4 v -x_3) ^ (-x_9 v x_7 v -x_13) ^ (x_3 v -x_2 v -x_8) ^ (x_6 v x_10 v x_5) ^ (x_3 v -x_7 v -x_2) ^ (x_10 v x_7 v -x_6) ^ (-x_4 v x_10 v -x_11) ^ (x_14 v -x_7 v -x_5) ^ (-x_2 v -x_13 v x_8) ^ (x_12 v -x_7 v -x_6) ^ (x_11 v x_1 v -x_7) ^ (x_9 v x_4 v -x_0) ^ (-x_6 v x_2 v -x_0) ^ (x_0 v x_10 v -x_2) ^ (x_0 v -x_1 v -x_6) ^ (-x_9 v -x_7 v -x_13) ^ (x_8 v -x_13 v -x_14) ^ (x_6 v x_4 v x_5) ^ (x_1 v x_2 v -x_3) ^ (x_6 v -x_2 v -x_14) ^ (x_11 v -x_13)]
15,27,4.498920917510986,182,0.017493486404418945,5.1841888427734375,[(-x_4 v x_7 v -x_11) ^ (x_0 v -x_7 v -x_13) ^ (x_10 v x_5 v -x_14) ^ (-x_1 v x_12 v -x_4) ^ (x_6 v x_12 v -x_8) ^ (-x_1 v -x_5 v -x_0) ^ (x_9 v -x_13 v -x_6) ^ (x_0 v -x_12 v x_4) ^ (x_0 v x_10 v x_8) ^ (-x_1 v -x_9 v -x_14) ^ (-x_14 v -x_8 v -x_11) ^ (x_6 v x_7 v -x_8) ^ (-x_11 v x_10 v x_8) ^ (x_14 v x_1 v x_12) ^ (-x_1 v x_10 v -x_2) ^ (x_1 v x_12 v -x_6) ^ (-x_1 v -x_12 v -x_11) ^ (x_0 v -x_10 v x_11) ^ (-x_12 v -x_2 v x_7) ^ (-x_12 v x_13 v -x_11) ^ (x_3 v x_6 v x_12) ^ (x_8 v x_10 v -x_3) ^ (x_7 v x_13 v -x_14) ^ (x_8 v -x_14 v -x_11) ^ (x_3 v x_12 v x_11) ^ (-x_10 v -x_5 v x_8) ^ (-x_2 v -x_3)]
15,26,5.207926034927368,1,0.01976299285888672,5.279086112976074,[(-x_12 v -x_9 v x_4) ^ (x_3 v x_12 v -x_0) ^ (-x_1 v x_0) ^ (x_13 v -x_5 v x_7) ^ (x_3 v x_13 v -x_8) ^ (x_11 v -x_10 v x_7) ^ (x_9 v x_13) ^ (x_11 v x_5 v x_0) ^ (x_0 v x_1 v -x_12) ^ (x_12 v x_9 v -x_5) ^ (x_14 v x_9 v x_4) ^ (x_12 v -x_2 v x_4) ^ (x_14 v -x_3 v -x_0) ^ (x_11 v x_1 v x_9) ^ (x_0 v x_5 v -x_8) ^ (-x_1 v x_5 v x_11) ^ (x_11 v -x_9 v x_10) ^ (x_1 v -x_9 v x_2) ^ (x_14 v x_6 v -x_4) ^ (x_14 v x_1 v -x_5) ^ (-x_13 v -x_14) ^ (-x_1 v -x_4 v x_5) ^ (x_3 v -x_13 v -x_0) ^ (x_11 v x_12) ^ (x_11 v x_4 v x_5) ^ (x_0 v x_9 v x_10)]
15,33,5.441382169723511,182,0.018126249313354492,5.4113311767578125,[(x_11 v -x_7 v x_8) ^ (-x_4 v x_5 v -x_8) ^ (x_14 v -x_12 v x_5) ^ (-x_1 v -x_4 v x_8) ^ (-x_1 v x_6 v x_0) ^ (x_7 v x_2) ^ (x_11 v x_9 v -x_4) ^ (x_1 v -x_7 v x_8) ^ (x_3 v x_1 v -x_13) ^ (x_11 v x_6 v -x_14) ^ (x_3 v x_8 v -x_14) ^ (x_13 v -x_8 v -x_11) ^ (x_0 v -x_4 v -x_6) ^ (x_6 v x_12 v -x_8) ^ (x_9 v -x_13 v -x_6) ^ (x_14 v x_12) ^ (x_6 v x_9 v -x_14) ^ (-x_5 v -x_13 v -x_0) ^ (x_11 v -x_2 v -x_14) ^ (-x_4 v -x_10 v -x_0) ^ (x_6 v x_10 v -x_11) ^ (-x_10 v x_13 v -x_6) ^ (x_0 v x_12 v -x_13) ^ (-x_0 v x_2 v x_8) ^ (-x_12 v x_9 v x_4) ^ (-x_2 v x_10 v x_4) ^ (x_4 v x_2 v -x_6) ^ (-x_0 v -x_4 v -x_11) ^ (x_7 v -x_13 v x_8) ^ (-x_10 v x_13 v -x_14) ^ (-x_12 v -x_7 v x_4) ^ (x_1 v -x_10 v x_4) ^ (-x_2 v -x_8)]
15,43,7.724607706069946,1,0.016357421875,5.4818220138549805,[(x_11 v -x_2 v -x_3) ^ (-x_4 v x_7 v -x_11) ^ (x_0 v x_13 v -x_11) ^ (x_1 v -x_13 v -x_3) ^ (x_4 v x_2 v -x_14) ^ (x_0 v x_10 v -x_6) ^ (x_3 v x_6 v x_13) ^ (x_0 v -x_12 v -x_2) ^ (-x_5 v -x_14 v x_4) ^ (x_1 v -x_2 v x_13) ^ (-x_10 v -x_7 v -x_3) ^ (-x_1 v -x_3 v -x_11) ^ (-x_9 v x_12 v -x_13) ^ (x_11 v x_3 v x_8) ^ (x_1 v x_9 v -x_10) ^ (x_11 v -x_4 v x_8) ^ (x_11 v -x_0 v -x_14) ^ (x_9 v x_1 v -x_4) ^ (x_1 v x_5 v -x_6) ^ (-x_10 v x_2 v -x_6) ^ (x_8 v x_4 v -x_6) ^ (x_12 v x_9 v -x_3) ^ (x_11 v x_2 v -x_8) ^ (-x_9 v x_10 v x_2) ^ (-x_1 v -x_12 v -x_4) ^ (x_9 v x_12 v x_2) ^ (-x_1 v x_2 v x_5) ^ (x_3 v x_10 v -x_2) ^ (-x_1 v x_7 v x_8) ^ (x_9 v x_2 v x_13) ^ (x_3 v x_12 v x_8) ^ (x_12 v x_13 v -x_8) ^ (-x_1 v x_5 v x_13) ^ (x_1 v -x_4 v -x_5) ^ (x_0 v x_1 v x_9) ^ (x_6 v -x_5 v -x_0) ^ (x_0 v -x_4 v -x_2) ^ (x_11 v -x_5 v x_3) ^ (x_9 v x_4 v x_13) ^ (x_1 v -x_2 v x_4) ^ (x_11 v x_7) ^ (x_10 v -x_2 v -x_13) ^ (-x_13 v x_2 v -x_14)]
15,25,4.281810998916626,182,0.014121770858764648,5.3005218505859375,[(x_10 v x_2 v -x_0) ^ (x_0 v x_1 v -x_5) ^ (x_9 v -x_11) ^ (x_3 v -x_13) ^ (x_12 v -x_2 v x_4) ^ (-x_7 v x_4 v -x_10) ^ (x_3 v -x_12 v x_4) ^ (x_9 v x_13 v x_8) ^ (-x_12 v -x_10) ^ (x_9 v -x_5 v -x_0) ^ (x_3 v x_9 v -x_6) ^ (-x_12 v x_4 v -x_8) ^ (-x_1 v x_5 v -x_8) ^ (-x_9 v -x_10 v -x_11) ^ (x_3 v x_12 v -x_8) ^ (-x_13 v -x_0) ^ (x_3 v x_5 v x_13) ^ (x_3 v -x_9) ^ (x_11 v x_1 v x_5) ^ (-x_14 v -x_13 v -x_3) ^ (-x_12 v x_9 v -x_6) ^ (x_3 v -x_11) ^ (-x_10 v -x_8 v -x_6) ^ (x_12 v -x_10 v x_2) ^ (x_0 v x_10 v x_3)]
15,31,5.7730982303619385,1,0.015920400619506836,5.363436698913574,[(-x_1 v x_6 v x_12) ^ (x_12 v -x_14) ^ (x_1 v x_12 v x_10) ^ (x_11 v x_0 v -x_14) ^ (x_9 v x_10 v -x_6) ^ (x_2 v -x_13 v -x_3) ^ (-x_7 v -x_10 v x_8) ^ (x_0 v -x_5 v x_13) ^ (-x_12 v -x_7 v -x_2) ^ (x_9 v -x_2 v -x_3) ^ (-x_1 v -x_12 v -x_5) ^ (x_9 v -x_13 v -x_0) ^ (-x_4 v -x_2) ^ (-x_1 v -x_9 v x_7) ^ (x_0 v x_12 v -x_3) ^ (x_3 v -x_12 v -x_6) ^ (x_3 v -x_10 v -x_0) ^ (x_9 v x_7 v -x_6) ^ (x_0 v x_9 v x_4) ^ (x_13 v -x_2 v x_7) ^ (x_14 v -x_0 v -x_3) ^ (-x_10 v x_4 v x_13) ^ (-x_13 v x_2 v -x_0) ^ (x_11 v -x_9 v -x_5) ^ (x_3 v x_9 v -x_10) ^ (x_1 v -x_4 v -x_2) ^ (x_0 v x_1 v x_9) ^ (-x_2 v -x_8 v -x_14) ^ (x_6 v -x_8) ^ (x_11 v x_0) ^ (x_11 v x_2 v -x_6)]
15,40,7.1775829792022705,182,0.01847243309020996,5.252281188964844,[(x_1 v -x_5 v -x_11) ^ (x_3 v x_7 v -x_13) ^ (x_0 v x_9 v -x_3) ^ (-x_4 v -x_7) ^ (-x_2 v -x_5 v x_10) ^ (x_6 v -x_3 v -x_11) ^ (x_0 v x_13 v x_11) ^ (-x_10 v -x_2 v -x_0) ^ (x_4 v x_8) ^ (x_11 v x_6 v -x_4) ^ (-x_1 v -x_10 v x_5) ^ (x_6 v x_9 v -x_7) ^ (-x_12 v x_2) ^ (x_6 v -x_4) ^ (x_6 v -x_7 v -x_13) ^ (x_0 v -x_12 v x_4) ^ (x_3 v -x_9 v x_8) ^ (x_9 v x_2 v -x_7) ^ (-x_11 v x_5 v -x_14) ^ (-x_5 v x_13 v -x_6) ^ (-x_7 v x_10 v -x_13) ^ (-x_2 v -x_9 v x_10) ^ (x_9 v x_2) ^ (x_10 v -x_3 v x_4) ^ (-x_10 v x_4 v -x_3) ^ (-x_10 v -x_13) ^ (x_14 v -x_8 v -x_11) ^ (x_9 v x_10 v -x_3) ^ (-x_1 v x_12 v -x_3) ^ (-x_6 v -x_0) ^ (-x_5 v x_13 v x_8) ^ (-x_7 v -x_3 v x_8) ^ (x_14 v -x_4 v -x_2) ^ (x_3 v -x_10 v -x_8) ^ (-x_9 v -x_7 v x_13) ^ (x_14 v x_10 v x_5) ^ (x_11 v x_0) ^ (x_12 v -x_7 v -x_8) ^ (x_3 v -x_2 v -x_0) ^ (x_6 v -x_11 v x_8)]
15,44,7.779992341995239,1,0.013992071151733398,5.269045829772949,[(x_10 v x_13 v -x_14) ^ (x_1 v -x_7 v -x_13) ^ (x_1 v x_8) ^ (x_6 v -x_10 v -x_11) ^ (-x_1 v -x_2 v x_13) ^ (x_6 v -x_7 v x_10) ^ (-x_9 v -x_2 v -x_14) ^ (-x_1 v x_14 v -x_8) ^ (-x_1 v x_6 v x_13) ^ (x_4 v x_5 v x_8) ^ (-x_9 v x_1 v -x_7) ^ (-x_12 v -x_10 v x_13) ^ (x_10 v -x_13 v -x_8) ^ (-x_1 v x_8) ^ (x_3 v x_9 v x_4) ^ (x_3 v x_12 v x_5) ^ (x_10 v -x_11) ^ (-x_10 v x_2 v x_5) ^ (-x_12 v x_9 v x_8) ^ (x_6 v x_9 v -x_14) ^ (x_1 v -x_4 v -x_6) ^ (x_1 v -x_8 v -x_6) ^ (x_11 v x_1 v x_10) ^ (-x_7 v x_4 v x_5) ^ (-x_9 v x_10 v -x_14) ^ (-x_1 v x_10 v -x_14) ^ (-x_10 v x_7 v -x_14) ^ (-x_4 v -x_11) ^ (-x_12 v -x_7 v -x_13) ^ (x_1 v x_7 v -x_13) ^ (-x_12 v -x_7 v -x_8) ^ (x_8 v x_12 v -x_14) ^ (x_1 v x_4 v -x_8) ^ (x_9 v x_2 v x_8) ^ (x_11 v -x_4 v -x_7) ^ (x_14 v -x_2 v x_7) ^ (-x_12 v -x_4 v x_8) ^ (x_6 v -x_9 v x_2) ^ (x_0 v x_6 v x_11) ^ (-x_9 v -x_0) ^ (-x_2 v -x_14 v x_8) ^ (x_4 v -x_14 v -x_3) ^ (-x_7 v -x_3) ^ (-x_4 v x_7 v -x_8)]
15,34,5.844273567199707,182,0.017202377319335938,5.191627502441406,[(x_8 v x_5 v -x_11) ^ (-x_1 v x_9 v x_7) ^ (x_10 v x_5 v -x_11) ^ (x_12 v -x_2 v -x_3) ^ (-x_4 v x_10 v -x_3) ^ (-x_1 v x_13 v -x_8) ^ (x_9 v x_13) ^ (x_3 v -x_4 v x_14) ^ (x_6 v x_1 v -x_4) ^ (-x_5 v -x_14 v x_8) ^ (x_1 v -x_10 v -x_8) ^ (x_11 v x_2 v x_13) ^ (x_11 v x_6 v -x_14) ^ (x_11 v -x_12 v -x_5) ^ (x_1 v -x_10 v x_7) ^ (x_12 v x_10 v x_8) ^ (-x_4 v x_13) ^ (-x_11 v x_4 v -x_6) ^ (x_3 v x_6 v x_1) ^ (-x_4 v x_12 v -x_2) ^ (-x_9 v x_8) ^ (-x_9 v -x_13 v -x_8) ^ (x_12 v x_4 v -x_7) ^ (x_1 v -x_4 v x_13) ^ (-x_10 v x_7 v x_13) ^ (x_3 v x_2 v -x_13) ^ (-x_11 v x_10 v x_8) ^ (x_14 v -x_1) ^ (x_3 v x_12 v -x_14) ^ (-x_12 v x_7 v x_4) ^ (x_0 v x_7 v -x_13) ^ (x_0 v -x_9 v x_2) ^ (x_11 v -x_12 v -x_6) ^ (x_6 v x_10 v -x_0)]
15,33,5.90477991104126,1,0.014025449752807617,5.330676078796387,[(-x_1 v -x_10 v x_8) ^ (-x_1 v -x_10 v -x_3) ^ (x_3 v x_8 v -x_6) ^ (x_6 v x_7 v x_13) ^ (x_14 v x_6 v x_12) ^ (x_0 v -x_2 v -x_14) ^ (x_14 v -x_12 v x_0) ^ (x_1 v x_12 v x_5) ^ (-x_5 v -x_4 v -x_10) ^ (x_5 v -x_8 v -x_14) ^ (x_14 v -x_1 v x_10) ^ (x_0 v -x_5 v x_2) ^ (-x_1 v -x_10 v x_13) ^ (-x_1 v -x_9 v -x_2) ^ (x_9 v x_5 v -x_11) ^ (x_1 v x_4 v -x_11) ^ (-x_9 v -x_5 v -x_13) ^ (x_0 v -x_10 v -x_6) ^ (-x_9 v -x_7 v x_8) ^ (-x_9 v x_1 v x_10) ^ (x_3 v x_10 v x_13) ^ (-x_12 v x_4 v x_8) ^ (-x_11 v -x_4 v -x_0) ^ (-x_6 v -x_3 v -x_0) ^ (x_0 v -x_2 v -x_6) ^ (-x_2 v -x_0) ^ (x_1 v x_12 v -x_2) ^ (-x_1 v -x_12 v x_7) ^ (-x_1 v -x_12) ^ (x_0 v -x_4 v -x_3) ^ (-x_10 v -x_14) ^ (-x_6 v x_4 v x_8) ^ (x_11 v x_2 v -x_6)]
15,27,5.0026795864105225,182,0.017469167709350586,5.2140960693359375,[(x_11 v x_2) ^ (x_3 v x_13 v -x_8) ^ (-x_4 v x_10 v -x_3) ^ (x_9 v -x_4 v -x_0) ^ (x_11 v -x_10 v x_7) ^ (x_3 v -x_5) ^ (x_11 v x_9 v -x_6) ^ (-x_1 v x_3 v x_11) ^ (-x_9 v x_5) ^ (x_3 v x_7 v x_2) ^ (x_10 v -x_2 v x_8) ^ (x_12 v -x_5 v -x_7) ^ (x_1 v -x_4 v -x_13) ^ (x_6 v -x_11 v -x_3) ^ (x_3 v x_1 v x_9) ^ (x_10 v -x_2) ^ (x_1 v x_10) ^ (x_3 v x_10 v -x_14) ^ (-x_9) ^ (-x_2 v -x_13 v -x_14) ^ (x_11 v -x_7) ^ (-x_1 v x_9 v x_8) ^ (x_0 v x_13) ^ (x_0 v x_10 v x_14) ^ (-x_1 v -x_10 v -x_2) ^ (-x_1 v x_11) ^ (x_14 v x_1 v x_10)]
