size,edges,red. ratio,time_lumping,memory (MB),graph
5,3,0.125,0.0011737346649169922,0.01832103729248047,"(Vertices: [0, 1, 2, 3, 4]) -- (Edges: [(0, 3), (1, 3), (1, 4)])"
6,6,0.09375,0.001524209976196289,0.015899658203125,"(Vertices: [0, 1, 2, 3, 4, 5]) -- (Edges: [(0, 4), (3, 4), (1, 5), (1, 4), (0, 2), (2, 5)])"
7,9,0.0703125,0.0029282569885253906,0.02492523193359375,"(Vertices: [0, 1, 2, 3, 4, 5, 6]) -- (Edges: [(0, 1), (2, 4), (0, 4), (3, 4), (5, 6), (3, 6), (1, 6), (1, 3), (3, 5)])"
8,12,0.0390625,0.005556583404541016,0.034340858459472656,"(Vertices: [0, 1, 2, 3, 4, 5, 6, 7]) -- (Edges: [(0, 7), (1, 2), (0, 4), (3, 4), (3, 7), (5, 7), (2, 3), (6, 7), (4, 5), (3, 6), (4, 7), (3, 5)])"
9,11,0.017578125,0.012586355209350586,0.08220100402832031,"(Vertices: [0, 1, 2, 3, 4, 5, 6, 7, 8]) -- (Edges: [(1, 5), (5, 7), (0, 6), (8, 5), (8, 0), (1, 7), (2, 6), (1, 6), (0, 8), (2, 5), (4, 7)])"
10,17,0.015625,0.027699708938598633,0.16047286987304688,"(Vertices: [0, 1, 2, 3, 4, 5, 6, 7, 8, 9]) -- (Edges: [(0, 7), (9, 7), (1, 5), (8, 7), (9, 6), (0, 3), (4, 6), (0, 6), (9, 5), (1, 7), (4, 5), (2, 6), (8, 6), (3, 6), (1, 3), (4, 7), (3, 5)])"
11,17,0.0068359375,0.05999183654785156,0.3442840576171875,"(Vertices: [0, 1, 2, 3, 4, 5, 6, 7, 8, 9, 10]) -- (Edges: [(2, 4), (9, 7), (0, 4), (8, 1), (3, 7), (0, 3), (8, 10), (10, 7), (5, 7), (9, 5), (0, 2), (8, 9), (5, 6), (10, 3), (1, 6), (2, 5), (1, 3)])"
12,13,0.003173828125,0.08470916748046875,0.6111984252929688,"(Vertices: [0, 1, 2, 3, 4, 5, 6, 7, 8, 9, 10, 11]) -- (Edges: [(0, 1), (9, 10), (2, 7), (1, 5), (9, 3), (4, 7), (9, 5), (8, 9), (3, 6), (9, 11), (1, 3), (11, 4), (3, 5)])"
13,27,0.0025634765625,0.1709427833557129,1.2557220458984375,"(Vertices: [0, 1, 2, 3, 4, 5, 6, 7, 8, 9, 10, 11, 12]) -- (Edges: [(12, 7), (8, 0), (8, 9), (10, 6), (10, 3), (8, 12), (0, 8), (3, 12), (8, 2), (9, 4), (0, 7), (10, 5), (10, 11), (0, 4), (0, 10), (12, 5), (4, 7), (3, 11), (8, 4), (9, 3), (8, 7), (11, 3), (10, 7), (1, 4), (2, 3), (11, 12), (1, 7)])"
14,24,0.00115966796875,0.3573262691497803,2.4156875610351562,"(Vertices: [0, 1, 2, 3, 4, 5, 6, 7, 8, 9, 10, 11, 12, 13]) -- (Edges: [(3, 4), (3, 13), (0, 5), (1, 6), (0, 11), (1, 12), (8, 11), (9, 4), (10, 2), (0, 7), (10, 11), (1, 5), (1, 11), (0, 13), (2, 10), (12, 5), (4, 7), (8, 4), (4, 13), (9, 6), (10, 7), (0, 12), (2, 3), (13, 6)])"
15,33,0.000823974609375,0.7335844039916992,4.611328125,"(Vertices: [0, 1, 2, 3, 4, 5, 6, 7, 8, 9, 10, 11, 12, 13, 14]) -- (Edges: [(12, 4), (3, 4), (4, 12), (8, 9), (8, 6), (8, 12), (11, 14), (1, 3), (1, 12), (6, 14), (14, 6), (4, 5), (12, 6), (5, 6), (3, 12), (8, 11), (13, 7), (10, 14), (11, 13), (8, 4), (9, 3), (8, 1), (8, 7), (10, 4), (0, 9), (10, 7), (8, 10), (0, 6), (11, 12), (1, 7), (2, 12), (1, 10), (13, 6)])"
5,2,0.09375,0.0011627674102783203,0.01742839813232422,"(Vertices: [0, 1, 2, 3, 4]) -- (Edges: [(0, 1), (0, 4)])"
6,5,0.09375,0.0013477802276611328,0.01605987548828125,"(Vertices: [0, 1, 2, 3, 4, 5]) -- (Edges: [(0, 1), (2, 4), (3, 4), (1, 5), (0, 3)])"
7,5,0.046875,0.0029077529907226562,0.02152252197265625,"(Vertices: [0, 1, 2, 3, 4, 5, 6]) -- (Edges: [(0, 1), (1, 2), (0, 4), (1, 5), (0, 6)])"
8,10,0.0390625,0.004347324371337891,0.037590980529785156,"(Vertices: [0, 1, 2, 3, 4, 5, 6, 7]) -- (Edges: [(0, 7), (0, 4), (1, 5), (3, 7), (6, 7), (0, 2), (5, 6), (0, 5), (1, 6), (1, 3)])"
9,11,0.021484375,0.012294292449951172,0.08371162414550781,"(Vertices: [0, 1, 2, 3, 4, 5, 6, 7, 8]) -- (Edges: [(0, 7), (1, 2), (2, 7), (0, 3), (4, 6), (0, 6), (1, 7), (8, 3), (0, 5), (1, 3), (8, 5)])"
10,13,0.009765625,0.02601337432861328,0.14316940307617188,"(Vertices: [0, 1, 2, 3, 4, 5, 6, 7, 8, 9]) -- (Edges: [(2, 4), (0, 4), (8, 7), (3, 7), (0, 3), (9, 2), (8, 0), (0, 2), (4, 5), (8, 9), (0, 8), (9, 7), (3, 5)])"
11,20,0.00732421875,0.04697394371032715,0.33771514892578125,"(Vertices: [0, 1, 2, 3, 4, 5, 6, 7, 8, 9, 10]) -- (Edges: [(3, 4), (3, 7), (10, 6), (0, 5), (2, 5), (1, 9), (3, 6), (9, 1), (8, 5), (10, 2), (9, 10), (2, 4), (1, 2), (2, 10), (3, 5), (8, 4), (10, 4), (8, 10), (10, 7), (0, 6)])"
12,24,0.004150390625,0.0880119800567627,0.6284255981445312,"(Vertices: [0, 1, 2, 3, 4, 5, 6, 7, 8, 9, 10, 11]) -- (Edges: [(4, 6), (5, 7), (8, 0), (8, 3), (11, 5), (1, 6), (0, 8), (9, 11), (1, 3), (8, 5), (8, 11), (9, 4), (0, 1), (0, 7), (10, 5), (11, 7), (0, 4), (10, 2), (2, 7), (2, 10), (4, 7), (3, 5), (0, 9), (10, 7)])"
13,24,0.00244140625,0.15698885917663574,1.3064117431640625,"(Vertices: [0, 1, 2, 3, 4, 5, 6, 7, 8, 9, 10, 11, 12]) -- (Edges: [(4, 6), (8, 0), (8, 9), (10, 3), (8, 12), (0, 8), (8, 11), (9, 4), (0, 7), (11, 7), (0, 4), (0, 10), (2, 7), (6, 7), (3, 5), (3, 11), (8, 1), (11, 3), (8, 10), (9, 12), (0, 12), (2, 3), (1, 7), (1, 10)])"
14,32,0.00146484375,0.328291654586792,2.5086441040039062,"(Vertices: [0, 1, 2, 3, 4, 5, 6, 7, 8, 9, 10, 11, 12, 13]) -- (Edges: [(5, 7), (10, 6), (11, 5), (8, 6), (10, 12), (0, 11), (4, 5), (12, 6), (9, 7), (11, 4), (10, 2), (0, 7), (2, 4), (1, 2), (0, 4), (0, 10), (13, 7), (0, 13), (2, 10), (11, 13), (6, 7), (8, 4), (4, 13), (8, 7), (10, 4), (0, 9), (0, 6), (8, 13), (11, 12), (2, 6), (2, 12), (13, 6)])"
15,34,0.000762939453125,0.685436487197876,4.354698181152344,"(Vertices: [0, 1, 2, 3, 4, 5, 6, 7, 8, 9, 10, 11, 12, 13, 14]) -- (Edges: [(12, 13), (3, 13), (0, 2), (9, 5), (0, 5), (8, 12), (9, 14), (9, 11), (2, 5), (11, 14), (1, 9), (0, 11), (2, 14), (1, 12), (12, 6), (8, 2), (9, 1), (8, 11), (10, 2), (9, 10), (8, 14), (10, 11), (1, 5), (0, 13), (2, 10), (1, 14), (3, 14), (4, 13), (5, 14), (9, 6), (0, 6), (0, 12), (11, 6), (1, 13)])"
5,3,0.125,0.001018524169921875,0.01832103729248047,"(Vertices: [0, 1, 2, 3, 4]) -- (Edges: [(0, 2), (1, 2), (1, 3)])"
6,3,0.03125,0.0013055801391601562,0.00988006591796875,"(Vertices: [0, 1, 2, 3, 4, 5]) -- (Edges: [(0, 1), (0, 4), (1, 4)])"
7,11,0.078125,0.002271413803100586,0.02597808837890625,"(Vertices: [0, 1, 2, 3, 4, 5, 6]) -- (Edges: [(0, 1), (1, 5), (4, 6), (1, 4), (0, 6), (2, 3), (0, 2), (3, 6), (2, 5), (1, 3), (3, 5)])"
8,9,0.03125,0.004767179489135742,0.033020973205566406,"(Vertices: [0, 1, 2, 3, 4, 5, 6, 7]) -- (Edges: [(2, 4), (1, 5), (4, 6), (1, 4), (4, 5), (5, 6), (0, 5), (3, 6), (3, 5)])"
9,10,0.01953125,0.008869409561157227,0.08188056945800781,"(Vertices: [0, 1, 2, 3, 4, 5, 6, 7, 8]) -- (Edges: [(0, 1), (0, 7), (4, 6), (1, 4), (0, 6), (0, 2), (0, 5), (3, 6), (1, 6), (3, 5)])"
10,14,0.01171875,0.019309282302856445,0.15296554565429688,"(Vertices: [0, 1, 2, 3, 4, 5, 6, 7, 8, 9]) -- (Edges: [(2, 4), (1, 2), (8, 7), (9, 6), (1, 4), (0, 6), (2, 3), (9, 5), (0, 2), (8, 3), (5, 7), (8, 6), (1, 3), (3, 5)])"
11,14,0.005859375,0.046802520751953125,0.34297943115234375,"(Vertices: [0, 1, 2, 3, 4, 5, 6, 7, 8, 9, 10]) -- (Edges: [(3, 4), (1, 5), (0, 3), (4, 6), (5, 7), (8, 0), (6, 7), (8, 9), (1, 6), (0, 8), (2, 5), (1, 3), (3, 5), (9, 4)])"
12,22,0.004638671875,0.07879304885864258,0.6461334228515625,"(Vertices: [0, 1, 2, 3, 4, 5, 6, 7, 8, 9, 10, 11]) -- (Edges: [(3, 4), (3, 7), (8, 9), (10, 6), (0, 5), (9, 11), (1, 3), (1, 9), (5, 6), (8, 2), (9, 1), (8, 5), (0, 7), (2, 4), (11, 7), (10, 11), (0, 10), (6, 7), (8, 1), (0, 9), (1, 7), (1, 10)])"
13,26,0.002685546875,0.1751554012298584,1.3209762573242188,"(Vertices: [0, 1, 2, 3, 4, 5, 6, 7, 8, 9, 10, 11, 12]) -- (Edges: [(3, 4), (9, 2), (8, 9), (10, 3), (1, 6), (2, 11), (1, 9), (0, 11), (5, 6), (3, 6), (3, 12), (9, 1), (9, 10), (11, 7), (10, 5), (10, 11), (0, 4), (2, 7), (8, 4), (8, 7), (0, 3), (9, 12), (11, 6), (2, 3), (11, 12), (1, 10)])"
14,37,0.0015869140625,0.34104394912719727,2.4824905395507812,"(Vertices: [0, 1, 2, 3, 4, 5, 6, 7, 8, 9, 10, 11, 12, 13]) -- (Edges: [(3, 4), (3, 7), (8, 0), (9, 5), (8, 3), (0, 5), (9, 11), (0, 8), (2, 5), (2, 11), (1, 9), (0, 11), (1, 12), (4, 5), (9, 1), (11, 4), (8, 5), (8, 11), (9, 10), (2, 4), (1, 2), (10, 11), (0, 10), (13, 7), (11, 13), (12, 5), (4, 7), (4, 13), (9, 3), (9, 6), (0, 9), (10, 7), (8, 10), (11, 6), (10, 13), (11, 12), (13, 6)])"
15,35,0.00079345703125,0.6946871280670166,4.396232604980469,"(Vertices: [0, 1, 2, 3, 4, 5, 6, 7, 8, 9, 10, 11, 12, 13, 14]) -- (Edges: [(12, 4), (14, 7), (4, 12), (5, 13), (9, 5), (0, 2), (0, 5), (9, 11), (0, 14), (1, 3), (1, 9), (13, 5), (13, 14), (4, 14), (8, 2), (9, 1), (8, 11), (9, 13), (0, 10), (1, 11), (1, 14), (2, 13), (6, 7), (3, 14), (8, 4), (5, 14), (10, 4), (8, 10), (1, 4), (11, 6), (10, 13), (11, 12), (1, 7), (2, 12), (1, 10)])"
5,3,0.125,0.0007829666137695312,0.01832103729248047,"(Vertices: [0, 1, 2, 3, 4]) -- (Edges: [(2, 3), (2, 4), (1, 2)])"
6,2,0.046875,0.001331329345703125,0.0100555419921875,"(Vertices: [0, 1, 2, 3, 4, 5]) -- (Edges: [(2, 3), (3, 5)])"
7,7,0.0546875,0.002280712127685547,0.023590087890625,"(Vertices: [0, 1, 2, 3, 4, 5, 6]) -- (Edges: [(2, 4), (3, 4), (0, 2), (5, 6), (3, 6), (1, 6), (2, 5)])"
8,4,0.01953125,0.004198312759399414,0.034180641174316406,"(Vertices: [0, 1, 2, 3, 4, 5, 6, 7]) -- (Edges: [(2, 3), (6, 7), (4, 5), (0, 3)])"
9,17,0.025390625,0.008748292922973633,0.08845710754394531,"(Vertices: [0, 1, 2, 3, 4, 5, 6, 7, 8]) -- (Edges: [(0, 1), (3, 4), (2, 7), (1, 4), (0, 6), (2, 3), (8, 5), (1, 7), (8, 3), (5, 7), (8, 0), (0, 5), (3, 6), (8, 6), (0, 8), (4, 7), (3, 5)])"
10,15,0.0126953125,0.019632339477539062,0.15562057495117188,"(Vertices: [0, 1, 2, 3, 4, 5, 6, 7, 8, 9]) -- (Edges: [(0, 4), (8, 4), (2, 7), (1, 5), (8, 1), (9, 3), (8, 7), (0, 3), (4, 6), (2, 3), (8, 9), (3, 6), (1, 6), (4, 7), (3, 5)])"
11,24,0.00830078125,0.04534602165222168,0.36693572998046875,"(Vertices: [0, 1, 2, 3, 4, 5, 6, 7, 8, 9, 10]) -- (Edges: [(9, 2), (5, 7), (8, 0), (0, 2), (8, 3), (8, 6), (1, 6), (0, 8), (2, 5), (1, 3), (1, 9), (4, 5), (5, 6), (3, 6), (9, 1), (8, 5), (9, 4), (1, 2), (4, 7), (3, 5), (8, 4), (8, 7), (10, 4), (10, 7)])"
12,29,0.00537109375,0.21633195877075195,0.6453018188476562,"(Vertices: [0, 1, 2, 3, 4, 5, 6, 7, 8, 9, 10, 11]) -- (Edges: [(3, 4), (4, 6), (9, 2), (5, 7), (9, 5), (0, 2), (8, 9), (0, 5), (4, 5), (5, 6), (9, 7), (11, 4), (10, 2), (9, 4), (0, 1), (0, 7), (10, 5), (0, 4), (0, 10), (2, 7), (2, 10), (6, 7), (3, 5), (10, 4), (9, 6), (0, 9), (8, 10), (0, 6), (2, 3)])"
13,21,0.0023193359375,0.3127174377441406,1.3736495971679688,"(Vertices: [0, 1, 2, 3, 4, 5, 6, 7, 8, 9, 10, 11, 12]) -- (Edges: [(3, 7), (9, 2), (9, 5), (1, 6), (2, 5), (5, 6), (11, 4), (11, 7), (2, 4), (1, 2), (0, 4), (1, 11), (6, 7), (4, 7), (8, 1), (0, 3), (0, 6), (0, 12), (11, 12), (1, 7), (2, 6)])"
14,44,0.00177001953125,0.45981335639953613,2.5396347045898438,"(Vertices: [0, 1, 2, 3, 4, 5, 6, 7, 8, 9, 10, 11, 12, 13]) -- (Edges: [(3, 4), (9, 2), (5, 7), (8, 0), (5, 13), (3, 13), (0, 2), (11, 5), (8, 12), (1, 6), (0, 8), (9, 11), (1, 3), (13, 5), (12, 6), (3, 6), (8, 2), (9, 7), (8, 5), (9, 4), (9, 10), (0, 7), (2, 4), (1, 2), (0, 10), (2, 7), (13, 7), (2, 13), (6, 7), (3, 5), (8, 4), (4, 13), (8, 1), (9, 6), (9, 12), (10, 13), (11, 6), (2, 3), (8, 13), (1, 7), (1, 13), (2, 6), (11, 12), (1, 10)])"
15,36,0.00079345703125,0.7958612442016602,4.372917175292969,"(Vertices: [0, 1, 2, 3, 4, 5, 6, 7, 8, 9, 10, 11, 12, 13, 14]) -- (Edges: [(12, 7), (3, 7), (8, 0), (0, 5), (10, 3), (11, 5), (1, 6), (0, 8), (2, 5), (9, 14), (1, 9), (11, 14), (2, 14), (5, 6), (9, 1), (8, 11), (9, 10), (10, 11), (1, 5), (13, 7), (11, 13), (6, 7), (4, 7), (3, 5), (3, 11), (12, 14), (8, 4), (4, 13), (8, 1), (8, 7), (10, 4), (9, 6), (11, 3), (0, 6), (2, 3), (11, 12)])"
5,4,0.15625,0.004247426986694336,0.02087688446044922,"(Vertices: [0, 1, 2, 3, 4]) -- (Edges: [(0, 1), (2, 3), (1, 2), (0, 4)])"
6,3,0.0625,0.00434112548828125,0.0133514404296875,"(Vertices: [0, 1, 2, 3, 4, 5]) -- (Edges: [(4, 5), (2, 4), (1, 2)])"
7,6,0.0546875,0.007837057113647461,0.02243804931640625,"(Vertices: [0, 1, 2, 3, 4, 5, 6]) -- (Edges: [(2, 4), (0, 4), (3, 4), (1, 6), (2, 5), (1, 3)])"
8,11,0.046875,0.011347770690917969,0.036660194396972656,"(Vertices: [0, 1, 2, 3, 4, 5, 6, 7]) -- (Edges: [(0, 1), (0, 7), (2, 7), (1, 5), (3, 7), (5, 7), (0, 6), (5, 6), (3, 6), (1, 3), (4, 7)])"
9,11,0.021484375,0.01604294776916504,0.09261512756347656,"(Vertices: [0, 1, 2, 3, 4, 5, 6, 7, 8]) -- (Edges: [(0, 7), (0, 4), (8, 4), (8, 1), (1, 5), (3, 7), (4, 6), (0, 6), (2, 3), (8, 3), (0, 5)])"
10,18,0.013671875,0.0318603515625,0.15659713745117188,"(Vertices: [0, 1, 2, 3, 4, 5, 6, 7, 8, 9]) -- (Edges: [(0, 1), (2, 4), (0, 4), (3, 4), (8, 1), (0, 9), (5, 7), (8, 0), (2, 3), (9, 5), (0, 2), (1, 7), (2, 6), (8, 3), (1, 6), (0, 8), (1, 3), (4, 7)])"
11,16,0.00732421875,0.0554656982421875,0.34226226806640625,"(Vertices: [0, 1, 2, 3, 4, 5, 6, 7, 8, 9, 10]) -- (Edges: [(0, 1), (10, 5), (1, 2), (3, 4), (2, 7), (3, 7), (9, 4), (9, 2), (8, 5), (8, 3), (5, 6), (3, 6), (1, 6), (1, 3), (4, 7), (8, 2)])"
12,18,0.003662109375,0.09685730934143066,0.58685302734375,"(Vertices: [0, 1, 2, 3, 4, 5, 6, 7, 8, 9, 10, 11]) -- (Edges: [(11, 7), (10, 5), (1, 2), (0, 10), (3, 7), (11, 3), (9, 2), (8, 0), (0, 6), (6, 7), (8, 9), (10, 6), (1, 10), (11, 5), (0, 8), (9, 7), (11, 4), (3, 11)])"
13,27,0.0023193359375,0.21068024635314941,1.288604736328125,"(Vertices: [0, 1, 2, 3, 4, 5, 6, 7, 8, 9, 10, 11, 12]) -- (Edges: [(12, 7), (3, 7), (5, 7), (0, 2), (8, 9), (2, 5), (10, 12), (12, 6), (5, 6), (8, 11), (9, 4), (10, 2), (11, 7), (10, 11), (0, 4), (2, 10), (8, 4), (9, 3), (8, 7), (9, 12), (8, 10), (10, 7), (0, 12), (2, 3), (11, 12), (2, 6), (2, 12)])"
14,26,0.00115966796875,0.3548409938812256,2.4805679321289062,"(Vertices: [0, 1, 2, 3, 4, 5, 6, 7, 8, 9, 10, 11, 12, 13]) -- (Edges: [(12, 4), (4, 6), (4, 12), (0, 2), (8, 9), (2, 11), (1, 9), (10, 12), (1, 12), (9, 1), (9, 7), (8, 5), (9, 4), (0, 7), (1, 2), (0, 10), (2, 7), (11, 13), (12, 5), (3, 11), (11, 3), (0, 9), (1, 4), (0, 6), (2, 3), (2, 6)])"
15,43,0.000885009765625,0.9768445491790771,4.36322021484375,"(Vertices: [0, 1, 2, 3, 4, 5, 6, 7, 8, 9, 10, 11, 12, 13, 14]) -- (Edges: [(12, 4), (3, 4), (3, 7), (14, 7), (4, 12), (5, 7), (3, 13), (0, 2), (9, 5), (11, 5), (9, 14), (10, 12), (1, 9), (0, 11), (2, 14), (13, 14), (6, 14), (14, 6), (12, 6), (8, 2), (9, 1), (10, 2), (9, 4), (9, 10), (0, 7), (11, 7), (0, 4), (0, 10), (9, 13), (2, 10), (12, 5), (3, 5), (5, 14), (10, 4), (9, 6), (0, 3), (8, 7), (10, 7), (8, 10), (9, 12), (0, 12), (2, 12), (1, 10)])"
5,1,0.0625,0.00133514404296875,0.01584911346435547,"(Vertices: [0, 1, 2, 3, 4]) -- (Edges: [(0, 3)])"
6,7,0.078125,0.001257181167602539,0.01334381103515625,"(Vertices: [0, 1, 2, 3, 4, 5]) -- (Edges: [(1, 2), (0, 3), (2, 3), (0, 5), (2, 5), (1, 3), (3, 5)])"
7,8,0.046875,0.003082275390625,0.02217864990234375,"(Vertices: [0, 1, 2, 3, 4, 5, 6]) -- (Edges: [(0, 4), (1, 5), (4, 5), (5, 6), (0, 5), (3, 6), (1, 6), (1, 3)])"
8,6,0.02734375,0.004344940185546875,0.038315773010253906,"(Vertices: [0, 1, 2, 3, 4, 5, 6, 7]) -- (Edges: [(3, 4), (2, 7), (0, 6), (4, 5), (1, 3), (4, 7)])"
9,9,0.017578125,0.009297370910644531,0.07881927490234375,"(Vertices: [0, 1, 2, 3, 4, 5, 6, 7, 8]) -- (Edges: [(0, 1), (8, 4), (3, 4), (8, 7), (3, 7), (0, 2), (4, 5), (8, 2), (4, 7)])"
10,10,0.0087890625,0.022377490997314453,0.13240623474121094,"(Vertices: [0, 1, 2, 3, 4, 5, 6, 7, 8, 9]) -- (Edges: [(0, 7), (9, 1), (0, 3), (0, 9), (2, 3), (3, 6), (1, 6), (2, 5), (1, 3), (1, 9)])"
11,16,0.0068359375,0.038251638412475586,0.331878662109375,"(Vertices: [0, 1, 2, 3, 4, 5, 6, 7, 8, 9, 10]) -- (Edges: [(0, 1), (2, 4), (1, 2), (0, 4), (10, 5), (1, 5), (8, 1), (0, 9), (9, 5), (0, 2), (8, 3), (10, 6), (6, 7), (1, 10), (1, 3), (8, 5)])"
12,17,0.003662109375,0.08103752136230469,0.6161956787109375,"(Vertices: [0, 1, 2, 3, 4, 5, 6, 7, 8, 9, 10, 11]) -- (Edges: [(9, 10), (0, 7), (0, 4), (9, 3), (9, 2), (0, 6), (2, 3), (11, 6), (0, 2), (1, 7), (4, 5), (0, 5), (10, 3), (8, 6), (8, 5), (0, 11), (9, 4)])"
13,31,0.0025634765625,0.17958354949951172,1.24359130859375,"(Vertices: [0, 1, 2, 3, 4, 5, 6, 7, 8, 9, 10, 11, 12]) -- (Edges: [(12, 4), (4, 12), (9, 2), (8, 0), (8, 3), (0, 5), (8, 6), (0, 8), (10, 12), (4, 5), (3, 6), (3, 12), (9, 7), (8, 5), (11, 4), (8, 11), (10, 2), (11, 7), (10, 11), (0, 10), (2, 7), (1, 5), (2, 10), (3, 11), (9, 3), (8, 1), (8, 7), (9, 6), (11, 3), (0, 9), (2, 12)])"
14,35,0.00152587890625,0.40813350677490234,2.593231201171875,"(Vertices: [0, 1, 2, 3, 4, 5, 6, 7, 8, 9, 10, 11, 12, 13]) -- (Edges: [(3, 4), (3, 7), (4, 6), (12, 13), (5, 7), (8, 0), (5, 13), (9, 5), (0, 2), (8, 9), (10, 6), (8, 12), (0, 8), (2, 5), (13, 5), (3, 12), (8, 2), (9, 4), (10, 5), (1, 2), (9, 13), (1, 11), (11, 13), (2, 13), (6, 7), (4, 7), (3, 11), (8, 7), (11, 3), (0, 9), (10, 7), (10, 13), (0, 6), (1, 7), (2, 6)])"
15,37,0.000823974609375,0.8500561714172363,4.3874359130859375,"(Vertices: [0, 1, 2, 3, 4, 5, 6, 7, 8, 9, 10, 11, 12, 13, 14]) -- (Edges: [(4, 6), (9, 2), (5, 7), (8, 0), (3, 13), (8, 3), (8, 6), (1, 6), (0, 8), (0, 14), (9, 11), (1, 9), (0, 11), (1, 12), (6, 14), (14, 6), (3, 6), (4, 14), (9, 1), (0, 1), (11, 7), (10, 5), (10, 11), (0, 4), (0, 13), (3, 5), (8, 4), (4, 13), (8, 7), (10, 4), (9, 6), (8, 10), (10, 7), (0, 6), (8, 13), (1, 13), (1, 10)])"
5,3,0.125,0.0008025169372558594,0.01832103729248047,"(Vertices: [0, 1, 2, 3, 4]) -- (Edges: [(0, 1), (0, 2), (3, 4)])"
6,3,0.0625,0.001440286636352539,0.01332855224609375,"(Vertices: [0, 1, 2, 3, 4, 5]) -- (Edges: [(0, 1), (2, 4), (1, 2)])"
7,6,0.046875,0.002490520477294922,0.0215911865234375,"(Vertices: [0, 1, 2, 3, 4, 5, 6]) -- (Edges: [(1, 5), (4, 5), (2, 6), (5, 6), (1, 3), (3, 5)])"
8,7,0.03125,0.004436016082763672,0.031235694885253906,"(Vertices: [0, 1, 2, 3, 4, 5, 6, 7]) -- (Edges: [(3, 4), (3, 7), (0, 3), (0, 6), (2, 3), (6, 7), (2, 5)])"
9,11,0.021484375,0.0092010498046875,0.09082221984863281,"(Vertices: [0, 1, 2, 3, 4, 5, 6, 7, 8]) -- (Edges: [(0, 7), (1, 2), (8, 4), (3, 7), (4, 6), (1, 4), (6, 7), (0, 2), (5, 6), (8, 2), (1, 3)])"
10,20,0.0146484375,0.02391219139099121,0.15940475463867188,"(Vertices: [0, 1, 2, 3, 4, 5, 6, 7, 8, 9]) -- (Edges: [(3, 4), (9, 2), (0, 2), (8, 3), (8, 9), (1, 6), (2, 5), (1, 9), (5, 6), (9, 1), (8, 5), (9, 4), (0, 1), (6, 7), (4, 7), (8, 4), (9, 3), (8, 7), (1, 4), (1, 7)])"
11,18,0.00732421875,0.037810564041137695,0.33342742919921875,"(Vertices: [0, 1, 2, 3, 4, 5, 6, 7, 8, 9, 10]) -- (Edges: [(9, 10), (0, 7), (8, 4), (3, 4), (2, 7), (10, 4), (0, 3), (4, 6), (8, 0), (2, 3), (4, 7), (8, 9), (3, 6), (9, 1), (0, 8), (2, 5), (1, 9), (9, 4)])"
12,22,0.00390625,0.07622766494750977,0.6188125610351562,"(Vertices: [0, 1, 2, 3, 4, 5, 6, 7, 8, 9, 10, 11]) -- (Edges: [(3, 4), (4, 6), (5, 7), (9, 5), (0, 2), (8, 9), (11, 5), (8, 6), (1, 6), (0, 11), (8, 5), (10, 2), (0, 4), (2, 7), (1, 5), (2, 10), (3, 11), (10, 4), (0, 3), (11, 3), (8, 10), (0, 6)])"
13,25,0.002685546875,0.1770169734954834,1.3428421020507812,"(Vertices: [0, 1, 2, 3, 4, 5, 6, 7, 8, 9, 10, 11, 12]) -- (Edges: [(12, 7), (9, 2), (10, 6), (1, 6), (1, 3), (2, 11), (0, 11), (1, 12), (3, 6), (8, 5), (0, 1), (0, 7), (2, 7), (12, 5), (4, 7), (3, 5), (3, 11), (8, 1), (11, 3), (0, 9), (1, 4), (0, 12), (11, 12), (2, 6), (2, 12)])"
14,30,0.00140380859375,0.3915290832519531,2.4613418579101562,"(Vertices: [0, 1, 2, 3, 4, 5, 6, 7, 8, 9, 10, 11, 12, 13]) -- (Edges: [(12, 13), (5, 13), (11, 5), (10, 3), (1, 6), (2, 5), (1, 3), (13, 5), (0, 11), (1, 12), (12, 6), (3, 12), (8, 5), (0, 1), (9, 10), (10, 5), (1, 2), (0, 4), (13, 7), (11, 13), (6, 7), (4, 7), (3, 11), (0, 3), (11, 3), (10, 13), (8, 13), (1, 13), (2, 6), (2, 12)])"
15,33,0.000762939453125,0.7322688102722168,4.3128814697265625,"(Vertices: [0, 1, 2, 3, 4, 5, 6, 7, 8, 9, 10, 11, 12, 13, 14]) -- (Edges: [(12, 7), (4, 6), (9, 2), (5, 13), (8, 3), (10, 3), (11, 14), (13, 5), (2, 14), (13, 14), (12, 6), (5, 6), (2, 4), (1, 2), (10, 11), (0, 10), (1, 5), (11, 13), (1, 14), (6, 7), (12, 14), (3, 11), (4, 13), (8, 1), (8, 7), (0, 3), (11, 3), (10, 7), (2, 3), (11, 12), (1, 7), (1, 13), (2, 12)])"
5,2,0.09375,0.0017766952514648438,0.01742839813232422,"(Vertices: [0, 1, 2, 3, 4]) -- (Edges: [(1, 2), (1, 4)])"
6,8,0.109375,0.002961397171020508,0.0144805908203125,"(Vertices: [0, 1, 2, 3, 4, 5]) -- (Edges: [(2, 4), (1, 2), (3, 4), (1, 4), (4, 5), (0, 5), (2, 5), (1, 3)])"
7,10,0.078125,0.0027189254760742188,0.02577972412109375,"(Vertices: [0, 1, 2, 3, 4, 5, 6]) -- (Edges: [(0, 1), (0, 4), (0, 3), (4, 6), (0, 2), (4, 5), (2, 6), (5, 6), (1, 6), (2, 5)])"
8,11,0.03515625,0.00552821159362793,0.036026954650878906,"(Vertices: [0, 1, 2, 3, 4, 5, 6, 7]) -- (Edges: [(0, 1), (2, 4), (0, 4), (2, 7), (0, 3), (4, 6), (5, 7), (6, 7), (5, 6), (1, 3), (4, 7)])"
9,18,0.02734375,0.010480880737304688,0.09114265441894531,"(Vertices: [0, 1, 2, 3, 4, 5, 6, 7, 8]) -- (Edges: [(0, 7), (1, 2), (8, 4), (2, 7), (1, 5), (8, 7), (3, 7), (0, 3), (8, 0), (2, 3), (6, 7), (0, 2), (8, 3), (0, 5), (0, 8), (1, 3), (4, 7), (3, 5)])"
10,18,0.0146484375,0.019071340560913086,0.15526199340820312,"(Vertices: [0, 1, 2, 3, 4, 5, 6, 7, 8, 9]) -- (Edges: [(0, 1), (0, 7), (2, 4), (0, 4), (8, 4), (2, 7), (1, 5), (9, 3), (8, 7), (9, 6), (4, 6), (6, 7), (1, 7), (4, 5), (8, 6), (9, 1), (9, 7), (1, 9)])"
11,24,0.0078125,0.04174375534057617,0.32099151611328125,"(Vertices: [0, 1, 2, 3, 4, 5, 6, 7, 8, 9, 10]) -- (Edges: [(3, 4), (3, 7), (8, 0), (1, 6), (0, 8), (1, 3), (1, 9), (8, 2), (9, 1), (8, 5), (10, 2), (9, 4), (9, 10), (10, 5), (0, 4), (1, 5), (2, 10), (10, 4), (9, 6), (0, 9), (1, 4), (2, 3), (2, 6), (1, 10)])"
12,18,0.003662109375,0.0877377986907959,0.6212310791015625,"(Vertices: [0, 1, 2, 3, 4, 5, 6, 7, 8, 9, 10, 11]) -- (Edges: [(0, 7), (11, 7), (1, 2), (2, 7), (8, 1), (4, 6), (8, 10), (10, 7), (1, 4), (0, 6), (5, 7), (8, 0), (8, 3), (11, 5), (0, 8), (9, 7), (8, 11), (9, 4)])"
13,29,0.0023193359375,0.16675472259521484,1.3503036499023438,"(Vertices: [0, 1, 2, 3, 4, 5, 6, 7, 8, 9, 10, 11, 12]) -- (Edges: [(12, 4), (3, 4), (4, 6), (4, 12), (5, 7), (8, 0), (0, 2), (0, 8), (2, 5), (10, 12), (1, 9), (0, 11), (1, 12), (3, 6), (9, 1), (8, 11), (10, 2), (0, 7), (1, 2), (0, 10), (1, 5), (2, 10), (12, 5), (3, 5), (9, 6), (0, 9), (1, 4), (2, 12), (1, 10)])"
14,31,0.00146484375,0.3558182716369629,2.4918746948242188,"(Vertices: [0, 1, 2, 3, 4, 5, 6, 7, 8, 9, 10, 11, 12, 13]) -- (Edges: [(4, 6), (12, 13), (8, 0), (0, 2), (10, 6), (0, 5), (8, 6), (0, 8), (2, 5), (12, 6), (9, 4), (9, 10), (0, 7), (2, 4), (10, 5), (2, 7), (13, 7), (0, 13), (3, 5), (8, 4), (9, 3), (9, 6), (9, 12), (8, 10), (1, 4), (11, 6), (2, 3), (8, 13), (1, 7), (11, 12), (1, 10)])"
15,39,0.000823974609375,0.7325565814971924,4.8146514892578125,"(Vertices: [0, 1, 2, 3, 4, 5, 6, 7, 8, 9, 10, 11, 12, 13, 14]) -- (Edges: [(14, 7), (5, 7), (5, 13), (3, 13), (8, 3), (9, 5), (8, 9), (11, 5), (10, 3), (8, 6), (9, 14), (2, 5), (1, 3), (13, 5), (11, 14), (5, 6), (4, 14), (3, 6), (3, 12), (8, 2), (11, 4), (8, 5), (9, 10), (11, 7), (1, 2), (10, 11), (1, 5), (2, 13), (12, 14), (3, 14), (10, 4), (9, 12), (10, 7), (10, 13), (2, 3), (8, 13), (1, 7), (2, 12), (13, 6)])"
5,4,0.15625,0.0009000301361083984,0.02087688446044922,"(Vertices: [0, 1, 2, 3, 4]) -- (Edges: [(1, 2), (0, 3), (3, 4), (1, 4)])"
6,6,0.09375,0.0014803409576416016,0.01551055908203125,"(Vertices: [0, 1, 2, 3, 4, 5]) -- (Edges: [(2, 4), (0, 3), (2, 3), (0, 2), (2, 5), (3, 5)])"
7,6,0.046875,0.003055095672607422,0.02088165283203125,"(Vertices: [0, 1, 2, 3, 4, 5, 6]) -- (Edges: [(0, 1), (1, 5), (0, 6), (5, 6), (1, 6), (1, 3)])"
8,12,0.04296875,0.007351398468017578,0.039933204650878906,"(Vertices: [0, 1, 2, 3, 4, 5, 6, 7]) -- (Edges: [(0, 1), (1, 2), (2, 7), (3, 7), (0, 3), (1, 4), (2, 3), (4, 5), (1, 6), (2, 5), (4, 7), (3, 5)])"
9,14,0.0234375,0.011148929595947266,0.08578681945800781,"(Vertices: [0, 1, 2, 3, 4, 5, 6, 7, 8]) -- (Edges: [(8, 4), (3, 4), (2, 7), (8, 7), (0, 3), (0, 6), (1, 7), (8, 3), (4, 5), (5, 6), (0, 5), (2, 5), (4, 7), (3, 5)])"
10,18,0.0146484375,0.017997026443481445,0.15942764282226562,"(Vertices: [0, 1, 2, 3, 4, 5, 6, 7, 8, 9]) -- (Edges: [(0, 1), (9, 3), (1, 5), (4, 6), (1, 4), (0, 6), (8, 5), (8, 0), (8, 3), (8, 9), (2, 6), (3, 6), (1, 6), (0, 8), (2, 5), (1, 3), (4, 7), (9, 4)])"
11,16,0.00732421875,0.0381929874420166,0.3433990478515625,"(Vertices: [0, 1, 2, 3, 4, 5, 6, 7, 8, 9, 10]) -- (Edges: [(2, 4), (1, 2), (10, 5), (0, 10), (8, 1), (10, 4), (9, 6), (9, 2), (0, 2), (3, 6), (0, 5), (1, 10), (1, 6), (2, 5), (9, 7), (9, 4)])"
12,28,0.0048828125,0.08596110343933105,0.6152420043945312,"(Vertices: [0, 1, 2, 3, 4, 5, 6, 7, 8, 9, 10, 11]) -- (Edges: [(9, 2), (8, 3), (0, 5), (10, 3), (11, 5), (1, 6), (2, 5), (2, 11), (1, 3), (1, 9), (0, 11), (4, 5), (5, 6), (3, 6), (9, 1), (11, 4), (8, 11), (9, 4), (9, 10), (0, 7), (10, 2), (0, 10), (1, 5), (2, 10), (4, 7), (8, 4), (8, 7), (10, 4)])"
13,34,0.0029296875,0.18700504302978516,1.2917404174804688,"(Vertices: [0, 1, 2, 3, 4, 5, 6, 7, 8, 9, 10, 11, 12]) -- (Edges: [(12, 4), (12, 7), (4, 6), (4, 12), (0, 2), (8, 6), (10, 3), (8, 12), (1, 6), (2, 5), (1, 3), (2, 11), (1, 12), (12, 6), (3, 12), (11, 4), (8, 11), (9, 10), (0, 7), (0, 10), (1, 5), (1, 11), (3, 11), (8, 4), (11, 3), (0, 9), (10, 7), (8, 10), (0, 6), (2, 3), (11, 6), (11, 12), (2, 6), (2, 12)])"
14,37,0.0015869140625,0.36963343620300293,2.4887924194335938,"(Vertices: [0, 1, 2, 3, 4, 5, 6, 7, 8, 9, 10, 11, 12, 13]) -- (Edges: [(12, 4), (4, 6), (4, 12), (5, 13), (3, 13), (0, 2), (9, 5), (0, 5), (11, 5), (1, 6), (1, 3), (1, 9), (13, 5), (4, 5), (12, 6), (5, 6), (3, 6), (3, 12), (8, 2), (9, 1), (8, 11), (10, 2), (0, 1), (9, 10), (9, 13), (0, 10), (1, 11), (2, 10), (4, 7), (8, 4), (4, 13), (9, 3), (10, 4), (1, 4), (2, 3), (8, 13), (2, 6)])"
15,34,0.00079345703125,0.7165226936340332,4.380943298339844,"(Vertices: [0, 1, 2, 3, 4, 5, 6, 7, 8, 9, 10, 11, 12, 13, 14]) -- (Edges: [(5, 13), (3, 13), (0, 2), (8, 3), (9, 5), (10, 6), (8, 6), (10, 3), (9, 11), (2, 5), (13, 5), (1, 9), (2, 14), (4, 5), (4, 14), (9, 1), (0, 1), (11, 7), (10, 5), (9, 10), (9, 13), (13, 7), (1, 11), (10, 14), (11, 13), (2, 13), (6, 7), (9, 3), (0, 3), (9, 12), (11, 6), (0, 12), (8, 13), (2, 12)])"
5,4,0.15625,0.0008194446563720703,0.02087688446044922,"(Vertices: [0, 1, 2, 3, 4]) -- (Edges: [(0, 1), (1, 2), (1, 3), (3, 4)])"
6,3,0.0625,0.0011432170867919922,0.0133514404296875,"(Vertices: [0, 1, 2, 3, 4, 5]) -- (Edges: [(1, 2), (0, 5), (1, 5)])"
7,6,0.046875,0.0023508071899414062,0.0215911865234375,"(Vertices: [0, 1, 2, 3, 4, 5, 6]) -- (Edges: [(2, 4), (3, 4), (2, 3), (2, 6), (0, 5), (1, 6)])"
8,13,0.0390625,0.004095315933227539,0.037323951721191406,"(Vertices: [0, 1, 2, 3, 4, 5, 6, 7]) -- (Edges: [(0, 1), (0, 7), (2, 4), (0, 4), (1, 5), (0, 3), (4, 6), (1, 4), (1, 7), (5, 6), (0, 5), (2, 5), (3, 5)])"
9,16,0.0234375,0.00868368148803711,0.08925056457519531,"(Vertices: [0, 1, 2, 3, 4, 5, 6, 7, 8]) -- (Edges: [(0, 7), (1, 2), (1, 5), (8, 1), (3, 7), (8, 7), (1, 4), (0, 6), (8, 5), (1, 7), (8, 3), (5, 6), (8, 6), (2, 5), (1, 3), (4, 7)])"
10,16,0.013671875,0.018001079559326172,0.15855789184570312,"(Vertices: [0, 1, 2, 3, 4, 5, 6, 7, 8, 9]) -- (Edges: [(0, 7), (1, 2), (3, 4), (8, 1), (3, 7), (9, 6), (0, 3), (0, 9), (5, 7), (2, 3), (6, 7), (0, 2), (8, 6), (9, 1), (1, 3), (1, 9)])"
11,17,0.0078125,0.04597187042236328,0.34420013427734375,"(Vertices: [0, 1, 2, 3, 4, 5, 6, 7, 8, 9, 10]) -- (Edges: [(9, 10), (1, 5), (10, 4), (0, 3), (1, 4), (0, 6), (9, 5), (0, 2), (6, 7), (8, 9), (8, 6), (10, 3), (1, 6), (9, 1), (1, 3), (1, 9), (3, 5)])"
12,20,0.00390625,0.07712864875793457,0.593505859375,"(Vertices: [0, 1, 2, 3, 4, 5, 6, 7, 8, 9, 10, 11]) -- (Edges: [(3, 7), (10, 6), (0, 5), (11, 5), (2, 11), (1, 9), (8, 2), (9, 1), (8, 5), (10, 2), (8, 11), (9, 4), (10, 11), (0, 4), (2, 10), (8, 1), (8, 7), (10, 4), (9, 6), (1, 7)])"
13,25,0.0023193359375,0.1616663932800293,1.360809326171875,"(Vertices: [0, 1, 2, 3, 4, 5, 6, 7, 8, 9, 10, 11, 12]) -- (Edges: [(8, 0), (9, 5), (0, 2), (11, 5), (1, 6), (0, 8), (9, 11), (1, 3), (2, 11), (10, 12), (4, 5), (3, 6), (3, 12), (8, 2), (9, 7), (11, 4), (10, 2), (0, 1), (11, 7), (1, 5), (1, 11), (2, 10), (8, 1), (8, 7), (9, 6)])"
14,28,0.00128173828125,0.31696081161499023,2.3988876342773438,"(Vertices: [0, 1, 2, 3, 4, 5, 6, 7, 8, 9, 10, 11, 12, 13]) -- (Edges: [(3, 4), (12, 13), (8, 0), (8, 9), (10, 3), (9, 11), (0, 8), (1, 12), (9, 7), (11, 4), (0, 7), (2, 4), (10, 5), (0, 4), (0, 10), (0, 13), (2, 13), (12, 5), (4, 7), (8, 4), (4, 13), (10, 4), (9, 6), (0, 3), (10, 13), (11, 12), (1, 13), (13, 6)])"
15,38,0.000885009765625,0.6709504127502441,4.430519104003906,"(Vertices: [0, 1, 2, 3, 4, 5, 6, 7, 8, 9, 10, 11, 12, 13, 14]) -- (Edges: [(12, 4), (12, 7), (3, 7), (4, 12), (5, 7), (5, 13), (3, 13), (8, 3), (10, 6), (8, 6), (10, 3), (13, 5), (0, 11), (1, 12), (4, 5), (12, 6), (3, 12), (11, 4), (9, 4), (9, 10), (1, 2), (9, 13), (10, 11), (2, 7), (13, 7), (10, 14), (0, 13), (11, 13), (4, 7), (3, 5), (9, 3), (9, 6), (10, 13), (0, 6), (0, 12), (2, 3), (11, 6), (2, 6)])"
5,2,0.09375,0.0012803077697753906,0.01742839813232422,"(Vertices: [0, 1, 2, 3, 4]) -- (Edges: [(2, 4), (1, 3)])"
6,5,0.09375,0.0013728141784667969,0.01619720458984375,"(Vertices: [0, 1, 2, 3, 4, 5]) -- (Edges: [(2, 4), (3, 4), (1, 5), (0, 5), (2, 5)])"
7,10,0.0703125,0.0023009777069091797,0.024261474609375,"(Vertices: [0, 1, 2, 3, 4, 5, 6]) -- (Edges: [(0, 1), (1, 5), (1, 4), (0, 2), (4, 5), (2, 6), (5, 6), (0, 5), (2, 5), (3, 5)])"
8,9,0.03515625,0.004082679748535156,0.035431861877441406,"(Vertices: [0, 1, 2, 3, 4, 5, 6, 7]) -- (Edges: [(0, 1), (0, 4), (3, 4), (0, 2), (3, 6), (2, 5), (1, 3), (4, 7), (3, 5)])"
9,12,0.021484375,0.008719205856323242,0.08976173400878906,"(Vertices: [0, 1, 2, 3, 4, 5, 6, 7, 8]) -- (Edges: [(2, 4), (1, 2), (8, 4), (1, 5), (1, 4), (0, 6), (8, 0), (0, 2), (4, 5), (1, 6), (0, 8), (1, 3)])"
10,19,0.0146484375,0.0233767032623291,0.15811538696289062,"(Vertices: [0, 1, 2, 3, 4, 5, 6, 7, 8, 9]) -- (Edges: [(3, 7), (4, 6), (9, 2), (8, 0), (9, 5), (8, 3), (8, 9), (0, 8), (3, 6), (2, 4), (1, 5), (6, 7), (4, 7), (3, 5), (8, 1), (1, 4), (0, 6), (2, 3), (2, 6)])"
11,16,0.00634765625,0.03713822364807129,0.33458709716796875,"(Vertices: [0, 1, 2, 3, 4, 5, 6, 7, 8, 9, 10]) -- (Edges: [(10, 5), (9, 3), (9, 6), (1, 4), (0, 6), (2, 3), (6, 7), (0, 2), (4, 5), (3, 6), (1, 10), (0, 5), (9, 1), (9, 7), (1, 9), (9, 4)])"
12,26,0.004638671875,0.08339309692382812,0.6264266967773438,"(Vertices: [0, 1, 2, 3, 4, 5, 6, 7, 8, 9, 10, 11]) -- (Edges: [(3, 4), (9, 2), (8, 0), (9, 5), (0, 2), (10, 6), (9, 11), (0, 8), (2, 5), (2, 11), (3, 6), (11, 4), (8, 11), (0, 1), (0, 7), (2, 4), (1, 2), (9, 10), (6, 7), (3, 11), (9, 3), (9, 6), (11, 3), (10, 7), (1, 4), (2, 6)])"
13,37,0.0030517578125,0.16161537170410156,1.2130126953125,"(Vertices: [0, 1, 2, 3, 4, 5, 6, 7, 8, 9, 10, 11, 12]) -- (Edges: [(12, 7), (3, 7), (4, 6), (9, 2), (9, 5), (8, 3), (10, 6), (8, 6), (10, 3), (8, 12), (10, 12), (1, 12), (5, 6), (0, 1), (2, 4), (10, 5), (0, 4), (0, 10), (10, 11), (1, 5), (1, 11), (12, 5), (4, 7), (3, 5), (3, 11), (9, 3), (8, 7), (10, 4), (9, 6), (0, 3), (11, 3), (8, 10), (0, 6), (2, 3), (11, 6), (11, 12), (2, 6)])"
14,35,0.0015869140625,0.3373415470123291,2.5109634399414062,"(Vertices: [0, 1, 2, 3, 4, 5, 6, 7, 8, 9, 10, 11, 12, 13]) -- (Edges: [(4, 6), (12, 13), (9, 2), (3, 13), (0, 2), (8, 3), (9, 5), (8, 9), (8, 6), (1, 3), (0, 11), (1, 12), (3, 6), (8, 5), (8, 11), (9, 4), (9, 10), (10, 2), (10, 5), (0, 4), (0, 10), (9, 13), (1, 5), (0, 13), (2, 10), (2, 13), (4, 7), (4, 13), (9, 3), (8, 1), (8, 7), (0, 3), (1, 4), (2, 3), (1, 10)])"
15,38,0.00079345703125,0.678992748260498,4.540946960449219,"(Vertices: [0, 1, 2, 3, 4, 5, 6, 7, 8, 9, 10, 11, 12, 13, 14]) -- (Edges: [(9, 14), (14, 7), (8, 0), (5, 13), (0, 2), (0, 5), (11, 5), (8, 6), (9, 11), (0, 8), (2, 5), (13, 5), (0, 14), (1, 3), (0, 11), (13, 14), (6, 14), (14, 6), (12, 6), (3, 6), (8, 5), (10, 2), (11, 7), (10, 5), (8, 14), (10, 11), (11, 13), (2, 10), (6, 7), (3, 11), (3, 14), (9, 6), (11, 3), (0, 9), (10, 13), (11, 6), (2, 3), (8, 13)])"
5,2,0.09375,0.0010831356048583984,0.01742839813232422,"(Vertices: [0, 1, 2, 3, 4]) -- (Edges: [(0, 1), (1, 3)])"
6,4,0.0625,0.0011408329010009766,0.0134429931640625,"(Vertices: [0, 1, 2, 3, 4, 5]) -- (Edges: [(1, 2), (1, 3), (3, 4), (1, 4)])"
7,5,0.0390625,0.0023293495178222656,0.0208282470703125,"(Vertices: [0, 1, 2, 3, 4, 5, 6]) -- (Edges: [(0, 1), (1, 2), (1, 5), (4, 6), (2, 5)])"
8,12,0.03515625,0.005343198776245117,0.034684181213378906,"(Vertices: [0, 1, 2, 3, 4, 5, 6, 7]) -- (Edges: [(1, 2), (3, 4), (2, 7), (1, 5), (3, 7), (4, 6), (2, 3), (4, 5), (2, 6), (5, 6), (1, 6), (2, 5)])"
9,14,0.025390625,0.009490251541137695,0.08951759338378906,"(Vertices: [0, 1, 2, 3, 4, 5, 6, 7, 8]) -- (Edges: [(2, 4), (1, 2), (0, 4), (8, 4), (8, 1), (8, 7), (3, 7), (0, 3), (4, 6), (2, 3), (1, 7), (3, 6), (2, 5), (1, 3)])"
10,17,0.0126953125,0.018877744674682617,0.14802169799804688,"(Vertices: [0, 1, 2, 3, 4, 5, 6, 7, 8, 9]) -- (Edges: [(0, 1), (2, 4), (1, 2), (9, 7), (2, 7), (8, 7), (3, 7), (0, 3), (0, 9), (1, 4), (1, 7), (8, 3), (4, 5), (8, 2), (9, 1), (1, 3), (1, 9)])"
11,21,0.00732421875,0.046193838119506836,0.33721923828125,"(Vertices: [0, 1, 2, 3, 4, 5, 6, 7, 8, 9, 10]) -- (Edges: [(3, 4), (4, 6), (9, 2), (8, 0), (0, 5), (0, 8), (9, 7), (8, 5), (9, 4), (0, 7), (0, 4), (2, 7), (1, 5), (8, 1), (8, 7), (10, 4), (8, 10), (10, 7), (0, 6), (2, 6), (1, 10)])"
12,19,0.004150390625,0.0794534683227539,0.6128311157226562,"(Vertices: [0, 1, 2, 3, 4, 5, 6, 7, 8, 9, 10, 11]) -- (Edges: [(4, 6), (8, 0), (8, 3), (1, 6), (0, 8), (4, 5), (3, 6), (9, 7), (8, 5), (8, 11), (9, 4), (3, 5), (8, 4), (9, 3), (8, 7), (9, 6), (0, 9), (0, 6), (1, 10)])"
13,23,0.0023193359375,0.15500354766845703,1.32330322265625,"(Vertices: [0, 1, 2, 3, 4, 5, 6, 7, 8, 9, 10, 11, 12]) -- (Edges: [(12, 7), (4, 6), (9, 2), (8, 3), (8, 9), (10, 6), (8, 6), (10, 3), (9, 11), (10, 12), (4, 5), (12, 6), (3, 12), (8, 2), (0, 1), (1, 2), (0, 10), (1, 5), (8, 1), (9, 12), (1, 4), (0, 12), (11, 12)])"
14,33,0.00140380859375,0.32811498641967773,2.4809417724609375,"(Vertices: [0, 1, 2, 3, 4, 5, 6, 7, 8, 9, 10, 11, 12, 13]) -- (Edges: [(3, 4), (4, 6), (9, 2), (5, 7), (5, 13), (0, 2), (10, 6), (1, 3), (13, 5), (4, 5), (5, 6), (3, 6), (8, 2), (9, 7), (8, 11), (9, 4), (0, 1), (0, 7), (10, 5), (9, 10), (10, 11), (2, 13), (6, 7), (8, 4), (4, 13), (10, 4), (0, 9), (10, 13), (0, 6), (11, 6), (8, 13), (1, 13), (13, 6)])"
15,37,0.000823974609375,0.686431884765625,4.417915344238281,"(Vertices: [0, 1, 2, 3, 4, 5, 6, 7, 8, 9, 10, 11, 12, 13, 14]) -- (Edges: [(14, 7), (9, 2), (3, 13), (10, 6), (9, 14), (2, 5), (2, 11), (1, 9), (0, 11), (2, 14), (1, 12), (6, 14), (14, 6), (4, 5), (5, 6), (9, 1), (9, 7), (11, 4), (8, 11), (9, 4), (9, 10), (0, 7), (2, 4), (10, 2), (10, 11), (10, 14), (1, 11), (2, 10), (6, 7), (4, 7), (9, 3), (5, 14), (9, 12), (0, 6), (0, 12), (2, 12), (1, 10)])"
5,4,0.15625,0.0010561943054199219,0.02087688446044922,"(Vertices: [0, 1, 2, 3, 4]) -- (Edges: [(0, 2), (0, 3), (3, 4), (1, 4)])"
6,3,0.0625,0.0011649131774902344,0.0133514404296875,"(Vertices: [0, 1, 2, 3, 4, 5]) -- (Edges: [(1, 4), (2, 4), (0, 5)])"
7,7,0.0546875,0.002653360366821289,0.02288818359375,"(Vertices: [0, 1, 2, 3, 4, 5, 6]) -- (Edges: [(1, 4), (0, 6), (0, 2), (2, 6), (1, 6), (2, 5), (3, 5)])"
8,10,0.0390625,0.005162239074707031,0.036820411682128906,"(Vertices: [0, 1, 2, 3, 4, 5, 6, 7]) -- (Edges: [(0, 7), (1, 2), (1, 5), (3, 7), (0, 3), (6, 7), (0, 2), (4, 5), (2, 6), (0, 5)])"
9,11,0.01953125,0.008815288543701172,0.08143806457519531,"(Vertices: [0, 1, 2, 3, 4, 5, 6, 7, 8]) -- (Edges: [(1, 2), (0, 3), (2, 3), (6, 7), (8, 3), (3, 6), (1, 6), (2, 5), (1, 3), (8, 5), (8, 2)])"
10,15,0.0126953125,0.019922494888305664,0.14789199829101562,"(Vertices: [0, 1, 2, 3, 4, 5, 6, 7, 8, 9]) -- (Edges: [(9, 7), (3, 4), (9, 3), (1, 5), (8, 7), (3, 7), (1, 4), (0, 2), (1, 7), (4, 5), (5, 6), (3, 6), (1, 3), (8, 5), (9, 4)])"
11,7,0.00390625,0.043047189712524414,0.3228607177734375,"(Vertices: [0, 1, 2, 3, 4, 5, 6, 7, 8, 9, 10]) -- (Edges: [(2, 4), (0, 3), (0, 6), (1, 10), (8, 2), (1, 3), (9, 4)])"
12,25,0.005126953125,0.0897061824798584,0.6283187866210938,"(Vertices: [0, 1, 2, 3, 4, 5, 6, 7, 8, 9, 10, 11]) -- (Edges: [(3, 4), (3, 7), (8, 9), (0, 5), (11, 5), (8, 6), (9, 11), (0, 11), (5, 6), (8, 5), (11, 4), (11, 7), (2, 4), (0, 4), (2, 7), (1, 5), (4, 7), (8, 4), (9, 3), (8, 7), (10, 4), (0, 3), (1, 4), (2, 3), (2, 6)])"
13,25,0.00244140625,0.1603708267211914,1.3369293212890625,"(Vertices: [0, 1, 2, 3, 4, 5, 6, 7, 8, 9, 10, 11, 12]) -- (Edges: [(3, 4), (3, 7), (10, 6), (8, 6), (1, 6), (0, 11), (8, 2), (9, 7), (9, 4), (9, 10), (0, 7), (2, 4), (1, 2), (11, 7), (10, 11), (1, 11), (3, 11), (10, 4), (0, 3), (0, 9), (11, 3), (1, 4), (0, 6), (1, 7), (2, 12)])"
14,26,0.00128173828125,0.3408524990081787,2.4264068603515625,"(Vertices: [0, 1, 2, 3, 4, 5, 6, 7, 8, 9, 10, 11, 12, 13]) -- (Edges: [(0, 2), (8, 3), (10, 6), (8, 9), (10, 3), (8, 12), (2, 5), (4, 5), (8, 11), (9, 4), (0, 7), (2, 4), (0, 4), (13, 7), (11, 13), (2, 13), (4, 7), (9, 3), (10, 4), (0, 3), (10, 7), (10, 13), (0, 12), (8, 13), (1, 7), (1, 13)])"
15,37,0.00079345703125,0.6797637939453125,4.3870849609375,"(Vertices: [0, 1, 2, 3, 4, 5, 6, 7, 8, 9, 10, 11, 12, 13, 14]) -- (Edges: [(12, 7), (12, 13), (8, 0), (3, 13), (0, 2), (8, 9), (10, 3), (0, 8), (2, 5), (1, 3), (0, 11), (1, 12), (6, 14), (14, 6), (4, 5), (5, 6), (3, 6), (9, 4), (0, 1), (11, 7), (2, 4), (1, 2), (9, 13), (10, 11), (1, 5), (3, 5), (3, 11), (3, 14), (9, 3), (8, 7), (11, 3), (9, 12), (1, 4), (0, 12), (8, 13), (1, 7), (1, 13)])"
5,4,0.125,0.0016396045684814453,0.01832103729248047,"(Vertices: [0, 1, 2, 3, 4]) -- (Edges: [(1, 2), (0, 2), (0, 3), (2, 3)])"
6,5,0.078125,0.003088712692260742,0.01342010498046875,"(Vertices: [0, 1, 2, 3, 4, 5]) -- (Edges: [(2, 4), (1, 2), (1, 5), (0, 3), (2, 5)])"
7,7,0.0546875,0.0037877559661865234,0.02291107177734375,"(Vertices: [0, 1, 2, 3, 4, 5, 6]) -- (Edges: [(0, 4), (2, 3), (4, 5), (2, 6), (0, 5), (1, 6), (3, 5)])"
8,12,0.0390625,0.008582592010498047,0.037156105041503906,"(Vertices: [0, 1, 2, 3, 4, 5, 6, 7]) -- (Edges: [(0, 1), (2, 4), (1, 2), (0, 3), (1, 4), (5, 7), (0, 2), (1, 7), (2, 6), (0, 5), (1, 6), (3, 5)])"
9,10,0.01953125,0.010450124740600586,0.08119392395019531,"(Vertices: [0, 1, 2, 3, 4, 5, 6, 7, 8]) -- (Edges: [(0, 7), (8, 4), (1, 5), (8, 7), (0, 3), (0, 6), (6, 7), (8, 3), (8, 6), (2, 5)])"
10,21,0.015625,0.024094581604003906,0.16144180297851562,"(Vertices: [0, 1, 2, 3, 4, 5, 6, 7, 8, 9]) -- (Edges: [(4, 6), (8, 0), (9, 5), (0, 2), (8, 3), (8, 6), (1, 6), (0, 8), (1, 3), (4, 5), (3, 6), (0, 7), (1, 2), (0, 4), (4, 7), (3, 5), (9, 3), (8, 1), (0, 9), (1, 4), (1, 7)])"
11,21,0.0087890625,0.04376363754272461,0.33991241455078125,"(Vertices: [0, 1, 2, 3, 4, 5, 6, 7, 8, 9, 10]) -- (Edges: [(5, 7), (8, 0), (9, 5), (0, 2), (8, 3), (10, 6), (0, 5), (10, 3), (0, 8), (2, 5), (8, 5), (9, 4), (0, 1), (2, 4), (1, 2), (10, 5), (8, 4), (9, 3), (8, 1), (8, 10), (0, 6)])"
12,19,0.004150390625,0.08722186088562012,0.626007080078125,"(Vertices: [0, 1, 2, 3, 4, 5, 6, 7, 8, 9, 10, 11]) -- (Edges: [(4, 6), (9, 2), (8, 9), (0, 5), (10, 3), (9, 11), (1, 6), (0, 11), (5, 6), (8, 11), (11, 7), (10, 5), (10, 11), (0, 4), (2, 7), (1, 11), (8, 1), (8, 10), (1, 7)])"
13,26,0.0023193359375,0.19101786613464355,1.3436279296875,"(Vertices: [0, 1, 2, 3, 4, 5, 6, 7, 8, 9, 10, 11, 12]) -- (Edges: [(11, 5), (10, 3), (8, 12), (1, 6), (2, 5), (2, 11), (10, 12), (0, 11), (12, 6), (3, 6), (3, 12), (8, 11), (9, 4), (9, 10), (10, 2), (2, 4), (0, 10), (1, 11), (2, 10), (10, 4), (0, 3), (8, 10), (1, 4), (0, 12), (11, 12), (2, 12)])"
14,32,0.00146484375,0.3520698547363281,2.4519424438476562,"(Vertices: [0, 1, 2, 3, 4, 5, 6, 7, 8, 9, 10, 11, 12, 13]) -- (Edges: [(12, 4), (3, 7), (4, 12), (5, 7), (5, 13), (2, 11), (1, 9), (0, 11), (13, 5), (1, 12), (4, 5), (12, 6), (9, 1), (9, 7), (9, 4), (9, 10), (11, 7), (2, 4), (10, 5), (10, 11), (0, 10), (2, 7), (1, 5), (6, 7), (4, 7), (3, 5), (4, 13), (8, 7), (8, 13), (1, 7), (1, 13), (13, 6)])"
15,29,0.000701904296875,0.7272660732269287,5.083953857421875,"(Vertices: [0, 1, 2, 3, 4, 5, 6, 7, 8, 9, 10, 11, 12, 13, 14]) -- (Edges: [(3, 7), (8, 0), (8, 9), (0, 5), (9, 14), (0, 8), (2, 11), (1, 12), (12, 6), (3, 12), (9, 4), (0, 1), (11, 7), (10, 5), (1, 2), (10, 11), (0, 10), (1, 5), (1, 11), (0, 13), (13, 7), (1, 14), (5, 14), (10, 4), (0, 9), (10, 7), (8, 10), (0, 6), (1, 7)])"
5,3,0.125,0.0010459423065185547,0.01832103729248047,"(Vertices: [0, 1, 2, 3, 4]) -- (Edges: [(2, 4), (0, 4), (1, 4)])"
6,8,0.125,0.0012972354888916016,0.01708221435546875,"(Vertices: [0, 1, 2, 3, 4, 5]) -- (Edges: [(0, 1), (2, 4), (1, 2), (0, 4), (0, 3), (1, 4), (2, 3), (0, 5)])"
7,9,0.0625,0.002327442169189453,0.02584075927734375,"(Vertices: [0, 1, 2, 3, 4, 5, 6]) -- (Edges: [(0, 1), (2, 4), (0, 3), (4, 6), (4, 5), (5, 6), (0, 5), (3, 6), (1, 3)])"
8,13,0.03515625,0.004322052001953125,0.036393165588378906,"(Vertices: [0, 1, 2, 3, 4, 5, 6, 7]) -- (Edges: [(0, 1), (1, 2), (2, 7), (3, 7), (0, 3), (4, 6), (1, 4), (5, 7), (1, 7), (1, 6), (1, 3), (4, 7), (3, 5)])"
9,14,0.0234375,0.010001420974731445,0.08340644836425781,"(Vertices: [0, 1, 2, 3, 4, 5, 6, 7, 8]) -- (Edges: [(8, 4), (2, 7), (8, 7), (3, 7), (0, 3), (8, 0), (6, 7), (2, 6), (0, 5), (3, 6), (8, 6), (0, 8), (8, 5), (3, 5)])"
10,21,0.015625,0.019415616989135742,0.16002273559570312,"(Vertices: [0, 1, 2, 3, 4, 5, 6, 7, 8, 9]) -- (Edges: [(3, 4), (3, 7), (4, 6), (9, 2), (5, 7), (0, 5), (8, 6), (1, 6), (2, 5), (5, 6), (3, 6), (8, 5), (0, 7), (2, 4), (1, 2), (0, 4), (3, 5), (8, 1), (8, 7), (2, 3), (2, 6)])"
11,19,0.0068359375,0.0403594970703125,0.30968475341796875,"(Vertices: [0, 1, 2, 3, 4, 5, 6, 7, 8, 9, 10]) -- (Edges: [(3, 4), (9, 5), (8, 3), (8, 9), (10, 6), (8, 6), (10, 3), (1, 9), (8, 2), (9, 1), (9, 7), (9, 10), (1, 2), (0, 10), (8, 1), (10, 4), (8, 10), (10, 7), (2, 3)])"
12,20,0.003662109375,0.07939028739929199,0.613128662109375,"(Vertices: [0, 1, 2, 3, 4, 5, 6, 7, 8, 9, 10, 11]) -- (Edges: [(5, 7), (9, 5), (8, 3), (0, 5), (8, 6), (1, 3), (8, 2), (9, 7), (10, 2), (9, 10), (11, 7), (1, 11), (2, 10), (3, 5), (3, 11), (0, 3), (11, 3), (8, 10), (1, 4), (2, 3)])"
13,25,0.0025634765625,0.1611309051513672,1.2765884399414062,"(Vertices: [0, 1, 2, 3, 4, 5, 6, 7, 8, 9, 10, 11, 12]) -- (Edges: [(12, 7), (3, 4), (4, 6), (9, 2), (8, 3), (8, 6), (8, 12), (1, 3), (5, 6), (9, 7), (8, 5), (8, 11), (9, 4), (0, 7), (11, 7), (0, 4), (1, 5), (4, 7), (8, 7), (0, 6), (2, 3), (11, 6), (1, 7), (2, 6), (1, 10)])"
14,32,0.00140380859375,0.3350028991699219,2.4671859741210938,"(Vertices: [0, 1, 2, 3, 4, 5, 6, 7, 8, 9, 10, 11, 12, 13]) -- (Edges: [(3, 7), (12, 13), (5, 13), (9, 5), (8, 3), (11, 5), (8, 6), (8, 12), (1, 6), (13, 5), (2, 11), (1, 9), (9, 1), (8, 11), (10, 2), (0, 1), (0, 7), (2, 4), (9, 10), (9, 13), (2, 7), (2, 10), (12, 5), (8, 7), (9, 12), (8, 10), (0, 12), (2, 3), (1, 7), (1, 13), (8, 13), (13, 6)])"
15,39,0.0008544921875,0.7018156051635742,4.433906555175781,"(Vertices: [0, 1, 2, 3, 4, 5, 6, 7, 8, 9, 10, 11, 12, 13, 14]) -- (Edges: [(14, 7), (4, 6), (9, 2), (11, 5), (10, 3), (9, 14), (9, 11), (0, 14), (2, 11), (11, 14), (13, 14), (6, 14), (14, 6), (5, 6), (3, 6), (4, 14), (8, 2), (8, 5), (0, 1), (11, 7), (8, 14), (9, 10), (0, 4), (10, 11), (1, 5), (1, 11), (0, 13), (1, 14), (6, 7), (12, 5), (4, 7), (4, 13), (10, 4), (9, 6), (9, 12), (0, 9), (1, 7), (1, 13), (13, 6)])"
5,3,0.0625,0.0010669231414794922,0.01755809783935547,"(Vertices: [0, 1, 2, 3, 4]) -- (Edges: [(2, 3), (1, 2), (1, 3)])"
6,6,0.09375,0.0013308525085449219,0.01598358154296875,"(Vertices: [0, 1, 2, 3, 4, 5]) -- (Edges: [(2, 4), (0, 4), (0, 2), (4, 5), (0, 5), (3, 5)])"
7,7,0.046875,0.0024919509887695312,0.02254486083984375,"(Vertices: [0, 1, 2, 3, 4, 5, 6]) -- (Edges: [(2, 4), (1, 4), (0, 6), (0, 2), (2, 6), (3, 6), (1, 3)])"
8,3,0.015625,0.004757881164550781,0.040566444396972656,"(Vertices: [0, 1, 2, 3, 4, 5, 6, 7]) -- (Edges: [(0, 7), (4, 5), (1, 5)])"
9,13,0.021484375,0.009008407592773438,0.08515167236328125,"(Vertices: [0, 1, 2, 3, 4, 5, 6, 7, 8]) -- (Edges: [(0, 1), (3, 4), (1, 5), (8, 7), (5, 7), (8, 0), (2, 6), (5, 6), (1, 6), (0, 8), (1, 3), (8, 5), (8, 2)])"
10,16,0.0126953125,0.019819974899291992,0.1548900604248047,"(Vertices: [0, 1, 2, 3, 4, 5, 6, 7, 8, 9]) -- (Edges: [(0, 7), (0, 4), (3, 4), (1, 5), (3, 7), (0, 3), (8, 0), (8, 5), (6, 7), (0, 2), (1, 7), (5, 6), (8, 6), (0, 8), (9, 7), (4, 7)])"
11,26,0.0087890625,0.04975247383117676,0.34456634521484375,"(Vertices: [0, 1, 2, 3, 4, 5, 6, 7, 8, 9, 10]) -- (Edges: [(5, 7), (8, 0), (9, 5), (0, 2), (8, 3), (10, 6), (0, 5), (0, 8), (2, 5), (1, 3), (4, 5), (8, 2), (8, 5), (10, 2), (0, 1), (9, 10), (2, 7), (2, 10), (6, 7), (4, 7), (3, 5), (8, 4), (9, 3), (8, 7), (0, 6), (1, 7)])"
12,30,0.005615234375,0.08557820320129395,0.6178665161132812,"(Vertices: [0, 1, 2, 3, 4, 5, 6, 7, 8, 9, 10, 11]) -- (Edges: [(4, 6), (0, 2), (8, 3), (0, 5), (10, 3), (11, 5), (1, 6), (9, 11), (2, 5), (2, 11), (8, 11), (0, 7), (2, 4), (10, 5), (11, 7), (2, 7), (1, 5), (1, 11), (6, 7), (3, 11), (8, 4), (8, 1), (8, 7), (10, 4), (11, 3), (0, 9), (10, 7), (1, 4), (2, 3), (1, 10)])"
13,29,0.002685546875,0.17357492446899414,1.2621536254882812,"(Vertices: [0, 1, 2, 3, 4, 5, 6, 7, 8, 9, 10, 11, 12]) -- (Edges: [(3, 7), (4, 6), (5, 7), (8, 9), (0, 5), (11, 5), (1, 9), (1, 12), (4, 5), (5, 6), (3, 6), (9, 1), (9, 7), (11, 4), (8, 11), (0, 7), (10, 5), (1, 2), (10, 11), (1, 5), (9, 6), (9, 12), (0, 9), (8, 10), (1, 4), (11, 12), (1, 7), (2, 6), (1, 10)])"
14,33,0.0013427734375,0.3512539863586426,2.4419479370117188,"(Vertices: [0, 1, 2, 3, 4, 5, 6, 7, 8, 9, 10, 11, 12, 13]) -- (Edges: [(12, 4), (12, 7), (4, 12), (5, 7), (8, 0), (5, 13), (3, 13), (8, 9), (0, 5), (10, 3), (9, 11), (0, 8), (13, 5), (1, 9), (10, 12), (8, 2), (9, 1), (9, 10), (0, 7), (0, 10), (1, 5), (13, 7), (4, 7), (8, 4), (4, 13), (8, 7), (10, 4), (9, 6), (0, 3), (9, 12), (11, 12), (2, 6), (13, 6)])"
15,42,0.000885009765625,0.6845409870147705,4.476409912109375,"(Vertices: [0, 1, 2, 3, 4, 5, 6, 7, 8, 9, 10, 11, 12, 13, 14]) -- (Edges: [(5, 7), (5, 13), (3, 13), (0, 5), (10, 3), (8, 6), (1, 6), (9, 11), (2, 5), (2, 11), (13, 5), (9, 14), (10, 12), (13, 14), (12, 6), (5, 6), (4, 14), (9, 7), (11, 4), (8, 5), (9, 4), (10, 2), (11, 7), (2, 4), (10, 5), (0, 4), (2, 7), (2, 10), (1, 14), (2, 13), (12, 5), (4, 7), (3, 5), (3, 11), (12, 14), (9, 6), (11, 3), (0, 9), (8, 10), (9, 12), (11, 6), (2, 3)])"
5,2,0.09375,0.0008885860443115234,0.01742839813232422,"(Vertices: [0, 1, 2, 3, 4]) -- (Edges: [(0, 3), (1, 3)])"
6,4,0.078125,0.001386404037475586,0.0130767822265625,"(Vertices: [0, 1, 2, 3, 4, 5]) -- (Edges: [(0, 2), (0, 3), (2, 5), (3, 4)])"
7,7,0.0546875,0.0025148391723632812,0.02291107177734375,"(Vertices: [0, 1, 2, 3, 4, 5, 6]) -- (Edges: [(1, 2), (3, 4), (1, 5), (0, 6), (0, 2), (2, 6), (3, 6)])"
8,8,0.03125,0.00450587272644043,0.034852027893066406,"(Vertices: [0, 1, 2, 3, 4, 5, 6, 7]) -- (Edges: [(0, 1), (2, 4), (1, 2), (1, 5), (0, 3), (6, 7), (0, 5), (4, 7)])"
9,10,0.01953125,0.010025501251220703,0.08285713195800781,"(Vertices: [0, 1, 2, 3, 4, 5, 6, 7, 8]) -- (Edges: [(0, 7), (2, 4), (1, 2), (3, 4), (8, 1), (0, 3), (4, 6), (2, 6), (1, 6), (3, 5)])"
10,14,0.01171875,0.018288135528564453,0.15048599243164062,"(Vertices: [0, 1, 2, 3, 4, 5, 6, 7, 8, 9]) -- (Edges: [(9, 7), (0, 4), (9, 1), (8, 1), (8, 7), (0, 9), (4, 7), (9, 5), (1, 7), (3, 6), (8, 2), (2, 5), (1, 3), (1, 9)])"
11,20,0.00732421875,0.03682231903076172,0.3390045166015625,"(Vertices: [0, 1, 2, 3, 4, 5, 6, 7, 8, 9, 10]) -- (Edges: [(3, 4), (4, 6), (9, 2), (8, 0), (8, 3), (8, 6), (0, 8), (1, 9), (5, 6), (9, 1), (10, 2), (9, 4), (2, 4), (0, 10), (2, 10), (6, 7), (8, 1), (10, 7), (1, 4), (0, 6)])"
12,25,0.0048828125,0.08576107025146484,0.643585205078125,"(Vertices: [0, 1, 2, 3, 4, 5, 6, 7, 8, 9, 10, 11]) -- (Edges: [(4, 6), (9, 2), (5, 7), (0, 2), (10, 6), (1, 6), (2, 11), (1, 9), (5, 6), (8, 2), (9, 1), (9, 7), (9, 4), (9, 10), (10, 11), (2, 7), (6, 7), (3, 5), (3, 11), (8, 7), (0, 3), (11, 3), (8, 10), (11, 6), (2, 6)])"
13,28,0.0025634765625,0.1637120246887207,1.2587814331054688,"(Vertices: [0, 1, 2, 3, 4, 5, 6, 7, 8, 9, 10, 11, 12]) -- (Edges: [(12, 4), (12, 7), (3, 7), (4, 6), (4, 12), (8, 0), (0, 2), (1, 6), (0, 8), (9, 11), (1, 3), (2, 11), (8, 2), (8, 5), (11, 7), (1, 2), (0, 4), (3, 5), (10, 4), (9, 6), (0, 9), (10, 7), (0, 6), (0, 12), (2, 3), (11, 12), (2, 12), (1, 10)])"
14,27,0.00128173828125,0.3344693183898926,2.4238357543945312,"(Vertices: [0, 1, 2, 3, 4, 5, 6, 7, 8, 9, 10, 11, 12, 13]) -- (Edges: [(12, 7), (4, 6), (5, 7), (0, 2), (8, 3), (8, 6), (2, 5), (10, 12), (9, 7), (8, 11), (11, 7), (10, 5), (1, 2), (11, 13), (9, 3), (8, 7), (9, 12), (0, 9), (0, 6), (0, 12), (2, 3), (1, 7), (11, 6), (2, 6), (13, 6), (1, 10), (8, 13)])"
15,31,0.000701904296875,0.6836340427398682,4.753517150878906,"(Vertices: [0, 1, 2, 3, 4, 5, 6, 7, 8, 9, 10, 11, 12, 13, 14]) -- (Edges: [(3, 7), (14, 7), (9, 2), (3, 13), (11, 5), (10, 3), (8, 6), (8, 12), (11, 14), (2, 11), (0, 11), (1, 12), (9, 7), (11, 4), (11, 7), (2, 4), (10, 11), (0, 10), (1, 5), (13, 7), (0, 13), (4, 7), (12, 14), (3, 11), (8, 1), (11, 3), (8, 10), (10, 13), (11, 6), (2, 12), (1, 10)])"
5,6,0.1875,0.0013926029205322266,0.02174663543701172,"(Vertices: [0, 1, 2, 3, 4]) -- (Edges: [(0, 1), (2, 4), (1, 2), (0, 3), (0, 2), (1, 3)])"
6,5,0.078125,0.003095388412475586,0.01346588134765625,"(Vertices: [0, 1, 2, 3, 4, 5]) -- (Edges: [(0, 1), (0, 4), (0, 3), (1, 3), (3, 5)])"
7,7,0.0546875,0.0032579898834228516,0.02291107177734375,"(Vertices: [0, 1, 2, 3, 4, 5, 6]) -- (Edges: [(0, 1), (0, 4), (1, 5), (2, 6), (5, 6), (0, 5), (3, 5)])"
8,10,0.03515625,0.0052716732025146484,0.033516883850097656,"(Vertices: [0, 1, 2, 3, 4, 5, 6, 7]) -- (Edges: [(0, 4), (2, 7), (0, 3), (6, 7), (0, 2), (4, 5), (3, 6), (2, 5), (4, 7), (3, 5)])"
9,15,0.0234375,0.010132789611816406,0.08806800842285156,"(Vertices: [0, 1, 2, 3, 4, 5, 6, 7, 8]) -- (Edges: [(1, 5), (8, 7), (0, 3), (4, 6), (5, 7), (8, 0), (2, 3), (6, 7), (1, 7), (8, 3), (0, 5), (8, 2), (0, 8), (1, 3), (3, 5)])"
10,12,0.01171875,0.019934415817260742,0.14926528930664062,"(Vertices: [0, 1, 2, 3, 4, 5, 6, 7, 8, 9]) -- (Edges: [(2, 4), (3, 4), (9, 6), (4, 6), (0, 9), (9, 2), (5, 7), (9, 5), (0, 2), (1, 7), (4, 5), (8, 9)])"
11,16,0.0068359375,0.03933596611022949,0.336456298828125,"(Vertices: [0, 1, 2, 3, 4, 5, 6, 7, 8, 9, 10]) -- (Edges: [(0, 7), (2, 4), (1, 2), (0, 4), (0, 10), (9, 6), (5, 7), (0, 6), (4, 7), (6, 7), (0, 2), (10, 6), (10, 3), (8, 2), (9, 1), (1, 9)])"
12,22,0.004150390625,0.08065319061279297,0.60699462890625,"(Vertices: [0, 1, 2, 3, 4, 5, 6, 7, 8, 9, 10, 11]) -- (Edges: [(4, 6), (9, 2), (8, 9), (8, 6), (2, 5), (1, 3), (8, 2), (8, 5), (10, 2), (0, 1), (9, 10), (1, 2), (1, 5), (1, 11), (2, 10), (4, 7), (8, 4), (0, 3), (11, 6), (2, 3), (2, 6), (1, 10)])"
13,15,0.001708984375,0.15916013717651367,1.3408126831054688,"(Vertices: [0, 1, 2, 3, 4, 5, 6, 7, 8, 9, 10, 11, 12]) -- (Edges: [(0, 1), (10, 5), (1, 2), (0, 4), (0, 10), (3, 4), (1, 5), (12, 7), (8, 10), (5, 7), (9, 5), (12, 6), (1, 10), (3, 12), (9, 4)])"
14,32,0.00140380859375,0.33197474479675293,2.468170166015625,"(Vertices: [0, 1, 2, 3, 4, 5, 6, 7, 8, 9, 10, 11, 12, 13]) -- (Edges: [(12, 4), (4, 6), (4, 12), (12, 13), (8, 0), (9, 5), (8, 9), (10, 6), (0, 5), (9, 11), (0, 8), (10, 12), (1, 9), (9, 1), (9, 7), (8, 5), (11, 4), (0, 7), (1, 2), (12, 5), (3, 11), (9, 3), (8, 1), (8, 7), (11, 3), (0, 9), (10, 7), (9, 12), (0, 6), (11, 6), (13, 6), (1, 10)])"
15,39,0.000823974609375,0.711536169052124,4.450469970703125,"(Vertices: [0, 1, 2, 3, 4, 5, 6, 7, 8, 9, 10, 11, 12, 13, 14]) -- (Edges: [(12, 7), (14, 7), (4, 6), (12, 13), (8, 0), (8, 3), (11, 5), (10, 3), (8, 6), (8, 12), (0, 8), (2, 5), (1, 3), (9, 11), (1, 12), (13, 14), (12, 6), (4, 14), (9, 7), (11, 4), (10, 2), (9, 10), (11, 7), (10, 5), (8, 14), (10, 11), (0, 10), (1, 5), (2, 10), (1, 14), (2, 13), (3, 14), (8, 1), (8, 7), (1, 4), (11, 6), (1, 7), (2, 12), (1, 10)])"
5,5,0.15625,0.0013418197631835938,0.02087688446044922,"(Vertices: [0, 1, 2, 3, 4]) -- (Edges: [(0, 1), (2, 4), (1, 2), (0, 3), (1, 4)])"
6,4,0.078125,0.0011069774627685547,0.01264190673828125,"(Vertices: [0, 1, 2, 3, 4, 5]) -- (Edges: [(2, 3), (4, 5), (0, 3), (2, 5)])"
7,9,0.0625,0.002185821533203125,0.02567291259765625,"(Vertices: [0, 1, 2, 3, 4, 5, 6]) -- (Edges: [(0, 1), (1, 2), (0, 4), (4, 6), (0, 6), (2, 3), (5, 6), (3, 6), (2, 5)])"
8,8,0.03125,0.0042572021484375,0.033837318420410156,"(Vertices: [0, 1, 2, 3, 4, 5, 6, 7]) -- (Edges: [(0, 7), (1, 2), (2, 7), (1, 5), (1, 4), (5, 7), (2, 3), (2, 5)])"
9,13,0.021484375,0.008642911911010742,0.08712196350097656,"(Vertices: [0, 1, 2, 3, 4, 5, 6, 7, 8]) -- (Edges: [(0, 1), (0, 4), (0, 3), (4, 6), (5, 7), (0, 6), (2, 3), (8, 5), (8, 0), (0, 5), (0, 8), (2, 5), (4, 7)])"
10,16,0.0146484375,0.017428874969482422,0.15149307250976562,"(Vertices: [0, 1, 2, 3, 4, 5, 6, 7, 8, 9]) -- (Edges: [(0, 7), (1, 2), (0, 4), (2, 7), (0, 3), (0, 9), (1, 4), (0, 6), (2, 3), (8, 5), (1, 7), (4, 5), (0, 5), (2, 5), (4, 7), (9, 4)])"
11,20,0.0078125,0.03809165954589844,0.34806060791015625,"(Vertices: [0, 1, 2, 3, 4, 5, 6, 7, 8, 9, 10]) -- (Edges: [(4, 6), (5, 7), (9, 5), (8, 6), (10, 3), (1, 6), (1, 3), (4, 5), (10, 2), (0, 7), (10, 5), (2, 7), (2, 10), (6, 7), (3, 5), (8, 4), (8, 1), (8, 10), (0, 6), (1, 7)])"
12,22,0.004150390625,0.08277606964111328,0.6082229614257812,"(Vertices: [0, 1, 2, 3, 4, 5, 6, 7, 8, 9, 10, 11]) -- (Edges: [(3, 4), (4, 6), (10, 6), (0, 5), (11, 5), (10, 3), (4, 5), (3, 6), (8, 2), (9, 4), (10, 11), (3, 11), (9, 3), (8, 7), (10, 4), (9, 6), (11, 3), (0, 9), (1, 4), (0, 6), (2, 6), (1, 10)])"
13,24,0.00244140625,0.15949034690856934,1.313446044921875,"(Vertices: [0, 1, 2, 3, 4, 5, 6, 7, 8, 9, 10, 11, 12]) -- (Edges: [(3, 4), (3, 7), (9, 5), (11, 5), (4, 5), (12, 6), (3, 12), (9, 7), (8, 11), (10, 2), (11, 7), (10, 11), (2, 7), (1, 5), (2, 10), (6, 7), (12, 5), (3, 5), (8, 4), (8, 1), (0, 9), (0, 12), (1, 7), (1, 10)])"
14,25,0.00140380859375,0.32005906105041504,2.426849365234375,"(Vertices: [0, 1, 2, 3, 4, 5, 6, 7, 8, 9, 10, 11, 12, 13]) -- (Edges: [(12, 7), (5, 7), (8, 3), (10, 6), (11, 5), (8, 12), (1, 6), (10, 12), (9, 7), (0, 1), (0, 7), (10, 5), (9, 10), (0, 4), (11, 13), (2, 13), (12, 5), (8, 4), (4, 13), (8, 1), (10, 13), (0, 6), (1, 13), (2, 6), (2, 12)])"
15,46,0.00091552734375,0.7143967151641846,4.445068359375,"(Vertices: [0, 1, 2, 3, 4, 5, 6, 7, 8, 9, 10, 11, 12, 13, 14]) -- (Edges: [(12, 7), (3, 4), (4, 6), (9, 2), (8, 0), (3, 13), (0, 2), (8, 3), (11, 5), (8, 12), (0, 8), (11, 14), (0, 11), (2, 14), (1, 12), (4, 5), (4, 14), (3, 12), (8, 11), (9, 4), (0, 7), (8, 14), (1, 2), (10, 11), (0, 10), (2, 7), (1, 5), (13, 7), (0, 13), (2, 13), (6, 7), (12, 5), (9, 3), (8, 1), (9, 6), (0, 9), (8, 10), (10, 13), (0, 6), (0, 12), (2, 3), (1, 7), (1, 13), (2, 12), (1, 10), (13, 6)])"
5,2,0.09375,0.0008709430694580078,0.01742839813232422,"(Vertices: [0, 1, 2, 3, 4]) -- (Edges: [(0, 3), (0, 4)])"
6,3,0.0625,0.0011401176452636719,0.0133056640625,"(Vertices: [0, 1, 2, 3, 4, 5]) -- (Edges: [(0, 2), (2, 5), (1, 3)])"
7,4,0.0390625,0.004502058029174805,0.02056121826171875,"(Vertices: [0, 1, 2, 3, 4, 5, 6]) -- (Edges: [(4, 5), (2, 5), (1, 3), (3, 6)])"
8,12,0.03515625,0.009580612182617188,0.035286903381347656,"(Vertices: [0, 1, 2, 3, 4, 5, 6, 7]) -- (Edges: [(0, 1), (1, 2), (2, 7), (1, 5), (0, 3), (2, 6), (0, 5), (3, 6), (1, 6), (2, 5), (1, 3), (3, 5)])"
9,9,0.015625,0.009480476379394531,0.07836151123046875,"(Vertices: [0, 1, 2, 3, 4, 5, 6, 7, 8]) -- (Edges: [(0, 7), (8, 7), (1, 4), (0, 6), (8, 0), (8, 6), (0, 8), (1, 3), (3, 5)])"
10,10,0.0087890625,0.017591476440429688,0.13631248474121094,"(Vertices: [0, 1, 2, 3, 4, 5, 6, 7, 8, 9]) -- (Edges: [(0, 7), (2, 4), (9, 3), (8, 0), (2, 3), (3, 6), (8, 2), (0, 8), (2, 5), (3, 5)])"
11,18,0.0078125,0.03516387939453125,0.31327056884765625,"(Vertices: [0, 1, 2, 3, 4, 5, 6, 7, 8, 9, 10]) -- (Edges: [(1, 2), (0, 4), (0, 10), (8, 7), (3, 7), (0, 9), (9, 2), (8, 0), (0, 6), (8, 10), (9, 5), (1, 10), (8, 6), (1, 6), (0, 8), (9, 7), (8, 5), (8, 2)])"
12,22,0.00439453125,0.08344244956970215,0.6023712158203125,"(Vertices: [0, 1, 2, 3, 4, 5, 6, 7, 8, 9, 10, 11]) -- (Edges: [(0, 2), (8, 9), (0, 5), (11, 5), (1, 9), (8, 2), (9, 1), (8, 5), (10, 2), (11, 7), (1, 2), (0, 4), (0, 10), (10, 11), (2, 10), (4, 7), (3, 5), (9, 6), (8, 10), (10, 7), (1, 4), (1, 7)])"
13,26,0.0023193359375,0.17503023147583008,1.2814559936523438,"(Vertices: [0, 1, 2, 3, 4, 5, 6, 7, 8, 9, 10, 11, 12]) -- (Edges: [(3, 4), (9, 2), (0, 5), (8, 6), (10, 3), (0, 11), (1, 12), (12, 6), (5, 6), (3, 6), (10, 2), (9, 10), (2, 4), (2, 7), (1, 5), (1, 11), (2, 10), (6, 7), (8, 4), (9, 12), (10, 7), (0, 6), (2, 3), (11, 6), (11, 12), (1, 10)])"
14,35,0.0015869140625,0.3490619659423828,2.4563064575195312,"(Vertices: [0, 1, 2, 3, 4, 5, 6, 7, 8, 9, 10, 11, 12, 13]) -- (Edges: [(3, 4), (9, 2), (5, 13), (8, 3), (10, 6), (11, 5), (10, 3), (1, 6), (2, 5), (1, 3), (2, 11), (13, 5), (3, 6), (3, 12), (8, 2), (8, 11), (10, 2), (0, 7), (10, 5), (11, 7), (1, 11), (0, 13), (2, 10), (8, 4), (4, 13), (8, 1), (8, 7), (10, 4), (0, 9), (10, 7), (8, 10), (0, 6), (2, 3), (13, 6), (1, 10)])"
15,41,0.000823974609375,0.7019491195678711,4.472251892089844,"(Vertices: [0, 1, 2, 3, 4, 5, 6, 7, 8, 9, 10, 11, 12, 13, 14]) -- (Edges: [(14, 7), (4, 6), (9, 2), (5, 7), (8, 0), (0, 2), (8, 3), (11, 5), (8, 12), (1, 6), (0, 8), (2, 5), (1, 3), (10, 12), (0, 11), (5, 6), (3, 6), (3, 12), (9, 7), (8, 11), (10, 2), (9, 10), (8, 14), (0, 4), (9, 13), (1, 5), (1, 11), (0, 13), (2, 10), (13, 7), (1, 14), (6, 7), (12, 5), (12, 14), (3, 14), (8, 4), (0, 9), (1, 4), (1, 7), (2, 6), (1, 10)])"
5,2,0.09375,0.0013375282287597656,0.01742839813232422,"(Vertices: [0, 1, 2, 3, 4]) -- (Edges: [(0, 1), (0, 3)])"
6,4,0.078125,0.0011508464813232422,0.0130767822265625,"(Vertices: [0, 1, 2, 3, 4, 5]) -- (Edges: [(0, 1), (2, 4), (0, 3), (3, 4)])"
7,4,0.03125,0.002331256866455078,0.01782989501953125,"(Vertices: [0, 1, 2, 3, 4, 5, 6]) -- (Edges: [(4, 6), (3, 4), (3, 5), (3, 6)])"
8,17,0.046875,0.004212856292724609,0.040352821350097656,"(Vertices: [0, 1, 2, 3, 4, 5, 6, 7]) -- (Edges: [(0, 1), (2, 4), (1, 2), (0, 4), (3, 4), (1, 5), (3, 7), (0, 3), (4, 6), (1, 4), (0, 6), (5, 7), (6, 7), (0, 2), (5, 6), (3, 6), (3, 5)])"
9,16,0.0234375,0.012489557266235352,0.08596992492675781,"(Vertices: [0, 1, 2, 3, 4, 5, 6, 7, 8]) -- (Edges: [(0, 1), (2, 7), (1, 5), (8, 7), (1, 4), (0, 6), (5, 7), (8, 5), (1, 7), (8, 0), (5, 6), (0, 5), (1, 6), (0, 8), (4, 7), (3, 5)])"
10,15,0.0146484375,0.020709991455078125,0.16175460815429688,"(Vertices: [0, 1, 2, 3, 4, 5, 6, 7, 8, 9]) -- (Edges: [(0, 1), (0, 7), (1, 2), (2, 7), (8, 1), (9, 2), (0, 6), (6, 7), (4, 5), (8, 9), (5, 6), (0, 5), (3, 6), (1, 6), (9, 4)])"
11,17,0.0068359375,0.040923357009887695,0.33123016357421875,"(Vertices: [0, 1, 2, 3, 4, 5, 6, 7, 8, 9, 10]) -- (Edges: [(0, 7), (10, 5), (9, 3), (9, 6), (0, 9), (1, 4), (0, 6), (8, 0), (6, 7), (0, 2), (1, 7), (4, 5), (0, 5), (10, 3), (1, 6), (0, 8), (9, 7)])"
12,29,0.005126953125,0.08581852912902832,0.5953598022460938,"(Vertices: [0, 1, 2, 3, 4, 5, 6, 7, 8, 9, 10, 11]) -- (Edges: [(3, 4), (3, 7), (5, 7), (0, 2), (8, 3), (10, 6), (0, 5), (10, 3), (9, 11), (4, 5), (9, 7), (8, 5), (0, 1), (0, 7), (11, 7), (9, 10), (0, 10), (1, 11), (6, 7), (4, 7), (8, 4), (8, 1), (8, 7), (9, 6), (8, 10), (1, 4), (0, 6), (2, 3), (1, 7)])"
13,20,0.0020751953125,0.15828227996826172,1.328125,"(Vertices: [0, 1, 2, 3, 4, 5, 6, 7, 8, 9, 10, 11, 12]) -- (Edges: [(12, 4), (4, 12), (9, 5), (8, 12), (10, 3), (2, 11), (1, 9), (0, 11), (5, 6), (3, 6), (9, 1), (9, 7), (8, 5), (11, 4), (10, 5), (9, 3), (0, 6), (11, 12), (1, 7), (1, 10)])"
14,31,0.00140380859375,0.33985471725463867,2.4198455810546875,"(Vertices: [0, 1, 2, 3, 4, 5, 6, 7, 8, 9, 10, 11, 12, 13]) -- (Edges: [(5, 7), (8, 0), (5, 13), (9, 5), (0, 2), (8, 9), (0, 5), (1, 6), (0, 8), (13, 5), (1, 9), (0, 11), (4, 5), (9, 1), (11, 4), (8, 5), (9, 4), (1, 5), (13, 7), (11, 13), (4, 7), (3, 11), (9, 3), (11, 3), (0, 9), (1, 4), (11, 12), (1, 13), (2, 12), (1, 10), (13, 6)])"
15,43,0.000885009765625,0.6981062889099121,4.457038879394531,"(Vertices: [0, 1, 2, 3, 4, 5, 6, 7, 8, 9, 10, 11, 12, 13, 14]) -- (Edges: [(12, 4), (3, 4), (14, 7), (4, 12), (8, 3), (8, 9), (10, 6), (10, 3), (8, 12), (9, 11), (11, 14), (1, 9), (0, 11), (1, 12), (6, 14), (14, 6), (4, 5), (3, 6), (4, 14), (8, 2), (9, 1), (9, 7), (9, 10), (8, 14), (0, 10), (1, 5), (1, 11), (0, 13), (10, 14), (2, 13), (6, 7), (12, 5), (3, 5), (9, 3), (8, 1), (5, 14), (10, 4), (9, 12), (0, 9), (10, 7), (11, 6), (11, 12), (1, 7)])"
5,3,0.125,0.0012402534484863281,0.01832103729248047,"(Vertices: [0, 1, 2, 3, 4]) -- (Edges: [(0, 2), (1, 2), (2, 4)])"
6,3,0.0625,0.0014858245849609375,0.01346588134765625,"(Vertices: [0, 1, 2, 3, 4, 5]) -- (Edges: [(4, 5), (2, 4), (0, 4)])"
7,5,0.046875,0.002252817153930664,0.02164459228515625,"(Vertices: [0, 1, 2, 3, 4, 5, 6]) -- (Edges: [(0, 4), (1, 4), (0, 6), (1, 6), (3, 5)])"
8,8,0.02734375,0.004009723663330078,0.033226966857910156,"(Vertices: [0, 1, 2, 3, 4, 5, 6, 7]) -- (Edges: [(0, 1), (2, 4), (1, 5), (0, 3), (4, 5), (2, 6), (2, 5), (1, 3)])"
9,9,0.017578125,0.010451555252075195,0.07717132568359375,"(Vertices: [0, 1, 2, 3, 4, 5, 6, 7, 8]) -- (Edges: [(0, 7), (8, 1), (3, 7), (4, 6), (8, 3), (0, 2), (0, 5), (8, 5), (3, 5)])"
10,13,0.0126953125,0.02173447608947754,0.14906883239746094,"(Vertices: [0, 1, 2, 3, 4, 5, 6, 7, 8, 9]) -- (Edges: [(8, 1), (9, 6), (0, 3), (0, 9), (9, 2), (5, 7), (0, 6), (9, 5), (8, 9), (3, 6), (1, 6), (4, 7), (3, 5)])"
11,19,0.0078125,0.03843808174133301,0.31511688232421875,"(Vertices: [0, 1, 2, 3, 4, 5, 6, 7, 8, 9, 10]) -- (Edges: [(3, 7), (9, 2), (8, 0), (0, 2), (10, 6), (8, 6), (0, 8), (8, 2), (8, 5), (10, 2), (0, 1), (1, 5), (2, 10), (6, 7), (8, 4), (10, 4), (0, 3), (1, 4), (0, 6)])"
12,25,0.004638671875,0.08083438873291016,0.6372146606445312,"(Vertices: [0, 1, 2, 3, 4, 5, 6, 7, 8, 9, 10, 11]) -- (Edges: [(9, 2), (8, 0), (8, 6), (0, 8), (4, 5), (9, 7), (0, 1), (11, 7), (9, 10), (0, 4), (2, 7), (1, 11), (4, 7), (3, 5), (8, 4), (9, 3), (8, 1), (8, 7), (8, 10), (1, 4), (11, 6), (2, 3), (1, 7), (2, 6), (1, 10)])"
13,31,0.0025634765625,0.17464041709899902,1.276092529296875,"(Vertices: [0, 1, 2, 3, 4, 5, 6, 7, 8, 9, 10, 11, 12]) -- (Edges: [(12, 7), (3, 7), (9, 2), (5, 7), (9, 5), (8, 3), (10, 6), (8, 12), (2, 5), (0, 11), (1, 12), (12, 6), (3, 12), (8, 5), (8, 11), (10, 2), (0, 7), (2, 4), (10, 11), (2, 7), (1, 5), (2, 10), (6, 7), (3, 11), (8, 4), (10, 4), (9, 6), (11, 3), (9, 12), (0, 12), (1, 7)])"
14,45,0.00164794921875,0.34676456451416016,2.5343093872070312,"(Vertices: [0, 1, 2, 3, 4, 5, 6, 7, 8, 9, 10, 11, 12, 13]) -- (Edges: [(12, 4), (12, 7), (4, 12), (8, 0), (5, 13), (3, 13), (8, 3), (8, 6), (10, 3), (0, 8), (2, 5), (2, 11), (1, 9), (13, 5), (10, 12), (1, 12), (4, 5), (12, 6), (9, 1), (11, 4), (9, 10), (0, 7), (2, 4), (10, 5), (9, 13), (0, 10), (2, 7), (13, 7), (1, 11), (0, 13), (6, 7), (3, 5), (3, 11), (8, 4), (4, 13), (8, 1), (9, 6), (11, 3), (0, 9), (9, 12), (1, 4), (0, 12), (11, 12), (2, 12), (1, 10)])"
15,28,0.000640869140625,0.661566972732544,4.9214019775390625,"(Vertices: [0, 1, 2, 3, 4, 5, 6, 7, 8, 9, 10, 11, 12, 13, 14]) -- (Edges: [(12, 4), (12, 7), (3, 7), (14, 7), (4, 6), (4, 12), (5, 7), (5, 13), (8, 3), (9, 11), (13, 5), (1, 3), (10, 12), (12, 6), (3, 12), (11, 4), (10, 2), (8, 14), (1, 2), (0, 13), (2, 10), (1, 14), (5, 14), (8, 7), (0, 3), (9, 12), (1, 4), (1, 13)])"
5,3,0.125,0.0012736320495605469,0.01832103729248047,"(Vertices: [0, 1, 2, 3, 4]) -- (Edges: [(0, 1), (2, 3), (0, 4)])"
6,2,0.046875,0.0011832714080810547,0.0100555419921875,"(Vertices: [0, 1, 2, 3, 4, 5]) -- (Edges: [(0, 1), (2, 5)])"
7,6,0.046875,0.002328634262084961,0.02156829833984375,"(Vertices: [0, 1, 2, 3, 4, 5, 6]) -- (Edges: [(3, 4), (0, 6), (2, 3), (0, 2), (2, 6), (5, 6)])"
8,9,0.03515625,0.005970954895019531,0.035691261291503906,"(Vertices: [0, 1, 2, 3, 4, 5, 6, 7]) -- (Edges: [(2, 7), (0, 3), (6, 7), (0, 2), (1, 7), (3, 6), (1, 3), (4, 7), (3, 5)])"
9,13,0.021484375,0.009442806243896484,0.08615303039550781,"(Vertices: [0, 1, 2, 3, 4, 5, 6, 7, 8]) -- (Edges: [(0, 1), (1, 2), (0, 4), (1, 5), (3, 7), (5, 7), (0, 6), (6, 7), (0, 2), (1, 7), (8, 3), (1, 6), (2, 5)])"
10,16,0.013671875,0.021892309188842773,0.15539169311523438,"(Vertices: [0, 1, 2, 3, 4, 5, 6, 7, 8, 9]) -- (Edges: [(9, 7), (0, 4), (0, 3), (0, 9), (5, 7), (0, 6), (0, 2), (1, 7), (8, 3), (4, 5), (8, 6), (8, 9), (1, 6), (1, 3), (4, 7), (8, 2)])"
11,15,0.0068359375,0.0366520881652832,0.3361968994140625,"(Vertices: [0, 1, 2, 3, 4, 5, 6, 7, 8, 9, 10]) -- (Edges: [(0, 1), (2, 4), (10, 5), (9, 3), (3, 7), (0, 3), (0, 9), (9, 2), (4, 6), (9, 5), (1, 10), (10, 3), (8, 2), (9, 7), (3, 5)])"
12,19,0.003662109375,0.07744383811950684,0.6238861083984375,"(Vertices: [0, 1, 2, 3, 4, 5, 6, 7, 8, 9, 10, 11]) -- (Edges: [(3, 4), (9, 2), (9, 5), (8, 9), (0, 5), (11, 5), (1, 6), (2, 5), (2, 11), (3, 6), (8, 2), (10, 2), (2, 10), (3, 11), (9, 3), (8, 1), (11, 3), (10, 7), (11, 6)])"
13,29,0.00244140625,0.15319323539733887,1.1858673095703125,"(Vertices: [0, 1, 2, 3, 4, 5, 6, 7, 8, 9, 10, 11, 12]) -- (Edges: [(12, 4), (3, 4), (4, 6), (4, 12), (9, 2), (5, 7), (8, 9), (10, 6), (0, 5), (8, 12), (1, 6), (2, 11), (10, 12), (0, 11), (3, 6), (8, 2), (0, 1), (10, 5), (2, 7), (1, 11), (3, 5), (8, 4), (9, 6), (0, 3), (0, 9), (10, 7), (1, 4), (8, 10), (1, 7)])"
14,36,0.0015869140625,0.3376352787017822,2.4922714233398438,"(Vertices: [0, 1, 2, 3, 4, 5, 6, 7, 8, 9, 10, 11, 12, 13]) -- (Edges: [(12, 13), (5, 13), (3, 13), (9, 5), (10, 6), (0, 5), (10, 3), (8, 6), (1, 6), (2, 5), (2, 11), (13, 5), (10, 12), (5, 6), (3, 12), (9, 10), (2, 4), (10, 11), (9, 13), (11, 13), (3, 5), (3, 11), (4, 13), (9, 3), (8, 1), (8, 7), (10, 4), (0, 3), (11, 3), (8, 10), (10, 13), (0, 6), (2, 3), (11, 6), (1, 7), (1, 13)])"
15,31,0.000762939453125,0.6812686920166016,4.74664306640625,"(Vertices: [0, 1, 2, 3, 4, 5, 6, 7, 8, 9, 10, 11, 12, 13, 14]) -- (Edges: [(3, 4), (14, 7), (9, 5), (8, 3), (2, 5), (10, 12), (1, 12), (13, 14), (4, 5), (8, 2), (11, 4), (9, 4), (0, 4), (0, 10), (2, 7), (1, 5), (9, 13), (0, 13), (11, 13), (1, 14), (2, 13), (6, 7), (12, 14), (3, 11), (4, 13), (10, 4), (11, 3), (0, 9), (9, 12), (2, 3), (2, 12)])"
5,2,0.09375,0.001965045928955078,0.01742839813232422,"(Vertices: [0, 1, 2, 3, 4]) -- (Edges: [(0, 1), (0, 4)])"
6,6,0.109375,0.0023870468139648438,0.0157318115234375,"(Vertices: [0, 1, 2, 3, 4, 5]) -- (Edges: [(1, 2), (0, 3), (1, 4), (2, 3), (4, 5), (2, 5)])"
7,5,0.0234375,0.004935264587402344,0.02004241943359375,"(Vertices: [0, 1, 2, 3, 4, 5, 6]) -- (Edges: [(0, 3), (0, 2), (5, 6), (3, 6), (2, 5)])"
8,10,0.04296875,0.006989717483520508,0.038819313049316406,"(Vertices: [0, 1, 2, 3, 4, 5, 6, 7]) -- (Edges: [(2, 4), (3, 4), (3, 7), (1, 4), (5, 7), (1, 7), (5, 6), (0, 5), (3, 6), (1, 6)])"
9,11,0.017578125,0.010987043380737305,0.07697486877441406,"(Vertices: [0, 1, 2, 3, 4, 5, 6, 7, 8]) -- (Edges: [(8, 4), (8, 1), (4, 6), (1, 4), (8, 0), (2, 6), (8, 6), (3, 6), (1, 6), (0, 8), (1, 3)])"
10,8,0.0078125,0.019318580627441406,0.14110946655273438,"(Vertices: [0, 1, 2, 3, 4, 5, 6, 7, 8, 9]) -- (Edges: [(0, 4), (4, 5), (2, 6), (5, 6), (1, 6), (2, 5), (8, 5), (9, 4)])"
11,18,0.0078125,0.04817008972167969,0.33608245849609375,"(Vertices: [0, 1, 2, 3, 4, 5, 6, 7, 8, 9, 10]) -- (Edges: [(9, 10), (2, 4), (1, 2), (3, 4), (2, 7), (9, 3), (8, 7), (3, 7), (9, 2), (10, 7), (0, 6), (8, 3), (4, 5), (2, 6), (5, 6), (10, 3), (9, 7), (4, 7)])"
12,24,0.00439453125,0.08754181861877441,0.5616073608398438,"(Vertices: [0, 1, 2, 3, 4, 5, 6, 7, 8, 9, 10, 11]) -- (Edges: [(3, 4), (3, 7), (5, 7), (9, 5), (8, 3), (10, 6), (11, 5), (10, 3), (1, 9), (0, 11), (5, 6), (9, 1), (9, 4), (9, 10), (11, 7), (2, 4), (0, 4), (2, 7), (3, 11), (8, 1), (8, 7), (11, 3), (0, 9), (2, 6)])"
13,35,0.0025634765625,0.17214083671569824,1.07861328125,"(Vertices: [0, 1, 2, 3, 4, 5, 6, 7, 8, 9, 10, 11, 12]) -- (Edges: [(12, 4), (4, 12), (8, 0), (8, 9), (0, 5), (11, 5), (8, 6), (9, 11), (0, 8), (1, 12), (12, 6), (3, 6), (3, 12), (8, 2), (11, 4), (10, 2), (10, 5), (0, 10), (2, 7), (1, 5), (2, 10), (4, 7), (9, 3), (8, 1), (8, 7), (10, 4), (0, 3), (0, 9), (10, 7), (0, 6), (0, 12), (2, 3), (11, 12), (2, 6), (1, 10)])"
14,36,0.0015869140625,0.34090161323547363,2.52557373046875,"(Vertices: [0, 1, 2, 3, 4, 5, 6, 7, 8, 9, 10, 11, 12, 13]) -- (Edges: [(9, 2), (5, 7), (5, 13), (3, 13), (10, 6), (11, 5), (8, 6), (2, 11), (13, 5), (0, 11), (10, 12), (5, 6), (3, 12), (8, 2), (11, 4), (8, 5), (9, 4), (8, 11), (2, 4), (1, 2), (9, 13), (2, 7), (1, 5), (1, 11), (6, 7), (12, 5), (4, 7), (9, 3), (0, 9), (8, 10), (1, 4), (0, 6), (11, 12), (1, 13), (2, 6), (13, 6)])"
15,37,0.0008544921875,0.7140555381774902,4.435707092285156,"(Vertices: [0, 1, 2, 3, 4, 5, 6, 7, 8, 9, 10, 11, 12, 13, 14]) -- (Edges: [(12, 7), (5, 7), (0, 2), (8, 3), (10, 6), (8, 9), (9, 14), (10, 3), (1, 6), (0, 14), (1, 3), (10, 12), (12, 6), (9, 7), (9, 4), (0, 1), (0, 7), (0, 10), (13, 7), (11, 13), (1, 14), (2, 13), (12, 5), (4, 7), (3, 11), (8, 7), (10, 4), (9, 6), (0, 3), (11, 3), (8, 10), (1, 4), (11, 6), (10, 13), (1, 13), (13, 6), (1, 10)])"
5,2,0.09375,0.0015139579772949219,0.01742839813232422,"(Vertices: [0, 1, 2, 3, 4]) -- (Edges: [(0, 3), (0, 4)])"
6,8,0.109375,0.0011703968048095703,0.01445770263671875,"(Vertices: [0, 1, 2, 3, 4, 5]) -- (Edges: [(0, 1), (2, 4), (1, 2), (0, 4), (0, 3), (0, 2), (2, 5), (1, 3)])"
7,8,0.0625,0.0028982162475585938,0.02320098876953125,"(Vertices: [0, 1, 2, 3, 4, 5, 6]) -- (Edges: [(0, 1), (3, 4), (2, 3), (4, 5), (2, 6), (0, 5), (3, 6), (2, 5)])"
8,6,0.01953125,0.005067586898803711,0.034150123596191406,"(Vertices: [0, 1, 2, 3, 4, 5, 6, 7]) -- (Edges: [(0, 1), (1, 4), (4, 5), (5, 6), (0, 5), (1, 6)])"
9,11,0.01953125,0.009559154510498047,0.08410072326660156,"(Vertices: [0, 1, 2, 3, 4, 5, 6, 7, 8]) -- (Edges: [(2, 4), (1, 2), (8, 4), (3, 7), (6, 7), (0, 5), (3, 6), (8, 2), (1, 3), (8, 5), (3, 5)])"
10,18,0.013671875,0.022578716278076172,0.16137313842773438,"(Vertices: [0, 1, 2, 3, 4, 5, 6, 7, 8, 9]) -- (Edges: [(0, 7), (1, 2), (3, 4), (8, 7), (4, 6), (0, 9), (9, 2), (2, 3), (9, 5), (0, 2), (6, 7), (8, 6), (3, 6), (1, 6), (9, 1), (1, 3), (1, 9), (9, 4)])"
11,16,0.00634765625,0.05648231506347656,0.333984375,"(Vertices: [0, 1, 2, 3, 4, 5, 6, 7, 8, 9, 10]) -- (Edges: [(9, 10), (0, 4), (2, 7), (1, 5), (9, 3), (9, 6), (10, 7), (0, 6), (6, 7), (4, 5), (10, 6), (3, 6), (9, 1), (2, 5), (1, 3), (1, 9)])"
12,24,0.00439453125,0.07825016975402832,0.6248321533203125,"(Vertices: [0, 1, 2, 3, 4, 5, 6, 7, 8, 9, 10, 11]) -- (Edges: [(3, 7), (8, 0), (8, 3), (8, 9), (11, 5), (9, 11), (0, 8), (2, 11), (0, 11), (8, 2), (9, 10), (1, 2), (0, 4), (0, 10), (1, 11), (3, 11), (8, 4), (8, 7), (0, 3), (11, 3), (10, 7), (1, 4), (2, 3), (1, 7)])"
13,34,0.0029296875,0.16516447067260742,1.1556243896484375,"(Vertices: [0, 1, 2, 3, 4, 5, 6, 7, 8, 9, 10, 11, 12]) -- (Edges: [(12, 7), (3, 4), (3, 7), (4, 6), (10, 6), (11, 5), (8, 12), (9, 11), (1, 3), (1, 9), (0, 11), (10, 12), (4, 5), (12, 6), (9, 1), (9, 7), (11, 4), (10, 2), (0, 1), (0, 7), (2, 4), (0, 4), (2, 7), (2, 10), (8, 4), (9, 3), (10, 4), (9, 6), (0, 3), (9, 12), (10, 7), (0, 12), (2, 6), (1, 10)])"
14,30,0.00140380859375,0.34014415740966797,2.4761428833007812,"(Vertices: [0, 1, 2, 3, 4, 5, 6, 7, 8, 9, 10, 11, 12, 13]) -- (Edges: [(12, 13), (3, 13), (0, 2), (9, 5), (8, 6), (10, 3), (4, 5), (12, 6), (5, 6), (9, 7), (8, 5), (9, 4), (0, 1), (2, 4), (10, 5), (0, 4), (1, 5), (2, 13), (6, 7), (4, 7), (3, 5), (10, 4), (0, 3), (9, 12), (10, 7), (10, 13), (11, 6), (11, 12), (1, 13), (2, 6)])"
15,36,0.000823974609375,0.7242755889892578,4.372337341308594,"(Vertices: [0, 1, 2, 3, 4, 5, 6, 7, 8, 9, 10, 11, 12, 13, 14]) -- (Edges: [(12, 4), (12, 7), (3, 4), (14, 7), (4, 6), (4, 12), (9, 2), (3, 13), (0, 5), (10, 3), (0, 14), (10, 12), (0, 11), (2, 14), (13, 14), (12, 6), (5, 6), (0, 1), (11, 7), (2, 4), (9, 10), (0, 4), (0, 10), (10, 11), (1, 5), (6, 7), (4, 7), (9, 3), (10, 4), (9, 6), (10, 13), (2, 3), (8, 13), (1, 7), (1, 13), (11, 12)])"
5,4,0.125,0.0008883476257324219,0.01832103729248047,"(Vertices: [0, 1, 2, 3, 4]) -- (Edges: [(0, 1), (2, 4), (0, 3), (1, 3)])"
6,6,0.0625,0.0011441707611083984,0.011871337890625,"(Vertices: [0, 1, 2, 3, 4, 5]) -- (Edges: [(1, 2), (0, 3), (1, 4), (2, 3), (4, 5), (0, 5)])"
7,4,0.0234375,0.0023555755615234375,0.02057647705078125,"(Vertices: [0, 1, 2, 3, 4, 5, 6]) -- (Edges: [(0, 1), (4, 5), (0, 4), (1, 5)])"
8,7,0.03125,0.004681587219238281,0.031235694885253906,"(Vertices: [0, 1, 2, 3, 4, 5, 6, 7]) -- (Edges: [(3, 4), (0, 3), (4, 6), (0, 6), (4, 5), (0, 2), (4, 7)])"
9,10,0.01953125,0.009226322174072266,0.08237457275390625,"(Vertices: [0, 1, 2, 3, 4, 5, 6, 7, 8]) -- (Edges: [(0, 1), (1, 2), (3, 4), (8, 1), (0, 6), (2, 3), (1, 7), (0, 5), (3, 6), (3, 5)])"
10,15,0.01171875,0.017585039138793945,0.1510601043701172,"(Vertices: [0, 1, 2, 3, 4, 5, 6, 7, 8, 9]) -- (Edges: [(0, 1), (0, 7), (1, 2), (3, 4), (1, 5), (8, 1), (8, 7), (9, 6), (1, 4), (9, 5), (0, 2), (6, 7), (3, 6), (9, 1), (1, 9)])"
11,21,0.00732421875,0.03917336463928223,0.34130859375,"(Vertices: [0, 1, 2, 3, 4, 5, 6, 7, 8, 9, 10]) -- (Edges: [(9, 2), (0, 2), (1, 9), (4, 5), (8, 2), (9, 1), (9, 7), (10, 2), (0, 1), (0, 7), (2, 4), (1, 2), (0, 4), (0, 10), (2, 7), (2, 10), (4, 7), (2, 3), (1, 7), (2, 6), (1, 10)])"
12,23,0.004150390625,0.09515976905822754,0.6183090209960938,"(Vertices: [0, 1, 2, 3, 4, 5, 6, 7, 8, 9, 10, 11]) -- (Edges: [(9, 5), (8, 3), (8, 9), (0, 5), (8, 6), (1, 9), (0, 11), (9, 1), (9, 10), (0, 7), (2, 4), (11, 7), (2, 7), (6, 7), (9, 3), (10, 4), (9, 6), (10, 7), (1, 4), (0, 6), (11, 6), (2, 6), (1, 10)])"
13,27,0.002685546875,0.15914201736450195,1.337005615234375,"(Vertices: [0, 1, 2, 3, 4, 5, 6, 7, 8, 9, 10, 11, 12]) -- (Edges: [(12, 4), (12, 7), (3, 7), (4, 6), (4, 12), (5, 7), (8, 0), (10, 6), (0, 5), (8, 12), (1, 6), (0, 8), (1, 3), (0, 11), (4, 5), (3, 6), (11, 4), (9, 4), (9, 10), (0, 7), (2, 4), (1, 5), (1, 11), (12, 5), (8, 1), (9, 12), (1, 4)])"
14,28,0.00128173828125,0.32138752937316895,2.4884185791015625,"(Vertices: [0, 1, 2, 3, 4, 5, 6, 7, 8, 9, 10, 11, 12, 13]) -- (Edges: [(3, 4), (12, 13), (8, 0), (5, 13), (3, 13), (8, 3), (10, 6), (8, 6), (8, 12), (0, 8), (13, 5), (2, 11), (0, 11), (3, 6), (3, 12), (10, 5), (0, 4), (2, 7), (1, 5), (1, 11), (11, 13), (12, 5), (3, 5), (3, 11), (8, 7), (11, 3), (0, 6), (1, 7)])"
15,32,0.000762939453125,0.671593427658081,4.589378356933594,"(Vertices: [0, 1, 2, 3, 4, 5, 6, 7, 8, 9, 10, 11, 12, 13, 14]) -- (Edges: [(12, 4), (4, 6), (4, 12), (8, 0), (9, 5), (0, 2), (8, 9), (11, 5), (10, 3), (9, 11), (0, 8), (2, 11), (1, 9), (0, 11), (1, 12), (12, 6), (3, 12), (9, 1), (8, 5), (0, 1), (0, 7), (1, 2), (10, 11), (13, 7), (1, 11), (0, 13), (10, 14), (6, 7), (4, 13), (2, 3), (1, 7), (2, 6)])"
5,4,0.125,0.000988006591796875,0.01832103729248047,"(Vertices: [0, 1, 2, 3, 4]) -- (Edges: [(2, 3), (2, 4), (3, 4), (1, 4)])"
6,7,0.109375,0.0011653900146484375,0.01593780517578125,"(Vertices: [0, 1, 2, 3, 4, 5]) -- (Edges: [(2, 4), (0, 4), (3, 4), (1, 4), (0, 2), (4, 5), (2, 5)])"
7,7,0.0625,0.002340078353881836,0.02188873291015625,"(Vertices: [0, 1, 2, 3, 4, 5, 6]) -- (Edges: [(1, 2), (1, 5), (4, 6), (1, 4), (2, 3), (5, 6), (0, 5)])"
8,6,0.0234375,0.004369974136352539,0.038590431213378906,"(Vertices: [0, 1, 2, 3, 4, 5, 6, 7]) -- (Edges: [(0, 7), (2, 4), (2, 7), (3, 7), (5, 7), (2, 3)])"
9,16,0.0234375,0.011328935623168945,0.08257484436035156,"(Vertices: [0, 1, 2, 3, 4, 5, 6, 7, 8]) -- (Edges: [(0, 7), (1, 2), (2, 7), (1, 5), (0, 3), (8, 0), (2, 3), (1, 7), (8, 3), (4, 5), (5, 6), (3, 6), (1, 6), (0, 8), (8, 5), (8, 2)])"
10,20,0.013671875,0.02822113037109375,0.15261459350585938,"(Vertices: [0, 1, 2, 3, 4, 5, 6, 7, 8, 9]) -- (Edges: [(5, 7), (8, 0), (0, 2), (8, 3), (0, 8), (2, 5), (1, 9), (5, 6), (3, 6), (9, 1), (9, 4), (2, 4), (2, 7), (1, 5), (4, 7), (8, 4), (9, 6), (0, 9), (0, 6), (2, 6)])"
11,13,0.00537109375,0.046930551528930664,0.32547760009765625,"(Vertices: [0, 1, 2, 3, 4, 5, 6, 7, 8, 9, 10]) -- (Edges: [(9, 10), (2, 4), (0, 4), (8, 4), (9, 6), (10, 7), (5, 7), (0, 2), (4, 5), (3, 6), (9, 7), (3, 5), (9, 4)])"
12,25,0.004638671875,0.07911467552185059,0.6309890747070312,"(Vertices: [0, 1, 2, 3, 4, 5, 6, 7, 8, 9, 10, 11]) -- (Edges: [(3, 7), (8, 0), (9, 5), (8, 9), (11, 5), (1, 6), (0, 8), (2, 5), (1, 9), (0, 11), (5, 6), (9, 1), (9, 7), (9, 4), (0, 1), (11, 7), (10, 5), (9, 10), (2, 7), (1, 11), (8, 4), (10, 4), (9, 6), (1, 4), (11, 6)])"
13,31,0.0025634765625,0.17076897621154785,1.1750106811523438,"(Vertices: [0, 1, 2, 3, 4, 5, 6, 7, 8, 9, 10, 11, 12]) -- (Edges: [(3, 4), (9, 2), (5, 7), (8, 0), (9, 5), (0, 5), (8, 12), (0, 8), (10, 12), (3, 6), (3, 12), (8, 2), (8, 11), (9, 4), (9, 10), (0, 7), (10, 2), (0, 4), (2, 7), (1, 11), (2, 10), (6, 7), (3, 11), (8, 4), (8, 1), (11, 3), (8, 10), (11, 6), (0, 12), (2, 3), (2, 12)])"
14,34,0.00152587890625,0.3377816677093506,2.4982070922851562,"(Vertices: [0, 1, 2, 3, 4, 5, 6, 7, 8, 9, 10, 11, 12, 13]) -- (Edges: [(12, 7), (4, 6), (12, 13), (9, 2), (0, 2), (8, 9), (10, 6), (0, 5), (11, 5), (8, 6), (1, 6), (1, 3), (1, 9), (3, 6), (9, 1), (8, 5), (8, 11), (9, 4), (0, 7), (2, 4), (10, 5), (9, 13), (0, 10), (6, 7), (12, 5), (4, 7), (8, 4), (4, 13), (8, 7), (10, 4), (9, 12), (0, 9), (8, 13), (1, 10)])"
15,32,0.000701904296875,0.6755130290985107,5.090873718261719,"(Vertices: [0, 1, 2, 3, 4, 5, 6, 7, 8, 9, 10, 11, 12, 13, 14]) -- (Edges: [(5, 7), (8, 9), (8, 6), (2, 5), (0, 14), (5, 6), (8, 2), (8, 5), (10, 2), (9, 4), (9, 10), (2, 4), (1, 2), (10, 5), (0, 10), (2, 7), (13, 7), (11, 13), (2, 10), (1, 14), (4, 7), (3, 11), (4, 13), (9, 3), (8, 1), (8, 7), (11, 3), (0, 9), (1, 4), (1, 7), (13, 6), (1, 10)])"
5,1,0.0625,0.0013737678527832031,0.01584911346435547,"(Vertices: [0, 1, 2, 3, 4]) -- (Edges: [(0, 2)])"
6,5,0.046875,0.0017306804656982422,0.0107269287109375,"(Vertices: [0, 1, 2, 3, 4, 5]) -- (Edges: [(0, 1), (1, 5), (2, 3), (0, 2), (3, 5)])"
7,7,0.0546875,0.003946065902709961,0.0230255126953125,"(Vertices: [0, 1, 2, 3, 4, 5, 6]) -- (Edges: [(0, 1), (2, 4), (0, 4), (5, 6), (0, 5), (3, 6), (3, 5)])"
8,7,0.02734375,0.006403207778930664,0.031456947326660156,"(Vertices: [0, 1, 2, 3, 4, 5, 6, 7]) -- (Edges: [(0, 1), (0, 4), (1, 4), (4, 5), (1, 6), (1, 3), (4, 7)])"
9,16,0.025390625,0.011446475982666016,0.08758735656738281,"(Vertices: [0, 1, 2, 3, 4, 5, 6, 7, 8]) -- (Edges: [(0, 7), (2, 4), (8, 4), (3, 4), (1, 5), (3, 7), (4, 6), (6, 7), (8, 3), (4, 5), (5, 6), (0, 5), (3, 6), (8, 6), (1, 6), (4, 7)])"
10,14,0.01171875,0.027523517608642578,0.14920425415039062,"(Vertices: [0, 1, 2, 3, 4, 5, 6, 7, 8, 9]) -- (Edges: [(2, 4), (1, 2), (1, 5), (8, 7), (3, 7), (1, 4), (8, 5), (0, 2), (8, 3), (5, 6), (8, 2), (2, 5), (1, 3), (4, 7)])"
11,19,0.00732421875,0.05842781066894531,0.35460662841796875,"(Vertices: [0, 1, 2, 3, 4, 5, 6, 7, 8, 9, 10]) -- (Edges: [(8, 3), (8, 9), (8, 6), (1, 9), (9, 1), (10, 2), (0, 1), (0, 7), (2, 4), (10, 5), (2, 7), (2, 10), (4, 7), (8, 4), (9, 3), (8, 1), (8, 10), (2, 3), (1, 7)])"
12,34,0.005126953125,0.07705211639404297,0.6247024536132812,"(Vertices: [0, 1, 2, 3, 4, 5, 6, 7, 8, 9, 10, 11]) -- (Edges: [(3, 7), (4, 6), (8, 0), (9, 5), (0, 2), (8, 3), (10, 6), (0, 5), (11, 5), (1, 6), (0, 8), (1, 9), (4, 5), (5, 6), (8, 2), (9, 1), (9, 7), (8, 5), (9, 4), (0, 1), (11, 7), (9, 10), (1, 2), (1, 11), (6, 7), (3, 5), (8, 7), (9, 6), (0, 3), (8, 10), (10, 7), (0, 6), (1, 7), (2, 6)])"
13,33,0.002685546875,0.16896557807922363,1.2780914306640625,"(Vertices: [0, 1, 2, 3, 4, 5, 6, 7, 8, 9, 10, 11, 12]) -- (Edges: [(12, 4), (3, 4), (4, 6), (4, 12), (9, 5), (10, 6), (0, 5), (10, 3), (1, 6), (2, 5), (1, 3), (1, 9), (5, 6), (9, 1), (9, 7), (9, 4), (11, 7), (2, 4), (10, 5), (0, 4), (6, 7), (4, 7), (3, 11), (8, 4), (9, 3), (8, 7), (9, 6), (11, 3), (0, 9), (0, 12), (1, 7), (2, 6), (2, 12)])"
14,31,0.00146484375,0.3309054374694824,2.4601669311523438,"(Vertices: [0, 1, 2, 3, 4, 5, 6, 7, 8, 9, 10, 11, 12, 13]) -- (Edges: [(12, 7), (3, 4), (3, 7), (12, 13), (5, 7), (5, 13), (8, 9), (9, 11), (13, 5), (2, 11), (1, 9), (10, 12), (9, 1), (0, 7), (11, 7), (10, 11), (0, 4), (1, 5), (1, 11), (0, 13), (11, 13), (6, 7), (4, 7), (3, 11), (11, 3), (0, 9), (0, 12), (2, 3), (1, 7), (13, 6), (1, 10)])"
15,36,0.000762939453125,0.6774382591247559,4.387794494628906,"(Vertices: [0, 1, 2, 3, 4, 5, 6, 7, 8, 9, 10, 11, 12, 13, 14]) -- (Edges: [(12, 4), (12, 7), (3, 4), (3, 7), (4, 12), (9, 2), (8, 0), (5, 13), (3, 13), (9, 5), (10, 6), (9, 14), (0, 8), (2, 5), (13, 5), (2, 11), (6, 14), (14, 6), (9, 7), (11, 7), (11, 13), (6, 7), (12, 5), (3, 5), (4, 13), (10, 4), (9, 6), (9, 12), (8, 10), (10, 7), (1, 4), (11, 6), (10, 13), (11, 12), (1, 13), (13, 6)])"
5,3,0.125,0.0010814666748046875,0.01832103729248047,"(Vertices: [0, 1, 2, 3, 4]) -- (Edges: [(0, 1), (1, 2), (1, 4)])"
6,4,0.078125,0.0013017654418945312,0.0126190185546875,"(Vertices: [0, 1, 2, 3, 4, 5]) -- (Edges: [(4, 5), (0, 4), (3, 5), (1, 5)])"
7,4,0.0390625,0.002390146255493164,0.02042388916015625,"(Vertices: [0, 1, 2, 3, 4, 5, 6]) -- (Edges: [(0, 1), (1, 2), (1, 3), (1, 5)])"
8,4,0.01953125,0.004610776901245117,0.034180641174316406,"(Vertices: [0, 1, 2, 3, 4, 5, 6, 7]) -- (Edges: [(0, 7), (4, 6), (0, 4), (5, 6)])"
9,14,0.025390625,0.01018214225769043,0.08513069152832031,"(Vertices: [0, 1, 2, 3, 4, 5, 6, 7, 8]) -- (Edges: [(0, 4), (3, 4), (2, 7), (8, 7), (4, 6), (8, 0), (1, 7), (8, 3), (4, 5), (0, 5), (8, 6), (0, 8), (4, 7), (3, 5)])"
10,22,0.0146484375,0.018853425979614258,0.15512466430664062,"(Vertices: [0, 1, 2, 3, 4, 5, 6, 7, 8, 9]) -- (Edges: [(3, 7), (9, 2), (5, 7), (8, 0), (9, 5), (8, 3), (0, 5), (1, 6), (0, 8), (9, 7), (0, 7), (2, 4), (1, 2), (2, 7), (6, 7), (3, 5), (8, 4), (8, 1), (0, 9), (1, 4), (0, 6), (2, 3)])"
11,18,0.00732421875,0.0383150577545166,0.337127685546875,"(Vertices: [0, 1, 2, 3, 4, 5, 6, 7, 8, 9, 10]) -- (Edges: [(0, 7), (3, 4), (9, 3), (1, 5), (8, 7), (9, 1), (9, 6), (0, 3), (0, 9), (6, 7), (0, 2), (4, 5), (3, 6), (1, 6), (2, 5), (9, 7), (1, 9), (3, 5)])"
12,26,0.004638671875,0.0854194164276123,0.5958175659179688,"(Vertices: [0, 1, 2, 3, 4, 5, 6, 7, 8, 9, 10, 11]) -- (Edges: [(4, 6), (8, 0), (9, 5), (8, 9), (10, 6), (0, 5), (8, 6), (10, 3), (1, 6), (0, 8), (2, 5), (8, 2), (8, 5), (10, 2), (9, 10), (1, 11), (2, 10), (6, 7), (9, 3), (8, 1), (8, 10), (10, 7), (1, 4), (11, 6), (1, 7), (1, 10)])"
13,27,0.00244140625,0.18127894401550293,1.2564163208007812,"(Vertices: [0, 1, 2, 3, 4, 5, 6, 7, 8, 9, 10, 11, 12]) -- (Edges: [(12, 7), (4, 6), (9, 2), (5, 7), (8, 9), (8, 12), (1, 3), (2, 11), (1, 12), (4, 5), (12, 6), (5, 6), (11, 4), (10, 2), (9, 4), (0, 7), (10, 5), (10, 11), (2, 10), (8, 4), (8, 1), (8, 7), (9, 6), (0, 9), (0, 6), (11, 12), (1, 10)])"
14,30,0.00140380859375,0.33550262451171875,2.4438858032226562,"(Vertices: [0, 1, 2, 3, 4, 5, 6, 7, 8, 9, 10, 11, 12, 13]) -- (Edges: [(12, 4), (3, 7), (4, 12), (12, 13), (9, 5), (8, 3), (0, 5), (10, 3), (8, 12), (9, 11), (2, 11), (10, 12), (1, 12), (12, 6), (5, 6), (3, 6), (3, 12), (9, 7), (9, 4), (10, 5), (0, 4), (13, 7), (11, 13), (6, 7), (4, 7), (10, 4), (1, 4), (10, 13), (11, 12), (1, 10)])"
15,36,0.00079345703125,0.694011926651001,4.28814697265625,"(Vertices: [0, 1, 2, 3, 4, 5, 6, 7, 8, 9, 10, 11, 12, 13, 14]) -- (Edges: [(12, 7), (9, 2), (8, 0), (3, 13), (0, 2), (8, 3), (9, 5), (8, 12), (1, 6), (0, 8), (0, 14), (10, 12), (11, 14), (13, 14), (12, 6), (11, 4), (9, 10), (0, 7), (2, 4), (1, 2), (10, 5), (2, 7), (13, 7), (11, 13), (2, 13), (6, 7), (3, 14), (8, 7), (0, 3), (0, 9), (8, 10), (9, 12), (0, 6), (1, 13), (2, 12), (13, 6)])"
5,2,0.09375,0.0012726783752441406,0.01720714569091797,"(Vertices: [0, 1, 2, 3, 4]) -- (Edges: [(0, 3), (1, 3)])"
6,4,0.078125,0.00128936767578125,0.0130767822265625,"(Vertices: [0, 1, 2, 3, 4, 5]) -- (Edges: [(2, 3), (2, 4), (0, 4), (3, 5)])"
7,8,0.0625,0.003025531768798828,0.02344512939453125,"(Vertices: [0, 1, 2, 3, 4, 5, 6]) -- (Edges: [(2, 4), (0, 3), (1, 4), (0, 6), (5, 6), (0, 5), (1, 6), (2, 5)])"
8,6,0.0234375,0.004277706146240234,0.038590431213378906,"(Vertices: [0, 1, 2, 3, 4, 5, 6, 7]) -- (Edges: [(2, 7), (3, 7), (0, 3), (0, 6), (2, 3), (1, 7)])"
9,18,0.029296875,0.00901651382446289,0.08384132385253906,"(Vertices: [0, 1, 2, 3, 4, 5, 6, 7, 8]) -- (Edges: [(8, 4), (3, 4), (2, 7), (8, 7), (1, 4), (0, 6), (2, 3), (5, 7), (0, 2), (4, 5), (2, 6), (8, 5), (0, 5), (3, 6), (6, 7), (1, 6), (4, 7), (3, 5)])"
10,15,0.0107421875,0.021689176559448242,0.14977645874023438,"(Vertices: [0, 1, 2, 3, 4, 5, 6, 7, 8, 9]) -- (Edges: [(0, 1), (0, 7), (0, 4), (2, 7), (1, 5), (4, 6), (1, 4), (8, 0), (2, 3), (2, 6), (5, 6), (8, 6), (3, 6), (0, 8), (8, 5)])"
11,16,0.0068359375,0.04364919662475586,0.32897186279296875,"(Vertices: [0, 1, 2, 3, 4, 5, 6, 7, 8, 9, 10]) -- (Edges: [(9, 1), (8, 1), (4, 6), (1, 4), (8, 5), (9, 5), (0, 2), (4, 5), (2, 6), (1, 10), (8, 2), (2, 5), (1, 3), (1, 9), (3, 5), (9, 4)])"
12,24,0.004638671875,0.08092236518859863,0.63140869140625,"(Vertices: [0, 1, 2, 3, 4, 5, 6, 7, 8, 9, 10, 11]) -- (Edges: [(3, 4), (4, 6), (5, 7), (9, 5), (0, 2), (8, 3), (8, 6), (2, 5), (1, 3), (2, 11), (8, 2), (9, 7), (8, 5), (11, 4), (9, 10), (2, 4), (10, 11), (4, 7), (3, 5), (8, 7), (0, 3), (1, 4), (2, 3), (1, 10)])"
13,32,0.0028076171875,0.16200852394104004,1.2411880493164062,"(Vertices: [0, 1, 2, 3, 4, 5, 6, 7, 8, 9, 10, 11, 12]) -- (Edges: [(5, 7), (8, 0), (0, 2), (10, 6), (8, 12), (9, 11), (0, 8), (2, 5), (1, 3), (0, 11), (4, 5), (12, 6), (8, 5), (8, 11), (9, 4), (0, 1), (0, 7), (11, 7), (1, 2), (0, 4), (0, 10), (9, 10), (1, 5), (1, 11), (8, 4), (8, 1), (9, 6), (9, 12), (0, 9), (0, 6), (11, 6), (2, 6)])"
14,35,0.00140380859375,0.3385336399078369,2.4751129150390625,"(Vertices: [0, 1, 2, 3, 4, 5, 6, 7, 8, 9, 10, 11, 12, 13]) -- (Edges: [(12, 4), (4, 12), (5, 13), (9, 5), (8, 9), (10, 3), (2, 5), (2, 11), (1, 3), (1, 9), (13, 5), (8, 2), (9, 1), (9, 7), (11, 4), (0, 1), (11, 7), (10, 11), (0, 4), (1, 11), (2, 13), (12, 5), (4, 7), (3, 5), (3, 11), (4, 13), (8, 1), (9, 6), (0, 3), (11, 3), (1, 4), (10, 13), (11, 12), (2, 6), (2, 12)])"
15,40,0.000823974609375,0.6874532699584961,4.437141418457031,"(Vertices: [0, 1, 2, 3, 4, 5, 6, 7, 8, 9, 10, 11, 12, 13, 14]) -- (Edges: [(12, 7), (3, 7), (4, 6), (12, 13), (5, 13), (9, 5), (0, 2), (8, 9), (0, 5), (10, 3), (11, 5), (9, 14), (13, 5), (1, 9), (2, 14), (1, 12), (4, 14), (9, 1), (11, 4), (10, 2), (0, 7), (2, 4), (1, 2), (10, 5), (0, 10), (2, 7), (13, 7), (2, 10), (1, 14), (12, 5), (12, 14), (0, 3), (8, 10), (9, 12), (10, 13), (11, 6), (11, 12), (2, 6), (2, 12), (13, 6)])"
5,3,0.125,0.0013890266418457031,0.01832103729248047,"(Vertices: [0, 1, 2, 3, 4]) -- (Edges: [(2, 4), (1, 2), (0, 4)])"
6,3,0.0625,0.0013942718505859375,0.01332855224609375,"(Vertices: [0, 1, 2, 3, 4, 5]) -- (Edges: [(2, 3), (2, 5), (0, 5)])"
7,8,0.0625,0.002635478973388672,0.0234222412109375,"(Vertices: [0, 1, 2, 3, 4, 5, 6]) -- (Edges: [(2, 4), (1, 5), (4, 6), (2, 3), (5, 6), (0, 5), (1, 3), (3, 5)])"
8,9,0.03125,0.006054401397705078,0.033738136291503906,"(Vertices: [0, 1, 2, 3, 4, 5, 6, 7]) -- (Edges: [(0, 1), (3, 7), (0, 6), (2, 3), (3, 6), (1, 6), (2, 5), (4, 7), (3, 5)])"
9,12,0.01953125,0.013621330261230469,0.08226966857910156,"(Vertices: [0, 1, 2, 3, 4, 5, 6, 7, 8]) -- (Edges: [(1, 2), (3, 4), (8, 1), (8, 7), (4, 6), (5, 7), (8, 0), (2, 3), (0, 2), (8, 2), (0, 8), (1, 3)])"
10,19,0.0146484375,0.023801565170288086,0.15348434448242188,"(Vertices: [0, 1, 2, 3, 4, 5, 6, 7, 8, 9]) -- (Edges: [(9, 2), (5, 7), (9, 5), (0, 2), (8, 3), (8, 9), (0, 5), (8, 6), (1, 9), (4, 5), (8, 2), (9, 1), (9, 7), (1, 2), (1, 5), (9, 3), (8, 1), (8, 7), (2, 3)])"
11,23,0.009765625,0.04859185218811035,0.35083770751953125,"(Vertices: [0, 1, 2, 3, 4, 5, 6, 7, 8, 9, 10]) -- (Edges: [(3, 4), (9, 2), (10, 6), (1, 6), (1, 3), (4, 5), (5, 6), (8, 2), (8, 5), (9, 4), (0, 1), (10, 5), (0, 10), (8, 4), (8, 1), (10, 4), (0, 3), (0, 9), (10, 7), (0, 6), (2, 3), (2, 6), (1, 10)])"
12,25,0.004638671875,0.07939291000366211,0.641937255859375,"(Vertices: [0, 1, 2, 3, 4, 5, 6, 7, 8, 9, 10, 11]) -- (Edges: [(3, 7), (4, 6), (8, 0), (0, 5), (10, 3), (11, 5), (8, 6), (0, 8), (9, 11), (1, 3), (0, 11), (4, 5), (11, 4), (0, 1), (2, 4), (1, 2), (1, 5), (1, 11), (10, 4), (9, 6), (0, 9), (8, 10), (1, 4), (0, 6), (1, 10)])"
13,26,0.00244140625,0.1630258560180664,1.24139404296875,"(Vertices: [0, 1, 2, 3, 4, 5, 6, 7, 8, 9, 10, 11, 12]) -- (Edges: [(12, 7), (0, 2), (8, 9), (10, 6), (8, 6), (10, 3), (1, 9), (0, 11), (4, 5), (9, 1), (8, 5), (10, 2), (9, 4), (0, 1), (0, 7), (1, 2), (10, 11), (0, 10), (1, 5), (2, 10), (6, 7), (8, 7), (0, 6), (0, 12), (11, 6), (2, 6)])"
14,36,0.0015869140625,0.3426485061645508,2.4999923706054688,"(Vertices: [0, 1, 2, 3, 4, 5, 6, 7, 8, 9, 10, 11, 12, 13]) -- (Edges: [(12, 7), (3, 4), (3, 7), (5, 7), (3, 13), (8, 6), (8, 12), (9, 11), (4, 5), (3, 6), (3, 12), (11, 4), (8, 11), (9, 4), (2, 4), (1, 2), (0, 4), (2, 7), (13, 7), (0, 13), (11, 13), (6, 7), (8, 4), (4, 13), (9, 3), (10, 4), (1, 4), (11, 6), (0, 12), (2, 3), (10, 13), (1, 13), (2, 6), (2, 12), (1, 10), (13, 6)])"
15,43,0.0008544921875,0.6909165382385254,4.436920166015625,"(Vertices: [0, 1, 2, 3, 4, 5, 6, 7, 8, 9, 10, 11, 12, 13, 14]) -- (Edges: [(12, 4), (3, 4), (4, 12), (9, 2), (5, 7), (8, 0), (5, 13), (10, 6), (0, 5), (10, 3), (0, 8), (2, 5), (0, 14), (1, 9), (13, 5), (6, 14), (14, 6), (9, 1), (9, 7), (8, 5), (8, 11), (9, 4), (0, 1), (9, 10), (2, 4), (10, 5), (8, 14), (0, 10), (1, 5), (13, 7), (10, 14), (3, 14), (8, 4), (4, 13), (8, 1), (10, 4), (0, 3), (9, 12), (10, 7), (10, 13), (1, 13), (2, 6), (2, 12)])"
5,2,0.09375,0.0015728473663330078,0.01742839813232422,"(Vertices: [0, 1, 2, 3, 4]) -- (Edges: [(2, 3), (1, 3)])"
6,3,0.0625,0.0012378692626953125,0.0133056640625,"(Vertices: [0, 1, 2, 3, 4, 5]) -- (Edges: [(2, 3), (4, 5), (0, 5)])"
7,9,0.0546875,0.002764463424682617,0.0250244140625,"(Vertices: [0, 1, 2, 3, 4, 5, 6]) -- (Edges: [(2, 4), (1, 2), (1, 4), (0, 6), (5, 6), (0, 5), (3, 6), (2, 5), (1, 3)])"
8,13,0.0390625,0.004178285598754883,0.036065101623535156,"(Vertices: [0, 1, 2, 3, 4, 5, 6, 7]) -- (Edges: [(0, 1), (2, 4), (1, 2), (4, 6), (6, 7), (4, 5), (5, 6), (0, 5), (3, 6), (1, 6), (2, 5), (4, 7), (3, 5)])"
9,15,0.021484375,0.011990785598754883,0.08915901184082031,"(Vertices: [0, 1, 2, 3, 4, 5, 6, 7, 8]) -- (Edges: [(0, 7), (2, 4), (1, 5), (8, 7), (0, 3), (4, 6), (1, 4), (8, 0), (8, 3), (2, 6), (0, 5), (3, 6), (0, 8), (2, 5), (3, 5)])"
10,15,0.013671875,0.02096247673034668,0.16091537475585938,"(Vertices: [0, 1, 2, 3, 4, 5, 6, 7, 8, 9]) -- (Edges: [(0, 7), (1, 2), (8, 4), (3, 4), (8, 7), (3, 7), (9, 6), (0, 9), (1, 4), (5, 7), (1, 7), (4, 5), (2, 5), (9, 7), (4, 7)])"
11,20,0.0078125,0.041465044021606445,0.346038818359375,"(Vertices: [0, 1, 2, 3, 4, 5, 6, 7, 8, 9, 10]) -- (Edges: [(3, 4), (4, 6), (9, 2), (5, 7), (0, 2), (0, 5), (2, 5), (3, 6), (9, 7), (9, 4), (0, 1), (9, 10), (0, 4), (4, 7), (3, 5), (8, 4), (8, 7), (0, 9), (8, 10), (2, 3)])"
12,25,0.00439453125,0.08785033226013184,0.6138916015625,"(Vertices: [0, 1, 2, 3, 4, 5, 6, 7, 8, 9, 10, 11]) -- (Edges: [(4, 6), (9, 2), (8, 0), (9, 5), (8, 3), (0, 5), (11, 5), (8, 6), (0, 8), (1, 3), (3, 6), (11, 4), (10, 2), (0, 1), (1, 2), (1, 11), (2, 10), (3, 5), (3, 11), (9, 3), (8, 7), (10, 4), (9, 6), (11, 3), (2, 3)])"
13,25,0.0028076171875,0.1690199375152588,1.313079833984375,"(Vertices: [0, 1, 2, 3, 4, 5, 6, 7, 8, 9, 10, 11, 12]) -- (Edges: [(3, 4), (4, 6), (5, 7), (8, 0), (10, 3), (9, 11), (0, 8), (2, 11), (0, 11), (12, 6), (3, 12), (8, 5), (11, 4), (11, 7), (1, 5), (4, 7), (3, 5), (9, 3), (8, 7), (9, 6), (0, 3), (8, 10), (10, 7), (0, 6), (2, 3)])"
14,30,0.00140380859375,0.3322007656097412,2.4694366455078125,"(Vertices: [0, 1, 2, 3, 4, 5, 6, 7, 8, 9, 10, 11, 12, 13]) -- (Edges: [(4, 6), (12, 13), (5, 7), (5, 13), (3, 13), (10, 3), (9, 11), (2, 5), (1, 3), (2, 11), (13, 5), (5, 6), (8, 2), (9, 7), (8, 5), (9, 4), (9, 10), (1, 2), (2, 7), (3, 5), (3, 11), (9, 3), (8, 7), (11, 3), (0, 9), (10, 7), (0, 6), (8, 13), (2, 6), (13, 6)])"
15,40,0.000885009765625,0.7078251838684082,4.455680847167969,"(Vertices: [0, 1, 2, 3, 4, 5, 6, 7, 8, 9, 10, 11, 12, 13, 14]) -- (Edges: [(12, 4), (12, 7), (3, 4), (4, 12), (5, 7), (0, 2), (8, 3), (10, 6), (8, 9), (9, 14), (10, 3), (1, 6), (9, 11), (2, 5), (10, 12), (4, 5), (12, 6), (5, 6), (3, 6), (8, 5), (9, 10), (10, 5), (0, 4), (9, 13), (2, 7), (10, 14), (2, 13), (6, 7), (12, 14), (3, 11), (5, 14), (10, 4), (9, 6), (0, 3), (0, 9), (11, 3), (8, 7), (8, 13), (1, 13), (2, 6)])"
5,3,0.125,0.0013146400451660156,0.01832103729248047,"(Vertices: [0, 1, 2, 3, 4]) -- (Edges: [(2, 4), (1, 2), (1, 3)])"
6,6,0.109375,0.001689910888671875,0.0152740478515625,"(Vertices: [0, 1, 2, 3, 4, 5]) -- (Edges: [(1, 2), (3, 4), (0, 3), (0, 2), (2, 5), (3, 5)])"
7,6,0.0546875,0.0031981468200683594,0.0229644775390625,"(Vertices: [0, 1, 2, 3, 4, 5, 6]) -- (Edges: [(0, 1), (2, 4), (1, 2), (0, 4), (4, 5), (3, 6)])"
8,12,0.0390625,0.0044710636138916016,0.035927772521972656,"(Vertices: [0, 1, 2, 3, 4, 5, 6, 7]) -- (Edges: [(0, 7), (2, 4), (1, 2), (0, 4), (2, 7), (5, 7), (2, 3), (0, 2), (1, 7), (5, 6), (4, 7), (3, 5)])"
9,6,0.013671875,0.010838031768798828,0.07966804504394531,"(Vertices: [0, 1, 2, 3, 4, 5, 6, 7, 8]) -- (Edges: [(0, 4), (1, 5), (8, 1), (8, 3), (0, 2), (3, 5)])"
10,14,0.01171875,0.023276567459106445,0.15127944946289062,"(Vertices: [0, 1, 2, 3, 4, 5, 6, 7, 8, 9]) -- (Edges: [(2, 4), (8, 1), (1, 5), (1, 4), (5, 7), (8, 5), (0, 2), (8, 3), (4, 5), (0, 5), (8, 6), (9, 1), (1, 9), (3, 5)])"
11,20,0.0078125,0.04285430908203125,0.34658050537109375,"(Vertices: [0, 1, 2, 3, 4, 5, 6, 7, 8, 9, 10]) -- (Edges: [(4, 6), (9, 5), (0, 2), (8, 9), (1, 9), (5, 6), (3, 6), (9, 1), (9, 7), (0, 1), (0, 7), (2, 4), (10, 5), (0, 4), (6, 7), (4, 7), (8, 1), (1, 4), (1, 7), (1, 10)])"
12,25,0.00439453125,0.08854961395263672,0.6066207885742188,"(Vertices: [0, 1, 2, 3, 4, 5, 6, 7, 8, 9, 10, 11]) -- (Edges: [(3, 7), (4, 6), (9, 2), (5, 7), (8, 0), (9, 5), (0, 2), (8, 3), (11, 5), (0, 8), (1, 9), (4, 5), (5, 6), (3, 6), (9, 1), (10, 2), (9, 4), (2, 10), (10, 4), (0, 3), (0, 9), (8, 10), (1, 4), (1, 7), (2, 6)])"
13,29,0.0028076171875,0.17233872413635254,1.2709884643554688,"(Vertices: [0, 1, 2, 3, 4, 5, 6, 7, 8, 9, 10, 11, 12]) -- (Edges: [(3, 7), (9, 2), (8, 9), (10, 3), (8, 12), (9, 11), (1, 3), (1, 9), (5, 6), (8, 2), (9, 1), (9, 7), (8, 5), (9, 4), (0, 1), (11, 7), (2, 4), (9, 10), (6, 7), (3, 5), (10, 4), (9, 6), (8, 10), (10, 7), (0, 6), (2, 3), (11, 6), (1, 7), (2, 6)])"
14,37,0.00152587890625,0.3449666500091553,2.5560684204101562,"(Vertices: [0, 1, 2, 3, 4, 5, 6, 7, 8, 9, 10, 11, 12, 13]) -- (Edges: [(12, 4), (12, 7), (4, 6), (4, 12), (9, 2), (5, 7), (5, 13), (9, 5), (8, 3), (8, 9), (10, 6), (8, 6), (8, 12), (13, 5), (10, 12), (12, 6), (3, 12), (8, 2), (11, 4), (9, 4), (10, 11), (1, 11), (11, 13), (2, 13), (12, 5), (8, 4), (9, 6), (0, 9), (10, 7), (1, 4), (0, 6), (0, 12), (2, 3), (10, 13), (1, 13), (11, 12), (1, 10)])"
15,35,0.000762939453125,0.6948142051696777,4.416709899902344,"(Vertices: [0, 1, 2, 3, 4, 5, 6, 7, 8, 9, 10, 11, 12, 13, 14]) -- (Edges: [(5, 7), (0, 2), (8, 3), (8, 9), (0, 14), (1, 9), (1, 12), (5, 6), (8, 2), (9, 1), (11, 4), (0, 1), (11, 7), (2, 4), (10, 11), (9, 13), (10, 14), (1, 11), (1, 14), (12, 5), (4, 7), (3, 5), (12, 14), (4, 13), (8, 1), (9, 6), (9, 12), (0, 9), (10, 7), (1, 4), (0, 6), (8, 10), (8, 13), (1, 13), (2, 6)])"
5,3,0.125,0.0011944770812988281,0.01832103729248047,"(Vertices: [0, 1, 2, 3, 4]) -- (Edges: [(2, 4), (0, 3), (3, 4)])"
6,6,0.09375,0.0014357566833496094,0.01544189453125,"(Vertices: [0, 1, 2, 3, 4, 5]) -- (Edges: [(1, 5), (1, 4), (0, 2), (4, 5), (0, 5), (3, 5)])"
7,8,0.0625,0.0024886131286621094,0.0238189697265625,"(Vertices: [0, 1, 2, 3, 4, 5, 6]) -- (Edges: [(0, 1), (0, 4), (3, 4), (1, 5), (0, 6), (0, 2), (5, 6), (3, 5)])"
8,9,0.03515625,0.004433870315551758,0.036019325256347656,"(Vertices: [0, 1, 2, 3, 4, 5, 6, 7]) -- (Edges: [(0, 7), (0, 4), (3, 4), (2, 7), (1, 5), (6, 7), (4, 5), (5, 6), (1, 6)])"
9,11,0.01953125,0.009537220001220703,0.08173561096191406,"(Vertices: [0, 1, 2, 3, 4, 5, 6, 7, 8]) -- (Edges: [(0, 7), (2, 4), (1, 2), (8, 4), (5, 7), (2, 6), (5, 6), (0, 5), (3, 6), (8, 6), (2, 5)])"
10,17,0.0126953125,0.01918482780456543,0.14935684204101562,"(Vertices: [0, 1, 2, 3, 4, 5, 6, 7, 8, 9]) -- (Edges: [(9, 7), (0, 4), (8, 4), (9, 6), (0, 9), (5, 7), (0, 6), (2, 3), (9, 5), (8, 0), (5, 6), (8, 6), (3, 6), (1, 6), (0, 8), (1, 3), (9, 4)])"
11,26,0.009765625,0.039662837982177734,0.33563995361328125,"(Vertices: [0, 1, 2, 3, 4, 5, 6, 7, 8, 9, 10]) -- (Edges: [(5, 7), (8, 0), (9, 5), (0, 2), (8, 3), (8, 6), (10, 3), (0, 8), (5, 6), (9, 7), (10, 2), (2, 4), (1, 2), (0, 4), (10, 5), (2, 7), (1, 5), (2, 10), (3, 5), (8, 1), (8, 7), (9, 6), (0, 9), (8, 10), (2, 6), (1, 10)])"
12,24,0.004150390625,0.08241057395935059,0.62530517578125,"(Vertices: [0, 1, 2, 3, 4, 5, 6, 7, 8, 9, 10, 11]) -- (Edges: [(9, 2), (0, 2), (0, 5), (1, 9), (4, 5), (5, 6), (8, 2), (9, 1), (8, 11), (10, 2), (10, 5), (10, 11), (0, 4), (2, 7), (1, 5), (2, 10), (3, 11), (8, 1), (8, 7), (9, 6), (11, 3), (0, 9), (8, 10), (0, 6)])"
13,33,0.0030517578125,0.17548036575317383,1.2669219970703125,"(Vertices: [0, 1, 2, 3, 4, 5, 6, 7, 8, 9, 10, 11, 12]) -- (Edges: [(3, 4), (4, 6), (9, 2), (9, 5), (8, 3), (8, 9), (10, 6), (0, 5), (10, 3), (11, 5), (9, 11), (12, 6), (5, 6), (3, 6), (10, 2), (0, 1), (1, 2), (1, 11), (2, 10), (12, 5), (8, 1), (8, 7), (0, 3), (9, 12), (1, 4), (0, 6), (0, 12), (2, 3), (1, 7), (11, 6), (2, 6), (2, 12), (1, 10)])"
14,35,0.0015869140625,0.3346235752105713,2.4555740356445312,"(Vertices: [0, 1, 2, 3, 4, 5, 6, 7, 8, 9, 10, 11, 12, 13]) -- (Edges: [(12, 7), (4, 6), (5, 7), (5, 13), (9, 5), (0, 2), (0, 5), (8, 6), (1, 6), (9, 11), (13, 5), (1, 9), (0, 11), (4, 5), (3, 6), (9, 1), (9, 7), (8, 11), (9, 4), (9, 10), (0, 7), (2, 4), (0, 4), (0, 10), (9, 13), (1, 5), (1, 11), (11, 13), (6, 7), (12, 5), (9, 12), (10, 7), (0, 12), (8, 13), (13, 6)])"
15,44,0.000946044921875,0.7122693061828613,4.5315093994140625,"(Vertices: [0, 1, 2, 3, 4, 5, 6, 7, 8, 9, 10, 11, 12, 13, 14]) -- (Edges: [(14, 7), (3, 13), (0, 2), (9, 5), (0, 5), (10, 3), (2, 5), (0, 14), (2, 14), (1, 12), (5, 6), (3, 6), (4, 14), (9, 7), (8, 5), (8, 11), (9, 4), (0, 1), (2, 4), (1, 2), (0, 4), (10, 5), (8, 14), (13, 7), (1, 11), (0, 13), (11, 13), (4, 7), (3, 11), (3, 14), (4, 13), (9, 3), (8, 1), (8, 7), (0, 3), (11, 3), (10, 7), (1, 4), (8, 10), (0, 12), (8, 13), (11, 12), (13, 6), (1, 10)])"
5,4,0.15625,0.00139617919921875,0.02087688446044922,"(Vertices: [0, 1, 2, 3, 4]) -- (Edges: [(2, 3), (0, 2), (1, 2), (1, 4)])"
6,2,0.046875,0.0011222362518310547,0.01007843017578125,"(Vertices: [0, 1, 2, 3, 4, 5]) -- (Edges: [(2, 3), (1, 3)])"
7,3,0.03125,0.003136873245239258,0.01720428466796875,"(Vertices: [0, 1, 2, 3, 4, 5, 6]) -- (Edges: [(1, 2), (0, 3), (1, 4)])"
8,7,0.02734375,0.004341602325439453,0.036805152893066406,"(Vertices: [0, 1, 2, 3, 4, 5, 6, 7]) -- (Edges: [(1, 5), (2, 3), (2, 6), (5, 6), (0, 5), (1, 3), (3, 5)])"
9,15,0.025390625,0.011404037475585938,0.08895301818847656,"(Vertices: [0, 1, 2, 3, 4, 5, 6, 7, 8]) -- (Edges: [(0, 1), (1, 2), (0, 4), (3, 4), (2, 7), (8, 1), (3, 7), (0, 3), (8, 0), (0, 2), (2, 6), (5, 6), (8, 6), (3, 6), (0, 8)])"
10,20,0.013671875,0.019557714462280273,0.16028976440429688,"(Vertices: [0, 1, 2, 3, 4, 5, 6, 7, 8, 9]) -- (Edges: [(3, 4), (3, 7), (4, 6), (9, 2), (5, 7), (8, 0), (8, 3), (0, 5), (1, 6), (0, 8), (1, 3), (4, 5), (3, 6), (0, 7), (0, 4), (4, 7), (9, 3), (0, 3), (1, 7), (2, 6)])"
11,22,0.00830078125,0.041410207748413086,0.3397369384765625,"(Vertices: [0, 1, 2, 3, 4, 5, 6, 7, 8, 9, 10]) -- (Edges: [(9, 2), (0, 5), (10, 3), (1, 6), (1, 9), (9, 1), (10, 2), (2, 4), (0, 4), (0, 10), (2, 7), (1, 5), (2, 10), (4, 7), (8, 4), (8, 7), (10, 4), (0, 3), (8, 10), (1, 4), (0, 6), (1, 7)])"
12,21,0.00390625,0.08410263061523438,0.5956268310546875,"(Vertices: [0, 1, 2, 3, 4, 5, 6, 7, 8, 9, 10, 11]) -- (Edges: [(9, 2), (8, 3), (1, 6), (2, 11), (0, 11), (4, 5), (5, 6), (9, 7), (11, 4), (10, 2), (0, 7), (2, 4), (0, 4), (2, 7), (2, 10), (9, 3), (8, 1), (8, 7), (8, 10), (11, 6), (2, 6)])"
13,20,0.002197265625,0.16150355339050293,1.2779312133789062,"(Vertices: [0, 1, 2, 3, 4, 5, 6, 7, 8, 9, 10, 11, 12]) -- (Edges: [(12, 4), (4, 12), (8, 3), (11, 5), (8, 12), (10, 3), (2, 5), (12, 6), (5, 6), (9, 10), (11, 7), (10, 5), (10, 11), (0, 4), (0, 10), (2, 7), (8, 1), (1, 4), (0, 12), (2, 12)])"
14,34,0.00140380859375,0.33829545974731445,2.4513168334960938,"(Vertices: [0, 1, 2, 3, 4, 5, 6, 7, 8, 9, 10, 11, 12, 13]) -- (Edges: [(3, 7), (5, 7), (8, 0), (5, 13), (3, 13), (9, 5), (8, 9), (10, 6), (11, 5), (8, 12), (1, 6), (0, 8), (1, 3), (13, 5), (0, 11), (10, 12), (1, 12), (4, 5), (3, 12), (9, 7), (11, 4), (9, 4), (11, 7), (2, 4), (1, 5), (1, 11), (0, 13), (3, 5), (8, 1), (0, 3), (10, 7), (10, 13), (0, 6), (2, 6)])"
15,43,0.00091552734375,0.6969132423400879,4.429107666015625,"(Vertices: [0, 1, 2, 3, 4, 5, 6, 7, 8, 9, 10, 11, 12, 13, 14]) -- (Edges: [(12, 7), (3, 4), (14, 7), (4, 6), (12, 13), (9, 2), (5, 7), (8, 9), (11, 5), (8, 6), (8, 12), (9, 11), (2, 11), (1, 9), (10, 12), (13, 14), (3, 6), (9, 1), (11, 4), (8, 5), (8, 11), (0, 1), (0, 7), (11, 7), (1, 2), (8, 14), (0, 10), (1, 5), (10, 14), (1, 14), (2, 13), (6, 7), (12, 14), (3, 11), (3, 14), (9, 3), (5, 14), (8, 7), (0, 3), (11, 3), (10, 7), (1, 7), (2, 6)])"
5,5,0.1875,0.0013802051544189453,0.02185344696044922,"(Vertices: [0, 1, 2, 3, 4]) -- (Edges: [(0, 1), (2, 4), (1, 2), (0, 4), (2, 3)])"
6,4,0.078125,0.0011410713195800781,0.012664794921875,"(Vertices: [0, 1, 2, 3, 4, 5]) -- (Edges: [(2, 4), (2, 5), (1, 3), (1, 4)])"
7,9,0.0625,0.0022389888763427734,0.02342987060546875,"(Vertices: [0, 1, 2, 3, 4, 5, 6]) -- (Edges: [(2, 4), (1, 2), (3, 4), (1, 5), (1, 4), (0, 6), (2, 3), (2, 5), (1, 3)])"
8,10,0.0390625,0.00475764274597168,0.036683082580566406,"(Vertices: [0, 1, 2, 3, 4, 5, 6, 7]) -- (Edges: [(2, 4), (1, 2), (0, 4), (3, 4), (0, 3), (0, 6), (0, 2), (1, 7), (5, 6), (2, 5)])"
9,18,0.021484375,0.009072542190551758,0.08686256408691406,"(Vertices: [0, 1, 2, 3, 4, 5, 6, 7, 8]) -- (Edges: [(0, 7), (2, 4), (0, 4), (3, 4), (2, 7), (8, 4), (4, 6), (8, 0), (0, 6), (2, 3), (8, 5), (0, 2), (2, 6), (0, 5), (0, 8), (2, 5), (4, 7), (3, 5)])"
10,18,0.013671875,0.019663095474243164,0.15739059448242188,"(Vertices: [0, 1, 2, 3, 4, 5, 6, 7, 8, 9]) -- (Edges: [(0, 1), (1, 2), (0, 4), (8, 4), (9, 3), (9, 6), (0, 9), (5, 7), (0, 6), (2, 3), (9, 5), (0, 2), (8, 9), (8, 6), (3, 6), (2, 5), (4, 7), (9, 4)])"
11,17,0.0068359375,0.03912043571472168,0.332855224609375,"(Vertices: [0, 1, 2, 3, 4, 5, 6, 7, 8, 9, 10]) -- (Edges: [(0, 7), (10, 5), (8, 4), (2, 7), (1, 5), (9, 3), (4, 6), (8, 10), (1, 4), (5, 7), (8, 0), (0, 2), (2, 6), (0, 5), (0, 8), (8, 5), (9, 4)])"
12,26,0.00439453125,0.07819890975952148,0.6258087158203125,"(Vertices: [0, 1, 2, 3, 4, 5, 6, 7, 8, 9, 10, 11]) -- (Edges: [(3, 7), (9, 2), (0, 5), (1, 6), (2, 5), (1, 9), (0, 11), (5, 6), (3, 6), (9, 1), (11, 4), (8, 5), (10, 2), (0, 4), (1, 11), (2, 10), (4, 7), (3, 11), (8, 4), (9, 6), (11, 3), (10, 7), (0, 6), (2, 3), (2, 6), (1, 10)])"
13,31,0.0025634765625,0.1619246006011963,1.1801300048828125,"(Vertices: [0, 1, 2, 3, 4, 5, 6, 7, 8, 9, 10, 11, 12]) -- (Edges: [(12, 4), (4, 12), (8, 9), (10, 6), (11, 5), (10, 3), (1, 6), (2, 11), (1, 9), (0, 11), (10, 12), (1, 12), (4, 5), (5, 6), (9, 1), (11, 4), (9, 4), (11, 7), (1, 2), (10, 11), (0, 10), (2, 7), (3, 11), (8, 4), (9, 6), (11, 3), (10, 7), (0, 6), (0, 12), (11, 12), (1, 7)])"
14,31,0.00152587890625,0.33277058601379395,2.480865478515625,"(Vertices: [0, 1, 2, 3, 4, 5, 6, 7, 8, 9, 10, 11, 12, 13]) -- (Edges: [(3, 4), (3, 7), (4, 6), (9, 2), (0, 2), (8, 9), (10, 6), (10, 3), (0, 11), (12, 6), (8, 5), (10, 2), (9, 4), (0, 1), (11, 7), (2, 4), (1, 2), (2, 7), (1, 11), (2, 10), (6, 7), (12, 5), (9, 3), (9, 12), (0, 9), (10, 7), (8, 10), (0, 12), (11, 12), (2, 12), (13, 6)])"
15,38,0.0008544921875,0.6877000331878662,4.401756286621094,"(Vertices: [0, 1, 2, 3, 4, 5, 6, 7, 8, 9, 10, 11, 12, 13, 14]) -- (Edges: [(12, 13), (5, 13), (3, 13), (0, 2), (8, 3), (11, 5), (9, 14), (13, 5), (2, 14), (1, 12), (13, 14), (4, 5), (3, 12), (8, 11), (10, 2), (9, 10), (0, 7), (1, 2), (0, 4), (2, 7), (1, 11), (0, 13), (2, 10), (2, 13), (6, 7), (12, 5), (3, 5), (9, 3), (8, 1), (5, 14), (10, 4), (8, 7), (9, 12), (8, 10), (10, 7), (1, 4), (10, 13), (1, 13)])"
5,3,0.125,0.0009427070617675781,0.01832103729248047,"(Vertices: [0, 1, 2, 3, 4]) -- (Edges: [(2, 3), (1, 2), (0, 4)])"
6,5,0.078125,0.0011658668518066406,0.01342010498046875,"(Vertices: [0, 1, 2, 3, 4, 5]) -- (Edges: [(0, 1), (3, 4), (0, 3), (0, 5), (3, 5)])"
7,8,0.0625,0.0034003257751464844,0.02315521240234375,"(Vertices: [0, 1, 2, 3, 4, 5, 6]) -- (Edges: [(0, 1), (3, 4), (0, 3), (4, 6), (1, 4), (2, 3), (4, 5), (1, 6)])"
8,8,0.01953125,0.004286527633666992,0.032227516174316406,"(Vertices: [0, 1, 2, 3, 4, 5, 6, 7]) -- (Edges: [(1, 2), (0, 4), (2, 7), (1, 5), (4, 6), (5, 7), (5, 6), (0, 5)])"
9,10,0.01953125,0.008608102798461914,0.08404731750488281,"(Vertices: [0, 1, 2, 3, 4, 5, 6, 7, 8]) -- (Edges: [(0, 7), (8, 4), (2, 7), (8, 5), (0, 2), (1, 7), (2, 6), (1, 6), (4, 7), (3, 5)])"
10,10,0.0107421875,0.02395486831665039,0.14612960815429688,"(Vertices: [0, 1, 2, 3, 4, 5, 6, 7, 8, 9]) -- (Edges: [(0, 1), (0, 4), (8, 1), (8, 7), (9, 6), (8, 9), (1, 6), (2, 5), (1, 3), (8, 2)])"
11,20,0.0078125,0.03745269775390625,0.335418701171875,"(Vertices: [0, 1, 2, 3, 4, 5, 6, 7, 8, 9, 10]) -- (Edges: [(3, 4), (9, 2), (8, 0), (9, 5), (0, 2), (0, 8), (2, 5), (1, 3), (1, 9), (4, 5), (5, 6), (8, 2), (9, 1), (8, 5), (9, 3), (8, 1), (8, 10), (10, 7), (0, 6), (2, 6)])"
12,24,0.004638671875,0.08118033409118652,0.608795166015625,"(Vertices: [0, 1, 2, 3, 4, 5, 6, 7, 8, 9, 10, 11]) -- (Edges: [(9, 2), (8, 0), (9, 5), (8, 3), (10, 6), (0, 5), (10, 3), (9, 11), (0, 8), (1, 3), (5, 6), (11, 4), (10, 2), (9, 4), (0, 7), (2, 4), (11, 7), (0, 4), (2, 7), (2, 10), (6, 7), (4, 7), (9, 3), (11, 6)])"
13,28,0.00244140625,0.1609952449798584,1.2506332397460938,"(Vertices: [0, 1, 2, 3, 4, 5, 6, 7, 8, 9, 10, 11, 12]) -- (Edges: [(12, 7), (4, 6), (0, 2), (8, 3), (10, 6), (0, 5), (1, 6), (9, 11), (1, 3), (1, 9), (4, 5), (12, 6), (9, 1), (9, 7), (11, 4), (8, 11), (11, 7), (0, 4), (0, 10), (4, 7), (3, 5), (9, 3), (0, 3), (8, 10), (1, 4), (0, 6), (11, 6), (11, 12)])"
14,35,0.00152587890625,0.3415181636810303,2.485504150390625,"(Vertices: [0, 1, 2, 3, 4, 5, 6, 7, 8, 9, 10, 11, 12, 13]) -- (Edges: [(12, 4), (3, 4), (4, 6), (4, 12), (9, 2), (8, 0), (3, 13), (9, 5), (8, 6), (0, 8), (2, 5), (1, 3), (1, 9), (1, 12), (4, 5), (5, 6), (3, 12), (8, 2), (9, 1), (9, 4), (0, 7), (13, 7), (1, 11), (0, 13), (0, 3), (0, 9), (10, 7), (9, 12), (0, 6), (0, 12), (2, 3), (11, 6), (10, 13), (2, 12), (13, 6)])"
15,40,0.000823974609375,0.6875553131103516,4.4337615966796875,"(Vertices: [0, 1, 2, 3, 4, 5, 6, 7, 8, 9, 10, 11, 12, 13, 14]) -- (Edges: [(12, 7), (3, 4), (14, 7), (9, 2), (5, 7), (5, 13), (3, 13), (0, 5), (8, 12), (9, 14), (1, 6), (0, 14), (13, 5), (1, 3), (10, 12), (11, 14), (13, 14), (6, 14), (14, 6), (4, 14), (3, 6), (8, 2), (8, 11), (9, 10), (0, 7), (10, 11), (9, 13), (13, 7), (1, 11), (6, 7), (8, 1), (8, 7), (9, 6), (9, 12), (11, 6), (11, 12), (1, 7), (1, 13), (13, 6), (1, 10)])"
5,5,0.15625,0.0015172958374023438,0.02087688446044922,"(Vertices: [0, 1, 2, 3, 4]) -- (Edges: [(2, 4), (3, 4), (2, 3), (0, 2), (1, 3)])"
6,8,0.09375,0.0013294219970703125,0.01393890380859375,"(Vertices: [0, 1, 2, 3, 4, 5]) -- (Edges: [(1, 2), (3, 4), (2, 3), (0, 2), (4, 5), (0, 5), (1, 3), (3, 5)])"
7,5,0.0234375,0.0031843185424804688,0.02001953125,"(Vertices: [0, 1, 2, 3, 4, 5, 6]) -- (Edges: [(2, 4), (2, 3), (4, 5), (5, 6), (3, 6)])"
8,8,0.02734375,0.004571437835693359,0.033226966857910156,"(Vertices: [0, 1, 2, 3, 4, 5, 6, 7]) -- (Edges: [(0, 7), (2, 4), (3, 7), (1, 4), (5, 7), (0, 2), (4, 5), (1, 3)])"
9,11,0.01953125,0.009644746780395508,0.08148193359375,"(Vertices: [0, 1, 2, 3, 4, 5, 6, 7, 8]) -- (Edges: [(1, 2), (8, 1), (8, 7), (8, 5), (6, 7), (1, 7), (3, 6), (8, 2), (2, 5), (4, 7), (3, 5)])"
10,19,0.013671875,0.02030324935913086,0.1590862274169922,"(Vertices: [0, 1, 2, 3, 4, 5, 6, 7, 8, 9]) -- (Edges: [(3, 4), (3, 7), (9, 2), (8, 3), (0, 5), (2, 5), (4, 5), (8, 5), (9, 4), (0, 7), (1, 2), (2, 7), (1, 5), (8, 4), (9, 6), (0, 3), (1, 4), (0, 6), (2, 6)])"
11,19,0.0068359375,0.03883981704711914,0.343414306640625,"(Vertices: [0, 1, 2, 3, 4, 5, 6, 7, 8, 9, 10]) -- (Edges: [(3, 4), (3, 7), (0, 2), (8, 3), (10, 6), (1, 6), (1, 9), (9, 1), (9, 7), (2, 4), (10, 5), (6, 7), (3, 5), (8, 4), (10, 4), (9, 6), (0, 3), (0, 6), (2, 6)])"
12,24,0.00439453125,0.08461713790893555,0.63568115234375,"(Vertices: [0, 1, 2, 3, 4, 5, 6, 7, 8, 9, 10, 11]) -- (Edges: [(3, 4), (10, 6), (0, 5), (1, 6), (2, 5), (2, 11), (9, 7), (0, 1), (9, 10), (2, 4), (0, 10), (6, 7), (3, 5), (3, 11), (8, 1), (0, 3), (11, 3), (10, 7), (1, 4), (0, 6), (2, 3), (11, 6), (8, 10), (2, 6)])"
13,32,0.002685546875,0.16571450233459473,1.1515960693359375,"(Vertices: [0, 1, 2, 3, 4, 5, 6, 7, 8, 9, 10, 11, 12]) -- (Edges: [(12, 4), (12, 7), (4, 12), (9, 2), (5, 7), (9, 5), (0, 2), (8, 3), (0, 5), (10, 3), (8, 6), (1, 6), (8, 12), (2, 5), (0, 11), (11, 4), (0, 1), (0, 7), (10, 11), (0, 4), (1, 11), (12, 5), (9, 3), (8, 1), (10, 4), (9, 12), (0, 9), (10, 7), (1, 4), (2, 6), (2, 12), (1, 10)])"
14,29,0.00146484375,0.33092689514160156,2.4669342041015625,"(Vertices: [0, 1, 2, 3, 4, 5, 6, 7, 8, 9, 10, 11, 12, 13]) -- (Edges: [(12, 7), (3, 7), (8, 0), (9, 5), (8, 3), (8, 6), (8, 12), (1, 6), (0, 8), (1, 3), (1, 9), (1, 12), (8, 2), (9, 1), (8, 5), (11, 4), (0, 1), (10, 5), (1, 5), (13, 7), (11, 13), (3, 5), (9, 3), (8, 1), (10, 4), (9, 12), (8, 10), (1, 4), (8, 13)])"
15,37,0.0008544921875,0.6760334968566895,4.3623809814453125,"(Vertices: [0, 1, 2, 3, 4, 5, 6, 7, 8, 9, 10, 11, 12, 13, 14]) -- (Edges: [(14, 7), (12, 13), (9, 2), (5, 7), (3, 13), (0, 5), (10, 3), (8, 12), (1, 12), (6, 14), (14, 6), (4, 5), (5, 6), (3, 6), (8, 2), (9, 7), (0, 1), (8, 14), (0, 4), (0, 13), (2, 13), (6, 7), (12, 5), (4, 7), (12, 14), (3, 11), (3, 14), (9, 3), (8, 1), (5, 14), (9, 6), (0, 3), (0, 9), (11, 3), (10, 13), (2, 3), (1, 7)])"
5,3,0.125,0.0012829303741455078,0.01832103729248047,"(Vertices: [0, 1, 2, 3, 4]) -- (Edges: [(0, 1), (0, 2), (0, 3)])"
6,6,0.09375,0.0015838146209716797,0.01544189453125,"(Vertices: [0, 1, 2, 3, 4, 5]) -- (Edges: [(2, 4), (0, 4), (3, 4), (1, 5), (0, 2), (2, 5)])"
7,3,0.03125,0.0021698474884033203,0.01727294921875,"(Vertices: [0, 1, 2, 3, 4, 5, 6]) -- (Edges: [(1, 3), (5, 6), (1, 5)])"
8,7,0.0234375,0.006009578704833984,0.031502723693847656,"(Vertices: [0, 1, 2, 3, 4, 5, 6, 7]) -- (Edges: [(0, 4), (2, 3), (4, 5), (0, 5), (2, 5), (4, 7), (3, 5)])"
9,15,0.0234375,0.009208440780639648,0.09228706359863281,"(Vertices: [0, 1, 2, 3, 4, 5, 6, 7, 8]) -- (Edges: [(1, 2), (8, 4), (3, 4), (2, 7), (1, 5), (8, 7), (4, 6), (1, 4), (2, 3), (6, 7), (1, 7), (5, 6), (8, 6), (8, 2), (1, 3)])"
10,12,0.0107421875,0.021215200424194336,0.14848709106445312,"(Vertices: [0, 1, 2, 3, 4, 5, 6, 7, 8, 9]) -- (Edges: [(0, 1), (3, 4), (9, 3), (8, 7), (9, 6), (9, 2), (2, 3), (6, 7), (8, 3), (1, 6), (8, 5), (3, 5)])"
11,20,0.00830078125,0.037653446197509766,0.31325531005859375,"(Vertices: [0, 1, 2, 3, 4, 5, 6, 7, 8, 9, 10]) -- (Edges: [(3, 4), (3, 7), (5, 7), (0, 2), (8, 9), (0, 5), (10, 3), (2, 5), (1, 3), (4, 5), (8, 5), (0, 1), (0, 7), (9, 10), (0, 4), (9, 3), (0, 3), (10, 7), (0, 6), (1, 10)])"
12,26,0.00439453125,0.07834219932556152,0.6154708862304688,"(Vertices: [0, 1, 2, 3, 4, 5, 6, 7, 8, 9, 10, 11]) -- (Edges: [(3, 4), (4, 6), (9, 2), (5, 7), (1, 6), (2, 5), (1, 3), (1, 9), (8, 2), (9, 1), (10, 2), (9, 4), (9, 10), (2, 4), (1, 2), (0, 4), (10, 5), (1, 5), (1, 11), (2, 10), (3, 11), (9, 6), (11, 3), (8, 10), (2, 3), (1, 7)])"
13,19,0.001953125,0.16226863861083984,1.3638076782226562,"(Vertices: [0, 1, 2, 3, 4, 5, 6, 7, 8, 9, 10, 11, 12]) -- (Edges: [(3, 4), (3, 7), (9, 2), (9, 5), (0, 2), (8, 12), (1, 3), (5, 6), (3, 6), (3, 12), (8, 2), (10, 2), (2, 4), (1, 5), (2, 10), (6, 7), (8, 4), (9, 12), (0, 12)])"
14,41,0.001708984375,0.3327188491821289,2.5267257690429688,"(Vertices: [0, 1, 2, 3, 4, 5, 6, 7, 8, 9, 10, 11, 12, 13]) -- (Edges: [(12, 4), (4, 6), (4, 12), (12, 13), (3, 13), (0, 2), (8, 3), (10, 6), (1, 6), (2, 11), (0, 11), (4, 5), (3, 12), (8, 2), (9, 7), (8, 5), (10, 2), (0, 1), (0, 4), (0, 10), (13, 7), (0, 13), (2, 10), (11, 13), (4, 7), (3, 5), (3, 11), (4, 13), (9, 3), (8, 1), (9, 6), (11, 3), (0, 9), (10, 7), (1, 4), (8, 10), (0, 12), (2, 3), (8, 13), (10, 13), (13, 6)])"
15,29,0.000701904296875,0.6816720962524414,5.3427276611328125,"(Vertices: [0, 1, 2, 3, 4, 5, 6, 7, 8, 9, 10, 11, 12, 13, 14]) -- (Edges: [(12, 4), (14, 7), (4, 12), (12, 13), (3, 13), (9, 5), (8, 12), (10, 12), (1, 9), (4, 14), (9, 1), (9, 7), (10, 2), (0, 1), (0, 7), (10, 11), (2, 7), (1, 5), (1, 11), (13, 7), (2, 10), (10, 14), (1, 14), (12, 14), (9, 6), (0, 3), (9, 12), (0, 12), (8, 13)])"
5,5,0.125,0.001295328140258789,0.01805400848388672,"(Vertices: [0, 1, 2, 3, 4]) -- (Edges: [(0, 1), (0, 4), (0, 3), (1, 4), (1, 3)])"
6,3,0.0625,0.0019273757934570312,0.01332855224609375,"(Vertices: [0, 1, 2, 3, 4, 5]) -- (Edges: [(2, 3), (3, 5), (1, 4)])"
7,8,0.0625,0.004145383834838867,0.02313232421875,"(Vertices: [0, 1, 2, 3, 4, 5, 6]) -- (Edges: [(2, 4), (0, 3), (2, 3), (2, 6), (5, 6), (0, 5), (1, 6), (2, 5)])"
8,11,0.03515625,0.00958871841430664,0.035668373107910156,"(Vertices: [0, 1, 2, 3, 4, 5, 6, 7]) -- (Edges: [(0, 7), (0, 3), (4, 6), (1, 4), (0, 6), (2, 3), (5, 7), (0, 2), (1, 7), (4, 5), (1, 6)])"
9,8,0.017578125,0.010641813278198242,0.07911872863769531,"(Vertices: [0, 1, 2, 3, 4, 5, 6, 7, 8]) -- (Edges: [(0, 7), (0, 3), (1, 4), (2, 3), (6, 7), (8, 3), (1, 6), (2, 5)])"
10,9,0.0087890625,0.018579959869384766,0.13505935668945312,"(Vertices: [0, 1, 2, 3, 4, 5, 6, 7, 8, 9]) -- (Edges: [(0, 7), (8, 1), (1, 5), (0, 3), (0, 9), (5, 7), (0, 6), (6, 7), (9, 4)])"
11,12,0.0048828125,0.041358232498168945,0.3172149658203125,"(Vertices: [0, 1, 2, 3, 4, 5, 6, 7, 8, 9, 10]) -- (Edges: [(0, 7), (10, 2), (3, 7), (2, 10), (10, 4), (8, 10), (9, 2), (2, 3), (8, 2), (2, 5), (3, 5), (9, 4)])"
12,22,0.00439453125,0.08905863761901855,0.6210403442382812,"(Vertices: [0, 1, 2, 3, 4, 5, 6, 7, 8, 9, 10, 11]) -- (Edges: [(3, 7), (8, 0), (8, 9), (1, 6), (0, 8), (9, 11), (0, 11), (3, 6), (8, 5), (10, 2), (9, 4), (2, 4), (1, 2), (0, 4), (10, 11), (2, 10), (3, 5), (8, 4), (9, 3), (9, 6), (8, 10), (1, 4)])"
13,32,0.0029296875,0.16863322257995605,1.2811508178710938,"(Vertices: [0, 1, 2, 3, 4, 5, 6, 7, 8, 9, 10, 11, 12]) -- (Edges: [(12, 7), (3, 4), (9, 2), (5, 7), (0, 5), (11, 5), (8, 6), (9, 11), (2, 11), (1, 9), (0, 11), (3, 12), (8, 2), (9, 1), (8, 5), (8, 11), (9, 10), (0, 7), (2, 4), (10, 5), (0, 4), (0, 10), (2, 7), (11, 7), (1, 11), (10, 11), (9, 3), (8, 1), (10, 4), (9, 6), (0, 9), (10, 7)])"
14,30,0.00128173828125,0.3357832431793213,2.4695892333984375,"(Vertices: [0, 1, 2, 3, 4, 5, 6, 7, 8, 9, 10, 11, 12, 13]) -- (Edges: [(12, 4), (12, 7), (3, 4), (4, 6), (4, 12), (12, 13), (8, 0), (8, 9), (8, 6), (0, 8), (2, 11), (1, 12), (3, 12), (0, 7), (1, 2), (0, 4), (0, 10), (1, 5), (0, 13), (11, 13), (6, 7), (3, 11), (8, 4), (4, 13), (9, 3), (11, 3), (0, 6), (2, 3), (8, 13), (2, 12)])"
15,46,0.00091552734375,0.6809036731719971,4.406333923339844,"(Vertices: [0, 1, 2, 3, 4, 5, 6, 7, 8, 9, 10, 11, 12, 13, 14]) -- (Edges: [(3, 4), (3, 7), (12, 13), (9, 2), (5, 7), (8, 0), (3, 13), (8, 3), (9, 5), (10, 6), (8, 9), (0, 5), (8, 6), (0, 8), (1, 12), (4, 5), (12, 6), (5, 6), (3, 6), (3, 12), (10, 2), (9, 4), (0, 1), (10, 5), (8, 14), (10, 11), (1, 5), (13, 7), (0, 13), (2, 10), (10, 14), (11, 13), (2, 13), (6, 7), (4, 7), (3, 11), (3, 14), (9, 3), (10, 4), (9, 6), (11, 3), (2, 3), (1, 7), (2, 6), (13, 6), (1, 10)])"
5,4,0.09375,0.0017826557159423828,0.01818370819091797,"(Vertices: [0, 1, 2, 3, 4]) -- (Edges: [(2, 4), (1, 2), (1, 3), (3, 4)])"
6,5,0.078125,0.001744985580444336,0.013397216796875,"(Vertices: [0, 1, 2, 3, 4, 5]) -- (Edges: [(0, 4), (3, 4), (4, 5), (0, 2), (0, 5)])"
7,6,0.046875,0.004099130630493164,0.02161407470703125,"(Vertices: [0, 1, 2, 3, 4, 5, 6]) -- (Edges: [(0, 1), (2, 4), (1, 5), (0, 3), (0, 2), (0, 5)])"
8,15,0.04296875,0.007154703140258789,0.039383888244628906,"(Vertices: [0, 1, 2, 3, 4, 5, 6, 7]) -- (Edges: [(0, 1), (0, 7), (1, 2), (0, 4), (1, 5), (0, 3), (5, 7), (0, 2), (1, 7), (5, 6), (0, 5), (3, 6), (1, 6), (4, 7), (3, 5)])"
9,17,0.025390625,0.013091564178466797,0.09324073791503906,"(Vertices: [0, 1, 2, 3, 4, 5, 6, 7, 8]) -- (Edges: [(0, 7), (2, 4), (0, 4), (8, 7), (3, 7), (4, 6), (1, 4), (8, 5), (5, 7), (6, 7), (0, 2), (8, 0), (1, 6), (0, 8), (2, 5), (4, 7), (8, 2)])"
10,13,0.0107421875,0.024806737899780273,0.14793777465820312,"(Vertices: [0, 1, 2, 3, 4, 5, 6, 7, 8, 9]) -- (Edges: [(9, 3), (1, 5), (0, 9), (9, 5), (4, 5), (6, 7), (5, 6), (0, 5), (8, 2), (2, 5), (9, 7), (8, 5), (9, 4)])"
11,19,0.00830078125,0.04090452194213867,0.35454559326171875,"(Vertices: [0, 1, 2, 3, 4, 5, 6, 7, 8, 9, 10]) -- (Edges: [(3, 4), (4, 6), (5, 7), (9, 5), (4, 5), (3, 6), (8, 2), (8, 5), (9, 4), (2, 7), (6, 7), (4, 7), (8, 4), (8, 1), (10, 4), (9, 6), (0, 9), (2, 3), (2, 6)])"
12,17,0.00390625,0.07842898368835449,0.62078857421875,"(Vertices: [0, 1, 2, 3, 4, 5, 6, 7, 8, 9, 10, 11]) -- (Edges: [(0, 1), (9, 7), (10, 4), (1, 4), (0, 6), (2, 3), (5, 7), (8, 3), (8, 5), (0, 5), (10, 3), (11, 5), (9, 11), (2, 5), (1, 3), (2, 11), (9, 4)])"
13,33,0.0028076171875,0.1715526580810547,1.1473159790039062,"(Vertices: [0, 1, 2, 3, 4, 5, 6, 7, 8, 9, 10, 11, 12]) -- (Edges: [(12, 4), (3, 7), (4, 6), (4, 12), (9, 5), (8, 3), (11, 5), (8, 12), (0, 11), (1, 12), (3, 12), (9, 7), (0, 1), (2, 4), (0, 10), (2, 7), (1, 5), (12, 5), (4, 7), (3, 5), (3, 11), (8, 4), (9, 3), (8, 1), (8, 7), (9, 6), (11, 3), (9, 12), (1, 4), (11, 6), (2, 6), (2, 12), (1, 10)])"
14,35,0.00146484375,0.32794713973999023,2.5044403076171875,"(Vertices: [0, 1, 2, 3, 4, 5, 6, 7, 8, 9, 10, 11, 12, 13]) -- (Edges: [(9, 2), (5, 13), (8, 9), (0, 5), (11, 5), (1, 6), (2, 5), (2, 11), (1, 9), (13, 5), (10, 12), (1, 12), (3, 6), (8, 2), (9, 1), (8, 11), (9, 4), (0, 7), (10, 5), (0, 4), (2, 7), (1, 11), (0, 13), (2, 13), (3, 5), (8, 4), (4, 13), (9, 6), (9, 12), (0, 9), (8, 10), (2, 3), (1, 7), (2, 6), (13, 6)])"
15,35,0.000701904296875,0.6684722900390625,4.362510681152344,"(Vertices: [0, 1, 2, 3, 4, 5, 6, 7, 8, 9, 10, 11, 12, 13, 14]) -- (Edges: [(12, 4), (4, 12), (9, 2), (12, 13), (5, 13), (9, 5), (0, 2), (8, 9), (0, 5), (11, 5), (0, 14), (1, 3), (13, 5), (10, 12), (6, 14), (14, 6), (5, 6), (9, 7), (8, 5), (11, 4), (10, 2), (9, 10), (11, 7), (0, 13), (2, 10), (1, 14), (3, 5), (3, 11), (3, 14), (5, 14), (11, 3), (8, 10), (9, 12), (1, 4), (1, 7)])"
5,3,0.125,0.0017960071563720703,0.01832103729248047,"(Vertices: [0, 1, 2, 3, 4]) -- (Edges: [(0, 1), (3, 4), (1, 4)])"
6,3,0.0625,0.0012466907501220703,0.01332855224609375,"(Vertices: [0, 1, 2, 3, 4, 5]) -- (Edges: [(0, 1), (2, 4), (1, 4)])"
7,6,0.046875,0.0023217201232910156,0.0215911865234375,"(Vertices: [0, 1, 2, 3, 4, 5, 6]) -- (Edges: [(0, 4), (4, 6), (0, 6), (4, 5), (2, 6), (1, 3)])"
8,13,0.04296875,0.005574941635131836,0.038628578186035156,"(Vertices: [0, 1, 2, 3, 4, 5, 6, 7]) -- (Edges: [(0, 7), (1, 2), (2, 7), (4, 6), (5, 7), (0, 6), (6, 7), (2, 6), (5, 6), (3, 6), (1, 6), (2, 5), (4, 7)])"
9,13,0.0234375,0.009121894836425781,0.08741950988769531,"(Vertices: [0, 1, 2, 3, 4, 5, 6, 7, 8]) -- (Edges: [(2, 4), (1, 2), (8, 7), (0, 3), (5, 7), (0, 6), (2, 3), (6, 7), (0, 2), (8, 0), (2, 6), (0, 5), (0, 8)])"
10,8,0.0078125,0.01945352554321289,0.12735366821289062,"(Vertices: [0, 1, 2, 3, 4, 5, 6, 7, 8, 9]) -- (Edges: [(1, 2), (8, 4), (2, 7), (8, 1), (9, 6), (4, 5), (9, 1), (1, 9)])"
11,17,0.0068359375,0.040700674057006836,0.3503265380859375,"(Vertices: [0, 1, 2, 3, 4, 5, 6, 7, 8, 9, 10]) -- (Edges: [(9, 10), (0, 7), (2, 4), (1, 2), (8, 4), (10, 5), (1, 5), (8, 1), (0, 3), (4, 6), (8, 10), (1, 4), (3, 6), (0, 5), (1, 10), (8, 2), (4, 7)])"
12,25,0.004638671875,0.08289813995361328,0.6127548217773438,"(Vertices: [0, 1, 2, 3, 4, 5, 6, 7, 8, 9, 10, 11]) -- (Edges: [(3, 4), (4, 6), (9, 2), (10, 6), (11, 5), (10, 3), (1, 6), (1, 3), (9, 7), (8, 5), (11, 4), (10, 2), (9, 10), (10, 5), (1, 2), (0, 4), (1, 5), (2, 10), (8, 4), (10, 4), (9, 6), (0, 9), (8, 10), (0, 6), (11, 6)])"
13,27,0.002685546875,0.16938304901123047,1.2303085327148438,"(Vertices: [0, 1, 2, 3, 4, 5, 6, 7, 8, 9, 10, 11, 12]) -- (Edges: [(12, 7), (3, 7), (4, 6), (9, 2), (0, 5), (9, 11), (2, 5), (10, 12), (1, 9), (1, 12), (5, 6), (3, 12), (8, 2), (9, 1), (0, 1), (0, 7), (11, 7), (9, 10), (0, 4), (2, 7), (0, 9), (10, 7), (1, 4), (0, 6), (8, 10), (2, 12), (1, 10)])"
14,37,0.00152587890625,0.3483703136444092,2.5248794555664062,"(Vertices: [0, 1, 2, 3, 4, 5, 6, 7, 8, 9, 10, 11, 12, 13]) -- (Edges: [(3, 4), (5, 7), (5, 13), (9, 5), (8, 3), (8, 9), (11, 5), (8, 12), (13, 5), (10, 12), (0, 11), (1, 12), (3, 6), (8, 11), (10, 2), (11, 7), (0, 4), (9, 13), (2, 7), (1, 5), (1, 11), (11, 13), (2, 10), (12, 5), (3, 5), (8, 4), (9, 3), (8, 7), (10, 4), (9, 6), (10, 7), (10, 13), (0, 6), (0, 12), (2, 3), (2, 6), (13, 6)])"
15,42,0.000946044921875,0.7167744636535645,4.349937438964844,"(Vertices: [0, 1, 2, 3, 4, 5, 6, 7, 8, 9, 10, 11, 12, 13, 14]) -- (Edges: [(12, 4), (3, 7), (14, 7), (4, 12), (5, 7), (8, 0), (0, 2), (8, 3), (10, 6), (11, 5), (8, 6), (9, 14), (0, 8), (1, 3), (10, 12), (0, 11), (1, 12), (6, 14), (14, 6), (12, 6), (3, 12), (9, 7), (0, 1), (0, 7), (0, 10), (1, 5), (11, 13), (1, 14), (4, 7), (3, 11), (3, 14), (8, 4), (5, 14), (11, 3), (8, 10), (10, 7), (9, 12), (10, 13), (0, 12), (2, 3), (1, 7), (8, 13)])"
5,3,0.125,0.0013623237609863281,0.01832103729248047,"(Vertices: [0, 1, 2, 3, 4]) -- (Edges: [(0, 1), (2, 3), (3, 4)])"
6,3,0.0625,0.0012445449829101562,0.01332855224609375,"(Vertices: [0, 1, 2, 3, 4, 5]) -- (Edges: [(2, 4), (1, 3), (3, 4)])"
7,6,0.046875,0.002298593521118164,0.0215911865234375,"(Vertices: [0, 1, 2, 3, 4, 5, 6]) -- (Edges: [(3, 4), (1, 5), (1, 4), (2, 3), (5, 6), (1, 6)])"
8,8,0.03125,0.00419926643371582,0.034852027893066406,"(Vertices: [0, 1, 2, 3, 4, 5, 6, 7]) -- (Edges: [(0, 7), (0, 6), (2, 3), (1, 7), (4, 5), (2, 6), (0, 5), (3, 5)])"
9,7,0.015625,0.010839462280273438,0.0803375244140625,"(Vertices: [0, 1, 2, 3, 4, 5, 6, 7, 8]) -- (Edges: [(0, 1), (3, 7), (1, 4), (2, 6), (5, 6), (0, 5), (3, 6)])"
10,8,0.0078125,0.02074122428894043,0.1423625946044922,"(Vertices: [0, 1, 2, 3, 4, 5, 6, 7, 8, 9]) -- (Edges: [(9, 3), (9, 6), (4, 6), (2, 3), (8, 3), (4, 5), (8, 2), (9, 7)])"
11,20,0.00732421875,0.03885793685913086,0.3373870849609375,"(Vertices: [0, 1, 2, 3, 4, 5, 6, 7, 8, 9, 10]) -- (Edges: [(9, 2), (8, 3), (10, 3), (1, 6), (4, 5), (3, 6), (0, 1), (0, 7), (2, 4), (1, 2), (9, 10), (6, 7), (4, 7), (3, 5), (9, 3), (9, 6), (8, 10), (1, 4), (1, 7), (2, 6)])"
12,27,0.00439453125,0.08079123497009277,0.6191558837890625,"(Vertices: [0, 1, 2, 3, 4, 5, 6, 7, 8, 9, 10, 11]) -- (Edges: [(4, 6), (9, 2), (8, 0), (0, 2), (8, 9), (0, 8), (1, 9), (4, 5), (9, 1), (9, 7), (8, 5), (0, 1), (11, 7), (10, 5), (9, 10), (1, 5), (3, 11), (8, 4), (9, 3), (8, 1), (8, 7), (10, 4), (11, 3), (8, 10), (1, 4), (0, 6), (1, 7)])"
13,22,0.0023193359375,0.1641385555267334,1.3900070190429688,"(Vertices: [0, 1, 2, 3, 4, 5, 6, 7, 8, 9, 10, 11, 12]) -- (Edges: [(12, 7), (9, 5), (11, 5), (10, 3), (8, 12), (1, 6), (1, 3), (3, 6), (9, 7), (8, 11), (9, 10), (0, 7), (11, 7), (1, 11), (4, 7), (3, 11), (8, 7), (11, 3), (8, 10), (1, 4), (2, 3), (1, 10)])"
14,39,0.00152587890625,0.3394954204559326,2.5121231079101562,"(Vertices: [0, 1, 2, 3, 4, 5, 6, 7, 8, 9, 10, 11, 12, 13]) -- (Edges: [(12, 7), (3, 4), (3, 7), (12, 13), (8, 0), (5, 13), (0, 2), (8, 3), (10, 6), (11, 5), (8, 12), (1, 6), (0, 8), (9, 11), (13, 5), (4, 5), (3, 12), (8, 5), (10, 2), (0, 7), (2, 4), (1, 2), (10, 5), (0, 10), (2, 7), (11, 13), (2, 10), (2, 13), (3, 5), (8, 1), (9, 12), (0, 9), (10, 7), (1, 4), (8, 13), (11, 12), (1, 13), (2, 6), (13, 6)])"
15,32,0.00079345703125,0.674483060836792,4.6822967529296875,"(Vertices: [0, 1, 2, 3, 4, 5, 6, 7, 8, 9, 10, 11, 12, 13, 14]) -- (Edges: [(12, 7), (4, 6), (9, 5), (8, 9), (0, 5), (9, 11), (11, 14), (0, 11), (2, 14), (6, 14), (14, 6), (4, 5), (12, 6), (4, 14), (8, 2), (8, 14), (9, 13), (1, 5), (0, 13), (2, 13), (6, 7), (3, 5), (3, 11), (12, 14), (4, 13), (8, 1), (10, 4), (11, 3), (9, 12), (10, 7), (0, 6), (1, 7)])"
5,4,0.125,0.001340627670288086,0.01832103729248047,"(Vertices: [0, 1, 2, 3, 4]) -- (Edges: [(2, 3), (2, 4), (1, 2), (1, 4)])"
6,5,0.09375,0.0013535022735595703,0.01592254638671875,"(Vertices: [0, 1, 2, 3, 4, 5]) -- (Edges: [(0, 4), (1, 5), (2, 3), (0, 2), (0, 5)])"
7,9,0.0625,0.002378702163696289,0.0238189697265625,"(Vertices: [0, 1, 2, 3, 4, 5, 6]) -- (Edges: [(0, 1), (2, 4), (1, 2), (0, 3), (1, 4), (0, 5), (3, 6), (1, 3), (3, 5)])"
8,9,0.03125,0.0066034793853759766,0.034852027893066406,"(Vertices: [0, 1, 2, 3, 4, 5, 6, 7]) -- (Edges: [(2, 4), (1, 2), (0, 4), (3, 4), (2, 7), (1, 4), (5, 7), (1, 7), (3, 5)])"
9,14,0.025390625,0.009206295013427734,0.08742713928222656,"(Vertices: [0, 1, 2, 3, 4, 5, 6, 7, 8]) -- (Edges: [(2, 4), (0, 4), (2, 7), (1, 5), (4, 6), (1, 4), (0, 6), (2, 3), (5, 7), (6, 7), (2, 6), (0, 5), (1, 6), (8, 2)])"
10,14,0.0126953125,0.02090907096862793,0.15085983276367188,"(Vertices: [0, 1, 2, 3, 4, 5, 6, 7, 8, 9]) -- (Edges: [(0, 7), (9, 7), (8, 4), (1, 5), (8, 1), (4, 6), (8, 9), (2, 6), (3, 6), (8, 2), (2, 5), (1, 3), (8, 5), (3, 5)])"
11,10,0.0048828125,0.04092216491699219,0.32572174072265625,"(Vertices: [0, 1, 2, 3, 4, 5, 6, 7, 8, 9, 10]) -- (Edges: [(0, 1), (0, 4), (2, 7), (4, 6), (8, 10), (9, 2), (1, 4), (8, 3), (8, 2), (9, 4)])"
12,22,0.00390625,0.0874934196472168,0.622344970703125,"(Vertices: [0, 1, 2, 3, 4, 5, 6, 7, 8, 9, 10, 11]) -- (Edges: [(3, 4), (4, 6), (9, 2), (8, 9), (11, 5), (8, 6), (1, 6), (4, 5), (5, 6), (9, 7), (10, 2), (9, 4), (0, 1), (0, 7), (0, 10), (2, 10), (3, 5), (3, 11), (9, 6), (11, 3), (1, 4), (1, 7)])"
13,19,0.001953125,0.16805577278137207,1.3238449096679688,"(Vertices: [0, 1, 2, 3, 4, 5, 6, 7, 8, 9, 10, 11, 12]) -- (Edges: [(3, 7), (4, 6), (8, 0), (0, 2), (8, 9), (11, 5), (9, 11), (1, 6), (0, 8), (10, 12), (1, 3), (8, 5), (8, 11), (9, 4), (0, 1), (0, 7), (3, 5), (8, 1), (10, 4)])"
14,35,0.0013427734375,0.34354448318481445,2.4724197387695312,"(Vertices: [0, 1, 2, 3, 4, 5, 6, 7, 8, 9, 10, 11, 12, 13]) -- (Edges: [(12, 4), (3, 4), (4, 6), (4, 12), (9, 2), (8, 0), (12, 13), (5, 13), (8, 3), (0, 5), (11, 5), (8, 12), (1, 6), (0, 8), (13, 5), (10, 12), (1, 12), (3, 6), (3, 12), (8, 2), (11, 4), (10, 2), (0, 1), (11, 7), (10, 11), (13, 7), (11, 13), (2, 10), (4, 7), (9, 6), (0, 9), (8, 10), (0, 6), (2, 6), (1, 10)])"
15,32,0.00067138671875,0.6783819198608398,4.563423156738281,"(Vertices: [0, 1, 2, 3, 4, 5, 6, 7, 8, 9, 10, 11, 12, 13, 14]) -- (Edges: [(9, 2), (9, 5), (0, 5), (10, 3), (9, 11), (2, 5), (1, 3), (2, 11), (0, 11), (13, 14), (6, 14), (14, 6), (4, 5), (8, 2), (9, 7), (10, 2), (9, 4), (0, 1), (2, 4), (1, 2), (8, 14), (1, 5), (13, 7), (2, 10), (4, 7), (3, 11), (3, 14), (4, 13), (9, 6), (11, 3), (0, 12), (11, 12)])"
5,5,0.09375,0.0013270378112792969,0.01828289031982422,"(Vertices: [0, 1, 2, 3, 4]) -- (Edges: [(2, 4), (0, 3), (1, 4), (0, 2), (1, 3)])"
6,3,0.0625,0.001178741455078125,0.0133056640625,"(Vertices: [0, 1, 2, 3, 4, 5]) -- (Edges: [(2, 3), (1, 3), (0, 4)])"
7,8,0.0625,0.0025327205657958984,0.02411651611328125,"(Vertices: [0, 1, 2, 3, 4, 5, 6]) -- (Edges: [(0, 1), (1, 2), (1, 5), (4, 6), (0, 6), (2, 3), (0, 2), (1, 3)])"
8,6,0.02734375,0.004167318344116211,0.038315773010253906,"(Vertices: [0, 1, 2, 3, 4, 5, 6, 7]) -- (Edges: [(0, 1), (0, 7), (3, 4), (2, 7), (2, 6), (2, 5)])"
9,9,0.017578125,0.011036396026611328,0.0793914794921875,"(Vertices: [0, 1, 2, 3, 4, 5, 6, 7, 8]) -- (Edges: [(0, 4), (8, 4), (0, 3), (1, 4), (0, 6), (2, 3), (4, 5), (0, 5), (4, 7)])"
10,13,0.01171875,0.01834559440612793,0.15218162536621094,"(Vertices: [0, 1, 2, 3, 4, 5, 6, 7, 8, 9]) -- (Edges: [(0, 1), (0, 7), (2, 4), (2, 7), (4, 6), (8, 5), (0, 2), (1, 7), (0, 5), (1, 6), (1, 3), (4, 7), (9, 4)])"
11,19,0.00732421875,0.03817915916442871,0.35034942626953125,"(Vertices: [0, 1, 2, 3, 4, 5, 6, 7, 8, 9, 10]) -- (Edges: [(3, 7), (4, 6), (9, 2), (5, 7), (8, 9), (1, 6), (4, 5), (8, 2), (9, 7), (8, 5), (9, 4), (2, 4), (1, 2), (1, 5), (9, 3), (9, 6), (8, 10), (1, 7), (2, 6)])"
12,30,0.0048828125,0.08748388290405273,0.628875732421875,"(Vertices: [0, 1, 2, 3, 4, 5, 6, 7, 8, 9, 10, 11]) -- (Edges: [(3, 4), (3, 7), (0, 5), (10, 3), (8, 6), (1, 6), (2, 5), (2, 11), (0, 11), (4, 5), (9, 7), (10, 2), (0, 7), (1, 2), (10, 11), (2, 7), (1, 11), (2, 10), (6, 7), (4, 7), (8, 4), (9, 3), (8, 1), (8, 7), (9, 6), (0, 3), (0, 9), (10, 7), (0, 6), (2, 6)])"
13,31,0.002685546875,0.1738293170928955,1.2528152465820312,"(Vertices: [0, 1, 2, 3, 4, 5, 6, 7, 8, 9, 10, 11, 12]) -- (Edges: [(4, 6), (8, 0), (0, 2), (8, 3), (10, 6), (0, 5), (9, 11), (0, 8), (2, 5), (1, 3), (5, 6), (3, 6), (3, 12), (9, 7), (8, 11), (9, 4), (9, 10), (11, 7), (10, 5), (10, 2), (1, 5), (2, 10), (12, 5), (4, 7), (3, 11), (9, 6), (11, 3), (8, 10), (10, 7), (0, 12), (2, 12)])"
14,25,0.0013427734375,0.333690881729126,2.55963134765625,"(Vertices: [0, 1, 2, 3, 4, 5, 6, 7, 8, 9, 10, 11, 12, 13]) -- (Edges: [(12, 13), (5, 7), (10, 6), (8, 12), (1, 6), (1, 9), (0, 11), (8, 2), (9, 1), (9, 7), (8, 11), (0, 4), (2, 7), (11, 13), (2, 13), (3, 5), (3, 11), (9, 6), (11, 3), (0, 9), (8, 10), (11, 6), (2, 3), (2, 6), (13, 6)])"
15,34,0.000762939453125,0.677607536315918,4.3852996826171875,"(Vertices: [0, 1, 2, 3, 4, 5, 6, 7, 8, 9, 10, 11, 12, 13, 14]) -- (Edges: [(14, 7), (8, 0), (9, 5), (0, 2), (9, 11), (0, 8), (0, 14), (10, 12), (1, 12), (13, 14), (8, 2), (8, 5), (10, 2), (0, 1), (2, 4), (10, 5), (2, 7), (1, 5), (2, 10), (1, 14), (2, 13), (6, 7), (12, 14), (3, 14), (9, 3), (8, 7), (9, 6), (10, 7), (1, 4), (11, 6), (0, 12), (1, 13), (13, 6), (1, 10)])"
5,4,0.09375,0.0013239383697509766,0.01796245574951172,"(Vertices: [0, 1, 2, 3, 4]) -- (Edges: [(2, 4), (1, 2), (1, 3), (3, 4)])"
6,6,0.046875,0.0012505054473876953,0.0110015869140625,"(Vertices: [0, 1, 2, 3, 4, 5]) -- (Edges: [(0, 1), (0, 4), (1, 5), (1, 4), (1, 3), (3, 5)])"
7,4,0.0390625,0.0022454261779785156,0.02037811279296875,"(Vertices: [0, 1, 2, 3, 4, 5, 6]) -- (Edges: [(1, 6), (0, 3), (0, 4), (1, 5)])"
8,12,0.04296875,0.005763530731201172,0.038720130920410156,"(Vertices: [0, 1, 2, 3, 4, 5, 6, 7]) -- (Edges: [(0, 7), (2, 4), (0, 4), (1, 5), (3, 7), (0, 6), (6, 7), (0, 2), (1, 7), (4, 5), (5, 6), (0, 5)])"
9,11,0.017578125,0.008976221084594727,0.0780029296875,"(Vertices: [0, 1, 2, 3, 4, 5, 6, 7, 8]) -- (Edges: [(0, 7), (3, 7), (5, 7), (0, 6), (8, 0), (6, 7), (8, 3), (0, 2), (8, 6), (3, 6), (0, 8)])"
10,11,0.009765625,0.018592119216918945,0.1435375213623047,"(Vertices: [0, 1, 2, 3, 4, 5, 6, 7, 8, 9]) -- (Edges: [(0, 1), (9, 6), (0, 3), (0, 9), (5, 7), (6, 7), (4, 5), (5, 6), (0, 5), (3, 6), (1, 3)])"
11,13,0.005859375,0.04865407943725586,0.33351898193359375,"(Vertices: [0, 1, 2, 3, 4, 5, 6, 7, 8, 9, 10]) -- (Edges: [(0, 7), (2, 4), (3, 4), (9, 3), (0, 3), (8, 0), (8, 5), (6, 7), (8, 3), (8, 9), (8, 6), (0, 8), (4, 7)])"
12,29,0.00439453125,0.08955883979797363,0.61126708984375,"(Vertices: [0, 1, 2, 3, 4, 5, 6, 7, 8, 9, 10, 11]) -- (Edges: [(3, 4), (9, 2), (5, 7), (0, 2), (8, 9), (8, 6), (2, 5), (2, 11), (1, 3), (1, 9), (0, 11), (4, 5), (5, 6), (9, 1), (9, 7), (10, 2), (9, 4), (2, 4), (10, 11), (0, 10), (2, 10), (6, 7), (4, 7), (3, 11), (8, 7), (11, 3), (1, 4), (0, 6), (11, 6)])"
13,29,0.00244140625,0.16329622268676758,1.2326507568359375,"(Vertices: [0, 1, 2, 3, 4, 5, 6, 7, 8, 9, 10, 11, 12]) -- (Edges: [(8, 3), (0, 5), (11, 5), (1, 6), (2, 5), (1, 3), (1, 9), (0, 11), (12, 6), (5, 6), (3, 6), (9, 1), (11, 4), (10, 2), (0, 1), (11, 7), (10, 5), (10, 11), (0, 10), (2, 7), (1, 11), (2, 10), (6, 7), (3, 5), (8, 1), (9, 12), (0, 9), (1, 4), (1, 10)])"
14,37,0.00152587890625,0.336071252822876,2.5183029174804688,"(Vertices: [0, 1, 2, 3, 4, 5, 6, 7, 8, 9, 10, 11, 12, 13]) -- (Edges: [(12, 7), (4, 6), (12, 13), (9, 2), (8, 0), (3, 13), (0, 5), (10, 3), (8, 6), (0, 8), (2, 5), (1, 9), (4, 5), (3, 12), (8, 2), (9, 1), (8, 5), (10, 2), (9, 10), (11, 7), (10, 11), (9, 13), (1, 11), (0, 13), (2, 10), (6, 7), (3, 5), (4, 13), (8, 7), (10, 4), (0, 3), (8, 10), (9, 12), (0, 6), (11, 12), (1, 13), (2, 6)])"
15,37,0.000823974609375,0.6799712181091309,4.404228210449219,"(Vertices: [0, 1, 2, 3, 4, 5, 6, 7, 8, 9, 10, 11, 12, 13, 14]) -- (Edges: [(12, 7), (3, 4), (9, 2), (5, 13), (3, 13), (8, 3), (0, 5), (11, 5), (11, 14), (1, 3), (2, 11), (13, 5), (2, 14), (4, 5), (12, 6), (4, 14), (3, 12), (10, 2), (9, 4), (0, 1), (9, 10), (10, 11), (2, 10), (2, 13), (3, 5), (3, 11), (12, 14), (3, 14), (4, 13), (9, 3), (8, 7), (11, 3), (1, 4), (10, 13), (1, 7), (1, 13), (13, 6)])"
5,2,0.09375,0.0013988018035888672,0.01742839813232422,"(Vertices: [0, 1, 2, 3, 4]) -- (Edges: [(2, 3), (1, 2)])"
6,7,0.0625,0.00125885009765625,0.01081085205078125,"(Vertices: [0, 1, 2, 3, 4, 5]) -- (Edges: [(1, 2), (0, 4), (3, 4), (1, 5), (0, 3), (0, 2), (0, 5)])"
7,3,0.03125,0.002159595489501953,0.0172271728515625,"(Vertices: [0, 1, 2, 3, 4, 5, 6]) -- (Edges: [(0, 1), (1, 2), (2, 6)])"
8,7,0.03125,0.004804134368896484,0.031556129455566406,"(Vertices: [0, 1, 2, 3, 4, 5, 6, 7]) -- (Edges: [(0, 1), (0, 4), (0, 3), (0, 6), (6, 7), (1, 7), (4, 5)])"
9,9,0.017578125,0.012295007705688477,0.0786590576171875,"(Vertices: [0, 1, 2, 3, 4, 5, 6, 7, 8]) -- (Edges: [(0, 1), (0, 4), (0, 3), (0, 6), (2, 3), (8, 6), (1, 6), (1, 3), (8, 5)])"
10,15,0.0107421875,0.01915264129638672,0.1478557586669922,"(Vertices: [0, 1, 2, 3, 4, 5, 6, 7, 8, 9]) -- (Edges: [(0, 1), (3, 4), (9, 1), (8, 1), (1, 5), (0, 3), (9, 2), (2, 3), (4, 5), (8, 9), (8, 6), (1, 6), (2, 5), (1, 9), (3, 5)])"
11,19,0.00732421875,0.03740406036376953,0.334136962890625,"(Vertices: [0, 1, 2, 3, 4, 5, 6, 7, 8, 9, 10]) -- (Edges: [(3, 4), (8, 0), (9, 5), (0, 2), (0, 5), (0, 8), (4, 5), (3, 6), (8, 5), (10, 2), (9, 10), (2, 4), (2, 7), (2, 10), (4, 7), (3, 5), (9, 3), (8, 10), (2, 3)])"
12,20,0.00390625,0.08098816871643066,0.622955322265625,"(Vertices: [0, 1, 2, 3, 4, 5, 6, 7, 8, 9, 10, 11]) -- (Edges: [(4, 6), (8, 0), (0, 5), (1, 6), (0, 8), (1, 3), (3, 6), (8, 5), (0, 1), (0, 7), (1, 2), (0, 10), (6, 7), (4, 7), (8, 4), (8, 1), (10, 4), (0, 3), (0, 9), (1, 10)])"
13,29,0.002685546875,0.16905832290649414,1.268096923828125,"(Vertices: [0, 1, 2, 3, 4, 5, 6, 7, 8, 9, 10, 11, 12]) -- (Edges: [(12, 7), (5, 7), (8, 3), (10, 6), (8, 12), (2, 5), (10, 12), (0, 11), (4, 5), (12, 6), (5, 6), (9, 7), (8, 11), (9, 10), (11, 7), (0, 10), (2, 7), (1, 11), (6, 7), (3, 11), (9, 3), (8, 7), (11, 3), (8, 10), (1, 4), (0, 6), (2, 3), (2, 12), (1, 10)])"
14,33,0.00146484375,0.3337726593017578,2.4759521484375,"(Vertices: [0, 1, 2, 3, 4, 5, 6, 7, 8, 9, 10, 11, 12, 13]) -- (Edges: [(12, 7), (3, 4), (5, 7), (9, 5), (11, 5), (8, 6), (2, 5), (2, 11), (1, 3), (1, 9), (4, 5), (3, 6), (9, 1), (10, 2), (0, 1), (9, 10), (2, 4), (2, 10), (6, 7), (12, 5), (4, 7), (4, 13), (8, 7), (10, 4), (9, 12), (8, 10), (10, 7), (10, 13), (0, 6), (0, 12), (2, 3), (11, 12), (1, 10)])"
15,40,0.000885009765625,0.7155380249023438,4.391944885253906,"(Vertices: [0, 1, 2, 3, 4, 5, 6, 7, 8, 9, 10, 11, 12, 13, 14]) -- (Edges: [(12, 4), (4, 12), (9, 5), (0, 5), (10, 3), (8, 12), (9, 11), (9, 14), (0, 14), (2, 11), (0, 11), (4, 5), (5, 6), (4, 14), (8, 2), (9, 7), (11, 4), (8, 5), (0, 1), (10, 11), (0, 4), (2, 7), (1, 5), (1, 11), (13, 7), (12, 5), (4, 7), (3, 5), (4, 13), (8, 1), (8, 7), (10, 4), (9, 6), (9, 12), (0, 9), (1, 4), (11, 6), (10, 13), (1, 7), (1, 13)])"
5,8,0.15625,0.0014548301696777344,0.02060985565185547,"(Vertices: [0, 1, 2, 3, 4]) -- (Edges: [(0, 1), (2, 4), (1, 2), (3, 4), (0, 3), (1, 4), (2, 3), (0, 2)])"
6,5,0.078125,0.0021202564239501953,0.0134429931640625,"(Vertices: [0, 1, 2, 3, 4, 5]) -- (Edges: [(2, 3), (0, 2), (4, 5), (0, 5), (2, 5)])"
7,8,0.0390625,0.002808809280395508,0.01961517333984375,"(Vertices: [0, 1, 2, 3, 4, 5, 6]) -- (Edges: [(0, 1), (2, 4), (1, 2), (0, 4), (3, 4), (0, 3), (2, 3), (1, 3)])"
8,11,0.04296875,0.0062923431396484375,0.037079811096191406,"(Vertices: [0, 1, 2, 3, 4, 5, 6, 7]) -- (Edges: [(0, 1), (1, 2), (3, 4), (2, 7), (1, 5), (3, 7), (4, 6), (1, 4), (3, 6), (1, 3), (4, 7)])"
9,12,0.021484375,0.012847423553466797,0.08668708801269531,"(Vertices: [0, 1, 2, 3, 4, 5, 6, 7, 8]) -- (Edges: [(0, 1), (0, 7), (2, 7), (1, 5), (0, 3), (1, 4), (2, 3), (5, 6), (2, 5), (1, 3), (8, 5), (3, 5)])"
10,13,0.0126953125,0.024386167526245117,0.14480209350585938,"(Vertices: [0, 1, 2, 3, 4, 5, 6, 7, 8, 9]) -- (Edges: [(1, 2), (9, 6), (0, 3), (4, 6), (9, 2), (1, 4), (5, 7), (0, 2), (8, 3), (5, 6), (2, 5), (9, 7), (4, 7)])"
11,25,0.00830078125,0.04631328582763672,0.3192291259765625,"(Vertices: [0, 1, 2, 3, 4, 5, 6, 7, 8, 9, 10]) -- (Edges: [(3, 4), (5, 7), (8, 0), (9, 5), (0, 2), (8, 3), (10, 6), (1, 6), (0, 8), (2, 5), (5, 6), (9, 7), (9, 4), (2, 7), (3, 5), (8, 4), (9, 3), (8, 1), (0, 3), (8, 10), (0, 6), (2, 3), (1, 7), (2, 6), (1, 10)])"
12,25,0.00439453125,0.08090567588806152,0.628997802734375,"(Vertices: [0, 1, 2, 3, 4, 5, 6, 7, 8, 9, 10, 11]) -- (Edges: [(3, 7), (5, 7), (8, 0), (8, 3), (8, 6), (10, 3), (9, 11), (0, 8), (2, 11), (0, 11), (8, 2), (10, 2), (0, 7), (0, 10), (1, 5), (2, 10), (4, 7), (3, 5), (3, 11), (9, 3), (10, 4), (0, 3), (11, 3), (10, 7), (2, 3)])"
13,27,0.00244140625,0.15932536125183105,1.2795181274414062,"(Vertices: [0, 1, 2, 3, 4, 5, 6, 7, 8, 9, 10, 11, 12]) -- (Edges: [(12, 7), (3, 7), (9, 2), (8, 3), (10, 6), (8, 12), (10, 12), (1, 9), (4, 5), (3, 6), (8, 2), (9, 1), (0, 1), (9, 10), (2, 4), (10, 5), (0, 4), (0, 10), (1, 5), (12, 5), (9, 3), (8, 1), (9, 6), (10, 7), (2, 3), (1, 7), (1, 10)])"
14,40,0.00146484375,0.3453240394592285,2.5140762329101562,"(Vertices: [0, 1, 2, 3, 4, 5, 6, 7, 8, 9, 10, 11, 12, 13]) -- (Edges: [(4, 6), (12, 13), (8, 0), (5, 13), (9, 5), (0, 2), (11, 5), (8, 6), (8, 12), (9, 11), (0, 8), (13, 5), (1, 9), (12, 6), (5, 6), (9, 1), (9, 4), (0, 1), (0, 7), (10, 5), (9, 10), (0, 13), (11, 13), (6, 7), (4, 7), (3, 11), (9, 3), (8, 7), (10, 4), (9, 6), (0, 3), (11, 3), (10, 7), (1, 4), (10, 13), (2, 3), (11, 12), (1, 13), (13, 6), (1, 10)])"
15,39,0.0008544921875,0.7020683288574219,4.439605712890625,"(Vertices: [0, 1, 2, 3, 4, 5, 6, 7, 8, 9, 10, 11, 12, 13, 14]) -- (Edges: [(3, 4), (3, 7), (14, 7), (12, 13), (5, 7), (0, 2), (10, 6), (9, 11), (0, 14), (2, 11), (1, 9), (11, 14), (13, 14), (3, 6), (4, 14), (9, 1), (10, 2), (0, 7), (13, 7), (10, 14), (2, 10), (1, 14), (4, 7), (3, 5), (3, 11), (12, 14), (8, 4), (4, 13), (5, 14), (8, 7), (11, 3), (8, 10), (1, 4), (10, 13), (11, 12), (1, 7), (1, 13), (2, 12), (13, 6)])"
5,5,0.15625,0.0013616085052490234,0.02087688446044922,"(Vertices: [0, 1, 2, 3, 4]) -- (Edges: [(0, 1), (0, 4), (3, 4), (1, 4), (2, 3)])"
6,8,0.109375,0.001249074935913086,0.01715850830078125,"(Vertices: [0, 1, 2, 3, 4, 5]) -- (Edges: [(0, 4), (3, 4), (0, 3), (1, 4), (0, 2), (4, 5), (0, 5), (3, 5)])"
7,9,0.078125,0.0021581649780273438,0.0255126953125,"(Vertices: [0, 1, 2, 3, 4, 5, 6]) -- (Edges: [(1, 2), (0, 4), (0, 3), (0, 6), (0, 2), (4, 5), (5, 6), (2, 5), (3, 5)])"
8,9,0.03125,0.004559755325317383,0.033806800842285156,"(Vertices: [0, 1, 2, 3, 4, 5, 6, 7]) -- (Edges: [(2, 4), (0, 4), (4, 6), (1, 4), (2, 3), (4, 5), (2, 6), (0, 5), (1, 6)])"
9,21,0.02734375,0.010153055191040039,0.09091377258300781,"(Vertices: [0, 1, 2, 3, 4, 5, 6, 7, 8]) -- (Edges: [(3, 4), (5, 7), (8, 0), (0, 2), (8, 3), (0, 5), (0, 8), (2, 5), (5, 6), (3, 6), (8, 2), (8, 5), (0, 1), (2, 7), (1, 5), (6, 7), (4, 7), (8, 4), (0, 3), (2, 3), (2, 6)])"
10,14,0.0126953125,0.020363569259643555,0.15199661254882812,"(Vertices: [0, 1, 2, 3, 4, 5, 6, 7, 8, 9]) -- (Edges: [(0, 7), (8, 4), (3, 4), (8, 1), (3, 7), (4, 6), (5, 7), (8, 3), (5, 6), (0, 5), (8, 2), (2, 5), (3, 5), (9, 4)])"
11,17,0.0068359375,0.040547847747802734,0.34487152099609375,"(Vertices: [0, 1, 2, 3, 4, 5, 6, 7, 8, 9, 10]) -- (Edges: [(9, 10), (10, 5), (1, 2), (8, 4), (0, 10), (1, 5), (9, 6), (0, 9), (8, 5), (9, 5), (1, 7), (4, 5), (2, 6), (8, 9), (1, 6), (9, 7), (4, 7)])"
12,25,0.004638671875,0.08532404899597168,0.6046142578125,"(Vertices: [0, 1, 2, 3, 4, 5, 6, 7, 8, 9, 10, 11]) -- (Edges: [(3, 7), (4, 6), (8, 3), (8, 9), (11, 5), (10, 3), (9, 11), (4, 5), (8, 2), (10, 2), (0, 7), (2, 4), (10, 11), (1, 5), (1, 11), (2, 10), (6, 7), (3, 5), (8, 4), (9, 3), (1, 4), (11, 6), (1, 7), (2, 6), (1, 10)])"
13,29,0.0025634765625,0.1682271957397461,1.2441482543945312,"(Vertices: [0, 1, 2, 3, 4, 5, 6, 7, 8, 9, 10, 11, 12]) -- (Edges: [(12, 4), (12, 7), (4, 6), (4, 12), (8, 3), (8, 12), (2, 5), (2, 11), (1, 9), (0, 11), (10, 12), (1, 12), (12, 6), (3, 6), (8, 2), (9, 1), (11, 4), (9, 4), (0, 1), (2, 4), (0, 4), (1, 5), (1, 11), (8, 1), (9, 12), (0, 9), (8, 10), (11, 6), (2, 3)])"
14,36,0.0015869140625,0.32946348190307617,2.5143966674804688,"(Vertices: [0, 1, 2, 3, 4, 5, 6, 7, 8, 9, 10, 11, 12, 13]) -- (Edges: [(12, 4), (4, 6), (4, 12), (5, 7), (5, 13), (9, 5), (8, 9), (8, 12), (1, 6), (2, 5), (13, 5), (1, 9), (10, 12), (1, 12), (5, 6), (9, 1), (9, 4), (0, 1), (11, 7), (2, 4), (1, 2), (10, 5), (9, 13), (2, 7), (13, 7), (1, 11), (10, 11), (4, 7), (3, 5), (4, 13), (8, 1), (10, 4), (0, 3), (0, 6), (0, 12), (13, 6)])"
15,29,0.00067138671875,0.6861240863800049,4.551605224609375,"(Vertices: [0, 1, 2, 3, 4, 5, 6, 7, 8, 9, 10, 11, 12, 13, 14]) -- (Edges: [(12, 4), (12, 7), (3, 7), (4, 12), (3, 13), (8, 9), (11, 5), (10, 3), (8, 6), (8, 12), (11, 14), (1, 3), (4, 14), (11, 4), (9, 4), (9, 10), (11, 7), (10, 11), (1, 5), (0, 13), (1, 14), (12, 14), (3, 11), (8, 4), (10, 4), (11, 3), (10, 13), (2, 6), (13, 6)])"
5,4,0.15625,0.0013208389282226562,0.02087688446044922,"(Vertices: [0, 1, 2, 3, 4]) -- (Edges: [(0, 1), (2, 3), (1, 3), (3, 4)])"
6,6,0.09375,0.0011610984802246094,0.01592254638671875,"(Vertices: [0, 1, 2, 3, 4, 5]) -- (Edges: [(0, 1), (2, 4), (0, 3), (0, 2), (4, 5), (3, 5)])"
7,5,0.046875,0.002981424331665039,0.02152252197265625,"(Vertices: [0, 1, 2, 3, 4, 5, 6]) -- (Edges: [(2, 4), (0, 4), (2, 6), (5, 6), (3, 6)])"
8,9,0.0390625,0.004122257232666016,0.037217140197753906,"(Vertices: [0, 1, 2, 3, 4, 5, 6, 7]) -- (Edges: [(3, 4), (1, 5), (0, 3), (4, 6), (2, 3), (2, 6), (0, 5), (1, 3), (4, 7)])"
9,13,0.01953125,0.010101079940795898,0.08856391906738281,"(Vertices: [0, 1, 2, 3, 4, 5, 6, 7, 8]) -- (Edges: [(0, 1), (1, 2), (8, 4), (8, 1), (3, 7), (5, 7), (8, 0), (2, 3), (2, 6), (5, 6), (0, 8), (2, 5), (3, 5)])"
10,15,0.0146484375,0.01947927474975586,0.15532302856445312,"(Vertices: [0, 1, 2, 3, 4, 5, 6, 7, 8, 9]) -- (Edges: [(0, 1), (8, 1), (8, 7), (9, 6), (0, 3), (0, 9), (1, 4), (6, 7), (0, 2), (8, 3), (8, 6), (3, 6), (4, 7), (3, 5), (9, 4)])"
11,16,0.00732421875,0.03683352470397949,0.3435821533203125,"(Vertices: [0, 1, 2, 3, 4, 5, 6, 7, 8, 9, 10]) -- (Edges: [(8, 4), (0, 10), (3, 4), (8, 1), (8, 7), (4, 6), (0, 9), (8, 10), (0, 6), (8, 5), (5, 6), (1, 6), (2, 5), (1, 3), (4, 7), (9, 4)])"
12,28,0.0048828125,0.0831918716430664,0.60906982421875,"(Vertices: [0, 1, 2, 3, 4, 5, 6, 7, 8, 9, 10, 11]) -- (Edges: [(5, 7), (8, 0), (9, 5), (8, 9), (11, 5), (8, 6), (0, 8), (2, 5), (1, 3), (0, 11), (5, 6), (3, 6), (9, 7), (10, 2), (0, 7), (10, 5), (11, 7), (0, 4), (0, 10), (10, 11), (2, 10), (6, 7), (3, 11), (8, 4), (8, 1), (11, 3), (8, 10), (10, 7)])"
13,28,0.002685546875,0.16135692596435547,1.2499237060546875,"(Vertices: [0, 1, 2, 3, 4, 5, 6, 7, 8, 9, 10, 11, 12]) -- (Edges: [(4, 6), (5, 7), (8, 0), (0, 2), (8, 9), (8, 6), (9, 11), (0, 8), (2, 5), (10, 12), (0, 11), (3, 6), (8, 5), (11, 4), (10, 5), (1, 2), (10, 11), (1, 11), (3, 5), (8, 4), (9, 6), (0, 3), (8, 10), (1, 4), (0, 6), (0, 12), (11, 6), (1, 10)])"
14,30,0.0013427734375,0.32197117805480957,2.4858169555664062,"(Vertices: [0, 1, 2, 3, 4, 5, 6, 7, 8, 9, 10, 11, 12, 13]) -- (Edges: [(4, 6), (8, 0), (3, 13), (8, 9), (0, 5), (10, 3), (0, 8), (2, 11), (1, 3), (1, 9), (0, 11), (10, 12), (1, 12), (5, 6), (8, 2), (9, 1), (8, 5), (2, 4), (1, 2), (0, 4), (2, 7), (13, 7), (1, 11), (12, 5), (4, 13), (0, 3), (10, 7), (10, 13), (11, 12), (13, 6)])"
15,36,0.000823974609375,0.668360710144043,4.3356170654296875,"(Vertices: [0, 1, 2, 3, 4, 5, 6, 7, 8, 9, 10, 11, 12, 13, 14]) -- (Edges: [(3, 4), (3, 7), (4, 6), (12, 13), (5, 7), (5, 13), (8, 9), (8, 6), (11, 14), (13, 5), (10, 12), (0, 11), (2, 14), (1, 12), (6, 14), (14, 6), (5, 6), (4, 14), (3, 6), (8, 5), (0, 1), (11, 7), (10, 11), (2, 7), (10, 14), (11, 13), (6, 7), (3, 11), (8, 1), (5, 14), (11, 3), (8, 10), (10, 13), (0, 12), (1, 13), (2, 12)])"
